run,model_label,case_id,split,dataset_index,case_order,global_field_fluid_norm_l2,global_field_fluid_norm_sse,global_field_fluid_norm_target_sse,global_field_fluid_norm_num_values,global_field_near_interface_norm_l2,global_field_far_fluid_norm_l2,global_field_near_interface_norm_sse,global_field_near_interface_norm_target_sse,global_field_near_interface_norm_num_values,global_field_far_fluid_norm_sse,global_field_far_fluid_norm_target_sse,global_field_far_fluid_norm_num_values,field_u_fluid_physical_relative_l2,field_u_fluid_physical_sse,field_u_fluid_physical_target_sse,field_u_fluid_physical_num_values,field_v_fluid_physical_relative_l2,field_v_fluid_physical_sse,field_v_fluid_physical_target_sse,field_v_fluid_physical_num_values,field_p_fluid_physical_relative_l2,field_p_fluid_physical_sse,field_p_fluid_physical_target_sse,field_p_fluid_physical_num_values,field_omega_fluid_physical_relative_l2,field_omega_fluid_physical_sse,field_omega_fluid_physical_target_sse,field_omega_fluid_physical_num_values,field_temperature_fluid_physical_relative_l2,field_temperature_fluid_physical_sse,field_temperature_fluid_physical_target_sse,field_temperature_fluid_physical_num_values,internal_temperature_physical_relative_l2,internal_temperature_physical_sse,internal_temperature_physical_target_sse,internal_temperature_physical_num_values,interface_t_surface_physical_relative_l2,interface_t_surface_physical_sse,interface_t_surface_physical_target_sse,interface_t_surface_physical_num_values,interface_q_normal_physical_relative_l2,interface_q_normal_physical_sse,interface_q_normal_physical_target_sse,interface_q_normal_physical_num_values,port_t_env_final_physical_relative_l2,port_t_env_final_physical_sse,port_t_env_final_physical_target_sse,port_t_env_final_physical_num_values,port_h_effective_final_physical_relative_l2,port_h_effective_final_physical_sse,port_h_effective_final_physical_target_sse,port_h_effective_final_physical_num_values
Run1404,Run1404_best_field,0273,test,0,0,0.024232094669635707,16.16988351954091,27537.529627219654,39870.0,0.013403732983224,0.030255091380097538,1.2817778895928635,7134.462187523515,1530.0,13.041738246638653,14247.495927952314,31295.0,0.010683254182119285,0.6756181193331832,5919.624587127943,7974.0,0.013317573265462016,0.0005451763788364437,3.0738795188038472,7974.0,0.026876072252962423,0.03926647043494104,54.36135401305505,7974.0,0.023003535182043088,1.7352890267007421,3279.3113599931303,7974.0,0.03466952844048229,286.738347067938,238555.7605239939,7974.0,0.022261243941239527,578.5400325942958,1167439.9699501886,9288.0,0.04524369799894498,30.65825231365504,14977.219837259432,192.0,0.1036885411219048,644.5295762463077,59948.91439543975,192.0,0.1072315078177062,150.02445928814177,13047.197743123425,192.0,0.03014375586652427,38.290317065886484,42139.97125205793,192.0
Run1404,Run1404_best_field,0274,test,1,1,0.03339332137220688,29.89898281495524,26812.49196699395,39870.0,0.01562893186442963,0.04242219917299028,1.392475237616872,5700.709167099896,1525.0,25.56360922795653,14204.822553187225,30000.0,0.011765308942015584,0.9189323531240017,6638.605643079826,7974.0,0.014446325170653364,0.0005317345353116924,2.5478866057872613,7974.0,0.06618377752043457,0.234022839507906,53.42630531711384,7974.0,0.02240358812335611,1.5930625264171312,3173.9323232513148,7974.0,0.03785778431329649,206.40196847483054,144013.58103962138,7974.0,0.028658290540809407,550.2238543080816,669944.5403294009,9288.0,0.03986694057457462,12.777171167554148,8039.1271043781435,192.0,0.08334337565127652,242.45366651525347,34904.91484123989,192.0,0.13036784214514296,113.3674922997161,6670.334080001455,192.0,0.014659704375135326,9.056160382730013,42139.917419190344,192.0
Run1404,Run1404_best_field,0275,test,2,2,0.025278953276346633,18.518275643528927,28978.931606637616,39875.0,0.01536760245659402,0.03004525608175417,1.6988525481717458,7193.553061211471,1520.0,12.922141127010242,14314.713486921424,30415.0,0.010714516860505114,0.6878123944064842,5991.351677871726,7975.0,0.013871059409750457,0.0006360227040764163,3.3056232563398753,7975.0,0.03637724397108012,0.07280593105898146,55.01830094971787,7975.0,0.02320948715403338,1.8371224254309921,3410.413274910816,7975.0,0.030504631435021773,255.2469218227996,274301.98421733815,7975.0,0.02190118313092635,778.4087864359009,1622828.3133376103,9288.0,0.04375550588429392,43.62076561102289,22783.889472080882,192.0,0.1485279394273351,1237.7999280582608,56109.2083343642,192.0,0.07847759892618318,123.35578027790753,20029.40695721828,192.0,0.04194119839601243,74.12680797651046,42139.91236122265,192.0
Run1404,Run1404_best_field,0276,test,3,3,0.02965203829176741,24.319538895694432,27659.621432649667,39890.0,0.015193404247517632,0.03820966767390478,1.700595215951589,7367.00164216901,1585.0,19.230007796958205,13171.430341800278,30035.0,0.010936209640915072,0.7053159237558169,5897.25673825728,7978.0,0.01528765475450768,0.0008094103728568752,3.463275439329181,7978.0,0.05045176109892619,0.14422918830206563,56.663121845745565,7978.0,0.023524368312836275,1.9343908122853348,3495.491738360891,7978.0,0.062204368599787174,249.64153583755223,64517.13498702919,7978.0,0.03209670125538283,422.7390663922134,410347.30353400996,9288.0,0.04151846984422548,8.3988218845186,4872.3187528081235,192.0,0.0940490822803752,171.80960012867484,19423.983605023146,192.0,0.12886115377724405,67.06627759507768,4038.8727568665536,192.0,0.02273630262868563,21.783786242606766,42139.91781478987,192.0
Run1404,Run1404_best_field,0277,test,4,4,0.029374543392332756,22.766734034481722,26385.084236309518,39880.0,0.01668900583485314,0.03659378639815901,1.87376601731314,6727.511135766842,1565.0,17.84933568504731,13329.300525209963,30965.0,0.010904373377093187,0.7335155748804686,6168.902584456594,7976.0,0.01655787032867051,0.0008022211575959407,2.926073005089675,7976.0,0.044252887131680525,0.10346982763958033,52.83606983638238,7976.0,0.025116969135654994,2.027339844127792,3213.602022068932,7976.0,0.054254513437929405,311.5127829331219,105828.862124142,7976.0,0.03738427712424859,472.70364269937625,338229.1033214076,9288.0,0.036720564260777244,5.256040069805646,3897.983309793631,192.0,0.18302134089241887,661.7091164646125,19754.39130841358,192.0,0.1518439492205508,74.63642764172062,3237.0981182694504,192.0,0.018194127874552282,13.94942022500436,42139.91662799523,192.0
Run1404,Run1404_best_field,0278,test,5,5,0.02972735058759239,25.061605177838786,28359.363144224022,39900.0,0.021878435136577085,0.033206109647174624,2.7867522913644613,5821.914933757687,1580.0,17.098421713409643,15506.722998907493,30565.0,0.012920728692375223,1.0875745576606655,6514.559044536438,7980.0,0.018086839305536694,0.0008465747265957508,2.5878550009046863,7980.0,0.033701527599578014,0.04765868925741303,41.960718924176135,7980.0,0.03155835152512361,3.075171841310506,3087.7403309043484,7980.0,0.03809421474501297,439.588399673045,302920.156085136,7980.0,0.026349920235008217,1056.1293494419433,1521102.5763416477,9288.0,0.04503492703284079,40.614336189904975,20025.364627107207,192.0,0.13525278921746509,1019.502360913006,55730.863976652545,192.0,0.08196797354027079,116.17918352911286,17291.788836518885,192.0,0.029172118589696122,35.8616047275118,42139.92697006929,192.0
Run1404,Run1404_best_field,0279,test,6,6,0.024710036488415032,16.499773612988946,27022.853827654406,39870.0,0.01763505799715015,0.0288856887129747,2.19156995722599,7046.955901482406,1535.0,11.865373740918704,14220.536089851756,31120.0,0.01179845898231605,0.7989373326996108,5739.342484754405,7974.0,0.015710956586125556,0.0007270386857110502,2.9454541259035043,7974.0,0.030744220212116674,0.0407632459709148,43.1262598286553,7974.0,0.025924916867919517,2.2090730267016454,3286.815512313511,7974.0,0.03580123839648513,194.5637094077605,151797.8912792583,7974.0,0.027726462194200836,744.4570370610231,968390.9505284459,9288.0,0.04778621460171454,26.736647789597917,11708.511767019801,192.0,0.11511066213664718,571.3912437825903,43122.35560978951,192.0,0.11307815973176374,124.39670426312318,9728.623811862988,192.0,0.0227565095793308,21.822522974376625,42139.91535643006,192.0
Run1404,Run1404_best_field,0280,test,7,7,0.025797599635012224,19.1285115041335,28742.370252651355,39880.0,0.015823036511085565,0.03083818410192292,1.5278754956915688,6102.507267090742,1545.0,14.436507602125923,15180.446663151459,29720.0,0.011370417432666547,0.8376197840035586,6478.793067108477,7976.0,0.015998438403971128,0.0007031087311422904,2.747054678566564,7976.0,0.03599256464824554,0.05384954952029347,41.56774716158322,7976.0,0.026265247001600097,2.2632840691612586,3280.772287868972,7976.0,0.03441300684298476,269.4089356256545,227492.3276925804,7976.0,0.02404226320963192,716.595503792224,1239719.3619899421,9288.0,0.037042633482603976,22.570472757476335,16448.903273474334,192.0,0.10070477275940806,459.27901539961584,45287.30689349423,192.0,0.09234312680966197,120.84613108452518,14171.753800066952,192.0,0.02792243448815286,32.854909085844156,42139.920160133086,192.0
Run1404,Run1404_best_field,0281,test,8,8,0.028762966245789303,22.714418596609224,27455.811326736806,39885.0,0.02029002908019139,0.033861494858984674,2.3480511420611556,5703.510073601181,1560.0,16.801202667308846,14653.052891519761,29945.0,0.012015462292868321,0.9760492052801593,6760.685639487279,7977.0,0.019716187942708224,0.0009401916281020899,2.41863582266359,7977.0,0.03409302049951312,0.05470471339152819,47.064536690691945,7977.0,0.02555635934494164,2.09159260234929,3202.4261615766823,7977.0,0.04391542664514404,425.7541715399559,220762.1927894939,7977.0,0.022781752297216355,876.454930958075,1688711.0208279933,9288.0,0.040100802301664545,33.47924332452328,20819.46237354171,192.0,0.09685379464074216,698.3720753524165,74448.09413936366,192.0,0.1060873654876668,195.9598667670698,17411.64510263713,192.0,0.036334180483070466,55.631964590370444,42139.9153281757,192.0
Run1404,Run1404_best_field,0282,test,9,9,0.02662762919781026,20.65390656414415,29129.78014657686,39885.0,0.01600879107878785,0.02961149099692151,2.1013866728515866,8199.52887744741,1550.0,11.630918186125436,13264.57836407174,29990.0,0.012254454692792667,0.8381468063985039,5581.258190899145,7977.0,0.02148465381675958,0.0017775707911128807,3.8509704385135777,7977.0,0.027952694849481076,0.03171466191290202,40.589408181637154,7977.0,0.024948776712751156,2.2748965861911223,3654.7960480569395,7977.0,0.040400490416504245,343.4354930427696,210412.67722056352,7977.0,0.04299703927999969,2713.0687752727263,1467518.8885266248,9288.0,0.07158369605738096,106.26701609288972,20738.161354870368,192.0,0.1518661031354351,1200.2884425548361,52043.19205581868,192.0,0.07302940035448931,98.46859023007437,18462.999200165905,192.0,0.029286920648127327,36.14441382702444,42139.92564271146,192.0
Run1404,Run1404_best_field,0283,test,10,10,0.06257228104756356,128.26273101385956,32759.442944975257,39155.0,0.07430294784667354,0.055241536240345675,59.39385044366494,10757.946818381695,2500.0,37.42289799248413,12263.259563599842,26070.0,0.016805730699481488,1.4908089550853818,5278.459489901704,7831.0,0.03559618948234237,0.0057196863453864025,4.514037825311055,7831.0,0.05091163300737473,0.2528853559350371,97.5640064374907,7831.0,0.0839439927494776,25.726771841222167,3650.951387004221,7831.0,0.07475857509169566,1819.701682752158,325595.32950985106,7831.0,0.04874857220706776,5742.213775662372,2416326.163122027,15480.0,0.07978239918491904,213.97189805923853,33615.73062687011,320.0,0.22876502689663425,3674.198807871183,70207.48074676926,320.0,0.08040634489649545,190.39785919880507,29449.736956317734,320.0,0.037651582157241174,99.56550078913278,70233.1943800236,320.0
Run1404,Run1404_best_field,0284,test,11,11,0.0638034272382619,130.817263013808,32134.90667846381,39150.0,0.08519714953507261,0.054544402205575195,82.93983426986279,11426.49499731365,2560.0,32.54326741059507,10938.575838140794,25760.0,0.014838953884238898,1.1417787282850516,5185.317783530144,7830.0,0.020537430688138965,0.002048888479277953,4.857648644963495,7830.0,0.04066480471564297,0.14876791551055887,89.96465022450317,7830.0,0.09815853059962819,36.382934872894786,3776.0838717009756,7830.0,0.059186415369939384,1457.1966334779795,415981.56440105266,7830.0,0.04281334126058762,4521.805638179349,2466911.933518054,15480.0,0.06950875615809962,161.97270601680148,33524.53817726036,320.0,0.15559046595980516,2071.986551922972,85589.59463233863,320.0,0.09053707344572431,239.70186016795975,29242.769439842836,320.0,0.0348450401387153,85.2755169759821,70233.19454957594,320.0
Run1404,Run1404_best_field,0285,test,12,12,0.03997261723170647,57.60406485506718,36051.88365808023,39185.0,0.03145468873449117,0.04757379265973329,11.674219790000446,11799.322777785612,2615.0,28.445728705608087,12568.443953323496,25155.0,0.01765497196505335,1.710069862719897,5486.302992714013,7837.0,0.019566855779421268,0.0019978136210860287,5.218105817262776,7837.0,0.029570066798394096,0.0890980186903614,101.89747804233417,7837.0,0.03337144301093689,4.4734273947487315,4016.894451588754,7837.0,0.06138089793497548,1595.832630414599,423565.7800973984,7837.0,0.04265429174389431,6894.521102032002,3789471.41155968,15480.0,0.06383104292422069,219.7475864151083,53933.70222549292,320.0,0.12671289038349268,1829.601822863467,113950.17311168268,320.0,0.08559575818450228,347.1054883195337,47375.84774755291,320.0,0.06793911225077744,324.1769747964481,70233.19567984995,320.0
Run1404,Run1404_best_field,0286,test,13,13,0.03831498165139527,47.19535829192958,32148.598409944163,39160.0,0.043030722017164034,0.035224485494625785,19.58426093662304,10576.693532131883,2585.0,15.556570335505908,12537.89245308141,25745.0,0.015167581645596166,1.2637955336598758,5493.436812026927,7832.0,0.027547663710145862,0.0035596863135714412,4.690748879033801,7832.0,0.03431734315728842,0.13105932595446756,111.28602111778953,7832.0,0.04844742652088564,8.593508907033268,3661.247650786021,7832.0,0.050059545595603376,328.8080471052599,131210.51242554322,7832.0,0.06205583160004597,5354.102136094645,1390341.3902441612,15480.0,0.06381711871926742,74.9931445970018,18413.959349566812,320.0,0.20326610949074986,2168.248200721753,52478.21384906466,320.0,0.16171934356637183,417.43806506108547,15961.294435771033,320.0,0.04180777809016432,122.75986504347566,70233.16304396547,320.0
Run1404,Run1404_best_field,0287,test,14,14,0.06197265620984476,119.75004183459642,31179.952706628217,39145.0,0.084112234699204,0.04272139860520138,74.24520013851546,10494.216975451642,2540.0,23.71164448314712,12991.842608600064,27780.0,0.020066729464171266,2.1251337286254635,5277.5587050459435,7829.0,0.039273893669990845,0.00664946843135926,4.311009784627094,7829.0,0.04621597873820827,0.21800953225042258,102.06836867586802,7829.0,0.09273083388068669,30.858453376471477,3588.6063815061534,7829.0,0.06350413851643581,635.1832934003883,157505.24081423788,7829.0,0.029904140780648056,1426.7959683744164,1595508.845783609,15480.0,0.04265741549088564,39.08422403383544,21478.91878629893,320.0,0.18233498871152404,1883.4884276562937,56653.001930133716,320.0,0.11512316854723632,244.04547654845257,18413.879374171294,320.0,0.04313433233605703,130.67382790239753,70233.19946628052,320.0
Run1404,Run1404_best_field,0288,test,15,15,0.04105493190294216,53.50513998781938,31744.23258102262,39170.0,0.027219886220481767,0.04753857144169576,7.4174073275909365,10011.04740682154,2540.0,25.930211951609873,11473.972721330545,24105.0,0.014869346745763531,1.1574114417963388,5234.847001850586,7834.0,0.026842210320343275,0.0030673243422050574,4.257191156642582,7834.0,0.03186243052931221,0.07349317078304933,72.39176773602672,7834.0,0.031330626461548626,3.3789300201744235,3442.239150904539,7834.0,0.06450158982435154,1610.940730511112,387203.0092174071,7834.0,0.03424490509224225,2926.289767210001,2495315.100733794,15480.0,0.05050640157243532,82.24924183253614,32243.26765699192,320.0,0.160965132981028,2294.8001279726745,88568.89777655413,320.0,0.11259773473343389,351.00784543717043,27685.828021737736,320.0,0.06893576212432656,333.75793389652335,70233.19664057004,320.0
Run1404,Run1404_best_field,0289,test,16,16,0.0373022229572888,49.25108880192258,35395.36611413712,39185.0,0.0226571807325149,0.049584806459777725,6.218807847926855,12114.218427645417,2615.0,29.14983551895638,11856.018374154684,25485.0,0.018338572111394846,1.7027497343917053,5063.138255174116,7837.0,0.022734884995294292,0.0028550631710354372,5.523701464600281,7837.0,0.045326185574628176,0.1368285144577377,66.60061917942427,7837.0,0.03361230865313568,4.321917429949386,3825.4257741714932,7837.0,0.04183717666215093,903.066442983183,515934.9717450853,7837.0,0.02478546185558435,2832.03849348428,4610044.525840376,15480.0,0.04988743232411467,160.54792798479434,64509.31074986173,320.0,0.14489089109671513,2721.261559652959,129624.80620358001,320.0,0.07056959464546099,283.7671705698169,56980.5850690314,320.0,0.06326583714368902,281.1129811747287,70233.1880787086,320.0
Run1404,Run1404_best_field,0290,test,17,17,0.030843260737175755,30.878573617896496,32459.11392187815,39135.0,0.025249972720491842,0.037559549594053505,7.310341219011893,11466.10256230581,2565.0,13.571459108802332,9620.237440984332,22415.0,0.013120423189409026,0.8759335022979464,5088.332129155842,7827.0,0.019282556200881186,0.001967389105854776,5.291283737247802,7827.0,0.030300801134330337,0.0619390559489557,67.46155685395314,7827.0,0.03156475265808288,3.8740267487521987,3888.282708167679,7827.0,0.04309423915135806,546.8808881888667,294478.9876825686,7827.0,0.03014565603159797,1414.9734478255505,1557036.564680998,15480.0,0.04777822966928081,46.17330128392058,20226.96948080445,320.0,0.13658653738843976,1123.788188293141,60237.74038133286,320.0,0.10983570980878225,207.90336627824132,17233.5361431319,320.0,0.03391228590097921,80.77122157111262,70233.21048651185,320.0
Run1404,Run1404_best_field,0291,test,18,18,0.050119837932793274,83.48269211064661,33233.58019356198,39185.0,0.030420233109051006,0.058193053658967306,10.645728302701546,11504.03786797601,2585.0,38.903685538556196,11488.10646419366,25775.0,0.018117938624764598,1.5975600983103913,4866.7567120122785,7837.0,0.020115704266552993,0.002356214202893937,5.822966414344689,7837.0,0.0452586987593262,0.12045839824793354,58.80753251258722,7837.0,0.03072413090114829,3.670266490704222,3888.1085845294697,7837.0,0.11473981523289736,2951.721390988806,224205.91719621173,7837.0,0.05040921669905585,5134.430540034553,2020562.9480011866,15480.0,0.06542007471335909,127.91397088205802,29887.934966066307,320.0,0.14965144089202512,1029.860048522405,45985.02271969245,320.0,0.1116346195425665,332.85965030138715,26709.35247297465,320.0,0.03667655281629449,94.47543040156688,70233.10336826851,320.0
Run1404,Run1404_best_field,0292,test,19,19,0.04060674904641731,51.826206826015024,31430.622378569005,39160.0,0.029603198328236,0.04671624979733368,7.411326223192636,8457.045369554231,2490.0,34.13678331367105,15641.79722118661,27845.0,0.01177690465754092,0.6977839054233209,5031.049957478162,7832.0,0.022108446948506482,0.0014585323703802465,2.984005372070587,7832.0,0.050329945995663934,0.17966565910437265,70.92709068656876,7832.0,0.029706723537022948,2.546440463602031,2885.519527321996,7832.0,0.046850437569134665,1450.763943133473,660951.2836346847,7832.0,0.02862810147800058,2283.4017142487182,2786103.3777438444,15480.0,0.047022933733123815,77.40612417315751,35007.07945554924,320.0,0.12055737645669494,1694.9856567993331,116621.45371874596,320.0,0.10349039241963941,317.51755244174797,29646.106930632894,320.0,0.038289392460106805,102.96731047007415,70233.19381486115,320.0
Run1404,Run1404_best_field,0293,test,20,20,0.0461407285659038,81.7261432308941,38387.701480242125,38425.0,0.039956097369719085,0.05241820418854277,22.544139503640537,14121.067779717925,3460.0,35.81114677586756,13033.286800645366,24410.0,0.014309154152345783,0.9028804085373499,4409.631565638391,7685.0,0.031631110113500685,0.0061708455774316445,6.167594471784006,7685.0,0.043690701527730615,0.2196950405876975,115.0912261779599,7685.0,0.04554967384743282,7.406461330015065,3569.769843837079,7685.0,0.05691055125650512,1828.066065849528,564425.0787463738,7685.0,0.04539530554206212,9994.87025799596,4850151.158050549,21672.0,0.061274878996529863,269.29517772256406,71723.85963590027,448.0,0.17730180177182112,3140.2083424738785,99892.33501930036,448.0,0.058986182250668366,222.06054492804657,63822.060975827124,448.0,0.04330149110040821,184.36402597213873,98326.47724655867,448.0
Run1404,Run1404_best_field,0294,test,21,21,0.05295982914081903,103.07291315456006,36749.497078111424,38455.0,0.05528130228305508,0.053767154936048785,42.797549138880996,14004.331051176632,3655.0,27.080194844710686,9367.369934022772,19640.0,0.015657737823099316,1.2579527340540917,5131.050507382456,7691.0,0.028667439227114355,0.004901172230136633,5.963787537564554,7691.0,0.03955751168605584,0.1989438848649946,127.13720635410927,7691.0,0.06459852372455668,15.827694753015757,3792.909494132756,7691.0,0.07215020163705248,2038.7814128483433,391647.688122316,7691.0,0.0547156989846921,11417.082913086933,3813565.8661113027,21672.0,0.07909253743266197,335.93351213190556,53700.99257607713,448.0,0.15739926247233932,2378.3276633838636,95998.90984834841,448.0,0.09534942761372957,425.84729393928717,46840.08896210826,448.0,0.04370472646707286,187.81369854874447,98326.47097354144,448.0
Run1404,Run1404_best_field,0295,test,22,22,0.057410605227045323,149.7341412596047,45429.35655834118,38390.0,0.046213373156813564,0.06052884426629798,31.421480430784868,14712.663583882668,3445.0,51.90047455082471,14165.978085729426,21915.0,0.018692196690886117,1.7071204036901173,4885.887563218935,7678.0,0.038453865259836545,0.008055986630696897,5.448020541056833,7678.0,0.04211074014627083,0.19708663918897676,111.14026662444356,7678.0,0.04484166017575325,7.479969392048067,3719.9444488804634,7678.0,0.06906678649400887,5196.3751020593445,1089336.3443230987,7678.0,0.11175294374171785,123522.58074998995,9890731.511965964,21672.0,0.10242857020260666,1614.1687930006997,153853.2681119196,448.0,0.19722852837821045,6600.229657149781,169675.67233244565,448.0,0.11179781438307736,1738.3427808494152,139081.31612584036,448.0,0.07770414003330284,593.6885616352611,98326.45119395599,448.0
Run1404,Run1404_best_field,0296,test,23,23,0.05359055690650193,115.33131930132438,40157.87463860362,38425.0,0.06600620326084432,0.04731425417313489,68.48928371998224,15720.020909909268,3620.0,19.71275447927734,8805.688446967908,17445.0,0.013485139293535923,0.8499650395532654,4674.015940582359,7685.0,0.025923704390225427,0.004703188363512933,6.998391785959977,7685.0,0.0352726156531467,0.14740996091738634,118.4817605380388,7685.0,0.07969945847582117,28.805790062654307,4534.913943340381,7685.0,0.053153612815012345,1407.4232644261224,498148.8687632106,7685.0,0.03750144024143229,5845.354712095047,4156377.4147210135,21672.0,0.05403993340048142,175.65374929647848,60148.917246883866,448.0,0.17178857238865328,3290.5553487097623,111501.48695306768,448.0,0.07439400163583347,293.147219821961,52967.55666439375,448.0,0.04710948154612512,218.21626301547894,98326.4737991952,448.0
Run1404,Run1404_best_field,0297,test,24,24,0.06690295179520522,176.521534738686,39437.296508628395,38460.0,0.08471282954177466,0.04484359836465385,116.79256379786897,16274.843304920334,3615.0,20.390925240732216,10139.954913723219,20685.0,0.017298057762309388,1.4109158282087417,4715.268412488572,7692.0,0.03135359698009928,0.00671717218057741,6.833004983198556,7692.0,0.04627624976410417,0.31816245399750676,148.57051025700483,7692.0,0.10588814477485166,47.006167457896765,4192.375408757771,7692.0,0.06019730679342123,1439.8214435038437,397332.8883256035,7692.0,0.06407763993119846,21065.996996581667,5130609.99097099,21672.0,0.08330257441190624,521.4053582681483,75137.82915983396,448.0,0.19065695742453315,4565.711068470422,125603.89535434656,448.0,0.10833396234841791,781.9056769493703,66623.14199983486,448.0,0.06718298655252683,443.8013951058738,98326.38013462527,448.0
Run1404,Run1404_best_field,0298,test,25,25,0.06375409584252627,169.1862812047218,41624.493561958516,38410.0,0.05542232317771378,0.06886464887501009,45.619567591897074,14851.889574673252,3480.0,52.81873117516387,11137.694193654219,20245.0,0.014463081813347812,1.0143433358664211,4849.1240517434435,7682.0,0.03319964203391148,0.007107876912324745,6.4487137017717036,7682.0,0.06781197012357967,0.39159320301493533,85.15740545166051,7682.0,0.04820089580303551,9.169179474605352,3946.5740360053405,7682.0,0.08259276178469487,5500.566741335705,806349.7608549924,7682.0,0.09889686213424842,57085.386164074574,5836599.838683283,21672.0,0.1284166709901266,1514.4074719993637,91833.24466902234,448.0,0.2565702142074252,8252.185376267269,125359.28366688924,448.0,0.11303129668371753,1076.2543650600803,84239.8347514791,448.0,0.04345923770033962,185.70973478467386,98326.47301019073,448.0
Run1404,Run1404_best_field,0299,test,26,26,0.05065268095064677,101.22590812073958,39453.61553989724,38405.0,0.05575828603941375,0.053044406561841236,48.18950023287839,15500.067568983713,3500.0,28.395867497694677,10091.969999921042,20310.0,0.017555145506319685,1.3901508953358912,4510.794858982641,7681.0,0.02484595104909448,0.0045445206222977765,7.361678178794699,7681.0,0.039734777895670065,0.1353137086151543,85.70382745521009,7681.0,0.07187515095176722,20.269639430218056,3923.633949510868,7681.0,0.054133814467883214,1643.4923884333164,560828.9666810607,7681.0,0.033961493072348616,4814.76788543851,4174474.425740515,21672.0,0.0483018500382535,138.3267255398531,59289.606227599645,448.0,0.14383789397869423,2335.2312495122005,112871.2311935382,448.0,0.07918847277262275,326.2949478263722,52033.90443023339,448.0,0.05019430327385359,247.7304049361619,98326.47088877726,448.0
Run1404,Run1404_best_field,0300,test,27,27,0.05820729978998799,132.27329064585675,39040.669064650356,38445.0,0.06314915823403044,0.06004118080866781,53.36271670326951,13381.438416111261,3550.0,41.97374530224157,11643.38540930202,20135.0,0.01636968698043056,1.2773507473266341,4766.827284546968,7689.0,0.03191482038759961,0.0058921260726511855,5.7847849885949705,7689.0,0.05117012699263083,0.23637624034928936,90.27569304175731,7689.0,0.07395081144639488,20.745622209668696,3793.504270540692,7689.0,0.06230613166540445,2752.8571535542624,709123.8614883416,7689.0,0.035472346576221975,5479.939510682649,4355077.88941068,21672.0,0.054394339818436256,181.37053199379392,61299.83515682594,448.0,0.20102318268121253,4627.208951212254,114505.6251482878,448.0,0.07689333645879602,315.96303381941004,53439.066596359255,448.0,0.04535346907237351,202.25137455827553,98326.47238635694,448.0
Run1404,Run1404_best_field,0301,test,28,28,0.0476250932869375,88.15086661248971,38864.66311013995,38425.0,0.0337332465911758,0.060554240593151246,18.03590920223151,15849.725978134988,3555.0,35.591733438973726,9706.440933125261,22040.0,0.01499349809249254,1.0300561697281692,4581.998791089999,7685.0,0.024489596494811618,0.004071280012813447,6.788404523059976,7685.0,0.06886282372972702,0.49093854276324106,103.52791677932788,7685.0,0.036965503870828156,5.584801586055115,4087.092694976465,7685.0,0.05571905508233957,1470.1595763248267,473540.35086403636,7685.0,0.04095356561196482,10475.242389108844,6245693.127529874,21672.0,0.04059595417800262,153.54335412357833,93167.73042955862,448.0,0.1679646873376665,3592.286225601243,127331.23791469069,448.0,0.07438011579066363,458.463424464136,82868.78927764764,448.0,0.057501096486646634,325.1042356075077,98326.4535108699,448.0
Run1404,Run1404_best_field,0302,test,29,29,0.042698843401642206,71.61976057187694,39282.637760827434,38450.0,0.039394366111014205,0.04776920560354792,23.423714199363516,15093.415476379221,3655.0,22.942726656583126,10054.234094013083,18900.0,0.015275130596477499,1.0589129230410141,4538.27056725522,7690.0,0.023130439101172847,0.0036619995090141,6.8446386769329415,7690.0,0.04316249662239207,0.16644676090774788,89.34335014421923,7690.0,0.048380798394845534,9.387493694532777,4010.546872219696,7690.0,0.048097612995218066,1437.256844146891,621279.9499634388,7690.0,0.03139858424459547,4176.644715757832,4236501.858363023,21672.0,0.05162008512642412,157.62087433957015,59152.935204079135,448.0,0.18899587151746006,3780.197009116253,105830.24446225094,448.0,0.07368063111761507,281.7447487583965,51897.8248374055,448.0,0.03610859748580732,128.20110172388559,98326.48569539761,448.0
Run1404,Run1404_best_field,0633,test,30,30,0.023104659157374734,14.780065885347133,27687.085238669006,39870.0,0.013150622238475896,0.028577834818047352,1.2221095473062427,7066.714271978597,1530.0,11.783828201985022,14428.718447028814,31295.0,0.01088872451572891,0.7018562731777723,5919.624587127943,7974.0,0.013059673972846457,0.0005242657803870671,3.0738795188038472,7974.0,0.022247545043872777,0.02203831727300976,44.52605737292281,7974.0,0.022634352230506097,1.68003679508611,3279.3113599931303,7974.0,0.03447244809014338,283.48766104333555,238555.7605239939,7974.0,0.02468389649807441,711.3150403435595,1167439.9699501886,9288.0,0.04700833829486957,33.09641880251063,14977.219837259432,192.0,0.10510385862129969,662.2449322909556,59948.91439543975,192.0,0.10200425342849215,135.75436660131663,13047.197743123425,192.0,0.028516911186107045,34.26882400411341,42139.97125205793,192.0
Run1404,Run1404_best_field,0634,test,31,31,0.022409550267634058,13.563867619184833,27009.544539876122,39870.0,0.014190508516153071,0.026692478689364623,1.1299363768961426,5611.230034360072,1525.0,10.32227679804445,14487.641523472415,30000.0,0.010622644578111948,0.7491040967698195,6638.605643079826,7974.0,0.013425003340853682,0.0004592074239405191,2.5478866057872613,7974.0,0.024283454508991706,0.02611981303873854,44.29443097446224,7974.0,0.02244897609835275,1.599523913302362,3173.9323232513148,7974.0,0.03787168784033308,206.55360134835087,144013.58103962138,7974.0,0.02826673620586364,535.291298999037,669944.5403294009,9288.0,0.040247551833294905,13.022304072292432,8039.1271043781435,192.0,0.07843700350122368,214.74772467690133,34904.91484123989,192.0,0.1297436496528628,112.2844992575654,6670.334080001455,192.0,0.016556841327883907,11.551773201254036,42139.917419190344,192.0
Run1404,Run1404_best_field,0635,test,32,32,0.024037554100784946,16.794330950109416,29065.791760428096,39875.0,0.014379665154824589,0.028343971524911978,1.4734779898927775,7126.004735215365,1520.0,11.589150495670292,14425.47746183404,30415.0,0.011132801216916264,0.7425637109420276,5991.351677871726,7975.0,0.012472930841769979,0.0005142690449888991,3.3056232563398753,7975.0,0.03231262682233863,0.04628811360371206,44.33277862389696,7975.0,0.022633580206065245,1.7470829415789557,3410.413274910816,7975.0,0.03181122031922105,277.5809183238701,274301.98421733815,7975.0,0.021092722693603523,722.0011049686035,1622828.3133376103,9288.0,0.04275876197105006,41.65605226967445,22783.889472080882,192.0,0.12380505093032453,860.024587172166,56109.2083343642,192.0,0.07781301887149543,121.27537330057118,20029.40695721828,192.0,0.0484826395126219,99.05265931867143,42139.91236122265,192.0
Run1404,Run1404_best_field,0636,test,33,33,0.02345558500817562,15.251843173835296,27722.334063448183,39890.0,0.013631913411325244,0.029299166545090433,1.3564114317060838,7299.242690864948,1585.0,11.399306733345062,13279.077543530919,30035.0,0.010488968412921622,0.6488070949390463,5897.25673825728,7978.0,0.014246631253691971,0.0007029289016556229,3.463275439329181,7978.0,0.0305294311420156,0.04252951614214935,45.63026779165192,7978.0,0.02218951664748282,1.721091517928833,3495.491738360891,7978.0,0.05823255208771565,218.77954816799644,64517.13498702919,7978.0,0.03255381254404967,434.8658467399345,410347.30353400996,9288.0,0.03918776537279013,7.48232711495216,4872.3187528081235,192.0,0.09463408028145234,173.95360531650994,19423.983605023146,192.0,0.12909311754674888,67.30794776765687,4038.8727568665536,192.0,0.017820723965723723,13.382719359967268,42139.91781478987,192.0
Run1404,Run1404_best_field,0637,test,34,34,0.026869085541261908,19.193849047780198,26586.202172912188,39880.0,0.020166881456315327,0.031712816144729636,2.69537732029243,6627.383143723326,1565.0,13.696556056389646,13618.891497220366,30965.0,0.01056113269457295,0.6880641187866876,6168.902584456594,7976.0,0.015587166286360846,0.0007109179741044746,2.926073005089675,7976.0,0.03327707934702021,0.04847381668858498,43.774058265058166,7976.0,0.027579224186320077,2.4443094245662937,3213.602022068932,7976.0,0.05383010342569163,306.6581808849145,105828.862124142,7976.0,0.034990596834292634,414.1080517733901,338229.1033214076,9288.0,0.035296603321920125,4.856303309744259,3897.983309793631,192.0,0.1832051536132563,663.0389245705666,19754.39130841358,192.0,0.1613604772322939,84.28498281945491,3237.0981182694504,192.0,0.01646149535155204,11.419109550659414,42139.91662799523,192.0
Run1404,Run1404_best_field,0638,test,35,35,0.02636782472385264,19.607522921251945,28201.62446117591,39900.0,0.016109313540444075,0.030735297572327035,1.5191219314033328,5853.809226676062,1580.0,14.50003412049177,15349.49811144136,30565.0,0.012377202580157728,0.9979988090367541,6514.559044536438,7980.0,0.015091342325886136,0.0005893803876111769,2.5878550009046863,7980.0,0.026842720704785265,0.03249989011318914,45.10542999061808,7980.0,0.028167704895363164,2.449873695385394,3087.7403309043484,7980.0,0.032963789885988075,329.1565081136168,302920.156085136,7980.0,0.022622100634720102,778.4385982816451,1521102.5763416477,9288.0,0.04657215540572787,43.43432818785766,20025.364627107207,192.0,0.10318206680008829,593.3408117673021,55730.863976652545,192.0,0.08054517787569562,112.1809241132364,17291.788836518885,192.0,0.036928216282128716,57.46593007841875,42139.92697006929,192.0
Run1404,Run1404_best_field,0639,test,36,36,0.021394069209777718,12.296815247251775,26866.175984448146,39870.0,0.014990210262052684,0.025012689475452217,1.590042598861983,7076.089388982972,1535.0,8.796519709886509,14060.154634442904,31120.0,0.011042603965345269,0.6998502705867152,5739.342484754405,7974.0,0.01384097912347512,0.0005642686087459967,2.9454541259035043,7974.0,0.022312547630583705,0.023049589904922944,46.29828263278694,7974.0,0.0224444105419838,1.6557384568042584,3286.815512313511,7974.0,0.03105422295250228,146.38853747530993,151797.8912792583,7974.0,0.025870876984668733,648.1462672037499,968390.9505284459,9288.0,0.04751153045784827,26.430156658634722,11708.511767019801,192.0,0.10804103255391787,503.3614232388528,43122.35560978951,192.0,0.10672265066306078,110.80634171778956,9728.623811862988,192.0,0.02418972898049149,24.65787599203395,42139.91535643006,192.0
Run1404,Run1404_best_field,0640,test,37,37,0.023713236370579358,16.06140758680081,28562.8765342791,39880.0,0.014010605334099022,0.028496755960158146,1.2035172393183298,6131.101648243674,1545.0,12.185369964345917,15005.410231953592,29720.0,0.010930210876710493,0.7740182318837321,6478.793067108477,7976.0,0.01585807098972801,0.0006908249578996824,2.747054678566564,7976.0,0.02588653172735375,0.0297708475760802,44.42663951371189,7976.0,0.024010298972158044,1.8913470377577808,3280.772287868972,7976.0,0.03402566300679638,263.3782739630919,227492.3276925804,7976.0,0.023013722805636082,656.5943476319223,1239719.3619899421,9288.0,0.04012401214800484,26.48168731163518,16448.903273474334,192.0,0.08681336669069331,341.3105344517848,45287.30689349423,192.0,0.08510356261570826,102.64057606235586,14171.753800066952,192.0,0.030408268735422028,38.965216882489585,42139.920160133086,192.0
Run1404,Run1404_best_field,0641,test,38,38,0.026456108759896072,19.169695976186965,27388.187389710034,39885.0,0.017483506661839985,0.03188571131479402,1.7530218414158045,5734.957983285975,1560.0,14.796850339188888,14553.822088679106,29945.0,0.01105428649710058,0.8261371929892756,6760.685639487279,7977.0,0.017044265778630656,0.0007026306270969721,2.41863582266359,7977.0,0.03512064328336546,0.06345260102711912,51.44278889832624,7977.0,0.02322431086069885,1.727288163263269,3202.4261615766823,7977.0,0.03701448813590763,302.4601722844218,220762.1927894939,7977.0,0.022117111301887735,826.0610492798048,1688711.0208279933,9288.0,0.04278533866066065,38.11179978264056,20819.46237354171,192.0,0.08983910373880086,600.8753742117622,74448.09413936366,192.0,0.09946889000536939,172.2718627179815,17411.64510263713,192.0,0.03223738368311695,43.79386093460653,42139.9153281757,192.0
Run1404,Run1404_best_field,0642,test,39,39,0.022023808485402703,14.06334907822503,28993.71817481273,39885.0,0.01213118750041324,0.0272066501582197,1.210500298568608,8225.423552597853,1550.0,9.718516069358907,13129.549132255197,29990.0,0.011473280358560628,0.7346954084198837,5581.258190899145,7977.0,0.014758853107842423,0.0008388328030280261,3.8509704385135777,7977.0,0.023051658754864434,0.023401588719206914,44.03935793643122,7977.0,0.022487058031274952,1.8481125999604944,3654.7960480569395,7977.0,0.029523763160564438,183.40675531244872,210412.67722056352,7977.0,0.021898995187632,703.7721489544613,1467518.8885266248,9288.0,0.04897167471924362,49.73477545592783,20738.161354870368,192.0,0.1077966261205607,604.7477519069166,52043.19205581868,192.0,0.06905971526787337,88.05455319557453,18462.999200165905,192.0,0.030243718121401895,38.544651938589595,42139.92564271146,192.0
Run1404,Run1404_best_field,0643,test,40,40,0.02648696717578504,18.388212398468266,26210.48425503066,39890.0,0.01689823484969942,0.03135447928878231,1.7529920541793989,6138.994783973573,1495.0,14.072716081492379,14314.584294874528,31915.0,0.013555790170902086,1.145573949163215,6234.095535677058,7978.0,0.01714530300377965,0.0007294778868297125,2.48154298278521,7978.0,0.027732935996821844,0.041068919641381346,53.397580570350975,7978.0,0.02755000297602011,2.445164954694672,3221.5498979635154,7978.0,0.05415324077329627,182.97286967378096,62393.27693974294,7978.0,0.028073566214870654,455.0738309786621,577413.1789717526,9288.0,0.03375080795913226,8.082026062728008,7094.9918172310545,192.0,0.12666501746624745,388.94572736945247,24242.40097956486,192.0,0.12039765466060223,87.15901770362754,6012.793280566675,192.0,0.01966722637583169,16.2997102661393,42139.91462174845,192.0
Run1404,Run1404_best_field,0644,test,41,41,0.027666154397655622,21.51399227990401,28107.577438803775,39885.0,0.015486148382596614,0.032956495413251116,1.6453327317561386,6860.675923477129,1545.0,17.05982462687359,15706.973714894582,32330.0,0.011614677965656964,0.79380098827327,5884.333646271141,7977.0,0.014069045253389817,0.0006239113100256345,3.152053682355212,7977.0,0.02862574988799753,0.03070589461139684,37.472098088002674,7977.0,0.026440185912558648,2.1894968473598144,3131.953569467242,7977.0,0.03934373456630082,516.0184248026987,333360.42862172925,7977.0,0.02953277685878907,987.9536885042512,1132734.2153249925,9288.0,0.04874308867100926,34.09657081291239,14351.080886341642,192.0,0.13455647043163504,897.4760414616228,49569.403246700225,192.0,0.09905007820252808,121.34297960894186,12368.157567802613,192.0,0.01506143219412971,9.55930362295112,42139.920697014735,192.0
Run1404,Run1404_best_field,0645,test,42,42,0.024341282147875586,17.899200085959613,30209.721525478762,39875.0,0.016282694479974238,0.028976865127680586,1.7787586568484894,6709.103297071934,1535.0,13.81978177128878,16458.80827942399,31180.0,0.011883043951479766,0.8757681033029727,6202.0279151596305,7975.0,0.014109524555232464,0.0006107030349966443,3.0676465468716327,7975.0,0.03299799344866848,0.042524368834629636,39.05375634490171,7975.0,0.024206396011094755,1.9646920743305938,3353.0051868336504,7975.0,0.028539132063604974,284.81392653746263,349687.170404677,7975.0,0.020895765920672424,760.974450955958,1742823.819375858,9288.0,0.04248801236147172,39.7177294210659,22001.464157967934,192.0,0.09020953626633196,664.2245106335693,81622.51961958302,192.0,0.10275440932450457,196.69739194651575,18629.348510142132,192.0,0.03582721842261042,54.09035886091351,42139.91739093661,192.0
Run1404,Run1404_best_field,0646,test,43,43,0.023677144379308547,15.304650195298848,27300.133006912838,39870.0,0.015473361638742378,0.027638773644519263,1.5758137311787905,6581.661292919629,1520.0,11.492719756463968,15044.76050126554,32175.0,0.01182881069816016,0.8450226763190164,6039.294390782596,7974.0,0.013964047037752336,0.0006051753428902716,3.1035490873645095,7974.0,0.031697696796801934,0.04319186300563892,42.98792903453901,7974.0,0.024119658429358995,1.9105060185264635,3284.02234644069,7974.0,0.04305598465387494,157.6331546436262,85031.63223991933,7974.0,0.028575476408919553,524.7324587279577,642615.1649204479,9288.0,0.04221298215013028,15.369304195130574,8625.060263290397,192.0,0.11113499212257823,373.6231840286317,30250.473094805573,192.0,0.10878450656764062,89.61494908285937,7572.62358987625,192.0,0.020272246531608824,17.317991918299413,42139.926574509795,192.0
Run1404,Run1404_best_field,0647,test,44,44,0.025087803081493488,16.261229533913347,25836.168945075326,39870.0,0.01484202398804177,0.029741714136519284,1.3174431034228102,5980.61175368643,1515.0,12.785200989665652,14453.584625801635,31320.0,0.012684497771320063,1.0000558168948148,6215.523135318731,7974.0,0.015572842239323148,0.000579164595008949,2.3881754913548754,7974.0,0.02414825350116085,0.027049621103349214,46.386300116458976,7974.0,0.028881182050583088,2.607636065027773,3126.2021019919744,7974.0,0.07174313595306045,152.50081488063051,29628.621914122934,7974.0,0.04048280558087697,356.18204532494286,217335.5736897413,9288.0,0.04229387283215642,4.238345678570319,2369.41680595134,192.0,0.1264543616584414,229.48974735575098,14351.4459804517,192.0,0.17585918012580762,58.97892190561721,1907.070470464544,192.0,0.015215463374652141,9.755825647115671,42139.91586505261,192.0
Run1404,Run1404_best_field,0648,test,45,45,0.02545315416169634,20.53034219614495,31689.323818236742,39170.0,0.016829293204336283,0.03208919418887022,2.8633371551550333,10109.757420895534,2540.0,11.706719328027452,11368.877404926467,24105.0,0.012837755689834016,0.8627445136654217,5234.847001850586,7834.0,0.015087930034725078,0.0009691309745182072,4.257191156642582,7834.0,0.023494345842764816,0.04454826918287724,80.70568359642236,7834.0,0.02434849045478241,2.040727995094059,3442.239150904539,7834.0,0.03132130729849789,379.855557546795,387203.0092174071,7834.0,0.022974724963948933,1317.1221001239815,2495315.100733794,15480.0,0.04533391297706094,66.26519215569243,32243.26765699192,320.0,0.1268837492308939,1425.913713748207,88568.89777655413,320.0,0.077111542600097,164.6251937845601,27685.828021737736,320.0,0.045719544086868534,146.80681531276423,70233.19664057004,320.0
Run1404,Run1404_best_field,0649,test,46,46,0.0287277948655368,29.20106597990744,35382.95691417514,39185.0,0.017043911945572632,0.04021823140158572,3.544331171494801,12201.008526060908,2615.0,19.05360552881181,11779.61869332284,25485.0,0.016307182943703695,1.346411068776071,5063.138255174116,7837.0,0.015089916471414309,0.0012577776408510975,5.523701464600281,7837.0,0.03181003128589407,0.0764204531229043,75.52337959207416,7837.0,0.028027465413894073,3.0050204391800923,3825.4257741714932,7837.0,0.02978975069219736,457.85578311724146,515934.9717450853,7837.0,0.020218854504531477,1884.5957794176998,4610044.525840376,15480.0,0.03958442575755285,101.0813654479491,64509.31074986173,320.0,0.11597474888822304,1743.4720993774067,129624.80620358001,320.0,0.06375758468199412,231.62776518629772,56980.5850690314,320.0,0.06367658555519158,284.7750378205701,70233.1880787086,320.0
Run1404,Run1404_best_field,0650,test,47,47,0.023916681291218485,18.514967703570917,32368.392097978896,39135.0,0.016138394259841485,0.031264206795482426,3.010157295893066,11557.623642330404,2565.0,9.281429619742978,9495.548284107272,22415.0,0.011545861088781206,0.678309824446841,5088.332129155842,7827.0,0.014407587136028977,0.0010983570962036049,5.291283737247802,7827.0,0.02141207060912794,0.03451236055035327,75.2761382396712,7827.0,0.02412569361782228,2.263171421831979,3888.282708167679,7827.0,0.03279342761170841,316.68532260436353,294478.9876825686,7827.0,0.026117730637363536,1062.1104662065177,1557036.564680998,15480.0,0.038580951159768576,30.107637603211003,20226.96948080445,320.0,0.11855612293259253,846.6748299239945,60237.74038133286,320.0,0.10070920699341562,174.78845833236738,17233.5361431319,320.0,0.033605202591353064,79.31504173525991,70233.21048651185,320.0
Run1404,Run1404_best_field,0651,test,48,48,0.024320438561544706,19.610876193008714,33155.394033359546,39185.0,0.016933719909086854,0.030221823731719066,3.3160681429067047,11564.282763557658,2585.0,10.406676492973139,11393.855770236281,25775.0,0.011609017978488291,0.6558893876823945,4866.7567120122785,7837.0,0.014661708958790622,0.0012517381071916276,5.822966414344689,7837.0,0.025996852331571417,0.04515969400542523,66.8204592206712,7837.0,0.023659289412932598,2.1764153423315564,3888.1085845294697,7837.0,0.038682658176060696,335.490085552462,224205.91719621173,7837.0,0.018541152897754806,694.617715655031,2020562.9480011866,15480.0,0.03637777739109832,39.55198019426187,29887.934966066307,320.0,0.1253271024890359,722.2813540579441,45985.02271969245,320.0,0.06082723546102524,98.82333742774213,26709.35247297465,320.0,0.03927580145930322,108.34078321285597,70233.10336826851,320.0
Run1404,Run1404_best_field,0652,test,49,49,0.02965982231308536,27.381418071272712,31125.67987543439,39160.0,0.021131156349912295,0.0354066628610749,3.8202949176863794,8555.597874993402,2490.0,19.24725983115309,15353.200370021481,27845.0,0.012215596546805776,0.7507372944352976,5031.049957478162,7832.0,0.01803324186244689,0.00097039201820101,2.984005372070587,7832.0,0.026788445683185367,0.054397293072965286,75.80227802224401,7832.0,0.02882872843094996,2.39814253366019,2885.519527321996,7832.0,0.032303754121160495,689.7241654298148,660951.2836346847,7832.0,0.022245386912747706,1378.723424794284,2786103.3777438444,15480.0,0.04795012662191822,80.48878969489337,35007.07945554924,320.0,0.10574577974637227,1304.080913452758,116621.45371874596,320.0,0.08922583172787406,236.02004056450025,29646.106930632894,320.0,0.04270831709464972,128.10537003370519,70233.19381486115,320.0
Run1404,Run1404_best_field,0653,test,50,50,0.0246514267350507,20.48002206943138,33701.272614882044,39155.0,0.019088750788199653,0.030121491571128218,4.155524298822959,11404.357157899953,2505.0,11.43843499840987,12607.055397417158,26325.0,0.012233507964604429,0.723380523240551,4833.534171352902,7831.0,0.01492536184747132,0.0011883250874799736,5.3343993856473855,7831.0,0.028529776897612175,0.05760717229157038,70.77498841698637,7831.0,0.02613720463274709,2.4632951268843595,3605.7712496968174,7831.0,0.02768652894822276,286.44549435951035,373684.40331956086,7831.0,0.022698287389472407,1391.159399770496,2700167.549684047,15480.0,0.038559051957755164,55.20376117806907,37129.232622697775,320.0,0.16214907284129745,2022.6194493616754,76928.14133934096,320.0,0.06886361597943366,153.23213389431208,32312.473379029623,320.0,0.037184469796780244,97.11036982989026,70233.194323491,320.0
Run1404,Run1404_best_field,0654,test,51,51,0.024604706255479405,19.31618069657007,31906.920506297767,39170.0,0.01564320522738081,0.0343704158413946,2.50100057883322,10220.268520517071,2610.0,12.10764458117635,10249.202894361455,22890.0,0.011359979784014594,0.7409192255201744,5741.372794426514,7834.0,0.0134730211055877,0.00081191973332302,4.472837461615512,7834.0,0.02172256733702312,0.03727268703651285,78.98932424306489,7834.0,0.026274782245022416,2.5681450509640946,3719.9859405180596,7834.0,0.03535700368623112,321.1678146865765,256910.05911101712,7834.0,0.024917487352090054,1166.5552995989,1878870.4583124397,15480.0,0.04960057340775864,58.0361635938592,23589.856654325456,320.0,0.10326701406957033,814.1435065232115,76344.49451109322,320.0,0.08931557287116298,159.2782150082868,19966.50281542076,320.0,0.03814677234242466,102.20167926753129,70233.19681014257,320.0
Run1404,Run1404_best_field,0655,test,52,52,0.026051828009122046,24.857335897284816,36625.04578465462,39115.0,0.020852815638066808,0.03250495630261199,4.725264960141299,10866.677005548967,2510.0,14.654896002530792,13870.226967166913,25445.0,0.01258847083219886,0.8498734474365481,5363.0062720909955,7823.0,0.016513787316996167,0.0013584967649462162,4.981558498578893,7823.0,0.033279984448965995,0.06810393073833326,61.49020619175088,7823.0,0.028102156319883782,2.880062122032541,3646.889168278616,7823.0,0.02455608101476303,382.53241238881316,634380.9372780382,7823.0,0.020627403966086498,1548.970537170015,3640441.1048839553,15480.0,0.03871495638084636,78.68659926210462,52498.05668375944,320.0,0.11770502917119931,1438.7094223271017,103844.39232570409,320.0,0.06721605466712426,209.91711231404372,46462.41810666776,320.0,0.04674113659123166,153.44078355981947,70233.16985318116,320.0
Run1404,Run1404_best_field,0656,test,53,53,0.02672213691745374,23.862139383846145,33416.96535602681,39145.0,0.019407470511181156,0.03505887179027115,4.209211991479636,11175.39620048109,2590.0,13.681009563819908,11130.69478453629,24005.0,0.010234038623720252,0.5739989741722634,5480.460006845787,7829.0,0.016573521492024207,0.0013609861327292323,4.954776949597841,7829.0,0.024650336354955196,0.04768234792214636,78.47149615992392,7829.0,0.026449222985748873,2.819951009922642,4031.027189079077,7829.0,0.03876588564905245,483.24420512426775,321563.86067971925,7829.0,0.023517231441868375,1387.4252787124867,2508633.4945183024,15480.0,0.04252883579372572,60.206307598036176,33287.02671485442,320.0,0.0872649707939365,729.9919339622771,95860.16365009826,320.0,0.08626339703202064,211.7083672018114,28450.172866110377,320.0,0.03454259406659674,83.80159488512527,70233.18864385854,320.0
Run1404,Run1404_best_field,0657,test,54,54,0.023764320777936714,17.99984289148404,31872.630097101992,39175.0,0.015795756104443174,0.030026482363233662,2.556651809250817,10246.858681284855,2605.0,10.353655734136357,11483.77847201816,23995.0,0.010731490336550348,0.6446151068821528,5597.32341814332,7835.0,0.015088521321334628,0.0009764189252400456,4.288869448165327,7835.0,0.02628627225589205,0.05631308498969963,81.4988191888651,7835.0,0.021550778351418564,1.712388752392501,3687.0280879756265,7835.0,0.03421654096962743,289.03559701085237,246876.14413134614,7835.0,0.02475893291132454,1202.5010185779151,1961650.3805306149,15480.0,0.046999157853598636,52.294600105948525,23674.27532209172,320.0,0.12131549961777942,1241.1016873589533,84328.57931373641,320.0,0.09977949071654871,196.32665395482164,19719.536327039543,320.0,0.03661546708592829,94.16111086001274,70233.19350403312,320.0
Run1404,Run1404_best_field,0658,test,55,55,0.025709180040529113,21.027729305148153,31813.82782409415,39130.0,0.0164324288518911,0.03338387755838483,2.8864183148452645,10689.459603989359,2540.0,12.083926291336574,10842.626802173441,23975.0,0.010791338256216771,0.616492772068265,5293.920042819598,7826.0,0.014794333865571422,0.0010430455831969543,4.765543716462512,7826.0,0.026998521812266155,0.049253156129859046,67.57002683977753,7826.0,0.024155518077146068,2.1841464902224335,3743.2518688038285,7826.0,0.03925517339566576,421.7764590501933,273708.6586713328,7826.0,0.02453780952562802,927.4261487931822,1540308.651722646,15480.0,0.040783327347407285,35.164242670799695,21141.507816207777,320.0,0.12580563806983908,962.8634677814018,60836.53911515839,320.0,0.09556655846593859,170.09078684432183,18623.82564585749,320.0,0.03054071830306545,65.50899783998193,70233.20076616836,320.0
Run1404,Run1404_best_field,0659,test,56,56,0.034488858489181956,41.7053239470069,35061.771754855625,39135.0,0.03782494247715373,0.03803984999235345,17.056858006508797,11921.817837296547,2475.0,18.72854941359934,12942.749623436006,26240.0,0.011805500720902898,0.7076499938301011,5077.497089114883,7827.0,0.014823083562809628,0.001260124712602954,5.735039519681722,7827.0,0.03626723857941133,0.07764226760167314,59.029517352349934,7827.0,0.04829777201149797,8.826137158609427,3783.698108909373,7827.0,0.03749221997087505,552.8054394147275,393269.25445661304,7827.0,0.025226870275649953,1732.7424286223018,2722746.8356073704,15480.0,0.04507904730241448,77.35187554765291,38064.610504612705,320.0,0.11331586041812063,1067.2629361078743,83117.03185261873,320.0,0.06290995860947095,131.5758971731051,33245.85765778969,320.0,0.03664015440686477,94.28811819401653,70233.18728755109,320.0
Run1404,Run1404_best_field,0660,test,57,57,0.03013445009583839,27.099508381640906,29842.477210053778,39175.0,0.02210592051369018,0.03755317202131572,4.064191654754646,8316.813668155612,2530.0,17.382321048488077,12325.78289134245,25545.0,0.012188048552798293,0.8810306279017603,5930.928044717921,7835.0,0.017541293087176866,0.0009812417376175349,3.1889873969105285,7835.0,0.02949424554706965,0.06371967462778576,73.24853894071481,7835.0,0.02827757171628696,2.588353604509102,3236.975271118632,7835.0,0.039988309590005405,582.0599632472964,364000.2115236402,7835.0,0.026572684600836265,1302.998851905064,1845326.28312403,15480.0,0.04397793536158972,44.54273814799839,23030.70526018729,320.0,0.14456762197139994,1531.997029196836,73302.00410843518,320.0,0.09785239161508065,185.35533852115063,19358.07684053544,320.0,0.03230819140002928,73.31076423653758,70233.19940974208,320.0
Run1404,Run1404_best_field,0661,test,58,58,0.028320477619162066,28.218192279426127,35182.60898844127,39135.0,0.01742469677216601,0.0411380423024043,3.80230288877558,12523.226952814388,2555.0,19.028401095214402,11243.85034083184,25950.0,0.01246618094089795,0.7901076405168876,5084.162337784689,7827.0,0.013866892588302445,0.0011079447713310626,5.761821624202136,7827.0,0.04683484695573079,0.15305430825059646,69.77620544406207,7827.0,0.02340962832142136,2.212969159500325,4038.186055459698,7827.0,0.030345353184147324,342.4646677504722,371904.4532410985,7827.0,0.023184065929879236,2818.2493133339867,5243245.629834085,15480.0,0.028498944729483968,63.163619213010065,77769.52538747418,320.0,0.10644324468473707,1275.278053323355,112556.00670609907,320.0,0.05683902626159497,222.58836466127468,68898.41011939888,320.0,0.06669717706534559,312.4333186326394,70233.19669711958,320.0
Run1404,Run1404_best_field,0662,test,59,59,0.02539521997935883,21.85624739089657,33890.00551614021,39175.0,0.018965663914935517,0.031107423520689532,4.019844524647566,11175.659356645789,2625.0,11.075710976661659,11445.73087534379,23275.0,0.011119110658861994,0.6568498818973646,5312.831245005695,7835.0,0.015640825922689224,0.0012311693311317768,5.032669647365978,7835.0,0.02480076431607003,0.04300350320318391,69.9155382721387,7835.0,0.026338480341776892,2.6058596094162274,3756.380582443429,7835.0,0.03269008339225774,412.76472208575484,386251.7990609623,7835.0,0.02001080652360605,1137.4659785749989,2840594.4220514805,15480.0,0.0413329028360647,66.33949673199416,38831.159453303335,320.0,0.1366462715259016,1490.3753182487778,79817.85955248069,320.0,0.06913095162696534,162.06881960783628,33912.07769610361,320.0,0.038017252574884634,101.50884721730472,70233.19726223525,320.0
Run1404,Run1404_best_field,0663,test,60,60,0.03155989046560673,40.82657714702397,40989.4410587923,38455.0,0.029996826057667212,0.04199804046344664,13.78964477915029,15325.07008676555,3665.0,15.921833210383188,9026.824830358426,18580.0,0.010643407201980546,0.5639903895273671,4978.6356851776745,7691.0,0.015877475404903005,0.0017527385307854885,6.952711943970246,7691.0,0.025666868652352664,0.06803948350769341,103.27976281560618,7691.0,0.03836770391207624,6.398907767553049,4346.845762195902,7691.0,0.037430351068871874,835.4360316410385,596300.8124928762,7691.0,0.019063835639125355,2316.0374765038464,6372722.572388556,21672.0,0.034413240527861925,110.63731512211834,93422.2855853629,448.0,0.10416281385131924,1636.0834805452973,150792.60810139982,448.0,0.06203719751699099,318.9413730435498,82871.75158105174,448.0,0.050625098824528994,252.0009653765419,98326.46741316364,448.0
Run1404,Run1404_best_field,0664,test,61,61,0.029057026492530603,31.95608772360439,37848.72603257975,38425.0,0.02541602604862991,0.03678448464366798,8.199636580017458,12693.43929505268,3440.0,16.333636463378017,12071.285830916022,21130.0,0.01198430324072814,0.7218578331670026,5026.04178083008,7685.0,0.019706431551065006,0.0019675715418558315,5.066575913252796,7685.0,0.026204024478435235,0.07145484632981691,104.0628453960799,7685.0,0.03289530071966548,4.054573932760318,3746.946585197554,7685.0,0.03025564467167158,580.741730703287,634410.2809438416,7685.0,0.019339696189564028,1613.3829839176037,4313583.183278977,21672.0,0.035880154431076984,74.66225822045203,57995.26191998169,448.0,0.11648029737775042,1681.2323780642237,123914.69258978701,448.0,0.07271558432121955,262.6133504046762,49666.29957463463,448.0,0.047432895231264836,221.22271429801367,98326.47009749155,448.0
Run1404,Run1404_best_field,0665,test,62,62,0.025475468519496083,26.02386904888978,40098.44259932677,38420.0,0.0199207602848767,0.03635583416775966,6.6042974188941015,16642.355860400367,3580.0,9.766843659034972,7389.346098879615,17500.0,0.012022525341471085,0.6391556149002287,4421.964036375168,7684.0,0.015565809595376909,0.0017742973850028172,7.322898000650808,7684.0,0.02405194426646949,0.0671571161632784,116.08915790867155,7684.0,0.026244423648493963,3.1318986197156704,4547.090688524182,7684.0,0.029227724369659938,430.95474643451524,504477.3383910921,7684.0,0.019857323554964546,2291.4718080660173,5811297.298959896,21672.0,0.0296421071986075,73.38481278024732,83519.53034880685,448.0,0.11151299486987075,1790.1666694690798,143960.2219364001,448.0,0.0709699502357174,367.4743231365667,72958.85291306677,448.0,0.05724769458413301,322.2452109611104,98326.47453388765,448.0
Run1404,Run1404_best_field,0666,test,63,63,0.0286006677353348,28.69448543916503,35078.91046437655,38415.0,0.029237930688206886,0.03168051360054434,11.205079895027568,13107.555131391857,3465.0,10.441966521382005,10403.940721532932,21910.0,0.012232845054473843,0.6617048221467099,4421.904408373123,7683.0,0.017952877228336397,0.0016851575716825453,5.228443197816297,7683.0,0.023026223088465428,0.05823298664991708,109.83067400511065,7683.0,0.03812915348546822,5.182217197900867,3564.521874806027,7683.0,0.027442442547990928,358.13958558742866,475561.6217592296,7683.0,0.019087793399767582,1523.99300363534,4182842.594680721,21672.0,0.03432029393210104,71.72574059100008,60893.79542381617,448.0,0.12706041513258964,1593.0310647639224,98674.22065278079,448.0,0.06573301302251408,233.91847290469374,54137.405773193415,448.0,0.040787142594341436,163.57501328141916,98326.45955766606,448.0
Run1404,Run1404_best_field,0667,test,64,64,0.02760439817916685,30.93607884978383,40598.379555983185,38450.0,0.024336022221433915,0.037334638968724985,8.656330479248275,14616.205549766588,3575.0,12.795444027865248,9179.762588149419,18015.0,0.010737937720671518,0.6311935491065988,5474.201636574989,7690.0,0.014947664385081933,0.0014219135025518635,6.363946234588165,7690.0,0.027431091724192065,0.08995518827230847,119.54737163452351,7690.0,0.03232426269912176,4.311715715662796,4126.604653149953,7690.0,0.028679676728370962,489.8618018359856,595559.3841100596,7690.0,0.017932749003826562,1779.4735076510185,5533472.894297688,21672.0,0.03491198930197793,95.92327790565706,78700.01578546871,448.0,0.11490536058072535,1877.8909370454971,142229.53367545776,448.0,0.0610505994110126,257.01333093618297,68956.59137642747,448.0,0.05466325434804665,293.80649390842063,98326.46444666499,448.0
Run1404,Run1404_best_field,0668,test,65,65,0.03694310448042814,50.7672195074229,37197.74403407997,38450.0,0.0488688247459039,0.03206130345556867,33.160011068528185,13885.159643092124,3595.0,10.860987060721861,10565.910970886423,20260.0,0.010911711501913956,0.5438867342475803,4567.96445850355,7690.0,0.015993749246132293,0.0014181074321302034,5.543812936905456,7690.0,0.024743364652323394,0.06399336610513896,104.52434240278725,7690.0,0.06377020390608346,14.539509128683736,3575.313536304615,7690.0,0.0252283111660596,409.86504688391074,643968.3537745433,7690.0,0.0211033705525506,1931.679787758716,4337420.083746424,21672.0,0.03750397902449431,82.99319854355815,59004.86327085355,448.0,0.12145541293954908,1648.8807881238436,111777.78724432053,448.0,0.06826916982804794,239.65631021677558,51420.89424870211,448.0,0.045716682077224895,205.50378863363494,98326.46495472576,448.0
Run1404,Run1404_best_field,0669,test,66,66,0.03269328934397293,44.97337561200587,42076.368490799294,38455.0,0.03021545395936885,0.04097607297021512,13.858552447091867,15179.575364633401,3620.0,21.55477876807804,12837.572246496242,20780.0,0.012867918828772962,0.7454580812625012,4502.011517856129,7691.0,0.015774248228170053,0.0017297873864136125,6.951769831202523,7691.0,0.030776566541475488,0.07994157302941542,84.39803860379628,7691.0,0.040978355480292376,6.651829873749981,3961.2484486691997,7691.0,0.03349150226085306,937.8208267312214,836085.3555966725,7691.0,0.024713057111922506,2940.4271981796246,4814569.78012166,21672.0,0.03361315932437147,75.15693971685323,66519.72113228074,448.0,0.11697071808651906,1868.355498494706,136554.24404162884,448.0,0.07084380476223227,289.0536559026218,57593.66442375657,448.0,0.048117696132453806,227.6564773768987,98326.45034761156,448.0
Run1404,Run1404_best_field,0670,test,67,67,0.027215939825575276,26.671049565133185,36007.53855579609,38425.0,0.023898432262505355,0.03278445070027443,7.3913263848732065,12941.4683897545,3535.0,12.393993210087697,11531.224590942144,23310.0,0.01250758812590491,0.787795067175391,5035.772641897347,7685.0,0.01644873546005399,0.0014529431351913344,5.370114989529011,7685.0,0.026344252434318326,0.06607254635031225,95.20270449459373,7685.0,0.0302291748309411,3.237802358823542,3543.2169953384823,7685.0,0.031636847655044445,449.8837835118115,449483.6848024041,7685.0,0.02197786729069529,2349.6714150197113,4864475.721723392,21672.0,0.03202760176528374,74.02091858634678,72161.51304710872,448.0,0.12723527470569015,1892.337844051729,116891.68286388798,448.0,0.06333027037547917,257.2888094334253,64150.22929240296,448.0,0.05472840045240192,294.50725380840504,98326.47854758242,448.0
Run1404,Run1404_best_field,0671,test,68,68,0.02703577512787889,29.239006435721237,40002.29975223081,38440.0,0.022705877396988747,0.03351070816611529,7.292856691945153,14145.591183846915,3600.0,13.742414148380037,12237.5878127941,20685.0,0.013749479826546101,0.8171591552674183,4322.491167416791,7688.0,0.01582968818888864,0.0014099432139090906,5.626740690458796,7688.0,0.023212766947750377,0.052078614811265855,96.65083312450327,7688.0,0.03211586862339356,3.6598474651220787,3548.3270329385064,7688.0,0.025487001214700492,587.8320319996654,904931.6304583258,7688.0,0.020468695819375507,2296.4513345976648,5481215.816870126,21672.0,0.033663108054663576,89.8123329820797,79255.16155842404,448.0,0.11912821633560525,1884.6128721459636,132798.4097699981,448.0,0.06109672338263652,263.1618852803733,70499.68064530278,448.0,0.05357969990686812,282.27412961017035,98326.48705173927,448.0
Run1404,Run1404_best_field,0672,test,69,69,0.029583179109421428,41.24418875257535,47127.35651638659,38445.0,0.030616197144925358,0.03323390134759693,16.308731118396906,17398.735306762886,3660.0,14.337071069707136,12980.690208151902,21670.0,0.013580463996100993,0.7713673062539635,4182.462066311191,7689.0,0.01585843872020044,0.0020153107631972317,8.013480190060429,7689.0,0.031625091514721655,0.08707613956758181,87.0633923277378,7689.0,0.042389717050520054,7.525392742445128,4188.014097131151,7689.0,0.023896497529541483,570.1295849775493,998401.153939935,7689.0,0.02504169793036076,5123.904875626767,8170968.073180256,21672.0,0.034616719552505025,146.05927334063887,121886.97992023636,448.0,0.12652766056566458,2913.2130982428657,181970.62951444738,448.0,0.05316175701550738,308.5396869419731,109172.28048864227,448.0,0.09071610728733001,809.1692076503678,98326.489877629,448.0
Run1404,Run1404_best_field,0673,test,70,70,0.029811233828653704,32.47250701006859,36538.937725581054,38415.0,0.0208734010323669,0.04162764653893202,6.212201770852311,14258.016692745412,3515.0,18.965927529752445,10944.864018103024,21670.0,0.011256210962614744,0.5938169727113469,4686.71083248809,7683.0,0.01684836491450251,0.0016589257703026117,5.844016497120704,7683.0,0.032209896089922446,0.0937439206937358,90.35755394808807,7683.0,0.027840831222156824,2.999478338631727,3869.7359747322516,7683.0,0.038900666166919104,707.629168463518,467618.46183033835,7683.0,0.019401511645112772,1879.444920225875,4992964.348811085,21672.0,0.030225427332226863,69.15452910527598,75696.48773666564,448.0,0.11112876786027967,1436.208428365892,116295.91841936471,448.0,0.0600603021264175,245.0969431300478,67945.83961728272,448.0,0.044334595526350724,193.26624975177947,98326.48589332719,448.0
Run1404,Run1404_best_field,0674,test,71,71,0.02713734605508802,26.471427687690515,35945.34193094127,38400.0,0.028805445019413223,0.030013466860185366,10.944741601667936,13190.350453142499,3430.0,9.972970879560242,11071.136960585638,22195.0,0.01012437029191206,0.5000706234255985,4878.601007455678,7680.0,0.016819415183240496,0.0015310378074973995,5.412079070249564,7680.0,0.026102785839825116,0.06673976021601505,97.95146176962173,7680.0,0.03516805782082691,4.528432393097948,3661.4332305086127,7680.0,0.027867383204265836,337.9135055497977,435124.13258688117,7680.0,0.0230683987967661,2677.3938690998098,5031266.977128696,21672.0,0.03446894510777931,90.49162255752623,76164.46407933123,448.0,0.1633540245987789,3291.961996332516,123365.90111462011,448.0,0.06170356297785593,261.5135643411353,68686.87138625844,448.0,0.040772088930886616,163.45437691982897,98326.51095795873,448.0
Run1404,Run1404_best_field,0675,test,72,72,0.030758886988353856,36.16610566030113,38226.145970721904,38465.0,0.03097635152665203,0.03429827155524906,12.835538798284166,13376.841325251286,3635.0,15.348751748322025,13047.53867274164,22270.0,0.012427255291903723,0.7556615185516453,4893.018598098947,7693.0,0.01810446647731598,0.0018449974149480559,5.628909935677697,7693.0,0.02847708733884329,0.06962311472468229,85.85435185886354,7693.0,0.041512694361427904,5.998673755498539,3480.9148447064686,7693.0,0.02854696525803445,575.531398823696,706234.8248837601,7693.0,0.020350613374790622,1887.3140784778177,4557106.43962844,21672.0,0.03501300591987518,81.0860726859838,66143.54568298996,448.0,0.11719516257343898,1629.072943872948,118609.95993512585,448.0,0.06419111426450613,241.96018726850082,58721.086555261514,448.0,0.04191092987438393,172.71321263414848,98326.58805645036,448.0
Run1404,Run1404_best_field,0676,test,73,73,0.028769312485804673,30.710429558970937,37104.529095209,38435.0,0.023016438638266357,0.03637560143602032,6.617433547057952,12491.463911716159,3515.0,15.086356425727207,11401.552690366816,20380.0,0.011221759782335097,0.6540593253755481,5193.919407422609,7687.0,0.01778025648507443,0.0017125379114476167,5.417066306431858,7687.0,0.031785347372708044,0.09099521024521935,90.06677423156577,7687.0,0.02968709564430141,3.2085320056220485,3640.583131581162,7687.0,0.031180150476284047,579.3236237814504,595888.2543524366,7687.0,0.019893846333968634,1588.178273786831,4012931.371827973,21672.0,0.03671194696788957,79.85349463525628,59248.736363600954,448.0,0.13133195791131266,1658.286996538938,96143.26301120812,448.0,0.061797906744567824,201.65625104684923,52803.67625994558,448.0,0.0323703994091328,103.03078614221613,98326.57177307288,448.0
Run1404,Run1404_best_field,0677,test,74,74,0.028180740125615757,33.91887869491367,42710.700726458184,38395.0,0.020306936710618444,0.035785829732442515,6.020191500784462,14598.945111057656,3465.0,18.614032043378568,14535.108390203452,21725.0,0.012959020188840943,0.6850636673510265,4079.3089875466703,7679.0,0.016083948433559408,0.0015536706625379041,6.005838105161493,7679.0,0.02778100140069166,0.06884655933300843,89.20443526896844,7679.0,0.029094861281429654,3.1368638754593894,3705.6388513293377,7679.0,0.027352706594569606,855.0745282817487,1142887.1653436422,7679.0,0.020064321609401126,2726.697584746071,6773108.184523829,21672.0,0.03553495288114344,122.70286393649538,97172.4631890684,448.0,0.1345492089329945,3115.936024146109,172117.9777367424,448.0,0.0673707432677436,389.1167543588929,85730.87441185326,448.0,0.05900744623603877,342.36081002996707,98326.4606314332,448.0
Run1404,Run1404_best_field,0678,test,75,75,0.026589407443957807,34.414847172795945,48677.529349049706,37320.0,0.022836018425337657,0.03625657738097918,11.329824033658753,21726.13107263567,4965.0,12.024114626199697,9147.017271034989,16910.0,0.013875200475322163,0.6448312048580064,3349.40382814576,7464.0,0.016350564637102494,0.0022350511269710453,8.360301743251675,7464.0,0.022620688137469338,0.06941209036386349,135.65115590901482,7464.0,0.034279034734704415,4.583127445730115,3900.360646602829,7464.0,0.02393043092122135,649.8659851134046,1134808.9902263791,7464.0,0.017550394685833273,3870.7058221694842,12566559.458844999,30960.0,0.02442907819159361,124.25146266270639,208203.17628332376,640.0,0.13282428902812796,2746.191101755201,155659.5446761087,640.0,0.04446050811104503,382.120342179045,193308.66191024703,640.0,0.06112113689523504,524.7536754775037,140466.46127105044,640.0
Run1404,Run1404_best_field,0679,test,76,76,0.03358614246722917,60.401276139354756,53545.85561990818,37310.0,0.03971843390158603,0.034434571553996485,33.70967139028223,21368.315487070628,5045.0,12.863445338103771,10848.456150761824,14420.0,0.014431986714421927,0.7485180461766109,3593.76797699593,7462.0,0.018123409179342003,0.00270030568056013,8.221160717928498,7462.0,0.026659726152731978,0.09109521370064258,128.16935267269145,7462.0,0.0586090683153303,13.911272939328775,4049.834132029556,7462.0,0.022659934031244798,734.5241982363677,1430503.1729086642,7462.0,0.022775293919045758,7325.377371421219,14122189.079985801,30960.0,0.02829217178958529,175.6389775757915,219426.12185594812,640.0,0.1259592136945192,3648.9290783048987,229988.19278304657,640.0,0.05363800165816812,568.715120349613,197674.02081982873,640.0,0.07978695685871635,894.2032452228168,140466.39596558234,640.0
Run1404,Run1404_best_field,0680,test,77,77,0.02804080456983072,38.24697246537536,48642.52625359988,37325.0,0.024207219717447725,0.03699473018027616,11.277235419743263,19244.774318538548,4890.0,14.7924052974277,10808.341775169274,15225.0,0.013844455884649918,0.6911588581126996,3606.0030932968366,7465.0,0.016574094398103735,0.0021914412765765006,7.977562610905438,7465.0,0.02793124180202568,0.10447764847386327,133.91921659406933,7465.0,0.03464228454687765,4.387233397245297,3655.760111722192,7465.0,0.025021652696492362,732.3902992864313,1169797.2601407552,7465.0,0.021430084779289763,3920.5495139511436,8536879.764889993,30960.0,0.027255217985042237,99.87018679553316,134442.48848453508,640.0,0.14450896801669624,3042.887750662943,145712.34003386842,640.0,0.052541272888685965,339.450855785391,122963.3617210005,640.0,0.04802368021380052,323.95383403686355,140466.33380193426,640.0
Run1404,Run1404_best_field,0681,test,78,78,0.031005587983583126,49.351784444522735,51336.1052987294,37345.0,0.03257678266312561,0.03534900692865269,22.704576700698002,21394.248134133075,4890.0,10.892306084647833,8716.967000483593,14775.0,0.01578375749348376,0.9318760944294155,3740.566426505583,7469.0,0.018049638994725933,0.002831665900659811,8.691704859075074,7469.0,0.023944722003190925,0.07930855901981952,138.32493046772132,7469.0,0.04697843729729433,8.901585598155183,4033.390211619984,7469.0,0.02505588732743993,755.2239753997239,1202973.86929977,7469.0,0.022159753785486586,6116.01680744525,12454858.815074366,30960.0,0.02659682121603005,140.6843880486075,198877.85987601036,640.0,0.12384480150441052,2782.3975218585383,181410.9990501418,640.0,0.05103831787802746,473.5468613342104,181790.11213459325,640.0,0.0682425207532819,654.1577860352827,140466.38118725616,640.0
Run1404,Run1404_best_field,0682,test,79,79,0.02885637924050873,40.19206934079511,48267.70980339277,37305.0,0.02478105036150874,0.03644232829150742,12.799137072931458,20842.090128134,4875.0,14.671683102197827,11047.594004085251,16705.0,0.015287677978616028,0.8307525330960422,3554.5826925572464,7461.0,0.01834463162660847,0.0029858261395068458,8.872510567776756,7461.0,0.027872808820369147,0.10687355794249047,137.5652671286754,7461.0,0.03577437042664983,4.9836550422618435,3894.071976548271,7461.0,0.025267600692730773,650.2747837781233,1018518.4564997777,7461.0,0.015755742367879053,2372.54849567334,9557347.054615969,30960.0,0.026919888941486274,110.87959313058074,153004.8142261366,640.0,0.11969711271909247,2253.838013448194,157309.64468610962,640.0,0.05088982505044183,362.16051323553216,139842.50060767593,640.0,0.05397710480977158,409.2527493218704,140466.39376195596,640.0
Run1404,Run1404_best_field,0683,test,80,80,0.02687495088818878,34.66192344244955,47990.72380929084,37355.0,0.022802515039117746,0.03618245114120471,10.445070120475565,20088.423624191644,5015.0,12.588561612508958,9615.683080489536,16170.0,0.01323011168829077,0.682212599842156,3897.55915285313,7471.0,0.018485576086450517,0.0028421473788206347,8.317266463460882,7471.0,0.023987934237153327,0.0765492458614922,133.03172343269569,7471.0,0.03150081230415633,3.812096380195923,3841.672743196411,7471.0,0.025128143239799967,667.9275003457838,1057812.0910703845,7471.0,0.02330019736776295,5329.3788594464595,9816516.372096427,30960.0,0.03370799723607561,169.88999017941484,149520.89637435184,640.0,0.1377253918407909,3348.815729362564,176548.16890394123,640.0,0.05169216143356791,359.76104359309613,134637.1005677706,640.0,0.05087893260737524,363.62041505205434,140466.34270157307,640.0
Run1404,Run1404_best_field,0684,test,81,81,0.026779638513184895,35.55804744861791,49582.507289300105,37370.0,0.021083031337061305,0.036940598315696696,9.127313552400523,20534.15621548436,5140.0,14.134242469599503,10357.73240412378,14620.0,0.013729507195073746,0.6495371704440547,3445.832089292446,7474.0,0.01700950913306853,0.002321430982024277,8.02365441031842,7474.0,0.02238610100146431,0.06623261217651687,132.1645452420597,7474.0,0.030573473711993877,3.82912031707197,4096.466823673282,7474.0,0.02555460139616625,808.4922873217284,1238048.5018063388,7474.0,0.02050334242420198,4810.3334288563265,11442629.88691436,30960.0,0.0284643298323573,142.16645311862027,175466.89945633523,640.0,0.12654253335161306,3171.259373068684,198042.64339039373,640.0,0.04982695739732163,392.1548600667881,157953.3585514685,640.0,0.06605622241397553,612.9131673028023,140466.08679696888,640.0
Run1404,Run1404_best_field,0685,test,82,82,0.027339677104599606,35.15031060791977,47026.47270182443,37320.0,0.024614790060706115,0.036421698246751934,11.829441351139806,19524.142257340463,4960.0,13.38182285607666,10087.763516552019,17365.0,0.014979079935441238,0.8576505287873623,3822.434770521555,7464.0,0.016783489001174386,0.0021627516546172116,7.6778947840059875,7464.0,0.027976457862476815,0.10080131714990115,128.7895877206087,7464.0,0.034053139419339726,4.493537810625813,3875.0212410026397,7464.0,0.022549218858154106,531.0927675847445,1044497.4490143468,7464.0,0.01717779106955683,2738.8274143296458,9281753.573621545,30960.0,0.031959413540239553,143.53670485071254,140528.8101999485,640.0,0.1374868550443855,3156.4092551551435,166982.49759312707,640.0,0.054124522099149086,368.52712806008185,125800.19470745296,640.0,0.055868822008694696,438.44131318555173,140466.39644667075,640.0
Run1404,Run1404_best_field,0686,test,83,83,0.02716461861593365,33.30458033670706,45133.26390098341,37350.0,0.022103260241356587,0.035184862992453644,9.899726249716922,20263.315731610644,5070.0,8.620001741588043,6962.987652900327,13570.0,0.013243800936812133,0.6680061038537072,3808.51036641511,7470.0,0.01703952520174443,0.0023247295927730474,8.006772071596885,7470.0,0.02294671327506982,0.07693604063834404,146.1129988285152,7470.0,0.03180384001822413,4.153704381273937,4106.5438465604775,7470.0,0.027709557004075413,600.1938066672355,781686.0187603576,7470.0,0.021521702412994576,3756.9086090262576,8111055.751318654,30960.0,0.03553192414421255,153.1018706037318,121267.11465615511,640.0,0.13374791252089832,2884.1962356180074,161231.82905057963,640.0,0.05294281677707629,303.6954146347266,108348.81031152577,640.0,0.052590369378875915,388.494535266007,140466.40639644404,640.0
Run1404,Run1404_best_field,0687,test,84,84,0.027943294700589396,37.74110868453545,48334.7450141898,37315.0,0.02397494316150775,0.03738500650993085,11.617091433508586,20210.740925885184,4800.0,10.987182348976269,7861.246441319711,15410.0,0.01563236108390751,0.9186808312957718,3759.373698267123,7463.0,0.019795383930859483,0.003139990849446122,8.01309928555094,7463.0,0.024956264720669592,0.08559439049273501,137.43145242458272,7463.0,0.030674843413086177,3.6623839647919576,3892.235997716405,7463.0,0.026629696462520842,733.1730108785899,1033889.2917174271,7463.0,0.0281133768732147,8205.29682711051,10381695.034077743,30960.0,0.0324885586080796,169.21837500962476,160319.60443612965,640.0,0.11542414739723424,2433.6943107857815,182672.29135444434,640.0,0.05355843622661332,414.7440215877792,144585.37246381814,640.0,0.07605787080714956,812.5697396843616,140466.3566896724,640.0
Run1404,Run1404_best_field,0688,test,85,85,0.026527499265059366,33.85148851623626,48104.43829709968,37365.0,0.019321077684531243,0.03900712425457183,7.6816529397726265,20577.470525818408,5220.0,11.613990868675948,7632.971006860145,11430.0,0.015442093352169513,0.8842189511325134,3708.0661369300165,7473.0,0.015265250731466756,0.0019803594970242548,8.498380099069863,7473.0,0.02324007009459951,0.06925754799684554,128.2307683292036,7473.0,0.02782341685675485,3.3801501302251182,4366.315011143348,7473.0,0.02674406090525654,735.0257293454501,1027656.1756415428,7473.0,0.01798586182317457,2603.729357561147,8048840.747865751,30960.0,0.026990404158644298,87.4478526178237,120041.21258126253,640.0,0.11088232836366138,2009.377421415675,163431.90544438275,640.0,0.058262506951595856,362.72335489125635,106855.57463435535,640.0,0.047381004647826894,315.3413419276385,140466.37709014144,640.0
Run1404,Run1404_best_field,0689,test,86,86,0.02795881139186209,35.64537312475757,45600.095937699436,37370.0,0.022160038422173827,0.03841391029917729,10.030141013663712,20425.186028469172,5055.0,14.83149943208844,10050.971085966452,17000.0,0.016142656378842875,0.99645914273323,3823.926109990145,7474.0,0.015889344553076376,0.0021326678872005942,8.447170580809551,7474.0,0.029505022933672596,0.1307308123366585,150.17099099242077,7474.0,0.03270456649570015,4.141672474487348,3872.2104972921024,7474.0,0.024748636112017136,451.5686858893954,737261.0285808825,7474.0,0.01789501777565913,2917.814481226122,9111574.00980532,30960.0,0.023251639329215625,75.68347609632613,139989.0013187047,640.0,0.15657583326822025,3526.8552036446476,143859.374175823,640.0,0.0541054818788218,370.308958658322,126497.42356529314,640.0,0.05510173674389408,426.4843013065056,140466.40726898742,640.0
Run1404,Run1404_best_field,0690,test,87,87,0.026848550602922086,36.49455147106295,50627.48330719753,37335.0,0.02216783111165766,0.03389746503442107,9.601197601748334,19537.950269849895,5070.0,13.313291915301281,11586.466541859287,15205.0,0.012715231882472531,0.563982601775597,3488.3265820744496,7467.0,0.016409025602479796,0.0022334885369780363,8.295033467891312,7467.0,0.03262979898720592,0.11786979767116879,110.7066581991405,7467.0,0.031518037424710155,3.8073520562414433,3832.698908686057,7467.0,0.022583884546561017,683.3296530057462,1339778.417326656,7467.0,0.020005078154580823,3834.1949890283104,9580621.667135775,30960.0,0.028753291974413373,120.16551412564482,145346.5407850509,640.0,0.13249214793666758,2941.0409934726954,167540.8815476164,640.0,0.05533296213481054,399.48810128527373,130477.61470355286,640.0,0.05674566233850975,452.3116132675268,140466.38302393287,640.0
Run1404,Run1404_best_field,0691,test,88,88,0.03007633159799074,49.18853825690904,54376.86781836824,37340.0,0.025795947375306164,0.0412255148329842,14.19549535658408,21332.786522949118,5035.0,22.193926046686293,13058.760555162535,15910.0,0.01506091055258508,0.7235294203446436,3189.7286317351327,7468.0,0.018119005161031237,0.0027864889448775743,8.487672757528884,7468.0,0.02715141004660548,0.08300202672539966,112.59106309608926,7468.0,0.03725121881265509,5.347569567016361,3853.678404646344,7468.0,0.027502121427021037,1225.305619736822,1619988.8854154013,7468.0,0.01702642653811446,3879.2060913727273,13381223.827352563,30960.0,0.025973002655295317,144.06996188684894,213564.52860812962,640.0,0.13413312258783452,3436.4308438716107,191000.95488590014,640.0,0.05119295459925177,511.6831398616155,195245.35741619213,640.0,0.059158254079158874,491.5901273993886,140466.40119341697,640.0
Run1404,Run1404_best_field,0692,test,89,89,0.030464484861178052,41.46184977726639,44674.63327275824,37320.0,0.023760319725710348,0.046116453350494135,10.947395602886289,19391.26992116671,5030.0,17.751583382747363,8346.90166259536,14325.0,0.015319137843034705,0.8470805226004219,3609.5748156486184,7464.0,0.014283607268338957,0.0016646799429871433,8.159338404632106,7464.0,0.03837713559402284,0.17293824251295542,117.42104144751931,7464.0,0.03400036590355811,4.895454148396985,4234.730779949772,7464.0,0.02675479215667005,577.9041164179522,807332.8515300746,7464.0,0.016528793969463038,1925.562753313225,7048153.342300465,30960.0,0.026047253973793927,75.4545272656693,111214.49988653632,640.0,0.12601481737203946,1761.5417627753861,110930.1793649644,640.0,0.05154303632071676,268.78612763129985,101173.51842347246,640.0,0.035269952108814256,174.7358999461312,140466.3835325998,640.0
Run1804,Run1804_best_field,0273,test,0,0,0.015071629921943858,6.255260789872117,27537.529627219654,39870.0,0.00891679045711451,0.01706120219724153,0.5672550389062203,7134.462187523515,1530.0,4.147226944054525,14247.495927952314,31295.0,0.0051729068509154584,0.15840302884641655,5919.624587127943,7974.0,0.010998336054769893,0.00037182690540836673,3.0738795188038472,7974.0,0.016111826856624795,0.014111716328356172,54.36135401305505,7974.0,0.014276791683507591,0.6684114776638981,3279.3113599931303,7974.0,0.022965408069440953,125.81668597549647,238555.7605239939,7974.0,0.023506548224203894,645.0780724213182,1167439.9699501886,9288.0,0.047658599113417126,34.018389499819406,14977.219837259432,192.0,0.06814440742250963,278.38239158599316,59948.91439543975,192.0,0.10294608685090394,138.27285518359665,13047.197743123425,192.0,0.030705092393807167,39.7296786285242,42139.97125205793,192.0
Run1804,Run1804_best_field,0274,test,1,1,0.015241861159018806,6.228926149596057,26812.49196699395,39870.0,0.009612999366770096,0.0173849116642227,0.526801147864727,5700.709167099896,1525.0,4.293196725837291,14204.822553187225,30000.0,0.00487788420481101,0.15795735166923022,6638.605643079826,7974.0,0.011941749726979332,0.0003633423542829951,2.5478866057872613,7974.0,0.016165005162602455,0.013960688501640183,53.42630531711384,7974.0,0.013852934801338401,0.6090896820591399,3173.9323232513148,7974.0,0.030413320325570273,133.20824971944884,144013.58103962138,7974.0,0.02986870939367113,597.6841887857142,669944.5403294009,9288.0,0.04169941355124796,13.978764540989719,8039.1271043781435,192.0,0.0697278081243794,169.70655197850493,34904.91484123989,192.0,0.1258128060797488,105.58379880461335,6670.334080001455,192.0,0.016235547151715518,11.107786886315807,42139.917419190344,192.0
Run1804,Run1804_best_field,0275,test,2,2,0.0156430855089171,7.091322038055816,28978.931606637616,39875.0,0.010216320712095484,0.016994814839545517,0.750814216336325,7193.553061211471,1520.0,4.13442896365024,14314.713486921424,30415.0,0.0056480633121856715,0.19112782824,5991.351677871726,7975.0,0.012346345994469958,0.0005038836217392003,3.3056232563398753,7975.0,0.01849558177117457,0.018821020486641474,55.01830094971787,7975.0,0.014870365000826797,0.7541370319824808,3410.413274910816,7975.0,0.021075808443403656,121.8421165021644,274301.98421733815,7975.0,0.02262842120173186,830.9618476190595,1622828.3133376103,9288.0,0.04564405202765912,47.467487926115965,22783.889472080882,192.0,0.07617983535655207,325.62234571544684,56109.2083343642,192.0,0.07396832761877836,109.587164496128,20029.40695721828,192.0,0.036521294638237355,56.20642420787499,42139.91236122265,192.0
Run1804,Run1804_best_field,0276,test,3,3,0.016799722888275182,7.806394017813508,27659.621432649667,39890.0,0.011432872464835027,0.018908700697761106,0.9629450044456986,7367.00164216901,1585.0,4.709299533483511,13171.430341800278,30035.0,0.005546571938128743,0.18142592059565973,5897.25673825728,7978.0,0.011325822259646649,0.0004442490590284951,3.463275439329181,7978.0,0.02045034439690939,0.02369745736772142,56.663121845745565,7978.0,0.017344455732096198,1.051549285248276,3495.491738360891,7978.0,0.04155159327605495,111.39108544690754,64517.13498702919,7978.0,0.033119861432713976,450.1203067480014,410347.30353400996,9288.0,0.0394424584237335,7.579902955289403,4872.3187528081235,192.0,0.07856700280621316,119.89985961289239,19423.983605023146,192.0,0.12394038585817865,62.042009927646625,4038.8727568665536,192.0,0.016585019582994673,11.591126928208723,42139.91781478987,192.0
Run1804,Run1804_best_field,0277,test,4,4,0.022745393650555765,13.650400699131758,26385.084236309518,39880.0,0.03020844511125961,0.020457370967750785,6.139191336704766,6727.511135766842,1565.0,5.578365945722908,13329.300525209963,30965.0,0.005685127274430793,0.19938307781239756,6168.902584456594,7976.0,0.012315231042627332,0.0004437826154537783,2.926073005089675,7976.0,0.021160444659614086,0.02365811206987083,52.83606983638238,7976.0,0.030451041224009146,2.979863608597883,3213.602022068932,7976.0,0.04141761018498179,181.54078087721564,105828.862124142,7976.0,0.038696526828752305,506.47142591747763,338229.1033214076,9288.0,0.03667542425653266,5.243125679882848,3897.983309793631,192.0,0.10777616723258292,229.46112704198015,19754.39130841358,192.0,0.15081911029183626,73.63234168038817,3237.0981182694504,192.0,0.027077984420566716,30.897713375627063,42139.91662799523,192.0
Run1804,Run1804_best_field,0278,test,5,5,0.019198838490385572,10.45313078430517,28359.363144224022,39900.0,0.015450292886852346,0.01986704226452083,1.3897583394910067,5821.914933757687,1580.0,6.120493772696123,15506.722998907493,30565.0,0.007341079780777849,0.351079048315209,6514.559044536438,7980.0,0.013458198146593785,0.00046872031326425666,2.5878550009046863,7980.0,0.02471736950020819,0.02563583220175492,41.960718924176135,7980.0,0.018902982125716603,1.1033198145900607,3087.7403309043484,7980.0,0.025483162451092067,196.71379529304147,302920.156085136,7980.0,0.022496190558149068,769.7974465153428,1521102.5763416477,9288.0,0.041618876727722486,34.68655285592854,20025.364627107207,192.0,0.10343250250552216,596.2245309463085,55730.863976652545,192.0,0.08608884763742179,128.15445628319827,17291.788836518885,192.0,0.03713340243937832,58.106306062974,42139.92697006929,192.0
Run1804,Run1804_best_field,0279,test,6,6,0.024125739554932305,15.728687445259043,27022.853827654406,39870.0,0.034724550739027825,0.018507674797055007,8.497180132373884,7046.955901482406,1535.0,4.8710174843316425,14220.536089851756,31120.0,0.005867848808092986,0.19761502956825797,5739.342484754405,7974.0,0.01160154281802258,0.00039644574194587793,2.9454541259035043,7974.0,0.025050986133840356,0.02706396656610701,43.1262598286553,7974.0,0.03423073709143059,3.8513042580890424,3286.815512313511,7974.0,0.03404268045194481,175.91919741412238,151797.8912792583,7974.0,0.02443087511372899,578.0012394669275,968390.9505284459,9288.0,0.03811395769732816,17.00864794553606,11708.511767019801,192.0,0.11142982220028055,535.433268160214,43122.35560978951,192.0,0.12290252902092196,146.95117048930442,9728.623811862988,192.0,0.026367813318701538,29.298264098482832,42139.91535643006,192.0
Run1804,Run1804_best_field,0280,test,7,7,0.01783199598160134,9.139501212098034,28742.370252651355,39880.0,0.010498512314099583,0.020109483430181194,0.6726107888084931,6102.507267090742,1545.0,6.138840922423276,15180.446663151459,29720.0,0.005301277176404554,0.1820770181764862,6478.793067108477,7976.0,0.012835971368322296,0.0004526106651389524,2.747054678566564,7976.0,0.024145989382939107,0.024235193882705383,41.56774716158322,7976.0,0.015007200233950913,0.7388826046971766,3280.772287868972,7976.0,0.030991920566202123,218.50618519217417,227492.3276925804,7976.0,0.021578576820914516,577.2566973704438,1239719.3619899421,9288.0,0.03644786210058831,21.851490477841747,16448.903273474334,192.0,0.08040377216977085,292.77186806379353,45287.30689349423,192.0,0.0936948586932072,124.40995128150605,14171.753800066952,192.0,0.03005747923415913,38.071397588915715,42139.920160133086,192.0
Run1804,Run1804_best_field,0281,test,8,8,0.021272558543612964,12.424351706642332,27455.811326736806,39885.0,0.019734764982700055,0.02247283647986267,2.2212944454532075,5703.510073601181,1560.0,7.400207555808834,14653.052891519761,29945.0,0.006530740818263034,0.28834713421362074,6760.685639487279,7977.0,0.01508627106702234,0.0005504708100676908,2.41863582266359,7977.0,0.027376192949909874,0.03527279660645749,47.064536690691945,7977.0,0.01992134847761098,1.2709152473195189,3202.4261615766823,7977.0,0.0337038754164169,250.77508180641888,220762.1927894939,7977.0,0.02212899544055461,826.9490189068379,1688711.0208279933,9288.0,0.043598031911935134,39.57339229476122,20819.46237354171,192.0,0.07498107417400951,418.55920744900095,74448.09413936366,192.0,0.0995779863506629,172.64996158421854,17411.64510263713,192.0,0.03229196133037421,43.94227180963571,42139.9153281757,192.0
Run1804,Run1804_best_field,0282,test,9,9,0.016997544417594365,8.416074598439264,29129.78014657686,39885.0,0.010236442669915883,0.019316190333799135,0.8591856535197787,8199.52887744741,1550.0,4.949215928760779,13264.57836407174,29990.0,0.0065189037452918425,0.23718173991918953,5581.258190899145,7977.0,0.011106706111339503,0.000475051556725701,3.8509704385135777,7977.0,0.023271883171892067,0.021982433859691484,40.589408181637154,7977.0,0.015508013731256716,0.8789729304094192,3654.7960480569395,7977.0,0.027260419027599944,156.3640665744599,210412.67722056352,7977.0,0.02147985030354328,677.0896894627908,1467518.8885266248,9288.0,0.04650173273977914,44.84443129868515,20738.161354870368,192.0,0.0936443183444719,456.3801969229372,52043.19205581868,192.0,0.07407339541783108,101.30403781023077,18462.999200165905,192.0,0.03324512827655504,46.574670488268566,42139.92564271146,192.0
Run1804,Run1804_best_field,0283,test,10,10,0.055408164711890966,100.57360992542694,32759.442944975257,39155.0,0.07577779649805001,0.042531222821241055,61.775083064662944,10757.946818381695,2500.0,22.18307049447032,12263.259563599842,26070.0,0.007674132797180079,0.31086069471190625,5278.459489901704,7831.0,0.01521353855461378,0.0010447819783968185,4.514037825311055,7831.0,0.03138854518584866,0.09612403671788301,97.5640064374907,7831.0,0.08259302781634244,24.905360079560683,3650.951387004221,7831.0,0.07339276901918118,1753.818768436629,325595.32950985106,7831.0,0.054525853146321974,7183.903591140178,2416326.163122027,15480.0,0.08133772270317652,222.39579559713417,33615.73062687011,320.0,0.170841212419977,2049.1260727114704,70207.48074676926,320.0,0.06607361318340042,128.56937510009337,29449.736956317734,320.0,0.047516378449153726,158.57294318652566,70233.1943800236,320.0
Run1804,Run1804_best_field,0284,test,11,11,0.037554414625483486,45.320953334877935,32134.90667846381,39150.0,0.04251028735188064,0.03857090418933664,20.649099410017257,11426.49499731365,2560.0,16.273479524351988,10938.575838140794,25760.0,0.008133624267752498,0.3430390729722814,5185.317783530144,7830.0,0.013941046475859647,0.0009440975030718163,4.857648644963495,7830.0,0.020219377910686072,0.0367796400687013,89.96465022450317,7830.0,0.04980826028553206,9.367945979309177,3776.0838717009756,7830.0,0.047952556193965046,956.5278288481226,415981.56440105266,7830.0,0.03197373015406486,2521.9719769788057,2466911.933518054,15480.0,0.04822520276938775,77.96701880915558,33524.53817726036,320.0,0.14808111301537477,1876.8100032593638,85589.59463233863,320.0,0.09341841812564287,255.20167361449802,29242.769439842836,320.0,0.04461201746135538,139.7803584166304,70233.19454957594,320.0
Run1804,Run1804_best_field,0285,test,12,12,0.04489308590148946,72.65857558547368,36051.88365808023,39185.0,0.034949014661623,0.056459508760683716,14.4120896026716,11799.322777785612,2615.0,40.06412877493928,12568.443953323496,25155.0,0.008609611945483327,0.40667450179655756,5486.302992714013,7837.0,0.012148380985680884,0.000770104548717317,5.218105817262776,7837.0,0.04173798210971096,0.17751143404574815,101.89747804233417,7837.0,0.0347954015245183,4.863334318884085,4016.894451588754,7837.0,0.07555309119331437,2417.827661413977,423565.7800973984,7837.0,0.03966402821600185,5961.729565166102,3789471.41155968,15480.0,0.05648647838775203,172.08746321147345,53933.70222549292,320.0,0.10264544615174072,1200.5890077277206,113950.17311168268,320.0,0.09079227199686268,390.5303246836419,47375.84774755291,320.0,0.042580433840969226,127.33933976143271,70233.19567984995,320.0
Run1804,Run1804_best_field,0286,test,13,13,0.03611702837996994,41.93590931906904,32148.598409944163,39160.0,0.03748604585309393,0.028719308282124354,14.86240818388577,10576.693532131883,2585.0,10.341236997382724,12537.89245308141,25745.0,0.009679484780250238,0.5146934198600893,5493.436812026927,7832.0,0.017072291745521422,0.0013671804227720417,4.690748879033801,7832.0,0.03256149025401252,0.11799107595475174,111.28602111778953,7832.0,0.03884968807765079,5.525914722419671,3661.247650786021,7832.0,0.0804527027459167,849.278067259432,131210.51242554322,7832.0,0.04837711962835681,3253.879499106672,1390341.3902441612,15480.0,0.06733858317130012,83.4978184749316,18413.959349566812,320.0,0.1979123721200464,2055.5352710694788,52478.21384906466,320.0,0.1467375227355672,343.67700489632193,15961.294435771033,320.0,0.027222781188216007,52.04837951913578,70233.16304396547,320.0
Run1804,Run1804_best_field,0287,test,14,14,0.042940329284827126,57.49183798708864,31179.952706628217,39145.0,0.06337423765639777,0.020904681345811454,42.14786065777371,10494.216975451642,2540.0,5.6775093016523215,12991.842608600064,27780.0,0.008953783544775619,0.4231031467663397,5277.5587050459435,7829.0,0.01927084098064631,0.0016009594941400458,4.311009784627094,7829.0,0.028188595263939745,0.08110320963943284,102.06836867586802,7829.0,0.07151670267716045,18.354425299742186,3588.6063815061534,7829.0,0.03918171836991594,241.80315680604568,157505.24081423788,7829.0,0.03132149931856317,1565.2521258973682,1595508.845783609,15480.0,0.041538138726902984,37.060090947407176,21478.91878629893,320.0,0.1759218633348372,1753.325543495489,56653.001930133716,320.0,0.10739275845214175,212.37103771205793,18413.879374171294,320.0,0.02313071783519604,37.57687626553161,70233.19946628052,320.0
Run1804,Run1804_best_field,0288,test,15,15,0.028972876102126642,26.646983370346636,31744.23258102262,39170.0,0.036093644304794406,0.026312677501034217,13.041903614053103,10011.04740682154,2540.0,7.944085300137687,11473.972721330545,24105.0,0.008214662416499654,0.3532510281413172,5234.847001850586,7834.0,0.01297087015540264,0.0007162446236658129,4.257191156642582,7834.0,0.025776639060655585,0.04809963297415268,72.39176773602672,7834.0,0.04090800540730551,5.760466418489121,3442.239150904539,7834.0,0.031139094709803167,375.4487723980609,387203.0092174071,7834.0,0.02455541540109154,1504.596217466144,2495315.100733794,15480.0,0.04271387281218126,58.82703352129756,32243.26765699192,320.0,0.11676377381070968,1207.528767445379,88568.89777655413,320.0,0.09329175782637208,240.95950885340145,27685.828021737736,320.0,0.03749894126515771,98.7598559795997,70233.19664057004,320.0
Run1804,Run1804_best_field,0289,test,16,16,0.029674800133922954,31.168938638795638,35395.36611413712,39185.0,0.021590771253398658,0.030881123083618272,5.647181062314832,12114.218427645417,2615.0,11.306417975406585,11856.018374154684,25485.0,0.008611938639287987,0.37551011508563553,5063.138255174116,7837.0,0.01440642728171174,0.0011464174325829975,5.523701464600281,7837.0,0.02700678726882626,0.048576264410436,66.60061917942427,7837.0,0.021635674088481868,1.7906909601396621,3825.4257741714932,7837.0,0.04542251655244523,1064.4796185165665,515934.9717450853,7837.0,0.025450875536917363,2986.142813878432,4610044.525840376,15480.0,0.04950288086215465,158.08233760099938,64509.31074986173,320.0,0.11351887162671036,1670.4145003072283,129624.80620358001,320.0,0.08208230342305523,383.9069503229145,56980.5850690314,320.0,0.049352328077843004,171.06362514635202,70233.1880787086,320.0
Run1804,Run1804_best_field,0290,test,17,17,0.02973674246038227,28.702745705240485,32459.11392187815,39135.0,0.04038666513963441,0.023661678618032693,18.702161767748464,11466.10256230581,2565.0,5.38613077420131,9620.237440984332,22415.0,0.006173257047051013,0.19391177101496002,5088.332129155842,7827.0,0.010401442140827673,0.0005724639801725888,5.291283737247802,7827.0,0.021947696784450143,0.032496325987550034,67.46155685395314,7827.0,0.046127424594106646,8.273251926453973,3888.282708167679,7827.0,0.031214565472699712,286.92533592523625,294478.9876825686,7827.0,0.024162078198260648,909.0073242722397,1557036.564680998,15480.0,0.03938752332093993,31.379655097866078,20226.96948080445,320.0,0.11369818818329504,778.7100157702422,60237.74038133286,320.0,0.11564889861704468,230.49282009502065,17233.5361431319,320.0,0.027944458073981857,54.84460396851773,70233.21048651185,320.0
Run1804,Run1804_best_field,0291,test,18,18,0.03726003784148206,46.138525674922015,33233.58019356198,39185.0,0.05011011015766472,0.02398035074355942,28.886905290076953,11504.03786797601,2585.0,6.606318586859521,11488.10646419366,25775.0,0.00875397401531709,0.3729495975232111,4866.7567120122785,7837.0,0.012304474647483164,0.0008815976761778373,5.822966414344689,7837.0,0.030137068000807808,0.053411521970729556,58.80753251258722,7837.0,0.05780019098756319,12.98963452597365,3888.1085845294697,7837.0,0.0464496053518216,483.7390274720213,224205.91719621173,7837.0,0.02661859852336662,1431.6694471298438,2020562.9480011866,15480.0,0.032323403217394374,31.22698605071604,29887.934966066307,320.0,0.10670260844260258,523.5600228030662,45985.02271969245,320.0,0.08540699809963134,194.82750742226338,26709.35247297465,320.0,0.03795315343689642,101.16670175470517,70233.10336826851,320.0
Run1804,Run1804_best_field,0292,test,19,19,0.0343981441217319,37.18972820521848,31430.622378569005,39160.0,0.04510329337510877,0.031590665288266415,17.20422721434361,8457.045369554231,2490.0,15.61004645874386,15641.79722118661,27845.0,0.009577069227287566,0.4614491849384397,5031.049957478162,7832.0,0.01665978572999188,0.0008282060973485366,2.984005372070587,7832.0,0.025691708152005645,0.04681640980809644,70.92709068656876,7832.0,0.04875329488496413,6.858544509830319,2885.519527321996,7832.0,0.03421780412846666,773.8801769544107,660951.2836346847,7832.0,0.02652959857720401,1960.9141667422819,2786103.3777438444,15480.0,0.05403890188317464,102.22777553262196,35007.07945554924,320.0,0.10158796300926638,1203.5467238562658,116621.45371874596,320.0,0.08984053652503989,239.283275175681,29646.106930632894,320.0,0.0447843226947138,140.86219095297474,70233.19381486115,320.0
Run1804,Run1804_best_field,0293,test,20,20,0.049013154374455255,92.21836458415108,38387.701480242125,38425.0,0.06310628869435594,0.03937268630045326,56.235792189459,14121.067779717925,3460.0,20.204311023532835,13033.286800645366,24410.0,0.008754223154805589,0.3379383901330322,4409.631565638391,7685.0,0.01708924068755287,0.0018011975330742495,6.167594471784006,7685.0,0.029943073826413414,0.10318937433637099,115.0912261779599,7685.0,0.0813984456053448,23.652248853382055,3569.769843837079,7685.0,0.04909337879325331,1360.3546582384656,564425.0787463738,7685.0,0.03566734733245707,6170.166675985603,4850151.158050549,21672.0,0.05030477546948312,181.50227868121738,71723.85963590027,448.0,0.14472307502480472,2092.2218263731756,99892.33501930036,448.0,0.04987256643426046,158.74288158573592,63822.060975827124,448.0,0.03634703922160931,129.8998229580775,98326.47724655867,448.0
Run1804,Run1804_best_field,0294,test,21,21,0.04502029131654915,74.48485932536377,36749.497078111424,38455.0,0.05271548846562883,0.04059542479236981,38.91695379491214,14004.331051176632,3655.0,15.437318058341846,9367.369934022772,19640.0,0.009156498227829336,0.43019476482719204,5131.050507382456,7691.0,0.012885968231026012,0.0009902760501248932,5.963787537564554,7691.0,0.03205452415567391,0.1306325283959141,127.13720635410927,7691.0,0.06587657147854278,16.460175316064518,3792.909494132756,7691.0,0.056295441674674714,1241.2007486992234,391647.688122316,7691.0,0.026359059252002045,2649.665581509329,3813565.8661113027,21672.0,0.040914962601145535,89.89729624813762,53700.99257607713,448.0,0.1655308770488658,2630.4153699614108,95998.90984834841,448.0,0.09357495137848948,410.14453723017095,46840.08896210826,448.0,0.037071074584086226,135.1265854325893,98326.47097354144,448.0
Run1804,Run1804_best_field,0295,test,22,22,0.053142674456129406,128.29903785874473,45429.35655834118,38390.0,0.05212127574154762,0.059848806278238825,39.96882479718563,14712.663583882668,3445.0,50.74082810248964,14165.978085729426,21915.0,0.01007198561673776,0.49564834723542517,4885.887563218935,7678.0,0.016838138547934096,0.001544638636229545,5.448020541056833,7678.0,0.024326337227330807,0.06576955147779283,111.14026662444356,7678.0,0.06130338987953487,13.979944104912786,3719.9444488804634,7678.0,0.065165770180406,4625.951322160217,1089336.3443230987,7678.0,0.06581272864957664,42839.876254210176,9890731.511965964,21672.0,0.050102552253719505,386.21258828789416,153853.2681119196,448.0,0.1483848816737201,3735.931358289478,169675.67233244565,448.0,0.04374940895372724,266.20313889002057,139081.31612584036,448.0,0.0779703431837087,597.7633118228296,98326.45119395599,448.0
Run1804,Run1804_best_field,0296,test,23,23,0.04305269008316811,74.43399096576371,40157.87463860362,38425.0,0.05993935922440107,0.02891666040446348,56.477740171714885,15720.020909909268,3620.0,7.363081117916801,8805.688446967908,17445.0,0.007524977941492545,0.2646675222153903,4674.015940582359,7685.0,0.011354365695197866,0.0009022440088221089,6.998391785959977,7685.0,0.020066867368260143,0.04771013651674786,118.4817605380388,7685.0,0.07423441262593049,24.99076802468675,4534.913943340381,7685.0,0.03351366567530549,559.5037662256731,498148.8687632106,7685.0,0.0239933736431235,2392.7515746569984,4156377.4147210135,21672.0,0.03744139122119501,84.32022739532553,60148.917246883866,448.0,0.13486297420792215,2027.9914767958726,111501.48695306768,448.0,0.0696839347333004,257.20255027963026,52967.55666439375,448.0,0.04048128269278998,161.13096014441453,98326.4737991952,448.0
Run1804,Run1804_best_field,0297,test,24,24,0.061553944649236636,149.42350351190655,39437.296508628395,38460.0,0.07472203317615236,0.04993396300217427,90.86867109966697,16274.843304920334,3615.0,25.28297028542711,10139.954913723219,20685.0,0.008953356666692974,0.377988154900564,4715.268412488572,7692.0,0.015109619462862798,0.001559979139602686,6.833004983198556,7692.0,0.05784470271896556,0.4971183584469954,148.57051025700483,7692.0,0.09325959038899365,36.46256129020961,4192.375408757771,7692.0,0.05671639454735977,1278.1203342744882,397332.8883256035,7692.0,0.04389803010329457,9886.875526051655,5130609.99097099,21672.0,0.0501286547822707,188.81250069000072,75137.82915983396,448.0,0.1868863784983308,4386.906770774131,125603.89535434656,448.0,0.10558558862374932,742.7358749057541,66623.14199983486,448.0,0.03181673785880881,99.53626736117258,98326.38013462527,448.0
Run1804,Run1804_best_field,0298,test,25,25,0.06398074243612416,170.39133801440545,41624.493561958516,38410.0,0.07090691951711701,0.05288282501928803,74.67220023277343,14851.889574673252,3480.0,31.147599645404213,11137.694193654219,20245.0,0.011524346913902242,0.6440149380022318,4849.1240517434435,7682.0,0.020542487231929016,0.0027213170819433657,6.4487137017717036,7682.0,0.04037019187868175,0.13878548525874265,85.15740545166051,7682.0,0.07554879343002494,22.525545644231894,3946.5740360053405,7682.0,0.08177713091067607,5392.463332242332,806349.7608549924,7682.0,0.09083678110700412,48159.657661187215,5836599.838683283,21672.0,0.11790834248900138,1276.7004095062202,91833.24466902234,448.0,0.22778260382746535,6504.255728178532,125359.28366688924,448.0,0.09553380397440474,768.8323486263675,84239.8347514791,448.0,0.04128166843033702,167.56563005950466,98326.47301019073,448.0
Run1804,Run1804_best_field,0299,test,26,26,0.0483734800588168,92.32120679500194,39453.61553989724,38405.0,0.06736725006023529,0.03063934953338548,70.34467555196589,15500.067568983713,3500.0,9.474036051187639,10091.969999921042,20310.0,0.008396631811821254,0.31802649056392274,4510.794858982641,7681.0,0.011780204933384131,0.0010216038463747637,7.361678178794699,7681.0,0.025760857949408952,0.05687492843894569,85.70382745521009,7681.0,0.08782067495669585,30.260912853446328,3923.633949510868,7681.0,0.037891620646755525,805.2241620993071,560828.9666810607,7681.0,0.024723907303546414,2551.7376294649393,4174474.425740515,21672.0,0.03898136725753537,90.09334287512456,59289.606227599645,448.0,0.11710588303149981,1547.892117894064,112871.2311935382,448.0,0.0876913077060286,400.12852037017194,52033.90443023339,448.0,0.04193287140460256,172.8938942292807,98326.47088877726,448.0
Run1804,Run1804_best_field,0300,test,27,27,0.05824581399127515,132.44839189854716,39040.669064650356,38445.0,0.07900624118405786,0.05214422215323996,83.52675320736724,13381.438416111261,3550.0,31.658596677444642,11643.38540930202,20135.0,0.008855956617032592,0.3738525758404179,4766.827284546968,7689.0,0.01618529045314816,0.0015154032573327489,5.7847849885949705,7689.0,0.04235308139001636,0.16193504892090094,90.27569304175731,7689.0,0.09694358013801081,35.651572133447836,3793.504270540692,7689.0,0.05054085532005713,1811.3704311142724,709123.8614883416,7689.0,0.027204239493933434,3223.06530892703,4355077.88941068,21672.0,0.0412294245847618,104.20147197128487,61299.83515682594,448.0,0.16763843814974097,3217.9110422858002,114505.6251482878,448.0,0.07023406775235363,263.6055248352396,53439.066596359255,448.0,0.04477303336523327,197.10765718870516,98326.47238635694,448.0
Run1804,Run1804_best_field,0301,test,28,28,0.04075884822159857,64.56523165543763,38864.66311013995,38425.0,0.0413320277265811,0.042766155702331256,27.07666565689709,15849.725978134988,3555.0,17.75253761996121,9706.440933125261,22040.0,0.010555076020136684,0.5104787890175253,4581.998791089999,7685.0,0.015669429136082505,0.0016667638151066902,6.788404523059976,7685.0,0.04551810282034153,0.21449925104203388,103.52791677932788,7685.0,0.05016656242177673,10.285920731548831,4087.092694976465,7685.0,0.047347024628121875,1061.5546971037365,473540.35086403636,7685.0,0.03872546532670206,9366.426553271524,6245693.127529874,21672.0,0.0434590729398217,175.9650558895735,93167.73042955862,448.0,0.16398200968055765,3423.9496568408945,127331.23791469069,448.0,0.0761753222963686,480.8610435387641,82868.78927764764,448.0,0.06130956139906804,369.59560105761375,98326.4535108699,448.0
Run1804,Run1804_best_field,0302,test,29,29,0.05240710513950715,107.88994802480839,39282.637760827434,38450.0,0.07156482102172744,0.03572740134477117,77.301283685695,15093.415476379221,3655.0,12.83369902632263,10054.234094013083,18900.0,0.008382921250156238,0.31891956077100536,4538.27056725522,7690.0,0.012164416886076085,0.001012821980258145,6.8446386769329415,7690.0,0.03651011338732691,0.11909364753279955,89.34335014421923,7690.0,0.09150570609168383,33.581489053835085,4010.546872219696,7690.0,0.03972163847062149,980.2608249425267,621279.9499634388,7690.0,0.02536373642678765,2725.4226708179613,4236501.858363023,21672.0,0.03688658246182948,80.48466466921796,59152.935204079135,448.0,0.16945081073735066,3038.7649007634222,105830.24446225094,448.0,0.07716731632733904,309.0408927588818,51897.8248374055,448.0,0.04572277372535935,205.55860150508488,98326.48569539761,448.0
Run1804,Run1804_best_field,0633,test,30,30,0.014667942723009378,5.956836069102974,27687.085238669006,39870.0,0.009220865477507447,0.016336964290576562,0.6008428593681598,7066.714271978597,1530.0,3.850973042324331,14428.718447028814,31295.0,0.005330479790721567,0.16820030062490055,5919.624587127943,7974.0,0.011170427584721596,0.0003835539292988128,3.0738795188038472,7974.0,0.01662345118832643,0.012304291930523098,44.52605737292281,7974.0,0.013685254243555897,0.614169709812471,3279.3113599931303,7974.0,0.02246646780499296,120.40915357661441,238555.7605239939,7974.0,0.02426683468317158,687.4811920667494,1167439.9699501886,9288.0,0.04882688863294174,35.706666413700916,14977.219837259432,192.0,0.06947363028107174,289.34854923762447,59948.91439543975,192.0,0.10139367152025557,134.13402085109868,13047.197743123425,192.0,0.030130297420213337,38.25613332726698,42139.97125205793,192.0
Run1804,Run1804_best_field,0634,test,31,31,0.014481913528191991,5.664598861273494,27009.544539876122,39870.0,0.00870934281912015,0.0165829660447604,0.4256266810014661,5611.230034360072,1525.0,3.984025544882521,14487.641523472415,30000.0,0.004442755339443142,0.13103329611936387,6638.605643079826,7974.0,0.011180820759676064,0.00031851322279138384,2.5478866057872613,7974.0,0.016900410382716342,0.012651546843284851,44.29443097446224,7974.0,0.013632826399085524,0.5898878771705653,3173.9323232513148,7974.0,0.028973387572306785,120.89323568909732,144013.58103962138,7974.0,0.0287662970858958,554.3790053137989,669944.5403294009,9288.0,0.03795636642293705,11.581855878053975,8039.1271043781435,192.0,0.05776744123728842,116.48039782688767,34904.91484123989,192.0,0.12758321692622418,108.57621117871776,6670.334080001455,192.0,0.015646467977568048,10.316355784922962,42139.917419190344,192.0
Run1804,Run1804_best_field,0635,test,32,32,0.014602007382363794,6.197367996582773,29065.791760428096,39875.0,0.010596619533360203,0.015598613389979149,0.8001672819904198,7126.004735215365,1520.0,3.5099601444855657,14425.47746183404,30415.0,0.005358414174386012,0.17202729895031357,5991.351677871726,7975.0,0.011820822250763889,0.0004619008156054735,3.3056232563398753,7975.0,0.01669563071853697,0.012357499817004815,44.33277862389696,7975.0,0.014642689929359999,0.7312211457320835,3410.413274910816,7975.0,0.020097225725838518,110.7901550007669,274301.98421733815,7975.0,0.020202323621905636,662.3312156487692,1622828.3133376103,9288.0,0.04199932715351944,40.1894933140385,22783.889472080882,192.0,0.06904119428694619,267.4550063738367,56109.2083343642,192.0,0.07785169009953903,121.3959452321476,20029.40695721828,192.0,0.03597797411656794,54.546518710461896,42139.91236122265,192.0
Run1804,Run1804_best_field,0636,test,33,33,0.01650287836805091,7.550038916115322,27722.334063448183,39890.0,0.013780014322797516,0.018038168688791652,1.386044397057586,7299.242690864948,1585.0,4.32068688892743,13279.077543530919,30035.0,0.005766294067254326,0.19608465503636366,5897.25673825728,7978.0,0.010412943303528578,0.0003755208372017408,3.463275439329181,7978.0,0.0171337387923249,0.013395449792572772,45.63026779165192,7978.0,0.01811817536818262,1.1474590560646938,3495.491738360891,7978.0,0.04479310271671992,129.44860230471392,64517.13498702919,7978.0,0.03049638292528317,381.63504481292006,410347.30353400996,9288.0,0.03916884463964856,7.475103588097956,4872.3187528081235,192.0,0.07665923212778669,114.1477176477328,19423.983605023146,192.0,0.1287197959268522,66.91921783824583,4038.8727568665536,192.0,0.016423077118488425,11.36587168357164,42139.91781478987,192.0
Run1804,Run1804_best_field,0637,test,34,34,0.024971047780421418,16.577912165295906,26586.202172912188,39880.0,0.04001787239839686,0.017757583016485917,10.6132909254433,6627.383143723326,1565.0,4.294468951353773,13618.891497220366,30965.0,0.004989908523695289,0.15360065949689125,6168.902584456594,7976.0,0.011559960434193167,0.0003910189928787357,2.926073005089675,7976.0,0.019007457778156957,0.01581484284252317,43.774058265058166,7976.0,0.03916133707578236,4.928413230440788,3213.602022068932,7976.0,0.03685741776996678,143.7652543940543,105828.862124142,7976.0,0.034666342530198284,406.4686190260717,338229.1033214076,9288.0,0.03717231209489304,5.38615844349307,3897.983309793631,192.0,0.10300848316815715,209.60886025616958,19754.39130841358,192.0,0.15719484779105153,79.9894072209729,3237.0981182694504,192.0,0.025021064310994056,26.38184900565284,42139.91662799523,192.0
Run1804,Run1804_best_field,0638,test,35,35,0.01657267016999952,7.74567194687284,28201.62446117591,39900.0,0.009836410722334741,0.018524266649931686,0.566385170641236,5853.809226676062,1580.0,5.2671565607043505,15349.49811144136,30565.0,0.006286045023447321,0.25741864459596725,6514.559044536438,7980.0,0.012637193031824324,0.0004132769441492063,2.5878550009046863,7980.0,0.02138671115313299,0.020630836400120714,45.10542999061808,7980.0,0.015010152221733975,0.6956823154343711,3087.7403309043484,7980.0,0.02219210045523597,149.1849424768849,302920.156085136,7980.0,0.021923477761522873,731.1010343380143,1521102.5763416477,9288.0,0.045482304034824915,41.425269888044795,20025.364627107207,192.0,0.06684457881569907,249.0165191896029,55730.863976652545,192.0,0.08077855183431566,112.83193847653106,17291.788836518885,192.0,0.0355078291874323,53.130269965497064,42139.92697006929,192.0
Run1804,Run1804_best_field,0639,test,36,36,0.01499560314445872,6.041346315044339,26866.175984448146,39870.0,0.010945282854989065,0.01590341100136831,0.847709966635126,7076.089388982972,1535.0,3.5560729594953866,14060.154634442904,31120.0,0.005082665285576251,0.1482672260547007,5739.342484754405,7974.0,0.011192153663517801,0.0003689602599489179,2.9454541259035043,7974.0,0.017330426603957956,0.013905396874141083,46.29828263278694,7974.0,0.01354841306500081,0.6033262007912237,3286.815512313511,7974.0,0.028798534147828278,125.89442650456854,151797.8912792583,7974.0,0.0246851411854307,590.0950252202001,968390.9505284459,9288.0,0.0451718312814324,23.891152005861407,11708.511767019801,192.0,0.07609891694689878,249.72350876304347,43122.35560978951,192.0,0.10525886166096181,107.78758665559047,9728.623811862988,192.0,0.025155366761417088,26.665821414811035,42139.91535643006,192.0
Run1804,Run1804_best_field,0640,test,37,37,0.015658978295514214,7.003720188532423,28562.8765342791,39880.0,0.0083409118597636,0.017857967255525024,0.42654571186024154,6131.101648243674,1545.0,4.785330278302924,15005.410231953592,29720.0,0.004706144495330646,0.14349098724735213,6478.793067108477,7976.0,0.011892171803823693,0.00038849877467936767,2.747054678566564,7976.0,0.018679338786567634,0.01550124076693659,44.42663951371189,7976.0,0.013477369746378769,0.5959178224991182,3280.772287868972,7976.0,0.027449939931224042,171.41528742930646,227492.3276925804,7976.0,0.021971798898492826,598.4868532855894,1239719.3619899421,9288.0,0.043364194160393076,30.93139502066246,16448.903273474334,192.0,0.05855940820625833,155.2994270575877,45287.30689349423,192.0,0.08461983515709497,101.47707694785797,14171.753800066952,192.0,0.029529299507064483,36.74514774925592,42139.920160133086,192.0
Run1804,Run1804_best_field,0641,test,38,38,0.016477188814717166,7.435831286732079,27388.187389710034,39885.0,0.01082108133405148,0.018183105274585984,0.6715395001200384,5734.957983285975,1560.0,4.811862047840908,14553.822088679106,29945.0,0.006195131256917713,0.25947275732779934,6760.685639487279,7977.0,0.012928423636587147,0.0004042607990548967,2.41863582266359,7977.0,0.020184312614326048,0.02095812532590679,51.44278889832624,7977.0,0.013726246359446243,0.6033685978970182,3202.4261615766823,7977.0,0.02545299636883046,143.0218957414191,220762.1927894939,7977.0,0.02265085266541143,866.4119786286112,1688711.0208279933,9288.0,0.0457093064778077,43.49895006172244,20819.46237354171,192.0,0.05914508140408123,260.4299047437187,74448.09413936366,192.0,0.09520811474173567,157.82933898455394,17411.64510263713,192.0,0.03394946412427529,48.569038467799146,42139.9153281757,192.0
Run1804,Run1804_best_field,0642,test,39,39,0.014488728597950855,6.086455733967935,28993.71817481273,39885.0,0.007855513597359,0.01651877123428794,0.5075834341959762,8225.423552597853,1550.0,3.5826574863886553,13129.549132255197,29990.0,0.005854055944266848,0.191269556337846,5581.258190899145,7977.0,0.009864896527138947,0.0003747617458134127,3.8509704385135777,7977.0,0.01860443022503173,0.015243115014735452,44.03935793643122,7977.0,0.013261883367864751,0.6427965763735508,3654.7960480569395,7977.0,0.022591782060062907,107.39223525209596,210412.67722056352,7977.0,0.020668899979719935,626.9290974437142,1467518.8885266248,9288.0,0.04557790115298865,43.0803173242287,20738.161354870368,192.0,0.07830235735338556,319.09029837724336,52043.19205581868,192.0,0.0708211313772926,92.60362159714745,18462.999200165905,192.0,0.03280762122786349,45.35688801426386,42139.92564271146,192.0
Run1804,Run1804_best_field,0643,test,40,40,0.01583278187593638,6.5703650880005435,26210.48425503066,39890.0,0.013229652958002344,0.016380300296708797,1.0744696881238418,6138.994783973573,1495.0,3.840806774651385,14314.584294874528,31915.0,0.005234153073930043,0.17079151560354822,6234.095535677058,7978.0,0.012675245100858558,0.0003986892576006007,2.48154298278521,7978.0,0.018829111943530215,0.0189313356078831,53.397580570350975,7978.0,0.017738149425582286,1.0136347259524592,3221.5498979635154,7978.0,0.03476503580131775,75.40899582776471,62393.27693974294,7978.0,0.029649053842459014,507.58452094417356,577413.1789717526,9288.0,0.036556993219537356,9.481844643767207,7094.9918172310545,192.0,0.09500141142102819,218.79416997342446,24242.40097956486,192.0,0.11251658723495181,76.12185712485388,6012.793280566675,192.0,0.018470425866044988,14.376311331346187,42139.91462174845,192.0
Run1804,Run1804_best_field,0644,test,41,41,0.016954199664894268,8.079379400421757,28107.577438803775,39885.0,0.009719318649283564,0.019163700288781546,0.6480948145593348,6860.675923477129,1545.0,5.7683453962289155,15706.973714894582,32330.0,0.006445349365415066,0.24445009786394517,5884.333646271141,7977.0,0.011853963113025417,0.0004429153668141416,3.152053682355212,7977.0,0.020983994863147747,0.01650001552138925,37.472098088002674,7977.0,0.01607061202155803,0.8088726442193871,3131.953569467242,7977.0,0.022581412645683332,169.98721545967433,333360.42862172925,7977.0,0.026330704408338446,785.3314218178537,1132734.2153249925,9288.0,0.050278533356741116,36.278541057846,14351.080886341642,192.0,0.08895705426490369,392.2604091257483,49569.403246700225,192.0,0.09976585431095027,123.10306359721827,12368.157567802613,192.0,0.031561487553424576,41.976733710206645,42139.920697014735,192.0
Run1804,Run1804_best_field,0645,test,42,42,0.01630628917499858,8.03261591875721,30209.721525478762,39875.0,0.011238734531726467,0.018181412776688857,0.8474211607105855,6709.103297071934,1535.0,5.44068572371038,16458.80827942399,31180.0,0.005756472261877126,0.20551643096060848,6202.0279151596305,7975.0,0.011729435315302055,0.00042204574688035586,3.0676465468716327,7975.0,0.01943988942472217,0.01475877775568938,39.05375634490171,7975.0,0.014688481247360777,0.7234158360472377,3353.0051868336504,7975.0,0.02367903352953462,196.06841761297312,349687.170404677,7975.0,0.021387796700536362,797.2335768616406,1742823.819375858,9288.0,0.0455603538640699,45.66944779264112,22001.464157967934,192.0,0.07051227211550203,405.82557745133295,81622.51961958302,192.0,0.0973377154210077,176.50619998628804,18629.348510142132,192.0,0.03877259042079495,63.34951799359533,42139.91739093661,192.0
Run1804,Run1804_best_field,0646,test,43,43,0.013891444789200557,5.268167773089103,27300.133006912838,39870.0,0.009836669218290732,0.014348328325611854,0.6368419502250073,6581.661292919629,1520.0,3.0973329330632398,15044.76050126554,32175.0,0.005135625831316214,0.15928429198482913,6039.294390782596,7974.0,0.011287901805536914,0.0003954440673279064,3.1035490873645095,7974.0,0.017721613578961355,0.013500599323053506,42.98792903453901,7974.0,0.014606666578687087,0.7006616305667687,3284.02234644069,7974.0,0.02850567412372175,69.09444738461643,85031.63223991933,7974.0,0.0259111813606885,431.44495828049105,642615.1649204479,9288.0,0.0399010440964577,13.73190082967394,8625.060263290397,192.0,0.07089985572281365,152.06276177887355,30250.473094805573,192.0,0.11056701209056036,92.57580926571387,7572.62358987625,192.0,0.01731307140593547,12.631124476370132,42139.926574509795,192.0
Run1804,Run1804_best_field,0647,test,44,44,0.014811210254667475,5.667730741547517,25836.168945075326,39870.0,0.00925333031943145,0.015004676074469868,0.512084630435327,5980.61175368643,1515.0,3.2540844379847185,14453.584625801635,31320.0,0.005221764421765511,0.16947757338742084,6215.523135318731,7974.0,0.012832557279846257,0.0003932716678569389,2.3881754913548754,7974.0,0.019387835261729405,0.017436060820744944,46.386300116458976,7974.0,0.01599566050666317,0.7998736807179725,3126.2021019919744,7974.0,0.04510784245401318,60.28587405348263,29628.621914122934,7974.0,0.039937190401720425,346.64571449631745,217335.5736897413,9288.0,0.037283069582695255,3.29355399205847,2369.41680595134,192.0,0.10174839466348058,148.57672882175643,14351.4459804517,192.0,0.17472878120144839,58.223141764774184,1907.070470464544,192.0,0.010414303039798524,4.570398681808911,42139.91586505261,192.0
Run1804,Run1804_best_field,0648,test,45,45,0.019382675182528723,11.905301767823518,31689.323818236742,39170.0,0.020805995457081852,0.01987834831994632,4.376407298832343,10109.757420895534,2540.0,4.492397490014234,11368.877404926467,24105.0,0.006323114405077045,0.2092984790689874,5234.847001850586,7834.0,0.01134401988052829,0.0005478442518052454,4.257191156642582,7834.0,0.016396534389910716,0.021697427652057833,80.70568359642236,7834.0,0.025622126937318888,2.2598072452101006,3442.239150904539,7834.0,0.021172788232456153,173.57806049983515,387203.0092174071,7834.0,0.0220765462313046,1216.1514361612835,2495315.100733794,15480.0,0.045415386007329514,66.50358663665594,32243.26765699192,320.0,0.0864369190577907,661.7284351751091,88568.89777655413,320.0,0.07666242093935047,162.7131214115844,27685.828021737736,320.0,0.04242756573613385,126.42666028483018,70233.19664057004,320.0
Run1804,Run1804_best_field,0649,test,46,46,0.016959573253381835,10.177098168987733,35382.95691417514,39185.0,0.011991763450896155,0.019467162337601002,1.75453419453804,12201.008526060908,2615.0,4.464126919709279,11779.61869332284,25485.0,0.006847115117198999,0.23737503703816382,5063.138255174116,7837.0,0.011034674151307943,0.0006725881708730535,5.523701464600281,7837.0,0.015579039825909472,0.018330013761784666,75.52337959207416,7837.0,0.015833123266145242,0.958987542167729,3825.4257741714932,7837.0,0.02147595424127012,237.95777894441088,515934.9717450853,7837.0,0.018894169780700288,1645.7381896101354,4610044.525840376,15480.0,0.03928670001090565,99.56656008311187,64509.31074986173,320.0,0.07915550640314024,812.1764331394345,129624.80620358001,320.0,0.0657867905137287,246.60637703273747,56980.5850690314,320.0,0.05109565315091297,183.36240341836674,70233.1880787086,320.0
Run1804,Run1804_best_field,0650,test,47,47,0.016332391361239925,8.634171732205319,32368.392097978896,39135.0,0.009309896142961434,0.021012607152226158,1.00174739236835,11557.623642330404,2565.0,4.192566199069399,9495.548284107272,22415.0,0.005633386504957842,0.16147844153367183,5088.332129155842,7827.0,0.009543973393778687,0.000481969427191024,5.291283737247802,7827.0,0.018921910377052126,0.026951770098020116,75.2761382396712,7827.0,0.013658583020531247,0.7253859299771348,3888.282708167679,7827.0,0.02503499818859178,184.56503955838826,294478.9876825686,7827.0,0.024924816499231856,967.3034811785042,1557036.564680998,15480.0,0.03699001379425924,27.675775926114454,20226.96948080445,320.0,0.08941313085211229,481.5831430477591,60237.74038133286,320.0,0.09939695151272011,170.2630971276256,17233.5361431319,320.0,0.031595517017440775,70.11217728581141,70233.21048651185,320.0
Run1804,Run1804_best_field,0651,test,48,48,0.016659591998237876,9.20201455474456,33155.394033359546,39185.0,0.012810588824741854,0.01731166208643646,1.8978281599900677,11564.282763557658,2585.0,3.4146661572139023,11393.855770236281,25775.0,0.007474412650123735,0.2718903402757226,4866.7567120122785,7837.0,0.01118788054742428,0.0007288529681963753,5.822966414344689,7837.0,0.018254246982723567,0.02226574856917624,66.8204592206712,7837.0,0.017923259795689313,1.2490286057905147,3888.1085845294697,7837.0,0.023228235898880772,120.97051404357856,224205.91719621173,7837.0,0.0171631184251285,595.2025499070273,2020562.9480011866,15480.0,0.03129801067878177,29.277189135563834,29887.934966066307,320.0,0.09269240954969545,395.0979252170223,45985.02271969245,320.0,0.061652889319966486,101.52435241844245,26709.35247297465,320.0,0.03637121851506216,92.90895195119901,70233.10336826851,320.0
Run1804,Run1804_best_field,0652,test,49,49,0.025866951728746312,20.826167246926843,31125.67987543439,39160.0,0.03742172064484629,0.020511940586216176,11.981132436136805,8555.597874993402,2490.0,6.459701019245188,15353.200370021481,27845.0,0.007536447933052992,0.2857538141961847,5031.049957478162,7832.0,0.014649837005776897,0.0006404204422403213,2.984005372070587,7832.0,0.022937815890664542,0.039882868122182724,75.80227802224401,7832.0,0.04192503547696443,5.071902487905209,2885.519527321996,7832.0,0.01758300460299249,204.34105437290143,660951.2836346847,7832.0,0.021221269569959265,1254.7001534692968,2786103.3777438444,15480.0,0.04575181087255515,73.27780585011496,35007.07945554924,320.0,0.06805841813874779,540.1845419110061,116621.45371874596,320.0,0.0881052774578646,230.12908840088699,29646.106930632894,320.0,0.04412283475499101,136.7317057200744,70233.19381486115,320.0
Run1804,Run1804_best_field,0653,test,50,50,0.02051677366904248,14.18614635217778,33701.272614882044,39155.0,0.02525777954936826,0.016595990867623107,7.275471549047037,11404.357157899953,2505.0,3.472322348595429,12607.055397417158,26325.0,0.006239041822247595,0.18814842490450295,4833.534171352902,7831.0,0.012933652365868591,0.0008923349339986452,5.3343993856473855,7831.0,0.017346918371759383,0.021297296476416868,70.77498841698637,7831.0,0.031052413534835108,3.476873532110589,3605.7712496968174,7831.0,0.018018837175657224,121.32728898825256,373684.40331956086,7831.0,0.020857816600555138,1174.7038782654183,2700167.549684047,15480.0,0.037543654655546,52.33461892348461,37129.232622697775,320.0,0.09278602040244725,662.2932609666823,76928.14133934096,320.0,0.06974164257275726,157.16453291971234,32312.473379029623,320.0,0.03726979586974882,97.5565535951564,70233.194323491,320.0
Run1804,Run1804_best_field,0654,test,51,51,0.01690837196377319,9.1219665792443,31906.920506297767,39170.0,0.012673831109905179,0.01950018507357516,1.6416408002997644,10220.268520517071,2610.0,3.8973333783402673,10249.202894361455,22890.0,0.005565788989278284,0.17785628703545825,5741.372794426514,7834.0,0.010390223221833316,0.0004828729446417855,4.472837461615512,7834.0,0.01703948132980054,0.02293407035394098,78.98932424306489,7834.0,0.017238315438452362,1.1054292333498836,3719.9859405180596,7834.0,0.02615074183681231,175.69084665107215,256910.05911101712,7834.0,0.02380787442291157,1064.9717418885841,1878870.4583124397,15480.0,0.046829211250864686,51.73196651877525,23589.856654325456,320.0,0.07570063076753136,437.49865314337967,76344.49451109322,320.0,0.09211552990155299,169.4211842970428,19966.50281542076,320.0,0.03252347585880632,74.29102383711688,70233.19681014257,320.0
Run1804,Run1804_best_field,0655,test,52,52,0.016382960206835752,9.830213019371937,36625.04578465462,39115.0,0.013103346469970766,0.01772327565651261,1.8657833258336307,10866.677005548967,2510.0,4.356839408632829,13870.226967166913,25445.0,0.006567606371510037,0.23132498139519017,5363.0062720909955,7823.0,0.011804235851196008,0.0006941302816397873,4.981558498578893,7823.0,0.018420762169589374,0.020865132173996704,61.49020619175088,7823.0,0.01873429779446582,1.279962964774215,3646.889168278616,7823.0,0.016323636140108736,169.0378403581083,634380.9372780382,7823.0,0.018562758727596676,1254.40867630904,3640441.1048839553,15480.0,0.03606051783399621,68.266422676392,52498.05668375944,320.0,0.09325518619306648,903.0858474288246,103844.39232570409,320.0,0.0687075469403939,219.3363919465276,46462.41810666776,320.0,0.050055376402785914,175.9720660364701,70233.16985318116,320.0
Run1804,Run1804_best_field,0656,test,53,53,0.0166324943230583,9.244464865221087,33416.96535602681,39145.0,0.013651634892006463,0.01850775934788655,2.08272657488408,11175.39620048109,2590.0,3.8126765366815576,11130.69478453629,24005.0,0.005320862714490505,0.15516048206560207,5480.460006845787,7829.0,0.01011423381640981,0.0005068624132599976,4.954776949597841,7829.0,0.014112816811523087,0.01562929331552805,78.47149615992392,7829.0,0.018459495310610263,1.3735844752299338,4031.027189079077,7829.0,0.023754092721310033,181.44463393606122,321563.86067971925,7829.0,0.02168483961164457,1179.640420173465,2508633.4945183024,15480.0,0.040494899531275996,54.58529430046207,33287.02671485442,320.0,0.0688861455796492,454.8853354923684,95860.16365009826,320.0,0.08591903238616191,210.02145570113788,28450.172866110377,320.0,0.03738141455927637,98.14176166295874,70233.18864385854,320.0
Run1804,Run1804_best_field,0657,test,54,54,0.015801543718826173,7.958238248575389,31872.630097101992,39175.0,0.011903324298441762,0.01710919626501676,1.4518684851634374,10246.858681284855,2605.0,3.3615844233623995,11483.77847201816,23995.0,0.0053578935944362405,0.16068249640910484,5597.32341814332,7835.0,0.010398340112590594,0.00046373605529009723,4.288869448165327,7835.0,0.014131024199024466,0.01627416056917417,81.4988191888651,7835.0,0.017007595361694595,1.0665034767326487,3687.0280879756265,7835.0,0.02468952813128382,150.48898226975672,246876.14413134614,7835.0,0.023302976126734237,1065.2324488598085,1961650.3805306149,15480.0,0.04589060985106856,49.85679448246419,23674.27532209172,320.0,0.07681478609749388,497.5817404835296,84328.57931373641,320.0,0.10003346475926933,197.32736726132666,19719.536327039543,320.0,0.030075863893366597,63.52996817902476,70233.19350403312,320.0
Run1804,Run1804_best_field,0658,test,55,55,0.016388158799257174,8.54429537568299,31813.82782409415,39130.0,0.01125423409943741,0.017910538120946104,1.3539032780513862,10689.459603989359,2540.0,3.478177798451318,10842.626802173441,23975.0,0.005299036889018903,0.14865217340857284,5293.920042819598,7826.0,0.010959627395457867,0.0005724058142149435,4.765543716462512,7826.0,0.017095296728462762,0.01974728427662691,67.57002683977753,7826.0,0.016691147109692956,1.0428489778836567,3743.2518688038285,7826.0,0.02449718275095997,164.255840372525,273708.6586713328,7826.0,0.024663269736319215,936.9341317981491,1540308.651722646,15480.0,0.04264835436509559,38.45391076922897,21141.507816207777,320.0,0.09270998690789194,522.8986725570317,60836.53911515839,320.0,0.09222663541832377,158.4096474604588,18623.82564585749,320.0,0.026509665969569152,49.35725201500918,70233.20076616836,320.0
Run1804,Run1804_best_field,0659,test,56,56,0.028559549787039454,28.59805994248482,35061.771754855625,39135.0,0.04062030831331196,0.02049951835316902,19.671112062538032,11921.817837296547,2475.0,5.438934945043536,12942.749623436006,26240.0,0.007315066028449772,0.2716978390434259,5077.497089114883,7827.0,0.010810307335032717,0.0006702124591060143,5.735039519681722,7827.0,0.018744786760203302,0.020741026234892983,59.029517352349934,7827.0,0.04858478863489215,8.931350094071194,3783.698108909373,7827.0,0.023634922507263297,219.68396595032084,393269.25445661304,7827.0,0.01997054507442266,1085.893164261715,2722746.8356073704,15480.0,0.03680211376659962,51.55454013392993,38064.610504612705,320.0,0.0662022955544729,364.2806673870513,83117.03185261873,320.0,0.07117142796767312,168.40264178043805,33245.85765778969,320.0,0.03592035059578857,90.6198860162649,70233.18728755109,320.0
Run1804,Run1804_best_field,0660,test,57,57,0.021274182962547912,13.506432446633514,29842.477210053778,39175.0,0.021888019902014434,0.02268684440350171,3.9844641296070202,8316.813668155612,2530.0,6.343993051908155,12325.78289134245,25545.0,0.006376761052710241,0.24116981059156006,5930.928044717921,7835.0,0.014422626699470148,0.0006633481595533512,3.1889873969105285,7835.0,0.019921746648518396,0.02907058637355841,73.24853894071481,7835.0,0.024519058786425445,1.9460185304767246,3236.975271118632,7835.0,0.02626520913588487,251.1096267083989,364000.2115236402,7835.0,0.023119867177286497,986.3790441049555,1845326.28312403,15480.0,0.04248221067185436,41.56439409878439,23030.70526018729,320.0,0.0911512614610184,609.0335469931122,73302.00410843518,320.0,0.09373603066608267,170.08864736396373,19358.07684053544,320.0,0.035643783885291304,89.22982810606118,70233.19940974208,320.0
Run1804,Run1804_best_field,0661,test,58,58,0.01668319881844098,9.792344698118178,35182.60898844127,39135.0,0.01211607814998961,0.0192436874472533,1.8384015732777117,12523.226952814388,2555.0,4.163817110136497,11243.85034083184,25950.0,0.006487399444126799,0.21397384347336257,5084.162337784689,7827.0,0.010998650473450574,0.0006970093609344062,5.761821624202136,7827.0,0.02018692791175237,0.02843464511582553,69.77620544406207,7827.0,0.01646763621261398,1.0950875804219808,4038.186055459698,7827.0,0.02097156733821092,163.5660467243823,371904.4532410985,7827.0,0.022712014569061124,2704.652785746302,5243245.629834085,15480.0,0.029051397448807366,65.63621129603837,77769.52538747418,320.0,0.0818455709223886,753.9786384373083,112556.00670609907,320.0,0.05516902556557729,209.70067421523942,68898.41011939888,320.0,0.07064437962446175,350.5077841297789,70233.19669711958,320.0
Run1804,Run1804_best_field,0662,test,59,59,0.029590839046592935,29.674690563293908,33890.00551614021,39175.0,0.04332368786977481,0.02011265156630728,20.97606364901172,11175.659356645789,2625.0,4.630012781184517,11445.73087534379,23275.0,0.005919384448292078,0.18615689034143437,5312.831245005695,7835.0,0.010116388811223339,0.000515050067818875,5.032669647365978,7835.0,0.015926976746076082,0.017735375891633952,69.9155382721387,7835.0,0.05065745451735691,9.639540076535528,3756.380582443429,7835.0,0.024693163595339435,235.5179338053291,386251.7990609623,7835.0,0.020789708403057595,1227.7389267041663,2840594.4220514805,15480.0,0.04058391654057721,63.95702744375538,38831.159453303335,320.0,0.08943451375696056,638.4257238318328,79817.85955248069,320.0,0.06551192714651953,145.5442822957827,33912.07769610361,320.0,0.03656339471564117,93.89348550264276,70233.19726223525,320.0
Run1804,Run1804_best_field,0663,test,60,60,0.019580969991547674,15.715941368247558,40989.4410587923,38455.0,0.013517867908401262,0.028618207938501117,2.8003922436387936,15325.07008676555,3665.0,7.392986015536859,9026.824830358426,18580.0,0.006221791666337394,0.19272643029549164,4978.6356851776745,7691.0,0.010594863657321622,0.0007804498134159836,6.952711943970246,7691.0,0.015620615330024906,0.025200636339396072,103.27976281560618,7691.0,0.020051848921183068,1.7477651610827831,4346.845762195902,7691.0,0.026242533275118392,410.6548101123617,596300.8124928762,7691.0,0.018448066515338698,2168.8360536574355,6372722.572388556,21672.0,0.03455839210438785,111.57259749993122,93422.2855853629,448.0,0.08104975503641688,990.5661111065956,150792.60810139982,448.0,0.059741138859004304,295.7695857120028,82871.75158105174,448.0,0.04738762000948118,220.80059078150953,98326.46741316364,448.0
Run1804,Run1804_best_field,0664,test,61,61,0.021973898364149484,18.27534098470175,37848.72603257975,38425.0,0.026503783977905825,0.01949839368667286,8.916513606475206,12693.43929505268,3440.0,4.589350247927731,12071.285830916022,21130.0,0.005981882411929524,0.17984643683768572,5026.04178083008,7685.0,0.013416985986576618,0.0009120622619952151,5.066575913252796,7685.0,0.018895670957747378,0.03715526233934889,104.0628453960799,7685.0,0.0328087853898242,4.033274749567727,3746.946585197554,7685.0,0.018125826812188574,208.43270489242673,634410.2809438416,7685.0,0.019369107388478263,1618.293878979402,4313583.183278977,21672.0,0.036482181743793335,77.18876977202268,57995.26191998169,448.0,0.08946202554959802,991.7455439793638,123914.69258978701,448.0,0.06969648862735735,241.25904298705825,49666.29957463463,448.0,0.04663011238696896,213.79786929062266,98326.47009749155,448.0
Run1804,Run1804_best_field,0665,test,62,62,0.017023777351605297,11.62088936348847,40098.44259932677,38420.0,0.012454987555101289,0.021970929079119,2.5816739944470957,16642.355860400367,3580.0,3.5669978925150625,7389.346098879615,17500.0,0.006408747615074126,0.18161911028456915,4421.964036375168,7684.0,0.009609824234968754,0.0006762602704295432,7.322898000650808,7684.0,0.014371520092949255,0.023977123141757876,116.08915790867155,7684.0,0.018768001904413155,1.6016576547009045,4547.090688524182,7684.0,0.02116771802945314,226.04231453788185,504477.3383910921,7684.0,0.01930803147452899,2166.4520945936283,5811297.298959896,21672.0,0.032922556368051865,90.52637777883932,83519.53034880685,448.0,0.08040890058430394,930.7879575157413,143960.2219364001,448.0,0.06543647578439368,312.4048734617666,72958.85291306677,448.0,0.05264026496948452,272.4624147295681,98326.47453388765,448.0
Run1804,Run1804_best_field,0666,test,63,63,0.030025720574445827,31.625177608004847,35078.91046437655,38415.0,0.04253220452075134,0.01908880523214534,23.71141546548476,13107.555131391857,3465.0,3.79101377588972,10403.940721532932,21910.0,0.006565990249417575,0.19063815085097668,4421.904408373123,7683.0,0.011965083351594477,0.0007485207617505396,5.228443197816297,7683.0,0.014234769580551278,0.022254842850956528,109.83067400511065,7683.0,0.054052737487494916,10.414457964936593,3564.521874806027,7683.0,0.02073192050653132,204.40234281539068,475561.6217592296,7683.0,0.018555752119701854,1440.2193661725175,4182842.594680721,21672.0,0.03324026717003111,67.2824899859471,60893.79542381617,448.0,0.09752783281859041,938.5574309482215,98674.22065278079,448.0,0.061720479776647845,206.23198766244118,54137.405773193415,448.0,0.041072692863495734,165.8734039142837,98326.45955766606,448.0
Run1804,Run1804_best_field,0667,test,64,64,0.016755048708888706,11.39725037389736,40598.379555983185,38450.0,0.012293627797833556,0.020364845566916753,2.2089951506645678,14616.205549766588,3575.0,3.807094801883791,9179.762588149419,18015.0,0.005877111897059976,0.18908135644446405,5474.201636574989,7690.0,0.011553249923733907,0.0008494441668275752,6.363946234588165,7690.0,0.015118799629092242,0.027325911334163108,119.54737163452351,7690.0,0.018234611271093673,1.3721003727119423,4126.604653149953,7690.0,0.01887371147603353,212.14836812500863,595559.3841100596,7690.0,0.016709326450693108,1544.9544327214826,5533472.894297688,21672.0,0.037595506146267284,111.23634019593952,78700.01578546871,448.0,0.07903028929327444,888.3353192209079,142229.53367545776,448.0,0.056631041733240045,221.14895255107322,68956.59137642747,448.0,0.05495815786256451,296.9851662593601,98326.46444666499,448.0
Run1804,Run1804_best_field,0668,test,65,65,0.03241258195116866,39.079037374719654,37197.74403407997,38450.0,0.045857644246887146,0.02129089293875117,29.199429012827114,13885.159643092124,3595.0,4.789549865332749,10565.910970886423,20260.0,0.006757906148189411,0.20861571872423507,4567.96445850355,7690.0,0.012177298190472493,0.000822073122773299,5.543812936905456,7690.0,0.01693436926563194,0.029974744863915083,104.52434240278725,7690.0,0.059886211395938346,12.822355430941705,3575.313536304615,7690.0,0.020244300393078354,263.9186441466169,643968.3537745433,7690.0,0.019844377708551426,1708.0731083326475,4337420.083746424,21672.0,0.04067043262621689,97.59900556915943,59004.86327085355,448.0,0.090791061693632,921.3861874503868,111777.78724432053,448.0,0.06448664386982594,213.83518931465605,51420.89424870211,448.0,0.04146095796857077,169.02427835574963,98326.46495472576,448.0
Run1804,Run1804_best_field,0669,test,66,66,0.02514775595624196,26.60950061363967,42076.368490799294,38455.0,0.029408078320101932,0.0253081765315441,13.127829130348163,15179.575364633401,3620.0,8.22251379833406,12837.572246496242,20780.0,0.0079386820726457,0.2837287999596402,4502.011517856129,7691.0,0.01109081376950955,0.0008551104431085972,6.951769831202523,7691.0,0.02032879482759263,0.03487832492121759,84.39803860379628,7691.0,0.03968410713684851,6.238286394994849,3961.2484486691997,7691.0,0.021072263153698624,371.2555707366235,836085.3555966725,7691.0,0.023119982304797775,2573.549229270071,4814569.78012166,21672.0,0.03379754378988003,75.98374569020791,66519.72113228074,448.0,0.07675598749830351,804.5068184727018,136554.24404162884,448.0,0.06908515281769037,274.88064220063967,57593.66442375657,448.0,0.04920437055131191,238.05522714202834,98326.45034761156,448.0
Run1804,Run1804_best_field,0670,test,67,67,0.01839516415984478,12.18430523290835,36007.53855579609,38425.0,0.019436678513071296,0.017546252184293957,4.889085797616644,12941.4683897545,3535.0,3.550129250688074,11531.224590942144,23310.0,0.006241426809433669,0.19617058097002604,5035.772641897347,7685.0,0.01252751517865603,0.0008427785245812259,5.370114989529011,7685.0,0.016316135608116872,0.025344509949063343,95.20270449459373,7685.0,0.024600765053230896,2.1443465678537184,3543.2169953384823,7685.0,0.01918634029203784,165.4619805043128,449483.6848024041,7685.0,0.021146602751972738,2175.2904545407227,4864475.721723392,21672.0,0.030117465579522752,65.45494707563095,72161.51304710872,448.0,0.0961392759165261,1080.401814395756,116891.68286388798,448.0,0.061013996530170055,238.81255719984887,64150.22929240296,448.0,0.04486773756549316,197.94239816988647,98326.47854758242,448.0
Run1804,Run1804_best_field,0671,test,68,68,0.020888944421459995,17.454923453997992,40002.29975223081,38440.0,0.024022285763845228,0.018917688763978844,8.162999321997802,14145.591183846915,3600.0,4.379575054590203,12237.5878127941,20685.0,0.00685446603827034,0.203086648447736,4322.491167416791,7688.0,0.011362947011273055,0.0007265054288655078,5.626740690458796,7688.0,0.015184868934839927,0.02228577273957469,96.65083312450327,7688.0,0.03159195630372702,3.5414138383679727,3548.3270329385064,7688.0,0.01807183745817453,295.5428058506666,904931.6304583258,7688.0,0.01913299900846899,2006.5177238872848,5481215.816870126,21672.0,0.0340480061148204,91.87787121419804,79255.16155842404,448.0,0.08563406827141917,973.8364550846798,132798.4097699981,448.0,0.059262207414739,247.59552897391842,70499.68064530278,448.0,0.04888156828079678,234.94206700495852,98326.48705173927,448.0
Run1804,Run1804_best_field,0672,test,69,69,0.01990609392222418,18.674336383891124,47127.35651638659,38445.0,0.021038004186884035,0.01893045129610056,7.700638840694905,17398.735306762886,3660.0,4.651785926201238,12980.690208151902,21670.0,0.00747718467625391,0.23383430497313676,4182.462066311191,7689.0,0.010759589604241416,0.0009277107326153903,8.013480190060429,7689.0,0.01914285599514477,0.0319042874526519,87.0633923277378,7689.0,0.0293120832469347,3.5983342754947154,4188.014097131151,7689.0,0.017057040196339135,290.4774477974221,998401.153939935,7689.0,0.022208908735260158,4030.21256249706,8170968.073180256,21672.0,0.03750331861787001,171.43390407842747,121886.97992023636,448.0,0.08490499804059562,1311.800554313713,181970.62951444738,448.0,0.054211293438214084,320.84252163451424,109172.28048864227,448.0,0.0955673609044406,898.0276774681806,98326.489877629,448.0
Run1804,Run1804_best_field,0673,test,70,70,0.01976737808881562,14.27756201901794,36538.937725581054,38415.0,0.015478582138364142,0.02370277181025884,3.416028387847363,14258.016692745412,3515.0,6.149058732310731,10944.864018103024,21670.0,0.005952260099093519,0.1660473541148618,4686.71083248809,7683.0,0.01238206176906135,0.0008959780404108042,5.844016497120704,7683.0,0.016928749158764182,0.025894898048751586,90.35755394808807,7683.0,0.021256238307091883,1.7484537772449495,3869.7359747322516,7683.0,0.026440221073356352,326.90518818878434,467618.46183033835,7683.0,0.018243308018435597,1661.7498438977539,4992964.348811085,21672.0,0.029906483481823773,67.7027686361803,75696.48773666564,448.0,0.09129414207478738,969.2823314399071,116295.91841936471,448.0,0.06018087085426418,246.08197606711633,67945.83961728272,448.0,0.04013296066599699,158.37000010187148,98326.48589332719,448.0
Run1804,Run1804_best_field,0674,test,71,71,0.026598484123003936,25.430587419513326,35945.34193094127,38400.0,0.03597190640847712,0.019415745262840692,17.06802396688271,13190.350453142499,3430.0,4.173499388070052,11071.136960585638,22195.0,0.006646443510689688,0.21551323055174093,4878.601007455678,7680.0,0.0125259725423266,0.000849155141886839,5.412079070249564,7680.0,0.017988448800846463,0.03169555423671864,97.95146176962173,7680.0,0.04457096059817126,7.273695348325232,3661.4332305086127,7680.0,0.021927259758459904,209.20973695775632,435124.13258688117,7680.0,0.020072008160399488,2027.0245700321216,5031266.977128696,21672.0,0.03064691190472849,71.53619403155454,76164.46407933123,448.0,0.1121655742783032,1552.080718928355,123365.90111462011,448.0,0.0620150057947549,264.16015601096944,68686.87138625844,448.0,0.03871100697015973,147.34641234685023,98326.51095795873,448.0
Run1804,Run1804_best_field,0675,test,72,72,0.033885341670643596,43.891886953062404,38226.145970721904,38465.0,0.05000822622167438,0.020476325434758212,33.45310830455319,13376.841325251286,3635.0,5.470570753142245,13047.53867274164,22270.0,0.00732973187110692,0.2628772739785495,4893.018598098947,7693.0,0.012402239664359212,0.0008658138702952688,5.628909935677697,7693.0,0.018891691410473078,0.030641075134362247,85.85435185886354,7693.0,0.06524657277559759,14.818655700544994,3480.9148447064686,7693.0,0.01900583183662813,255.1073043548618,706234.8248837601,7693.0,0.018412086121962167,1544.8814828643794,4557106.43962844,21672.0,0.03359496904023639,74.65105716565901,66143.54568298996,448.0,0.09296769891779268,1025.145058439417,118609.95993512585,448.0,0.06272905328653482,231.06360741530614,58721.086555261514,448.0,0.03861016211252611,146.57983198641614,98326.58805645036,448.0
Run1804,Run1804_best_field,0676,test,73,73,0.02736489600327053,27.785264040794253,37104.529095209,38435.0,0.03654939229279023,0.023090424943292696,16.686822959673705,12491.463911716159,3515.0,6.07893989869395,11401.552690366816,20380.0,0.006918648301399168,0.2486209465091891,5193.919407422609,7687.0,0.013190111574070225,0.0009424560136829756,5.417066306431858,7687.0,0.01645750961461462,0.02439455181978862,90.06677423156577,7687.0,0.04563729819987698,7.582471797497346,3640.583131581162,7687.0,0.022815712130339127,310.1936351808728,595888.2543524366,7687.0,0.019390558010287082,1508.837074657522,4012931.371827973,21672.0,0.03681898749132086,80.31982897992961,59248.736363600954,448.0,0.08913857296902715,763.9241011182074,96143.26301120812,448.0,0.058078052990768354,178.10998087593208,52803.67625994558,448.0,0.0364247020690776,130.45565625367726,98326.57177307288,448.0
Run1804,Run1804_best_field,0677,test,74,74,0.02278606561445238,22.175600238540465,42710.700726458184,38395.0,0.023139037780250168,0.0244363398735272,7.81649520974306,14598.945111057656,3465.0,8.679417681287589,14535.108390203452,21725.0,0.008028326271449615,0.26292787416869295,4079.3089875466703,7679.0,0.013720019781437474,0.0011305326155617859,6.005838105161493,7679.0,0.018908869508629078,0.031894630681395475,89.20443526896844,7679.0,0.03144731871090937,3.664631711168238,3705.6388513293377,7679.0,0.01973582586778702,445.15777691021987,1142887.1653436422,7679.0,0.0194205450374061,2554.52902117367,6773108.184523829,21672.0,0.03358408002391658,109.59989139278385,97172.4631890684,448.0,0.08559164152858499,1260.924101658642,172117.9777367424,448.0,0.06518970425983542,364.33028621739527,85730.87441185326,448.0,0.05979024063787417,351.5045970586607,98326.4606314332,448.0
Run1804,Run1804_best_field,0678,test,75,75,0.023597831554316488,27.106454799035564,48677.529349049706,37320.0,0.024557598893364164,0.023808098021508756,13.10250090990503,21726.13107263567,4965.0,5.184762925395567,9147.017271034989,16910.0,0.01026776261954687,0.3531174272782711,3349.40382814576,7464.0,0.013836328017958588,0.0016005293813786958,8.360301743251675,7464.0,0.01845117585068532,0.04618187853999429,135.65115590901482,7464.0,0.03764395238724402,5.527072950653179,3900.360646602829,7464.0,0.01778466366292605,358.93357162455504,1134808.9902263791,7464.0,0.015820816803939902,3145.3877699912173,12566559.458844999,30960.0,0.025086810894849328,131.03226942576651,208203.17628332376,640.0,0.09968876577809736,1546.9212095400699,155659.5446761087,640.0,0.04436550694603919,380.48909255413554,193308.66191024703,640.0,0.06311263479339906,559.5066645925808,140466.46127105044,640.0
Run1804,Run1804_best_field,0679,test,76,76,0.02153034412935077,24.82148756538832,53545.85561990818,37310.0,0.023794538312705827,0.018736447971143173,12.098314005991321,21368.315487070628,5045.0,3.8083991607471215,10848.456150761824,14420.0,0.009817900161736871,0.34640747696014246,3593.76797699593,7462.0,0.013648064792993696,0.0015313529152691733,8.221160717928498,7462.0,0.01764294196341263,0.03989571032633449,128.16935267269145,7462.0,0.03376567804691251,4.617300997010736,4049.834132029556,7462.0,0.016340710160030737,381.97125283436657,1430503.1729086642,7462.0,0.017882583830541792,4516.089717817088,14122189.079985801,30960.0,0.03233457731712034,229.4154719773112,219426.12185594812,640.0,0.09042588901571595,1880.5769772445392,229988.19278304657,640.0,0.05858717971975668,678.5077005245937,197674.02081982873,640.0,0.0823751060846302,953.1569379063767,140466.39596558234,640.0
Run1804,Run1804_best_field,0680,test,77,77,0.040421160601405076,79.4755752836293,48642.52625359988,37325.0,0.05853038171178124,0.020980773408758126,65.92885531031386,19244.774318538548,4890.0,4.757754800369669,10808.341775169274,15225.0,0.009571195242120247,0.3303379321462546,3606.0030932968366,7465.0,0.013910610045087266,0.00154369882602352,7.977562610905438,7465.0,0.017119060203250103,0.03924666321603283,133.91921659406933,7465.0,0.08836440605318814,28.545155636052332,3655.760111722192,7465.0,0.01732505415940959,351.1234230133454,1169797.2601407552,7465.0,0.01808293343471625,2791.4954994795853,8536879.764889993,30960.0,0.02825993415665367,107.36898159387371,134442.48848453508,640.0,0.09882509091524935,1423.084792894571,145712.34003386842,640.0,0.05340785377133846,350.7405508839814,122963.3617210005,640.0,0.048044303710036686,324.2321340429835,140466.33380193426,640.0
Run1804,Run1804_best_field,0681,test,78,78,0.02011578610874662,20.77289066786334,51336.1052987294,37345.0,0.019017410215357442,0.022631279655024948,7.737484243114556,21394.248134133075,4890.0,4.464610994167002,8716.967000483593,14775.0,0.008986856662848297,0.30210158325747155,3740.566426505583,7469.0,0.01353451658783469,0.0015921737816621548,8.691704859075074,7469.0,0.01779246640535242,0.043789780631204506,138.32493046772132,7469.0,0.026930234562963378,2.925165969187111,4033.390211619984,7469.0,0.01740217752117609,364.30353301061626,1202973.86929977,7469.0,0.018339469331824124,4189.0190804774265,12454858.815074366,30960.0,0.02726590983688964,147.85173539470406,198877.85987601036,640.0,0.1032931386070089,1935.5596625310468,181410.9990501418,640.0,0.05302529994724857,511.1360650538355,181790.11213459325,640.0,0.07039120836653036,695.9999926475748,140466.38118725616,640.0
Run1804,Run1804_best_field,0682,test,79,79,0.021385595149734028,22.07493202223091,48267.70980339277,37305.0,0.019716508303368577,0.023750700210385695,8.102168699137781,20842.090128134,4875.0,6.231900941248695,11047.594004085251,16705.0,0.008680240886692508,0.2678256557909422,3554.5826925572464,7461.0,0.012035230299277238,0.001285154482952608,8.872510567776756,7461.0,0.017445954302181547,0.0418695464976835,137.5652671286754,7461.0,0.029675754772970152,3.4293161268967856,3894.071976548271,7461.0,0.020170112824559577,414.3673789270433,1018518.4564997777,7461.0,0.0152357881916625,2218.5397256101073,9557347.054615969,30960.0,0.02555523229691153,99.92283838178462,153004.8142261366,640.0,0.0813367833715001,1040.7090634696929,157309.64468610962,640.0,0.05135837869935599,368.8601952881978,139842.50060767593,640.0,0.044876215353518975,282.8817172232766,140466.39376195596,640.0
Run1804,Run1804_best_field,0683,test,80,80,0.020607533454570143,20.38024155995457,47990.72380929084,37355.0,0.017833944398163867,0.02312202550768123,6.389114551835305,20088.423624191644,5015.0,5.140814025300527,9615.683080489536,16170.0,0.008626244324798079,0.29002552694895434,3897.55915285313,7471.0,0.012791608620756928,0.0013609148136044808,8.317266463460882,7471.0,0.01757250177751992,0.04107924085808673,133.03172343269569,7471.0,0.02735571694903161,2.8748591319125856,3841.672743196411,7471.0,0.019040520772539586,383.50070953200816,1057812.0910703845,7471.0,0.018606495232540824,3398.4943109348064,9816516.372096427,30960.0,0.03107442377532786,144.38033999190822,149520.89637435184,640.0,0.10577679219285212,1975.3497526559856,176548.16890394123,640.0,0.05543964464304486,413.81442567642364,134637.1005677706,640.0,0.05272743393089113,390.5220381705967,140466.34270157307,640.0
Run1804,Run1804_best_field,0684,test,81,81,0.019531464295448164,18.914640551210237,49582.507289300105,37370.0,0.017622962080463257,0.019698007060206274,6.377268100632626,20534.15621548436,5140.0,4.018919101774344,10357.73240412378,14620.0,0.009161604917302408,0.2892259324748878,3445.832089292446,7474.0,0.01246261008923056,0.0012462071256634998,8.02365441031842,7474.0,0.017239238295951774,0.03927815790773731,132.1645452420597,7474.0,0.025805396722842475,2.727913042615681,4096.466823673282,7474.0,0.016587567917681602,340.645838012907,1238048.5018063388,7474.0,0.017440401643268037,3480.4773788500534,11442629.88691436,30960.0,0.028680719111238043,144.33620238748955,175466.89945633523,640.0,0.08807963803311189,1536.4193103246666,198042.64339039373,640.0,0.052823907407693715,440.7475539484511,157953.3585514685,640.0,0.0618736240193475,537.7526901218007,140466.08679696888,640.0
Run1804,Run1804_best_field,0685,test,82,82,0.028657114220587306,38.619559368327415,47026.47270182443,37320.0,0.03372086677983682,0.028298408752130414,22.200840784406147,19524.142257340463,4960.0,8.078280397631488,10087.763516552019,17365.0,0.008780783105850537,0.2947179465033237,3822.434770521555,7464.0,0.01395741836873979,0.001495727055220747,7.6778947840059875,7464.0,0.01762229870059201,0.03999501551469568,128.7895877206087,7464.0,0.04991194061140985,9.653459951062342,3875.0212410026397,7464.0,0.022146191932414176,512.2777608279517,1044497.4490143468,7464.0,0.015697938397898487,2287.258629935379,9281753.573621545,30960.0,0.03024933245976971,128.58696902383485,140528.8101999485,640.0,0.08809460077805258,1295.8941703968965,166982.49759312707,640.0,0.05520447861218695,383.38042830017287,125800.19470745296,640.0,0.05532263263591582,429.9105654654695,140466.39644667075,640.0
Run1804,Run1804_best_field,0686,test,83,83,0.019529118095590475,17.2132154582062,45133.26390098341,37350.0,0.01582451932020485,0.022484574766156788,5.07424655165319,20263.315731610644,5070.0,3.5201808989633236,6962.987652900327,13570.0,0.007862140159675382,0.23541639537230089,3808.51036641511,7470.0,0.012555575929643346,0.0012622074616084828,8.006772071596885,7470.0,0.015185503149728503,0.033693585336944554,146.1129988285152,7470.0,0.02467553156331553,2.5004000469737084,4106.5438465604775,7470.0,0.01995586648684814,311.2959880387782,781686.0187603576,7470.0,0.018319536137927597,2722.1141447928007,8111055.751318654,30960.0,0.033122673684644104,133.0435475186461,121267.11465615511,640.0,0.08935121539391341,1287.2168300815429,161231.82905057963,640.0,0.05680429441641216,349.6121252793166,108348.81031152577,640.0,0.051883613637733854,378.12283472141826,140466.40639644404,640.0
Run1804,Run1804_best_field,0687,test,84,84,0.02132527777330732,21.981069805122424,48334.7450141898,37315.0,0.019160713498864505,0.028135950259797343,7.42002877178621,20210.740925885184,4800.0,6.223211861048433,7861.246441319711,15410.0,0.0099202632885761,0.3699660697966942,3759.373698267123,7463.0,0.01440417267832592,0.0016625593666383862,8.01309928555094,7463.0,0.017113407040189196,0.04024937088260314,137.43145242458272,7463.0,0.027177500956615502,2.874869956517733,3892.235997716405,7463.0,0.020325538496907977,427.12811406803377,1033889.2917174271,7463.0,0.022694790768508923,5347.128654195877,10381695.034077743,30960.0,0.03178462059135773,161.9648212326248,160319.60443612965,640.0,0.08634086622341815,1361.7753835324952,182672.29135444434,640.0,0.0591214815415172,505.3764208669637,144585.37246381814,640.0,0.07700818892440904,833.002179562578,140466.3566896724,640.0
Run1804,Run1804_best_field,0688,test,85,85,0.018513022701814787,16.486930806219448,48104.43829709968,37365.0,0.01423115283232375,0.021630036669353588,4.1674668475256365,20577.470525818408,5220.0,3.5711502613755686,7632.971006860145,11430.0,0.007278021205815028,0.1964147528751069,3708.0661369300165,7473.0,0.011889056793038215,0.001201243234674528,8.498380099069863,7473.0,0.016187472542426137,0.033600855425972055,128.2307683292036,7473.0,0.023351240679661885,2.3808661760415326,4366.315011143348,7473.0,0.017147202602324975,302.1582071912064,1027656.1756415428,7473.0,0.015966111653631373,2051.7840940033348,8048840.747865751,30960.0,0.027341418804451515,89.73719046512095,120041.21258126253,640.0,0.08103925179879064,1073.3162128162305,163431.90544438275,640.0,0.05682113450849397,344.9983242668998,106855.57463435535,640.0,0.047184036559948704,312.72497370166,140466.37709014144,640.0
Run1804,Run1804_best_field,0689,test,86,86,0.0198147279143995,17.90366663725854,45600.095937699436,37370.0,0.01954239733623676,0.018163502148028296,7.800486668004344,20425.186028469172,5055.0,3.315944117028574,10050.971085966452,17000.0,0.007869532841842906,0.2368140123223307,3823.926109990145,7474.0,0.012843549634847568,0.0013934179511898269,8.447170580809551,7474.0,0.016471384144913268,0.0407423653143363,150.17099099242077,7474.0,0.02735921385466544,2.8984524912086034,3872.2104972921024,7474.0,0.01874261389551707,258.9891648193414,737261.0285808825,7474.0,0.017416900486927255,2763.981603018165,9111574.00980532,30960.0,0.02494573801322021,87.11373393571208,139989.0013187047,640.0,0.10719800252274087,1653.1473020130607,143859.374175823,640.0,0.05138097605150559,333.95379275094655,126497.42356529314,640.0,0.05335609571306245,399.8900152014503,140466.40726898742,640.0
Run1804,Run1804_best_field,0690,test,87,87,0.021865569875321466,24.20515904184469,50627.48330719753,37335.0,0.023918704493716424,0.02022787269593705,11.177747798123821,19537.950269849895,5070.0,4.74079782989737,11586.466541859287,15205.0,0.00924667114409338,0.2982551573077556,3488.3265820744496,7467.0,0.012933837182095129,0.001387627575225749,8.295033467891312,7467.0,0.019826268981017976,0.04351667745822791,110.7066581991405,7467.0,0.035191691699754654,4.746625758166201,3832.698908686057,7467.0,0.01598920983096213,342.5208248839278,1339778.417326656,7467.0,0.01859875815821977,3314.0692954121246,9580621.667135775,30960.0,0.0306831439940856,136.83727484500093,145346.5407850509,640.0,0.09615607619169515,1549.0814810085271,167540.8815476164,640.0,0.05425012364646299,384.0055253663379,130477.61470355286,640.0,0.05247684029461456,386.81896174696703,140466.38302393287,640.0
Run1804,Run1804_best_field,0691,test,88,88,0.019907200349643314,21.549369235862482,54376.86781836824,37340.0,0.0174390256515813,0.02182977909579313,6.48771883866833,21332.786522949118,5035.0,6.223012031026997,13058.760555162535,15910.0,0.010049317917548754,0.32212683688653465,3189.7286317351327,7468.0,0.013456263336413215,0.001536871588915883,8.487672757528884,7468.0,0.01849182149454934,0.038500228290562724,112.59106309608926,7468.0,0.02586249712662369,2.577605086800622,3853.678404646344,7468.0,0.01703630833814013,470.1787730529638,1619988.8854154013,7468.0,0.016040261512717757,3442.8549366500556,13381223.827352563,30960.0,0.026131699696295117,145.8358975202372,213564.52860812962,640.0,0.09582394386312017,1753.8143575193958,191000.95488590014,640.0,0.048825571748879526,465.4525255273305,195245.35741619213,640.0,0.06604545520772317,612.714744513476,140466.40119341697,640.0
Run1804,Run1804_best_field,0692,test,89,89,0.02357704626174851,24.83360605311955,44674.63327275824,37320.0,0.027376064329269787,0.02000513719310356,14.532765876347701,19391.26992116671,5030.0,3.3404760711454515,8346.90166259536,14325.0,0.008109336926203147,0.23737049613649913,3609.5748156486184,7464.0,0.012323354165964747,0.0012391183992435217,8.159338404632106,7464.0,0.016695010751848455,0.032727990025565916,117.42104144751931,7464.0,0.03921770056994905,6.513134672919721,4234.730779949772,7464.0,0.016800418584511825,227.87297884142873,807332.8515300746,7464.0,0.015518365755579907,1697.3340023455087,7048153.342300465,30960.0,0.02442249215302831,66.33479184878456,111214.49988653632,640.0,0.10035776705415775,1117.2534251069317,110930.1793649644,640.0,0.051859144528620275,272.09311338898334,101173.51842347246,640.0,0.03548609895861782,176.8841503308049,140466.3835325998,640.0
Run1501,Run1501_best_field_e4689,0273,test,0,0,0.016119520051375756,7.155322141940096,27537.529627219654,39870.0,0.009426101210565904,0.01939713652421546,0.6339068396842362,7134.462187523515,1530.0,5.360604746714681,14247.495927952314,31295.0,0.005166474098521399,0.158009310604252,5919.624587127943,7974.0,0.012078410275273331,0.00044844211918692933,3.0738795188038472,7974.0,0.017114367623407355,0.01592252643510893,54.36135401305505,7974.0,0.014533203663742384,0.6926364982239293,3279.3113599931303,7974.0,0.025667749343922828,157.1684923903911,238555.7605239939,7974.0,0.02374434065156873,658.1953153368372,1167439.9699501886,9288.0,0.04874676981922925,35.58958221082723,14977.219837259432,192.0,0.06194579405105121,230.0408541966969,59948.91439543975,192.0,0.1022407189526671,136.3845057336395,13047.197743123425,192.0,0.0289437124851961,35.30227598756119,42139.97125205793,192.0
Run1501,Run1501_best_field_e4689,0274,test,1,1,0.01710360640182254,7.8435481491960335,26812.49196699395,39870.0,0.010740626389680489,0.01999931668848386,0.6576398251483828,5700.709167099896,1525.0,5.681540775153917,14204.822553187225,30000.0,0.005424510005470139,0.1953430210453663,6638.605643079826,7974.0,0.01175528151051052,0.00035208389779552265,2.5478866057872613,7974.0,0.021593276571377173,0.024911061640405185,53.42630531711384,7974.0,0.014659382959481628,0.6820701492165049,3173.9323232513148,7974.0,0.03323944966449771,159.1149911770167,144013.58103962138,7974.0,0.027787143080937295,517.2811429863807,669944.5403294009,9288.0,0.038189017824650714,11.724271670668632,8039.1271043781435,192.0,0.06573313992280795,150.81875064604907,34904.91484123989,192.0,0.13073971935896814,114.01518142191554,6670.334080001455,192.0,0.019621105731198428,16.223353682837114,42139.917419190344,192.0
Run1501,Run1501_best_field_e4689,0275,test,2,2,0.016673724804293712,8.05652257730381,28978.931606637616,39875.0,0.010932200099241547,0.018113499245508563,0.8597230998819195,7193.553061211471,1520.0,4.696641103524418,14314.713486921424,30415.0,0.00539226979626596,0.1742079777598365,5991.351677871726,7975.0,0.01202364034611359,0.0004778871021828953,3.3056232563398753,7975.0,0.02230755494523843,0.027378592466760717,55.01830094971787,7975.0,0.014046182884919694,0.6728583520791943,3410.413274910816,7975.0,0.02383001181147644,155.7677204595339,274301.98421733815,7975.0,0.019019333887608802,587.0338997751202,1622828.3133376103,9288.0,0.03960666048043346,35.740803855959385,22783.889472080882,192.0,0.06685605523851508,250.79313083520503,56109.2083343642,192.0,0.08132837301621668,132.4805917116256,20029.40695721828,192.0,0.03220481582978505,43.705416958671776,42139.91236122265,192.0
Run1501,Run1501_best_field_e4689,0276,test,3,3,0.01691682043951593,7.915597651277654,27659.621432649667,39890.0,0.009290739705673623,0.019769102697397428,0.6359037005487906,7367.00164216901,1585.0,5.147624443125635,13171.430341800278,30035.0,0.005433299257391476,0.17409138772127825,5897.25673825728,7978.0,0.011368826742672266,0.0004476291176657769,3.463275439329181,7978.0,0.018509533587455183,0.019412946106398522,56.663121845745565,7978.0,0.01626553181585638,0.9247935987591758,3495.491738360891,7978.0,0.04845469340902711,151.47702721651248,64517.13498702919,7978.0,0.0324574443548699,432.29501386485737,410347.30353400996,9288.0,0.04077974357154635,8.102605112558923,4872.3187528081235,192.0,0.07583628659095877,111.71009498666484,19423.983605023146,192.0,0.12347082780526493,61.5727982157714,4038.8727568665536,192.0,0.021058345951390344,18.68711234218881,42139.91781478987,192.0
Run1501,Run1501_best_field_e4689,0277,test,4,4,0.027379269283617752,19.778902583522427,26385.084236309518,39880.0,0.02906042299425969,0.030458420907122797,5.681438216178378,6727.511135766842,1565.0,12.365797423854682,13329.300525209963,30965.0,0.006063359024865384,0.22679552510031506,6168.902584456594,7976.0,0.010719007222707964,0.00033619734902344734,2.926073005089675,7976.0,0.027449343607531967,0.03981020673686756,52.83606983638238,7976.0,0.03208627394866185,3.308496398758357,3213.602022068932,7976.0,0.062065932436663106,407.6718228412804,105828.862124142,7976.0,0.03622953910436269,443.95258857942895,338229.1033214076,9288.0,0.03798555992841004,5.624410888120803,3897.983309793631,192.0,0.0938614643838104,174.03568361652674,19754.39130841358,192.0,0.1530034984011467,75.78069523852507,3237.0981182694504,192.0,0.02257109333898373,21.46835981112872,42139.91662799523,192.0
Run1501,Run1501_best_field_e4689,0278,test,5,5,0.02936919974585223,24.461365665783823,28359.363144224022,39900.0,0.020440340700886683,0.03255891230779075,2.432439886515172,5821.914933757687,1580.0,16.438409880638364,15506.722998907493,30565.0,0.007831552929384526,0.3995588914576464,6514.559044536438,7980.0,0.017168445165435465,0.000762784519041283,2.5878550009046863,7980.0,0.03663915840063131,0.056329240975635284,41.960718924176135,7980.0,0.02508225859944472,1.9425582596931705,3087.7403309043484,7980.0,0.04749849671285995,683.4203421340142,302920.156085136,7980.0,0.025370618475959596,979.0854818355475,1521102.5763416477,9288.0,0.039645324396186454,31.474901826531667,20025.364627107207,192.0,0.06617559374734427,244.05711268596139,55730.863976652545,192.0,0.08512450971055224,125.2994516686149,17291.788836518885,192.0,0.045066411442120716,85.58540957056539,42139.92697006929,192.0
Run1501,Run1501_best_field_e4689,0279,test,6,6,0.02730284869955508,20.144066056050924,27022.853827654406,39870.0,0.021586247757057645,0.02791158805465358,3.2836425035243835,7046.955901482406,1535.0,11.078604597175117,14220.536089851756,31120.0,0.006329294680791078,0.22991789439533258,5739.342484754405,7974.0,0.015637761168764468,0.0007202800982786852,2.9454541259035043,7974.0,0.026003466500308676,0.02916112601643947,43.1262598286553,7974.0,0.023328316878696468,1.7887190807955504,3286.815512313511,7974.0,0.06408862302407849,623.4873117928721,151797.8912792583,7974.0,0.033115244432730465,1061.9563165359668,968390.9505284459,9288.0,0.03556638316314446,14.810888161894034,11708.511767019801,192.0,0.10831748940287746,505.9407349869481,43122.35560978951,192.0,0.14018944142783926,191.19741708192944,9728.623811862988,192.0,0.03179726477086404,42.60623763648164,42139.91535643006,192.0
Run1501,Run1501_best_field_e4689,0280,test,7,7,0.019420248452207543,10.840071406857625,28742.370252651355,39880.0,0.014403626471210445,0.021551344518614464,1.2660533474869702,6102.507267090742,1545.0,7.050717096869582,15180.446663151459,29720.0,0.006053852085640928,0.23744209745032882,6478.793067108477,7976.0,0.013652545469162159,0.0005120290095696309,2.747054678566564,7976.0,0.02458698234887649,0.025128522086360024,41.56774716158322,7976.0,0.01797948095840976,1.0605481436677824,3280.772287868972,7976.0,0.0330084699767694,247.86633358986592,227492.3276925804,7976.0,0.02359549366135139,690.2104337320582,1239719.3619899421,9288.0,0.03724119543564543,22.813093129181237,16448.903273474334,192.0,0.08175978259120781,302.7303417087314,45287.30689349423,192.0,0.09343369403753361,123.71735834244893,14171.753800066952,192.0,0.032073724237063964,43.35033822721016,42139.920160133086,192.0
Run1501,Run1501_best_field_e4689,0281,test,8,8,0.025046234124808144,17.223410538975667,27455.811326736806,39885.0,0.019441111403751616,0.0281692212572956,2.155680488124902,5703.510073601181,1560.0,11.627271119217752,14653.052891519761,29945.0,0.006938447560018527,0.3254732968051323,6760.685639487279,7977.0,0.016384641674037883,0.0006492984660939878,2.41863582266359,7977.0,0.02876374761244895,0.038938993941553646,47.064536690691945,7977.0,0.022751176594589792,1.6576271367413544,3202.4261615766823,7977.0,0.04402402145539904,427.8623991937129,220762.1927894939,7977.0,0.024988775732375092,1054.49687354643,1688711.0208279933,9288.0,0.04661936242637394,45.24828986382397,20819.46237354171,192.0,0.061532362402692165,281.87772829183723,74448.09413936366,192.0,0.09487212457000276,156.71734266386045,17411.64510263713,192.0,0.02881677501811419,34.99326054378071,42139.9153281757,192.0
Run1501,Run1501_best_field_e4689,0282,test,9,9,0.037727297375665325,41.4618424884872,29129.78014657686,39885.0,0.06203276436219248,0.02187805605705656,31.55231069653982,8199.52887744741,1550.0,6.349081637368236,13264.57836407174,29990.0,0.006121883684380074,0.20917137973444067,5581.258190899145,7977.0,0.012545552390164623,0.0006061076445575774,3.8509704385135777,7977.0,0.02685201294210398,0.029266205296003423,40.589408181637154,7977.0,0.061856118747813424,13.9839054472883,3654.7960480569395,7977.0,0.035779156175909016,269.35937142404373,210412.67722056352,7977.0,0.021146313429600317,656.2253902329925,1467518.8885266248,9288.0,0.044223419353286754,40.55784653403981,20738.161354870368,192.0,0.10435001444865094,566.6944418812184,52043.19205581868,192.0,0.08127943346841286,121.9729665442398,18462.999200165905,192.0,0.0374370571119079,59.06050673852678,42139.92564271146,192.0
Run1501,Run1501_best_field_e4689,0283,test,10,10,0.0743711770255495,181.19483669671146,32759.442944975257,39155.0,0.09947066577269702,0.05355472452627092,106.44357261046369,10757.946818381695,2500.0,35.17235922610841,12263.259563599842,26070.0,0.010313286581668281,0.5614374323790563,5278.459489901704,7831.0,0.026170337228085542,0.0030916037955983997,4.514037825311055,7831.0,0.03543388067257666,0.12249745411926852,97.5640064374907,7831.0,0.11111917005681525,45.08001255497066,3650.951387004221,7831.0,0.09958910592680754,3229.2512284096883,325595.32950985106,7831.0,0.07611115015988598,13997.553176335285,2416326.163122027,15480.0,0.10816563835975701,393.29750408356733,33615.73062687011,320.0,0.15839671054967153,1761.4718458196105,70207.48074676926,320.0,0.0905250707222948,241.3343636548684,29449.736956317734,320.0,0.04270797148640303,128.10329774036836,70233.1943800236,320.0
Run1501,Run1501_best_field_e4689,0284,test,11,11,0.05948088266784858,113.692509404382,32134.90667846381,39150.0,0.08046202618950671,0.04018826677631187,73.97670156700855,11426.49499731365,2560.0,17.66685868489286,10938.575838140794,25760.0,0.01580939038562854,1.2960018601399423,5185.317783530144,7830.0,0.020634472183576988,0.0020682966462139984,4.857648644963495,7830.0,0.04592810862120703,0.18977063803293048,89.96465022450317,7830.0,0.0906116055564187,31.003397145772112,3776.0838717009756,7830.0,0.04913715618082508,1004.3708968777378,415981.56440105266,7830.0,0.0383487449085222,3627.905411478457,2466911.933518054,15480.0,0.051042293053919205,87.34200498475266,33524.53817726036,320.0,0.15046604729211419,1937.7511089377567,85589.59463233863,320.0,0.10043057588522318,294.9513621465952,29242.769439842836,320.0,0.03685799606847279,95.41262875744269,70233.19454957594,320.0
Run1501,Run1501_best_field_e4689,0285,test,12,12,0.05436382585938435,106.54865852384481,36051.88365808023,39185.0,0.06179508243723688,0.05127433255788663,45.05727405585033,11799.322777785612,2615.0,33.04315780757126,12568.443953323496,25155.0,0.011947797601048167,0.783169025360433,5486.302992714013,7837.0,0.01682797135769353,0.001477666440638198,5.218105817262776,7837.0,0.044294686757564025,0.19992481598792716,101.89747804233417,7837.0,0.06350628291237712,16.20032801106078,4016.894451588754,7837.0,0.07817038914917952,2588.2451812812615,423565.7800973984,7837.0,0.05951188584004166,13421.036585198675,3789471.41155968,15480.0,0.08234824995777514,365.73706989925785,53933.70222549292,320.0,0.10722730132241225,1310.164238650899,113950.17311168268,320.0,0.10271340430899589,499.8172510207082,47375.84774755291,320.0,0.03708817060205006,96.60803611532265,70233.19567984995,320.0
Run1501,Run1501_best_field_e4689,0286,test,13,13,0.06843422195248719,150.55968991944388,32148.598409944163,39160.0,0.11096245546325632,0.02636057809229447,130.22730037113655,10576.693532131883,2585.0,8.712331677728008,12537.89245308141,25745.0,0.008200007380735065,0.369379356188858,5493.436812026927,7832.0,0.021726243248178578,0.0022141725313396103,4.690748879033801,7832.0,0.03210975965907136,0.11473996811483848,111.28602111778953,7832.0,0.12414477734579402,56.42687691785299,3661.247650786021,7832.0,0.05060373020855943,335.9956810083324,131210.51242554322,7832.0,0.030697124659334808,1310.1374092905185,1390341.3902441612,15480.0,0.04456021098511455,36.56298607353598,18413.959349566812,320.0,0.16645228330462147,1453.9804224115528,52478.21384906466,320.0,0.11654796019007778,216.80907818434224,15961.294435771033,320.0,0.029064434831267846,59.3288585139444,70233.16304396547,320.0
Run1501,Run1501_best_field_e4689,0287,test,14,14,0.06180317756059197,119.09596870704128,31179.952706628217,39145.0,0.0910078304968718,0.030032988601038348,86.91756725502769,10494.216975451642,2540.0,11.71838744883826,12991.842608600064,27780.0,0.013646001048164923,0.98275185782385,5277.5587050459435,7829.0,0.037396509653578165,0.006028942589429244,4.311009784627094,7829.0,0.04575764923380069,0.21370691903436623,102.06836867586802,7829.0,0.09766515448368399,34.229858811679144,3588.6063815061534,7829.0,0.0577182452039351,524.7123023605932,157505.24081423788,7829.0,0.03907179685455071,2435.712275236974,1595508.845783609,15480.0,0.05203428552971079,58.15560892182181,21478.91878629893,320.0,0.16871223274253178,1612.5607064617666,56653.001930133716,320.0,0.11850921120188122,258.612497712904,18413.879374171294,320.0,0.04586707295238789,147.7557890130447,70233.19946628052,320.0
Run1501,Run1501_best_field_e4689,0288,test,15,15,0.04021218345806658,51.3310493961745,31744.23258102262,39170.0,0.04047356210695157,0.040006896823352366,16.39918915533045,10011.04740682154,2540.0,18.364687616942543,11473.972721330545,24105.0,0.007556324233114158,0.29889948212615886,5234.847001850586,7834.0,0.01740224596044077,0.0012892399556656664,4.257191156642582,7834.0,0.028551360839749577,0.059012336121394865,72.39176773602672,7834.0,0.04569400999624408,7.187197588855197,3442.239150904539,7834.0,0.060984675859355575,1440.0585947132927,387203.0092174071,7834.0,0.028604932193813243,2041.7719825031365,2495315.100733794,15480.0,0.04799759396756801,74.28104134698657,32243.26765699192,320.0,0.11893277188760785,1252.807433595692,88568.89777655413,320.0,0.10533762035558794,307.20234258940854,27685.828021737736,320.0,0.03723934945279959,97.39723024322302,70233.19664057004,320.0
Run1501,Run1501_best_field_e4689,0289,test,16,16,0.0460268600810323,74.98408669497833,35395.36611413712,39185.0,0.05105500166289402,0.046969012109959435,31.577081598166973,12114.218427645417,2615.0,26.15542103183385,11856.018374154684,25485.0,0.008687155706945714,0.38209820552122287,5063.138255174116,7837.0,0.020699772543340864,0.00236679882578135,5.523701464600281,7837.0,0.035800319507303086,0.08535954117582624,66.60061917942427,7837.0,0.06148033267572235,14.459464099677078,3825.4257741714932,7837.0,0.05545811271226857,1586.8107680049052,515934.9717450853,7837.0,0.022864978651432832,2410.1646950796126,4610044.525840376,15480.0,0.05095555532958567,167.49640099188196,64509.31074986173,320.0,0.10049201199622809,1309.0348329972169,129624.80620358001,320.0,0.08432289990389401,405.15198556499195,56980.5850690314,320.0,0.0525721720673529,194.11282228302844,70233.1880787086,320.0
Run1501,Run1501_best_field_e4689,0290,test,17,17,0.05408904091431579,94.96317397288426,32459.11392187815,39135.0,0.07852158444203557,0.03796189452579473,70.69585169639255,11466.10256230581,2565.0,13.863776471693614,9620.237440984332,22415.0,0.007373462240503425,0.27664216343673104,5088.332129155842,7827.0,0.015485891704756598,0.001268917790283404,5.291283737247802,7827.0,0.02690452932988565,0.04883229743278415,67.46155685395314,7827.0,0.08866743041960866,30.569341215616454,3888.282708167679,7827.0,0.05615794438115666,928.7027173362574,294478.9876825686,7827.0,0.03432474104632335,1834.481559238684,1557036.564680998,15480.0,0.04332482235454428,37.96683548797449,20226.96948080445,320.0,0.13488336329348904,1095.936636386969,60237.74038133286,320.0,0.13506413281651772,314.37968059750904,17233.5361431319,320.0,0.03093792884620253,67.22409957661966,70233.21048651185,320.0
Run1501,Run1501_best_field_e4689,0291,test,18,18,0.03654442261625401,44.38327434330142,33233.58019356198,39185.0,0.03095344300834231,0.03219888320374682,11.022198536249128,11504.03786797601,2585.0,11.910502076760867,11488.10646419366,25775.0,0.009957849862982994,0.48258162840212304,4866.7567120122785,7837.0,0.021517385134389364,0.0026960210062883755,5.822966414344689,7837.0,0.037012315344198576,0.08056111431925804,58.80753251258722,7837.0,0.0328936077796022,4.206892401877743,3888.1085845294697,7837.0,0.07266717216716564,1183.9233614557706,224205.91719621173,7837.0,0.03887020174723132,3052.853573378436,2020562.9480011866,15480.0,0.0511635339363136,78.23786269882918,29887.934966066307,320.0,0.11001290463315067,556.549334932841,45985.02271969245,320.0,0.10030186502200804,268.7084824069056,26709.35247297465,320.0,0.039278824557175865,108.35746205244868,70233.10336826851,320.0
Run1501,Run1501_best_field_e4689,0292,test,19,19,0.04592732889916091,66.29722593155851,31430.622378569005,39160.0,0.06919956662297168,0.035087020289287806,40.497238491706554,8457.045369554231,2490.0,19.256600804285828,15641.79722118661,27845.0,0.008421375664182726,0.35679988995961465,5031.049957478162,7832.0,0.021524038223162133,0.0013824426055490586,2.984005372070587,7832.0,0.0361818941790807,0.09285274438283293,70.92709068656876,7832.0,0.0768525712400154,17.042795075812503,2885.519527321996,7832.0,0.0361561022537322,864.0376405130828,660951.2836346847,7832.0,0.0289691925646968,2338.1372883935555,2786103.3777438444,15480.0,0.05418639629027593,102.7865804558854,35007.07945554924,320.0,0.09823859571661706,1125.4928548784535,116621.45371874596,320.0,0.09122131565328585,246.69499242635908,29646.106930632894,320.0,0.03486616282470434,85.37893360847556,70233.19381486115,320.0
Run1501,Run1501_best_field_e4689,0293,test,20,20,0.050148250741606906,96.53919791765166,38387.701480242125,38425.0,0.0675218440891807,0.032704985678408245,64.38076416103569,14121.067779717925,3460.0,13.94061324441937,13033.286800645366,24410.0,0.012573600312321303,0.6971425756428533,4409.631565638391,7685.0,0.026287127186632737,0.004261888302427521,6.167594471784006,7685.0,0.03505007842638867,0.14139049182426255,115.0912261779599,7685.0,0.08590332520626225,26.342692764849,3569.769843837079,7685.0,0.03776071469735532,804.7976756940166,564425.0787463738,7685.0,0.023765998209867568,2739.475331414269,4850151.158050549,21672.0,0.028334069256293934,57.58131174098831,71723.85963590027,448.0,0.1446475557852723,2090.038874183201,99892.33501930036,448.0,0.0676820541045289,292.359954821781,63822.060975827124,448.0,0.04349814384420639,186.0423986029109,98326.47724655867,448.0
Run1501,Run1501_best_field_e4689,0294,test,21,21,0.04354529935832235,69.6841426485541,36749.497078111424,38455.0,0.04803281740926795,0.03882471827466336,32.31011406723685,14004.331051176632,3655.0,14.119987026170895,9367.369934022772,19640.0,0.011138209292872786,0.6365566187092101,5131.050507382456,7691.0,0.01492089413427948,0.0013277363984879025,5.963787537564554,7691.0,0.03241315048270683,0.13357191586184164,127.13720635410927,7691.0,0.05986935792330787,13.595077285037876,3792.909494132756,7691.0,0.056464848396661535,1248.6821403496522,391647.688122316,7691.0,0.03211131538947047,3932.3072496928166,3813565.8661113027,21672.0,0.049152606311193406,129.74045461840385,53700.99257607713,448.0,0.12487209956122976,1496.9149611079783,95998.90984834841,448.0,0.08202370704683777,315.1348966964707,46840.08896210826,448.0,0.03729463686705685,136.76129921896154,98326.47097354144,448.0
Run1501,Run1501_best_field_e4689,0295,test,22,22,0.0714093218714754,231.65752039762,45429.35655834118,38390.0,0.09038067809015342,0.060514880489912645,120.18284908833827,14712.663583882668,3445.0,51.87653082502412,14165.978085729426,21915.0,0.014298382399555103,0.9988891229497808,4885.887563218935,7678.0,0.02800095373992972,0.0042715390848489495,5.448020541056833,7678.0,0.04487198039309084,0.2237803294024696,111.14026662444356,7678.0,0.10741851473298508,42.923461793903314,3719.9444488804634,7678.0,0.07162478161312197,5588.414555641521,1089336.3443230987,7678.0,0.07476538063233906,55287.825626508886,9890731.511965964,21672.0,0.0658171615297596,666.4767800996781,153853.2681119196,448.0,0.16857152975475426,4821.565097487854,169675.67233244565,448.0,0.054404454131646504,411.6590865797267,139081.31612584036,448.0,0.06880360037300638,465.4710704516292,98326.45119395599,448.0
Run1501,Run1501_best_field_e4689,0296,test,23,23,0.03609353933706834,52.31541344724192,40157.87463860362,38425.0,0.041574682852754945,0.03208449016503601,27.171337019530124,15720.020909909268,3620.0,9.064703450365872,8805.688446967908,17445.0,0.007743891307583137,0.2802906988985276,4674.015940582359,7685.0,0.017313952319566926,0.002097928515410812,6.998391785959977,7685.0,0.022477610932279398,0.05986207933656072,118.4817605380388,7685.0,0.05060139134053518,11.611650805240593,4534.913943340381,7685.0,0.04190210433840752,874.6429830395083,498148.8687632106,7685.0,0.043916190587816525,8016.121637149113,4156377.4147210135,21672.0,0.06410485629572629,247.17792143089358,60148.917246883866,448.0,0.12533408312379762,1751.5358697609804,111501.48695306768,448.0,0.05554264593107664,163.40414518185278,52967.55666439375,448.0,0.0345823792824859,117.59265715788752,98326.4737991952,448.0
Run1501,Run1501_best_field_e4689,0297,test,24,24,0.07198865981785141,204.37854961023208,39437.296508628395,38460.0,0.09873379985376966,0.03024081949369869,158.6530841057046,16274.843304920334,3615.0,9.273061407692634,10139.954913723219,20685.0,0.011286338177737585,0.6006376306810214,4715.268412488572,7692.0,0.029554784261538833,0.005968529221424674,6.833004983198556,7692.0,0.027634181731219072,0.11345557300991317,148.57051025700483,7692.0,0.12424816021164131,64.72023689681309,4192.375408757771,7692.0,0.06753476213040516,1812.2130911594231,397332.8883256035,7692.0,0.055944461574242405,16057.694804905039,5130609.99097099,21672.0,0.06980821133407937,366.1606449078066,75137.82915983396,448.0,0.19974808608520447,5011.507237478084,125603.89535434656,448.0,0.10759158184419995,771.2260596147948,66623.14199983486,448.0,0.04442574021740607,194.06150557444835,98326.38013462527,448.0
Run1501,Run1501_best_field_e4689,0298,test,25,25,0.07342435591417837,224.40330744739381,41624.493561958516,38410.0,0.0870899166264713,0.057699087085404804,112.64643740269135,14851.889574673252,3480.0,37.0794405513555,11137.694193654219,20245.0,0.011767948280889598,0.671529037347373,4849.1240517434435,7682.0,0.023546445361296697,0.003575393156160941,6.4487137017717036,7682.0,0.04408105482377448,0.16547270925602311,85.15740545166051,7682.0,0.09669425842354762,36.899597459406266,3946.5740360053405,7682.0,0.08851265888002467,6317.339768495705,806349.7608549924,7682.0,0.09606608862441528,53864.19031394227,5836599.838683283,21672.0,0.12341311494239476,1398.6935018754489,91833.24466902234,448.0,0.207394296361939,5392.002921129709,125359.28366688924,448.0,0.10860923919294131,993.6902971729053,84239.8347514791,448.0,0.039225736759967364,151.29085603495787,98326.47301019073,448.0
Run1501,Run1501_best_field_e4689,0299,test,26,26,0.05445126287765244,116.97760400188193,39453.61553989724,38405.0,0.07005488888472744,0.043854155959788574,76.06948718555219,15500.067568983713,3500.0,19.408745457227884,10091.969999921042,20310.0,0.012374980748357417,0.690783794657853,4510.794858982641,7681.0,0.01511106708847168,0.0016809976079884992,7.361678178794699,7681.0,0.03125035439376018,0.08369704231634717,85.70382745521009,7681.0,0.09079887635934587,32.348148780610586,3923.633949510868,7681.0,0.053651372442684045,1614.329223918426,560828.9666810607,7681.0,0.02865943681778433,3428.7601682069876,4174474.425740515,21672.0,0.05415999030741696,173.91447172102562,59289.606227599645,448.0,0.1531767209553428,2648.309869824517,112871.2311935382,448.0,0.08488596281022842,374.93689014254824,52033.90443023339,448.0,0.03294591832295301,106.72684879658391,98326.47088877726,448.0
Run1501,Run1501_best_field_e4689,0300,test,27,27,0.05792592791010603,130.99757335890385,39040.669064650356,38445.0,0.0823078501118343,0.042353340232495276,90.65365437079979,13381.438416111261,3550.0,20.88596795739306,11643.38540930202,20135.0,0.009950394778885305,0.47196526765223334,4766.827284546968,7689.0,0.024346393106881116,0.003428913122231433,5.7847849885949705,7689.0,0.03509882037443663,0.11121308100562406,90.27569304175731,7689.0,0.10356406706170637,40.68729069801524,3793.504270540692,7689.0,0.03975573794858659,1120.7835235827251,709123.8614883416,7689.0,0.03164274985813227,4360.581046767943,4355077.88941068,21672.0,0.04730526994615633,137.17607013063576,61299.83515682594,448.0,0.15532946271771383,2762.704926959843,114505.6251482878,448.0,0.07290384921242907,284.027101517094,53439.066596359255,448.0,0.03996579224831394,157.05338867276168,98326.47238635694,448.0
Run1501,Run1501_best_field_e4689,0301,test,28,28,0.046537036634967936,84.16903684072855,38864.66311013995,38425.0,0.06192671348419807,0.02879018596396334,60.78239695948076,15849.725978134988,3555.0,8.045424363250548,9706.440933125261,22040.0,0.011367397541179304,0.5920754682562945,4581.998791089999,7685.0,0.021412653643235805,0.0031124952587999483,6.788404523059976,7685.0,0.03471073692147413,0.12473408428490378,103.52791677932788,7685.0,0.07739906514971809,24.48419997403055,4087.092694976465,7685.0,0.03453218167496976,564.6834062371192,473540.35086403636,7685.0,0.034749754997285304,7541.958457969588,6245693.127529874,21672.0,0.03613117633827722,121.62692271951576,93167.73042955862,448.0,0.1335692002107299,2271.682394720753,127331.23791469069,448.0,0.06663166740043307,367.9191187237709,82868.78927764764,448.0,0.05335175772312386,279.87740566529556,98326.4535108699,448.0
Run1501,Run1501_best_field_e4689,0302,test,29,29,0.058988275699624455,136.68852119473212,39282.637760827434,38450.0,0.07747350481864008,0.04571688328538806,90.59285236953936,15093.415476379221,3655.0,21.013685242143893,10054.234094013083,18900.0,0.009800697799806623,0.43591757685374166,4538.27056725522,7690.0,0.0194845754921543,0.0025985580532130294,6.8446386769329415,7690.0,0.02760216102258066,0.06806884845253511,89.34335014421923,7690.0,0.10001340786864099,40.116224020305005,4010.546872219696,7690.0,0.053074059247093554,1750.0560087110562,621279.9499634388,7690.0,0.03797586124424161,6109.739096843314,4236501.858363023,21672.0,0.03993790799927732,94.351090458097,59152.935204079135,448.0,0.15876084173205862,2667.4518267967615,105830.24446225094,448.0,0.0962726941831213,481.01144204404125,51897.8248374055,448.0,0.04055679670035252,161.73268956538686,98326.48569539761,448.0
Run1501,Run1501_best_field_e4689,0633,test,30,30,0.016119040845308328,7.193754776100673,27687.085238669006,39870.0,0.009579147930780425,0.019292189157525487,0.6484422321640727,7066.714271978597,1530.0,5.370203977368906,14428.718447028814,31295.0,0.005582536938274165,0.1844834348732556,5919.624587127943,7974.0,0.010968572989462185,0.0003698171951452155,3.0738795188038472,7974.0,0.019412643791782976,0.01677967762514794,44.52605737292281,7974.0,0.014036531650761318,0.6461037654069102,3279.3113599931303,7974.0,0.02607650057666895,162.21407219210218,238555.7605239939,7974.0,0.023575485147378873,648.8672212614877,1167439.9699501886,9288.0,0.04868601758845777,35.50092816473527,14977.219837259432,192.0,0.06400815875778262,245.6133632642415,59948.91439543975,192.0,0.10227459916130652,136.47491004924285,13047.197743123425,192.0,0.02988590357543924,37.63804150169199,42139.97125205793,192.0
Run1501,Run1501_best_field_e4689,0634,test,31,31,0.016448869596876296,7.3078458188061965,27009.544539876122,39870.0,0.009252988323611789,0.019740044764496107,0.48042113109090834,5611.230034360072,1525.0,5.645390106183149,14487.641523472415,30000.0,0.005394184803985097,0.19316503328138096,6638.605643079826,7974.0,0.01160388883053089,0.0003430735327483769,2.5478866057872613,7974.0,0.022970232804930258,0.02337114126966464,44.29443097446224,7974.0,0.014309380445107654,0.6498892049455991,3173.9323232513148,7974.0,0.03138479855505506,141.8541809689735,144013.58103962138,7974.0,0.027961374200915375,523.788399123679,669944.5403294009,9288.0,0.03776927930216344,11.467963208681486,8039.1271043781435,192.0,0.05750029268747862,115.40554956346392,34904.91484123989,192.0,0.12925584898872186,111.44176839976703,6670.334080001455,192.0,0.0200624014810585,16.961314788535674,42139.917419190344,192.0
Run1501,Run1501_best_field_e4689,0635,test,32,32,0.014721133574947825,6.298899287311515,29065.791760428096,39875.0,0.009350508805965123,0.016314047498380908,0.6230409524036741,7126.004735215365,1520.0,3.8393140784500637,14425.47746183404,30415.0,0.0048729444227979925,0.14226816459756061,5991.351677871726,7975.0,0.010822538651315475,0.00038717886850872323,3.3056232563398753,7975.0,0.022956014046119706,0.02336242476593868,44.33277862389696,7975.0,0.013094508120567694,0.5847704100108044,3410.413274910816,7975.0,0.019479024179598254,104.07905553029812,274301.98421733815,7975.0,0.020587127211161797,687.8030105253382,1622828.3133376103,9288.0,0.04389364421117579,43.89662626785925,22783.889472080882,192.0,0.0701401415387321,276.03707511466985,56109.2083343642,192.0,0.07751233671960353,120.33992864766664,20029.40695721828,192.0,0.030310780761682563,38.71576763877965,42139.91236122265,192.0
Run1501,Run1501_best_field_e4689,0636,test,33,33,0.016864583057570784,7.8846244031810855,27722.334063448183,39890.0,0.009219126720257133,0.020312245207594844,0.6203794061910672,7299.242690864948,1585.0,5.478778821530642,13279.077543530919,30035.0,0.005130989066523544,0.15525736593885256,5897.25673825728,7978.0,0.011536763919365686,0.0004609513000819068,3.463275439329181,7978.0,0.018763883904363864,0.016065657051600204,45.63026779165192,7978.0,0.014778413011268166,0.7634206078962777,3495.491738360891,7978.0,0.05375827120352548,186.4514054053559,64517.13498702919,7978.0,0.031527261923324564,407.8721888805508,410347.30353400996,9288.0,0.038155580657829535,7.093357145502741,4872.3187528081235,192.0,0.07323598023006972,104.18070700163133,19423.983605023146,192.0,0.1252203055232358,63.330029344800984,4038.8727568665536,192.0,0.02183955596572686,20.09931666986631,42139.91781478987,192.0
Run1501,Run1501_best_field_e4689,0637,test,34,34,0.024825172537820656,16.38478904306537,26586.202172912188,39880.0,0.027869958708137178,0.02675540162183243,5.1477177845382736,6627.383143723326,1565.0,9.749104123783209,13618.891497220366,30965.0,0.0055151267886456995,0.18763718728774575,6168.902584456594,7976.0,0.01148068907913294,0.0003856746273120568,2.926073005089675,7976.0,0.025894494287279607,0.02935159316892951,43.774058265058166,7976.0,0.030353243000339106,2.9607537603163587,3213.602022068932,7976.0,0.05460657677771777,315.5687797964622,105828.862124142,7976.0,0.034475507602749735,402.00579425669196,338229.1033214076,9288.0,0.03445697780402734,4.6280105629678125,3897.983309793631,192.0,0.09074859282303009,162.68347898571596,19754.39130841358,192.0,0.1572237367470664,80.01881051042429,3237.0981182694504,192.0,0.024274980794458337,24.831986415942993,42139.91662799523,192.0
Run1501,Run1501_best_field_e4689,0638,test,35,35,0.01935893394182625,10.569075515455854,28201.62446117591,39900.0,0.010353501476859251,0.022234274328380862,0.6274990380894945,5853.809226676062,1580.0,7.588223242752953,15349.49811144136,30565.0,0.006337962106528747,0.2616882971928624,6514.559044536438,7980.0,0.012870744663907321,0.00042869388453063223,2.5878550009046863,7980.0,0.02342372250865166,0.024748031282087357,45.10542999061808,7980.0,0.017090418665794853,0.9018746378362914,3087.7403309043484,7980.0,0.02907675435166203,256.10616137083093,302920.156085136,7980.0,0.020957997466266587,668.1255328998224,1521102.5763416477,9288.0,0.04266829525636324,36.45784682125179,20025.364627107207,192.0,0.04947211728165448,136.40075391617125,55730.863976652545,192.0,0.08280003633495518,118.54984162286173,17291.788836518885,192.0,0.0388154567141997,63.489686082539265,42139.92697006929,192.0
Run1501,Run1501_best_field_e4689,0639,test,36,36,0.016149079968220393,7.006504825581649,26866.175984448146,39870.0,0.010900828577839599,0.017742132383003636,0.8408380005438143,7076.089388982972,1535.0,4.425901332968407,14060.154634442904,31120.0,0.0053820585925573785,0.16624897799063337,5739.342484754405,7974.0,0.01219466183470361,0.0004380178270008372,2.9454541259035043,7974.0,0.020278678042096657,0.019039001235191352,46.29828263278694,7974.0,0.01664928408096669,0.9111008570239414,3286.815512313511,7974.0,0.026755405959627016,108.66478582475361,151797.8912792583,7974.0,0.024315321892161696,572.5465061886869,968390.9505284459,9288.0,0.04304596059068801,21.69534218005017,11708.511767019801,192.0,0.07896729363434557,268.9038281551424,43122.35560978951,192.0,0.10565092651662686,108.59204962953265,9728.623811862988,192.0,0.03041972403354999,38.99457565134617,42139.91535643006,192.0
Run1501,Run1501_best_field_e4689,0640,test,37,37,0.017275511957349325,8.524399512797448,28562.8765342791,39880.0,0.008903482561286424,0.020513801291883373,0.48602470039974244,6131.101648243674,1545.0,6.314517364047958,15005.410231953592,29720.0,0.00522403377714782,0.17680968946602074,6478.793067108477,7976.0,0.011877490971197925,0.0003875401667620224,2.747054678566564,7976.0,0.023686706737896815,0.02492601374585853,44.42663951371189,7976.0,0.015855321581941546,0.8247573560825198,3280.772287868972,7976.0,0.02806056482466429,179.12638921972587,227492.3276925804,7976.0,0.021700733669834184,583.8109252746749,1239719.3619899421,9288.0,0.043083928540159605,30.53286380847764,16448.903273474334,192.0,0.05789519802212245,151.79643867791077,45287.30689349423,192.0,0.08458734206645117,101.39915973638824,14171.753800066952,192.0,0.033199928608273435,46.44810583699382,42139.920160133086,192.0
Run1501,Run1501_best_field_e4689,0641,test,38,38,0.022202082191230484,13.50052641038265,27388.187389710034,39885.0,0.010897523449737828,0.027267274426725056,0.6810607696934357,5734.957983285975,1560.0,10.820828644531574,14553.822088679106,29945.0,0.006669553964242388,0.3007352418210104,6760.685639487279,7977.0,0.012768025500797135,0.00039429199839141594,2.41863582266359,7977.0,0.023891426513606717,0.029363557322276915,51.44278889832624,7977.0,0.01721844928438998,0.9494392826723094,3202.4261615766823,7977.0,0.0416315479340263,382.6218940512365,220762.1927894939,7977.0,0.022802069900128848,878.0189374225613,1688711.0208279933,9288.0,0.04547873620810028,43.061215627221486,20819.46237354171,192.0,0.04952565469441716,182.6055760313859,74448.09413936366,192.0,0.09452819558087222,155.5831435635208,17411.64510263713,192.0,0.029988346428268083,37.896464686637046,42139.9153281757,192.0
Run1501,Run1501_best_field_e4689,0642,test,39,39,0.01528154295951108,6.770774134763424,28993.71817481273,39885.0,0.008413740220769574,0.017863041530366917,0.5822861602561817,8225.423552597853,1550.0,4.189484891555106,13129.549132255197,29990.0,0.005063870490684428,0.14311900017094237,5581.258190899145,7977.0,0.010276193843424984,0.00040666309410664975,3.8509704385135777,7977.0,0.02028811270028853,0.01812693076782911,44.03935793643122,7977.0,0.013046301722955522,0.6220681746604586,3654.7960480569395,7977.0,0.02613430304467799,143.71223636518465,210412.67722056352,7977.0,0.019265963052428062,544.7097461982396,1467518.8885266248,9288.0,0.04399703859449873,40.14367612365032,20738.161354870368,192.0,0.06389673418268044,212.48156144659936,52043.19205581868,192.0,0.07352474665540905,99.80891266519731,18462.999200165905,192.0,0.0312206670404188,41.07505184762431,42139.92564271146,192.0
Run1501,Run1501_best_field_e4689,0643,test,40,40,0.01868451739688525,9.150373358041833,26210.48425503066,39890.0,0.012918407287260635,0.020930261578036666,1.0245076598701315,6138.994783973573,1495.0,6.270873678437843,14314.584294874528,31915.0,0.006321459802312428,0.24911978172430407,6234.095535677058,7978.0,0.012493269433566302,0.00038732364872779497,2.48154298278521,7978.0,0.024905423592838094,0.033121457915562855,53.397580570350975,7978.0,0.017069528262365307,0.9386591121231522,3221.5498979635154,7978.0,0.0488271275623192,148.75108691571114,62393.27693974294,7978.0,0.03060008317167227,540.6695433604693,577413.1789717526,9288.0,0.0353735347880874,8.877870766359482,7094.9918172310545,192.0,0.06924024481407995,116.22319761023438,24242.40097956486,192.0,0.11069191582098664,73.67295360044005,6012.793280566675,192.0,0.02266984179836609,21.656617704908058,42139.91462174845,192.0
Run1501,Run1501_best_field_e4689,0644,test,41,41,0.020080861323440304,11.334127394840063,28107.577438803775,39885.0,0.009720599556602033,0.024227478575365557,0.6482656504221378,6860.675923477129,1545.0,9.219533640920451,15706.973714894582,32330.0,0.007933352079716882,0.37034863365299264,5884.333646271141,7977.0,0.011043962090721414,0.00038445314656887063,3.152053682355212,7977.0,0.03216886590204603,0.03877747360224718,37.472098088002674,7977.0,0.01701163118812257,0.9063735688802812,3131.953569467242,7977.0,0.025614603622397127,218.7204170107836,333360.42862172925,7977.0,0.02675123295970986,810.6168476127075,1132734.2153249925,9288.0,0.051128406529731774,37.51536080383626,14351.080886341642,192.0,0.06968319529421535,240.69651612336406,49569.403246700225,192.0,0.09926684873550842,121.8746776239527,12368.157567802613,192.0,0.022982499306494743,22.258106974617476,42139.920697014735,192.0
Run1501,Run1501_best_field_e4689,0645,test,42,42,0.01720052723901282,8.937791938880524,30209.721525478762,39875.0,0.01084463618299684,0.019872867555788758,0.7890317009832324,6709.103297071934,1535.0,6.500091388850317,16458.80827942399,31180.0,0.005553977454827685,0.191311880946883,6202.0279151596305,7975.0,0.01144890014884194,0.0004020988715615837,3.0676465468716327,7975.0,0.023644701977948393,0.021833858996995224,39.05375634490171,7975.0,0.014916976660357528,0.7460979482294643,3353.0051868336504,7975.0,0.025004902410011715,218.64020540143105,349687.170404677,7975.0,0.0214175077043274,799.4500802597445,1742823.819375858,9288.0,0.04473680075707941,44.033319861968394,22001.464157967934,192.0,0.06250599751548742,318.8991617406666,81622.51961958302,192.0,0.09809953687448289,179.27989185971353,18629.348510142132,192.0,0.03572389336433973,53.77881749107473,42139.91739093661,192.0
Run1501,Run1501_best_field_e4689,0646,test,43,43,0.014511030494084642,5.7485891710733785,27300.133006912838,39870.0,0.01030135661447569,0.015095303180138006,0.6984323914846233,6581.661292919629,1520.0,3.428222165378503,15044.76050126554,32175.0,0.004410758166547475,0.1174931896492862,6039.294390782596,7974.0,0.011710481735885011,0.00042560639116134884,3.1035490873645095,7974.0,0.019004486960056726,0.01552597288151539,42.98792903453901,7974.0,0.01440913750795048,0.6818393720269169,3284.02234644069,7974.0,0.03365765071437463,96.32701757298068,85031.63223991933,7974.0,0.026825082142995928,462.4162539991362,642615.1649204479,9288.0,0.042804223993539135,15.802849142814829,8625.060263290397,192.0,0.0775496883986517,181.92495883500038,30250.473094805573,192.0,0.10763076935929623,87.72416829113972,7572.62358987625,192.0,0.022947852591234646,22.191051304303983,42139.926574509795,192.0
Run1501,Run1501_best_field_e4689,0647,test,44,44,0.021450058396489963,11.887350647153427,25836.168945075326,39870.0,0.010879247175159304,0.025713814311281672,0.7078533601618078,5980.61175368643,1515.0,9.55671371645024,14453.584625801635,31320.0,0.006729091898456408,0.2814431003112741,6215.523135318731,7974.0,0.014148370733057556,0.00047805635905396183,2.3881754913548754,7974.0,0.025383169726666755,0.029886939261648135,46.386300116458976,7974.0,0.02379010848432012,1.7693342955760065,3126.2021019919744,7974.0,0.08002719973137461,189.75214465952368,29628.621914122934,7974.0,0.039866832351439674,345.42540666689075,217335.5736897413,9288.0,0.041693830510953815,4.118936131094962,2369.41680595134,192.0,0.09388339890319693,126.4949736665851,14351.4459804517,192.0,0.1753701372186093,58.651351645477675,1907.070470464544,192.0,0.01947506586908337,15.982751041549818,42139.91586505261,192.0
Run1501,Run1501_best_field_e4689,0648,test,45,45,0.02198791926309087,15.320792816009172,31689.323818236742,39170.0,0.02130228463104668,0.023635762590438713,4.587679832052259,10109.757420895534,2540.0,6.351215099721126,11368.877404926467,24105.0,0.006127278279548103,0.1965346831751329,5234.847001850586,7834.0,0.014525581645693597,0.0008982354993964339,4.257191156642582,7834.0,0.019778894813525023,0.03157244112911002,80.70568359642236,7834.0,0.026802888300582414,2.472886779525857,3442.239150904539,7834.0,0.02606124944994885,262.9839173304879,387203.0092174071,7834.0,0.022429529041938668,1255.3525358087554,2495315.100733794,15480.0,0.047029006524996385,71.3133203071173,32243.26765699192,320.0,0.07775994250024103,535.5414640934143,88568.89777655413,320.0,0.07681086416262788,163.34386185942802,27685.828021737736,320.0,0.036419031798451094,93.15351080234359,70233.19664057004,320.0
Run1501,Run1501_best_field_e4689,0649,test,46,46,0.019771299898389837,13.83134999286266,35382.95691417514,39185.0,0.012205576076251294,0.025405168831705405,1.817658511975075,12201.008526060908,2615.0,7.602832163720375,11779.61869332284,25485.0,0.006802081780639025,0.2342628835293492,5063.138255174116,7837.0,0.012334272522873143,0.0008403443378971194,5.523701464600281,7837.0,0.02236894543481156,0.03778961228978778,75.52337959207416,7837.0,0.019679263378605708,1.481485673265394,3825.4257741714932,7837.0,0.023185619582338942,277.35268756396044,515934.9717450853,7837.0,0.01956127485350156,1764.0034521746509,4610044.525840376,15480.0,0.03781114211293921,92.2278305944153,64509.31074986173,320.0,0.05675840531545044,417.58846158027245,129624.80620358001,320.0,0.06382345270957354,232.10660217620875,56980.5850690314,320.0,0.051830387902420276,188.6736716233263,70233.1880787086,320.0
Run1501,Run1501_best_field_e4689,0650,test,47,47,0.02003781303920707,12.99636101153685,32368.392097978896,39135.0,0.010953511795441333,0.028985218814397317,1.3866769887307429,11557.623642330404,2565.0,7.97761756478232,9495.548284107272,22415.0,0.0062167911164203345,0.19665636249406296,5088.332129155842,7827.0,0.010954501112797659,0.0006349598404691625,5.291283737247802,7827.0,0.01966306620341381,0.02910447797106042,75.2761382396712,7827.0,0.017346194993921843,1.1699472534192046,3888.282708167679,7827.0,0.0336184972713296,332.82114096967877,294478.9876825686,7827.0,0.02402079025369478,898.4075511506123,1557036.564680998,15480.0,0.03429729795788276,23.793078199281297,20226.96948080445,320.0,0.0821467251016494,406.48935886476045,60237.74038133286,320.0,0.10264291846211773,181.56510415948895,17233.5361431319,320.0,0.029066841196625816,59.338723169515106,70233.21048651185,320.0
Run1501,Run1501_best_field_e4689,0651,test,48,48,0.01840454899625281,11.23064120451737,33155.394033359546,39185.0,0.012471629630198613,0.021017292871049975,1.7987264151790612,11564.282763557658,2585.0,5.032969166032507,11393.855770236281,25775.0,0.006439318080461853,0.2017991781084411,4866.7567120122785,7837.0,0.012224715291795045,0.0008702054361074151,5.822966414344689,7837.0,0.02382155590354291,0.037918373837335526,66.8204592206712,7837.0,0.018980546432276122,1.400734442256651,3888.1085845294697,7837.0,0.026086942947666975,152.57853722716192,224205.91719621173,7837.0,0.017064631304849743,588.3912473543891,2020562.9480011866,15480.0,0.03076273408704255,28.284321980158996,29887.934966066307,320.0,0.08065870697920234,299.1706029368295,45985.02271969245,320.0,0.0619996424545485,102.6695667334004,26709.35247297465,320.0,0.03578194913974345,89.92280530111475,70233.10336826851,320.0
Run1501,Run1501_best_field_e4689,0652,test,49,49,0.027131918257887147,22.91288874665108,31125.67987543439,39160.0,0.02889024764429808,0.029317833659517827,7.1408990427738335,8555.597874993402,2490.0,13.196618768209962,15353.200370021481,27845.0,0.00777468828614203,0.3041057285683491,5031.049957478162,7832.0,0.01596953435172155,0.0007609990358116916,2.984005372070587,7832.0,0.024410059429383624,0.04516686326386504,75.80227802224401,7832.0,0.03344870804841047,3.22836561777771,2885.519527321996,7832.0,0.027736463480678587,508.47736158481,660951.2836346847,7832.0,0.02157564712341051,1296.95494016341,2786103.3777438444,15480.0,0.045865882081394284,73.64366277160795,35007.07945554924,320.0,0.06237477485005405,453.72888999070057,116621.45371874596,320.0,0.08924072364778568,236.0988313089616,29646.106930632894,320.0,0.03698084420283299,96.04971051591565,70233.19381486115,320.0
Run1501,Run1501_best_field_e4689,0653,test,50,50,0.018656606407059892,11.730366998303671,33701.272614882044,39155.0,0.0166700165159476,0.01957800557802497,3.1691505455335873,11404.357157899953,2505.0,4.832262932258876,12607.055397417158,26325.0,0.006865170528702453,0.22780720315241065,4833.534171352902,7831.0,0.012669021513750257,0.0008561930050583627,5.3343993856473855,7831.0,0.02077170939035191,0.03053685330317685,70.77498841698637,7831.0,0.022355435868007548,1.8020401178194612,3605.7712496968174,7831.0,0.020311171212265503,154.161137414536,373684.40331956086,7831.0,0.021217544253078154,1215.5727253724042,2700167.549684047,15480.0,0.034706707946788075,44.72422420697157,37129.232622697775,320.0,0.07881910931586945,477.91238500806685,76928.14133934096,320.0,0.07064125098994369,161.24526331366732,32312.473379029623,320.0,0.03651703607497841,93.6555378725061,70233.194323491,320.0
Run1501,Run1501_best_field_e4689,0654,test,51,51,0.020581684596632517,13.515954698842023,31906.920506297767,39170.0,0.014656516496496554,0.02588670942302092,2.1954514046250115,10220.268520517071,2610.0,6.86821352090187,10249.202894361455,22890.0,0.006218582990290214,0.22202333212048275,5741.372794426514,7834.0,0.011904875219256948,0.0006339176035558728,4.472837461615512,7834.0,0.022294481561228433,0.039261162418683625,78.98932424306489,7834.0,0.022051836324397504,1.8089677283403447,3719.9859405180596,7834.0,0.030248154598757043,235.0600786605679,256910.05911101712,7834.0,0.023622282934844085,1048.4327338814585,1878870.4583124397,15480.0,0.04681661283967456,51.70413547486292,23589.856654325456,320.0,0.0702299896332777,376.5502432854141,76344.49451109322,320.0,0.09208584586411439,169.31201064361704,19966.50281542076,320.0,0.03337360277431176,78.22554934162417,70233.19681014257,320.0
Run1501,Run1501_best_field_e4689,0655,test,52,52,0.019318478642588285,13.66859956197283,36625.04578465462,39115.0,0.012721458972271312,0.023860099014416127,1.7586143062956237,10866.677005548967,2510.0,7.896380200831024,13870.226967166913,25445.0,0.006904942427246835,0.25569864612242804,5363.0062720909955,7823.0,0.01342843234756082,0.000898288553479066,4.981558498578893,7823.0,0.022488575461156162,0.031097812534069097,61.49020619175088,7823.0,0.018123603409760995,1.1978754526801076,3646.889168278616,7823.0,0.022469882835142806,320.2961659210262,634380.9372780382,7823.0,0.01884882303383798,1293.3691072480262,3640441.1048839553,15480.0,0.03571330840077821,66.95814225474028,52498.05668375944,320.0,0.07160205764206272,532.3951065621618,103844.39232570409,320.0,0.06834409890310192,217.02204539035756,46462.41810666776,320.0,0.04515186305147163,143.18371281115196,70233.16985318116,320.0
Run1501,Run1501_best_field_e4689,0656,test,53,53,0.017438900990220475,10.162609366530717,33416.96535602681,39145.0,0.010346216080179554,0.022905322499510626,1.1962612026699924,11175.39620048109,2590.0,5.839761302063638,11130.69478453629,24005.0,0.005683417587562805,0.1770256291903535,5480.460006845787,7829.0,0.010959681946224594,0.000595141191919537,4.954776949597841,7829.0,0.017658810863224687,0.024470049231500472,78.47149615992392,7829.0,0.01478072597203565,0.8806579467040159,4031.027189079077,7829.0,0.02751708772805027,243.48497730172897,321563.86067971925,7829.0,0.021732744633781994,1184.8581779903477,2508633.4945183024,15480.0,0.040104050738970574,53.536686305860314,33287.02671485442,320.0,0.06310222258132146,381.7046744589653,95860.16365009826,320.0,0.08712043215539189,215.93594998344656,28450.172866110377,320.0,0.037565371436678305,99.11006499998257,70233.18864385854,320.0
Run1501,Run1501_best_field_e4689,0657,test,54,54,0.01688055544426088,9.082206412102181,31872.630097101992,39175.0,0.01170790152248073,0.01830722050051322,1.4045877239849607,10246.858681284855,2605.0,3.848837993005804,11483.77847201816,23995.0,0.005342274729468218,0.1597470466200244,5597.32341814332,7835.0,0.011947877867727595,0.0006122437716827113,4.288869448165327,7835.0,0.018647212206157896,0.028338649039607103,81.4988191888651,7835.0,0.015725399368821804,0.9117584850585879,3687.0280879756265,7835.0,0.026156719366032834,168.90623113325293,246876.14413134614,7835.0,0.023498258115677618,1083.1608311019345,1961650.3805306149,15480.0,0.04874293828513372,56.24709597999897,23674.27532209172,320.0,0.06865857185639745,397.52487982341546,84328.57931373641,320.0,0.09824213030465696,190.32342366216682,19719.536327039543,320.0,0.03781212316440612,100.41637603905565,70233.19350403312,320.0
Run1501,Run1501_best_field_e4689,0658,test,55,55,0.020165136702558335,12.93654392178032,31813.82782409415,39130.0,0.010514324682820965,0.025714805141290802,1.1817307002653776,10689.459603989359,2540.0,7.16970002154581,10842.626802173441,23975.0,0.006879052898275091,0.25051554262363096,5293.920042819598,7826.0,0.013005320446033537,0.0008060362482533677,4.765543716462512,7826.0,0.021094801174489516,0.030068029257920067,67.57002683977753,7826.0,0.016645662181525918,1.0371730013162501,3743.2518688038285,7826.0,0.0338935931290634,314.4298436986611,273708.6586713328,7826.0,0.024782615028023515,946.0236988459794,1540308.651722646,15480.0,0.04227031593156608,37.775215068550324,21141.507816207777,320.0,0.08127142423147045,401.828041791822,60836.53911515839,320.0,0.09368781159829265,163.46887975054142,18623.82564585749,320.0,0.022758491873257156,36.37721275668082,70233.20076616836,320.0
Run1501,Run1501_best_field_e4689,0659,test,56,56,0.01922965167926911,12.965124558564167,35061.771754855625,39135.0,0.01451198302083189,0.022244972061607568,2.5107068345321144,11921.817837296547,2475.0,6.404574459672906,12942.749623436006,26240.0,0.006604146555209117,0.22145377491437832,5077.497089114883,7827.0,0.010355590894651469,0.0006150156750503358,5.735039519681722,7827.0,0.021302248312280378,0.02678675576117795,59.029517352349934,7827.0,0.019907266095481404,1.499476697800808,3783.698108909373,7827.0,0.027409475426480742,295.45506717116257,393269.25445661304,7827.0,0.019924198831967627,1080.8588830323874,2722746.8356073704,15480.0,0.0369520248346197,51.97540384812707,38064.610504612705,320.0,0.06690459087109756,372.0504760293849,83117.03185261873,320.0,0.07165555619887752,170.70147897748677,33245.85765778969,320.0,0.03188721531188749,71.41271857579977,70233.18728755109,320.0
Run1501,Run1501_best_field_e4689,0660,test,57,57,0.028090194766129072,23.547476478243965,29842.477210053778,39175.0,0.01859928808516974,0.03719174016393128,2.877064604747005,8316.813668155612,2530.0,17.049337651690614,12325.78289134245,25545.0,0.007643448705987654,0.34649850567237195,5930.928044717921,7835.0,0.016968591966706435,0.0009182150695707899,3.1889873969105285,7835.0,0.029580079030524495,0.06409108537763984,73.24853894071481,7835.0,0.02613726438850988,2.211360987208761,3236.975271118632,7835.0,0.03954053382345578,569.0975193834038,364000.2115236402,7835.0,0.02268689250224298,949.7803799707142,1845326.28312403,15480.0,0.04240141500381448,41.40644424250249,23030.70526018729,320.0,0.07190235698564297,378.96761844693884,73302.00410843518,320.0,0.09541263478513042,176.22762455327083,19358.07684053544,320.0,0.037658057135920006,99.59975561571628,70233.19940974208,320.0
Run1501,Run1501_best_field_e4689,0661,test,58,58,0.017238077102608065,10.454558075549038,35182.60898844127,39135.0,0.012584316039692508,0.020103755950366647,1.9832409639548372,12523.226952814388,2555.0,4.544325834839472,11243.85034083184,25950.0,0.0053590955614124065,0.14601666054739673,5084.162337784689,7827.0,0.011322966363416663,0.0007387206571089745,5.761821624202136,7827.0,0.022450355328233022,0.03516849521929557,69.77620544406207,7827.0,0.015400044016026154,0.9577016794636589,4038.186055459698,7827.0,0.02328365777754817,201.62008501268053,371904.4532410985,7827.0,0.022270059165733463,2600.4166927667816,5243245.629834085,15480.0,0.027858177812932046,60.355223249724645,77769.52538747418,320.0,0.07521427627316436,636.7504179003439,112556.00670609907,320.0,0.05716984296261646,225.18693971574925,68898.41011939888,320.0,0.06649923978129325,310.5816529199619,70233.19669711958,320.0
Run1501,Run1501_best_field_e4689,0662,test,59,59,0.025204136791318416,21.528575555313033,33890.00551614021,39175.0,0.029977785667366575,0.02441498944450614,10.043203347046523,11175.659356645789,2625.0,6.822705284823003,11445.73087534379,23275.0,0.0065012729586105805,0.2245550478961664,5312.831245005695,7835.0,0.012895058322752838,0.0008368450373263479,5.032669647365978,7835.0,0.02021683200415651,0.02857589951746392,69.9155382721387,7835.0,0.03627945753742326,4.944144513518005,3756.380582443429,7835.0,0.02787550276784434,300.13450952274263,386251.7990609623,7835.0,0.019260857396550975,1053.8055015925208,2840594.4220514805,15480.0,0.0399049720699977,61.835002206400105,38831.159453303335,320.0,0.08334472203169717,554.4422052769917,79817.85955248069,320.0,0.06810367095854127,157.28794661624312,33912.07769610361,320.0,0.03803852922696309,101.62249944856467,70233.19726223525,320.0
Run1501,Run1501_best_field_e4689,0663,test,60,60,0.019685673665392787,15.884463792487887,40989.4410587923,38455.0,0.013790448722239362,0.026715020710214223,2.9144678229520147,15325.07008676555,3665.0,6.442375659646437,9026.824830358426,18580.0,0.005835910803890583,0.16956165182034322,4978.6356851776745,7691.0,0.014115410178060858,0.0013852917319857356,6.952711943970246,7691.0,0.019083866602993542,0.03761386627458892,103.27976281560618,7691.0,0.01830832663154024,1.4570402004194234,4346.845762195902,7691.0,0.024519296769893683,358.4936120393353,596300.8124928762,7691.0,0.01746821418503644,1944.5630500804818,6372722.572388556,21672.0,0.032384148662483986,97.97504173174647,93422.2855853629,448.0,0.06441336731001315,625.650879150171,150792.60810139982,448.0,0.06016964231951121,300.02771735708217,82871.75158105174,448.0,0.05044222576666617,250.18364735721025,98326.46741316364,448.0
Run1501,Run1501_best_field_e4689,0664,test,61,61,0.028192002629245087,30.081751578255066,37848.72603257975,38425.0,0.035098902981977244,0.025925913840390065,15.637466630969998,12693.43929505268,3440.0,8.113751087222676,12071.285830916022,21130.0,0.0076257385496843934,0.2922738208740141,5026.04178083008,7685.0,0.01497447071572289,0.0011361025008901036,5.066575913252796,7685.0,0.02094992936129543,0.04567313500074578,104.0628453960799,7685.0,0.04449905377779668,7.419575434171466,3746.946585197554,7685.0,0.023189237519083063,341.14825185523114,634410.2809438416,7685.0,0.01939675322900788,1622.9168099206463,4313583.183278977,21672.0,0.03636490575767076,76.69330383712662,57995.26191998169,448.0,0.0788620350214802,770.6528047982409,123914.69258978701,448.0,0.07016510825086325,244.51426607446274,49666.29957463463,448.0,0.042902352213454224,180.9808636159314,98326.47009749155,448.0
Run1501,Run1501_best_field_e4689,0665,test,62,62,0.01856488393794175,13.820125350935193,40098.44259932677,38420.0,0.012162019039506042,0.025239230694135247,2.461649192833126,16642.355860400367,3580.0,4.707152133690031,7389.346098879615,17500.0,0.00735017110000901,0.2388966742764025,4421.964036375168,7684.0,0.012064312499347486,0.001065830493263685,7.322898000650808,7684.0,0.018212082234786094,0.038504444851625574,116.08915790867155,7684.0,0.016732885100917534,1.2731373927903549,4547.090688524182,7684.0,0.023508209002297095,278.7922831366528,504477.3383910921,7684.0,0.019881313897221545,2297.0119706498663,5811297.298959896,21672.0,0.02768957569816004,64.03547646029368,83519.53034880685,448.0,0.07027083596288343,710.8741920211692,143960.2219364001,448.0,0.06669102666855575,324.498582169648,72958.85291306677,448.0,0.050300868841708334,248.7834242999652,98326.47453388765,448.0
Run1501,Run1501_best_field_e4689,0666,test,63,63,0.023069440723416414,18.668964412943037,35078.91046437655,38415.0,0.026881247283988628,0.020641095476755182,9.471538416553166,13107.555131391857,3465.0,4.4326491172106,10403.940721532932,21910.0,0.006508914727010735,0.18733827359161997,4421.904408373123,7683.0,0.014687168053684082,0.0011278426731140998,5.228443197816297,7683.0,0.015607302610768882,0.026753422663625126,109.83067400511065,7683.0,0.03510142753656018,4.39188381391154,3564.521874806027,7683.0,0.020805552304554952,205.85683795764763,475561.6217592296,7683.0,0.018420787109296705,1419.344727065422,4182842.594680721,21672.0,0.032155132408409094,62.961294461015186,60893.79542381617,448.0,0.0842499779215658,700.3954182428465,98674.22065278079,448.0,0.06386901814255681,220.8400925421425,54137.405773193415,448.0,0.03270454406739829,105.16872282539134,98326.45955766606,448.0
Run1501,Run1501_best_field_e4689,0667,test,64,64,0.019744675044360442,15.827367286207084,40598.379555983185,38450.0,0.013595653936084274,0.027931152267617394,2.7016858299518165,14616.205549766588,3575.0,7.161585054349677,9179.762588149419,18015.0,0.007349423749938933,0.29568368844695603,5474.201636574989,7690.0,0.011726711103479646,0.0008751428604385549,6.363946234588165,7690.0,0.018838654258784088,0.042426751817925656,119.54737163452351,7690.0,0.020403491847230545,1.7179157492701729,4126.604653149953,7690.0,0.023139806678935403,318.8926612044963,595559.3841100596,7690.0,0.01605647720471803,1426.5871935249343,5533472.894297688,21672.0,0.035208594216870316,97.56008946789107,78700.01578546871,448.0,0.06876693890560615,672.5880878110651,142229.53367545776,448.0,0.062080630072074504,265.75902244382075,68956.59137642747,448.0,0.0447144789380422,196.59242141248706,98326.46444666499,448.0
Run1501,Run1501_best_field_e4689,0668,test,65,65,0.02981518876693231,33.06676647022004,37197.74403407997,38450.0,0.03467543718829739,0.030639198198367086,16.695320787820915,13885.159643092124,3595.0,9.918859509267213,10565.910970886423,20260.0,0.0078359521338994,0.28048281989472695,4567.96445850355,7690.0,0.01256118066174791,0.0008747208758922233,5.543812936905456,7690.0,0.019287718022348948,0.03888473471519216,104.52434240278725,7690.0,0.04616450943558674,7.619572101492966,3575.313536304615,7690.0,0.028665004101482407,529.1375011804867,643968.3537745433,7690.0,0.01984541413933565,1708.2515312398027,4337420.083746424,21672.0,0.039633130628815204,92.683956716122,59004.86327085355,448.0,0.09359432692854142,979.1620186377195,111777.78724432053,448.0,0.06500988636294432,217.31937075770378,51420.89424870211,448.0,0.03886181067798085,148.4965927994681,98326.46495472576,448.0
Run1501,Run1501_best_field_e4689,0669,test,66,66,0.027083256212722565,30.863132716846273,42076.368490799294,38455.0,0.029206959757035512,0.03118808784429756,12.948883609708705,15179.575364633401,3620.0,12.487065744124632,12837.572246496242,20780.0,0.00921330966832229,0.38215358554397505,4502.011517856129,7691.0,0.012310681782502261,0.0010535607803791166,6.951769831202523,7691.0,0.024760580419093216,0.051743284817843155,84.39803860379628,7691.0,0.040147123933473694,6.384706817141869,3961.2484486691997,7691.0,0.023784088746529358,472.9591697918644,836085.3555966725,7691.0,0.02320699303386162,2592.9564899541606,4814569.78012166,21672.0,0.0339671064469367,76.7480808438886,66519.72113228074,448.0,0.07295443445412093,726.7894133882605,136554.24404162884,448.0,0.07011255266433632,283.117210132007,57593.66442375657,448.0,0.04915782290515977,237.60503667935882,98326.45034761156,448.0
Run1501,Run1501_best_field_e4689,0670,test,67,67,0.023056472777824286,19.141641233688368,36007.53855579609,38425.0,0.023696671094136573,0.025186587342591344,7.267051487171376,12941.4683897545,3535.0,7.314995854699033,11531.224590942144,23310.0,0.007475575159117375,0.28142024612948224,5035.772641897347,7685.0,0.015113879266440021,0.001226691857583386,5.370114989529011,7685.0,0.019737861807536644,0.03708937319304872,95.20270449459373,7685.0,0.032157002624565674,3.6639443824334874,3543.2169953384823,7685.0,0.023543668889666226,249.1507593965002,449483.6848024041,7685.0,0.021583060480779074,2266.0114273600193,4864475.721723392,21672.0,0.030788630336951797,68.40476721662792,72161.51304710872,448.0,0.08673458221196116,879.363009267031,116891.68286388798,448.0,0.062397919519201414,249.76894086488545,64150.22929240296,448.0,0.04141088507436407,168.61628291897432,98326.47854758242,448.0
Run1501,Run1501_best_field_e4689,0671,test,68,68,0.026550876410994236,28.199582735798796,40002.29975223081,38440.0,0.03154015244022088,0.024375712156072118,14.071768398232374,14145.591183846915,3600.0,7.2712729375752225,12237.5878127941,20685.0,0.008003981972242263,0.27691489589007684,4322.491167416791,7688.0,0.013866087647076837,0.001081844354575991,5.626740690458796,7688.0,0.020032937285534094,0.03878777474639515,96.65083312450327,7688.0,0.0432172708311557,6.627325713282797,3548.3270329385064,7688.0,0.020338620502670143,374.3335512669022,904931.6304583258,7688.0,0.017926282466025702,1761.3974894237704,5481215.816870126,21672.0,0.031231464320839408,77.3058304238012,79255.16155842404,448.0,0.08988247583649907,1072.8596893751474,132798.4097699981,448.0,0.0626967934098526,277.12634187586406,70499.68064530278,448.0,0.04610725478250761,209.0302084193927,98326.48705173927,448.0
Run1501,Run1501_best_field_e4689,0672,test,69,69,0.019821479401782763,18.515916381635712,47127.35651638659,38445.0,0.01577172987952309,0.02495946608788231,4.32789127379726,17398.735306762886,3660.0,8.08664479953719,12980.690208151902,21670.0,0.00844796942949077,0.29849473688322165,4182.462066311191,7689.0,0.012649829200753533,0.0012823025059293532,8.013480190060429,7689.0,0.02342785803012861,0.047786008073836546,87.0633923277378,7689.0,0.022817937442517613,2.1805241709070557,4188.014097131151,7689.0,0.018663858406459014,347.78266920235234,998401.153939935,7689.0,0.024365887239965477,4851.0748279152185,8170968.073180256,21672.0,0.03673476569260556,164.4795331231748,121886.97992023636,448.0,0.08453381844532808,1300.3560153877788,181970.62951444738,448.0,0.05410816794001499,319.6230128478858,109172.28048864227,448.0,0.09015740606316251,799.232897633382,98326.489877629,448.0
Run1501,Run1501_best_field_e4689,0673,test,70,70,0.02093926505753497,16.020600327594398,36538.937725581054,38415.0,0.01886393928004188,0.023243250694491402,5.073689649270556,14258.016692745412,3515.0,5.91294858861669,10944.864018103024,21670.0,0.00703883836366099,0.2322042388288072,4686.71083248809,7683.0,0.013090742673006087,0.0010014747526342143,5.844016497120704,7683.0,0.02014402982101814,0.03666546330249708,90.35755394808807,7683.0,0.02468876470967891,2.3587399155151196,3869.7359747322516,7683.0,0.02432859671809898,276.77430430349386,467618.46183033835,7683.0,0.017654341684975126,1556.186059574818,4992964.348811085,21672.0,0.030150962440061907,68.8142036496604,75696.48773666564,448.0,0.07767525841668327,701.6651170670391,116295.91841936471,448.0,0.060585488314658806,249.40209363782554,67945.83961728272,448.0,0.04297121531500029,181.56234835054056,98326.48589332719,448.0
Run1501,Run1501_best_field_e4689,0674,test,71,71,0.01921260730582627,13.268298441204498,35945.34193094127,38400.0,0.016367265622813768,0.02139730644421118,3.5335284765100567,13190.350453142499,3430.0,5.068861635761488,11071.136960585638,22195.0,0.0067161516431574605,0.22005755739510927,4878.601007455678,7680.0,0.014298068441279095,0.0011064170920595084,5.412079070249564,7680.0,0.021001123941171918,0.043201218614730516,97.95146176962173,7680.0,0.021011192693348214,1.616413727918705,3661.4332305086127,7680.0,0.020833576761211066,188.86037373929076,435124.13258688117,7680.0,0.02021587494058792,2056.186236295486,5031266.977128696,21672.0,0.031038817769302094,73.37746989124543,76164.46407933123,448.0,0.08754559312335808,945.5047482844147,123365.90111462011,448.0,0.06215547154668812,265.35817177906324,68686.87138625844,448.0,0.037577918575270784,138.84686262819469,98326.51095795873,448.0
Run1501,Run1501_best_field_e4689,0675,test,72,72,0.026854538687325572,27.567406269375002,38226.145970721904,38465.0,0.029136211376100046,0.028661845337764457,11.355852264240772,13376.841325251286,3635.0,10.718571001330528,13047.53867274164,22270.0,0.008239873942730737,0.33221405477075827,4893.018598098947,7693.0,0.013299787519391357,0.0009956660642661988,5.628909935677697,7693.0,0.02207229420327997,0.04182705297981737,85.85435185886354,7693.0,0.039415497942541976,5.407884829434956,3480.9148447064686,7693.0,0.02590361567468395,473.8816642094979,706234.8248837601,7693.0,0.019069673455192605,1657.2029020299458,4557106.43962844,21672.0,0.034555283058116226,78.97986400429588,66143.54568298996,448.0,0.08261850495473824,809.6099237074903,118609.95993512585,448.0,0.06252867262966554,229.58975362829642,58721.086555261514,448.0,0.039245749973077164,151.44545167301385,98326.58805645036,448.0
Run1501,Run1501_best_field_e4689,0676,test,73,73,0.02356526116155345,20.60494400111068,37104.529095209,38435.0,0.022080165977179607,0.028466571859726973,6.090009988790455,12491.463911716159,3515.0,9.239199349256053,11401.552690366816,20380.0,0.007866743719391478,0.3214291136171831,5193.919407422609,7687.0,0.013345396349443542,0.0009647773625207433,5.417066306431858,7687.0,0.023516640618017438,0.049809843048732136,90.06677423156577,7687.0,0.029957146517114185,3.267170804050928,3640.583131581162,7687.0,0.023868854915250187,339.4907880592193,595888.2543524366,7687.0,0.017307960664517452,1202.1358023558423,4012931.371827973,21672.0,0.032551661583481994,62.78059334423435,59248.736363600954,448.0,0.07865659109064868,594.8248430085364,96143.26301120812,448.0,0.06300429509341608,209.60636843684054,52803.67625994558,448.0,0.03291026672585409,106.49609948781108,98326.57177307288,448.0
Run1501,Run1501_best_field_e4689,0677,test,74,74,0.022165249885092914,20.983694764153793,42710.700726458184,38395.0,0.016111824319279527,0.026760182668951298,3.7897530507198773,14598.945111057656,3465.0,10.408698336097677,14535.108390203452,21725.0,0.008356276495681858,0.2848473644657412,4079.3089875466703,7679.0,0.014048910463320852,0.0011853835890601938,6.005838105161493,7679.0,0.02367388240846648,0.04999486733796431,89.20443526896844,7679.0,0.022307497747753296,1.844016516658175,3705.6388513293377,7679.0,0.021424795622685042,524.6102009479039,1142887.1653436422,7679.0,0.01960038834429047,2602.06034886551,6773108.184523829,21672.0,0.03378611148743985,110.92249591544767,97172.4631890684,448.0,0.08298332070522052,1185.2442426345178,172117.9777367424,448.0,0.06584260028104455,371.66460284123957,85730.87441185326,448.0,0.0521840352905868,267.7600157956149,98326.4606314332,448.0
Run1501,Run1501_best_field_e4689,0678,test,75,75,0.02352510037756022,26.93962199643749,48677.529349049706,37320.0,0.02263825053579823,0.02577453082856576,11.134433328414229,21726.13107263567,4965.0,6.076605415095965,9147.017271034989,16910.0,0.009006381421268616,0.2716865776988993,3349.40382814576,7464.0,0.015086690658442127,0.0019028735240456123,8.360301743251675,7464.0,0.022407916354187547,0.06811244153429036,135.65115590901482,7464.0,0.03414108902536762,4.546314818083326,3900.360646602829,7464.0,0.018219475647717673,376.69904185699113,1134808.9902263791,7464.0,0.01533355056985741,2954.621475220619,12566559.458844999,30960.0,0.02483236697131511,128.38774940851027,208203.17628332376,640.0,0.09384365161655689,1370.8361636097925,155659.5446761087,640.0,0.045638357923940165,402.6348242588767,193308.66191024703,640.0,0.059609185721385606,499.11315898542944,140466.46127105044,640.0
Run1501,Run1501_best_field_e4689,0679,test,76,76,0.02699903105578848,39.03212711805464,53545.85561990818,37310.0,0.03377416608938826,0.022546257939041747,24.374715570579248,21368.315487070628,5045.0,5.514636364865634,10848.456150761824,14420.0,0.008235920826785958,0.24376669015183383,3593.76797699593,7462.0,0.013899742731244672,0.0015883516645266707,8.221160717928498,7462.0,0.01975949997185524,0.050042165101209485,128.16935267269145,7462.0,0.04964872888426401,9.982826069353676,4049.834132029556,7462.0,0.01788182011444086,457.41696587842796,1430503.1729086642,7462.0,0.01989664958324551,5590.645110378513,14122189.079985801,30960.0,0.028596920337387238,179.44313933256115,219426.12185594812,640.0,0.08385000726207166,1617.0064406443805,229988.19278304657,640.0,0.0564122676917281,629.0667234618113,197674.02081982873,640.0,0.080217091445056,903.870602638849,140466.39596558234,640.0
Run1501,Run1501_best_field_e4689,0680,test,77,77,0.028422321550425657,39.29481232234844,48642.52625359988,37325.0,0.03262213496011584,0.02817056811855393,20.480359830612553,19244.774318538548,4890.0,8.577293681232725,10808.341775169274,15225.0,0.01042434515904064,0.39185343715250015,3606.0030932968366,7465.0,0.015588952976433213,0.0019386710068939519,7.977562610905438,7465.0,0.02023921701713718,0.05485678035674683,133.91921659406933,7465.0,0.051589179667328885,9.729598836094667,3655.760111722192,7465.0,0.01889842096128761,417.793459746583,1169797.2601407552,7465.0,0.018501422197032793,2922.1963384282967,8536879.764889993,30960.0,0.029885693899655917,120.07794045136492,134442.48848453508,640.0,0.09755223878851309,1386.66263812244,145712.34003386842,640.0,0.05431223994509962,362.7197108595882,122963.3617210005,640.0,0.04637712119888605,302.1202400658822,140466.33380193426,640.0
Run1501,Run1501_best_field_e4689,0681,test,78,78,0.021745331981573333,24.274763183495523,51336.1052987294,37345.0,0.020373595549858098,0.026376407343075267,8.880397162449583,21394.248134133075,4890.0,6.064523514091658,8716.967000483593,14775.0,0.00812922283953691,0.24719257914465081,3740.566426505583,7469.0,0.015395508183007505,0.002060122420080275,8.691704859075074,7469.0,0.01915674816919507,0.05076262136578892,138.32493046772132,7469.0,0.02842096373778043,3.257975701966208,4033.390211619984,7469.0,0.019442363158689756,454.73072114081634,1202973.86929977,7469.0,0.019356074150433746,4666.307593164035,12454858.815074366,30960.0,0.026572655511303025,140.42885428660895,198877.85987601036,640.0,0.09721449918827042,1714.4534641007094,181410.9990501418,640.0,0.051806675425907577,487.9122299223876,181790.11213459325,640.0,0.07061425320116571,700.4177361678203,140466.38118725616,640.0
Run1501,Run1501_best_field_e4689,0682,test,79,79,0.021824867210942137,22.991108607474864,48267.70980339277,37305.0,0.01726198446559498,0.027586623611536056,6.210444892514763,20842.090128134,4875.0,8.40745989989704,11047.594004085251,16705.0,0.008917035180995007,0.2826373692877088,3554.5826925572464,7461.0,0.01388378050525278,0.0017102594685576805,8.872510567776756,7461.0,0.023034975129037794,0.0729935172856814,137.5652671286754,7461.0,0.026065398177284267,2.645651901680109,3894.071976548271,7461.0,0.019705034104108284,395.4788703155828,1018518.4564997777,7461.0,0.014225411603425654,1934.0470691192454,9557347.054615969,30960.0,0.025817340879819628,101.98307763668701,153004.8142261366,640.0,0.08433133587767568,1118.7506742066164,157309.64468610962,640.0,0.05315238568989271,395.0796911141241,139842.50060767593,640.0,0.04249741533733739,253.68656472023486,140466.39376195596,640.0
Run1501,Run1501_best_field_e4689,0683,test,80,80,0.021602174541967063,22.395060586208814,47990.72380929084,37355.0,0.0174718367310761,0.026333567557059925,6.132294219750475,20088.423624191644,5015.0,6.668060629210676,9615.683080489536,16170.0,0.009345813348159968,0.34042929193310856,3897.55915285313,7471.0,0.014831828345377095,0.0018296583268657116,8.317266463460882,7471.0,0.019816102887503725,0.052238622267200926,133.03172343269569,7471.0,0.027443756466566212,2.893393355824787,3841.672743196411,7471.0,0.01923770424751525,391.48489899073365,1057812.0910703845,7471.0,0.019231734104451833,3630.7327860324326,9816516.372096427,30960.0,0.028279902067343567,119.5797646454833,149520.89637435184,640.0,0.08439723075212245,1257.5336385251062,176548.16890394123,640.0,0.05510536129400118,408.83913312926836,134637.1005677706,640.0,0.05089772477324507,363.88907151669446,140466.34270157307,640.0
Run1501,Run1501_best_field_e4689,0684,test,81,81,0.02149799379099561,22.915236860521233,49582.507289300105,37370.0,0.015433180851077928,0.02789661467101305,4.89088839153663,20534.15621548436,5140.0,8.060606009686822,10357.73240412378,14620.0,0.008965606093268696,0.2769831941532908,3445.832089292446,7474.0,0.014493262008317515,0.0016854058678639101,8.02365441031842,7474.0,0.01775482746046201,0.04166274479397905,132.1645452420597,7474.0,0.020213067271084295,1.6736856197738947,4096.466823673282,7474.0,0.022742448272358978,640.3421503886171,1238048.5018063388,7474.0,0.017448210876960413,3483.594961448086,11442629.88691436,30960.0,0.028116314948913264,138.71135080780135,175466.89945633523,640.0,0.08825905261344424,1542.684930436215,198042.64339039373,640.0,0.05442728228400231,467.9098236597133,157953.3585514685,640.0,0.05670723052062296,451.698199035437,140466.08679696888,640.0
Run1501,Run1501_best_field_e4689,0685,test,82,82,0.022768975906859737,24.379758544717262,47026.47270182443,37320.0,0.0218277352457886,0.023083458607575262,9.30227808536132,19524.142257340463,4960.0,5.3752250569959,10087.763516552019,17365.0,0.007880944148128158,0.2374086739894774,3822.434770521555,7464.0,0.015780651618035695,0.0019120181952006388,7.6778947840059875,7464.0,0.020238571721627723,0.052752187483289775,128.7895877206087,7464.0,0.031529069791216675,3.8520898026637456,3875.0212410026397,7464.0,0.01942584874293001,394.15531690661965,1044497.4490143468,7464.0,0.015813726686559365,2321.1247950207808,9281753.573621545,30960.0,0.029238812209960233,120.13922366706457,140528.8101999485,640.0,0.09608937841785586,1541.7775609955474,166982.49759312707,640.0,0.05711700910757609,410.40460856227287,125800.19470745296,640.0,0.04967701723167072,346.64382171361103,140466.39644667075,640.0
Run1501,Run1501_best_field_e4689,0686,test,83,83,0.02301393311003438,23.904432315089526,45133.26390098341,37350.0,0.018878926181849946,0.028684755093933884,7.222126450258967,20263.315731610644,5070.0,5.729251902744223,6962.987652900327,13570.0,0.008109058198163852,0.250435549146455,3808.51036641511,7470.0,0.015145083617396887,0.0018365417963792533,8.006772071596885,7470.0,0.019945371296989145,0.05812635703096494,146.1129988285152,7470.0,0.028813397247646335,3.4093014089285107,4106.5438465604775,7470.0,0.02278031366906034,405.65024598374794,781686.0187603576,7470.0,0.019226320058251093,2998.2629759215474,8111055.751318654,30960.0,0.031364467964815325,119.29408059745063,121267.11465615511,640.0,0.0879329214375991,1246.6765345578574,161231.82905057963,640.0,0.0558755844253277,338.2737549896691,108348.81031152577,640.0,0.04315740718089097,261.6273619755739,140466.40639644404,640.0
Run1501,Run1501_best_field_e4689,0687,test,84,84,0.02120160184105384,21.726850725344303,48334.7450141898,37315.0,0.019343470948161127,0.02578045720499071,7.562250270935662,20210.740925885184,4800.0,5.224835738023509,7861.246441319711,15410.0,0.009441529332085636,0.33511988015638944,3759.373698267123,7463.0,0.01545713601239704,0.0019145141509511261,8.01309928555094,7463.0,0.021842467326127286,0.06556763600340824,137.43145242458272,7463.0,0.025679191001329035,2.5666215718936805,3892.235997716405,7463.0,0.01804846474530263,336.78641747121196,1033889.2917174271,7463.0,0.02250401559662682,5257.609269887037,10381695.034077743,30960.0,0.03248457521074055,169.17688208224524,160319.60443612965,640.0,0.09134398906567062,1524.1672433307353,182672.29135444434,640.0,0.0600983702450791,522.2154878026531,144585.37246381814,640.0,0.07764061580258787,846.7403596508648,140466.3566896724,640.0
Run1501,Run1501_best_field_e4689,0688,test,85,85,0.021039439642368107,21.29381543216769,48104.43829709968,37365.0,0.015380818734488565,0.02970696315291684,4.8680036614736775,20577.470525818408,5220.0,6.736124848462906,7632.971006860145,11430.0,0.00922119677781199,0.31529860647034746,3708.0661369300165,7473.0,0.01450819652120491,0.0017888050442037605,8.498380099069863,7473.0,0.018748810902635513,0.04507541171447288,128.2307683292036,7473.0,0.02207570743470241,2.1278662418111516,4366.315011143348,7473.0,0.021281780779903718,465.4400676405673,1027656.1756415428,7473.0,0.0166478453720561,2230.7422944268533,8048840.747865751,30960.0,0.028211856513875963,95.54186321321716,120041.21258126253,640.0,0.07919458331911977,1025.009287218989,163431.90544438275,640.0,0.05702070746026566,347.42605646908777,106855.57463435535,640.0,0.041302049629722115,239.61587620445516,140466.37709014144,640.0
Run1501,Run1501_best_field_e4689,0689,test,86,86,0.020242974705559077,18.68591724996464,45600.095937699436,37370.0,0.016759863735798963,0.023869774818696655,5.737292441739894,20425.186028469172,5055.0,5.726703098359937,10050.971085966452,17000.0,0.007374373822556628,0.2079504143454781,3823.926109990145,7474.0,0.014982508585748837,0.0018961833762940019,8.447170580809551,7474.0,0.020282091181696674,0.06177482281109403,150.17099099242077,7474.0,0.022335999392783232,1.931833692721663,3872.2104972921024,7474.0,0.020150769807773264,299.3674386494954,737261.0285808825,7474.0,0.01685623447022569,2588.8955826558795,9111574.00980532,30960.0,0.023602454771053962,77.98449487078588,139989.0013187047,640.0,0.10132022696617499,1476.8298935631997,143859.374175823,640.0,0.05257637078766139,349.6736358245649,126497.42356529314,640.0,0.04904286435248775,337.8501600953723,140466.40726898742,640.0
Run1501,Run1501_best_field_e4689,0690,test,87,87,0.020956997116906163,22.235374395912277,50627.48330719753,37335.0,0.020481326367489703,0.020450228659218663,8.195871789239508,19537.950269849895,5070.0,4.845597633090316,11586.466541859287,15205.0,0.009454268151534249,0.31179774469492516,3488.3265820744496,7467.0,0.0152558599658215,0.0019305965684058878,8.295033467891312,7467.0,0.01991811814514471,0.043920810867013674,110.7066581991405,7467.0,0.02996748778688399,3.441956497725122,3832.698908686057,7467.0,0.016071813349737955,346.0690315172909,1339778.417326656,7467.0,0.018449607765643517,3261.1289038939913,9580621.667135775,30960.0,0.029202740321164985,123.95153612462039,145346.5407850509,640.0,0.09339185598805164,1461.2980635626523,167540.8815476164,640.0,0.05581117766151503,406.42309785020757,130477.61470355286,640.0,0.04903692278584017,337.7682453346324,140466.38302393287,640.0
Run1501,Run1501_best_field_e4689,0691,test,88,88,0.02113906646344914,24.298854273755904,54376.86781836824,37340.0,0.019253115596923283,0.024978107772888666,7.907689791002654,21332.786522949118,5035.0,8.147437338050327,13058.760555162535,15910.0,0.010791332448688924,0.37145300908834694,3189.7286317351327,7468.0,0.013604199535514973,0.0015708496274245995,8.487672757528884,7468.0,0.023376652956004516,0.061527402194565234,112.59106309608926,7468.0,0.02829524896938015,3.0853362982475314,3853.678404646344,7468.0,0.01663040355925326,448.0408485564228,1619988.8854154013,7468.0,0.016375039625609353,3588.067085684318,13381223.827352563,30960.0,0.02430108965430767,126.11902853070573,213564.52860812962,640.0,0.09353231710573452,1670.932573167945,191000.95488590014,640.0,0.04916776370312955,471.99959652003685,195245.35741619213,640.0,0.0644697929315191,583.828116648052,140466.40119341697,640.0
Run1501,Run1501_best_field_e4689,0692,test,89,89,0.02278032834131395,23.18360426776154,44674.63327275824,37320.0,0.022681814115138716,0.025630060507405565,9.976123698827688,19391.26992116671,5030.0,5.483079715624703,8346.90166259536,14325.0,0.009649734061114183,0.3361141044478385,3609.5748156486184,7464.0,0.014045376226605408,0.001609613847076671,8.159338404632106,7464.0,0.020142929257229863,0.047642131436248694,117.42104144751931,7464.0,0.033458215977218354,4.740578757379713,4234.730779949772,7464.0,0.017370770905217797,243.6075870923311,807332.8515300746,7464.0,0.015597757708310563,1714.7455475306965,7048153.342300465,30960.0,0.023305211971506458,60.404254405594656,111214.49988653632,640.0,0.08656977876141238,831.346993380774,110930.1793649644,640.0,0.052744468536200566,281.4625996812665,101173.51842347246,640.0,0.032773202423193024,150.87252611922486,140466.3835325998,640.0
Run1502,Run1502_best_field_e4794,0273,test,0,0,0.016235986291434856,7.259092480387676,27537.529627219654,39870.0,0.008724540408743424,0.0199313740452707,0.5430581771301566,7134.462187523515,1530.0,5.659955549649332,14247.495927952314,31295.0,0.0048659672059607854,0.14016272125930285,5919.624587127943,7974.0,0.010175014699211041,0.0003182415872434624,3.0738795188038472,7974.0,0.019795948281463197,0.02130310394622977,54.36135401305505,7974.0,0.013687503865659329,0.6143716444334396,3279.3113599931303,7974.0,0.02642872418619445,166.62582218250571,238555.7605239939,7974.0,0.02429395565504382,689.0187289864134,1167439.9699501886,9288.0,0.05000138209814754,37.44511962053723,14977.219837259432,192.0,0.07279176490992441,317.6477780412924,59948.91439543975,192.0,0.10071743238157103,132.350789374171,13047.197743123425,192.0,0.030710463091885833,39.743578262304254,42139.97125205793,192.0
Run1502,Run1502_best_field_e4794,0274,test,1,1,0.019074283193311205,9.755142817132363,26812.49196699395,39870.0,0.009935235765911099,0.02341180978064653,0.5627107865394059,5700.709167099896,1525.0,7.785845591623527,14204.822553187225,30000.0,0.005107049170131911,0.17314778859241922,6638.605643079826,7974.0,0.01245800594934238,0.0003954368733731969,2.5478866057872613,7974.0,0.022939099958122003,0.02811304510640601,53.42630531711384,7974.0,0.013717603670843473,0.5972472576796786,3173.9323232513148,7974.0,0.04254706321863661,260.7009578605447,144013.58103962138,7974.0,0.028660119941586445,550.2941035836047,669944.5403294009,9288.0,0.03713461286365825,11.085791254027331,8039.1271043781435,192.0,0.07160649091325386,178.97458577480853,34904.91484123989,192.0,0.12778516425482506,108.92020672667722,6670.334080001455,192.0,0.01826257352092427,14.054572327842834,42139.917419190344,192.0
Run1502,Run1502_best_field_e4794,0275,test,2,2,0.016434216560925637,7.826730520300364,28978.931606637616,39875.0,0.010088012410285396,0.018939764294498472,0.7320734675780555,7193.553061211471,1520.0,5.134897746523674,14314.713486921424,30415.0,0.0047272632800937405,0.13388884450463348,5991.351677871726,7975.0,0.011444134175738694,0.0004329315510071407,3.3056232563398753,7975.0,0.019696281109234857,0.02134399165866544,55.01830094971787,7975.0,0.012459771823204988,0.5294527255936113,3410.413274910816,7975.0,0.02692092256399088,198.7965425001997,274301.98421733815,7975.0,0.022472003221318506,819.5135772011357,1622828.3133376103,9288.0,0.04529958187619717,46.75372865106796,22783.889472080882,192.0,0.07431787046601912,309.899342314803,56109.2083343642,192.0,0.07640895096926005,116.93824321995032,20029.40695721828,192.0,0.03505487528287064,51.78339031104315,42139.91236122265,192.0
Run1502,Run1502_best_field_e4794,0276,test,3,3,0.018312540028944318,9.275629770912618,27659.621432649667,39890.0,0.009291692569024663,0.02211938685513062,0.6360341445010403,7367.00164216901,1585.0,6.444349829168728,13171.430341800278,30035.0,0.004955839507358025,0.1448386613584373,5897.25673825728,7978.0,0.011343784066940588,0.00044565926011206367,3.463275439329181,7978.0,0.028175750235791656,0.04498331693921437,56.663121845745565,7978.0,0.01518663252203418,0.8061785682111722,3495.491738360891,7978.0,0.047262045232796014,144.11198374963647,64517.13498702919,7978.0,0.02999138688342724,369.1005414729032,410347.30353400996,9288.0,0.038095208598893066,7.070927829830102,4872.3187528081235,192.0,0.07127793365137514,98.68439997324703,19423.983605023146,192.0,0.12996745791543476,68.22278120007101,4038.8727568665536,192.0,0.020842601653605082,18.306172098723437,42139.91781478987,192.0
Run1502,Run1502_best_field_e4794,0277,test,4,4,0.02188766491173341,12.640299014560775,26385.084236309518,39880.0,0.012988286206738038,0.026706603813638926,1.1349013835063528,6727.511135766842,1565.0,9.507026125879197,13329.300525209963,30965.0,0.004893651927084069,0.1477318253419321,6168.902584456594,7976.0,0.01395822147283544,0.0005700924997232428,2.926073005089675,7976.0,0.026578365444051958,0.03732390218640899,52.83606983638238,7976.0,0.017252719867190097,0.9565490251542921,3213.602022068932,7976.0,0.05538877807103829,324.6741372839467,105828.862124142,7976.0,0.036908042200039154,460.73689507986774,338229.1033214076,9288.0,0.03721849253852383,5.399549576758897,3897.983309793631,192.0,0.10787797537459883,229.89484156932588,19754.39130841358,192.0,0.15153717585577423,74.33515335237269,3237.0981182694504,192.0,0.02013151854753801,17.07838277587598,42139.91662799523,192.0
Run1502,Run1502_best_field_e4794,0278,test,5,5,0.022675310484196937,14.58152539758537,28359.363144224022,39900.0,0.014229806860215551,0.02389610959422781,1.1788644370480441,5821.914933757687,1580.0,8.854711827049313,15506.722998907493,30565.0,0.006463103457925881,0.27212424713354666,6514.559044536438,7980.0,0.016944384155912626,0.0007430046246444488,2.5878550009046863,7980.0,0.028277165280105963,0.03355171013103115,41.960718924176135,7980.0,0.022633356090209118,1.5817530584362856,3087.7403309043484,7980.0,0.03258419013677885,321.61924976597174,302920.156085136,7980.0,0.02292581713146678,799.481005048723,1521102.5763416477,9288.0,0.043327914433769,37.59378060527672,20025.364627107207,192.0,0.08543127676495924,406.7518806955164,55730.863976652545,192.0,0.0850129929242586,124.9713713164312,17291.788836518885,192.0,0.03415314621905032,49.15358671040303,42139.92697006929,192.0
Run1502,Run1502_best_field_e4794,0279,test,6,6,0.024322925031453644,15.98684684775821,27022.853827654406,39870.0,0.024913399907987768,0.023782862344765798,4.373886936133683,7046.955901482406,1535.0,8.043484203005821,14220.536089851756,31120.0,0.005898773615492235,0.1997034645660256,5739.342484754405,7974.0,0.014664237444264108,0.0006333900423457071,2.9454541259035043,7974.0,0.02910209289660202,0.036525001336720354,43.1262598286553,7974.0,0.02864824832606891,2.6975622352565747,3286.815512313511,7974.0,0.04245488872717679,273.6031873685215,151797.8912792583,7974.0,0.028855999671098927,806.3488503488093,968390.9505284459,9288.0,0.03504335701486037,14.378484152926852,11708.511767019801,192.0,0.10950549306442367,517.099701030607,43122.35560978951,192.0,0.12271268344846557,146.49753487274052,9728.623811862988,192.0,0.02692471147414385,30.54891394536571,42139.91535643006,192.0
Run1502,Run1502_best_field_e4794,0280,test,7,7,0.020631078029975377,12.233942158323606,28742.370252651355,39880.0,0.012164127704281007,0.02393867109138247,0.9029636074063304,6102.507267090742,1545.0,8.699306364346505,15180.446663151459,29720.0,0.0045887022349529625,0.1364186861367738,6478.793067108477,7976.0,0.014512269911134312,0.0005785461371265039,2.747054678566564,7976.0,0.027320418930458553,0.03102638639705846,41.56774716158322,7976.0,0.016068900206277697,0.8471267486990242,3280.772287868972,7976.0,0.0388591219615307,343.520548889,227492.3276925804,7976.0,0.02257781302274231,631.95641733354,1239719.3619899421,9288.0,0.03937846200922205,25.50671014144238,16448.903273474334,192.0,0.08968063398006344,364.228424048412,45287.30689349423,192.0,0.09380060576698453,124.69093601469545,14171.753800066952,192.0,0.03050328917953753,39.209116136412376,42139.920160133086,192.0
Run1502,Run1502_best_field_e4794,0281,test,8,8,0.024089973109259696,15.9333432495878,27455.811326736806,39885.0,0.016477276871375582,0.027366743590333142,1.5485067099221572,5703.510073601181,1560.0,10.974237720394811,14653.052891519761,29945.0,0.005209827740549914,0.183500592218878,6760.685639487279,7977.0,0.0171739879444765,0.0007133666273789033,2.41863582266359,7977.0,0.02657193439158572,0.03323074904619351,47.064536690691945,7977.0,0.019475119555387978,1.2146170966755425,3202.4261615766823,7977.0,0.0458647129178414,464.38914335545155,220762.1927894939,7977.0,0.02426619992225679,994.3948817484309,1688711.0208279933,9288.0,0.04659455386884089,45.200144798680526,20819.46237354171,192.0,0.08873303000334169,586.170837290397,74448.09413936366,192.0,0.09608562020057224,160.75208030834636,17411.64510263713,192.0,0.0334634031107475,47.188249698831896,42139.9153281757,192.0
Run1502,Run1502_best_field_e4794,0282,test,9,9,0.019668762007096448,11.269152541179151,29129.78014657686,39885.0,0.015342833188200466,0.020874902703128483,1.9301898445348213,8199.52887744741,1550.0,5.780193398674238,13264.57836407174,29990.0,0.005209884887431183,0.15149153596521997,5581.258190899145,7977.0,0.012607341279399872,0.0006120927048228265,3.8509704385135777,7977.0,0.02937707777939838,0.035029174699835866,40.589408181637154,7977.0,0.01954332431104728,1.3959183766221652,3654.7960480569395,7977.0,0.030935393456299864,201.36463085142458,210412.67722056352,7977.0,0.02784632318332736,1137.9401430116388,1467518.8885266248,9288.0,0.05327948283916395,58.869486899984224,20738.161354870368,192.0,0.11646659273518419,705.9381728393107,52043.19205581868,192.0,0.06739042177649794,83.8491375399957,18462.999200165905,192.0,0.030607381286780862,39.47717913955239,42139.92564271146,192.0
Run1502,Run1502_best_field_e4794,0283,test,10,10,0.060556594844507025,120.13219185220164,32759.442944975257,39155.0,0.08236960318601214,0.0452086654340387,72.98999612514288,10757.946818381695,2500.0,25.063937228265125,12263.259563599842,26070.0,0.009452688972762182,0.4716479264419601,5278.459489901704,7831.0,0.02241476582348663,0.002267950679582855,4.514037825311055,7831.0,0.031379349299542315,0.09606772214687209,97.5640064374907,7831.0,0.09399805066447027,32.25846848674245,3650.951387004221,7831.0,0.073215981255011,1745.3797825296022,325595.32950985106,7831.0,0.05401133603735927,7048.965691050612,2416326.163122027,15480.0,0.07907448256070305,210.19155947079145,33615.73062687011,320.0,0.21190481331907188,3152.5721363608827,70207.48074676926,320.0,0.07600347703635325,170.1172454822427,29449.736956317734,320.0,0.04697341902852411,154.96969055416957,70233.1943800236,320.0
Run1502,Run1502_best_field_e4794,0284,test,11,11,0.05942132906437716,113.46496035732903,32134.90667846381,39150.0,0.07823100863669517,0.04931386758664349,69.93118590736937,11426.49499731365,2560.0,26.601058088951607,10938.575838140794,25760.0,0.010132469129732388,0.532360661357576,5185.317783530144,7830.0,0.025351732969321375,0.0031220611314495003,4.857648644963495,7830.0,0.03813913061315679,0.13086197600744298,89.96465022450317,7830.0,0.09020286419359064,30.72432055900574,3776.0838717009756,7830.0,0.05696737264950095,1349.977294671173,415981.56440105266,7830.0,0.03054941066604775,2302.2862463729944,2466911.933518054,15480.0,0.04558430190393787,69.66159601215546,33524.53817726036,320.0,0.1455274476272786,1812.6368065521788,85589.59463233863,320.0,0.0934713352041669,255.49087465447266,29242.769439842836,320.0,0.034455284660660446,83.37850566343059,70233.19454957594,320.0
Run1502,Run1502_best_field_e4794,0285,test,12,12,0.053647562675633,103.75951964916905,36051.88365808023,39185.0,0.05600761517593128,0.05455777800556997,37.01274055429724,11799.322777785612,2615.0,37.41061618866628,12568.443953323496,25155.0,0.012414252485390971,0.8455142602514585,5486.302992714013,7837.0,0.019485746809721923,0.0019812851855412024,5.218105817262776,7837.0,0.037891521790331874,0.14630107951887494,101.89747804233417,7837.0,0.05273646168920436,11.17152330632664,4016.894451588754,7837.0,0.08714534904347275,3216.6906272451524,423565.7800973984,7837.0,0.05525031672902344,11567.730952160833,3789471.41155968,15480.0,0.07951117557073102,340.97032387137114,53933.70222549292,320.0,0.1365798858476583,2125.6339608458784,113950.17311168268,320.0,0.09952083230760064,469.2291599215105,47375.84774755291,320.0,0.05316073323825327,198.48347490281776,70233.19567984995,320.0
Run1502,Run1502_best_field_e4794,0286,test,13,13,0.041053695133970086,54.18343692739036,32148.598409944163,39160.0,0.05048403931431647,0.02910411509433235,26.956165435278354,10576.693532131883,2585.0,10.620215726822643,12537.89245308141,25745.0,0.01000994300974599,0.5504366502179884,5493.436812026927,7832.0,0.020720958579914458,0.0020140111410641964,4.690748879033801,7832.0,0.03591002780124038,0.14350667357180746,111.28602111778953,7832.0,0.052229864617541207,9.98773259404667,3661.247650786021,7832.0,0.07737652550278065,785.5739621170193,131210.51242554322,7832.0,0.06634096504868808,6119.0643652671115,1390341.3902441612,15480.0,0.07865762441537008,113.92756936869922,18413.959349566812,320.0,0.17190979900711958,1550.8875515591167,52478.21384906466,320.0,0.16003005616486737,408.7626672698002,15961.294435771033,320.0,0.027498696165665405,53.108793188876916,70233.16304396547,320.0
Run1502,Run1502_best_field_e4794,0287,test,14,14,0.06104545239768867,116.19356727712663,31179.952706628217,39145.0,0.08637778514381876,0.03499501147141577,78.29863069635994,10494.216975451642,2540.0,15.910470806367462,12991.842608600064,27780.0,0.010601803339754627,0.5931882785678719,5277.5587050459435,7829.0,0.04442068792741675,0.008506473798240545,4.311009784627094,7829.0,0.04252638373682529,0.18458996229381125,102.06836867586802,7829.0,0.0909136166658874,29.660856991024335,3588.6063815061534,7829.0,0.07667004264078923,925.8623386245481,157505.24081423788,7829.0,0.04670520032583499,3480.404285121303,1595508.845783609,15480.0,0.06323256642511468,85.88039509119255,21478.91878629893,320.0,0.15558693064508552,1371.4158163474726,56653.001930133716,320.0,0.13654238935991536,343.3051279054693,18413.879374171294,320.0,0.024021078852035437,40.52541498898972,70233.19946628052,320.0
Run1502,Run1502_best_field_e4794,0288,test,15,15,0.03768998578048567,45.093794322550195,31744.23258102262,39170.0,0.03421753589714396,0.03822291517446413,11.721332371906637,10011.04740682154,2540.0,16.763373684741698,11473.972721330545,24105.0,0.0072016639537856985,0.27149991489607866,5234.847001850586,7834.0,0.02038884206289187,0.0017697351417425339,4.257191156642582,7834.0,0.02214796547747777,0.0355105057429113,72.39176773602672,7834.0,0.0404871026401554,5.642537280302707,3442.239150904539,7834.0,0.0591623523998241,1355.2817549558772,387203.0092174071,7834.0,0.03774432272359165,3554.9104783538833,2495315.100733794,15480.0,0.05329018790356821,91.56585428447175,32243.26765699192,320.0,0.12566465642660954,1398.6451264543705,88568.89777655413,320.0,0.11308265853789815,354.03772140579815,27685.828021737736,320.0,0.03962631035293204,110.28328878886987,70233.19664057004,320.0
Run1502,Run1502_best_field_e4794,0289,test,16,16,0.0406943432322391,58.615772965038204,35395.36611413712,39185.0,0.04619757902834642,0.0414915719762824,25.85436252792789,12114.218427645417,2615.0,20.41073489430321,11856.018374154684,25485.0,0.008120463636932381,0.33387310677643545,5063.138255174116,7837.0,0.019238598744948855,0.002044452722519119,5.523701464600281,7837.0,0.031106704103554914,0.06444456001114923,66.60061917942427,7837.0,0.05325960188213199,10.851146106570498,3825.4257741714932,7837.0,0.049811027456477065,1280.106099331262,515934.9717450853,7837.0,0.025774957048617552,3062.675754727042,4610044.525840376,15480.0,0.04768522069628885,146.68644912950458,64509.31074986173,320.0,0.09735848039963332,1228.6712421716747,129624.80620358001,320.0,0.07897588087475858,355.3987217081839,56980.5850690314,320.0,0.049445213556145964,171.7081450636715,70233.1880787086,320.0
Run1502,Run1502_best_field_e4794,0290,test,17,17,0.03492508310458737,39.592375209414485,32459.11392187815,39135.0,0.047759305363298844,0.025434948910715575,26.153620958186323,11466.10256230581,2565.0,6.2236839522619425,9620.237440984332,22415.0,0.0067784074068998,0.23379261415748864,5088.332129155842,7827.0,0.013457893401446158,0.0009583302974533926,5.291283737247802,7827.0,0.02484491904916031,0.04164199537189597,67.46155685395314,7827.0,0.054520169554507676,11.557721613103526,3888.282708167679,7827.0,0.03609165967452377,383.59065516851183,294478.9876825686,7827.0,0.02936523515233759,1342.659154701918,1557036.564680998,15480.0,0.04564827776868677,42.14825638486121,20226.96948080445,320.0,0.12001625107118434,867.6584200734795,60237.74038133286,320.0,0.11484862980266021,227.31392229746604,17233.5361431319,320.0,0.030351633272780246,64.70035351016577,70233.21048651185,320.0
Run1502,Run1502_best_field_e4794,0291,test,18,18,0.033637036985562745,37.60214285662292,33233.58019356198,39185.0,0.031379923519646045,0.027079209429707915,11.328021488117834,11504.03786797601,2585.0,8.424039873832163,11488.10646419366,25775.0,0.010228993296601227,0.5092199671132727,4866.7567120122785,7837.0,0.015564508446415298,0.001410636458411837,5.822966414344689,7837.0,0.03350942900636291,0.06603390986268559,58.80753251258722,7837.0,0.03385761077361041,4.457085869323319,3888.1085845294697,7837.0,0.06524012416477121,954.2817713992057,224205.91719621173,7837.0,0.03713222008624512,2785.955766136987,2020562.9480011866,15480.0,0.049703426287032774,73.83606865281307,29887.934966066307,320.0,0.12642415982115401,734.981753685892,45985.02271969245,320.0,0.09762752260469143,254.5703953025082,26709.35247297465,320.0,0.03307328252734106,76.82391945788004,70233.10336826851,320.0
Run1502,Run1502_best_field_e4794,0292,test,19,19,0.04130016053799264,53.61131506953681,31430.622378569005,39160.0,0.057904363735523365,0.03564529622589181,28.3557571474051,8457.045369554231,2490.0,19.874266443146755,15641.79722118661,27845.0,0.007557331197791186,0.28733963829954723,5031.049957478162,7832.0,0.019437173574018286,0.0011273683197630332,2.984005372070587,7832.0,0.02776249733319798,0.054667499020877156,70.92709068656876,7832.0,0.06524852427539735,12.284724039531223,2885.519527321996,7832.0,0.03821122112576747,965.0532639293342,660951.2836346847,7832.0,0.030707947778233567,2627.234349051507,2786103.3777438444,15480.0,0.054922675822128605,105.59886636111796,35007.07945554924,320.0,0.10370553962308271,1254.2449526867824,116621.45371874596,320.0,0.08515018684691837,214.9507086790125,29646.106930632894,320.0,0.040625813240569505,115.91684539651033,70233.19381486115,320.0
Run1502,Run1502_best_field_e4794,0293,test,20,20,0.048020412733595336,88.52050560652425,38387.701480242125,38425.0,0.06578250523044228,0.025635680284458076,61.10663312457452,14121.067779717925,3460.0,8.565321036802985,13033.286800645366,24410.0,0.011024378419943442,0.5359330368210007,4409.631565638391,7685.0,0.0305996485336541,0.005774956097005756,6.167594471784006,7685.0,0.030049985621266703,0.10392756550933763,115.0912261779599,7685.0,0.08294026182065774,24.55675743596351,3569.769843837079,7685.0,0.033964121622790125,651.0990729915043,564425.0787463738,7685.0,0.03225504457050021,5046.03857919485,4850151.158050549,21672.0,0.044939958261930014,144.85349606052512,71723.85963590027,448.0,0.19109649692271213,3647.855417722149,99892.33501930036,448.0,0.09008275061438732,517.9097675925393,63822.060975827124,448.0,0.03653878135595542,131.273963284435,98326.47724655867,448.0
Run1502,Run1502_best_field_e4794,0294,test,21,21,0.04641788421060394,79.18120046060024,36749.497078111424,38455.0,0.056689470016863946,0.033090772676297724,45.005662832989714,14004.331051176632,3655.0,10.257262924029522,9367.369934022772,19640.0,0.010421619305496769,0.5572841598701265,5131.050507382456,7691.0,0.020815180359892695,0.0025839405641185486,5.963787537564554,7691.0,0.034980265610735736,0.15556749903846412,127.13720635410927,7691.0,0.06973039555878605,18.442370280510303,3792.909494132756,7691.0,0.04996104441796124,977.594128281299,391647.688122316,7691.0,0.03152981991266377,3791.1784944424976,3813565.8661113027,21672.0,0.04796668694414002,123.55540785059802,53700.99257607713,448.0,0.1597205121444057,2448.9938214999306,95998.90984834841,448.0,0.08885314163426715,369.79691799983334,46840.08896210826,448.0,0.04246694534356678,177.32603307258796,98326.47097354144,448.0
Run1502,Run1502_best_field_e4794,0295,test,22,22,0.05825632085218809,154.17810118915276,45429.35655834118,38390.0,0.06224233088826503,0.05526023505942726,56.99844407826117,14712.663583882668,3445.0,43.25855631814146,14165.978085729426,21915.0,0.012487495961425807,0.7618933625022791,4885.887563218935,7678.0,0.026696547300512505,0.003882834954289806,5.448020541056833,7678.0,0.04293885160914416,0.20491430838817365,111.14026662444356,7678.0,0.07249603833921481,19.550821179894857,3719.9444488804634,7678.0,0.06426209288776508,4498.541431235886,1089336.3443230987,7678.0,0.05534102806377578,30291.64498901308,9890731.511965964,21672.0,0.04401714478261299,298.09209700243,153853.2681119196,448.0,0.14103680855042838,3375.083506912434,169675.67233244565,448.0,0.049002869965708656,333.97335870729785,139081.31612584036,448.0,0.08277536240432858,673.7093063099383,98326.45119395599,448.0
Run1502,Run1502_best_field_e4794,0296,test,23,23,0.041788908174152,70.12821236502063,40157.87463860362,38425.0,0.05140661736416529,0.03519340162709053,41.54236091210909,15720.020909909268,3620.0,10.906510130304527,8805.688446967908,17445.0,0.01010335383193258,0.4771130711241006,4674.015940582359,7685.0,0.01644523715543476,0.0018926858409164542,6.998391785959977,7685.0,0.02444659300311938,0.07080895471359236,118.4817605380388,7685.0,0.06238478415130226,17.649256045914115,4534.913943340381,7685.0,0.045000134645894085,1008.7574958875166,498148.8687632106,7685.0,0.036339195859989105,5488.650809461923,4156377.4147210135,21672.0,0.05622630674319027,190.15464082118606,60148.917246883866,448.0,0.11402844413057522,1449.7965309851786,111501.48695306768,448.0,0.06475299012515423,222.09030242258575,52967.55666439375,448.0,0.04228039261954257,175.77151168617547,98326.4737991952,448.0
Run1502,Run1502_best_field_e4794,0297,test,24,24,0.06928592787370233,189.3203115461242,39437.296508628395,38460.0,0.09653738570459278,0.0338792765384395,151.67286248487454,16274.843304920334,3615.0,11.6386947904371,10139.954913723219,20685.0,0.009054464655776698,0.3865734072554561,4715.268412488572,7692.0,0.023852423641731586,0.003887556965255403,6.833004983198556,7692.0,0.03135502324265642,0.14606523743487282,148.57051025700483,7692.0,0.1236731082283927,64.1225399247729,4192.375408757771,7692.0,0.05456611384926285,1183.043091836261,397332.8883256035,7692.0,0.042994960667609446,9484.27448657301,5130609.99097099,21672.0,0.054933629457864994,226.74370096412625,75137.82915983396,448.0,0.21496108470705325,5803.938450644537,125603.89535434656,448.0,0.10456303939592455,728.4194066506498,66623.14199983486,448.0,0.03860185545706935,146.51645808101057,98326.38013462527,448.0
Run1502,Run1502_best_field_e4794,0298,test,25,25,0.06782829754047799,191.5008895955198,41624.493561958516,38410.0,0.05978916447789083,0.07395902992054545,53.09170595220242,14851.889574673252,3480.0,60.9224978916222,11137.694193654219,20245.0,0.01077568673725241,0.5630580984942881,4849.1240517434435,7682.0,0.024484982089239785,0.0038660963897784806,6.4487137017717036,7682.0,0.0461953228854982,0.1817265722726106,85.15740545166051,7682.0,0.05991230997224455,14.166167854551212,3946.5740360053405,7682.0,0.09518779454786666,7306.10636595058,806349.7608549924,7682.0,0.08299124433229542,40199.853583566684,5836599.838683283,21672.0,0.1081644314507248,1074.407107886848,91833.24466902234,448.0,0.20559335933727338,5298.765103614653,125359.28366688924,448.0,0.08998928493537015,682.1801968094971,84239.8347514791,448.0,0.03324139618349224,108.64981073105719,98326.47301019073,448.0
Run1502,Run1502_best_field_e4794,0299,test,26,26,0.056952476852865606,127.97114055582831,39453.61553989724,38405.0,0.06877290345360604,0.056746733422383004,73.31085944815472,15500.067568983713,3500.0,32.49807857648133,10091.969999921042,20310.0,0.010275992980766247,0.4763220371051753,4510.794858982641,7681.0,0.017730317711848298,0.0023142478222377477,7.361678178794699,7681.0,0.028745763135307856,0.07081869227698813,85.70382745521009,7681.0,0.08964601089689993,31.531920395597197,3923.633949510868,7681.0,0.06474423253168017,2350.8916373288916,560828.9666810607,7681.0,0.03488227505292584,5079.388241596029,4174474.425740515,21672.0,0.0599815572749647,213.31138715716315,59289.606227599645,448.0,0.13947487981335985,2195.711386414589,112871.2311935382,448.0,0.07375365560675538,283.0437157955696,52033.90443023339,448.0,0.038913937694776274,148.89523868406832,98326.47088877726,448.0
Run1502,Run1502_best_field_e4794,0300,test,27,27,0.054125182724385705,114.37102225775685,39040.669064650356,38445.0,0.06244547497754361,0.05850203407833719,52.18008069189047,13381.438416111261,3550.0,39.849346741447874,11643.38540930202,20135.0,0.009818149060006266,0.4595033258601678,4766.827284546968,7689.0,0.02277922393442534,0.003001684686149171,5.7847849885949705,7689.0,0.03370340693435597,0.10254593264891454,90.27569304175731,7689.0,0.07696239529342813,22.469723527777276,3793.504270540692,7689.0,0.060105993632487184,2561.8733817920092,709123.8614883416,7689.0,0.034516359246366084,5188.548583055936,4355077.88941068,21672.0,0.053929862052127055,178.28628085010092,61299.83515682594,448.0,0.14139703893005653,2289.325004061981,114505.6251482878,448.0,0.07662141590087007,313.7322831968019,53439.066596359255,448.0,0.0413265678589056,167.9303280381373,98326.47238635694,448.0
Run1502,Run1502_best_field_e4794,0301,test,28,28,0.044559315008123296,77.16705380516,38864.66311013995,38425.0,0.05559659810732193,0.03140752580465476,48.99121328297117,15849.725978134988,3555.0,9.574750515455754,9706.440933125261,22040.0,0.011645684130163871,0.6214196515397186,4581.998791089999,7685.0,0.021071814349804492,0.003014196608509187,6.788404523059976,7685.0,0.03531865911797507,0.12914151868078066,103.52791677932788,7685.0,0.06816551768464846,18.99083070428242,4087.092694976465,7685.0,0.04247131536883746,854.178065305051,473540.35086403636,7685.0,0.03319091840646679,6880.4870438087255,6245693.127529874,21672.0,0.04400940595564844,180.44985152990628,93167.73042955862,448.0,0.14019478996284027,2502.6418916621096,127331.23791469069,448.0,0.07466484676497326,461.98018672514627,82868.78927764764,448.0,0.0654558591806354,421.27669121620784,98326.4535108699,448.0
Run1502,Run1502_best_field_e4794,0302,test,29,29,0.047931560360201325,90.24928640065028,39282.637760827434,38450.0,0.06188657154918447,0.036348799957100726,57.806992464148216,15093.415476379221,3655.0,13.284008580426459,10054.234094013083,18900.0,0.009289646747733969,0.391641570821728,4538.27056725522,7690.0,0.017300958886703775,0.00204875900377513,6.8446386769329415,7690.0,0.035945439046065224,0.11543827234728617,89.34335014421923,7690.0,0.07785967342852881,24.312451482856222,4010.546872219696,7690.0,0.041881009149683075,1089.7367914474105,621279.9499634388,7690.0,0.032401252412251016,4447.654016354785,4236501.858363023,21672.0,0.03979265824823898,93.66604949026087,59152.935204079135,448.0,0.14332819826908527,2174.067793090632,105830.24446225094,448.0,0.09051311161523334,425.17933283678605,51897.8248374055,448.0,0.04172199243182115,171.15933764179317,98326.48569539761,448.0
Run1502,Run1502_best_field_e4794,0633,test,30,30,0.01626861611560308,7.327881885399902,27687.085238669006,39870.0,0.008926379732799543,0.019742277319225118,0.5630775961512837,7066.714271978597,1530.0,5.623701428501032,14428.718447028814,31295.0,0.0057954272102837346,0.1988222921908767,5919.624587127943,7974.0,0.009838605499986615,0.0002975458759008604,3.0738795188038472,7974.0,0.02393966669304851,0.025518223720690604,44.52605737292281,7974.0,0.014240303924998495,0.6649992725457147,3279.3113599931303,7974.0,0.023802124946566708,135.1516553768137,238555.7605239939,7974.0,0.024021783376801775,673.6666543281015,1167439.9699501886,9288.0,0.049822225549641164,37.17726622709067,14977.219837259432,192.0,0.07519614279276442,338.9787319526002,59948.91439543975,192.0,0.10139938602205265,134.14914074352916,13047.197743123425,192.0,0.031212759654638815,41.054292424691994,42139.97125205793,192.0
Run1502,Run1502_best_field_e4794,0634,test,31,31,0.016830864105847977,7.651209394875739,27009.544539876122,39870.0,0.009443389133138589,0.02011845058145664,0.5003960180846088,5611.230034360072,1525.0,5.8639026613220775,14487.641523472415,30000.0,0.005008099910052191,0.16650329771204758,6638.605643079826,7974.0,0.012015073117826817,0.00036781796039079303,2.5478866057872613,7974.0,0.02187014970472395,0.021186179067024438,44.29443097446224,7974.0,0.013566314840841283,0.5841460518369426,3173.9323232513148,7974.0,0.035476072429591214,181.24853940497007,144013.58103962138,7974.0,0.028099217391835515,528.9654430112566,669944.5403294009,9288.0,0.0370898379685369,11.059074083309984,8039.1271043781435,192.0,0.06587198470067031,151.45655713524826,34904.91484123989,192.0,0.12838803904241539,109.95037556016086,6670.334080001455,192.0,0.017005589974248572,12.18644652673538,42139.917419190344,192.0
Run1502,Run1502_best_field_e4794,0635,test,32,32,0.015907193220295438,7.354772956141751,29065.791760428096,39875.0,0.009474756359516842,0.018429557388669728,0.6397086286075886,7126.004735215365,1520.0,4.89959301568384,14425.47746183404,30415.0,0.004870742076981003,0.14213959637839244,5991.351677871726,7975.0,0.011337763996553141,0.0004249209859384515,3.3056232563398753,7975.0,0.023927393824490696,0.02538141018628716,44.33277862389696,7975.0,0.012171862449730045,0.505267171466917,3410.413274910816,7975.0,0.024087419131750866,159.15104273593641,274301.98421733815,7975.0,0.01955831958490207,620.7770499385105,1622828.3133376103,9288.0,0.04259478736043419,41.337173167271104,22783.889472080882,192.0,0.07152239610546916,287.0240262188346,56109.2083343642,192.0,0.07909193835650176,125.29465050145585,20029.40695721828,192.0,0.035332516601842584,52.60690737065033,42139.91236122265,192.0
Run1502,Run1502_best_field_e4794,0636,test,33,33,0.01545285744306091,6.619838416357613,27722.334063448183,39890.0,0.00886893039770081,0.018042891544782547,0.5741432943484022,7299.242690864948,1585.0,4.322949718787314,13279.077543530919,30035.0,0.004600823910209879,0.12483065763708696,5897.25673825728,7978.0,0.010133934858394896,0.00035566673617069437,3.463275439329181,7978.0,0.01921409559569139,0.016845849319755146,45.63026779165192,7978.0,0.01489406203497504,0.7754157120734577,3495.491738360891,7978.0,0.04498395748131121,130.5540633920793,64517.13498702919,7978.0,0.03131611470629459,402.4272067645938,410347.30353400996,9288.0,0.03905438241510542,7.431478772599395,4872.3187528081235,192.0,0.06988754621931736,94.87196324252835,19423.983605023146,192.0,0.12543328157519848,63.545637342960156,4038.8727568665536,192.0,0.021683882157808476,19.81379936985195,42139.91781478987,192.0
Run1502,Run1502_best_field_e4794,0637,test,34,34,0.01793247788326597,8.549425077521379,26586.202172912188,39880.0,0.010184396024093132,0.02107421335655699,0.6874049199863921,6627.383143723326,1565.0,6.048455711309533,13618.891497220366,30965.0,0.0052493277352062915,0.16998683534381323,6168.902584456594,7976.0,0.013451420372428314,0.0005294457271574528,2.926073005089675,7976.0,0.023906878494020494,0.025018574453481438,43.774058265058166,7976.0,0.015794725561048262,0.8017080798440459,3213.602022068932,7976.0,0.04032579578781749,172.09570018123074,105828.862124142,7976.0,0.03493361933432851,412.7605108270452,338229.1033214076,9288.0,0.03622012121995264,5.113753316436384,3897.983309793631,192.0,0.10263513259426486,208.09217415521914,19754.39130841358,192.0,0.15594929433384722,78.72681669344914,3237.0981182694504,192.0,0.02100094405153766,18.585374125132148,42139.91662799523,192.0
Run1502,Run1502_best_field_e4794,0638,test,35,35,0.017900086838942727,9.036170167991243,28201.62446117591,39900.0,0.009746729406831838,0.020130750595786524,0.5561044663727432,5853.809226676062,1580.0,6.2203398961960845,15349.49811144136,30565.0,0.005354120157464777,0.18675027563855284,6514.559044536438,7980.0,0.014338784151060869,0.000532064879728708,2.5878550009046863,7980.0,0.02332385051045905,0.024537444244574786,45.10542999061808,7980.0,0.01723285018854721,0.9169697216937507,3087.7403309043484,7980.0,0.024485557352746722,181.61351339718433,302920.156085136,7980.0,0.021119839287407335,678.4841710631066,1521102.5763416477,9288.0,0.04348079221894455,37.859539678498436,20025.364627107207,192.0,0.0674468675569862,253.52415553616385,55730.863976652545,192.0,0.08328416654948387,119.94021178028451,17291.788836518885,192.0,0.03385096629104221,48.28763321568749,42139.92697006929,192.0
Run1502,Run1502_best_field_e4794,0639,test,36,36,0.016832431399755123,7.612013706071724,26866.175984448146,39870.0,0.01005758654222291,0.019094344699447943,0.7157821551030294,7076.089388982972,1535.0,5.12624801177878,14060.154634442904,31120.0,0.005207459969133156,0.15563741949362928,5739.342484754405,7974.0,0.0117890180315447,0.0004093620012538528,2.9454541259035043,7974.0,0.021402471275941966,0.021207658794874865,46.29828263278694,7974.0,0.01460984606424001,0.701562889388051,3286.815512313511,7974.0,0.03281294570513907,163.4391813705053,151797.8912792583,7974.0,0.024806983648615086,595.9346573879252,968390.9505284459,9288.0,0.04211468127456128,20.76675949738958,11708.511767019801,192.0,0.08400883314184977,304.3353367357821,43122.35560978951,192.0,0.10657777816151548,110.50571394584904,9728.623811862988,192.0,0.025244886111435404,26.8559481954926,42139.91535643006,192.0
Run1502,Run1502_best_field_e4794,0640,test,37,37,0.01705246665432858,8.30570229623143,28562.8765342791,39880.0,0.008650189105506361,0.02036709491600893,0.45876441134888024,6131.101648243674,1545.0,6.224522594368676,15005.410231953592,29720.0,0.004289306628366957,0.11919781542793946,6478.793067108477,7976.0,0.013223365651588888,0.0004803428364324293,2.747054678566564,7976.0,0.023068552425610515,0.02364199656227868,44.42663951371189,7976.0,0.012676007633296446,0.5271583281415904,3280.772287868972,7976.0,0.03073392598196565,214.88338486158352,227492.3276925804,7976.0,0.021320941267660806,563.5547721699502,1239719.3619899421,9288.0,0.04369684315048922,31.407767861595214,16448.903273474334,192.0,0.06360701052778764,183.22573158152335,45287.30689349423,192.0,0.08492673564957627,102.21448893750161,14171.753800066952,192.0,0.03225477925278112,43.84114180190227,42139.920160133086,192.0
Run1502,Run1502_best_field_e4794,0641,test,38,38,0.01962293782842897,10.546086919059102,27388.187389710034,39885.0,0.010812152229563008,0.023300939555823196,0.6704317046505075,5734.957983285975,1560.0,7.901761700949069,14553.822088679106,29945.0,0.004754991817196029,0.15285874522021708,6760.685639487279,7977.0,0.01357461452715237,0.00044568240896162886,2.41863582266359,7977.0,0.022360489472859808,0.02572095664355268,51.44278889832624,7977.0,0.014545946091441596,0.6775838909242379,3202.4261615766823,7977.0,0.03705076250388831,303.0532874794263,220762.1927894939,7977.0,0.02204059428673215,820.3552057541178,1688711.0208279933,9288.0,0.04532396337728182,42.76862325718969,20819.46237354171,192.0,0.06455155696338322,310.2180245138816,74448.09413936366,192.0,0.09615630424705135,160.98867735302963,17411.64510263713,192.0,0.03532602873269989,52.587593151465626,42139.9153281757,192.0
Run1502,Run1502_best_field_e4794,0642,test,39,39,0.015346095644027127,6.828097507465263,28993.71817481273,39885.0,0.008386197335295787,0.01830646431531069,0.5784801025017463,8225.423552597853,1550.0,4.4000616293148,13129.549132255197,29990.0,0.004729188456875801,0.12482608663102755,5581.258190899145,7977.0,0.010343681673807769,0.0004120220686062941,3.8509704385135777,7977.0,0.022872768251721777,0.02303978584672511,44.03935793643122,7977.0,0.013348627975632391,0.6512330092261852,3654.7960480569395,7977.0,0.024609324818353855,127.42988739437524,210412.67722056352,7977.0,0.020760562949712947,632.5020703022211,1467518.8885266248,9288.0,0.044666371149184945,41.37438866655776,20738.161354870368,192.0,0.0822563479017673,352.12979410839284,52043.19205581868,192.0,0.0715435696023751,94.50253556088263,18462.999200165905,192.0,0.029450574822924083,36.549489608083604,42139.92564271146,192.0
Run1502,Run1502_best_field_e4794,0643,test,40,40,0.020406785246826934,10.915012394182156,26210.48425503066,39890.0,0.013432532183600803,0.023425969826853587,1.1076767600379673,6138.994783973573,1495.0,7.855501203212845,14314.584294874528,31915.0,0.007316379078515791,0.33370741115100966,6234.095535677058,7978.0,0.01806253293015129,0.0008096160437114312,2.48154298278521,7978.0,0.030928973444667315,0.051080200241620535,53.397580570350975,7978.0,0.01855609479912761,1.1092719407852745,3221.5498979635154,7978.0,0.038681137050346336,93.35471543598668,62393.27693974294,7978.0,0.028053242993340454,454.415188712559,577413.1789717526,9288.0,0.03321265619549231,7.826347345164894,7094.9918172310545,192.0,0.08364186239654539,169.5988953184883,24242.40097956486,192.0,0.11688841947153832,82.15220898572659,6012.793280566675,192.0,0.02204448112682069,20.47827701273036,42139.91462174845,192.0
Run1502,Run1502_best_field_e4794,0644,test,41,41,0.02343121018023451,15.43166743299573,28107.577438803775,39885.0,0.010217992756354427,0.028999648116545356,0.716305170543336,6860.675923477129,1545.0,13.20924432876919,15706.973714894582,32330.0,0.005815399609837689,0.19900153004918303,5884.333646271141,7977.0,0.012478830764033281,0.0004908416362139304,3.152053682355212,7977.0,0.028277582331032638,0.02996350137005445,37.472098088002674,7977.0,0.01890689528280721,1.1195816011295914,3131.953569467242,7977.0,0.03787497114322679,478.2100149220943,333360.42862172925,7977.0,0.02736545280930086,848.26841481001,1132734.2153249925,9288.0,0.04996737378811467,35.83089535156678,14351.080886341642,192.0,0.0863326068781632,369.45657555179673,49569.403246700225,192.0,0.09832912338778176,119.58297241145763,12368.157567802613,192.0,0.026312042137517623,29.174459976030448,42139.920697014735,192.0
Run1502,Run1502_best_field_e4794,0645,test,42,42,0.016972872724268097,8.70276849871721,30209.721525478762,39875.0,0.010309381171947343,0.019662106201420948,0.7130659078141353,6709.103297071934,1535.0,6.362949280450142,16458.80827942399,31180.0,0.0048243482563862395,0.14434808219216635,6202.0279151596305,7975.0,0.012145066040392326,0.0004524859308912994,3.0676465468716327,7975.0,0.02545696291239559,0.025309058641696885,39.05375634490171,7975.0,0.014179618859013534,0.6741605574520757,3353.0051868336504,7975.0,0.02437640183597972,207.78725211368652,349687.170404677,7975.0,0.022466118530882703,879.6493348269264,1742823.819375858,9288.0,0.045465901945994695,45.48028790634784,22001.464157967934,192.0,0.07412823466325048,448.51535142299394,81622.51961958302,192.0,0.09637833763879369,173.0439937383568,18629.348510142132,192.0,0.03741931849621109,59.00453974816173,42139.91739093661,192.0
Run1502,Run1502_best_field_e4794,0646,test,43,43,0.014039842885827864,5.381325457412043,27300.133006912838,39870.0,0.010483552114544145,0.014726267218923294,0.7233565954683835,6581.661292919629,1520.0,3.262651087224996,15044.76050126554,32175.0,0.0041265338012703035,0.10283880321449865,6039.294390782596,7974.0,0.01189988022906037,0.0004394847394894377,3.1035490873645095,7974.0,0.02096815362704651,0.018900221898160312,42.98792903453901,7974.0,0.012469423816281095,0.510621240108693,3284.02234644069,7974.0,0.0319222198341171,86.64962426865358,85031.63223991933,7974.0,0.02665628224549256,456.61494995925443,642615.1649204479,9288.0,0.040168148797860785,13.916363767555616,8625.060263290397,192.0,0.07862378947624345,186.99935774632877,30250.473094805573,192.0,0.1087790423928695,89.60594670813896,7572.62358987625,192.0,0.01662550443712694,11.64778744747673,42139.926574509795,192.0
Run1502,Run1502_best_field_e4794,0647,test,44,44,0.016447756017965953,6.989424629981451,25836.168945075326,39870.0,0.010525439012903124,0.01815954894985895,0.6625612742082014,5980.61175368643,1515.0,4.766347300248223,14453.584625801635,31320.0,0.0052912539951824825,0.17401829376261002,6215.523135318731,7974.0,0.014941842646779686,0.0005331808640595505,2.3881754913548754,7974.0,0.022515938735633498,0.023516346471941573,46.386300116458976,7974.0,0.01617438260405497,0.8178477721315015,3126.2021019919744,7974.0,0.055491087925794366,91.23425517927333,29628.621914122934,7974.0,0.03960224818143446,340.85565223209204,217335.5736897413,9288.0,0.0360949158926269,3.0869779890543683,2369.41680595134,192.0,0.10183254839524718,148.82259917310807,14351.4459804517,192.0,0.1754663161503507,58.71570206796682,1907.070470464544,192.0,0.01845102207942362,14.346122049854785,42139.91586505261,192.0
Run1502,Run1502_best_field_e4794,0648,test,45,45,0.02001084656372865,12.689482066291005,31689.323818236742,39170.0,0.020352277938227623,0.019797879304977437,4.187615366692441,10109.757420895534,2540.0,4.456099996056862,11368.877404926467,24105.0,0.0056357876999973576,0.16626974965909588,5234.847001850586,7834.0,0.014176630665503266,0.0008555968984212805,4.257191156642582,7834.0,0.017822680268136805,0.02563599349022636,80.70568359642236,7834.0,0.024650902373973903,2.0917350962936068,3442.239150904539,7834.0,0.02294394817438853,203.83325035794388,387203.0092174071,7834.0,0.021732110101884482,1178.4989178806786,2495315.100733794,15480.0,0.04490111237669564,65.00597089509557,32243.26765699192,320.0,0.08603253810639473,655.5513423714872,88568.89777655413,320.0,0.0782840557423779,169.66964526446452,27685.828021737736,320.0,0.0388745830495142,106.13873901620445,70233.19664057004,320.0
Run1502,Run1502_best_field_e4794,0649,test,46,46,0.018882198649288053,12.615348376475403,35382.95691417514,39185.0,0.012395225311921209,0.024273436324615642,1.8745826000744281,12201.008526060908,2615.0,6.940547929856918,11779.61869332284,25485.0,0.006693002400775402,0.22680976471319236,5063.138255174116,7837.0,0.012141246189782169,0.0008142480542807404,5.523701464600281,7837.0,0.021454020205510703,0.03476152225621783,75.52337959207416,7837.0,0.016343814990071325,1.0218488361630218,3825.4257741714932,7837.0,0.02351490798868244,285.2867057896279,515934.9717450853,7837.0,0.01925367876992168,1708.9626197819236,4610044.525840376,15480.0,0.03856612333228683,95.94765684817774,64509.31074986173,320.0,0.07324782259658315,695.4686508851039,129624.80620358001,320.0,0.06487654049520797,239.8293171029421,56980.5850690314,320.0,0.050708634219412435,180.59520270815483,70233.1880787086,320.0
Run1502,Run1502_best_field_e4794,0650,test,47,47,0.017846167874380807,10.308870267691562,32368.392097978896,39135.0,0.009794820552420098,0.02400892860439611,1.1088211873882987,11557.623642330404,2565.0,5.473506104350015,9495.548284107272,22415.0,0.00522795784360675,0.139071969477901,5088.332129155842,7827.0,0.010509118495719404,0.000584377691496023,5.291283737247802,7827.0,0.020560114975196546,0.03182060327941119,75.2761382396712,7827.0,0.015502192306339728,0.9344241928369617,3888.282708167679,7827.0,0.0276580222570965,225.26647076623908,294478.9876825686,7827.0,0.025276555284812367,994.7972740120183,1557036.564680998,15480.0,0.03862271150143317,30.17285039107736,20226.96948080445,320.0,0.08981558040411372,485.928122256846,60237.74038133286,320.0,0.09835103820706699,166.6987321770826,17233.5361431319,320.0,0.03209594988449965,72.35074171162614,70233.21048651185,320.0
Run1502,Run1502_best_field_e4794,0651,test,48,48,0.01851790734021117,11.369412062020707,33155.394033359546,39185.0,0.012784430033553087,0.020761900650389437,1.8900854707772492,11564.282763557658,2585.0,4.911395801938182,11393.855770236281,25775.0,0.006741847095808688,0.22120627046749353,4866.7567120122785,7837.0,0.011719335997821385,0.0007997427226171558,5.822966414344689,7837.0,0.02219741289562133,0.032924120074835236,66.8204592206712,7837.0,0.0189021352264983,1.389185100522073,3888.1085845294697,7837.0,0.02856690052547467,182.96723085610424,224205.91719621173,7837.0,0.016750539034934217,566.9306793452027,2020562.9480011866,15480.0,0.03076045016053959,28.280122293981993,29887.934966066307,320.0,0.0781970452750662,281.1882001860614,45985.02271969245,320.0,0.0633659231948174,107.24446636191709,26709.35247297465,320.0,0.03551381926857121,88.58019241081001,70233.10336826851,320.0
Run1502,Run1502_best_field_e4794,0652,test,49,49,0.03217237254533996,32.21699461840445,31125.67987543439,39160.0,0.047209686740068584,0.026191874396514547,19.0683274531214,8555.597874993402,2490.0,10.532514765133003,15353.200370021481,27845.0,0.00672594465579414,0.22759630583388435,5031.049957478162,7832.0,0.015636457877196447,0.0007295857772617833,2.984005372070587,7832.0,0.021441922351104516,0.034850554720070814,75.80227802224401,7832.0,0.05440438436276249,8.54066757052594,2885.519527321996,7832.0,0.024933078352544106,410.88591490711497,660951.2836346847,7832.0,0.02176687424606857,1320.0469050871566,2786103.3777438444,15480.0,0.047714589569039886,79.69998969039509,35007.07945554924,320.0,0.07372634234381648,633.9044898256439,116621.45371874596,320.0,0.08670592691972681,222.87699389786945,29646.106930632894,320.0,0.04256355358319892,127.23839354977918,70233.19381486115,320.0
Run1502,Run1502_best_field_e4794,0653,test,50,50,0.01907294716508381,12.259758415465038,33701.272614882044,39155.0,0.020034081369130777,0.01847096924072468,4.577303154013726,11404.357157899953,2505.0,4.301233616357722,12607.055397417158,26325.0,0.0064518286641806095,0.20120114347649193,4833.534171352902,7831.0,0.012574396978257914,0.000843451009307728,5.3343993856473855,7831.0,0.02002377559626933,0.02837734407643042,70.77498841698637,7831.0,0.024387653207640296,2.1445599590999693,3605.7712496968174,7831.0,0.020440286822984908,156.12733372803518,373684.40331956086,7831.0,0.020433823092880398,1127.4309995998271,2700167.549684047,15480.0,0.03511442235964225,45.78118508499378,37129.232622697775,320.0,0.0993583458215444,759.4408335880378,76928.14133934096,320.0,0.07153102969397299,165.33285154469374,32312.473379029623,320.0,0.03861213315930162,104.71044657480797,70233.194323491,320.0
Run1502,Run1502_best_field_e4794,0654,test,51,51,0.020407134725161317,13.287673664129535,31906.920506297767,39170.0,0.015369366375742313,0.024986594704178258,2.414205490156689,10220.268520517071,2610.0,6.398883970940918,10249.202894361455,22890.0,0.005749932748451037,0.18981969770523718,5741.372794426514,7834.0,0.011726541095619202,0.0006150677786784864,4.472837461615512,7834.0,0.018500585157560447,0.02703580643364583,78.98932424306489,7834.0,0.01996905859458836,1.4833938738878327,3719.9859405180596,7834.0,0.035359836765605925,321.21928569773013,256910.05911101712,7834.0,0.022976268078397064,991.8724271395696,1878870.4583124397,15480.0,0.04386847902868206,45.397345178874374,23589.856654325456,320.0,0.08238776048391756,518.2068141271368,76344.49451109322,320.0,0.09421098062227844,177.21686613794284,19966.50281542076,320.0,0.03298699699916082,76.42368920820991,70233.19681014257,320.0
Run1502,Run1502_best_field_e4794,0655,test,52,52,0.02375496622646293,20.66745548410523,36625.04578465462,39115.0,0.022687093617641388,0.028859435472639094,5.593124477529438,10866.677005548967,2510.0,11.55205454260494,13870.226967166913,25445.0,0.00674715670214162,0.24414616020117982,5363.0062720909955,7823.0,0.012737427640498154,0.0008082183272511548,4.981558498578893,7823.0,0.02400352547351782,0.035428765071197674,61.49020619175088,7823.0,0.028108532787396102,2.881369260590935,3646.889168278616,7823.0,0.027509109805194817,480.0684862345561,634380.9372780382,7823.0,0.018723790735488695,1276.2670785031703,3640441.1048839553,15480.0,0.036202450588132616,68.8048680566405,52498.05668375944,320.0,0.09074925217757546,855.202888555438,103844.39232570409,320.0,0.06856202700523191,218.40828379535276,46462.41810666776,320.0,0.05176349643937643,188.18693864710986,70233.16985318116,320.0
Run1502,Run1502_best_field_e4794,0656,test,53,53,0.018453304585504007,11.379293752720011,33416.96535602681,39145.0,0.011157444011655356,0.023265014397373187,1.3912089454844012,11175.39620048109,2590.0,6.024609820047977,11130.69478453629,24005.0,0.005207106869864086,0.1485969841170533,5480.460006845787,7829.0,0.01228943387674852,0.0007483208793858721,4.954776949597841,7829.0,0.020603063961526204,0.03331007071328442,78.47149615992392,7829.0,0.014405503214545567,0.8365128079034515,4031.027189079077,7829.0,0.029090861508780635,272.1324927009351,321563.86067971925,7829.0,0.02140828248336024,1149.7432534501845,2508633.4945183024,15480.0,0.04051520754011491,54.64005658462639,33287.02671485442,320.0,0.06468499832166935,401.0932086312331,95860.16365009826,320.0,0.08660857310417096,213.40602508120963,28450.172866110377,320.0,0.04065831956178211,116.102410373378,70233.18864385854,320.0
Run1502,Run1502_best_field_e4794,0657,test,54,54,0.01840184588959352,10.79296282178342,31872.630097101992,39175.0,0.01139160407898693,0.02257624889287967,1.3297209511285728,10246.858681284855,2605.0,5.853132759681611,11483.77847201816,23995.0,0.0059886437559984315,0.2007415900620263,5597.32341814332,7835.0,0.015177450876298973,0.0009879625865046398,4.288869448165327,7835.0,0.020538363215734982,0.03437818753698316,81.4988191888651,7835.0,0.014633881593898135,0.7895788735428559,3687.0280879756265,7835.0,0.029086507164624322,208.86336491354916,246876.14413134614,7835.0,0.02349378646218553,1082.7486253090767,1961650.3805306149,15480.0,0.04691239900274385,52.10171018935598,23674.27532209172,320.0,0.08000853316395977,539.8180480832934,84328.57931373641,320.0,0.10058390845820038,199.5049674389428,19719.536327039543,320.0,0.027553573519411567,53.32099932981146,70233.19350403312,320.0
Run1502,Run1502_best_field_e4794,0658,test,55,55,0.01962798094035788,12.256520093101367,31813.82782409415,39130.0,0.011984431388663156,0.025187528686931835,1.5352906928960102,10689.459603989359,2540.0,6.878688232461648,10842.626802173441,23975.0,0.006487015241270171,0.22277539081662406,5293.920042819598,7826.0,0.011796104011684424,0.0006631162099528912,4.765543716462512,7826.0,0.024152824041658697,0.03941757715101098,67.57002683977753,7826.0,0.017139545386178085,1.0996327020472343,3743.2518688038285,7826.0,0.030348287738305363,252.0907570357545,273708.6586713328,7826.0,0.024249871928422227,905.7881889455882,1540308.651722646,15480.0,0.039516080691238964,33.0129006718937,21141.507816207777,320.0,0.08967431176952252,489.2159458771549,60836.53911515839,320.0,0.09537805244276985,169.42043696702837,18623.82564585749,320.0,0.02286458592205251,36.71716511991417,70233.20076616836,320.0
Run1502,Run1502_best_field_e4794,0659,test,56,56,0.027932377379564808,27.35581512947848,35061.771754855625,39135.0,0.03774230106043779,0.022482308257530163,16.98240644410974,11921.817837296547,2475.0,6.541966957222487,12942.749623436006,26240.0,0.005830795551411569,0.17262564354610094,5077.497089114883,7827.0,0.011486030479460743,0.0007566174333521921,5.735039519681722,7827.0,0.02365241982195918,0.03302329394058551,59.029517352349934,7827.0,0.04500708592516297,7.66440185066974,3783.698108909373,7827.0,0.026536792729550205,276.9407471266326,393269.25445661304,7827.0,0.02113906740027495,1216.68711533315,2722746.8356073704,15480.0,0.038325889764964864,55.91211007762517,38064.610504612705,320.0,0.07331724868185718,446.78886844383595,83117.03185261873,320.0,0.06971642717231333,161.5875088794758,33245.85765778969,320.0,0.03296028070889181,76.29993733842275,70233.18728755109,320.0
Run1502,Run1502_best_field_e4794,0660,test,57,57,0.024226021796499436,17.514553816308222,29842.477210053778,39175.0,0.01464904442876792,0.031550454880299714,1.7847424929669495,8316.813668155612,2530.0,12.269468893341886,12325.78289134245,25545.0,0.0075981913442735634,0.342407372758408,5930.928044717921,7835.0,0.01628719297559658,0.0008459511536175593,3.1889873969105285,7835.0,0.025421875638393945,0.047338462249986,73.24853894071481,7835.0,0.021135405300938624,1.4459741948457296,3236.975271118632,7835.0,0.03376030628086363,414.8722550705105,364000.2115236402,7835.0,0.024026264523952807,1065.2356096175126,1845326.28312403,15480.0,0.04482834807870998,46.2820629047869,23030.70526018729,320.0,0.0857011509668902,538.380296957469,73302.00410843518,320.0,0.09307681588847945,167.7047042837691,19358.07684053544,320.0,0.03483316081022891,85.21738873426148,70233.19940974208,320.0
Run1502,Run1502_best_field_e4794,0661,test,58,58,0.017645321916354418,10.954365150827892,35182.60898844127,39135.0,0.012147008992402538,0.02153082219762144,1.847799976149071,12523.226952814388,2555.0,5.212382589416723,11243.85034083184,25950.0,0.005441327133269658,0.15053208680164878,5084.162337784689,7827.0,0.01233796256080174,0.0008770951414014199,5.761821624202136,7827.0,0.019645586009666812,0.026930060180241112,69.77620544406207,7827.0,0.014613507150630197,0.8623731724309014,4038.186055459698,7827.0,0.02643255064573036,259.842104329686,371904.4532410985,7827.0,0.02232074336570854,2612.2666856091137,5243245.629834085,15480.0,0.02907751300318193,65.7542707800261,77769.52538747418,320.0,0.0828470510203722,772.5432190863912,112556.00670609907,320.0,0.05905151195286506,240.25434126150617,68898.41011939888,320.0,0.06701081170357424,315.37857981063826,70233.19669711958,320.0
Run1502,Run1502_best_field_e4794,0662,test,59,59,0.028753409568725297,28.018852220828553,33890.00551614021,39175.0,0.04065314192969312,0.020907827945283376,18.469765781534623,11175.659356645789,2625.0,5.003355541015706,11445.73087534379,23275.0,0.006165745110461208,0.20197478557248758,5312.831245005695,7835.0,0.012528191503563138,0.0007899055952772525,5.032669647365978,7835.0,0.02033637243319811,0.028914832390359153,69.9155382721387,7835.0,0.04692795417396285,8.272424839545156,3756.380582443429,7835.0,0.025116244237697555,243.6575710236499,386251.7990609623,7835.0,0.02036331379409477,1177.8938039937284,2840594.4220514805,15480.0,0.040697724022616205,64.31623348631754,38831.159453303335,320.0,0.09489435447614034,718.7549173851119,79817.85955248069,320.0,0.06547759012142682,145.3917528802673,33912.07769610361,320.0,0.03778957791554699,100.29667179560784,70233.19726223525,320.0
Run1502,Run1502_best_field_e4794,0663,test,60,60,0.018972367461795012,14.754179112755331,40989.4410587923,38455.0,0.012616381082662453,0.025809430538479138,2.439338478547661,15325.07008676555,3665.0,6.013009078336562,9026.824830358426,18580.0,0.006479645456502994,0.20903202824864106,4978.6356851776745,7691.0,0.01511610717297486,0.0015886717078879052,6.952711943970246,7691.0,0.018812554779882557,0.03655196986504862,103.27976281560618,7691.0,0.016036231131610523,1.1178379377132293,4346.845762195902,7691.0,0.023055790591785596,316.97531270847173,596300.8124928762,7691.0,0.017727358967097446,2002.6870539639567,6372722.572388556,21672.0,0.03354264823286162,105.11027771246845,93422.2855853629,448.0,0.08147720662552017,1001.0420367052059,150792.60810139982,448.0,0.06204030969013171,318.9733740272146,82871.75158105174,448.0,0.04541193820947363,202.77318043728974,98326.46741316364,448.0
Run1502,Run1502_best_field_e4794,0664,test,61,61,0.025560596275784477,24.728241163627896,37848.72603257975,38425.0,0.025931027254624588,0.027145844254882,8.535299278653078,12693.43929505268,3440.0,8.895292628710349,12071.285830916022,21130.0,0.008197912318937654,0.3377789897837684,5026.04178083008,7685.0,0.01607571679901346,0.001309348477766457,5.066575913252796,7685.0,0.020700782135073894,0.04459325828315791,104.0628453960799,7685.0,0.03362769996599305,4.237130399500995,3746.946585197554,7685.0,0.025940010532816183,426.8846203873162,634410.2809438416,7685.0,0.017542898855390007,1327.5194605589206,4313583.183278977,21672.0,0.03492760648002567,70.75060611415131,57995.26191998169,448.0,0.0929566170310468,1070.7385129960467,123914.69258978701,448.0,0.07442906926392559,275.13572188282734,49666.29957463463,448.0,0.043060433287120864,182.31703081115757,98326.47009749155,448.0
Run1502,Run1502_best_field_e4794,0665,test,62,62,0.020478707698133463,16.816383367569653,40098.44259932677,38420.0,0.01701827176210879,0.02761143795423456,4.819985295512719,16642.355860400367,3580.0,5.633574699945145,7389.346098879615,17500.0,0.00639781000032206,0.18099971166046366,4421.964036375168,7684.0,0.011495706803396082,0.0009677303068193091,7.322898000650808,7684.0,0.0180886638857824,0.03798434474246978,116.08915790867155,7684.0,0.021475364163860058,2.0970785111227075,4547.090688524182,7684.0,0.026774569699719215,361.6484948248724,504477.3383910921,7684.0,0.02017607428297123,2365.627882514549,5811297.298959896,21672.0,0.027881584516560393,64.92664261173194,83519.53034880685,448.0,0.08401812000693164,1016.2216113672221,143960.2219364001,448.0,0.06767074563914431,334.10265043910874,72958.85291306677,448.0,0.048875865471438115,234.88722087097176,98326.47453388765,448.0
Run1502,Run1502_best_field_e4794,0666,test,63,63,0.025805744457150476,23.360324998848412,35078.91046437655,38415.0,0.030324450480947045,0.02552803805161175,12.053344579853395,13107.555131391857,3465.0,6.780047650623747,10403.940721532932,21910.0,0.007467871670820557,0.2466056613848397,4421.904408373123,7683.0,0.016241303694413543,0.0013791584627850402,5.228443197816297,7683.0,0.022497519564035312,0.05558952013290511,109.83067400511065,7683.0,0.038182118292260446,5.196624324353826,3564.521874806027,7683.0,0.02082914870544133,206.32404353171754,475561.6217592296,7683.0,0.018161270638550133,1379.6342980253653,4182842.594680721,21672.0,0.03223492208607857,63.274146181119804,60893.79542381617,448.0,0.09647713344197847,918.4435892887682,98674.22065278079,448.0,0.06437219867791635,224.33349727168178,54137.405773193415,448.0,0.03504916425306808,120.78854091123321,98326.45955766606,448.0
Run1502,Run1502_best_field_e4794,0667,test,64,64,0.01911789661648189,14.83846296164413,40598.379555983185,38450.0,0.014813128652827886,0.024258269363822735,3.20721615910674,14616.205549766588,3575.0,5.401956438365027,9179.762588149419,18015.0,0.005897318022516189,0.19038375445585792,5474.201636574989,7690.0,0.012811947107128376,0.0010446162465564603,6.363946234588165,7690.0,0.018716830819270086,0.04187980605154651,119.54737163452351,7690.0,0.019599243252256076,1.5851540322058124,4126.604653149953,7690.0,0.02224024053370584,294.5805251141147,595559.3841100596,7690.0,0.015543581841730197,1336.903300142596,5533472.894297688,21672.0,0.034055217843059635,91.27296207334153,78700.01578546871,448.0,0.07693692049022725,841.8978186306398,142229.53367545776,448.0,0.06126895933183006,258.8551400574849,68956.59137642747,448.0,0.049656700286860304,242.45220464808972,98326.46444666499,448.0
Run1502,Run1502_best_field_e4794,0668,test,65,65,0.03570785092644225,47.429006510862806,37197.74403407997,38450.0,0.04787571911041294,0.030063180015758653,31.82595892496307,13885.159643092124,3595.0,9.549415315195368,10565.910970886423,20260.0,0.007103767158500609,0.23051551027454745,4567.96445850355,7690.0,0.014698947471614343,0.0011977909940752878,5.543812936905456,7690.0,0.01947278564883449,0.03963452068735314,104.52434240278725,7690.0,0.06257614524628217,14.000119622429805,3575.313536304615,7690.0,0.027545058812361117,488.59827969579646,643968.3537745433,7690.0,0.018899201320184182,1549.2388837486321,4337420.083746424,21672.0,0.0365200706072768,78.69570409246455,59004.86327085355,448.0,0.09893848677267233,1094.1731048724844,111777.78724432053,448.0,0.0686306114673789,242.2006819536738,51420.89424870211,448.0,0.040521728856465045,161.45308881930214,98326.46495472576,448.0
Run1502,Run1502_best_field_e4794,0669,test,66,66,0.024927486584674422,26.145396493328626,42076.368490799294,38455.0,0.023824986675194698,0.030485559701209093,8.616382213542323,15179.575364633401,3620.0,11.930846178103968,12837.572246496242,20780.0,0.008264996956312361,0.3075331932314766,4502.011517856129,7691.0,0.013170107046905485,0.0012057964316728263,6.951769831202523,7691.0,0.02512595213045454,0.05328161865113945,84.39803860379628,7691.0,0.033502293547763316,4.446119808295407,3961.2484486691997,7691.0,0.02341810518553277,458.51560546407234,836085.3555966725,7691.0,0.022289906491486156,2392.0705192722903,4814569.78012166,21672.0,0.03391347625530567,76.50591921433897,66519.72113228074,448.0,0.08314669192150417,944.0503387863607,136554.24404162884,448.0,0.07082504220371058,288.9005679091898,57593.66442375657,448.0,0.05012621791790528,247.0587482878409,98326.45034761156,448.0
Run1502,Run1502_best_field_e4794,0670,test,67,67,0.01966103772957956,13.918944642766677,36007.53855579609,38425.0,0.01681028774671707,0.02239285583955577,3.65707486326439,12941.4683897545,3535.0,5.782217174140522,11531.224590942144,23310.0,0.006617242448434988,0.22050589688789632,5035.772641897347,7685.0,0.014901799239879773,0.0011925071775362504,5.370114989529011,7685.0,0.019534301544013984,0.0363282987897635,95.20270449459373,7685.0,0.02224820382124382,1.7538306660123375,3543.2169953384823,7685.0,0.022445108780231867,226.44219789862856,449483.6848024041,7685.0,0.01876324280977926,1712.583823760967,4864475.721723392,21672.0,0.030817221788079878,68.53187255696086,72161.51304710872,448.0,0.09139114498198328,976.3192398925604,116891.68286388798,448.0,0.06678272640349432,286.10569544710756,64150.22929240296,448.0,0.0435069766721403,186.11796508710904,98326.47854758242,448.0
Run1502,Run1502_best_field_e4794,0671,test,68,68,0.018956630601498173,14.374980175270121,40002.29975223081,38440.0,0.01456055944268164,0.021038886088313138,2.9990052490333903,14145.591183846915,3600.0,5.416781350897701,12237.5878127941,20685.0,0.006910022133040316,0.2063920626706721,4322.491167416791,7688.0,0.01347985087198959,0.0010224146794234688,5.626740690458796,7688.0,0.021315733947785104,0.04391432219114841,96.65083312450327,7688.0,0.020276736337054173,1.4588805957360675,3548.3270329385064,7688.0,0.017446287699830743,275.43671398786773,904931.6304583258,7688.0,0.018554659010254177,1887.0476088117143,5481215.816870126,21672.0,0.03317689502971209,87.23666069234794,79255.16155842404,448.0,0.09719452487190428,1254.5167857759052,132798.4097699981,448.0,0.0612815976172395,264.7569122441945,70499.68064530278,448.0,0.044500290265663774,194.71356612396085,98326.48705173927,448.0
Run1502,Run1502_best_field_e4794,0672,test,69,69,0.036316479291221886,62.15564221271734,47127.35651638659,38445.0,0.053171008246275166,0.022203167708666052,49.188940966680434,17398.735306762886,3660.0,6.399229178030686,12980.690208151902,21670.0,0.007269641471737167,0.2210334467034731,4182.462066311191,7689.0,0.013257524068960781,0.0014084648599290244,8.013480190060429,7689.0,0.021243268174566038,0.03928965798223644,87.0633923277378,7689.0,0.07138771445559908,21.34298162839428,4188.014097131151,7689.0,0.01880420258056239,353.0326858662171,998401.153939935,7689.0,0.022746205299351153,4227.57599084315,8170968.073180256,21672.0,0.03736697346794839,170.18965726384903,121886.97992023636,448.0,0.0891425565058397,1446.0105697415065,181970.62951444738,448.0,0.05601884913125858,342.59478429638403,109172.28048864227,448.0,0.09147395982812954,822.7454612709062,98326.489877629,448.0
Run1502,Run1502_best_field_e4794,0673,test,70,70,0.021230889179797457,16.469950126140766,36538.937725581054,38415.0,0.015120677878746408,0.027576145246213612,3.2598802137978287,14258.016692745412,3515.0,8.322953838189099,10944.864018103024,21670.0,0.006178350996159888,0.17890122446746537,4686.71083248809,7683.0,0.014216076450581424,0.0011810572064832377,5.844016497120704,7683.0,0.0208990138539914,0.039465358607954595,90.35755394808807,7683.0,0.01956471485311833,1.4812500573067153,3869.7359747322516,7683.0,0.029071671210779415,395.2133857621192,467618.46183033835,7683.0,0.01829464977042724,1671.116259394892,4992964.348811085,21672.0,0.02961875363183935,66.40630069421651,75696.48773666564,448.0,0.08978116688853932,937.4216167857131,116295.91841936471,448.0,0.061041827254729106,253.17331061732008,67945.83961728272,448.0,0.036511536889448706,131.0782837898496,98326.48589332719,448.0
Run1502,Run1502_best_field_e4794,0674,test,71,71,0.032747382285872005,38.547462852891805,35945.34193094127,38400.0,0.04559902612888822,0.023824715801204887,27.42631560280148,13190.350453142499,3430.0,6.284166467151689,11071.136960585638,22195.0,0.006134512542327959,0.18359270413509093,4878.601007455678,7680.0,0.016582774417226706,0.0014882590041026633,5.412079070249564,7680.0,0.020595217947684392,0.04154738610511269,97.95146176962173,7680.0,0.056937845709018026,11.870067298957933,3661.4332305086127,7680.0,0.02418952082211583,254.60545322028668,435124.13258688117,7680.0,0.02012510565363799,2037.7631350991103,5031266.977128696,21672.0,0.03019717593764008,69.4520467973012,76164.46407933123,448.0,0.11553880781761841,1646.838074820392,123365.90111462011,448.0,0.0627209793913785,270.20874334174573,68686.87138625844,448.0,0.040140860592913,158.43239494912723,98326.51095795873,448.0
Run1502,Run1502_best_field_e4794,0675,test,72,72,0.022205641099751438,18.84894930175575,38226.145970721904,38465.0,0.018434551584342703,0.026760466687579296,4.545887999565924,13376.841325251286,3635.0,9.343637022228462,13047.53867274164,22270.0,0.008306727590671144,0.33762671523954185,4893.018598098947,7693.0,0.014463128999954961,0.0011774672036977882,5.628909935677697,7693.0,0.02380765268952446,0.048662618089756624,85.85435185886354,7693.0,0.0259047690289843,2.3358924763863405,3480.9148447064686,7693.0,0.0220325214468866,342.8289844363881,706234.8248837601,7693.0,0.01834471865799845,1533.597117925636,4557106.43962844,21672.0,0.03410637270583508,76.94112625293795,66143.54568298996,448.0,0.09396231076972045,1047.1973546680524,118609.95993512585,448.0,0.06436541712667879,243.2759959507743,58721.086555261514,448.0,0.03782306257576488,140.66444980439883,98326.58805645036,448.0
Run1502,Run1502_best_field_e4794,0676,test,73,73,0.025619454156590456,24.353796301317157,37104.529095209,38435.0,0.02491762741330622,0.03054270028576713,7.755801992741146,12491.463911716159,3515.0,10.636013001871115,11401.552690366816,20380.0,0.007522475447927737,0.29391162533162174,5193.919407422609,7687.0,0.015668410191316838,0.0013298847832787296,5.417066306431858,7687.0,0.02390600928496682,0.05147291648567223,90.06677423156577,7687.0,0.03251942843737496,3.8499648116120415,3640.583131581162,7687.0,0.02704711678791494,435.9199826769788,595888.2543524366,7687.0,0.0178264977422481,1275.2454703638011,4012931.371827973,21672.0,0.03270170167378897,63.36067523802021,59248.736363600954,448.0,0.09362373549747051,842.7345276058223,96143.26301120812,448.0,0.062408451097177374,205.66053812034397,52803.67625994558,448.0,0.03230262023261923,102.59977318670099,98326.57177307288,448.0
Run1502,Run1502_best_field_e4794,0677,test,74,74,0.02061574123144496,18.152423087252014,42710.700726458184,38395.0,0.016168774174604973,0.023941397263946375,3.816591392483047,14598.945111057656,3465.0,8.33138608861492,14535.108390203452,21725.0,0.008217841814684549,0.27548766420044885,4079.3089875466703,7679.0,0.013345067455610862,0.0010695846653357769,6.005838105161493,7679.0,0.02199441885298574,0.04315304347385504,89.20443526896844,7679.0,0.02113081358093725,1.654609556331002,3705.6388513293377,7679.0,0.01953371752600436,436.0870217188177,1142887.1653436422,7679.0,0.018961849799989904,2435.2828860371874,6773108.184523829,21672.0,0.032933088563095354,105.39211882444518,97172.4631890684,448.0,0.09290267057941243,1485.5341213149381,172117.9777367424,448.0,0.06679321179590728,382.4739913073488,85730.87441185326,448.0,0.057770200216838964,328.15433965948523,98326.4606314332,448.0
Run1502,Run1502_best_field_e4794,0678,test,75,75,0.02262913347673427,24.92667639006298,48677.529349049706,37320.0,0.022225373354312836,0.024163584751293484,10.73199658335236,21726.13107263567,4965.0,5.340749724208998,9147.017271034989,16910.0,0.009622776390595281,0.31014751108507804,3349.40382814576,7464.0,0.016021389648536298,0.0021459634365633986,8.360301743251675,7464.0,0.021130364275291667,0.060567195840712906,135.65115590901482,7464.0,0.032010978342233,3.9967102198250313,3900.360646602829,7464.0,0.017221810929839067,336.573874146885,1134808.9902263791,7464.0,0.015271710930398101,2930.8377743591554,12566559.458844999,30960.0,0.02512308296286805,131.4114525243295,208203.17628332376,640.0,0.09748381698512953,1479.2473744013182,155659.5446761087,640.0,0.04564960335065042,402.83326953363735,193308.66191024703,640.0,0.06147538202134836,530.8540242289937,140466.46127105044,640.0
Run1502,Run1502_best_field_e4794,0679,test,76,76,0.029040915101214405,45.159222592475246,53545.85561990818,37310.0,0.03721667377142303,0.023773946988886307,29.59684365069726,21368.315487070628,5045.0,6.131553441972666,10848.456150761824,14420.0,0.00791338565126798,0.22504776117313868,3593.76797699593,7462.0,0.01392515243541839,0.0015941642089370579,8.221160717928498,7462.0,0.022055699567669826,0.06234847934297,128.16935267269145,7462.0,0.0553959190439849,12.42775777890488,4049.834132029556,7462.0,0.01749042506984991,437.6123339721871,1430503.1729086642,7462.0,0.019973274446488543,5633.788786043212,14122189.079985801,30960.0,0.0290291840344095,184.90897225826006,219426.12185594812,640.0,0.09209892336654987,1950.8085363002406,229988.19278304657,640.0,0.055152425888274126,601.2828758726155,197674.02081982873,640.0,0.08069076017734807,914.5765324817321,140466.39596558234,640.0
Run1502,Run1502_best_field_e4794,0680,test,77,77,0.02984079786272484,43.31486684013618,48642.52625359988,37325.0,0.03570814841263747,0.026241689774475708,24.538470244487858,19244.774318538548,4890.0,7.442908213596019,10808.341775169274,15225.0,0.009163177729647759,0.30277381666007386,3606.0030932968366,7465.0,0.018188944655481196,0.0026392785270668907,7.977562610905438,7465.0,0.019541857415858045,0.05114163172343009,133.91921659406933,7465.0,0.054059494588677814,10.683699203701018,3655.760111722192,7465.0,0.020451849286174568,489.3006212414755,1169797.2601407552,7465.0,0.017705456995973638,2676.168450195522,8536879.764889993,30960.0,0.027823661444657637,104.07947742454323,134442.48848453508,640.0,0.10030358241525947,1465.9839703447,145712.34003386842,640.0,0.05519919923875029,374.66341131901356,122963.3617210005,640.0,0.046347934259459184,301.7400875176827,140466.33380193426,640.0
Run1502,Run1502_best_field_e4794,0681,test,78,78,0.027625892542459833,39.179199059501165,51336.1052987294,37345.0,0.031130217237054572,0.03030310021742118,20.732961021702064,21394.248134133075,4890.0,8.004598001528844,8716.967000483593,14775.0,0.009111982202025486,0.3105725708754304,3740.566426505583,7469.0,0.015517973764015747,0.0020930278025148457,8.691704859075074,7469.0,0.02149696428940135,0.06392264406177138,138.32493046772132,7469.0,0.04606981143287184,8.560578406064675,4033.390211619984,7469.0,0.020908976529129986,525.9224913353313,1202973.86929977,7469.0,0.019698239583173915,4832.742321865489,12454858.815074366,30960.0,0.026820640950518643,143.0621483133084,198877.85987601036,640.0,0.0994662352852723,1794.7955173292098,181410.9990501418,640.0,0.05091172195798932,471.2005946888032,181790.11213459325,640.0,0.06978015063541827,683.9686548326627,140466.38118725616,640.0
Run1502,Run1502_best_field_e4794,0682,test,79,79,0.022420086189897628,24.262259789249953,48267.70980339277,37305.0,0.017970975899339946,0.028240481350184688,6.731077533672775,20842.090128134,4875.0,8.810730053756759,11047.594004085251,16705.0,0.00884032019837178,0.2777951204976625,3554.5826925572464,7461.0,0.014839617404973074,0.0019538532135062324,8.872510567776756,7461.0,0.021531263919051306,0.06377461485417031,137.5652671286754,7461.0,0.026189596027983923,2.670924265134678,3894.071976548271,7461.0,0.02164002980350451,476.9629143703552,1018518.4564997777,7461.0,0.013853227177139339,1834.1686629990975,9557347.054615969,30960.0,0.02513526292475933,96.66560221013962,153004.8142261366,640.0,0.09279068758193561,1354.4536125380682,157309.64468610962,640.0,0.05314109111545699,394.9118046563661,139842.50060767593,640.0,0.047807994569925474,321.0505998804365,140466.39376195596,640.0
Run1502,Run1502_best_field_e4794,0683,test,80,80,0.02281214525433598,24.97408333931646,47990.72380929084,37355.0,0.018674033494888668,0.02583334997551544,7.005225583765403,20088.423624191644,5015.0,6.417141212697833,9615.683080489536,16170.0,0.009280077477380593,0.33565716278529,3897.55915285313,7471.0,0.014389424537002876,0.0017221360864906222,8.317266463460882,7471.0,0.019886188476067372,0.05260879081435987,133.03172343269569,7471.0,0.027463697876126198,2.8975997263790827,3841.672743196411,7471.0,0.022556953707821334,538.2318867901436,1057812.0910703845,7471.0,0.019714668181970967,3815.3671745945976,9816516.372096427,30960.0,0.030870818338451327,142.49452442031708,149520.89637435184,640.0,0.09724527565888258,1669.5531182610725,176548.16890394123,640.0,0.05477347717430983,403.92931638495384,134637.1005677706,640.0,0.051724626212046876,375.80884444694675,140466.34270157307,640.0
Run1502,Run1502_best_field_e4794,0684,test,81,81,0.01968190937677058,19.20715052955307,49582.507289300105,37370.0,0.015626631469487135,0.02368008691018762,5.014268688492526,20534.15621548436,5140.0,5.80806236003959,10357.73240412378,14620.0,0.008873094139132716,0.2712965615160084,3445.832089292446,7474.0,0.014406131392398745,0.0016652021299661261,8.02365441031842,7474.0,0.019095724151700178,0.04819336275224426,132.1645452420597,7474.0,0.021170283254944324,1.8359581595661936,4096.466823673282,7474.0,0.017944478552496285,398.6569542157061,1238048.5018063388,7474.0,0.018621128822449595,3967.6911617602236,11442629.88691436,30960.0,0.0289532019824512,147.09177954852186,175466.89945633523,640.0,0.09474340594101387,1777.6927483403874,198042.64339039373,640.0,0.05224348181172595,431.1149576046092,157953.3585514685,640.0,0.05988419474367219,503.7277908973201,140466.08679696888,640.0
Run1502,Run1502_best_field_e4794,0685,test,82,82,0.023793054623990954,26.622130518616114,47026.47270182443,37320.0,0.01848022524554058,0.032359207273628066,6.667860172903928,19524.142257340463,4960.0,10.56308173762453,10087.763516552019,17365.0,0.009835198987427051,0.3697484695731843,3822.434770521555,7464.0,0.01651935001040052,0.0020952124520747925,7.6778947840059875,7464.0,0.027715355033961553,0.09892855042230853,128.7895877206087,7464.0,0.025664811002901522,2.5524087708590146,3875.0212410026397,7464.0,0.020608661900051957,443.6157659301431,1044497.4490143468,7464.0,0.01699770037872951,2681.7011182507927,9281753.573621545,30960.0,0.030508987771104897,130.80398252798648,140528.8101999485,640.0,0.09451133286652247,1491.5531323546672,166982.49759312707,640.0,0.0539793327855862,366.5526280239318,125800.19470745296,640.0,0.052420811181488294,385.99343241510724,140466.39644667075,640.0
Run1502,Run1502_best_field_e4794,0686,test,83,83,0.022060976126564862,21.96575780844749,45133.26390098341,37350.0,0.019765359395142332,0.02631297214920021,7.91625804769286,20263.315731610644,5070.0,4.820981191856783,6962.987652900327,13570.0,0.008223519242511308,0.25755534550761994,3808.51036641511,7470.0,0.014716444280664225,0.0017340565109480674,8.006772071596885,7470.0,0.020798818739117864,0.06320714795814424,146.1129988285152,7470.0,0.028922628215952012,3.4351995821691412,4106.5438465604775,7470.0,0.019115641869110116,285.6341403184981,781686.0187603576,7470.0,0.0186243314155704,2813.4471986324907,8111055.751318654,30960.0,0.0324282012355989,127.52307111046561,121267.11465615511,640.0,0.09534533384609427,1465.7154584096506,161231.82905057963,640.0,0.057205489762002563,354.56802096542935,108348.81031152577,640.0,0.049518647357459096,344.4371745182352,140466.40639644404,640.0
Run1502,Run1502_best_field_e4794,0687,test,84,84,0.021447425422397776,22.23359879569821,48334.7450141898,37315.0,0.019002395426443247,0.026427961011157575,7.29791729725871,20210.740925885184,4800.0,5.490586349298687,7861.246441319711,15410.0,0.009078387159821484,0.3098367284918237,3759.373698267123,7463.0,0.01611432734367983,0.0020807738776412324,8.01309928555094,7463.0,0.021597468489335234,0.06410498964704969,137.43145242458272,7463.0,0.024602250561381673,2.3558565341207593,3892.235997716405,7463.0,0.01935350104478085,387.25150810860305,1033889.2917174271,7463.0,0.022405726114882785,5211.782856372184,10381695.034077743,30960.0,0.03348556907809903,179.76370096596122,160319.60443612965,640.0,0.09663574353879044,1705.879151711997,182672.29135444434,640.0,0.06107330715097817,539.2960432216198,144585.37246381814,640.0,0.07583910201899656,807.9019981701831,140466.3566896724,640.0
Run1502,Run1502_best_field_e4794,0688,test,85,85,0.022395379819778655,24.126927134181027,48104.43829709968,37365.0,0.023097108003262867,0.02111505245334195,10.97759485841862,20577.470525818408,5220.0,3.4031253178804475,7632.971006860145,11430.0,0.008347408320827782,0.25837517717158115,3708.0661369300165,7473.0,0.014312928121204199,0.001740977394162413,8.498380099069863,7473.0,0.018619462537605026,0.04445560508055857,128.2307683292036,7473.0,0.033286382899443134,4.837804056064634,4366.315011143348,7473.0,0.017133454370781086,301.67387447006945,1027656.1756415428,7473.0,0.01748118519213709,2459.660019572665,8048840.747865751,30960.0,0.02747533460613232,90.6183925370744,120041.21258126253,640.0,0.08698834890455709,1236.6847905272887,163431.90544438275,640.0,0.05571941898889895,331.7495500743139,106855.57463435535,640.0,0.042919949288187154,258.7562100859968,140466.37709014144,640.0
Run1502,Run1502_best_field_e4794,0689,test,86,86,0.021072005712463836,20.24778436758404,45600.095937699436,37370.0,0.016407816954257148,0.027375451951680643,5.498796220325451,20425.186028469172,5055.0,7.532352210814116,10050.971085966452,17000.0,0.007643808519585261,0.2234236231765786,3823.926109990145,7474.0,0.01429079029504215,0.001725137664412433,8.447170580809551,7474.0,0.018179092528014144,0.04962841977277482,150.17099099242077,7474.0,0.02421733221875689,2.2709708364401964,3872.2104972921024,7474.0,0.023317703068067998,400.8600839121183,737261.0285808825,7474.0,0.017324764557178338,2734.8158590767866,9111574.00980532,30960.0,0.02416397118295927,81.73922836377577,139989.0013187047,640.0,0.10959731707225545,1727.977217759429,143859.374175823,640.0,0.05229714725260718,345.96939223394224,126497.42356529314,640.0,0.04808218307353501,324.74377132941663,140466.40726898742,640.0
Run1502,Run1502_best_field_e4794,0690,test,87,87,0.029702754023498416,44.66627923359179,50627.48330719753,37335.0,0.039506602506439725,0.020328010436269733,30.49427871620853,19537.950269849895,5070.0,4.787852492293398,11586.466541859287,15205.0,0.008919582183634072,0.27752758732687466,3488.3265820744496,7467.0,0.01673070408352121,0.002321916396699911,8.295033467891312,7467.0,0.020933300934461174,0.04851199948643129,110.7066581991405,7467.0,0.057998942274186824,12.892728875537756,3832.698908686057,7467.0,0.015751590595579276,332.4159149750014,1339778.417326656,7467.0,0.017915906671219516,3075.185182078813,9580621.667135775,30960.0,0.029283665181696727,124.63946191382107,145346.5407850509,640.0,0.09904189113856503,1643.4581327605101,167540.8815476164,640.0,0.05677855176543141,420.63424843876317,130477.61470355286,640.0,0.05037402410197819,356.43938924493796,140466.38302393287,640.0
Run1502,Run1502_best_field_e4794,0691,test,88,88,0.020444963379978396,22.729341930312888,54376.86781836824,37340.0,0.017201114559564763,0.025123245488068817,6.31190950859719,21332.786522949118,5035.0,8.242395368281139,13058.760555162535,15910.0,0.008709159216850153,0.2419391759687878,3189.7286317351327,7468.0,0.014856724843246382,0.001873418424098557,8.487672757528884,7468.0,0.019611873232246065,0.043305402009132174,112.59106309608926,7468.0,0.026281667586284505,2.6618360667122127,3853.678404646344,7468.0,0.017448277633314104,493.19329188739357,1619988.8854154013,7468.0,0.017120715731261508,3922.2897046120256,13381223.827352563,30960.0,0.025809471357810254,142.26148567787408,213564.52860812962,640.0,0.0915308156629526,1600.1850311709932,191000.95488590014,640.0,0.04805161702177423,450.81331013346585,195245.35741619213,640.0,0.06441848273778361,582.8991726699751,140466.40119341697,640.0
Run1502,Run1502_best_field_e4794,0692,test,89,89,0.024330723899596507,26.446673709041864,44674.63327275824,37320.0,0.02641796219020471,0.0252838698281924,13.533336491692967,19391.26992116671,5030.0,5.335957826859259,8346.90166259536,14325.0,0.00809834539214605,0.23672746015713858,3609.5748156486184,7464.0,0.014351978417572759,0.0016806546865670434,8.159338404632106,7464.0,0.02095457938474753,0.05155892141201849,117.42104144751931,7464.0,0.03719035686114529,5.857152030702745,4234.730779949772,7464.0,0.018681654524735768,281.76256872296074,807332.8515300746,7464.0,0.01612824026122643,1833.3665913149944,7048153.342300465,30960.0,0.024659473754338367,67.62838584837698,111214.49988653632,640.0,0.10203053166931206,1154.80861376513,110930.1793649644,640.0,0.05152984030868971,268.64851637717055,101173.51842347246,640.0,0.03378581793486373,160.33977726523517,140466.3835325998,640.0
Run1501_best_total_exploratory,Run1501_best_total_e4877,0273,test,0,0,0.018715020023135114,9.645074123859247,27537.529627219654,39870.0,0.008975355916491321,0.023612055720054297,0.5747309690935045,7134.462187523515,1530.0,7.943394655185314,14247.495927952314,31295.0,0.0064293673148809105,0.24469812493906018,5919.624587127943,7974.0,0.010365310727630275,0.00033025659030099414,3.0738795188038472,7974.0,0.022603050343198306,0.027773100781066498,54.36135401305505,7974.0,0.01651003377301925,0.8938786754809565,3279.3113599931303,7974.0,0.029542511116414528,208.20191674350036,238555.7605239939,7974.0,0.02336299435879215,637.2231813925553,1167439.9699501886,9288.0,0.049175013758372396,36.21764309304346,14977.219837259432,192.0,0.05855053029655934,205.5147460194775,59948.91439543975,192.0,0.10260690351107574,137.3632026027022,13047.197743123425,192.0,0.029225058565282038,35.99192003506141,42139.97125205793,192.0
Run1501_best_total_exploratory,Run1501_best_total_e4877,0274,test,1,1,0.01843593507377014,9.1131290307741,26812.49196699395,39870.0,0.010000508618063722,0.0227004422525706,0.5701289078578875,5700.709167099896,1525.0,7.319888224425853,14204.822553187225,30000.0,0.005182519973893606,0.17830307782405577,6638.605643079826,7974.0,0.011187399203054752,0.0003188881393841999,2.5478866057872613,7974.0,0.020810537702061645,0.023137783069309907,53.42630531711384,7974.0,0.014711006274934072,0.6868824554655617,3173.9323232513148,7974.0,0.04087055570629159,240.56062041885843,144013.58103962138,7974.0,0.02679892496024237,481.14236378837927,669944.5403294009,9288.0,0.036030387885474774,10.436305180104714,8039.1271043781435,192.0,0.06521055660520927,148.43024253029677,34904.91484123989,192.0,0.13255132816884452,117.19679991454595,6670.334080001455,192.0,0.019332210094667426,15.749134525378395,42139.917419190344,192.0
Run1501_best_total_exploratory,Run1501_best_total_e4877,0275,test,2,2,0.01738846625624437,8.762033790326132,28978.931606637616,39875.0,0.010677078213735034,0.019363683678611906,0.8200650430953302,7193.553061211471,1520.0,5.367333967118251,14314.713486921424,30415.0,0.005006549910427591,0.1501764771520309,5991.351677871726,7975.0,0.011337586293263504,0.00042490766598130556,3.3056232563398753,7975.0,0.023680549517037797,0.030852525993345484,55.01830094971787,7975.0,0.014001960652780336,0.6686282408082392,3410.413274910816,7975.0,0.026358336144655495,190.57456342608583,274301.98421733815,7975.0,0.019161084872606458,595.816828309932,1622828.3133376103,9288.0,0.03867894860449925,34.08608995184967,22783.889472080882,192.0,0.06476880360814459,235.37801230209777,56109.2083343642,192.0,0.08188208606543593,134.29068448938548,20029.40695721828,192.0,0.031829564476561524,42.692837516005056,42139.91236122265,192.0
Run1501_best_total_exploratory,Run1501_best_total_e4877,0276,test,3,3,0.016913305632086286,7.912308745863461,27659.621432649667,39890.0,0.009801475850367888,0.01941298847705358,0.7077399565650737,7367.00164216901,1585.0,4.963839526112697,13171.430341800278,30035.0,0.00539195585934688,0.17145205377160683,5897.25673825728,7978.0,0.01115926076669269,0.00043127857648688286,3.463275439329181,7978.0,0.020348524864688577,0.02346207185894916,56.663121845745565,7978.0,0.017302060936552455,1.046414995160547,3495.491738360891,7978.0,0.04351059341365525,122.14201665213844,64517.13498702919,7978.0,0.03167333961979772,411.6605965541898,410347.30353400996,9288.0,0.04113597747221875,8.244785010228942,4872.3187528081235,192.0,0.07041584507212295,96.31171009907547,19423.983605023146,192.0,0.12627303679312626,64.3993407203794,4038.8727568665536,192.0,0.019830829080288485,16.572019173667286,42139.91781478987,192.0
Run1501_best_total_exploratory,Run1501_best_total_e4877,0277,test,4,4,0.028654049634536927,21.66359374030376,26385.084236309518,39880.0,0.03161543085758251,0.03142999501703428,6.724385993653357,6727.511135766842,1565.0,13.167277369269838,13329.300525209963,30965.0,0.006032505871001908,0.2244933179177556,6168.902584456594,7976.0,0.011528207418457014,0.0003888738332887166,2.926073005089675,7976.0,0.02663399107605073,0.037480295418848425,52.83606983638238,7976.0,0.03396934077774048,3.7082271536306495,3213.602022068932,7976.0,0.06623880167270517,464.3324768617715,105828.862124142,7976.0,0.03753928783550274,476.6318203168713,338229.1033214076,9288.0,0.04069137239922851,6.454233161142167,3897.983309793631,192.0,0.09139223413397984,164.99935266620048,19754.39130841358,192.0,0.15037900371110166,73.20323431018679,3237.0981182694504,192.0,0.02126987576074225,19.064419172804264,42139.91662799523,192.0
Run1501_best_total_exploratory,Run1501_best_total_e4877,0278,test,5,5,0.03018581509104962,25.84058185925297,28359.363144224022,39900.0,0.017602039505070347,0.034620056352263895,1.803814352738441,5821.914933757687,1580.0,18.585556517349687,15506.722998907493,30565.0,0.00805048673537422,0.4222107649749297,6514.559044536438,7980.0,0.01717731430062444,0.0007635728241439292,2.5878550009046863,7980.0,0.03742948802734142,0.05878556463331401,41.960718924176135,7980.0,0.023745118936960477,1.7409627098432277,3087.7403309043484,7980.0,0.05032076225894924,767.0480925458481,302920.156085136,7980.0,0.024876656396930694,941.3313381070506,1521102.5763416477,9288.0,0.039958009673139616,31.97334898334987,20025.364627107207,192.0,0.07712604778586694,331.51098978135116,55730.863976652545,192.0,0.08617518675697047,128.41163922106654,17291.788836518885,192.0,0.046927752339127965,92.80113458731921,42139.92697006929,192.0
Run1501_best_total_exploratory,Run1501_best_total_e4877,0279,test,6,6,0.029079158327449818,22.850456262253342,27022.853827654406,39870.0,0.022166200448814368,0.031354113792843,3.4624544297638273,7046.955901482406,1535.0,13.979931043118906,14220.536089851756,31120.0,0.00878617127347473,0.4430589063361947,5739.342484754405,7974.0,0.014149153941952212,0.0005896756665198689,2.9454541259035043,7974.0,0.032996649392415256,0.046954960492128925,43.1262598286553,7974.0,0.0240795928578381,1.9057836950554696,3286.815512313511,7974.0,0.06513393183257803,643.9917876341982,151797.8912792583,7974.0,0.02944973740888389,839.8729147057866,968390.9505284459,9288.0,0.03286913640798261,12.649643443960962,11708.511767019801,192.0,0.10770512034049752,500.236269898022,43122.35560978951,192.0,0.13479730125562256,176.7721341346187,9728.623811862988,192.0,0.0292983483568217,36.17261748321744,42139.91535643006,192.0
Run1501_best_total_exploratory,Run1501_best_total_e4877,0280,test,7,7,0.020507257427017218,12.087535034375298,28742.370252651355,39880.0,0.0159821687409221,0.022580313887888153,1.5587617082712704,6102.507267090742,1545.0,7.740063073080909,15180.446663151459,29720.0,0.00577717687119418,0.21623472413714293,6478.793067108477,7976.0,0.013785901872179417,0.0005220807371306504,2.747054678566564,7976.0,0.026233157804885884,0.028606032733938462,41.56774716158322,7976.0,0.02007254531667332,1.3218463678536094,3280.772287868972,7976.0,0.034615633675962494,272.5908832826533,227492.3276925804,7976.0,0.02219160187215677,610.5211151156213,1239719.3619899421,9288.0,0.03694064528667839,22.446358855145757,16448.903273474334,192.0,0.07575266041914779,259.87965093967586,45287.30689349423,192.0,0.09454730006041369,126.68402746871419,14171.753800066952,192.0,0.032888269909441215,45.580151504534115,42139.920160133086,192.0
Run1501_best_total_exploratory,Run1501_best_total_e4877,0281,test,8,8,0.02519280701749333,17.425586391269878,27455.811326736806,39885.0,0.022067204123852418,0.027864649580315835,2.7773898084078574,5703.510073601181,1560.0,11.377197282936448,14653.052891519761,29945.0,0.006018687981272543,0.24490316692719244,6760.685639487279,7977.0,0.01534303926960819,0.000569368287326092,2.41863582266359,7977.0,0.025526196145088925,0.030666625661613107,47.064536690691945,7977.0,0.024836365762880147,1.975400771577998,3202.4261615766823,7977.0,0.04556981141715688,458.4364721961008,220762.1927894939,7977.0,0.02401493417853613,973.9084611999037,1688711.0208279933,9288.0,0.04448454959620139,41.199116785175306,20819.46237354171,192.0,0.06421475337002586,306.9892883931061,74448.09413936366,192.0,0.09744091901077784,165.31891607614685,17411.64510263713,192.0,0.02904797080407668,35.5570119293634,42139.9153281757,192.0
Run1501_best_total_exploratory,Run1501_best_total_e4877,0282,test,9,9,0.03629814816467243,38.380103799074774,29129.78014657686,39885.0,0.0598553656236736,0.020568718950185007,29.37616343615511,8199.52887744741,1550.0,5.611874340634346,13264.57836407174,29990.0,0.006203287974514589,0.21477117802606613,5581.258190899145,7977.0,0.012204709376724476,0.0005736210358374802,3.8509704385135777,7977.0,0.02929053077740437,0.034823081751082445,40.589408181637154,7977.0,0.06000942548976702,13.161399886826722,3654.7960480569395,7977.0,0.029692723205456226,185.51198047980452,210412.67722056352,7977.0,0.02356544466034701,814.9575315124491,1467518.8885266248,9288.0,0.0500133159139705,51.87302182158402,20738.161354870368,192.0,0.10611688098646353,586.0475831505657,52043.19205581868,192.0,0.07727057936068574,110.23781279692803,18462.999200165905,192.0,0.038291026791872775,61.78567413631754,42139.92564271146,192.0
Run1501_best_total_exploratory,Run1501_best_total_e4877,0283,test,10,10,0.07520868662928103,185.2987619016014,32759.442944975257,39155.0,0.09746986788018895,0.05633917933278195,102.20453056008299,10757.946818381695,2500.0,38.924850538965956,12263.259563599842,26070.0,0.010822807054855667,0.6182826006418818,5278.459489901704,7831.0,0.02391429123857095,0.002581548103093491,4.514037825311055,7831.0,0.035700858661108864,0.1243503321298932,97.5640064374907,7831.0,0.10823802555785686,42.772612090895365,3650.951387004221,7831.0,0.10744654264013631,3758.9197817581107,325595.32950985106,7831.0,0.08076652099570394,15762.253524979287,2416326.163122027,15480.0,0.11404252852020401,437.1960510463799,33615.73062687011,320.0,0.1576524432805864,1744.9572883092706,70207.48074676926,320.0,0.09550054449365737,268.5920262068298,29449.736956317734,320.0,0.044697655913178466,140.31752558083372,70233.1943800236,320.0
Run1501_best_total_exploratory,Run1501_best_total_e4877,0284,test,11,11,0.059613962639769785,114.20181999646033,32134.90667846381,39150.0,0.08236497892961787,0.038847652903823957,77.51722498678102,11426.49499731365,2560.0,16.50784382950556,10938.575838140794,25760.0,0.01529300027510756,1.2127206425894554,5185.317783530144,7830.0,0.018937689805178123,0.0017421281416751162,4.857648644963495,7830.0,0.04452432085066931,0.17834728531880567,89.96465022450317,7830.0,0.09299672008289579,32.65704579193785,3776.0838717009756,7830.0,0.04704777103822358,920.7721809558952,415981.56440105266,7830.0,0.038276987261937796,3614.3411401024196,2466911.933518054,15480.0,0.051468515775324526,88.80677372056417,33524.53817726036,320.0,0.14862733734530975,1890.6814553237932,85589.59463233863,320.0,0.09944530254755311,289.1925141424729,29242.769439842836,320.0,0.03675894599493901,94.900504911202,70233.19454957594,320.0
Run1501_best_total_exploratory,Run1501_best_total_e4877,0285,test,12,12,0.05550212119546912,111.05730331325783,36051.88365808023,39185.0,0.06319512222206922,0.05184380688410171,47.122052406883164,11799.322777785612,2615.0,33.78121621318489,12568.443953323496,25155.0,0.012789198582184443,0.8973594702339647,5486.302992714013,7837.0,0.01681245420637684,0.0014749425707529342,5.218105817262776,7837.0,0.04797243123761676,0.23450218486883512,101.89747804233417,7837.0,0.06420387274030483,16.55819034804524,4016.894451588754,7837.0,0.0786589603268456,2620.6997655392634,423565.7800973984,7837.0,0.056804115374680844,12227.515913767984,3789471.41155968,15480.0,0.08052477705042622,349.71905416438443,53933.70222549292,320.0,0.10172373541850555,1179.1242970078897,113950.17311168268,320.0,0.09833594866527252,458.1224958291299,47375.84774755291,320.0,0.03770881652377192,99.86843278011929,70233.19567984995,320.0
Run1501_best_total_exploratory,Run1501_best_total_e4877,0286,test,13,13,0.07094269009728849,161.79956468148688,32148.598409944163,39160.0,0.1157808774243726,0.025243871164919433,141.78281458498213,10576.693532131883,2585.0,7.989809972981107,12537.89245308141,25745.0,0.009441588534861545,0.4897047011745377,5493.436812026927,7832.0,0.02279839941969719,0.0024380965481300494,4.690748879033801,7832.0,0.029927298963752506,0.09967257065836534,111.28602111778953,7832.0,0.12948323989386,61.3841464531419,3661.247650786021,7832.0,0.050603495806547015,335.9925682780629,131210.51242554322,7832.0,0.032823019329752276,1497.8851280942672,1390341.3902441612,15480.0,0.04174834414255583,32.09413607978878,18413.959349566812,320.0,0.18437553909728582,1783.9622136047806,52478.21384906466,320.0,0.12286068961784496,240.93173407495357,15961.294435771033,320.0,0.031527176218176765,69.809154221869,70233.16304396547,320.0
Run1501_best_total_exploratory,Run1501_best_total_e4877,0287,test,14,14,0.06331661617959883,125.00023971783372,31179.952706628217,39145.0,0.09323405734987596,0.02936019487434961,91.22191976598187,10494.216975451642,2540.0,11.199241716733987,12991.842608600064,27780.0,0.013765725395985714,1.0000720195131563,5277.5587050459435,7829.0,0.04080486949100258,0.007177992411850098,4.311009784627094,7829.0,0.045160621813539095,0.20816657645128622,102.06836867586802,7829.0,0.10093980684721199,36.563752774531,3588.6063815061534,7829.0,0.05456281471925712,468.9089705708558,157505.24081423788,7829.0,0.0394609888020044,2484.477930589176,1595508.845783609,15480.0,0.052818242646178286,59.92117358979296,21478.91878629893,320.0,0.16916871249402116,1621.298628098553,56653.001930133716,320.0,0.1205847673497556,267.75044017234455,18413.879374171294,320.0,0.04507125311588847,142.67297558070095,70233.19946628052,320.0
Run1501_best_total_exploratory,Run1501_best_total_e4877,0288,test,15,15,0.03957315520303768,49.712566976233084,31744.23258102262,39170.0,0.042813402250328876,0.038078238383337175,18.350123880126528,10011.04740682154,2540.0,16.636712430384236,11473.972721330545,24105.0,0.00726728660445064,0.2764703544242605,5234.847001850586,7834.0,0.017262156155472694,0.0012685664848190144,4.257191156642582,7834.0,0.025726949355925084,0.047914368099635965,72.39176773602672,7834.0,0.04871364359890776,8.168499157827123,3442.239150904539,7834.0,0.05756751964005366,1283.1982523437011,387203.0092174071,7834.0,0.028747154525271826,2062.1256376808274,2495315.100733794,15480.0,0.047415017438751886,72.48879454361116,32243.26765699192,320.0,0.1188582455811048,1251.2378433776505,88568.89777655413,320.0,0.10497942891789294,305.1166648927525,27685.828021737736,320.0,0.036579791391270426,93.97771570226541,70233.19664057004,320.0
Run1501_best_total_exploratory,Run1501_best_total_e4877,0289,test,16,16,0.04012759396046563,56.99446082249305,35395.36611413712,39185.0,0.04055467406095254,0.04346557309923715,19.9240320032616,12114.218427645417,2615.0,22.399054381166643,11856.018374154684,25485.0,0.008264605864101935,0.3458311275216754,5063.138255174116,7837.0,0.020578552282720288,0.0023391594980068965,5.523701464600281,7837.0,0.03283638440828537,0.0718106618078581,66.60061917942427,7837.0,0.04795654163228056,8.797828519546119,3825.4257741714932,7837.0,0.05189542846844939,1389.4827859952084,515934.9717450853,7837.0,0.02247206541302599,2328.0435525748826,4610044.525840376,15480.0,0.04880768510871316,153.67344308218208,64509.31074986173,320.0,0.10483524595016919,1424.632202442929,129624.80620358001,320.0,0.08459724211122063,407.7925755431986,56980.5850690314,320.0,0.053644540265946034,202.11262291631192,70233.1880787086,320.0
Run1501_best_total_exploratory,Run1501_best_total_e4877,0290,test,17,17,0.04671521122984468,70.83588007168579,32459.11392187815,39135.0,0.06519327262814309,0.036343195500777886,48.73280252505854,11466.10256230581,2565.0,12.706677624245694,9620.237440984332,22415.0,0.006910612644630974,0.24300127487591605,5088.332129155842,7827.0,0.014765482960243832,0.0011536029662268098,5.291283737247802,7827.0,0.02469454654836899,0.041139449049483634,67.46155685395314,7827.0,0.07331607531138744,20.900479569766517,3888.282708167679,7827.0,0.05474904004072044,882.6882164684621,294478.9876825686,7827.0,0.03574503479819583,1989.4373162792392,1557036.564680998,15480.0,0.04499195541662399,40.94496992880494,20226.96948080445,320.0,0.12549940004269183,948.7503993045556,60237.74038133286,320.0,0.13621901358723482,319.778942114992,17233.5361431319,320.0,0.030294525084421032,64.45710835434693,70233.21048651185,320.0
Run1501_best_total_exploratory,Run1501_best_total_e4877,0291,test,18,18,0.03287303984648326,35.913428049642576,33233.58019356198,39185.0,0.027605560130751543,0.02907271132212878,8.766847052257717,11504.03786797601,2585.0,9.710006567041232,11488.10646419366,25775.0,0.00873897779289742,0.3716729100141274,4866.7567120122785,7837.0,0.01881756476030851,0.0020619167367439237,5.822966414344689,7837.0,0.03245314330740237,0.06193647611050829,58.80753251258722,7837.0,0.03019954480222672,3.546003654794349,3888.1085845294697,7837.0,0.06571915423095924,968.3469780143075,224205.91719621173,7837.0,0.03744500048199269,2833.088008604196,2020562.9480011866,15480.0,0.05015522483791576,75.18449254357039,29887.934966066307,320.0,0.11019889022049,558.4327076402792,45985.02271969245,320.0,0.09847821675821804,259.0262098970596,26709.35247297465,320.0,0.03799549615941334,101.39256246711648,70233.10336826851,320.0
Run1501_best_total_exploratory,Run1501_best_total_e4877,0292,test,19,19,0.04339510472537888,59.18810865993662,31430.622378569005,39160.0,0.0633533069197961,0.035127139277708594,33.94354824295363,8457.045369554231,2490.0,19.300662512210653,15641.79722118661,27845.0,0.008410810851442477,0.35590522388714374,5031.049957478162,7832.0,0.020517558557779737,0.0012561773656506892,2.984005372070587,7832.0,0.035530378004549536,0.08953890975824316,70.92709068656876,7832.0,0.07046705964903975,14.328354507996858,2885.519527321996,7832.0,0.03573382734294704,843.972935116975,660951.2836346847,7832.0,0.0270457469018279,2037.9577953499952,2786103.3777438444,15480.0,0.05054503979860438,89.43612328894571,35007.07945554924,320.0,0.10021820169380818,1171.309489512847,116621.45371874596,320.0,0.09451886159423124,264.85284063083384,29646.106930632894,320.0,0.0363971456629749,93.04157889098497,70233.19381486115,320.0
Run1501_best_total_exploratory,Run1501_best_total_e4877,0293,test,20,20,0.04825755736112566,89.39696605806708,38387.701480242125,38425.0,0.06409604061693226,0.03211746949278929,58.01361697147825,14121.067779717925,3460.0,13.444250401001053,13033.286800645366,24410.0,0.012498194495715502,0.6888059062885967,4409.631565638391,7685.0,0.026406276475090185,0.004300610813783677,6.167594471784006,7685.0,0.03428144855802622,0.13525724787264054,115.0912261779599,7685.0,0.08152514935444916,23.725939720428713,3569.769843837079,7685.0,0.036920159995355174,769.3668168226268,564425.0787463738,7685.0,0.024449586948659306,2899.3345241136667,4850151.158050549,21672.0,0.02912720583126133,60.850100745570884,71723.85963590027,448.0,0.14249553878007787,2028.3117220963827,99892.33501930036,448.0,0.06857689712214368,300.1418024004646,63822.060975827124,448.0,0.04389071087237791,189.4155850589359,98326.47724655867,448.0
Run1501_best_total_exploratory,Run1501_best_total_e4877,0294,test,21,21,0.04364281657177345,69.99659944513978,36749.497078111424,38455.0,0.050017523633882115,0.03795452245860899,35.03537260537044,14004.331051176632,3655.0,13.494125181890448,9367.369934022772,19640.0,0.011385292177278515,0.6651117958363058,5131.050507382456,7691.0,0.01448716078911928,0.0012516667734260728,5.963787537564554,7691.0,0.03320250670189777,0.14015687648370284,127.13720635410927,7691.0,0.06084764521645279,14.043004384198456,3792.909494132756,7691.0,0.05497334412510517,1183.5861665541388,391647.688122316,7691.0,0.03255128623046596,4040.8018989802313,3813565.8661113027,21672.0,0.05069388062121674,138.00454468294922,53700.99257607713,448.0,0.12275012403378943,1446.4724972684858,95998.90984834841,448.0,0.08091704488273578,306.6886747511279,46840.08896210826,448.0,0.03634821847274878,129.9082438024043,98326.47097354144,448.0
Run1501_best_total_exploratory,Run1501_best_total_e4877,0295,test,22,22,0.07071463295642544,227.1721920741982,45429.35655834118,38390.0,0.088642601194581,0.06072302639746295,115.60491222060836,14712.663583882668,3445.0,52.23401174914401,14165.978085729426,21915.0,0.01374392624089308,0.9229222158018896,4885.887563218935,7678.0,0.02759701823718541,0.004149187468073863,5.448020541056833,7678.0,0.04540224160403059,0.22910049374233643,111.14026662444356,7678.0,0.10583961094721393,41.670904188169935,3719.9444488804634,7678.0,0.07112568716668784,5510.803735280121,1089336.3443230987,7678.0,0.07203131970632688,51318.16943219656,9890731.511965964,21672.0,0.06227360849972565,596.6433299971291,153853.2681119196,448.0,0.17135677842626523,4982.211456650615,169675.67233244565,448.0,0.05046594364044898,354.2138908271998,139081.31612584036,448.0,0.0736378885230213,533.1789795694058,98326.45119395599,448.0
Run1501_best_total_exploratory,Run1501_best_total_e4877,0296,test,23,23,0.039780675205565455,63.54992174268217,40157.87463860362,38425.0,0.0472115744436582,0.033394212628902756,35.038869616761346,15720.020909909268,3620.0,9.819869851475428,8805.688446967908,17445.0,0.008217867466777504,0.31565193432976413,4674.015940582359,7685.0,0.015957345477065607,0.001782048612124024,6.998391785959977,7685.0,0.02505882353174793,0.07439998608792456,118.4817605380388,7685.0,0.05700586283625981,14.73696652799165,4534.913943340381,7685.0,0.04592693436125481,1050.7370897079634,498148.8687632106,7685.0,0.045825949973904975,8728.466101432035,4156377.4147210135,21672.0,0.06655723580252292,266.45162165518593,60148.917246883866,448.0,0.11755143118302047,1540.7653427306948,111501.48695306768,448.0,0.05983932809267726,189.66332357109414,52967.55666439375,448.0,0.03357272533893959,110.82651061836441,98326.4737991952,448.0
Run1501_best_total_exploratory,Run1501_best_total_e4877,0297,test,24,24,0.07634128615704826,229.84024745409982,39437.296508628395,38460.0,0.10639425684448274,0.031941065560100144,184.2269604042155,16274.843304920334,3615.0,10.345103126374786,10139.954913723219,20685.0,0.011563954536276934,0.630549478370015,4715.268412488572,7692.0,0.030014234897712308,0.006155541897086514,6.833004983198556,7692.0,0.026948480893565774,0.10789496843965823,148.57051025700483,7692.0,0.13503230022980114,76.44260816459713,4192.375408757771,7692.0,0.0658474771628747,1722.7917959848714,397332.8883256035,7692.0,0.05347876420990062,14673.432836767392,5130609.99097099,21672.0,0.06640814495350278,331.3609610569796,75137.82915983396,448.0,0.20885507757453323,5478.897611724144,125603.89535434656,448.0,0.1055289899587898,741.939808086686,66623.14199983486,448.0,0.04490160662358406,198.24115188762698,98326.38013462527,448.0
Run1501_best_total_exploratory,Run1501_best_total_e4877,0298,test,25,25,0.0744939265711592,230.988679221091,41624.493561958516,38410.0,0.08829905035313712,0.057741069365126116,115.79605854397752,14851.889574673252,3480.0,37.13341872846368,11137.694193654219,20245.0,0.011327028240962302,0.6221502230065751,4849.1240517434435,7682.0,0.024870040905924363,0.003988651528762341,6.4487137017717036,7682.0,0.04549195676457213,0.17623479450893914,85.15740545166051,7682.0,0.0976318834304109,37.61868317931868,3946.5740360053405,7682.0,0.08987626298605547,6513.4858527360075,806349.7608549924,7682.0,0.09601606275847964,53808.10598278095,5836599.838683283,21672.0,0.12312087741598593,1392.0772394733203,91833.24466902234,448.0,0.1946135180038258,4747.910334726422,125359.28366688924,448.0,0.10815091671857384,985.3214022533145,84239.8347514791,448.0,0.04083400453057436,163.95112704489293,98326.47301019073,448.0
Run1501_best_total_exploratory,Run1501_best_total_e4877,0299,test,26,26,0.05131445432905125,103.88820399367731,39453.61553989724,38405.0,0.06337360317803349,0.04437377076588552,62.25158185785624,15500.067568983713,3500.0,19.871407149674607,10091.969999921042,20310.0,0.01171550919885185,0.6191208295093785,4510.794858982641,7681.0,0.015603962579664106,0.001792448259755669,7.361678178794699,7681.0,0.03160312064817793,0.08559731771265358,85.70382745521009,7681.0,0.08202673699999669,26.399722098334966,3923.633949510868,7681.0,0.054233689727627404,1649.562370804987,560828.9666810607,7681.0,0.02778331017383567,3222.3282563517787,4174474.425740515,21672.0,0.052735059260339195,164.88359303838354,59289.606227599645,448.0,0.15677309631700675,2774.1269669052144,112871.2311935382,448.0,0.08554073694828876,380.74340533438397,52033.90443023339,448.0,0.03418411292924026,114.89974924717535,98326.47088877726,448.0
Run1501_best_total_exploratory,Run1501_best_total_e4877,0300,test,27,27,0.053373483102075375,111.216274371062,39040.669064650356,38445.0,0.0747611933990864,0.03778614602520531,74.79201784170328,13381.438416111261,3550.0,16.624342221072844,11643.38540930202,20135.0,0.010272949364924148,0.5030599131507234,4766.827284546968,7689.0,0.023600564914983014,0.003222048094526828,5.7847849885949705,7689.0,0.03735979440944675,0.1260026811799586,90.27569304175731,7689.0,0.09477194842437099,34.0722015534334,3793.504270540692,7689.0,0.03425980071453834,832.3227474382609,709123.8614883416,7689.0,0.031900509642096786,4431.9124182539035,4355077.88941068,21672.0,0.0471150737140409,136.0752235633226,61299.83515682594,448.0,0.15770927858866202,2848.0087052198433,114505.6251482878,448.0,0.07280630000593317,283.2675234642211,53439.066596359255,448.0,0.040325964496967806,159.89687841521845,98326.47238635694,448.0
Run1501_best_total_exploratory,Run1501_best_total_e4877,0301,test,28,28,0.0500631623746307,97.40729126648836,38864.66311013995,38425.0,0.06873152598638001,0.02817580277046353,74.87446474549955,15849.725978134988,3555.0,7.705709160407941,9706.440933125261,22040.0,0.010965903290526503,0.5509900968927599,4581.998791089999,7685.0,0.022476055487099227,0.003429319155075399,6.788404523059976,7685.0,0.0336741681299308,0.11739543974236573,103.52791677932788,7685.0,0.08676370537782488,30.767390915501476,4087.092694976465,7685.0,0.032711452054880324,506.70668873964826,473540.35086403636,7685.0,0.033840327883081195,7152.366603581522,6245693.127529874,21672.0,0.03510408420619718,114.81028935941143,93167.73042955862,448.0,0.13443312412724182,2301.16385687835,127331.23791469069,448.0,0.06631752228649027,364.45807570153175,82868.78927764764,448.0,0.05482683591470441,295.5675431257114,98326.4535108699,448.0
Run1501_best_total_exploratory,Run1501_best_total_e4877,0302,test,29,29,0.05646465464455487,125.2431536237949,39282.637760827434,38450.0,0.0746003543263765,0.04311509608227059,83.99806999530757,15093.415476379221,3655.0,18.68993148343954,10054.234094013083,18900.0,0.009897712049980687,0.44459033199584486,4538.27056725522,7690.0,0.018579576685294967,0.0023627738558487923,6.8446386769329415,7690.0,0.027000049203695746,0.06513153964059507,89.34335014421923,7690.0,0.09580066917358566,36.80786960504339,4010.546872219696,7690.0,0.05038353273575788,1577.119383436783,621279.9499634388,7690.0,0.037718788357106244,6027.300828766579,4236501.858363023,21672.0,0.038509081104115626,87.72080547955566,59152.935204079135,448.0,0.15786367830800685,2637.3892707383866,105830.24446225094,448.0,0.09650802267987678,483.365880091999,51897.8248374055,448.0,0.04029675612296042,159.6653550899382,98326.48569539761,448.0
Run1501_best_total_exploratory,Run1501_best_total_e4877,0633,test,30,30,0.018678533366384194,9.659680961321888,27687.085238669006,39870.0,0.009556123111374005,0.023270483325331593,0.6453287356588926,7066.714271978597,1530.0,7.813373157564776,14428.718447028814,31295.0,0.006276299411750477,0.23318546285196756,5919.624587127943,7974.0,0.010046900776900439,0.00031027806019112356,3.0738795188038472,7974.0,0.02483034671652568,0.027452367825920528,44.52605737292281,7974.0,0.01609126067920256,0.8491077297657884,3279.3113599931303,7974.0,0.03038817376303976,220.29219501954145,238555.7605239939,7974.0,0.02349687695837886,644.5473745015199,1167439.9699501886,9288.0,0.04930235693149116,36.40546373317595,14977.219837259432,192.0,0.06217339933296728,231.73442205905013,59948.91439543975,192.0,0.10207633723613564,135.9463027014172,13047.197743123425,192.0,0.030047370113072777,38.04583919808283,42139.97125205793,192.0
Run1501_best_total_exploratory,Run1501_best_total_e4877,0634,test,31,31,0.01738693425019447,8.16513339748945,27009.544539876122,39870.0,0.009092399824608932,0.021297296050297704,0.46389012001490576,5611.230034360072,1525.0,6.571229382528596,14487.641523472415,30000.0,0.0052112333178443776,0.18028429939667684,6638.605643079826,7974.0,0.010810615072926381,0.00029776997444028847,2.5478866057872613,7974.0,0.024013339595856362,0.02554196187403326,44.29443097446224,7974.0,0.013443544160990124,0.573621232734387,3173.9323232513148,7974.0,0.03685382248409429,195.59985518871974,144013.58103962138,7974.0,0.028052626995025285,527.2127765045582,669944.5403294009,9288.0,0.03796234245891111,11.585503173227867,8039.1271043781435,192.0,0.05470966834980871,104.47556944831587,34904.91484123989,192.0,0.12911801508248727,111.20421993366088,6670.334080001455,192.0,0.019228055679261762,15.57989126450775,42139.917419190344,192.0
Run1501_best_total_exploratory,Run1501_best_total_e4877,0635,test,32,32,0.016292255479258885,7.7151536756796695,29065.791760428096,39875.0,0.009498615813142354,0.018632314155182596,0.6429345302864831,7126.004735215365,1520.0,5.007993918609383,14425.47746183404,30415.0,0.004744755823910257,0.13488154982190095,5991.351677871726,7975.0,0.011673157311255747,0.00045043282486237763,3.3056232563398753,7975.0,0.024550254734130136,0.02672003100127133,44.33277862389696,7975.0,0.01340559362018903,0.6128851660654704,3410.413274910816,7975.0,0.024095787373116854,159.26164368289932,274301.98421733815,7975.0,0.021082443012013303,721.2975321764255,1622828.3133376103,9288.0,0.04344245960256858,42.99883380585665,22783.889472080882,192.0,0.06425559248931462,231.66264261867025,56109.2083343642,192.0,0.0768390495313215,118.25841637688738,20029.40695721828,192.0,0.029152109970532157,35.812415553608844,42139.91236122265,192.0
Run1501_best_total_exploratory,Run1501_best_total_e4877,0636,test,33,33,0.016383618563698833,7.441310890927487,27722.334063448183,39890.0,0.009687122809109787,0.019340757989137643,0.68496347657404,7299.242690864948,1585.0,4.967237073608583,13279.077543530919,30035.0,0.004727622725275141,0.131806145089092,5897.25673825728,7978.0,0.010953457675979482,0.00041551767473553894,3.463275439329181,7978.0,0.02022320514809614,0.01866177686836155,45.63026779165192,7978.0,0.014644220670764901,0.7496193855585234,3495.491738360891,7978.0,0.050356383846390886,163.60031822562289,64517.13498702919,7978.0,0.030858948935934015,390.76336744541874,410347.30353400996,9288.0,0.03888874102693859,7.368574179199233,4872.3187528081235,192.0,0.06719037657345811,87.69048116422158,19423.983605023146,192.0,0.12761563698674927,65.77607524551011,4038.8727568665536,192.0,0.020179812037433218,17.160420188462012,42139.91781478987,192.0
Run1501_best_total_exploratory,Run1501_best_total_e4877,0637,test,34,34,0.02585610146801944,17.77388597961936,26586.202172912188,39880.0,0.03143773981675824,0.02667658240871024,6.550051422683017,6627.383143723326,1565.0,9.691748612526187,13618.891497220366,30965.0,0.005519908120712527,0.18796267195161448,6168.902584456594,7976.0,0.011397856372630506,0.00038012945023508656,2.926073005089675,7976.0,0.027339490517286215,0.03271882099722227,43.774058265058166,7976.0,0.033278040208301204,3.558832731890101,3213.602022068932,7976.0,0.05349692923742476,302.873889254664,105828.862124142,7976.0,0.03460502374446723,405.03194488826887,338229.1033214076,9288.0,0.03776834070576598,5.560268779877116,3897.983309793631,192.0,0.08694246748504356,149.32329875269272,19754.39130841358,192.0,0.15692443228636302,79.71443929007012,3237.0981182694504,192.0,0.022253980113670892,20.869356756990783,42139.91662799523,192.0
Run1501_best_total_exploratory,Run1501_best_total_e4877,0638,test,35,35,0.019972693959446633,11.249867824113075,28201.62446117591,39900.0,0.010267065106554054,0.023342951255215915,0.6170654021145665,5853.809226676062,1580.0,8.363839804457239,15349.49811144136,30565.0,0.006717124475899855,0.2939353485739082,6514.559044536438,7980.0,0.013304667058121455,0.00045808699349121314,2.5878550009046863,7980.0,0.026289061285690946,0.031173027668626972,45.10542999061808,7980.0,0.017782563455772744,0.9764038982769414,3087.7403309043484,7980.0,0.02858358775369533,247.4922769343805,302920.156085136,7980.0,0.021077993035967225,675.7981760360566,1521102.5763416477,9288.0,0.043644904223981394,38.14586980606066,20025.364627107207,192.0,0.04783832806482322,127.54039608889371,55730.863976652545,192.0,0.0825463732964006,117.82458470033507,17291.788836518885,192.0,0.038857725749070364,63.62803864587204,42139.92697006929,192.0
Run1501_best_total_exploratory,Run1501_best_total_e4877,0639,test,36,36,0.01778237522696107,8.495430579375576,26866.175984448146,39870.0,0.011066909429427944,0.020774868732001187,0.8666545510907555,7076.089388982972,1535.0,6.068294841375042,14060.154634442904,31120.0,0.007588856875521915,0.3305330306116164,5739.342484754405,7974.0,0.011698817920539279,0.00040312174620734997,2.9454541259035043,7974.0,0.024567111338738144,0.027943002521346613,46.29828263278694,7974.0,0.0173530500523654,0.9897533192241951,3286.815512313511,7974.0,0.026590500984039644,107.32941894297879,151797.8912792583,7974.0,0.025669112791232303,638.0760428548169,968390.9505284459,9288.0,0.04627320610600387,25.070377836230044,11708.511767019801,192.0,0.07724827247147122,257.32384288445735,43122.35560978951,192.0,0.10301356813705241,103.23816366708846,9728.623811862988,192.0,0.02762542472327484,32.15967020376229,42139.91535643006,192.0
Run1501_best_total_exploratory,Run1501_best_total_e4877,0640,test,37,37,0.017296362968980447,8.544989307022455,28562.8765342791,39880.0,0.008993023506553977,0.02070232651932885,0.4958496072890255,6131.101648243674,1545.0,6.43111360111486,15005.410231953592,29720.0,0.005001183890691362,0.16204653758640405,6478.793067108477,7976.0,0.01211275604586684,0.00040304472812319956,2.747054678566564,7976.0,0.024921850748738116,0.02759332559242466,44.42663951371189,7976.0,0.01581113379527415,0.8201666679577447,3280.772287868972,7976.0,0.027519826023784538,172.28922699468032,227492.3276925804,7976.0,0.020785246708683907,535.591593066813,1239719.3619899421,9288.0,0.042199410768200454,29.29204688814063,16448.903273474334,192.0,0.054280887343982155,133.43518815151987,45287.30689349423,192.0,0.08660790889456577,106.30133157470802,14171.753800066952,192.0,0.03391182887102124,48.46141965226889,42139.920160133086,192.0
Run1501_best_total_exploratory,Run1501_best_total_e4877,0641,test,38,38,0.0232892246854048,14.855023810745289,27388.187389710034,39885.0,0.010837396602346037,0.028815561396572653,0.6735660271153818,5734.957983285975,1560.0,12.084570838661794,14553.822088679106,29945.0,0.006157178183450928,0.25630329308656724,6760.685639487279,7977.0,0.013852896872890753,0.0004641428699009295,2.41863582266359,7977.0,0.025531442672212086,0.033533216775818886,51.44278889832624,7977.0,0.017755486817737656,1.009588264009008,3202.4261615766823,7977.0,0.044414181269784435,435.4798058880475,220762.1927894939,7977.0,0.022024797729063905,819.1797252432857,1688711.0208279933,9288.0,0.04343611403157319,39.279996427361425,20819.46237354171,192.0,0.048940756030684957,178.31789647083292,74448.09413936366,192.0,0.09648227899261866,162.08204705984565,17411.64510263713,192.0,0.031277307202272696,41.22421268517883,42139.9153281757,192.0
Run1501_best_total_exploratory,Run1501_best_total_e4877,0642,test,39,39,0.014792202827532358,6.3440941486859455,28993.71817481273,39885.0,0.008321276983150444,0.01739099478621487,0.5695583547624036,8225.423552597853,1550.0,3.9709888029976304,13129.549132255197,29990.0,0.005072745329253047,0.1436210947848488,5581.258190899145,7977.0,0.009891876820964424,0.00037681448076680744,3.8509704385135777,7977.0,0.020471435788279178,0.018456000173812378,44.03935793643122,7977.0,0.012982193203835167,0.6159696055770791,3654.7960480569395,7977.0,0.024158252115244735,122.80128765747216,210412.67722056352,7977.0,0.02052547532524114,618.2585716719124,1467518.8885266248,9288.0,0.04642463451369275,44.69585361116998,20738.161354870368,192.0,0.05575618272903744,161.78937283685002,52043.19205581868,192.0,0.0707953272730934,92.53615252032323,18462.999200165905,192.0,0.03214282050811285,43.53732393349037,42139.92564271146,192.0
Run1501_best_total_exploratory,Run1501_best_total_e4877,0643,test,40,40,0.018205341050685567,8.687057243844524,26210.48425503066,39890.0,0.013256079065053158,0.01984409223129895,1.078766461367407,6138.994783973573,1495.0,5.636911469984256,14314.584294874528,31915.0,0.006100070753534568,0.2319760761421382,6234.095535677058,7978.0,0.013502718542500668,0.00045244337381416204,2.48154298278521,7978.0,0.023517494861491555,0.029532736827358283,53.397580570350975,7978.0,0.01728565476976029,0.962579331834659,3221.5498979635154,7978.0,0.04627727713594283,133.6205920426194,62393.27693974294,7978.0,0.029048359477682712,487.22539106131757,577413.1789717526,9288.0,0.03444688103936631,8.418829407076831,7094.9918172310545,192.0,0.06540929298149573,103.7180970385473,24242.40097956486,192.0,0.11429702014625386,78.54998185730986,6012.793280566675,192.0,0.022245809672343415,20.854034410146596,42139.91462174845,192.0
Run1501_best_total_exploratory,Run1501_best_total_e4877,0644,test,41,41,0.01932009720506749,10.49160738542722,28107.577438803775,39885.0,0.009448617585784573,0.022996475404580417,0.6124962715745771,6860.675923477129,1545.0,8.306442696833292,15706.973714894582,32330.0,0.006975119507630962,0.2862863196413557,5884.333646271141,7977.0,0.01151098712214713,0.000417656015970392,3.152053682355212,7977.0,0.030075684472129105,0.03389526628240256,37.472098088002674,7977.0,0.017906386397559697,1.0042254389757543,3131.953569467242,7977.0,0.024366695597947494,197.92803889854957,333360.42862172925,7977.0,0.02602698723140906,767.3187612825825,1132734.2153249925,9288.0,0.04958300239096381,35.28176104067252,14351.080886341642,192.0,0.06751254327307692,225.93453928747522,49569.403246700225,192.0,0.10144757217053373,127.28825286084576,12368.157567802613,192.0,0.02223092417992435,20.826138341469232,42139.920697014735,192.0
Run1501_best_total_exploratory,Run1501_best_total_e4877,0645,test,42,42,0.018649744385933423,10.507332835559303,30209.721525478762,39875.0,0.010599469135107604,0.02243280583456963,0.7537593418488682,6709.103297071934,1535.0,8.282578889013148,16458.80827942399,31180.0,0.006388692897643406,0.25313823119267753,6202.0279151596305,7975.0,0.01087539145802664,0.00036282325520823456,3.0676465468716327,7975.0,0.028473823914303538,0.031663170705338,39.05375634490171,7975.0,0.017215933038194554,0.9937916761264518,3353.0051868336504,7975.0,0.02517568940993686,221.6370918474961,349687.170404677,7975.0,0.02093283644867953,763.6768881675316,1742823.819375858,9288.0,0.04501193636757485,44.57660363528852,22001.464157967934,192.0,0.060472312492484734,298.48543919007375,81622.51961958302,192.0,0.09913448055522453,183.08262811599923,18629.348510142132,192.0,0.03599236969961925,54.590184495707035,42139.91739093661,192.0
Run1501_best_total_exploratory,Run1501_best_total_e4877,0646,test,43,43,0.014278814855262223,5.566075433269459,27300.133006912838,39870.0,0.01034443163064007,0.014635387024300655,0.7042855791202507,6581.661292919629,1520.0,3.222505755842362,15044.76050126554,32175.0,0.004190076386928899,0.10603032217726469,6039.294390782596,7974.0,0.011457549864722796,0.00040741979963505957,3.1035490873645095,7974.0,0.020605103057695716,0.018251396723695943,42.98792903453901,7974.0,0.014349648834697701,0.6762209942040178,3284.02234644069,7974.0,0.030803821628024013,80.6844263409022,85031.63223991933,7974.0,0.026516262498412324,451.83054750634165,642615.1649204479,9288.0,0.0422947001611573,15.428867133838502,8625.060263290397,192.0,0.07032294785729204,149.59817871279972,30250.473094805573,192.0,0.1087453802810842,89.55049744840346,7572.62358987625,192.0,0.021845677874596025,20.110590624363795,42139.926574509795,192.0
Run1501_best_total_exploratory,Run1501_best_total_e4877,0647,test,44,44,0.017900364265082847,8.278503816588882,25836.168945075326,39870.0,0.00898173025770452,0.0206867406911189,0.4824647920388607,5980.61175368643,1515.0,6.185284933304039,14453.584625801635,31320.0,0.005665276136235328,0.19948941345732896,6215.523135318731,7974.0,0.012893006129865532,0.0003969854735295876,2.3881754913548754,7974.0,0.02391313859506589,0.0265254582457513,46.386300116458976,7974.0,0.018034795888453893,1.0168093093731494,3126.2021019919744,7974.0,0.066132446410443,129.5807918144297,29628.621914122934,7974.0,0.0392580059362713,334.9556366905961,217335.5736897413,9288.0,0.03878927212472134,3.5650426095421395,2369.41680595134,192.0,0.08836724972559537,112.06715265530669,14351.4459804517,192.0,0.17687515364874168,59.662356354350266,1907.070470464544,192.0,0.017371681311948165,12.716786241137925,42139.91586505261,192.0
Run1501_best_total_exploratory,Run1501_best_total_e4877,0648,test,45,45,0.021044327429352222,14.034051733896478,31689.323818236742,39170.0,0.021084696386266897,0.022273505728426506,4.494438461358386,10109.757420895534,2540.0,5.640203053443593,11368.877404926467,24105.0,0.005834793801575739,0.17821941713639713,5234.847001850586,7834.0,0.013943151542891762,0.0008276468118986577,4.257191156642582,7834.0,0.018960544915485104,0.02901387592959335,80.70568359642236,7834.0,0.025836239877255893,2.297733499534192,3442.239150904539,7834.0,0.0247140166067768,236.49686721814584,387203.0092174071,7834.0,0.0228548529442771,1303.4136273190077,2495315.100733794,15480.0,0.04879599922500835,76.77281763461127,32243.26765699192,320.0,0.07498933736004522,498.05840332245504,88568.89777655413,320.0,0.07554804010124502,158.01703960284917,27685.828021737736,320.0,0.03696055901182838,95.94437052093872,70233.19664057004,320.0
Run1501_best_total_exploratory,Run1501_best_total_e4877,0649,test,46,46,0.019655999895007322,13.670500210078233,35382.95691417514,39185.0,0.012370911337775273,0.025475424463341674,1.8672356016615574,12201.008526060908,2615.0,7.644940156714407,11779.61869332284,25485.0,0.0062017013100564705,0.19473386238750579,5063.138255174116,7837.0,0.012667037736344814,0.0008862991387044874,5.523701464600281,7837.0,0.021136871514070423,0.03374137921197583,75.52337959207416,7837.0,0.019153984489633912,1.4034535469474854,3825.4257741714932,7837.0,0.02410859010756291,299.8738483687905,515934.9717450853,7837.0,0.018883186763845795,1643.8254390617353,4610044.525840376,15480.0,0.036788798410400614,87.307913221965,64509.31074986173,320.0,0.0561754425910364,409.05445384793074,129624.80620358001,320.0,0.06537019423083484,243.4929856528488,56980.5850690314,320.0,0.05225419378072413,191.77177396506886,70233.1880787086,320.0
Run1501_best_total_exploratory,Run1501_best_total_e4877,0650,test,47,47,0.018729035878121903,11.354080513287716,32368.392097978896,39135.0,0.010704706287290882,0.0263081569678089,1.3243966076432114,11557.623642330404,2565.0,6.572050551207574,9495.548284107272,22415.0,0.005723762841998651,0.16670119496791927,5088.332129155842,7827.0,0.011395662390499025,0.0006871320393319352,5.291283737247802,7827.0,0.017898795527432707,0.024115981646623586,75.2761382396712,7827.0,0.015554247907110342,0.9407102303876986,3888.282708167679,7827.0,0.03168545017055443,295.6474074252909,294478.9876825686,7827.0,0.02371889274204881,875.9667748920031,1557036.564680998,15480.0,0.03397094174892106,23.342426094771724,20226.96948080445,320.0,0.07803841773727013,366.8475162249275,60237.74038133286,320.0,0.10456057294690824,188.41275848688804,17233.5361431319,320.0,0.027992603253513132,55.03374901785082,70233.21048651185,320.0
Run1501_best_total_exploratory,Run1501_best_total_e4877,0651,test,48,48,0.01762691834673284,10.301654471506879,33155.394033359546,39185.0,0.012764218966200535,0.019776725076028363,1.8841140745225504,11564.282763557658,2585.0,4.456351819845622,11393.855770236281,25775.0,0.006329685079755588,0.19498618527550862,4866.7567120122785,7837.0,0.011593927557808085,0.0007827182320885834,5.822966414344689,7837.0,0.02277463637804731,0.034658707223458235,66.8204592206712,7837.0,0.018512461568045244,1.3324984882408863,3888.1085845294697,7837.0,0.024408076301818366,133.57161431338665,224205.91719621173,7837.0,0.016794321144771536,569.8982089278778,2020562.9480011866,15480.0,0.030974698741679154,28.675440088739368,29887.934966066307,320.0,0.08039701277649011,297.23245617348664,45985.02271969245,320.0,0.06282002613378126,105.4046049329651,26709.35247297465,320.0,0.03578171002825449,89.92160349380447,70233.10336826851,320.0
Run1501_best_total_exploratory,Run1501_best_total_e4877,0652,test,49,49,0.02638119011814069,21.662452023537206,31125.67987543439,39160.0,0.02408072024723611,0.030523968865671946,4.96122940103885,8555.597874993402,2490.0,14.304771391361736,15353.200370021481,27845.0,0.007599832907758791,0.2905806678133266,5031.049957478162,7832.0,0.01582258674527046,0.0007470584308345491,2.984005372070587,7832.0,0.023345195021214356,0.04131209981571708,75.80227802224401,7832.0,0.029165264991279815,2.454459504132126,2885.519527321996,7832.0,0.02903401205904483,557.1646523554546,660951.2836346847,7832.0,0.020624369781068425,1185.1098292570116,2786103.3777438444,15480.0,0.044069070098983774,67.98665176846245,35007.07945554924,320.0,0.059682826190146115,415.41025292102387,116621.45371874596,320.0,0.09098372727433837,245.41161836327439,29646.106930632894,320.0,0.037736434022497815,100.01476865070526,70233.19381486115,320.0
Run1501_best_total_exploratory,Run1501_best_total_e4877,0653,test,50,50,0.01799311020216892,10.91085490861928,33701.272614882044,39155.0,0.015478230061236527,0.019198233032348563,2.7322057751892252,11404.357157899953,2505.0,4.646609532717114,12607.055397417158,26325.0,0.007152015476800458,0.24724167913612188,4833.534171352902,7831.0,0.012520002606305917,0.0008361695855930584,5.3343993856473855,7831.0,0.0204139577842782,0.029494037738419177,70.77498841698637,7831.0,0.0212101855817978,1.6221354241758945,3605.7712496968174,7831.0,0.018926804261476214,133.86269163267102,373684.40331956086,7831.0,0.020602830897823676,1146.158051638744,2700167.549684047,15480.0,0.033914784658780735,42.7065118760469,37129.232622697775,320.0,0.07514192679577385,434.36006930468056,76928.14133934096,320.0,0.07148476602404433,165.11905814654887,32312.473379029623,320.0,0.036939843411525994,95.83684797656406,70233.194323491,320.0
Run1501_best_total_exploratory,Run1501_best_total_e4877,0654,test,51,51,0.02027730184739427,13.119135647157606,31906.920506297767,39170.0,0.01368726476064884,0.02593135503418242,1.9146775388995354,10220.268520517071,2610.0,6.891924530696706,10249.202894361455,22890.0,0.005794857143775526,0.19279741882207657,5741.372794426514,7834.0,0.011778302006407107,0.0006205095762537212,4.472837461615512,7834.0,0.021629624851251215,0.03695441847197311,78.98932424306489,7834.0,0.02099360450348959,1.6395147233264697,3719.9859405180596,7834.0,0.0313250254784071,252.09485070747584,256910.05911101712,7834.0,0.02387378979331836,1070.8769463602275,1878870.4583124397,15480.0,0.046146714882080074,50.235054897704785,23589.856654325456,320.0,0.06694489346483158,342.1469189013244,76344.49451109322,320.0,0.09241753321797018,170.53390945345825,19966.50281542076,320.0,0.031992265827223004,71.88403321131136,70233.19681014257,320.0
Run1501_best_total_exploratory,Run1501_best_total_e4877,0655,test,52,52,0.021621364117239802,17.12160042644633,36625.04578465462,39115.0,0.013717999537511582,0.028212382193682793,2.044929435188533,10866.677005548967,2510.0,11.039847772326938,13870.226967166913,25445.0,0.007060395449750707,0.2673414859511103,5363.0062720909955,7823.0,0.013121322139767706,0.0008576704168732919,4.981558498578893,7823.0,0.021855419217975822,0.029371371871323812,61.49020619175088,7823.0,0.019379874612996378,1.3696969563094517,3646.889168278616,7823.0,0.027840316750000742,491.69803019185264,634380.9372780382,7823.0,0.018876251344439307,1297.135999284034,3640441.1048839553,15480.0,0.03560807424759831,66.56412096159643,52498.05668375944,320.0,0.0681326553739523,482.05176778114134,103844.39232570409,320.0,0.06839669599056918,217.3562108861294,46462.41810666776,320.0,0.044553470000319416,139.41366311895854,70233.16985318116,320.0
Run1501_best_total_exploratory,Run1501_best_total_e4877,0656,test,53,53,0.019283412102278723,12.42609797636913,33416.96535602681,39145.0,0.012253324280659327,0.025526168914390756,1.6779181945917447,11175.39620048109,2590.0,7.252597094224209,11130.69478453629,24005.0,0.005823959688792731,0.1858890181277903,5480.460006845787,7829.0,0.011613056769583708,0.0006682165174629484,4.954776949597841,7829.0,0.018798524150758555,0.027730611238796804,78.47149615992392,7829.0,0.016786150405480253,1.1358420631486716,4031.027189079077,7829.0,0.031129164401964206,311.6033803384612,321563.86067971925,7829.0,0.02132626976389304,1140.9510528659794,2508633.4945183024,15480.0,0.038472414642360654,49.26901661859671,33287.02671485442,320.0,0.06072177095445138,353.44921762736215,95860.16365009826,320.0,0.08828175461926341,221.73120751286567,28450.172866110377,320.0,0.03718237112672311,97.09940058029588,70233.18864385854,320.0
Run1501_best_total_exploratory,Run1501_best_total_e4877,0657,test,54,54,0.01687624261176538,9.07756615825797,31872.630097101992,39175.0,0.011526586491754047,0.018565005730874534,1.361420148053533,10246.858681284855,2605.0,3.9579926318408756,11483.77847201816,23995.0,0.005331477247697416,0.159101957097689,5597.32341814332,7835.0,0.011779781848606072,0.0005951375080605825,4.288869448165327,7835.0,0.018044136681786695,0.026535271328843455,81.4988191888651,7835.0,0.01572756642345095,0.912009793981182,3687.0280879756265,7835.0,0.026812196072788442,177.47774376339305,246876.14413134614,7835.0,0.023278478499062658,1062.99394069423,1961650.3805306149,15480.0,0.047254296084359035,52.86391101734859,23674.27532209172,320.0,0.062157773974180534,325.81096007368757,84328.57931373641,320.0,0.09965771207941382,195.8477218145357,19719.536327039543,320.0,0.03759172796981274,99.24919542759199,70233.19350403312,320.0
Run1501_best_total_exploratory,Run1501_best_total_e4877,0658,test,55,55,0.019934611106753,12.642456316600713,31813.82782409415,39130.0,0.010669693537379543,0.024559892993243803,1.2169133103840069,10689.459603989359,2540.0,6.540146103673704,10842.626802173441,23975.0,0.006672627537426195,0.2357062749823758,5293.920042819598,7826.0,0.013590194425442976,0.0008801643980778729,4.765543716462512,7826.0,0.020180326113310495,0.027517593557393454,67.57002683977753,7826.0,0.01743090755994492,1.1373366900394772,3743.2518688038285,7826.0,0.032742405618862255,293.4335075664259,273708.6586713328,7826.0,0.02542620063485925,995.796726005455,1540308.651722646,15480.0,0.044027036493761044,40.98027470351553,21141.507816207777,320.0,0.07902296990825339,379.9016634521415,60836.53911515839,320.0,0.0925720914930216,159.598589562173,18623.82564585749,320.0,0.023054619476904126,37.33003336272486,70233.20076616836,320.0
Run1501_best_total_exploratory,Run1501_best_total_e4877,0659,test,56,56,0.018777048025252867,12.361992971900666,35061.771754855625,39135.0,0.013241878643069485,0.0223532131495376,2.090459164926211,11921.817837296547,2475.0,6.467053720849592,12942.749623436006,26240.0,0.006713015468834403,0.22881525693931706,5077.497089114883,7827.0,0.010512542657196632,0.0006337995946000827,5.735039519681722,7827.0,0.021690395551363425,0.027771809416264046,59.029517352349934,7827.0,0.018392120918796724,1.2799119826649605,3783.698108909373,7827.0,0.026826409577544,283.01867722586604,393269.25445661304,7827.0,0.018721163411718273,954.2736461341275,2722746.8356073704,15480.0,0.03473688392187124,45.93070431161895,38064.610504612705,320.0,0.06407515029520608,341.2473543708101,83117.03185261873,320.0,0.0745570399908376,184.8054848015704,33245.85765778969,320.0,0.032564502261664165,74.4785592431399,70233.18728755109,320.0
Run1501_best_total_exploratory,Run1501_best_total_e4877,0660,test,57,57,0.027983507563445746,23.368948440777313,29842.477210053778,39175.0,0.018210338202798677,0.03702649636473732,2.7579919533186947,8316.813668155612,2530.0,16.898172976152207,12325.78289134245,25545.0,0.007374165295821014,0.3225138664007406,5930.928044717921,7835.0,0.016629061900252536,0.0008818369712091368,3.1889873969105285,7835.0,0.02870779224310504,0.06036685570991164,73.24853894071481,7835.0,0.024717323107273897,1.9776172933521314,3236.975271118632,7835.0,0.041011376728375175,612.2239754696386,364000.2115236402,7835.0,0.021848037111094596,880.8420056643752,1845326.28312403,15480.0,0.04061008666633144,37.98175867263976,23030.70526018729,320.0,0.06956321404134232,354.7113847733063,73302.00410843518,320.0,0.09798070786523543,185.8417792903872,19358.07684053544,320.0,0.03667115947555306,94.44777609811172,70233.19940974208,320.0
Run1501_best_total_exploratory,Run1501_best_total_e4877,0661,test,58,58,0.01703732628757983,10.212473046041861,35182.60898844127,39135.0,0.013169935799639234,0.019288608035548323,2.172118762221194,12523.226952814388,2555.0,4.183279016273404,11243.85034083184,25950.0,0.005217595116291694,0.13840767045676772,5084.162337784689,7827.0,0.011649950435961556,0.000782002181410769,5.761821624202136,7827.0,0.02111923181302712,0.031121719381296643,69.77620544406207,7827.0,0.01623629386735326,1.0645354566795027,4038.186055459698,7827.0,0.02257653874013031,189.55973755956433,371904.4532410985,7827.0,0.021536619047704517,2431.9534378047915,5243245.629834085,15480.0,0.028394081772564514,62.69964848086772,77769.52538747418,320.0,0.0734211658445888,606.7520178582079,112556.00670609907,320.0,0.05828777932037384,234.07995196308815,68898.41011939888,320.0,0.06655645618573297,311.1163360350165,70233.19669711958,320.0
Run1501_best_total_exploratory,Run1501_best_total_e4877,0662,test,59,59,0.0275504996485648,25.723531933628017,33890.00551614021,39175.0,0.03680043050851043,0.023120125445839298,15.134879034746916,11175.659356645789,2625.0,6.118203278478659,11445.73087534379,23275.0,0.007111185785786098,0.2686643681413503,5312.831245005695,7835.0,0.011941256797729581,0.0007176265526296727,5.032669647365978,7835.0,0.019862335471537058,0.02758254473040626,69.9155382721387,7835.0,0.043888960700952336,7.235693806472451,3756.380582443429,7835.0,0.025185139772332162,244.99614237082847,386251.7990609623,7835.0,0.019099048227083117,1036.173976129774,2840594.4220514805,15480.0,0.03918473424264594,59.62304740632092,38831.159453303335,320.0,0.08030453691201536,514.7309011776224,79817.85955248069,320.0,0.06848248096335738,159.04256432806866,33912.07769610361,320.0,0.03849991245103674,104.10268318152885,70233.19726223525,320.0
Run1501_best_total_exploratory,Run1501_best_total_e4877,0663,test,60,60,0.01943914985154387,15.489112406503112,40989.4410587923,38455.0,0.014005356521830027,0.027009388860887936,3.006012670747017,15325.07008676555,3665.0,6.585132683592267,9026.824830358426,18580.0,0.006027717959922901,0.18089068117172846,4978.6356851776745,7691.0,0.013409430978811313,0.0012501868746147313,6.952711943970246,7691.0,0.01749450827305432,0.031609579028126535,103.27976281560618,7691.0,0.01890456406638346,1.5534867905227818,4346.845762195902,7691.0,0.02452000424143093,358.5143000458612,596300.8124928762,7691.0,0.01788695449438606,2038.908877068418,6372722.572388556,21672.0,0.03302529318006643,101.89288325053721,93422.2855853629,448.0,0.06295780249443929,597.6943829984407,150792.60810139982,448.0,0.05921554408388583,290.58819427463675,82871.75158105174,448.0,0.0500197300754033,246.01020567065098,98326.46741316364,448.0
Run1501_best_total_exploratory,Run1501_best_total_e4877,0664,test,61,61,0.026194457753786867,25.96988887175741,37848.72603257975,38425.0,0.03140777494305138,0.024971890042484728,12.521421954873357,12693.43929505268,3440.0,7.5275970160938686,12071.285830916022,21130.0,0.007725170374769323,0.299945414693496,5026.04178083008,7685.0,0.014920916289911,0.0011279907594091455,5.066575913252796,7685.0,0.020807303131077617,0.04505337034179703,104.0628453960799,7685.0,0.039761518901570016,5.923841562295457,3746.946585197554,7685.0,0.022016739614729892,307.5220242299888,634410.2809438416,7685.0,0.01902819048448046,1561.8278331747679,4313583.183278977,21672.0,0.03547995405534823,73.00600968292059,57995.26191998169,448.0,0.07534601980994157,703.4665228444538,123914.69258978701,448.0,0.07073731936899963,248.51865794826318,49666.29957463463,448.0,0.04364560802648384,187.30593745383703,98326.47009749155,448.0
Run1501_best_total_exploratory,Run1501_best_total_e4877,0665,test,62,62,0.018367723010648356,13.528141843371145,40098.44259932677,38420.0,0.011587521624553338,0.024721485482674607,2.234580062052233,16642.355860400367,3580.0,4.516012497758151,7389.346098879615,17500.0,0.007443771680473362,0.24501986353177074,4421.964036375168,7684.0,0.012537104083603772,0.0011510056296216622,7.322898000650808,7684.0,0.01670643307396905,0.03240105351210463,116.08915790867155,7684.0,0.016467300818798016,1.2330436591677452,4547.090688524182,7684.0,0.02370715753793899,283.53105470909645,504477.3383910921,7684.0,0.02053423650416276,2450.361800202395,5811297.298959896,21672.0,0.02943567260090839,72.36623383557706,83519.53034880685,448.0,0.06760173760418134,657.8974839541986,143960.2219364001,448.0,0.06491360630625785,307.43228408985834,72958.85291306677,448.0,0.051393771820885815,259.7116622784424,98326.47453388765,448.0
Run1501_best_total_exploratory,Run1501_best_total_e4877,0666,test,63,63,0.022648886031410475,17.994500208001085,35078.91046437655,38415.0,0.025648944539215252,0.02064168040108803,8.623045745150135,13107.555131391857,3465.0,4.432900344289826,10403.940721532932,21910.0,0.007356749554904441,0.23932126688060884,4421.904408373123,7683.0,0.014714955844682388,0.001132114416161408,5.228443197816297,7683.0,0.017517958427012446,0.03370471285001743,109.83067400511065,7683.0,0.03300037897906978,3.881853480201883,3564.521874806027,7683.0,0.02011858470077615,192.4871095134283,475561.6217592296,7683.0,0.01873208616086883,1467.7220381394852,4182842.594680721,21672.0,0.0325528678434128,64.52849765178699,60893.79542381617,448.0,0.07990126895723364,629.9572206443477,98674.22065278079,448.0,0.0629974991082043,214.85430448636868,54137.405773193415,448.0,0.03242168915522117,103.35742407620637,98326.45955766606,448.0
Run1501_best_total_exploratory,Run1501_best_total_e4877,0667,test,64,64,0.01950466651266983,15.444923371497072,40598.379555983185,38450.0,0.013241472156226545,0.02755007300030647,2.562755564768113,14616.205549766588,3575.0,6.967499677774871,9179.762588149419,18015.0,0.007029432476539881,0.27049629268992564,5474.201636574989,7690.0,0.012284853097565449,0.000960431591713693,6.363946234588165,7690.0,0.018799289996149455,0.042249631636829196,119.54737163452351,7690.0,0.01985773307823537,1.6272422095769759,4126.604653149953,7690.0,0.022771081604646113,308.8107367356331,595559.3841100596,7690.0,0.016636161881091707,1531.4543729626848,5533472.894297688,21672.0,0.03691600971614126,107.25173407591488,78700.01578546871,448.0,0.06590299352784668,617.7319586472468,142229.53367545776,448.0,0.060850300192189934,255.32964163703036,68956.59137642747,448.0,0.04485219894567316,197.8052905008144,98326.46444666499,448.0
Run1501_best_total_exploratory,Run1501_best_total_e4877,0668,test,65,65,0.029968333009557282,33.40733049621678,37197.74403407997,38450.0,0.037170458005243046,0.02826032896790444,19.184332907169246,13885.159643092124,3595.0,8.438424576428917,10565.910970886423,20260.0,0.0077886278800248735,0.27710516834599286,4567.96445850355,7690.0,0.011809701990844483,0.0007731903852938465,5.543812936905456,7690.0,0.018984223307934516,0.03767064978612387,104.52434240278725,7690.0,0.04901210510483902,8.588569719999368,3575.313536304615,7690.0,0.026196098363250608,441.91398996482565,643968.3537745433,7690.0,0.01990773492836466,1718.9972622871153,4337420.083746424,21672.0,0.04044478744633078,96.5190243083947,59004.86327085355,448.0,0.0903636607843656,912.7317147992519,111777.78724432053,448.0,0.06531939376959042,219.3935804910476,51420.89424870211,448.0,0.037458598967997435,137.96644859444132,98326.46495472576,448.0
Run1501_best_total_exploratory,Run1501_best_total_e4877,0669,test,66,66,0.027392473616581745,31.571902569689662,42076.368490799294,38455.0,0.029615755099252437,0.03128593360400837,13.313898537814847,15179.575364633401,3620.0,12.565539487994954,12837.572246496242,20780.0,0.008833212468178843,0.3512723412590965,4502.011517856129,7691.0,0.012874146804365199,0.0011522117470793131,6.951769831202523,7691.0,0.024447125198487515,0.05044149467987062,84.39803860379628,7691.0,0.040323886584511325,6.4410526812490705,3961.2484486691997,7691.0,0.024644187499654278,507.7847167298868,836085.3555966725,7691.0,0.022723959195167967,2486.1394618214626,4814569.78012166,21672.0,0.0341010342561023,77.35448905373835,66519.72113228074,448.0,0.0699554678549948,668.2647191307897,136554.24404162884,448.0,0.07040988371806595,285.5235704240986,57593.66442375657,448.0,0.048733242652639695,233.51833244305726,98326.45034761156,448.0
Run1501_best_total_exploratory,Run1501_best_total_e4877,0670,test,67,67,0.02193908949974321,17.33127981597575,36007.53855579609,38425.0,0.021102194389282007,0.02518383707405698,5.762869625864305,12941.4683897545,3535.0,7.313398408864606,11531.224590942144,23310.0,0.007307280329338542,0.268891857415033,5035.772641897347,7685.0,0.014918507204701347,0.0011951827655369556,5.370114989529011,7685.0,0.020821539896798514,0.04127384955094663,95.20270449459373,7685.0,0.027960222929132677,2.7699951580405218,3543.2169953384823,7685.0,0.023675375517012844,251.94612588914737,449483.6848024041,7685.0,0.021083170988665238,2162.25993958412,4864475.721723392,21672.0,0.030341038803727623,66.43034723018336,72161.51304710872,448.0,0.0848974207528971,842.5052263450193,116891.68286388798,448.0,0.06312869420319937,255.6535486234668,64150.22929240296,448.0,0.04121207044230589,167.0011080242648,98326.47854758242,448.0
Run1501_best_total_exploratory,Run1501_best_total_e4877,0671,test,68,68,0.023335912332854102,21.78384454038984,40002.29975223081,38440.0,0.024128665004732104,0.023701736435710736,8.23545674039717,14145.591183846915,3600.0,6.874737975252096,12237.5878127941,20685.0,0.007415774701243835,0.23770984484219734,4322.491167416791,7688.0,0.014673932233682583,0.0012115739284250101,5.626740690458796,7688.0,0.019671886008043094,0.037402238934416354,96.65083312450327,7688.0,0.034107323485182375,4.127802600894743,3548.3270329385064,7688.0,0.019487766856527852,343.6686517243678,904931.6304583258,7688.0,0.018130733880668878,1801.8045081533,5481215.816870126,21672.0,0.030114428179114472,71.87482458381722,79255.16155842404,448.0,0.08509198659082194,961.5462986731723,132798.4097699981,448.0,0.06274669451163682,277.56765353903273,70499.68064530278,448.0,0.04670262319491091,214.46334364194445,98326.48705173927,448.0
Run1501_best_total_exploratory,Run1501_best_total_e4877,0672,test,69,69,0.019557075522346153,18.025233759260015,47127.35651638659,38445.0,0.014133771371525418,0.025602253555276785,3.475632141837546,17398.735306762886,3660.0,8.508522939126255,12980.690208151902,21670.0,0.00856355834040746,0.3067188959384989,4182.462066311191,7689.0,0.012575009424601673,0.0012671785303051352,8.013480190060429,7689.0,0.02321483140274015,0.046920934469589046,87.0633923277378,7689.0,0.02096680775878198,1.8410804287604228,4188.014097131151,7689.0,0.019156329731767632,366.3782482976694,998401.153939935,7689.0,0.025050681660935947,5127.5819456077215,8170968.073180256,21672.0,0.03752615044561731,171.64270377772203,121886.97992023636,448.0,0.08081793236239308,1188.5481163744018,181970.62951444738,448.0,0.052609517086383284,302.16281166596013,109172.28048864227,448.0,0.08937266017423147,785.3801227707008,98326.489877629,448.0
Run1501_best_total_exploratory,Run1501_best_total_e4877,0673,test,70,70,0.019448925936860068,13.82124489567484,36538.937725581054,38415.0,0.015225482694630157,0.022892923685853266,3.3052267490243246,14258.016692745412,3515.0,5.736049510028246,10944.864018103024,21670.0,0.00735844842639232,0.2537702218392398,4686.71083248809,7683.0,0.012952537635999122,0.0009804403108955345,5.844016497120704,7683.0,0.020725330550365118,0.038812122859992026,90.35755394808807,7683.0,0.019792288278004257,1.5159097654796203,3869.7359747322516,7683.0,0.023192787732105372,251.53449706125056,467618.46183033835,7683.0,0.01803642612033129,1624.274549517131,4992964.348811085,21672.0,0.0310710671508379,73.07823811320601,75696.48773666564,448.0,0.07590951252781973,670.1266318194466,116295.91841936471,448.0,0.059596023344289296,241.32228722184126,67945.83961728272,448.0,0.04264080433911404,178.78097220056134,98326.48589332719,448.0
Run1501_best_total_exploratory,Run1501_best_total_e4877,0674,test,71,71,0.019741634179131426,14.009054317122613,35945.34193094127,38400.0,0.016858122077459743,0.022652589230792636,3.7486485303962898,13190.350453142499,3430.0,5.681040993095605,11071.136960585638,22195.0,0.00667085151339804,0.21709901284752817,4878.601007455678,7680.0,0.014275948857107154,0.0011029964124828376,5.412079070249564,7680.0,0.02281772563223522,0.050998291734900586,97.95146176962173,7680.0,0.021680453988428924,1.721027710285205,3661.4332305086127,7680.0,0.02064619010871277,185.4782606099759,435124.13258688117,7680.0,0.020935071353278593,2205.0896664156867,5031266.977128696,21672.0,0.032766329101768576,81.77263048472133,76164.46407933123,448.0,0.08297185713372095,849.2914600572878,123365.90111462011,448.0,0.060349124851179554,250.15874435710333,68686.87138625844,448.0,0.03860434569977015,146.5355574905234,98326.51095795873,448.0
Run1501_best_total_exploratory,Run1501_best_total_e4877,0675,test,72,72,0.027355342260830504,28.605188873463934,38226.145970721904,38465.0,0.030807005059575645,0.02869014370003817,12.695579674337191,13376.841325251286,3635.0,10.739746730762691,13047.53867274164,22270.0,0.008024569351213347,0.3150796366426637,4893.018598098947,7693.0,0.012431934946733619,0.0008699649539882559,5.628909935677697,7693.0,0.02076102133099448,0.03700494331394731,85.85435185886354,7693.0,0.04157055367310538,6.015406998895065,3480.9148447064686,7693.0,0.026301864809768163,488.5648423431537,706234.8248837601,7693.0,0.01920032895048353,1679.989282392631,4557106.43962844,21672.0,0.034706885420284064,79.6743916293423,66143.54568298996,448.0,0.07855806229150084,731.985847744427,118609.95993512585,448.0,0.06250637956964426,229.42607365403262,58721.086555261514,448.0,0.03863645337182232,146.77952451577676,98326.58805645036,448.0
Run1501_best_total_exploratory,Run1501_best_total_e4877,0676,test,73,73,0.024148858794090868,21.638151057804055,37104.529095209,38435.0,0.02243637055259243,0.029691084562714527,6.288087057007773,12491.463911716159,3515.0,10.051158519117033,11401.552690366816,20380.0,0.007929193577409692,0.32655267640760005,5193.919407422609,7687.0,0.013265115893627371,0.0009532048618183257,5.417066306431858,7687.0,0.024223240387479132,0.05284806454528032,90.06677423156577,7687.0,0.031421260510400166,3.5943317511585917,3640.583131581162,7687.0,0.023956786436155696,341.9967254300105,595888.2543524366,7687.0,0.017322528776600284,1204.1603296505891,4012931.371827973,21672.0,0.03307497882720086,64.81540543649541,59248.736363600954,448.0,0.07560354578262383,549.544905442948,96143.26301120812,448.0,0.06289545049031005,208.8827728452732,52803.67625994558,448.0,0.03325894334020798,108.7646563412145,98326.57177307288,448.0
Run1501_best_total_exploratory,Run1501_best_total_e4877,0677,test,74,74,0.022697114253528602,22.002801680683774,42710.700726458184,38395.0,0.015743007872022617,0.027902746259414957,3.618236088036663,14598.945111057656,3465.0,11.316501210188328,14535.108390203452,21725.0,0.008688473364380793,0.30794527893394796,4079.3089875466703,7679.0,0.013612535293673804,0.0011128885101373872,6.005838105161493,7679.0,0.022945437132663032,0.046965518339084966,89.20443526896844,7679.0,0.02311312579307405,1.9796137284223478,3705.6388513293377,7679.0,0.022437910059263436,575.3977526325352,1142887.1653436422,7679.0,0.01945318229119155,2563.122278264773,6773108.184523829,21672.0,0.033878465386196176,111.52973513875538,97172.4631890684,448.0,0.07919388811347806,1079.4674869572414,172117.9777367424,448.0,0.06577793706518557,370.93494675032406,85730.87441185326,448.0,0.05332384717261816,279.58467120156183,98326.4606314332,448.0
Run1501_best_total_exploratory,Run1501_best_total_e4877,0678,test,75,75,0.022787134514368947,25.275977455469306,48677.529349049706,37320.0,0.021684958897671254,0.02536865648753855,10.21644030870631,21726.13107263567,4965.0,5.8867343065441355,9147.017271034989,16910.0,0.009166088300875369,0.281407446702286,3349.40382814576,7464.0,0.014574813298542034,0.0017759386251316718,8.360301743251675,7464.0,0.02146019015761864,0.06247275100325838,135.65115590901482,7464.0,0.033267268247334676,4.316572564508218,3900.360646602829,7464.0,0.017496331932692784,347.38957907386884,1134808.9902263791,7464.0,0.015109622975479927,2868.9544022403707,12566559.458844999,30960.0,0.024554730151746234,125.53293479384496,208203.17628332376,640.0,0.09246241518408395,1330.7798684860275,155659.5446761087,640.0,0.04584311912148658,406.25585443065216,193308.66191024703,640.0,0.060026182420392385,506.1206871010327,140466.46127105044,640.0
Run1501_best_total_exploratory,Run1501_best_total_e4877,0679,test,76,76,0.02892830676303507,44.80968500627314,53545.85561990818,37310.0,0.03774718641235741,0.022015341811239854,30.44664607500705,21368.315487070628,5045.0,5.257978468908951,10848.456150761824,14420.0,0.008469179069225816,0.2577701745065204,3593.76797699593,7462.0,0.01376857631125631,0.001558515803296641,8.221160717928498,7462.0,0.02051642179152438,0.053949500610764756,128.16935267269145,7462.0,0.055954358928546805,12.679586332156871,4049.834132029556,7462.0,0.017065063758696746,416.58598575997706,1430503.1729086642,7462.0,0.018930105281988997,5060.67072451334,14122189.079985801,30960.0,0.030167174672664596,199.69059145934727,219426.12185594812,640.0,0.08281134965749899,1577.1945447987068,229988.19278304657,640.0,0.057967166814859875,664.2227480782009,197674.02081982873,640.0,0.08055704461987867,911.5478887444078,140466.39596558234,640.0
Run1501_best_total_exploratory,Run1501_best_total_e4877,0680,test,77,77,0.027315262286566843,36.29333455336458,48642.52625359988,37325.0,0.03095887203043532,0.02724256932267378,18.445187766309427,19244.774318538548,4890.0,8.02149281134748,10808.341775169274,15225.0,0.009350892710465934,0.3153060057798014,3606.0030932968366,7465.0,0.01500088447511132,0.0017951632723618913,7.977562610905438,7465.0,0.020921671755630904,0.05861863055524094,133.91921659406933,7465.0,0.048749044031465905,8.68780165167127,3655.760111722192,7465.0,0.01853275402740893,401.7820434187504,1169797.2601407552,7465.0,0.018333315321596492,2869.334505187408,8536879.764889993,30960.0,0.029589435054973977,117.70905936882045,134442.48848453508,640.0,0.09420068987076155,1293.0177875609581,145712.34003386842,640.0,0.054656303959252826,367.32987223132227,122963.3617210005,640.0,0.04710474726313529,311.6747381822306,140466.33380193426,640.0
Run1501_best_total_exploratory,Run1501_best_total_e4877,0681,test,78,78,0.023388239775317045,28.08135062789519,51336.1052987294,37345.0,0.0241541054974851,0.026310973183796525,12.48184962675309,21394.248134133075,4890.0,6.034471295724085,8716.967000483593,14775.0,0.007981659127127956,0.23829982552381884,3740.566426505583,7469.0,0.015314323176426236,0.002038452453951063,8.691704859075074,7469.0,0.019623905889670876,0.05326861013664877,138.32493046772132,7469.0,0.03444855257189237,4.786435353957574,4033.390211619984,7469.0,0.019625339366008923,463.3301317706313,1202973.86929977,7469.0,0.01900147014406235,4496.899855756732,12454858.815074366,30960.0,0.026700153559690316,141.7796683475441,198877.85987601036,640.0,0.09354377612595553,1587.42570912208,181410.9990501418,640.0,0.05243050333003783,499.73332479885016,181790.11213459325,640.0,0.07098643602999052,707.8205033951326,140466.38118725616,640.0
Run1501_best_total_exploratory,Run1501_best_total_e4877,0682,test,79,79,0.02139807022214373,22.100693914329554,48267.70980339277,37305.0,0.01673867807788733,0.026041808548762535,5.839606503780384,20842.090128134,4875.0,7.4922108188327226,11047.594004085251,16705.0,0.009161890640597761,0.2983725247050756,3554.5826925572464,7461.0,0.014541494226853895,0.001876137204326858,8.872510567776756,7461.0,0.022344570932420055,0.06868356595839335,137.5652671286754,7461.0,0.025359842965384585,2.5043619372570154,3894.071976548271,7461.0,0.018908944800197076,364.16943412400565,1018518.4564997777,7461.0,0.014752326497083657,2079.976306931352,9557347.054615969,30960.0,0.02629912649903597,105.82487008656624,153004.8142261366,640.0,0.0810693813512809,1033.8774616646037,157309.64468610962,640.0,0.05171783532347598,374.0415596195759,139842.50060767593,640.0,0.043156255379800536,261.61337381208523,140466.39376195596,640.0
Run1501_best_total_exploratory,Run1501_best_total_e4877,0683,test,80,80,0.021720497429345807,22.641064090422116,47990.72380929084,37355.0,0.01693538595334197,0.028175680997970617,5.761506488452765,20088.423624191644,5015.0,7.633592708534698,9615.683080489536,16170.0,0.00943209160582406,0.3467438246516607,3897.55915285313,7471.0,0.014326135426344255,0.0017070204340335713,8.317266463460882,7471.0,0.02024329457142414,0.05451519966544291,133.03172343269569,7471.0,0.02606623052529093,2.6102182980274007,3841.672743196411,7471.0,0.02039362055725461,439.9437942017855,1057812.0910703845,7471.0,0.01923090868546027,3630.421133274943,9816516.372096427,30960.0,0.028380707858282023,120.43378578066432,149520.89637435184,640.0,0.081012601340637,1158.6929726791723,176548.16890394123,640.0,0.05518253192848696,409.98502770099924,134637.1005677706,640.0,0.05090986072831305,364.0626222178089,140466.34270157307,640.0
Run1501_best_total_exploratory,Run1501_best_total_e4877,0684,test,81,81,0.021105833445650705,22.08683555307202,49582.507289300105,37370.0,0.015136073542768535,0.027770770481563806,4.704390020626233,20534.15621548436,5140.0,7.988045775401807,10357.73240412378,14620.0,0.008938134753329417,0.27528839695656865,3445.832089292446,7474.0,0.014744644307733864,0.0017443788621866992,8.02365441031842,7474.0,0.01818025367231418,0.04368324007439903,132.1645452420597,7474.0,0.01979144755906809,1.6045917754805061,4096.466823673282,7474.0,0.02186120369564746,591.6785166602485,1238048.5018063388,7474.0,0.017367179993340216,3451.3139078429685,11442629.88691436,30960.0,0.02858157956148033,143.3400840796599,175466.89945633523,640.0,0.0849230670128068,1428.2691485824198,198042.64339039373,640.0,0.05440828587802617,467.58325751747464,157953.3585514685,640.0,0.058002294303912356,472.5653002639219,140466.08679696888,640.0
Run1501_best_total_exploratory,Run1501_best_total_e4877,0685,test,82,82,0.02312538125057872,25.148970283006364,47026.47270182443,37320.0,0.023375969896242087,0.022641034058478473,10.668693585279104,19524.142257340463,4960.0,5.171153252317435,10087.763516552019,17365.0,0.007593624363448628,0.22041355680894745,3822.434770521555,7464.0,0.015480114111572081,0.0018398841235397463,7.6778947840059875,7464.0,0.019610758559286883,0.049530138069974666,128.7895877206087,7464.0,0.03442975985572484,4.59348258868835,3875.0212410026397,7464.0,0.018738146874639896,366.7420101973712,1044497.4490143468,7464.0,0.016261736345410154,2454.504682163356,9281753.573621545,30960.0,0.030749884362337516,132.8777736955459,140528.8101999485,640.0,0.09263156345123359,1432.8111121521163,166982.49759312707,640.0,0.05601952995624359,394.78462828256505,125800.19470745296,640.0,0.05051021520431501,358.36936638269526,140466.39644667075,640.0
Run1501_best_total_exploratory,Run1501_best_total_e4877,0686,test,83,83,0.02188757898115651,21.621817333671206,45133.26390098341,37350.0,0.017993586467464018,0.027041961591248446,6.560636590890575,20263.315731610644,5070.0,5.091807873474884,6962.987652900327,13570.0,0.008247859905074666,0.25908226979094373,3808.51036641511,7470.0,0.014705313449471218,0.0017314343842221292,8.006772071596885,7470.0,0.01887738317292736,0.05206818470161963,146.1129988285152,7470.0,0.027207561182035624,3.039874771926992,4106.5438465604775,7470.0,0.021474870538828256,360.4901918150895,781686.0187603576,7470.0,0.01945957324520911,3071.4539627036575,8111055.751318654,30960.0,0.03158219680659915,120.95608331932189,121267.11465615511,640.0,0.08737618456211257,1230.9401397296135,161231.82905057963,640.0,0.05522511036309126,330.44359013644714,108348.81031152577,640.0,0.04453369082344814,278.57994687793325,140466.40639644404,640.0
Run1501_best_total_exploratory,Run1501_best_total_e4877,0687,test,84,84,0.021043812432225577,21.404657166296115,48334.7450141898,37315.0,0.01852951416275139,0.026084789705234337,6.939214301763162,20210.740925885184,4800.0,5.348919855108659,7861.246441319711,15410.0,0.0093835521510206,0.331016805124867,3759.373698267123,7463.0,0.015038330395696936,0.0018121734702397786,8.01309928555094,7463.0,0.021521870902029644,0.06365700186448954,137.43145242458272,7463.0,0.023961685888910598,2.2347755253793133,3892.235997716405,7463.0,0.019126574855226584,378.22344517282215,1033889.2917174271,7463.0,0.022451085115662062,5232.906077397589,10381695.034077743,30960.0,0.03387293253185476,183.9467956475554,160319.60443612965,640.0,0.08737582220956269,1394.6178752467426,182672.29135444434,640.0,0.06012644918243713,522.7035769593338,144585.37246381814,640.0,0.0765047800923643,822.146969797026,140466.3566896724,640.0
Run1501_best_total_exploratory,Run1501_best_total_e4877,0688,test,85,85,0.021498260731152637,22.232679086662102,48104.43829709968,37365.0,0.01545899319529351,0.030708574563423675,4.917613590267338,20577.470525818408,5220.0,7.198017998247774,7632.971006860145,11430.0,0.009311499207115803,0.32150423116864696,3708.0661369300165,7473.0,0.014849980131675261,0.0018740790105977944,8.498380099069863,7473.0,0.01847502163076003,0.04376854963354137,128.2307683292036,7473.0,0.022541846371265706,2.218676770083441,4366.315011143348,7473.0,0.02207399938722679,500.73723716272747,1027656.1756415428,7473.0,0.016513418168371846,2194.862365889683,8048840.747865751,30960.0,0.028086126815806026,94.6921720835124,120041.21258126253,640.0,0.07707167468604033,970.7925522708388,163431.90544438275,640.0,0.05664585486993179,342.8731322050722,106855.57463435535,640.0,0.04204170171893843,248.27497937045337,140466.37709014144,640.0
Run1501_best_total_exploratory,Run1501_best_total_e4877,0689,test,86,86,0.020168548609583663,18.54876712219341,45600.095937699436,37370.0,0.016746484494273066,0.023120038296051217,5.728136044784471,20425.186028469172,5055.0,5.372607597223329,10050.971085966452,17000.0,0.007491335557254738,0.21459914792626708,3823.926109990145,7474.0,0.015202474919766807,0.0019522698872421816,8.447170580809551,7474.0,0.018967654056816798,0.05402730281715956,150.17099099242077,7474.0,0.023224234417057236,2.0885350636941062,3872.2104972921024,7474.0,0.020071427797900627,297.01461015672265,737261.0285808825,7474.0,0.017121026275166824,2670.871504684534,9111574.00980532,30960.0,0.02465642268739837,85.10479863426659,139989.0013187047,640.0,0.09436728612498854,1281.0942965091822,143859.374175823,640.0,0.05084041292629052,326.9639102608493,126497.42356529314,640.0,0.05119581785569748,368.16410616764915,140466.40726898742,640.0
Run1501_best_total_exploratory,Run1501_best_total_e4877,0690,test,87,87,0.020366325345869258,20.999632453807752,50627.48330719753,37335.0,0.019027836008462508,0.020962591047167897,7.073881811130947,19537.950269849895,5070.0,5.091443581031028,11586.466541859287,15205.0,0.008988066816891817,0.28180566677152186,3488.3265820744496,7467.0,0.01478722447069461,0.0018138086707562575,8.295033467891312,7467.0,0.020797631754187418,0.04788522251206846,110.7066581991405,7467.0,0.026853625269594755,2.763825067606983,3832.698908686057,7467.0,0.016515093868515428,365.4223198479624,1339778.417326656,7467.0,0.018250678156096056,3191.182954646542,9580621.667135775,30960.0,0.029440897931280824,125.98150822833,145346.5407850509,640.0,0.09056873173469715,1374.2867795183774,167540.8815476164,640.0,0.055952304508511894,408.48109880495053,130477.61470355286,640.0,0.05064069339820578,360.22320575607955,140466.38302393287,640.0
Run1501_best_total_exploratory,Run1501_best_total_e4877,0691,test,88,88,0.021079574152062693,24.162276736946982,54376.86781836824,37340.0,0.018641254214417972,0.0252944490472586,7.413065637362451,21332.786522949118,5035.0,8.355114524861802,13058.760555162535,15910.0,0.010385270984686829,0.3440245243138931,3189.7286317351327,7468.0,0.0139109473697394,0.0016424873825214073,8.487672757528884,7468.0,0.02318179956702448,0.06050596793435224,112.59106309608926,7468.0,0.027737210290956656,2.964838404732224,3853.678404646344,7468.0,0.0168495040566854,459.9242193742506,1619988.8854154013,7468.0,0.016135410670089622,3483.8213941083095,13381223.827352563,30960.0,0.02499004098386111,133.37150693248344,213564.52860812962,640.0,0.09099042860156309,1581.346202292185,191000.95488590014,640.0,0.04933143141918682,475.14717392921,195245.35741619213,640.0,0.06455524218615392,585.3767717958272,140466.40119341697,640.0
Run1501_best_total_exploratory,Run1501_best_total_e4877,0692,test,89,89,0.02096125670122244,19.628884939924973,44674.63327275824,37320.0,0.018312481317465632,0.024748952016258367,6.5028036513469525,19391.26992116671,5030.0,5.11256596170757,8346.90166259536,14325.0,0.008888211474163752,0.2851575048934577,3609.5748156486184,7464.0,0.014454705451094525,0.0017048000062215001,8.159338404632106,7464.0,0.02154222240767777,0.05449127109985349,117.42104144751931,7464.0,0.02735705044126284,3.169307277966384,4234.730779949772,7464.0,0.016664101190138402,224.19009095591576,807332.8515300746,7464.0,0.015610862253268925,1717.6280643760936,7048153.342300465,30960.0,0.02284380352697163,58.036103396675685,111214.49988653632,640.0,0.0851138581187835,803.6191352358384,110930.1793649644,640.0,0.05245630564145565,278.39552855600584,101173.51842347246,640.0,0.03399453783637631,162.32697052933963,140466.3835325998,640.0
