{
  "payload": {
    "Re": 100.0,
    "num_cylinders_min": 1,
    "num_cylinders_max": 3,
    "kpis": {
      "enstrophy": {
        "mode": "range",
        "low": 0.05,
        "high": 0.1,
        "weight": 1.0
      }
    },
    "preferences": {
      "min_center_distance": 1.1
    }
  },
  "target_spec": {
    "vector": [
      0.0,
      76.31926727294922,
      0.0,
      0.0,
      0.0,
      0.0,
      0.0,
      0.0,
      0.0,
      0.0,
      0.0,
      1.0,
      0.0,
      0.0,
      0.0,
      0.0,
      0.0,
      0.0,
      0.0,
      0.0,
      0.0,
      -71.51226806640625,
      0.0,
      0.0,
      0.0,
      0.0,
      0.0,
      0.0,
      0.0,
      0.0,
      0.0,
      1.0,
      0.0,
      0.0,
      0.0,
      0.0,
      0.0,
      0.0,
      0.0,
      0.0,
      0.0,
      224.1508026123047,
      0.0,
      0.0,
      0.0,
      0.0,
      0.0,
      0.0,
      0.0,
      0.0,
      0.0,
      1.0,
      0.0,
      0.0,
      0.0,
      0.0,
      0.0,
      0.0,
      0.0,
      0.0,
      0.0,
      1.0,
      0.0,
      0.0,
      0.0,
      0.0,
      0.0,
      0.0,
      0.0,
      0.0,
      0.5,
      1.0,
      0.125,
      0.375,
      0.04583333432674408
    ],
    "kpi_names": [
      "mean_abs_omega",
      "enstrophy",
      "max_abs_omega",
      "kinetic_energy",
      "pressure_range",
      "wake_deficit",
      "wake_mixing",
      "fluctuation_energy",
      "downstream_omega_area",
      "phase_signal_amplitude"
    ],
    "kpi_targets": {
      "enstrophy": {
        "mode": "range",
        "value": null,
        "low": 0.05,
        "high": 0.1,
        "weight": 1.0
      }
    },
    "kpi_stats": {
      "names": [
        "mean_abs_omega",
        "enstrophy",
        "max_abs_omega",
        "kinetic_energy",
        "pressure_range",
        "wake_deficit",
        "wake_mixing",
        "fluctuation_energy",
        "downstream_omega_area",
        "phase_signal_amplitude"
      ],
      "mean": [
        0.04278317838907242,
        0.06209354102611542,
        7.696750640869141,
        0.9906483888626099,
        0.013088537380099297,
        1.5955556591507047e-05,
        0.03743452578783035,
        0.00018325369455851614,
        0.0,
        0.0013363456819206476
      ],
      "std": [
        7.444992661476135e-06,
        0.00016911141574382782,
        0.050756216049194336,
        0.0001487135887145996,
        0.0006064004264771938,
        7.772808203299064e-06,
        0.004733122885227203,
        3.50417394656688e-07,
        1.0,
        3.208534326404333e-05
      ],
      "per_kpi": {
        "mean_abs_omega": {
          "mean": 0.04278317838907242,
          "std": 7.444992661476135e-06
        },
        "enstrophy": {
          "mean": 0.06209354102611542,
          "std": 0.00016911141574382782
        },
        "max_abs_omega": {
          "mean": 7.696750640869141,
          "std": 0.050756216049194336
        },
        "kinetic_energy": {
          "mean": 0.9906483888626099,
          "std": 0.0001487135887145996
        },
        "pressure_range": {
          "mean": 0.013088537380099297,
          "std": 0.0006064004264771938
        },
        "wake_deficit": {
          "mean": 1.5955556591507047e-05,
          "std": 7.772808203299064e-06
        },
        "wake_mixing": {
          "mean": 0.03743452578783035,
          "std": 0.004733122885227203
        },
        "fluctuation_energy": {
          "mean": 0.00018325369455851614,
          "std": 3.50417394656688e-07
        },
        "downstream_omega_area": {
          "mean": 0.0,
          "std": 1.0
        },
        "phase_signal_amplitude": {
          "mean": 0.0013363456819206476,
          "std": 3.208534326404333e-05
        }
      }
    },
    "normalized": true,
    "constraints": {
      "Re": 100.0,
      "num_cylinders_min": 1,
      "num_cylinders_max": 3,
      "min_center_distance": 1.1,
      "max_num_cylinders": 8,
      "re_scale": 200.0,
      "domain_length_scale": 24.0
    },
    "layout": {
      "blocks": [
        "values",
        "value_mask",
        "lower_bounds",
        "lower_mask",
        "upper_bounds",
        "upper_mask",
        "weights"
      ],
      "constraint_names": [
        "re_scaled",
        "re_mask",
        "num_cylinders_min_scaled",
        "num_cylinders_max_scaled",
        "min_center_distance_scaled"
      ]
    }
  }
}