case_id,kmax,active_module_count,M_active,M_padded,active_module_source_ids,query_source_count,query_selection,query_domain_bounds,active_mask,module_mass,environment_mass,kappa,module_source_degree_mean,environment_source_degree_mean,query_degree_mean,module_effective_groups_mean,environment_effective_groups_mean,query_effective_groups_mean,module_assignment_numerical_rank,environment_assignment_numerical_rank,query_assignment_numerical_rank,joint_source_assignment_numerical_rank,module_entropy_mean,environment_entropy_mean,query_entropy_mean,module_empty_columns,environment_empty_columns,proposal_module_empty_columns,proposal_environment_empty_columns,proposal_assignments_available,proposal_active_mask,proposal_vs_refined_module_max_abs,proposal_vs_refined_environment_max_abs,p1_p2_assignment_refresh_observed,module_radius_mean,environment_radius_mean,module_radius_shuffled_mass_preserving_mean,environment_radius_shuffled_mass_preserving_mean,joint_centre_separation_mean,query_to_joint_centre_mean,query_source_empty_positive_entries,module_logical_paths,environment_logical_paths,module_unique_pairs,environment_unique_pairs,module_RM_support,environment_RE_support,module_multiplicity,environment_multiplicity,module_dense_valid_pairs,environment_dense_valid_pairs,proposal_normalized,refined_normalized,inactive_module_rows_zero,phase_ledger,p2_module_actual_rows,p2_module_padded_rows,p2_module_geometry_rows,p2_module_content_rows,p2_environment_actual_rows,p2_environment_padded_rows,p2_environment_geometry_rows,p2_environment_content_rows,registered_capacity,occupied_source_groups,pi,pi_sum,kappa_from_pi,kappa_formula_max_abs,query_count,query_degree_median,query_degree_p95,query_degree_min,query_degree_max,query_degree_histogram,module_source_degree_histogram,environment_source_degree_histogram,no_empty_query_support
0273,12,3,3,12,"[0, 1, 2]",8192,deterministic_linspace_subset,"[0.046875, 11.953125, 0.046875, 5.953125]","[true, true, true, true, true, true, true, true, true, true, true, true]","[0.04142724474271138, 0.011350939671198526, 0.09739033629496892, 0.0, 0.0, 0.14977165528883535, 0.08446750044822693, 0.2128568850457668, 0.1536813030640284, 0.002242414804641157, 0.24560517227898038, 0.0012065536187340815]","[0.04728540495489141, 0.02041996575765855, 0.09995717456331478, 0.12123507738579063, 0.08211634979428101, 0.10435469233683152, 0.03821881424907285, 0.09843995738386488, 0.12220801558578386, 0.07506671479980773, 0.08895586473712078, 0.10174196940109444]",8.880494117736816,6.0,2.140625,3.552734375,3.2730665154918834,1.6471473806751427,2.500490195394022,3,12,11,12,0.5298470151590332,0.2046345660002756,0.40491300198746866,"[3, 4]",[],"[3, 4]",[],False,"[true, true, true, true, true, true, true, true, true, true, true, true]",,,,0.3795055654912631,1.4753276127746233,0.5041924073376174,3.7796401927302083,3.96413047559246,1.1829468822761764,0,6223,132309,2804,89638,0.9127604166666666,0.4559224446614583,2.2193295292439372,1.4760369486155425,3072,196608,True,True,True,"{""P0"": {""reason"": ""explicit phase ledger missing"", ""status"": ""unavailable""}, ""P1"": {""reason"": ""explicit phase ledger missing"", ""status"": ""unavailable""}, ""P2"": {""actual_rows"": 208896.0, ""content_rows"": 786432.0, ""environment"": {""actual_rows"": 196608.0, ""content_rows"": 786432.0, ""geometry_rows"": 196608.0, ""logical_paths"": 132309.0, ""padded_rows"": 0.0, ""unique_pairs"": 89638.0}, ""geometry_rows"": 196608.0, ""logical_paths"": 138532.0, ""module"": {""actual_rows"": 12288.0, ""content_rows"": null, ""geometry_rows"": null, ""logical_paths"": 6223.0, ""padded_rows"": 9216.0, ""unique_pairs"": 2804.0}, ""padded_rows"": 9216.0, ""status"": ""available"", ""unique_pairs"": 92442.0}, ""P2_consistency"": {""reason"": ""explicit phase ledger missing"", ""status"": ""unavailable""}}",12288.0,9216.0,,,196608.0,0.0,196608.0,786432.0,12,12,"[0.0443563275039196, 0.015885453671216965, 0.0986737608909607, 0.060617536306381226, 0.04105817899107933, 0.12706318497657776, 0.061343155801296234, 0.15564842522144318, 0.13794466853141785, 0.038654573261737823, 0.16728052496910095, 0.05147425830364227]",1.0000000484287739,8.88049376641347,3.513233455265663e-07,1024,3.0,5.0,2,6,"{""2"": 73, ""3"": 493, ""4"": 292, ""5"": 151, ""6"": 15}","{""0"": 9, ""6"": 3}","{""1"": 38, ""2"": 103, ""3"": 38, ""4"": 12, ""5"": 1}",True
0274,12,3,3,12,"[0, 1, 2]",8192,deterministic_linspace_subset,"[0.046875, 11.953125, 0.046875, 5.953125]","[true, true, true, true, true, true, true, true, true, true, true, true]","[0.043929775555928544, 0.026260919868946075, 0.0066557880491018295, 0.021231047188242275, 0.0, 0.17266642612715563, 0.11941195527712503, 0.17515332003434497, 0.16227013835062584, 0.023120815555254616, 0.09792899003514322, 0.1513708469768365]","[0.047121413047231435, 0.013582401055221757, 0.09819244192112817, 0.06978042196230184, 0.0751864166231826, 0.11960662872782751, 0.05379230276836704, 0.06426349169729899, 0.12709399396165583, 0.09824970376212147, 0.09026887668005656, 0.14286190852969105]",9.345694541931152,6.333333333333333,2.09375,3.3134765625,2.9288839606286747,1.6144532931878934,2.320617506943325,3,12,12,12,0.5070497343227468,0.1929365886850716,0.36951312036015577,[4],[],[4],[],False,"[true, true, true, true, true, true, true, true, true, true, true, true]",,,,0.5984202643312263,1.440341969883845,0.7042510769541823,3.7755632209310135,4.3213696909251755,1.1065502491750416,0,5994,120579,2778,85494,0.904296875,0.434844970703125,2.1576673866090714,1.4103796757667204,3072,196608,True,True,True,"{""P0"": {""reason"": ""explicit phase ledger missing"", ""status"": ""unavailable""}, ""P1"": {""reason"": ""explicit phase ledger missing"", ""status"": ""unavailable""}, ""P2"": {""actual_rows"": 208896.0, ""content_rows"": 786432.0, ""environment"": {""actual_rows"": 196608.0, ""content_rows"": 786432.0, ""geometry_rows"": 196608.0, ""logical_paths"": 120579.0, ""padded_rows"": 0.0, ""unique_pairs"": 85494.0}, ""geometry_rows"": 196608.0, ""logical_paths"": 126573.0, ""module"": {""actual_rows"": 12288.0, ""content_rows"": null, ""geometry_rows"": null, ""logical_paths"": 5994.0, ""padded_rows"": 9216.0, ""unique_pairs"": 2778.0}, ""padded_rows"": 9216.0, ""status"": ""available"", ""unique_pairs"": 88272.0}, ""P2_consistency"": {""reason"": ""explicit phase ledger missing"", ""status"": ""unavailable""}}",12288.0,9216.0,,,196608.0,0.0,196608.0,786432.0,12,12,"[0.04552559554576874, 0.01992166042327881, 0.0524241179227829, 0.04550573602318764, 0.037593211978673935, 0.14613653719425201, 0.08660213649272919, 0.11970840394496918, 0.14468207955360413, 0.060685254633426666, 0.09409894049167633, 0.14711639285087585]",1.0000000670552254,9.3456957311527,1.189221547903685e-06,1024,3.0,5.0,1,7,"{""1"": 9, ""2"": 123, ""3"": 538, ""4"": 266, ""5"": 69, ""6"": 18, ""7"": 1}","{""0"": 9, ""6"": 2, ""7"": 1}","{""1"": 49, ""2"": 91, ""3"": 42, ""4"": 5, ""5"": 5}",True
0275,12,3,3,12,"[0, 1, 2]",8192,deterministic_linspace_subset,"[0.046875, 11.953125, 0.046875, 5.953125]","[true, true, true, true, true, true, true, true, true, true, true, true]","[0.0, 0.004331766006847222, 0.06404118239879608, 0.0, 0.0006065115643044312, 0.009844147755453983, 0.1593105917175611, 0.28654037043452263, 0.21320806443691254, 0.049344172080357865, 0.06865466137727101, 0.1441185176372528]","[0.042581126942726165, 0.024322257163779188, 0.09666255242579308, 0.09997446047297369, 0.0527958994692502, 0.11345264066524882, 0.05980650304506222, 0.06325002563729262, 0.12336148827065094, 0.09685873107810042, 0.10286537775148948, 0.12406893659014408]",8.641690254211426,6.0,2.2083333333333335,3.7158203125,3.107881939921034,1.681232306403235,2.5964455512229927,3,12,12,12,0.5323951201689751,0.21586220535559883,0.42565014495826936,"[0, 3]",[],"[0, 3]",[],False,"[true, true, true, true, true, true, true, true, true, true, true, true]",,,,0.5554104542761182,1.4922549429940697,0.8869263559206791,3.787162457394524,4.13091695973213,1.1695018891960598,0,7067,141738,2833,96283,0.9222005208333334,0.4897206624348958,2.4945287680903636,1.4720978781300957,3072,196608,True,True,True,"{""P0"": {""reason"": ""explicit phase ledger missing"", ""status"": ""unavailable""}, ""P1"": {""reason"": ""explicit phase ledger missing"", ""status"": ""unavailable""}, ""P2"": {""actual_rows"": 208896.0, ""content_rows"": 786432.0, ""environment"": {""actual_rows"": 196608.0, ""content_rows"": 786432.0, ""geometry_rows"": 196608.0, ""logical_paths"": 141738.0, ""padded_rows"": 0.0, ""unique_pairs"": 96283.0}, ""geometry_rows"": 196608.0, ""logical_paths"": 148805.0, ""module"": {""actual_rows"": 12288.0, ""content_rows"": null, ""geometry_rows"": null, ""logical_paths"": 7067.0, ""padded_rows"": 9216.0, ""unique_pairs"": 2833.0}, ""padded_rows"": 9216.0, ""status"": ""available"", ""unique_pairs"": 99116.0}, ""P2_consistency"": {""reason"": ""explicit phase ledger missing"", ""status"": ""unavailable""}}",12288.0,9216.0,,,196608.0,0.0,196608.0,786432.0,12,12,"[0.02129056490957737, 0.014327011071145535, 0.08035187423229218, 0.04998723790049553, 0.026701204478740692, 0.061648398637771606, 0.10955855250358582, 0.17489521205425262, 0.16828478872776031, 0.07310144603252411, 0.08576002717018127, 0.1340937316417694]",1.0000000493600965,8.641690997895589,7.436841631403013e-07,1024,4.0,5.0,2,7,"{""2"": 4, ""3"": 459, ""4"": 402, ""5"": 143, ""6"": 15, ""7"": 1}","{""0"": 9, ""5"": 1, ""6"": 1, ""7"": 1}","{""1"": 32, ""2"": 99, ""3"": 50, ""4"": 11}",True
0276,12,3,3,12,"[0, 1, 2]",8192,deterministic_linspace_subset,"[0.046875, 11.953125, 0.046875, 5.953125]","[true, true, true, true, true, true, true, true, true, true, true, true]","[0.0, 0.0, 0.2220717146992683, 0.0, 0.06028522551059723, 0.05865092327197392, 0.07458331187566121, 0.1485492835442225, 0.06524490440885225, 0.007453600410372018, 0.20945367217063904, 0.15370739499727884]","[0.048117759821858876, 0.050501080346293754, 0.09451357909711078, 0.1335538624698529, 0.07430117854770892, 0.07924698603164872, 0.048480868184318134, 0.07552688945240031, 0.09083417065752047, 0.07173649566054036, 0.11024714571734272, 0.12293998254851128]",9.199907302856445,5.333333333333333,2.09375,3.568359375,3.0337379741770163,1.5792219644347025,2.4993039815374023,3,12,12,12,0.5149717699952507,0.1859421563750756,0.409044191320306,"[0, 1, 3]",[],"[0, 1, 3]",[],False,"[true, true, true, true, true, true, true, true, true, true, true, true]",,,,0.5786856310699992,1.4106954329918364,1.0436256933445613,3.7844937133695895,3.9780725745326935,1.1942968691616969,0,5908,121535,2512,87411,0.8177083333333334,0.4445953369140625,2.3519108280254777,1.3903856494033933,3072,196608,True,True,True,"{""P0"": {""reason"": ""explicit phase ledger missing"", ""status"": ""unavailable""}, ""P1"": {""reason"": ""explicit phase ledger missing"", ""status"": ""unavailable""}, ""P2"": {""actual_rows"": 208896.0, ""content_rows"": 786432.0, ""environment"": {""actual_rows"": 196608.0, ""content_rows"": 786432.0, ""geometry_rows"": 196608.0, ""logical_paths"": 121535.0, ""padded_rows"": 0.0, ""unique_pairs"": 87411.0}, ""geometry_rows"": 196608.0, ""logical_paths"": 127443.0, ""module"": {""actual_rows"": 12288.0, ""content_rows"": null, ""geometry_rows"": null, ""logical_paths"": 5908.0, ""padded_rows"": 9216.0, ""unique_pairs"": 2512.0}, ""padded_rows"": 9216.0, ""status"": ""available"", ""unique_pairs"": 89923.0}, ""P2_consistency"": {""reason"": ""explicit phase ledger missing"", ""status"": ""unavailable""}}",12288.0,9216.0,,,196608.0,0.0,196608.0,786432.0,12,12,"[0.024058880284428596, 0.025250539183616638, 0.15829265117645264, 0.06677693128585815, 0.0672932043671608, 0.06894895434379578, 0.06153209134936333, 0.11203809082508087, 0.07803954184055328, 0.039595045149326324, 0.15985040366649628, 0.13832369446754456]",1.0000000279396772,9.199907856797273,5.539408274302104e-07,1024,3.0,5.0,2,6,"{""2"": 50, ""3"": 489, ""4"": 343, ""5"": 137, ""6"": 5}","{""0"": 9, ""5"": 2, ""6"": 1}","{""1"": 46, ""2"": 93, ""3"": 43, ""4"": 9, ""5"": 1}",True
0277,12,3,3,12,"[0, 1, 2]",8192,deterministic_linspace_subset,"[0.046875, 11.953125, 0.046875, 5.953125]","[true, true, true, true, true, true, true, true, true, true, true, true]","[0.0, 0.0, 0.14571233590443927, 0.007882579074551662, 0.052561903993288674, 0.04574900116616239, 0.18100506067276, 0.19236583014329273, 0.014794034883379934, 0.001908544140557448, 0.1296924650669098, 0.228328267733256]","[0.053716191080942145, 0.0401214711018838, 0.08740027132444082, 0.0889052986749448, 0.06049013333783176, 0.09767953800474062, 0.048835008421368314, 0.059134958447733275, 0.12004374601625993, 0.09778278998176879, 0.12240242742215436, 0.12348816734932674]",9.236119270324707,5.333333333333333,2.1979166666666665,3.708984375,2.9834443979851297,1.642273910959967,2.5415246595379144,3,12,12,12,0.48235000012667933,0.207901212646335,0.41855634378799456,"[0, 1]",[],"[0, 1]",[],False,"[true, true, true, true, true, true, true, true, true, true, true, true]",,,,0.4298213225264414,1.4708126181850096,1.0029853756687808,3.7887080706573095,4.3309703046370345,1.258795707338601,0,5816,134894,2437,93107,0.7932942708333334,0.4735666910807292,2.386540828887977,1.4488062122074603,3072,196608,True,True,True,"{""P0"": {""reason"": ""explicit phase ledger missing"", ""status"": ""unavailable""}, ""P1"": {""reason"": ""explicit phase ledger missing"", ""status"": ""unavailable""}, ""P2"": {""actual_rows"": 208896.0, ""content_rows"": 786432.0, ""environment"": {""actual_rows"": 196608.0, ""content_rows"": 786432.0, ""geometry_rows"": 196608.0, ""logical_paths"": 134894.0, ""padded_rows"": 0.0, ""unique_pairs"": 93107.0}, ""geometry_rows"": 196608.0, ""logical_paths"": 140710.0, ""module"": {""actual_rows"": 12288.0, ""content_rows"": null, ""geometry_rows"": null, ""logical_paths"": 5816.0, ""padded_rows"": 9216.0, ""unique_pairs"": 2437.0}, ""padded_rows"": 9216.0, ""status"": ""available"", ""unique_pairs"": 95544.0}, ""P2_consistency"": {""reason"": ""explicit phase ledger missing"", ""status"": ""unavailable""}}",12288.0,9216.0,,,196608.0,0.0,196608.0,786432.0,12,12,"[0.026858096942305565, 0.020060736685991287, 0.1165563091635704, 0.04839393496513367, 0.05652601644396782, 0.07171426713466644, 0.11492003500461578, 0.12575039267539978, 0.0674188956618309, 0.049845658242702484, 0.12604744732379913, 0.17590822279453278]",1.000000013038516,9.236117825197699,1.4451270082815881e-06,1024,4.0,5.0,2,6,"{""2"": 43, ""3"": 338, ""4"": 528, ""5"": 104, ""6"": 11}","{""0"": 9, ""4"": 1, ""6"": 2}","{""1"": 40, ""2"": 85, ""3"": 57, ""4"": 9, ""5"": 1}",True
0278,12,3,3,12,"[0, 1, 2]",8192,deterministic_linspace_subset,"[0.046875, 11.953125, 0.046875, 5.953125]","[true, true, true, true, true, true, true, true, true, true, true, true]","[0.015809993885341097, 1.0606227685154105e-05, 0.16397517360746858, 0.08047907054424286, 0.11265968283017476, 0.2740261654059092, 0.0, 0.06584443241202582, 0.02683768793940544, 0.03741434713204701, 0.19175823343296844, 0.031184598182638485]","[0.04630329242597025, 0.04353470783098601, 0.12163808392748854, 0.09246367084172866, 0.08482128706721899, 0.12586334468990876, 0.04328047844076839, 0.09161146894136135, 0.09102935232416107, 0.06901248819970836, 0.07454505957381723, 0.11589676599639159]",8.684626579284668,6.333333333333333,2.28125,3.57421875,3.1407221999948844,1.755073031164489,2.460016328242534,3,12,12,12,0.5232887597412846,0.23528118939023454,0.4036361740037674,[6],[],[6],[],False,"[true, true, true, true, true, true, true, true, true, true, true, true]",,,,0.6046045057365891,1.5141775572487013,0.9983975136772121,3.79013695817672,4.237562978195278,1.2179416243195795,0,6313,138584,2602,93545,0.8470052083333334,0.4757944742838542,2.426210607225211,1.4814688118018067,3072,196608,True,True,True,"{""P0"": {""reason"": ""explicit phase ledger missing"", ""status"": ""unavailable""}, ""P1"": {""reason"": ""explicit phase ledger missing"", ""status"": ""unavailable""}, ""P2"": {""actual_rows"": 208896.0, ""content_rows"": 786432.0, ""environment"": {""actual_rows"": 196608.0, ""content_rows"": 786432.0, ""geometry_rows"": 196608.0, ""logical_paths"": 138584.0, ""padded_rows"": 0.0, ""unique_pairs"": 93545.0}, ""geometry_rows"": 196608.0, ""logical_paths"": 144897.0, ""module"": {""actual_rows"": 12288.0, ""content_rows"": null, ""geometry_rows"": null, ""logical_paths"": 6313.0, ""padded_rows"": 9216.0, ""unique_pairs"": 2602.0}, ""padded_rows"": 9216.0, ""status"": ""available"", ""unique_pairs"": 96147.0}, ""P2_consistency"": {""reason"": ""explicit phase ledger missing"", ""status"": ""unavailable""}}",12288.0,9216.0,,,196608.0,0.0,196608.0,786432.0,12,12,"[0.031056642532348633, 0.021772658452391624, 0.14280663430690765, 0.08647136390209198, 0.09874048084020615, 0.19994474947452545, 0.021640237420797348, 0.07872796058654785, 0.058933526277542114, 0.053213417530059814, 0.13315165042877197, 0.07354067265987396]",0.9999999944120646,8.684626986844131,4.0755946351112016e-07,1024,3.0,5.0,2,6,"{""2"": 31, ""3"": 492, ""4"": 393, ""5"": 98, ""6"": 10}","{""0"": 9, ""6"": 2, ""7"": 1}","{""1"": 24, ""2"": 103, ""3"": 53, ""4"": 11, ""5"": 1}",True
0279,12,3,3,12,"[0, 1, 2]",8192,deterministic_linspace_subset,"[0.046875, 11.953125, 0.046875, 5.953125]","[true, true, true, true, true, true, true, true, true, true, true, true]","[0.0, 0.02001324544350306, 0.04860397661104798, 0.0, 0.0004341056337580085, 0.09059457100132325, 0.07240572075049082, 0.2454516291618347, 0.18457265198230743, 0.1006718079249064, 0.10057655877123277, 0.13667571047941843]","[0.036837257214453224, 0.0349064686258013, 0.09515646162132423, 0.10383461475915587, 0.061502928864986955, 0.12980664315788693, 0.04428951465524733, 0.07843107280981106, 0.09625174017855895, 0.09719710005447267, 0.1059831251380577, 0.11580307226783285]",9.276880264282227,6.333333333333333,1.9479166666666667,3.529296875,3.292610454348006,1.5296588796788593,2.5150138703111313,3,12,12,12,0.5287675666276388,0.17182206003623465,0.4097396928181716,"[0, 3]",[],"[0, 3]",[],False,"[true, true, true, true, true, true, true, true, true, true, true, true]",,,,0.4075613564556146,1.402764826255769,0.6069025484936535,3.7755009885562614,4.054522318449824,1.216712132619921,0,7093,116407,2906,86851,0.9459635416666666,0.4417470296223958,2.4408121128699243,1.3403069624989925,3072,196608,True,True,True,"{""P0"": {""reason"": ""explicit phase ledger missing"", ""status"": ""unavailable""}, ""P1"": {""reason"": ""explicit phase ledger missing"", ""status"": ""unavailable""}, ""P2"": {""actual_rows"": 208896.0, ""content_rows"": 786432.0, ""environment"": {""actual_rows"": 196608.0, ""content_rows"": 786432.0, ""geometry_rows"": 196608.0, ""logical_paths"": 116407.0, ""padded_rows"": 0.0, ""unique_pairs"": 86851.0}, ""geometry_rows"": 196608.0, ""logical_paths"": 123500.0, ""module"": {""actual_rows"": 12288.0, ""content_rows"": null, ""geometry_rows"": null, ""logical_paths"": 7093.0, ""padded_rows"": 9216.0, ""unique_pairs"": 2906.0}, ""padded_rows"": 9216.0, ""status"": ""available"", ""unique_pairs"": 89757.0}, ""P2_consistency"": {""reason"": ""explicit phase ledger missing"", ""status"": ""unavailable""}}",12288.0,9216.0,,,196608.0,0.0,196608.0,786432.0,12,12,"[0.018418628722429276, 0.02745985798537731, 0.07188021391630173, 0.05191730707883835, 0.03096851520240307, 0.11020060628652573, 0.05834762006998062, 0.16194134950637817, 0.14041221141815186, 0.09893445670604706, 0.10327985882759094, 0.12623938918113708]",1.0000000149011612,9.276880343145939,7.886371200527265e-08,1024,3.0,5.0,2,6,"{""2"": 23, ""3"": 554, ""4"": 334, ""5"": 108, ""6"": 5}","{""0"": 9, ""6"": 2, ""7"": 1}","{""1"": 56, ""2"": 95, ""3"": 36, ""4"": 5}",True
0280,12,3,3,12,"[0, 1, 2]",8192,deterministic_linspace_subset,"[0.046875, 11.953125, 0.046875, 5.953125]","[true, true, true, true, true, true, true, true, true, true, true, true]","[0.016550710890442133, 0.0011681070706496635, 0.17783739247048894, 0.06394853194554646, 0.028699460128943123, 0.1784007008730744, 0.09244771798451741, 0.07810935284942389, 0.1640555914491415, 0.018554255676766235, 0.1711273193359375, 0.00910085377593835]","[0.039976841857424006, 0.031336687718673296, 0.10726772497097649, 0.11802157495791714, 0.09575162359396927, 0.11661739439296072, 0.02755029352071384, 0.11267745325070185, 0.09857599763199684, 0.06122349897244325, 0.09280359105711491, 0.0981973165665598]",9.335212707519531,6.666666666666667,2.2447916666666665,3.6162109375,2.7507149766037635,1.6956929161283185,2.5193010532900773,3,12,12,12,0.48560853983211333,0.222334998223603,0.41263205736670505,[],[],[],[],False,"[true, true, true, true, true, true, true, true, true, true, true, true]",,,,0.5914672419329449,1.4866188448390218,0.6947486355385255,3.7863704410471066,4.243517915768125,1.1480079612608114,0,6616,140321,2642,93097,0.8600260416666666,0.4735158284505208,2.5041635124905373,1.5072558729067531,3072,196608,True,True,True,"{""P0"": {""reason"": ""explicit phase ledger missing"", ""status"": ""unavailable""}, ""P1"": {""reason"": ""explicit phase ledger missing"", ""status"": ""unavailable""}, ""P2"": {""actual_rows"": 208896.0, ""content_rows"": 786432.0, ""environment"": {""actual_rows"": 196608.0, ""content_rows"": 786432.0, ""geometry_rows"": 196608.0, ""logical_paths"": 140321.0, ""padded_rows"": 0.0, ""unique_pairs"": 93097.0}, ""geometry_rows"": 196608.0, ""logical_paths"": 146937.0, ""module"": {""actual_rows"": 12288.0, ""content_rows"": null, ""geometry_rows"": null, ""logical_paths"": 6616.0, ""padded_rows"": 9216.0, ""unique_pairs"": 2642.0}, ""padded_rows"": 9216.0, ""status"": ""available"", ""unique_pairs"": 95739.0}, ""P2_consistency"": {""reason"": ""explicit phase ledger missing"", ""status"": ""unavailable""}}",12288.0,9216.0,,,196608.0,0.0,196608.0,786432.0,12,12,"[0.028263773769140244, 0.01625239849090576, 0.14255255460739136, 0.09098505973815918, 0.06222553551197052, 0.14750906825065613, 0.0599990077316761, 0.09539341181516647, 0.13131579756736755, 0.039888881146907806, 0.13196545839309692, 0.05364908650517464]",1.0000000335276127,9.335212628961806,7.855772565790176e-08,1024,3.0,5.0,2,6,"{""2"": 29, ""3"": 494, ""4"": 360, ""5"": 123, ""6"": 18}","{""0"": 9, ""5"": 1, ""7"": 1, ""8"": 1}","{""1"": 21, ""2"": 111, ""3"": 52, ""4"": 8}",True
0281,12,3,3,12,"[0, 1, 2]",8192,deterministic_linspace_subset,"[0.046875, 11.953125, 0.046875, 5.953125]","[true, true, true, true, true, true, true, true, true, true, true, true]","[0.03463386744260788, 0.0, 0.1887296438217163, 0.008812627444664637, 0.11034253239631653, 0.17859135071436563, 0.1823710004488627, 0.10503102466464043, 0.06377379999806483, 0.031054678062597908, 0.08042261234368198, 0.016236816843350727]","[0.02065057895379141, 0.02196352655300871, 0.13672017491383784, 0.08659918901200096, 0.058289838469742485, 0.1602302726047735, 0.04882711009122431, 0.0727250928757712, 0.11113556107738988, 0.07309762543688217, 0.07872791157569735, 0.1310331189500478]",9.188962936401367,5.0,2.1354166666666665,3.6357421875,2.513783559119036,1.6167340563597028,2.4654293783165944,3,12,12,12,0.44017429504566,0.1998804721566726,0.40748678730437665,[1],[],[1],[],False,"[true, true, true, true, true, true, true, true, true, true, true, true]",,,,0.3760818499897833,1.4452816209423514,0.5494449959055949,3.772608605760766,4.471158846120559,1.200604295773085,0,5251,135357,2380,92314,0.7747395833333334,0.4695332845052083,2.2063025210084035,1.466267305067487,3072,196608,True,True,True,"{""P0"": {""reason"": ""explicit phase ledger missing"", ""status"": ""unavailable""}, ""P1"": {""reason"": ""explicit phase ledger missing"", ""status"": ""unavailable""}, ""P2"": {""actual_rows"": 208896.0, ""content_rows"": 786432.0, ""environment"": {""actual_rows"": 196608.0, ""content_rows"": 786432.0, ""geometry_rows"": 196608.0, ""logical_paths"": 135357.0, ""padded_rows"": 0.0, ""unique_pairs"": 92314.0}, ""geometry_rows"": 196608.0, ""logical_paths"": 140608.0, ""module"": {""actual_rows"": 12288.0, ""content_rows"": null, ""geometry_rows"": null, ""logical_paths"": 5251.0, ""padded_rows"": 9216.0, ""unique_pairs"": 2380.0}, ""padded_rows"": 9216.0, ""status"": ""available"", ""unique_pairs"": 94694.0}, ""P2_consistency"": {""reason"": ""explicit phase ledger missing"", ""status"": ""unavailable""}}",12288.0,9216.0,,,196608.0,0.0,196608.0,786432.0,12,12,"[0.027642223984003067, 0.01098176371306181, 0.16272491216659546, 0.047705911099910736, 0.084316186606884, 0.1694107949733734, 0.11559905856847763, 0.08887806534767151, 0.08745467662811279, 0.052076153457164764, 0.07957525551319122, 0.07363497465848923]",0.9999999767169356,9.188962901805775,3.4595592168784606e-08,1024,4.0,5.0,2,6,"{""2"": 59, ""3"": 440, ""4"": 351, ""5"": 163, ""6"": 11}","{""0"": 9, ""4"": 1, ""5"": 1, ""6"": 1}","{""1"": 45, ""2"": 88, ""3"": 48, ""4"": 10, ""5"": 1}",True
0282,12,3,3,12,"[0, 1, 2]",8192,deterministic_linspace_subset,"[0.046875, 11.953125, 0.046875, 5.953125]","[true, true, true, true, true, true, true, true, true, true, true, true]","[0.0, 0.0, 0.18497411161661148, 0.02488380173842112, 0.010537438094615936, 0.02827879786491394, 0.03393915295600891, 0.14928063253561655, 0.21660372420834997, 0.025145178757763155, 0.1510192851225535, 0.17533785104751587]","[0.03947450728931774, 0.030755063130830717, 0.11255423315257453, 0.09557964947695533, 0.06916842353530228, 0.12094292157174395, 0.052312194835394614, 0.06803760669815044, 0.1051355054999779, 0.0885938578285277, 0.0840534590436922, 0.1333925788057968]",8.77478313446045,5.333333333333333,1.9270833333333333,3.578125,2.9674164344466525,1.555928967496777,2.4254631659072414,3,12,11,12,0.5085072972735264,0.17839712805607735,0.4009533435921784,"[0, 1]",[],"[0, 1]",[],False,"[true, true, true, true, true, true, true, true, true, true, true, true]",,,,0.4549999500209581,1.3931967552891793,0.8388998476556757,3.7701073783666885,4.152460131461045,1.1676723153581403,0,6120,119715,2424,88563,0.7890625,0.4504547119140625,2.5247524752475248,1.3517496019782527,3072,196608,True,True,True,"{""P0"": {""reason"": ""explicit phase ledger missing"", ""status"": ""unavailable""}, ""P1"": {""reason"": ""explicit phase ledger missing"", ""status"": ""unavailable""}, ""P2"": {""actual_rows"": 208896.0, ""content_rows"": 786432.0, ""environment"": {""actual_rows"": 196608.0, ""content_rows"": 786432.0, ""geometry_rows"": 196608.0, ""logical_paths"": 119715.0, ""padded_rows"": 0.0, ""unique_pairs"": 88563.0}, ""geometry_rows"": 196608.0, ""logical_paths"": 125835.0, ""module"": {""actual_rows"": 12288.0, ""content_rows"": null, ""geometry_rows"": null, ""logical_paths"": 6120.0, ""padded_rows"": 9216.0, ""unique_pairs"": 2424.0}, ""padded_rows"": 9216.0, ""status"": ""available"", ""unique_pairs"": 90987.0}, ""P2_consistency"": {""reason"": ""explicit phase ledger missing"", ""status"": ""unavailable""}}",12288.0,9216.0,,,196608.0,0.0,196608.0,786432.0,12,12,"[0.019737256690859795, 0.015377532690763474, 0.14876417815685272, 0.06023172289133072, 0.03985292837023735, 0.0746108666062355, 0.04312567412853241, 0.10865911841392517, 0.16086962819099426, 0.056869518011808395, 0.11753638088703156, 0.15436521172523499]",1.0000000167638063,8.774782950346411,1.8411403779339253e-07,1024,4.0,5.0,2,6,"{""2"": 32, ""3"": 477, ""4"": 409, ""5"": 103, ""6"": 3}","{""0"": 9, ""5"": 2, ""6"": 1}","{""1"": 50, ""2"": 109, ""3"": 30, ""4"": 3}",True
0283,12,5,5,12,"[0, 1, 2, 3, 4]",8192,deterministic_linspace_subset,"[0.046875, 11.953125, 0.046875, 5.953125]","[true, true, true, true, true, true, true, true, true, true, true, true]","[0.018401360511779787, 0.000913260760717094, 0.20338739240542053, 0.017598671466112138, 0.108906289935112, 0.18765619099140168, 0.0, 0.1451566904783249, 0.04410063102841377, 0.05219161212444306, 0.14363190345466137, 0.07805601982399821]","[0.08054935590674482, 0.07577414059172344, 0.09991887739549081, 0.13797222089488054, 0.06964188036848402, 0.09183565023219367, 0.06745328676250513, 0.051653892092872404, 0.08495113734776774, 0.06071750703267753, 0.07862615758009876, 0.10090589503912877]",10.101584434509277,5.8,1.9947916666666667,3.392578125,3.005230581983407,1.5605550087542674,2.3120203763302882,5,12,12,12,0.5133099600688737,0.18516658511368475,0.37786569613657917,[6],[],[6],[],False,"[true, true, true, true, true, true, true, true, true, true, true, true]",,,,0.8327654612387722,1.3761653890027283,1.9170432051990456,3.7815084261262997,4.217481392479819,1.212663929438357,0,9495,106527,4090,80023,0.798828125,0.4070180257161458,2.3215158924205377,1.331204778626145,5120,196608,True,True,True,"{""P0"": {""reason"": ""explicit phase ledger missing"", ""status"": ""unavailable""}, ""P1"": {""reason"": ""explicit phase ledger missing"", ""status"": ""unavailable""}, ""P2"": {""actual_rows"": 208896.0, ""content_rows"": 786432.0, ""environment"": {""actual_rows"": 196608.0, ""content_rows"": 786432.0, ""geometry_rows"": 196608.0, ""logical_paths"": 106527.0, ""padded_rows"": 0.0, ""unique_pairs"": 80023.0}, ""geometry_rows"": 196608.0, ""logical_paths"": 116022.0, ""module"": {""actual_rows"": 12288.0, ""content_rows"": null, ""geometry_rows"": null, ""logical_paths"": 9495.0, ""padded_rows"": 7168.0, ""unique_pairs"": 4090.0}, ""padded_rows"": 7168.0, ""status"": ""available"", ""unique_pairs"": 84113.0}, ""P2_consistency"": {""reason"": ""explicit phase ledger missing"", ""status"": ""unavailable""}}",12288.0,7168.0,,,196608.0,0.0,196608.0,786432.0,12,12,"[0.04947536066174507, 0.038343705236911774, 0.15165312588214874, 0.07778545469045639, 0.0892740860581398, 0.13974592089653015, 0.03372664377093315, 0.09840529412031174, 0.06452587991952896, 0.05645456165075302, 0.111129030585289, 0.08948095142841339]",1.0000000149011612,10.101583475790536,9.587187417281484e-07,1024,3.0,5.0,2,6,"{""2"": 41, ""3"": 621, ""4"": 289, ""5"": 65, ""6"": 8}","{""0"": 7, ""5"": 1, ""6"": 4}","{""1"": 44, ""2"": 111, ""3"": 31, ""4"": 6}",True
0284,12,5,5,12,"[0, 1, 2, 3, 4]",8192,deterministic_linspace_subset,"[0.046875, 11.953125, 0.046875, 5.953125]","[true, true, true, true, true, true, true, true, true, true, true, true]","[0.03895811438560486, 0.0, 0.09061825275421144, 0.006257344782352448, 0.009790658924612217, 0.1379222482442856, 0.08181827610824258, 0.20916033452376723, 0.044166485292953445, 0.07510849833488464, 0.1511583277664613, 0.1550414517521858]","[0.05807389878524798, 0.04116015058631698, 0.10102658140628287, 0.0977557681568821, 0.04745281799114309, 0.126341693860013, 0.054918393182257795, 0.05328833560148875, 0.0985479564211952, 0.10570736287627369, 0.08048253944919755, 0.13524450145026404]",9.748262405395508,5.6,2.0104166666666665,3.390625,3.022843411119503,1.5368010685017746,2.372970504059547,5,12,12,12,0.48883553529443874,0.17974512242211416,0.38815244673236465,[1],[],[1],[],False,"[true, true, true, true, true, true, true, true, true, true, true, true]",,,,0.7404214422060682,1.3953325032151165,1.1792861422618321,3.771762017738143,4.417539223540031,1.212834972256994,0,9923,112449,4464,83145,0.871875,0.4228973388671875,2.222894265232975,1.352444524625654,5120,196608,True,True,True,"{""P0"": {""reason"": ""explicit phase ledger missing"", ""status"": ""unavailable""}, ""P1"": {""reason"": ""explicit phase ledger missing"", ""status"": ""unavailable""}, ""P2"": {""actual_rows"": 208896.0, ""content_rows"": 786432.0, ""environment"": {""actual_rows"": 196608.0, ""content_rows"": 786432.0, ""geometry_rows"": 196608.0, ""logical_paths"": 112449.0, ""padded_rows"": 0.0, ""unique_pairs"": 83145.0}, ""geometry_rows"": 196608.0, ""logical_paths"": 122372.0, ""module"": {""actual_rows"": 12288.0, ""content_rows"": null, ""geometry_rows"": null, ""logical_paths"": 9923.0, ""padded_rows"": 7168.0, ""unique_pairs"": 4464.0}, ""padded_rows"": 7168.0, ""status"": ""available"", ""unique_pairs"": 87609.0}, ""P2_consistency"": {""reason"": ""explicit phase ledger missing"", ""status"": ""unavailable""}}",12288.0,7168.0,,,196608.0,0.0,196608.0,786432.0,12,12,"[0.04851600527763367, 0.020580073818564415, 0.09582241624593735, 0.0520065538585186, 0.02862173691391945, 0.13213197886943817, 0.0683683380484581, 0.13122433423995972, 0.07135722786188126, 0.09040793776512146, 0.11582043766975403, 0.14514298737049103]",1.0000000279396772,9.748262026079813,3.7931569529803255e-07,1024,3.0,5.0,2,6,"{""2"": 32, ""3"": 627, ""4"": 305, ""5"": 53, ""6"": 7}","{""0"": 7, ""4"": 1, ""5"": 2, ""7"": 2}","{""1"": 45, ""2"": 106, ""3"": 35, ""4"": 6}",True
0285,12,5,5,12,"[0, 1, 2, 3, 4]",8192,deterministic_linspace_subset,"[0.046875, 11.953125, 0.046875, 5.953125]","[true, true, true, true, true, true, true, true, true, true, true, true]","[0.03516350022982806, 0.029588302241245402, 0.14787151878699661, 0.00023415901232510806, 0.03708740845322609, 0.10985874980688096, 0.06715547256171704, 0.15537559501826764, 0.18576346114277842, 0.05760331173042914, 0.17401120265712963, 0.00028737375978380445]","[0.06678007043956315, 0.032369777521428965, 0.10745550508484786, 0.13929065856306502, 0.051687387109268464, 0.10292454564478247, 0.061298832530155764, 0.07059211338249345, 0.09269651941334207, 0.09874486951836538, 0.07598729248638848, 0.10017242911271751]",10.147491455078125,6.4,2.0,3.6123046875,2.7994136217810386,1.5748522421977078,2.4240251259499814,5,12,12,12,0.4847469352218875,0.1874652270894448,0.40073282407450134,[],[],[],[],False,"[true, true, true, true, true, true, true, true, true, true, true, true]",,,,0.737584321151807,1.4193467239199802,1.0230627718922765,3.780872654332401,4.186285614004633,1.1727682529203807,0,10002,123220,4258,84193,0.831640625,0.4282277425130208,2.348990136214185,1.4635420996994999,5120,196608,True,True,True,"{""P0"": {""reason"": ""explicit phase ledger missing"", ""status"": ""unavailable""}, ""P1"": {""reason"": ""explicit phase ledger missing"", ""status"": ""unavailable""}, ""P2"": {""actual_rows"": 208896.0, ""content_rows"": 786432.0, ""environment"": {""actual_rows"": 196608.0, ""content_rows"": 786432.0, ""geometry_rows"": 196608.0, ""logical_paths"": 123220.0, ""padded_rows"": 0.0, ""unique_pairs"": 84193.0}, ""geometry_rows"": 196608.0, ""logical_paths"": 133222.0, ""module"": {""actual_rows"": 12288.0, ""content_rows"": null, ""geometry_rows"": null, ""logical_paths"": 10002.0, ""padded_rows"": 7168.0, ""unique_pairs"": 4258.0}, ""padded_rows"": 7168.0, ""status"": ""available"", ""unique_pairs"": 88451.0}, ""P2_consistency"": {""reason"": ""explicit phase ledger missing"", ""status"": ""unavailable""}}",12288.0,7168.0,,,196608.0,0.0,196608.0,786432.0,12,12,"[0.05097178742289543, 0.030979041010141373, 0.1276635229587555, 0.06976240873336792, 0.044387396425008774, 0.10639164596796036, 0.0642271563410759, 0.11298386007547379, 0.13922998309135437, 0.07817409932613373, 0.12499924004077911, 0.05022990331053734]",1.0000000447034836,10.147490980869676,4.7420844850876165e-07,1024,4.0,5.0,2,6,"{""2"": 52, ""3"": 441, ""4"": 388, ""5"": 138, ""6"": 5}","{""0"": 7, ""5"": 1, ""6"": 1, ""7"": 3}","{""1"": 44, ""2"": 108, ""3"": 36, ""4"": 4}",True
0286,12,5,5,12,"[0, 1, 2, 3, 4]",8192,deterministic_linspace_subset,"[0.046875, 11.953125, 0.046875, 5.953125]","[true, true, true, true, true, true, true, true, true, true, true, true]","[0.0, 0.05086018315050751, 0.12814323995262386, 0.0, 0.07515226006507875, 0.010435350984334946, 0.09163254685699941, 0.20509076714515687, 0.23219933956861497, 0.04234258243814111, 0.15908630727790296, 0.005057451501488686]","[0.06553349127837767, 0.061812718580767985, 0.0780886160209775, 0.1471605809153213, 0.07089448702754451, 0.09448376698128412, 0.05887600542822233, 0.07553141402119462, 0.06946994251726815, 0.08307482788222843, 0.10012601418808723, 0.09494813325242529]",10.029010772705078,5.8,2.1458333333333335,3.4169921875,3.00502974926213,1.6741756028200605,2.5612683526487245,5,12,12,12,0.49989162879022003,0.21376827352786995,0.40937071416474846,"[0, 3]",[],"[0, 3]",[],False,"[true, true, true, true, true, true, true, true, true, true, true, true]",,,,0.6947334101929883,1.4059488081601748,1.0151376057442556,3.7853471011788473,4.253857638066381,1.1534481543436756,0,9426,121761,4235,84447,0.8271484375,0.4295196533203125,2.2257378984651712,1.441862943621443,5120,196608,True,True,True,"{""P0"": {""reason"": ""explicit phase ledger missing"", ""status"": ""unavailable""}, ""P1"": {""reason"": ""explicit phase ledger missing"", ""status"": ""unavailable""}, ""P2"": {""actual_rows"": 208896.0, ""content_rows"": 786432.0, ""environment"": {""actual_rows"": 196608.0, ""content_rows"": 786432.0, ""geometry_rows"": 196608.0, ""logical_paths"": 121761.0, ""padded_rows"": 0.0, ""unique_pairs"": 84447.0}, ""geometry_rows"": 196608.0, ""logical_paths"": 131187.0, ""module"": {""actual_rows"": 12288.0, ""content_rows"": null, ""geometry_rows"": null, ""logical_paths"": 9426.0, ""padded_rows"": 7168.0, ""unique_pairs"": 4235.0}, ""padded_rows"": 7168.0, ""status"": ""available"", ""unique_pairs"": 88682.0}, ""P2_consistency"": {""reason"": ""explicit phase ledger missing"", ""status"": ""unavailable""}}",12288.0,7168.0,,,196608.0,0.0,196608.0,786432.0,12,12,"[0.03276674821972847, 0.056336455047130585, 0.10311593115329742, 0.07358027994632721, 0.07302337884902954, 0.052459556609392166, 0.07525427639484406, 0.1403110921382904, 0.15083463490009308, 0.06270871311426163, 0.12960615754127502, 0.050002794712781906]",1.0000000186264515,10.029009735114446,1.0375906320803097e-06,1024,3.0,5.0,2,6,"{""2"": 66, ""3"": 602, ""4"": 236, ""5"": 103, ""6"": 17}","{""0"": 7, ""5"": 2, ""6"": 2, ""7"": 1}","{""1"": 27, ""2"": 120, ""3"": 35, ""4"": 10}",True
0287,12,5,5,12,"[0, 1, 2, 3, 4]",8192,deterministic_linspace_subset,"[0.046875, 11.953125, 0.046875, 5.953125]","[true, true, true, true, true, true, true, true, true, true, true, true]","[3.053199907299131e-05, 0.0031937163323163984, 0.21700538359582425, 0.0, 0.0709879331290722, 0.053885225579142576, 0.04313972294330597, 0.2023154225264079, 0.1569465331733227, 0.031151895970106126, 0.2002365179359913, 0.021107152104377747]","[0.07140579630201198, 0.08452668407699095, 0.08333580754697323, 0.1738935699686408, 0.06694434185434753, 0.07259988926428682, 0.06186736010325452, 0.06745789401369015, 0.06666964293981438, 0.07833229980800145, 0.07399016820515195, 0.09897654575373357]",9.908811569213867,6.0,2.1822916666666665,3.400390625,3.3015348229331245,1.676692312358287,2.479745985021909,5,12,11,12,0.5476077835686641,0.21215667153395676,0.3994026582107558,[3],[],[3],[],False,"[true, true, true, true, true, true, true, true, true, true, true, true]",,,,0.7777093254549702,1.4126813153085467,1.142988844316764,3.781053373983312,3.88919122343853,1.186428738252994,0,10083,121438,4427,86617,0.8646484375,0.4405568440755208,2.277614637451999,1.4020111525451124,5120,196608,True,True,True,"{""P0"": {""reason"": ""explicit phase ledger missing"", ""status"": ""unavailable""}, ""P1"": {""reason"": ""explicit phase ledger missing"", ""status"": ""unavailable""}, ""P2"": {""actual_rows"": 208896.0, ""content_rows"": 786432.0, ""environment"": {""actual_rows"": 196608.0, ""content_rows"": 786432.0, ""geometry_rows"": 196608.0, ""logical_paths"": 121438.0, ""padded_rows"": 0.0, ""unique_pairs"": 86617.0}, ""geometry_rows"": 196608.0, ""logical_paths"": 131521.0, ""module"": {""actual_rows"": 12288.0, ""content_rows"": null, ""geometry_rows"": null, ""logical_paths"": 10083.0, ""padded_rows"": 7168.0, ""unique_pairs"": 4427.0}, ""padded_rows"": 7168.0, ""status"": ""available"", ""unique_pairs"": 91044.0}, ""P2_consistency"": {""reason"": ""explicit phase ledger missing"", ""status"": ""unavailable""}}",12288.0,7168.0,,,196608.0,0.0,196608.0,786432.0,12,12,"[0.0357181653380394, 0.043860193341970444, 0.15017059445381165, 0.0869467705488205, 0.06896613538265228, 0.06324255466461182, 0.052503541111946106, 0.13488665223121643, 0.11180809140205383, 0.05474209785461426, 0.13711334764957428, 0.060041848570108414]",0.9999999925494194,9.908811993933904,4.247200369178472e-07,1024,3.0,5.0,2,6,"{""2"": 71, ""3"": 540, ""4"": 346, ""5"": 66, ""6"": 1}","{""0"": 7, ""5"": 2, ""6"": 1, ""7"": 2}","{""1"": 35, ""2"": 103, ""3"": 40, ""4"": 12, ""5"": 2}",True
0288,12,5,5,12,"[0, 1, 2, 3, 4]",8192,deterministic_linspace_subset,"[0.046875, 11.953125, 0.046875, 5.953125]","[true, true, true, true, true, true, true, true, true, true, true, true]","[0.0, 0.05269007682800293, 0.11304991245269776, 0.008274827152490616, 0.056351262331008914, 0.07906068151351064, 0.11319023370742798, 0.22664695978164673, 0.12901020963618068, 0.027147422730922702, 0.0608806059230119, 0.13369778990745546]","[0.06015474186278879, 0.05560230440460145, 0.09645309720751054, 0.11251796913954118, 0.05110244957419734, 0.11168771256537488, 0.04058923254099986, 0.0672653589572292, 0.08080198056995869, 0.11002745394944213, 0.08967918359364072, 0.12411851503323612]",10.422972679138184,5.4,1.9375,3.3759765625,2.9312957852542523,1.5742178644286178,2.406009308336615,5,12,12,12,0.49122909144993737,0.18358183678230858,0.39258451451131005,[0],[],[0],[],False,"[true, true, true, true, true, true, true, true, true, true, true, true]",,,,0.8191046633973991,1.37100100461154,1.2670396204714152,3.774435247386019,4.241199603702842,1.1854683612559431,0,9322,108157,4278,80539,0.835546875,0.4096425374348958,2.179055633473586,1.342914612796285,5120,196608,True,True,True,"{""P0"": {""reason"": ""explicit phase ledger missing"", ""status"": ""unavailable""}, ""P1"": {""reason"": ""explicit phase ledger missing"", ""status"": ""unavailable""}, ""P2"": {""actual_rows"": 208896.0, ""content_rows"": 786432.0, ""environment"": {""actual_rows"": 196608.0, ""content_rows"": 786432.0, ""geometry_rows"": 196608.0, ""logical_paths"": 108157.0, ""padded_rows"": 0.0, ""unique_pairs"": 80539.0}, ""geometry_rows"": 196608.0, ""logical_paths"": 117479.0, ""module"": {""actual_rows"": 12288.0, ""content_rows"": null, ""geometry_rows"": null, ""logical_paths"": 9322.0, ""padded_rows"": 7168.0, ""unique_pairs"": 4278.0}, ""padded_rows"": 7168.0, ""status"": ""available"", ""unique_pairs"": 84817.0}, ""P2_consistency"": {""reason"": ""explicit phase ledger missing"", ""status"": ""unavailable""}}",12288.0,7168.0,,,196608.0,0.0,196608.0,786432.0,12,12,"[0.03007737174630165, 0.054146185517311096, 0.10475150495767593, 0.060396403074264526, 0.05372685194015503, 0.09537418186664581, 0.07688973098993301, 0.1469561606645584, 0.1049060970544815, 0.06858743727207184, 0.07527989894151688, 0.1289081573486328]",0.9999999813735485,10.422972995931532,3.1679334888679023e-07,1024,3.0,5.0,2,6,"{""2"": 113, ""3"": 487, ""4"": 359, ""5"": 56, ""6"": 9}","{""0"": 7, ""5"": 3, ""6"": 2}","{""1"": 52, ""2"": 100, ""3"": 40}",True
0289,12,5,5,12,"[0, 1, 2, 3, 4]",8192,deterministic_linspace_subset,"[0.046875, 11.953125, 0.046875, 5.953125]","[true, true, true, true, true, true, true, true, true, true, true, true]","[0.0, 0.0, 0.20287791490554813, 0.0, 0.03860491365194321, 0.1140763840638101, 0.11808867102954537, 0.1809102475643158, 0.06293039619922638, 0.05197152234613896, 0.13553766272962092, 0.09500227645039559]","[0.06354785454459488, 0.049853795887126275, 0.11126864540468277, 0.13830219643811384, 0.057940952101489536, 0.0930906512076035, 0.05381392978597433, 0.0599069157615304, 0.07534839313787718, 0.10474581154994665, 0.08925864857155831, 0.10292220693857719]",10.062620162963867,5.2,1.9791666666666667,3.4609375,2.910060007206423,1.5896484784031877,2.430816201223477,5,12,12,12,0.48829753459516156,0.18996248779225203,0.39863453673709526,"[0, 1, 3]",[],"[0, 1, 3]",[],False,"[true, true, true, true, true, true, true, true, true, true, true, true]",,,,0.8052637472794949,1.3925016412671487,1.6790951188612806,3.7766566839126012,3.9850861323985574,1.1823236503212662,0,9443,111472,4210,81955,0.822265625,0.4168446858723958,2.2429928741092637,1.3601610639985358,5120,196608,True,True,True,"{""P0"": {""reason"": ""explicit phase ledger missing"", ""status"": ""unavailable""}, ""P1"": {""reason"": ""explicit phase ledger missing"", ""status"": ""unavailable""}, ""P2"": {""actual_rows"": 208896.0, ""content_rows"": 786432.0, ""environment"": {""actual_rows"": 196608.0, ""content_rows"": 786432.0, ""geometry_rows"": 196608.0, ""logical_paths"": 111472.0, ""padded_rows"": 0.0, ""unique_pairs"": 81955.0}, ""geometry_rows"": 196608.0, ""logical_paths"": 120915.0, ""module"": {""actual_rows"": 12288.0, ""content_rows"": null, ""geometry_rows"": null, ""logical_paths"": 9443.0, ""padded_rows"": 7168.0, ""unique_pairs"": 4210.0}, ""padded_rows"": 7168.0, ""status"": ""available"", ""unique_pairs"": 86165.0}, ""P2_consistency"": {""reason"": ""explicit phase ledger missing"", ""status"": ""unavailable""}}",12288.0,7168.0,,,196608.0,0.0,196608.0,786432.0,12,12,"[0.031773924827575684, 0.02492690086364746, 0.1570732742547989, 0.06915111094713211, 0.04827293008565903, 0.10358352214097977, 0.0859512984752655, 0.12040858715772629, 0.06913939118385315, 0.07835867255926132, 0.11239814758300781, 0.09896223992109299]",1.0,10.062619356858722,8.061051453012169e-07,1024,3.0,5.0,2,6,"{""2"": 54, ""3"": 538, ""4"": 342, ""5"": 86, ""6"": 4}","{""0"": 7, ""4"": 1, ""5"": 2, ""6"": 2}","{""1"": 45, ""2"": 111, ""3"": 31, ""4"": 5}",True
0290,12,5,5,12,"[0, 1, 2, 3, 4]",8192,deterministic_linspace_subset,"[0.046875, 11.953125, 0.046875, 5.953125]","[true, true, true, true, true, true, true, true, true, true, true, true]","[0.02072047293186188, 7.769123185425998e-05, 0.12872567363083362, 0.014039497077465058, 0.07561293244361877, 0.12765573272481562, 0.07618264554475901, 0.17733903974294662, 0.10348154241219162, 0.015395260974764825, 0.13626615861430763, 0.12450336017645897]","[0.0743889940980201, 0.05787182541098445, 0.08954054548909578, 0.12369730991000928, 0.06721489926955351, 0.08834496383011962, 0.053898391658246204, 0.05755374493310228, 0.08912446270308767, 0.08991968053548285, 0.08197678703193866, 0.1264683928384329]",10.610855102539062,6.2,1.9739583333333333,3.3037109375,2.914051486871276,1.5430428915618906,2.289003882735866,5,12,11,12,0.48905151653538026,0.17755241389100104,0.3753097110655513,[],[],[],[],False,"[true, true, true, true, true, true, true, true, true, true, true, true]",,,,0.8817363562509805,1.379640350539452,1.2011248318848256,3.776702431441934,4.191464402836967,1.128902239235844,0,10520,104458,4424,77692,0.8640625,0.3951619466145833,2.3779385171790235,1.3445142356999433,5120,196608,True,True,True,"{""P0"": {""reason"": ""explicit phase ledger missing"", ""status"": ""unavailable""}, ""P1"": {""reason"": ""explicit phase ledger missing"", ""status"": ""unavailable""}, ""P2"": {""actual_rows"": 208896.0, ""content_rows"": 786432.0, ""environment"": {""actual_rows"": 196608.0, ""content_rows"": 786432.0, ""geometry_rows"": 196608.0, ""logical_paths"": 104458.0, ""padded_rows"": 0.0, ""unique_pairs"": 77692.0}, ""geometry_rows"": 196608.0, ""logical_paths"": 114978.0, ""module"": {""actual_rows"": 12288.0, ""content_rows"": null, ""geometry_rows"": null, ""logical_paths"": 10520.0, ""padded_rows"": 7168.0, ""unique_pairs"": 4424.0}, ""padded_rows"": 7168.0, ""status"": ""available"", ""unique_pairs"": 82116.0}, ""P2_consistency"": {""reason"": ""explicit phase ledger missing"", ""status"": ""unavailable""}}",12288.0,7168.0,,,196608.0,0.0,196608.0,786432.0,12,12,"[0.04755473509430885, 0.028974756598472595, 0.10913310945034027, 0.06886841356754303, 0.07141391187906265, 0.10800035297870636, 0.06504051387310028, 0.1174464002251625, 0.09630300104618073, 0.05265745893120766, 0.10912147164344788, 0.12548589706420898]",1.0000000223517418,10.61085485286044,2.496786226657832e-07,1024,3.0,4.0,2,5,"{""2"": 45, ""3"": 659, ""4"": 284, ""5"": 36}","{""0"": 7, ""4"": 1, ""5"": 1, ""7"": 2, ""8"": 1}","{""1"": 51, ""2"": 102, ""3"": 32, ""4"": 7}",True
0291,12,5,5,12,"[0, 1, 2, 3, 4]",8192,deterministic_linspace_subset,"[0.046875, 11.953125, 0.046875, 5.953125]","[true, true, true, true, true, true, true, true, true, true, true, true]","[0.0, 0.0002490583574399352, 0.14770810483023525, 0.037182274460792544, 0.07005977034568787, 0.17247648050542924, 0.0, 0.15428744554519655, 0.11853809505701066, 0.012895522825419904, 0.2153548464179039, 0.07124840617179871]","[0.10585423319328889, 0.07865357396076433, 0.08458161495703582, 0.1609236364796137, 0.09368986249319275, 0.056044100361759774, 0.05913003510795532, 0.061064789343314885, 0.07013465511651398, 0.07010428650149457, 0.06680563204766561, 0.09301358084970462]",10.292654991149902,5.6,2.09375,3.41015625,3.175925924303707,1.6343684006785997,2.3962446009596547,5,12,11,12,0.5231347958955144,0.2033565917171027,0.3915556678765315,"[0, 6]",[],"[0, 6]",[],False,"[true, true, true, true, true, true, true, true, true, true, true, true]",,,,0.6791346547418763,1.4433855834187217,1.2651847630928652,3.7780104229502993,3.9991563875945055,1.1749374804002457,0,10538,111234,4579,82115,0.8943359375,0.4176584879557292,2.3013758462546408,1.3546124337818912,5120,196608,True,True,True,"{""P0"": {""reason"": ""explicit phase ledger missing"", ""status"": ""unavailable""}, ""P1"": {""reason"": ""explicit phase ledger missing"", ""status"": ""unavailable""}, ""P2"": {""actual_rows"": 208896.0, ""content_rows"": 786432.0, ""environment"": {""actual_rows"": 196608.0, ""content_rows"": 786432.0, ""geometry_rows"": 196608.0, ""logical_paths"": 111234.0, ""padded_rows"": 0.0, ""unique_pairs"": 82115.0}, ""geometry_rows"": 196608.0, ""logical_paths"": 121772.0, ""module"": {""actual_rows"": 12288.0, ""content_rows"": null, ""geometry_rows"": null, ""logical_paths"": 10538.0, ""padded_rows"": 7168.0, ""unique_pairs"": 4579.0}, ""padded_rows"": 7168.0, ""status"": ""available"", ""unique_pairs"": 86694.0}, ""P2_consistency"": {""reason"": ""explicit phase ledger missing"", ""status"": ""unavailable""}}",12288.0,7168.0,,,196608.0,0.0,196608.0,786432.0,12,12,"[0.05292711406946182, 0.039451319724321365, 0.11614485830068588, 0.09905295073986053, 0.08187481760978699, 0.11426029354333878, 0.02956501580774784, 0.10767611861228943, 0.0943363606929779, 0.04149990528821945, 0.14108024537563324, 0.08213099837303162]",0.9999999981373549,10.29265455397353,4.371763715482757e-07,1024,3.0,5.0,2,6,"{""2"": 35, ""3"": 606, ""4"": 315, ""5"": 64, ""6"": 4}","{""0"": 7, ""5"": 3, ""6"": 1, ""7"": 1}","{""1"": 42, ""2"": 100, ""3"": 41, ""4"": 8, ""5"": 1}",True
0292,12,5,5,12,"[0, 1, 2, 3, 4]",8192,deterministic_linspace_subset,"[0.046875, 11.953125, 0.046875, 5.953125]","[true, true, true, true, true, true, true, true, true, true, true, true]","[0.01896935924887657, 0.0, 0.09377683773636819, 0.002316969633102417, 0.011044005304574967, 0.14874413534998895, 0.09272090569138527, 0.2128156565129757, 0.07983937300741673, 0.0008317142724990845, 0.21610697060823442, 0.12283410206437112]","[0.0660615967681224, 0.049108420265838504, 0.08777044313804558, 0.11496188941722119, 0.08365254335027807, 0.1043050260317007, 0.06798255736551559, 0.03303263247168313, 0.11895437827721858, 0.09725914607406592, 0.07700561139427009, 0.09990575530537173]",9.99268627166748,6.0,2.2916666666666665,3.7119140625,3.138871856366756,1.7661321996292665,2.5765680073396107,5,12,12,12,0.530354338683163,0.23531315155934532,0.42089711733839485,[1],[],[1],[],False,"[true, true, true, true, true, true, true, true, true, true, true, true]",,,,0.6244547900152178,1.4633009251401017,0.8321931226110606,3.782511385789754,3.865433743864999,1.1790512126620838,0,11454,133394,4808,90400,0.9390625,0.4597981770833333,2.382279534109817,1.4755973451327433,5120,196608,True,True,True,"{""P0"": {""reason"": ""explicit phase ledger missing"", ""status"": ""unavailable""}, ""P1"": {""reason"": ""explicit phase ledger missing"", ""status"": ""unavailable""}, ""P2"": {""actual_rows"": 208896.0, ""content_rows"": 786432.0, ""environment"": {""actual_rows"": 196608.0, ""content_rows"": 786432.0, ""geometry_rows"": 196608.0, ""logical_paths"": 133394.0, ""padded_rows"": 0.0, ""unique_pairs"": 90400.0}, ""geometry_rows"": 196608.0, ""logical_paths"": 144848.0, ""module"": {""actual_rows"": 12288.0, ""content_rows"": null, ""geometry_rows"": null, ""logical_paths"": 11454.0, ""padded_rows"": 7168.0, ""unique_pairs"": 4808.0}, ""padded_rows"": 7168.0, ""status"": ""available"", ""unique_pairs"": 95208.0}, ""P2_consistency"": {""reason"": ""explicit phase ledger missing"", ""status"": ""unavailable""}}",12288.0,7168.0,,,196608.0,0.0,196608.0,786432.0,12,12,"[0.042515479028224945, 0.024554211646318436, 0.09077364206314087, 0.05863943323493004, 0.0473482720553875, 0.12652458250522614, 0.08035174012184143, 0.12292414903640747, 0.09939688444137573, 0.04904543235898018, 0.1465562880039215, 0.11136993765830994]",1.0000000521540642,9.992686000253286,2.714141942306014e-07,1024,4.0,5.0,2,6,"{""2"": 5, ""3"": 459, ""4"": 408, ""5"": 130, ""6"": 22}","{""0"": 7, ""4"": 1, ""6"": 2, ""7"": 2}","{""1"": 29, ""2"": 93, ""3"": 57, ""4"": 12, ""6"": 1}",True
0293,12,7,7,12,"[0, 1, 2, 3, 4, 5, 6]",8192,deterministic_linspace_subset,"[0.046875, 11.953125, 0.046875, 5.953125]","[true, true, true, true, true, true, true, true, true, true, true, true]","[0.0022036880254745483, 0.010042289271950722, 0.21267676140580857, 0.0335185102054051, 0.07992034831217357, 0.07748150938589658, 0.012799101216452462, 0.14638889261654445, 0.18570669953312188, 0.015414357950378741, 0.2040488573589495, 0.01979900397626417]","[0.09791625581177262, 0.07493166901015987, 0.08444187634934983, 0.1772355642072701, 0.07557432295288889, 0.07102891634591896, 0.06694630030445599, 0.047318547260753505, 0.06412033954014382, 0.09404038610712934, 0.07609219728813818, 0.07035362375124045]",9.973628044128418,5.857142857142857,1.9791666666666667,3.4580078125,2.806190505094208,1.5662538052774801,2.355359638430268,7,12,12,12,0.5002029964465667,0.1856632990548345,0.3856258627966204,[],[],[],[],False,"[true, true, true, true, true, true, true, true, true, true, true, true]",,,,0.8489949427176584,1.3508330905068229,1.2315374607545033,3.7703811559332934,3.9990351837662628,1.1489840832781868,0,13737,103505,6159,77075,0.8592354910714286,0.3920237223307292,2.2303945445689237,1.342912747324035,7168,196608,True,True,True,"{""P0"": {""reason"": ""explicit phase ledger missing"", ""status"": ""unavailable""}, ""P1"": {""reason"": ""explicit phase ledger missing"", ""status"": ""unavailable""}, ""P2"": {""actual_rows"": 208896.0, ""content_rows"": 786432.0, ""environment"": {""actual_rows"": 196608.0, ""content_rows"": 786432.0, ""geometry_rows"": 196608.0, ""logical_paths"": 103505.0, ""padded_rows"": 0.0, ""unique_pairs"": 77075.0}, ""geometry_rows"": 196608.0, ""logical_paths"": 117242.0, ""module"": {""actual_rows"": 12288.0, ""content_rows"": null, ""geometry_rows"": null, ""logical_paths"": 13737.0, ""padded_rows"": 5120.0, ""unique_pairs"": 6159.0}, ""padded_rows"": 5120.0, ""status"": ""available"", ""unique_pairs"": 83234.0}, ""P2_consistency"": {""reason"": ""explicit phase ledger missing"", ""status"": ""unavailable""}}",12288.0,5120.0,,,196608.0,0.0,196608.0,786432.0,12,12,"[0.050059977918863297, 0.042486973106861115, 0.1485593169927597, 0.10537704080343246, 0.07774734497070312, 0.07425521314144135, 0.039872702211141586, 0.09685371816158295, 0.1249135285615921, 0.054727375507354736, 0.14007052779197693, 0.04507631063461304]",1.0000000298023224,9.97362983413778,1.79000936206819e-06,1024,3.0,5.0,2,6,"{""2"": 56, ""3"": 536, ""4"": 346, ""5"": 79, ""6"": 7}","{""0"": 5, ""4"": 1, ""6"": 5, ""7"": 1}","{""1"": 45, ""2"": 112, ""3"": 30, ""4"": 4, ""5"": 1}",True
0294,12,7,7,12,"[0, 1, 2, 3, 4, 5, 6]",8192,deterministic_linspace_subset,"[0.046875, 11.953125, 0.046875, 5.953125]","[true, true, true, true, true, true, true, true, true, true, true, true]","[0.033338444839630804, 0.07045033600713525, 0.08431647791543842, 0.008351240839276994, 0.0015162320508222494, 0.09596035523074013, 0.08059035214994634, 0.17336764026965412, 0.20692150428356268, 0.07253006526402064, 0.15134207233703428, 0.02131531520613602]","[0.09808919727705262, 0.07747823182338227, 0.08370643493253738, 0.15257896067729837, 0.07559095493828256, 0.07504956609530684, 0.05868677600907784, 0.050751964998198666, 0.07363593083573505, 0.09292296951753086, 0.08274549753211129, 0.07876351506759723]",10.839993476867676,5.571428571428571,1.9791666666666667,3.3798828125,2.7192928927970437,1.58625480318839,2.338635064551731,7,12,12,12,0.46952328906340296,0.19067349194738484,0.3817210502831064,[],[],[],[],False,"[true, true, true, true, true, true, true, true, true, true, true, true]",,,,1.005181036195794,1.3855944242488638,1.562545447613549,3.7766777105348,4.26104798700822,1.1001819055229345,0,12292,106101,5861,76008,0.8176618303571429,0.3865966796875,2.097253028493431,1.3959188506473004,7168,196608,True,True,True,"{""P0"": {""reason"": ""explicit phase ledger missing"", ""status"": ""unavailable""}, ""P1"": {""reason"": ""explicit phase ledger missing"", ""status"": ""unavailable""}, ""P2"": {""actual_rows"": 208896.0, ""content_rows"": 786432.0, ""environment"": {""actual_rows"": 196608.0, ""content_rows"": 786432.0, ""geometry_rows"": 196608.0, ""logical_paths"": 106101.0, ""padded_rows"": 0.0, ""unique_pairs"": 76008.0}, ""geometry_rows"": 196608.0, ""logical_paths"": 118393.0, ""module"": {""actual_rows"": 12288.0, ""content_rows"": null, ""geometry_rows"": null, ""logical_paths"": 12292.0, ""padded_rows"": 5120.0, ""unique_pairs"": 5861.0}, ""padded_rows"": 5120.0, ""status"": ""available"", ""unique_pairs"": 81869.0}, ""P2_consistency"": {""reason"": ""explicit phase ledger missing"", ""status"": ""unavailable""}}",12288.0,5120.0,,,196608.0,0.0,196608.0,786432.0,12,12,"[0.06571383029222488, 0.07396428287029266, 0.08401146531105042, 0.08046510070562363, 0.038553591817617416, 0.08550496399402618, 0.06963856518268585, 0.1120598092675209, 0.14027872681617737, 0.08272652328014374, 0.11704379320144653, 0.050039418041706085]",1.0000000707805157,10.83999300632949,4.705381861924707e-07,1024,3.0,5.0,2,6,"{""2"": 101, ""3"": 538, ""4"": 281, ""5"": 103, ""6"": 1}","{""0"": 5, ""5"": 4, ""6"": 2, ""7"": 1}","{""1"": 45, ""2"": 110, ""3"": 34, ""4"": 2, ""5"": 1}",True
0295,12,7,7,12,"[0, 1, 2, 3, 4, 5, 6]",8192,deterministic_linspace_subset,"[0.046875, 11.953125, 0.046875, 5.953125]","[true, true, true, true, true, true, true, true, true, true, true, true]","[0.04192207095911726, 0.0098081465278353, 0.2206492509160723, 0.09181126190482504, 0.05032588162326387, 0.16649860995156424, 0.0, 0.031761305672781806, 0.12348337577922003, 0.052214964209789674, 0.1987436058531914, 0.012781515983598571]","[0.1044922579761381, 0.06227347332363328, 0.1101120833385115, 0.14354757676483126, 0.08381865339470095, 0.059629627731434695, 0.06648271057444316, 0.057864434655130026, 0.058572290387625486, 0.07921264916270349, 0.0791447353597808, 0.09484950779005884]",9.703200340270996,5.714285714285714,2.203125,3.40625,2.951831497006509,1.7029041550405857,2.3708352869234126,7,12,12,12,0.5076943692455842,0.22396371410037663,0.38452225716329735,[6],[],[6],[],False,"[true, true, true, true, true, true, true, true, true, true, true, true]",,,,0.9738435624791165,1.4455430156590847,1.8834145622542482,3.7865103218189766,4.161160391720293,1.1279104295744518,0,12456,119695,5529,82184,0.7713448660714286,0.4180094401041667,2.2528486163863266,1.4564270417599532,7168,196608,True,True,True,"{""P0"": {""reason"": ""explicit phase ledger missing"", ""status"": ""unavailable""}, ""P1"": {""reason"": ""explicit phase ledger missing"", ""status"": ""unavailable""}, ""P2"": {""actual_rows"": 208896.0, ""content_rows"": 786432.0, ""environment"": {""actual_rows"": 196608.0, ""content_rows"": 786432.0, ""geometry_rows"": 196608.0, ""logical_paths"": 119695.0, ""padded_rows"": 0.0, ""unique_pairs"": 82184.0}, ""geometry_rows"": 196608.0, ""logical_paths"": 132151.0, ""module"": {""actual_rows"": 12288.0, ""content_rows"": null, ""geometry_rows"": null, ""logical_paths"": 12456.0, ""padded_rows"": 5120.0, ""unique_pairs"": 5529.0}, ""padded_rows"": 5120.0, ""status"": ""available"", ""unique_pairs"": 87713.0}, ""P2_consistency"": {""reason"": ""explicit phase ledger missing"", ""status"": ""unavailable""}}",12288.0,5120.0,,,196608.0,0.0,196608.0,786432.0,12,12,"[0.07320716232061386, 0.036040809005498886, 0.16538068652153015, 0.11767943948507309, 0.06707227230072021, 0.11306411772966385, 0.033241353929042816, 0.044812869280576706, 0.09102784097194672, 0.06571381539106369, 0.13894417881965637, 0.053815510123968124]",1.0000000558793545,9.703200153783293,1.864877035018253e-07,1024,3.0,5.0,2,6,"{""2"": 102, ""3"": 509, ""4"": 316, ""5"": 89, ""6"": 8}","{""0"": 5, ""4"": 1, ""5"": 2, ""6"": 2, ""7"": 2}","{""1"": 24, ""2"": 114, ""3"": 46, ""4"": 7, ""5"": 1}",True
0296,12,7,7,12,"[0, 1, 2, 3, 4, 5, 6]",8192,deterministic_linspace_subset,"[0.046875, 11.953125, 0.046875, 5.953125]","[true, true, true, true, true, true, true, true, true, true, true, true]","[0.018629328347742558, 0.028350903669239154, 0.16976469409252914, 0.04504218378237315, 0.062339529395103455, 0.13031610580427305, 0.062178407396589, 0.13463455491832324, 0.09078852240262286, 0.04999260804782222, 0.11728371493518351, 0.09067945874163083]","[0.11322520985004306, 0.08219491267421596, 0.08739207162094925, 0.16384513579153756, 0.0780758449497322, 0.06285857638188948, 0.05927394472140196, 0.04531466189291677, 0.07633401302155109, 0.08157978833575424, 0.06513390562031417, 0.08477193454746156]",11.3367280960083,5.571428571428571,1.921875,3.0966796875,2.757716157508207,1.5440916626389996,2.198865903697051,7,12,12,12,0.48349723861646193,0.17676084266083125,0.35123180583139835,[],[],[],[],False,"[true, true, true, true, true, true, true, true, true, true, true, true]",,,,1.2063711812193108,1.3604181129006905,2.011755509171304,3.770200429797921,4.1898484611999836,1.1721623545867592,0,11139,87825,5426,69876,0.7569754464285714,0.35540771484375,2.052893475856985,1.256869311351537,7168,196608,True,True,True,"{""P0"": {""reason"": ""explicit phase ledger missing"", ""status"": ""unavailable""}, ""P1"": {""reason"": ""explicit phase ledger missing"", ""status"": ""unavailable""}, ""P2"": {""actual_rows"": 208896.0, ""content_rows"": 786432.0, ""environment"": {""actual_rows"": 196608.0, ""content_rows"": 786432.0, ""geometry_rows"": 196608.0, ""logical_paths"": 87825.0, ""padded_rows"": 0.0, ""unique_pairs"": 69876.0}, ""geometry_rows"": 196608.0, ""logical_paths"": 98964.0, ""module"": {""actual_rows"": 12288.0, ""content_rows"": null, ""geometry_rows"": null, ""logical_paths"": 11139.0, ""padded_rows"": 5120.0, ""unique_pairs"": 5426.0}, ""padded_rows"": 5120.0, ""status"": ""available"", ""unique_pairs"": 75302.0}, ""P2_consistency"": {""reason"": ""explicit phase ledger missing"", ""status"": ""unavailable""}}",12288.0,5120.0,,,196608.0,0.0,196608.0,786432.0,12,12,"[0.06592727452516556, 0.0552729070186615, 0.12857837975025177, 0.10444366186857224, 0.07020768523216248, 0.09658734500408173, 0.06072618067264557, 0.08997461199760437, 0.08356127142906189, 0.0657861977815628, 0.091208815574646, 0.0877256989479065]",1.0000000298023224,11.336728597092666,5.010843651120922e-07,1024,3.0,4.0,2,6,"{""2"": 182, ""3"": 596, ""4"": 213, ""5"": 31, ""6"": 2}","{""0"": 5, ""5"": 3, ""6"": 4}","{""1"": 53, ""2"": 105, ""3"": 30, ""4"": 4}",True
0297,12,7,7,12,"[0, 1, 2, 3, 4, 5, 6]",8192,deterministic_linspace_subset,"[0.046875, 11.953125, 0.046875, 5.953125]","[true, true, true, true, true, true, true, true, true, true, true, true]","[0.017763889261654443, 0.006021932565740177, 0.1569144387862512, 0.00010278633895463177, 0.05148777937782662, 0.06950744334608316, 0.05875674063073737, 0.19658030912147034, 0.1984530964068004, 0.08450705960525998, 0.10820549294086437, 0.0516990354018552]","[0.09891373522502062, 0.07706933895436426, 0.08961908118605305, 0.15028506142940984, 0.06179530202643946, 0.07804665910468125, 0.061845674305610984, 0.04848380238884904, 0.07919903852355976, 0.08747221942758189, 0.07709368150002169, 0.09017640460903446]",10.687994003295898,6.285714285714286,1.9635416666666667,3.279296875,2.851065125453542,1.574707900973894,2.249120876045898,7,12,12,12,0.4793934104020502,0.18709539494329985,0.3645347002251351,[],[],[],[],False,"[true, true, true, true, true, true, true, true, true, true, true, true]",,,,0.9191616463328413,1.3851323217072224,1.3345587975809008,3.7775164545328392,4.0802781058282624,1.1639485525267559,0,13677,100276,6191,75135,0.8636997767857143,0.3821563720703125,2.209174608302374,1.3346110334730819,7168,196608,True,True,True,"{""P0"": {""reason"": ""explicit phase ledger missing"", ""status"": ""unavailable""}, ""P1"": {""reason"": ""explicit phase ledger missing"", ""status"": ""unavailable""}, ""P2"": {""actual_rows"": 208896.0, ""content_rows"": 786432.0, ""environment"": {""actual_rows"": 196608.0, ""content_rows"": 786432.0, ""geometry_rows"": 196608.0, ""logical_paths"": 100276.0, ""padded_rows"": 0.0, ""unique_pairs"": 75135.0}, ""geometry_rows"": 196608.0, ""logical_paths"": 113953.0, ""module"": {""actual_rows"": 12288.0, ""content_rows"": null, ""geometry_rows"": null, ""logical_paths"": 13677.0, ""padded_rows"": 5120.0, ""unique_pairs"": 6191.0}, ""padded_rows"": 5120.0, ""status"": ""available"", ""unique_pairs"": 81326.0}, ""P2_consistency"": {""reason"": ""explicit phase ledger missing"", ""status"": ""unavailable""}}",12288.0,5120.0,,,196608.0,0.0,196608.0,786432.0,12,12,"[0.05833881348371506, 0.04154563322663307, 0.12326675653457642, 0.07519394904375076, 0.05664154142141342, 0.07377704977989197, 0.06030120700597763, 0.12253206223249435, 0.13882607221603394, 0.08598963916301727, 0.09264959394931793, 0.07093772292137146]",1.0000000409781933,10.68799210882977,1.8944661288600173e-06,1024,3.0,5.0,2,5,"{""2"": 100, ""3"": 601, ""4"": 260, ""5"": 63}","{""0"": 5, ""5"": 1, ""6"": 3, ""7"": 3}","{""1"": 40, ""2"": 124, ""3"": 23, ""4"": 5}",True
0298,12,7,7,12,"[0, 1, 2, 3, 4, 5, 6]",8192,deterministic_linspace_subset,"[0.046875, 11.953125, 0.046875, 5.953125]","[true, true, true, true, true, true, true, true, true, true, true, true]","[0.030422723186867576, 0.022933136671781536, 0.17538664115376634, 0.03161992771284921, 0.024178590359432352, 0.14768741587509532, 0.04036004628453936, 0.10311315598249036, 0.09969290094107106, 0.03187803019370351, 0.1992962248706525, 0.09343119817120688]","[0.09165950775301707, 0.08311738901587282, 0.08959293803006099, 0.15568763774354008, 0.08980708169595648, 0.06809494863652316, 0.05475526642597591, 0.051650908503991864, 0.08949990837815372, 0.062436785956379026, 0.06063470370039189, 0.10306292348347294]",10.670480728149414,6.714285714285714,2.015625,3.234375,3.018052546496374,1.5934445299807791,2.2842573100640786,7,12,12,12,0.513761997511048,0.18958857530034331,0.3682979431712068,[],[],[],[],False,"[true, true, true, true, true, true, true, true, true, true, true, true]",,,,1.377705427901217,1.405802719262063,1.7859812933857984,3.7778348974101568,4.036036174373166,1.1317143512133718,0,14581,99403,6673,74287,0.9309430803571429,0.3778432210286458,2.185074179529447,1.3380941483705089,7168,196608,True,True,True,"{""P0"": {""reason"": ""explicit phase ledger missing"", ""status"": ""unavailable""}, ""P1"": {""reason"": ""explicit phase ledger missing"", ""status"": ""unavailable""}, ""P2"": {""actual_rows"": 208896.0, ""content_rows"": 786432.0, ""environment"": {""actual_rows"": 196608.0, ""content_rows"": 786432.0, ""geometry_rows"": 196608.0, ""logical_paths"": 99403.0, ""padded_rows"": 0.0, ""unique_pairs"": 74287.0}, ""geometry_rows"": 196608.0, ""logical_paths"": 113984.0, ""module"": {""actual_rows"": 12288.0, ""content_rows"": null, ""geometry_rows"": null, ""logical_paths"": 14581.0, ""padded_rows"": 5120.0, ""unique_pairs"": 6673.0}, ""padded_rows"": 5120.0, ""status"": ""available"", ""unique_pairs"": 80960.0}, ""P2_consistency"": {""reason"": ""explicit phase ledger missing"", ""status"": ""unavailable""}}",12288.0,5120.0,,,196608.0,0.0,196608.0,786432.0,12,12,"[0.06104111298918724, 0.0530252642929554, 0.13248978555202484, 0.09365379810333252, 0.056992847472429276, 0.10789118707180023, 0.047557659447193146, 0.07738203555345535, 0.09459640830755234, 0.0471574068069458, 0.12996546924114227, 0.09824706614017487]",1.0000000409781933,10.670481031395408,3.032459936491705e-07,1024,3.0,5.0,2,5,"{""2"": 124, ""3"": 603, ""4"": 230, ""5"": 67}","{""0"": 5, ""5"": 1, ""6"": 1, ""7"": 4, ""8"": 1}","{""1"": 45, ""2"": 103, ""3"": 40, ""4"": 4}",True
0299,12,7,7,12,"[0, 1, 2, 3, 4, 5, 6]",8192,deterministic_linspace_subset,"[0.046875, 11.953125, 0.046875, 5.953125]","[true, true, true, true, true, true, true, true, true, true, true, true]","[0.005995806423015892, 0.04459976777434349, 0.06241663811462267, 0.00018949904811701602, 0.0031294607158218113, 0.10246365836688451, 0.11444583109446935, 0.18015785086234767, 0.18721785386359052, 0.06568397368703568, 0.15638524054416586, 0.07731443324259349]","[0.10696233512135223, 0.08200636727269739, 0.081937831089211, 0.1488690110854804, 0.0689242184938242, 0.0783987573425596, 0.04693627626450811, 0.04827018375120436, 0.07608876035859187, 0.10101274292295176, 0.07640925505741812, 0.0841842599256779]",10.947953224182129,5.428571428571429,1.9166666666666667,3.1875,3.0034647891603514,1.5545569855859291,2.2756638177516635,7,12,12,12,0.5005463139681448,0.1791807065148694,0.36499448733600637,[],[],[],[],False,"[true, true, true, true, true, true, true, true, true, true, true, true]",,,,1.1508824352713731,1.398485132349084,1.6076692269216104,3.769774653029394,4.067218404463534,1.1329687640318187,0,11975,90976,5939,73279,0.8285435267857143,0.3727162679036458,2.0163327159454454,1.2415016580466436,7168,196608,True,True,True,"{""P0"": {""reason"": ""explicit phase ledger missing"", ""status"": ""unavailable""}, ""P1"": {""reason"": ""explicit phase ledger missing"", ""status"": ""unavailable""}, ""P2"": {""actual_rows"": 208896.0, ""content_rows"": 786432.0, ""environment"": {""actual_rows"": 196608.0, ""content_rows"": 786432.0, ""geometry_rows"": 196608.0, ""logical_paths"": 90976.0, ""padded_rows"": 0.0, ""unique_pairs"": 73279.0}, ""geometry_rows"": 196608.0, ""logical_paths"": 102951.0, ""module"": {""actual_rows"": 12288.0, ""content_rows"": null, ""geometry_rows"": null, ""logical_paths"": 11975.0, ""padded_rows"": 5120.0, ""unique_pairs"": 5939.0}, ""padded_rows"": 5120.0, ""status"": ""available"", ""unique_pairs"": 79218.0}, ""P2_consistency"": {""reason"": ""explicit phase ledger missing"", ""status"": ""unavailable""}}",12288.0,5120.0,,,196608.0,0.0,196608.0,786432.0,12,12,"[0.0564790777862072, 0.06330306828022003, 0.0721772313117981, 0.0745292529463768, 0.036026839166879654, 0.09043121337890625, 0.08069105446338654, 0.11421402543783188, 0.1316533088684082, 0.083348348736763, 0.11639724671840668, 0.08074934780597687]",1.0000000149011612,10.9479535759699,3.517877704695138e-07,1024,3.0,4.0,2,5,"{""2"": 152, ""3"": 574, ""4"": 252, ""5"": 46}","{""0"": 5, ""4"": 2, ""5"": 1, ""6"": 3, ""7"": 1}","{""1"": 54, ""2"": 105, ""3"": 28, ""4"": 5}",True
0300,12,7,7,12,"[0, 1, 2, 3, 4, 5, 6]",8192,deterministic_linspace_subset,"[0.046875, 11.953125, 0.046875, 5.953125]","[true, true, true, true, true, true, true, true, true, true, true, true]","[0.0025954866515738623, 0.01056602235673511, 0.11104797891208104, 0.06851853323834282, 0.06320745344938977, 0.18664531436349663, 0.09497573971748352, 0.17856279121977942, 0.08305718385132162, 0.009072593691858597, 0.11830395362007297, 0.07344694981085402]","[0.11173638399729192, 0.07468456524172022, 0.09091596014998989, 0.15491565937797228, 0.07909853675907165, 0.056420710422874734, 0.058642692592305444, 0.04490044222863314, 0.09942841228136481, 0.0731715655941419, 0.06309873434171702, 0.09298633745250606]",10.97121810913086,5.571428571428571,1.96875,3.2353515625,2.9786774516162153,1.5684972692137589,2.306324713246943,7,12,11,12,0.48710434024690813,0.18276407145551285,0.37311656498436596,[],[],[],[],False,"[true, true, true, true, true, true, true, true, true, true, true, true]",,,,1.1798700794898036,1.412534834315213,1.7508241786812815,3.7761332795518134,4.240753311408059,1.1405812032481826,0,12297,95647,5757,73833,0.8031529017857143,0.3755340576171875,2.136008337675873,1.29545054379478,7168,196608,True,True,True,"{""P0"": {""reason"": ""explicit phase ledger missing"", ""status"": ""unavailable""}, ""P1"": {""reason"": ""explicit phase ledger missing"", ""status"": ""unavailable""}, ""P2"": {""actual_rows"": 208896.0, ""content_rows"": 786432.0, ""environment"": {""actual_rows"": 196608.0, ""content_rows"": 786432.0, ""geometry_rows"": 196608.0, ""logical_paths"": 95647.0, ""padded_rows"": 0.0, ""unique_pairs"": 73833.0}, ""geometry_rows"": 196608.0, ""logical_paths"": 107944.0, ""module"": {""actual_rows"": 12288.0, ""content_rows"": null, ""geometry_rows"": null, ""logical_paths"": 12297.0, ""padded_rows"": 5120.0, ""unique_pairs"": 5757.0}, ""padded_rows"": 5120.0, ""status"": ""available"", ""unique_pairs"": 79590.0}, ""P2_consistency"": {""reason"": ""explicit phase ledger missing"", ""status"": ""unavailable""}}",12288.0,5120.0,,,196608.0,0.0,196608.0,786432.0,12,12,"[0.05716593563556671, 0.04262528568506241, 0.10098197311162949, 0.1117170974612236, 0.07115299999713898, 0.12153302133083344, 0.07680922001600266, 0.1117316260933876, 0.09124280512332916, 0.04112207889556885, 0.09070134907960892, 0.08321664482355118]",1.000000037252903,10.971217756309947,3.528209120418069e-07,1024,3.0,5.0,2,6,"{""2"": 139, ""3"": 567, ""4"": 261, ""5"": 52, ""6"": 5}","{""0"": 5, ""5"": 5, ""6"": 1, ""8"": 1}","{""1"": 51, ""2"": 99, ""3"": 39, ""4"": 3}",True
0301,12,7,7,12,"[0, 1, 2, 3, 4, 5, 6]",8192,deterministic_linspace_subset,"[0.046875, 11.953125, 0.046875, 5.953125]","[true, true, true, true, true, true, true, true, true, true, true, true]","[0.0, 0.04051962451610182, 0.1625041535922459, 0.0009018485434353352, 0.04476707092752413, 0.04802602955273219, 0.0847924037703446, 0.20878638170792588, 0.21628399197314657, 0.0912647271262748, 0.023181154255455888, 0.0789726385846734]","[0.08743172181129921, 0.08575388300232588, 0.09557309676893055, 0.1381716921944947, 0.05477597776916811, 0.09661809290992095, 0.05751368694473057, 0.05276937797316349, 0.0707794332023089, 0.08976021855293465, 0.08119119781379898, 0.08966162051850309]",10.429311752319336,5.857142857142857,1.9635416666666667,3.3203125,2.8087972801683163,1.6217809461884762,2.2703826737178785,7,12,12,12,0.4844533508445596,0.1948055481643729,0.3730063544516179,[0],[],[0],[],False,"[true, true, true, true, true, true, true, true, true, true, true, true]",,,,0.9349299441712996,1.419814420066978,1.6825970367519127,3.7781977287643542,4.141921698787215,1.1700008662455033,0,12359,103736,5759,76426,0.8034319196428571,0.3887227376302083,2.146032297273832,1.3573391254285192,7168,196608,True,True,True,"{""P0"": {""reason"": ""explicit phase ledger missing"", ""status"": ""unavailable""}, ""P1"": {""reason"": ""explicit phase ledger missing"", ""status"": ""unavailable""}, ""P2"": {""actual_rows"": 208896.0, ""content_rows"": 786432.0, ""environment"": {""actual_rows"": 196608.0, ""content_rows"": 786432.0, ""geometry_rows"": 196608.0, ""logical_paths"": 103736.0, ""padded_rows"": 0.0, ""unique_pairs"": 76426.0}, ""geometry_rows"": 196608.0, ""logical_paths"": 116095.0, ""module"": {""actual_rows"": 12288.0, ""content_rows"": null, ""geometry_rows"": null, ""logical_paths"": 12359.0, ""padded_rows"": 5120.0, ""unique_pairs"": 5759.0}, ""padded_rows"": 5120.0, ""status"": ""available"", ""unique_pairs"": 82185.0}, ""P2_consistency"": {""reason"": ""explicit phase ledger missing"", ""status"": ""unavailable""}}",12288.0,5120.0,,,196608.0,0.0,196608.0,786432.0,12,12,"[0.043715864419937134, 0.0631367489695549, 0.12903863191604614, 0.06953676789999008, 0.04977152496576309, 0.0723220556974411, 0.07115304470062256, 0.13077789545059204, 0.14353172481060028, 0.0905124694108963, 0.05218617618083954, 0.08431713283061981]",1.000000037252903,10.429312897904353,1.1455850170705162e-06,1024,3.0,4.0,2,5,"{""2"": 36, ""3"": 666, ""4"": 280, ""5"": 42}","{""0"": 5, ""5"": 2, ""6"": 4, ""7"": 1}","{""1"": 50, ""2"": 104, ""3"": 33, ""4"": 5}",True
0302,12,7,7,12,"[0, 1, 2, 3, 4, 5, 6]",8192,deterministic_linspace_subset,"[0.046875, 11.953125, 0.046875, 5.953125]","[true, true, true, true, true, true, true, true, true, true, true, true]","[0.01534748702709164, 0.04612327686377934, 0.0880711562266307, 0.0035700547325957033, 0.045662824596677504, 0.14567261056176253, 0.05250037142208644, 0.1875163053295442, 0.13046021786119255, 0.04348278471401759, 0.14318970617439064, 0.0984032271163804]","[0.09973234524174285, 0.06904867223541562, 0.0876108855785181, 0.12976621291939708, 0.08403282709574945, 0.0745103345446599, 0.04877993473201058, 0.048969367519021034, 0.08572888808945815, 0.08125206303278296, 0.09161094638208547, 0.09895752269464235]",11.018843650817871,5.428571428571429,1.8489583333333333,3.1142578125,2.8068294597668535,1.509619317468725,2.2129111495642095,7,12,12,12,0.4853088638205116,0.16729594629550593,0.3542744926530659,[],[],[],[],False,"[true, true, true, true, true, true, true, true, true, true, true, true]",,,,1.2080197940643627,1.3568585336990548,1.5849229581625268,3.7735627512462653,4.166706258766807,1.1528623138733742,0,11397,87200,5770,70371,0.8049665178571429,0.3579254150390625,1.9752166377816291,1.2391468076338263,7168,196608,True,True,True,"{""P0"": {""reason"": ""explicit phase ledger missing"", ""status"": ""unavailable""}, ""P1"": {""reason"": ""explicit phase ledger missing"", ""status"": ""unavailable""}, ""P2"": {""actual_rows"": 208896.0, ""content_rows"": 786432.0, ""environment"": {""actual_rows"": 196608.0, ""content_rows"": 786432.0, ""geometry_rows"": 196608.0, ""logical_paths"": 87200.0, ""padded_rows"": 0.0, ""unique_pairs"": 70371.0}, ""geometry_rows"": 196608.0, ""logical_paths"": 98597.0, ""module"": {""actual_rows"": 12288.0, ""content_rows"": null, ""geometry_rows"": null, ""logical_paths"": 11397.0, ""padded_rows"": 5120.0, ""unique_pairs"": 5770.0}, ""padded_rows"": 5120.0, ""status"": ""available"", ""unique_pairs"": 76141.0}, ""P2_consistency"": {""reason"": ""explicit phase ledger missing"", ""status"": ""unavailable""}}",12288.0,5120.0,,,196608.0,0.0,196608.0,786432.0,12,12,"[0.0575399175286293, 0.05758597329258919, 0.08784101903438568, 0.06666813790798187, 0.06484783440828323, 0.11009147763252258, 0.050640154629945755, 0.11824284493923187, 0.10809455066919327, 0.062367428094148636, 0.11740031838417053, 0.09868037700653076]",1.0000000335276127,11.018843974390494,3.2357262291782263e-07,1024,3.0,4.0,2,6,"{""2"": 218, ""3"": 502, ""4"": 277, ""5"": 23, ""6"": 4}","{""0"": 5, ""5"": 4, ""6"": 3}","{""1"": 58, ""2"": 108, ""3"": 23, ""4"": 3}",True
0633,12,3,3,12,"[0, 1, 2]",8192,deterministic_linspace_subset,"[0.046875, 11.953125, 0.046875, 5.953125]","[true, true, true, true, true, true, true, true, true, true, true, true]","[0.040147523085276283, 0.013308882713317871, 0.08917219191789627, 0.0, 0.0, 0.15560852332661548, 0.08426551024119058, 0.20491617421309152, 0.16332883170616694, 0.004347603380059202, 0.24383502375955382, 0.0010697605709234872]","[0.038996587463770986, 0.02167432959928798, 0.10019648187638569, 0.11911488462161889, 0.08778588950129534, 0.10547196149127559, 0.03949268485666834, 0.096986987919081, 0.12113284718361682, 0.07238828926347195, 0.09076769940050632, 0.10599135572556405]",8.887004852294922,6.333333333333333,2.125,3.537109375,3.2703728018964413,1.6432387010766474,2.50249418130028,3,12,11,12,0.530745297819517,0.2035311916273205,0.4057195131686009,"[3, 4]",[],"[3, 4]",[],False,"[true, true, true, true, true, true, true, true, true, true, true, true]",,,,0.40337283593326995,1.4793141768629676,0.5439004238323197,3.780499968924615,3.924073160935481,1.1747548353844777,0,6585,130248,2824,89500,0.9192708333333334,0.4552205403645833,2.3317988668555243,1.4552849162011172,3072,196608,True,True,True,"{""P0"": {""reason"": ""explicit phase ledger missing"", ""status"": ""unavailable""}, ""P1"": {""reason"": ""explicit phase ledger missing"", ""status"": ""unavailable""}, ""P2"": {""actual_rows"": 208896.0, ""content_rows"": 786432.0, ""environment"": {""actual_rows"": 196608.0, ""content_rows"": 786432.0, ""geometry_rows"": 196608.0, ""logical_paths"": 130248.0, ""padded_rows"": 0.0, ""unique_pairs"": 89500.0}, ""geometry_rows"": 196608.0, ""logical_paths"": 136833.0, ""module"": {""actual_rows"": 12288.0, ""content_rows"": null, ""geometry_rows"": null, ""logical_paths"": 6585.0, ""padded_rows"": 9216.0, ""unique_pairs"": 2824.0}, ""padded_rows"": 9216.0, ""status"": ""available"", ""unique_pairs"": 92324.0}, ""P2_consistency"": {""reason"": ""explicit phase ledger missing"", ""status"": ""unavailable""}}",12288.0,9216.0,,,196608.0,0.0,196608.0,786432.0,12,12,"[0.039572056382894516, 0.01749160885810852, 0.09468434005975723, 0.05955744907259941, 0.04389294609427452, 0.13054025173187256, 0.061879098415374756, 0.1509515941143036, 0.1422308385372162, 0.038367945700883865, 0.16730135679244995, 0.053530555218458176]",1.0000000409781933,8.887005028695864,1.764009418536716e-07,1024,3.0,5.0,2,6,"{""2"": 74, ""3"": 506, ""4"": 272, ""5"": 164, ""6"": 8}","{""0"": 9, ""6"": 2, ""7"": 1}","{""1"": 37, ""2"": 104, ""3"": 42, ""4"": 8, ""5"": 1}",True
0634,12,3,3,12,"[0, 1, 2]",8192,deterministic_linspace_subset,"[0.046875, 11.953125, 0.046875, 5.953125]","[true, true, true, true, true, true, true, true, true, true, true, true]","[0.04406062761942545, 0.02481381595134735, 0.006195675581693649, 0.019743344436089195, 0.0, 0.17686192380885282, 0.12227914730707803, 0.1698038124789794, 0.1637998732427756, 0.024386321504910786, 0.09470048721910491, 0.15335499681532383]","[0.038919484902483724, 0.01361638152350982, 0.09857359351978327, 0.07146889949217439, 0.07873454519237079, 0.11920615665925043, 0.05154425928291554, 0.06387161966995335, 0.12698858156242446, 0.09710229246411473, 0.0945891372781868, 0.14538504820666268]",9.286630630493164,6.333333333333333,2.015625,3.326171875,2.8771720861740975,1.6094998903069877,2.329151166714492,3,12,12,12,0.4996756896351328,0.18906045397540397,0.37144425343307386,[4],[],[4],[],False,"[true, true, true, true, true, true, true, true, true, true, true, true]",,,,0.5783146436828797,1.4400621847730513,0.6759026418056614,3.774249068366255,4.309254653370439,1.1096123959056974,0,5978,117464,2791,83989,0.9085286458333334,0.4271901448567708,2.141884629165174,1.398564097679458,3072,196608,True,True,True,"{""P0"": {""reason"": ""explicit phase ledger missing"", ""status"": ""unavailable""}, ""P1"": {""reason"": ""explicit phase ledger missing"", ""status"": ""unavailable""}, ""P2"": {""actual_rows"": 208896.0, ""content_rows"": 786432.0, ""environment"": {""actual_rows"": 196608.0, ""content_rows"": 786432.0, ""geometry_rows"": 196608.0, ""logical_paths"": 117464.0, ""padded_rows"": 0.0, ""unique_pairs"": 83989.0}, ""geometry_rows"": 196608.0, ""logical_paths"": 123442.0, ""module"": {""actual_rows"": 12288.0, ""content_rows"": null, ""geometry_rows"": null, ""logical_paths"": 5978.0, ""padded_rows"": 9216.0, ""unique_pairs"": 2791.0}, ""padded_rows"": 9216.0, ""status"": ""available"", ""unique_pairs"": 86780.0}, ""P2_consistency"": {""reason"": ""explicit phase ledger missing"", ""status"": ""unavailable""}}",12288.0,9216.0,,,196608.0,0.0,196608.0,786432.0,12,12,"[0.04149005562067032, 0.01921509951353073, 0.0523846372961998, 0.045606132596731186, 0.03936728090047836, 0.14803405106067657, 0.08691170811653137, 0.11683771759271622, 0.1453942358493805, 0.060744304209947586, 0.09464481472969055, 0.14937004446983337]",1.0000000819563866,9.286630733924513,1.034313488190719e-07,1024,3.0,5.0,2,6,"{""2"": 141, ""3"": 517, ""4"": 277, ""5"": 69, ""6"": 20}","{""0"": 9, ""6"": 2, ""7"": 1}","{""1"": 51, ""2"": 98, ""3"": 37, ""4"": 1, ""5"": 5}",True
0635,12,3,3,12,"[0, 1, 2]",8192,deterministic_linspace_subset,"[0.046875, 11.953125, 0.046875, 5.953125]","[true, true, true, true, true, true, true, true, true, true, true, true]","[0.0, 0.0037739211305355034, 0.06098677217960358, 0.0, 0.001802030795564254, 0.012369075906462967, 0.1570180629690488, 0.27844376986225444, 0.2202584687620401, 0.05414957242707411, 0.06865802655617395, 0.14254029343525568]","[0.03833979845512659, 0.021630270670963604, 0.09928835968215327, 0.1032584441903358, 0.05541767749067124, 0.11967016351021206, 0.05548151139131125, 0.06058871209582625, 0.12232212584543349, 0.09710389015769275, 0.10529328067786993, 0.12160576633080689]",8.704269409179688,6.666666666666667,2.203125,3.6826171875,3.118554955478576,1.6515291635868954,2.5843934952155863,3,12,11,12,0.5359611969451858,0.21056215846080728,0.4240544975488731,"[0, 3]",[],"[0, 3]",[],False,"[true, true, true, true, true, true, true, true, true, true, true, true]",,,,0.6306292083709729,1.4734189374223992,0.9709824099494436,3.783526065550901,4.0721829241844345,1.1808694597031923,0,7312,140080,2845,95632,0.9261067708333334,0.4864095052083333,2.5701230228471004,1.4647816630416597,3072,196608,True,True,True,"{""P0"": {""reason"": ""explicit phase ledger missing"", ""status"": ""unavailable""}, ""P1"": {""reason"": ""explicit phase ledger missing"", ""status"": ""unavailable""}, ""P2"": {""actual_rows"": 208896.0, ""content_rows"": 786432.0, ""environment"": {""actual_rows"": 196608.0, ""content_rows"": 786432.0, ""geometry_rows"": 196608.0, ""logical_paths"": 140080.0, ""padded_rows"": 0.0, ""unique_pairs"": 95632.0}, ""geometry_rows"": 196608.0, ""logical_paths"": 147392.0, ""module"": {""actual_rows"": 12288.0, ""content_rows"": null, ""geometry_rows"": null, ""logical_paths"": 7312.0, ""padded_rows"": 9216.0, ""unique_pairs"": 2845.0}, ""padded_rows"": 9216.0, ""status"": ""available"", ""unique_pairs"": 98477.0}, ""P2_consistency"": {""reason"": ""explicit phase ledger missing"", ""status"": ""unavailable""}}",12288.0,9216.0,,,196608.0,0.0,196608.0,786432.0,12,12,"[0.019169894978404045, 0.01270209439098835, 0.08013756573200226, 0.051629215478897095, 0.028609853237867355, 0.06601962447166443, 0.10624979436397552, 0.16951623558998108, 0.1712903082370758, 0.07562673091888428, 0.08697565644979477, 0.1320730298757553]",1.0000000037252903,8.704269929656107,5.204764192967559e-07,1024,4.0,5.0,2,6,"{""2"": 3, ""3"": 462, ""4"": 426, ""5"": 123, ""6"": 10}","{""0"": 9, ""5"": 1, ""7"": 1, ""8"": 1}","{""1"": 36, ""2"": 94, ""3"": 49, ""4"": 13}",True
0636,12,3,3,12,"[0, 1, 2]",8192,deterministic_linspace_subset,"[0.046875, 11.953125, 0.046875, 5.953125]","[true, true, true, true, true, true, true, true, true, true, true, true]","[0.0, 0.0, 0.2183633695046107, 0.0, 0.05920511484146118, 0.05738218935827414, 0.0809867630402247, 0.1477537949879964, 0.06876368168741465, 0.0076601725692550336, 0.20703129470348358, 0.15285363793373108]","[0.045528125456864174, 0.05011027823396338, 0.09103496704483405, 0.12727048941208824, 0.07589719493019705, 0.08275543651749709, 0.045449246846449874, 0.07896233351493721, 0.09177623731860271, 0.07254933750179286, 0.11288499125900367, 0.12578136091663808]",9.217079162597656,5.333333333333333,2.0572916666666665,3.595703125,3.0874917894639426,1.5888575530612181,2.525459464571879,3,12,12,12,0.5174275510971541,0.18668180738793672,0.41258977377029915,"[0, 1, 3]",[],"[0, 1, 3]",[],False,"[true, true, true, true, true, true, true, true, true, true, true, true]",,,,0.5621431813049835,1.4070466596329654,1.016782647902413,3.785651980196956,4.013091794080272,1.1838233296294391,0,5927,120849,2514,87104,0.818359375,0.4430338541666667,2.3575974542561653,1.3874104518736223,3072,196608,True,True,True,"{""P0"": {""reason"": ""explicit phase ledger missing"", ""status"": ""unavailable""}, ""P1"": {""reason"": ""explicit phase ledger missing"", ""status"": ""unavailable""}, ""P2"": {""actual_rows"": 208896.0, ""content_rows"": 786432.0, ""environment"": {""actual_rows"": 196608.0, ""content_rows"": 786432.0, ""geometry_rows"": 196608.0, ""logical_paths"": 120849.0, ""padded_rows"": 0.0, ""unique_pairs"": 87104.0}, ""geometry_rows"": 196608.0, ""logical_paths"": 126776.0, ""module"": {""actual_rows"": 12288.0, ""content_rows"": null, ""geometry_rows"": null, ""logical_paths"": 5927.0, ""padded_rows"": 9216.0, ""unique_pairs"": 2514.0}, ""padded_rows"": 9216.0, ""status"": ""available"", ""unique_pairs"": 89618.0}, ""P2_consistency"": {""reason"": ""explicit phase ledger missing"", ""status"": ""unavailable""}}",12288.0,9216.0,,,196608.0,0.0,196608.0,786432.0,12,12,"[0.022764064371585846, 0.025055138394236565, 0.1546991765499115, 0.06363524496555328, 0.0675511583685875, 0.07006880640983582, 0.06321800500154495, 0.11335807293653488, 0.0802699625492096, 0.040104757994413376, 0.159958153963089, 0.13931749761104584]",1.0000000391155481,9.21707897348537,1.8911228671925073e-07,1024,3.0,5.0,2,6,"{""2"": 42, ""3"": 474, ""4"": 370, ""5"": 132, ""6"": 6}","{""0"": 9, ""5"": 2, ""6"": 1}","{""1"": 48, ""2"": 96, ""3"": 39, ""4"": 7, ""5"": 2}",True
0637,12,3,3,12,"[0, 1, 2]",8192,deterministic_linspace_subset,"[0.046875, 11.953125, 0.046875, 5.953125]","[true, true, true, true, true, true, true, true, true, true, true, true]","[0.0, 0.0, 0.14254019657770792, 0.006555948872119188, 0.0529441883166631, 0.04511303380907823, 0.1874763915936152, 0.18945704400539395, 0.019111826394995052, 0.00275374266008536, 0.13040652871131897, 0.22364111741383869]","[0.05022260597130905, 0.038363098617992364, 0.08707394326726596, 0.08303470203342538, 0.0648365081093895, 0.10446631918118025, 0.04580499509271855, 0.05564757818744207, 0.12286723396876671, 0.09619613348816831, 0.12631905984380865, 0.12516781986535838]",9.237645149230957,5.333333333333333,2.1458333333333335,3.720703125,3.0055979274591373,1.6330128464660822,2.5570757255173513,3,12,12,12,0.48611582925590374,0.20345034203211454,0.42096916815833446,"[0, 1]",[],"[0, 1]",[],False,"[true, true, true, true, true, true, true, true, true, true, true, true]",,,,0.4298919931569854,1.4639498229552277,0.9843783210289301,3.787898538428637,4.328222063229816,1.2513282170143676,0,5804,132646,2435,92900,0.7926432291666666,0.4725138346354167,2.3835728952772075,1.4278363832077503,3072,196608,True,True,True,"{""P0"": {""reason"": ""explicit phase ledger missing"", ""status"": ""unavailable""}, ""P1"": {""reason"": ""explicit phase ledger missing"", ""status"": ""unavailable""}, ""P2"": {""actual_rows"": 208896.0, ""content_rows"": 786432.0, ""environment"": {""actual_rows"": 196608.0, ""content_rows"": 786432.0, ""geometry_rows"": 196608.0, ""logical_paths"": 132646.0, ""padded_rows"": 0.0, ""unique_pairs"": 92900.0}, ""geometry_rows"": 196608.0, ""logical_paths"": 138450.0, ""module"": {""actual_rows"": 12288.0, ""content_rows"": null, ""geometry_rows"": null, ""logical_paths"": 5804.0, ""padded_rows"": 9216.0, ""unique_pairs"": 2435.0}, ""padded_rows"": 9216.0, ""status"": ""available"", ""unique_pairs"": 95335.0}, ""P2_consistency"": {""reason"": ""explicit phase ledger missing"", ""status"": ""unavailable""}}",12288.0,9216.0,,,196608.0,0.0,196608.0,786432.0,12,12,"[0.025111304596066475, 0.019181551411747932, 0.11480706185102463, 0.04479532316327095, 0.05889035016298294, 0.07478967308998108, 0.11664069443941116, 0.12255232036113739, 0.07098954170942307, 0.049474939703941345, 0.12836280465126038, 0.17440447211265564]",1.000000037252903,9.23764509157451,5.765644672806047e-08,1024,4.0,5.0,2,6,"{""2"": 44, ""3"": 325, ""4"": 540, ""5"": 103, ""6"": 12}","{""0"": 9, ""4"": 1, ""6"": 2}","{""1"": 40, ""2"": 93, ""3"": 51, ""4"": 7, ""5"": 1}",True
0638,12,3,3,12,"[0, 1, 2]",8192,deterministic_linspace_subset,"[0.046875, 11.953125, 0.046875, 5.953125]","[true, true, true, true, true, true, true, true, true, true, true, true]","[0.018371143130934797, 0.0, 0.16656949246923128, 0.0850174327691396, 0.10784122347831726, 0.2687865893046061, 0.0, 0.06803812276727209, 0.02758528664708137, 0.04106580217679341, 0.18520451833804447, 0.031520359218120575]","[0.04504135907821668, 0.04588593923836016, 0.12162511211833284, 0.08452147458835194, 0.07500833550390476, 0.13672452746686753, 0.042540876175432146, 0.094741044274997, 0.09248570379956315, 0.07552676252089441, 0.07086021768433662, 0.1150386477505284]",8.71144962310791,6.0,2.2135416666666665,3.513671875,3.207711696542947,1.7242750159655482,2.5055743636747283,3,12,12,12,0.5317392062199687,0.22754346375853704,0.40806039322307286,"[1, 6]",[],"[1, 6]",[],False,"[true, true, true, true, true, true, true, true, true, true, true, true]",,,,0.6398966817599278,1.4946519072932034,1.1268156420500888,3.7894253482993947,4.2684660879664404,1.1994951983433042,0,6008,132007,2578,91090,0.8391927083333334,0.4633076985677083,2.330488750969744,1.449193105719618,3072,196608,True,True,True,"{""P0"": {""reason"": ""explicit phase ledger missing"", ""status"": ""unavailable""}, ""P1"": {""reason"": ""explicit phase ledger missing"", ""status"": ""unavailable""}, ""P2"": {""actual_rows"": 208896.0, ""content_rows"": 786432.0, ""environment"": {""actual_rows"": 196608.0, ""content_rows"": 786432.0, ""geometry_rows"": 196608.0, ""logical_paths"": 132007.0, ""padded_rows"": 0.0, ""unique_pairs"": 91090.0}, ""geometry_rows"": 196608.0, ""logical_paths"": 138015.0, ""module"": {""actual_rows"": 12288.0, ""content_rows"": null, ""geometry_rows"": null, ""logical_paths"": 6008.0, ""padded_rows"": 9216.0, ""unique_pairs"": 2578.0}, ""padded_rows"": 9216.0, ""status"": ""available"", ""unique_pairs"": 93668.0}, ""P2_consistency"": {""reason"": ""explicit phase ledger missing"", ""status"": ""unavailable""}}",12288.0,9216.0,,,196608.0,0.0,196608.0,786432.0,12,12,"[0.031706251204013824, 0.02294296771287918, 0.14409729838371277, 0.08476945757865906, 0.09142477810382843, 0.20275557041168213, 0.02127043902873993, 0.08138959109783173, 0.06003549322485924, 0.05829628184437752, 0.128032386302948, 0.0732795000076294]",1.0000000149011612,8.711449367736265,2.553716456077382e-07,1024,3.0,5.0,2,5,"{""2"": 31, ""3"": 524, ""4"": 381, ""5"": 88}","{""0"": 9, ""6"": 3}","{""1"": 30, ""2"": 102, ""3"": 50, ""4"": 9, ""5"": 1}",True
0639,12,3,3,12,"[0, 1, 2]",8192,deterministic_linspace_subset,"[0.046875, 11.953125, 0.046875, 5.953125]","[true, true, true, true, true, true, true, true, true, true, true, true]","[0.0, 0.016962949186563492, 0.045835033524781466, 0.0, 0.00012904556933790445, 0.09483813859211902, 0.06724507610003153, 0.24648959810535112, 0.1947520499428113, 0.09865350524584451, 0.10142794895606735, 0.133666622141997]","[0.035686589302107066, 0.03049107400390009, 0.08849804134418567, 0.10266764623035367, 0.060402940609492375, 0.13256163236898527, 0.04496839919981235, 0.07573515040955198, 0.09948927063184479, 0.10238930435540776, 0.10766988451359794, 0.11944006849080324]",9.1181001663208,6.333333333333333,1.9270833333333333,3.5205078125,3.2437828877436856,1.531011683988103,2.511411212912126,3,12,12,12,0.525219751794678,0.17370974083634214,0.409005402728304,"[0, 3]",[],"[0, 3]",[],False,"[true, true, true, true, true, true, true, true, true, true, true, true]",,,,0.412909323769991,1.4010379881584756,0.6213692414936804,3.776732713500067,4.059274547045433,1.214689135849136,0,7072,115009,2907,85943,0.9462890625,0.4371287027994792,2.4327485380116958,1.3382009005969073,3072,196608,True,True,True,"{""P0"": {""reason"": ""explicit phase ledger missing"", ""status"": ""unavailable""}, ""P1"": {""reason"": ""explicit phase ledger missing"", ""status"": ""unavailable""}, ""P2"": {""actual_rows"": 208896.0, ""content_rows"": 786432.0, ""environment"": {""actual_rows"": 196608.0, ""content_rows"": 786432.0, ""geometry_rows"": 196608.0, ""logical_paths"": 115009.0, ""padded_rows"": 0.0, ""unique_pairs"": 85943.0}, ""geometry_rows"": 196608.0, ""logical_paths"": 122081.0, ""module"": {""actual_rows"": 12288.0, ""content_rows"": null, ""geometry_rows"": null, ""logical_paths"": 7072.0, ""padded_rows"": 9216.0, ""unique_pairs"": 2907.0}, ""padded_rows"": 9216.0, ""status"": ""available"", ""unique_pairs"": 88850.0}, ""P2_consistency"": {""reason"": ""explicit phase ledger missing"", ""status"": ""unavailable""}}",12288.0,9216.0,,,196608.0,0.0,196608.0,786432.0,12,12,"[0.017843294888734818, 0.023727010935544968, 0.06716654449701309, 0.051333822309970856, 0.030265990644693375, 0.11369989812374115, 0.05610673874616623, 0.16111236810684204, 0.1471206545829773, 0.10052140057086945, 0.10454891622066498, 0.12655335664749146]",0.9999999962747097,9.118098806878255,1.35944254608944e-06,1024,3.0,5.0,2,6,"{""2"": 27, ""3"": 557, ""4"": 324, ""5"": 112, ""6"": 4}","{""0"": 9, ""6"": 2, ""7"": 1}","{""1"": 56, ""2"": 98, ""3"": 34, ""4"": 4}",True
0640,12,3,3,12,"[0, 1, 2]",8192,deterministic_linspace_subset,"[0.046875, 11.953125, 0.046875, 5.953125]","[true, true, true, true, true, true, true, true, true, true, true, true]","[0.017312923135856785, 0.0009150533781697352, 0.1799473715169976, 0.07250091433525085, 0.02437442789475123, 0.17083818473232287, 0.09009883801142374, 0.07872422916504244, 0.16280901990830898, 0.021498511855800942, 0.17252720892429352, 0.008453319470087687]","[0.038760841945380285, 0.031072330273066953, 0.10987949939832711, 0.11905430319408576, 0.09258058414949723, 0.1185576938247929, 0.02843132845979805, 0.11631575969173963, 0.09906136607363197, 0.06244957968980696, 0.08773690008092673, 0.09609981180013466]",9.33116340637207,6.666666666666667,2.1666666666666665,3.623046875,2.779244407651118,1.6921670849779555,2.5078704406510237,3,12,12,12,0.4868649112883279,0.2190536514916456,0.4112819538809964,[],[],[],[],False,"[true, true, true, true, true, true, true, true, true, true, true, true]",,,,0.6189143770872204,1.4774310402989954,0.723191402552616,3.786693015478691,4.239734009104148,1.1446120781318194,0,6637,136444,2648,91053,0.8619791666666666,0.4631195068359375,2.5064199395770395,1.4985118557323756,3072,196608,True,True,True,"{""P0"": {""reason"": ""explicit phase ledger missing"", ""status"": ""unavailable""}, ""P1"": {""reason"": ""explicit phase ledger missing"", ""status"": ""unavailable""}, ""P2"": {""actual_rows"": 208896.0, ""content_rows"": 786432.0, ""environment"": {""actual_rows"": 196608.0, ""content_rows"": 786432.0, ""geometry_rows"": 196608.0, ""logical_paths"": 136444.0, ""padded_rows"": 0.0, ""unique_pairs"": 91053.0}, ""geometry_rows"": 196608.0, ""logical_paths"": 143081.0, ""module"": {""actual_rows"": 12288.0, ""content_rows"": null, ""geometry_rows"": null, ""logical_paths"": 6637.0, ""padded_rows"": 9216.0, ""unique_pairs"": 2648.0}, ""padded_rows"": 9216.0, ""status"": ""available"", ""unique_pairs"": 93701.0}, ""P2_consistency"": {""reason"": ""explicit phase ledger missing"", ""status"": ""unavailable""}}",12288.0,9216.0,,,196608.0,0.0,196608.0,786432.0,12,12,"[0.028036881238222122, 0.015993691980838776, 0.1449134349822998, 0.09577761590480804, 0.05847751349210739, 0.14469793438911438, 0.05926508456468582, 0.09752000123262405, 0.1309352070093155, 0.04197404906153679, 0.1301320493221283, 0.05227656662464142]",1.0000000298023224,9.331163491202112,8.483004165782404e-08,1024,3.0,5.0,2,6,"{""2"": 22, ""3"": 521, ""4"": 320, ""5"": 143, ""6"": 18}","{""0"": 9, ""5"": 1, ""7"": 1, ""8"": 1}","{""1"": 29, ""2"": 109, ""3"": 47, ""4"": 7}",True
0641,12,3,3,12,"[0, 1, 2]",8192,deterministic_linspace_subset,"[0.046875, 11.953125, 0.046875, 5.953125]","[true, true, true, true, true, true, true, true, true, true, true, true]","[0.031453050673007965, 0.0, 0.18888399998346964, 0.008389378587404886, 0.10354223847389221, 0.17976754903793335, 0.18810943762461343, 0.10366737097501755, 0.06112942720452944, 0.03529496242602666, 0.08349761644300693, 0.016264976002275944]","[0.014256175423118595, 0.01404482473056608, 0.1301623564892604, 0.06825836579567598, 0.05614951068613058, 0.18013218464329844, 0.05355300394391331, 0.07261938408676843, 0.11716740884973358, 0.079577218197907, 0.07981740284837235, 0.1342621653457172]",8.913158416748047,5.0,2.0989583333333335,3.609375,2.487105996168523,1.582036409224812,2.476634492674216,3,12,12,12,0.4389571270612114,0.19156039773428135,0.40681838929852165,[1],[],[1],[],False,"[true, true, true, true, true, true, true, true, true, true, true, true]",,,,0.3914009194008797,1.4319769591199805,0.5454631287806077,3.7615760195991585,4.533090982996415,1.192403912414492,0,5210,135563,2379,91882,0.7744140625,0.4673360188802083,2.189995796553174,1.4754032345834875,3072,196608,True,True,True,"{""P0"": {""reason"": ""explicit phase ledger missing"", ""status"": ""unavailable""}, ""P1"": {""reason"": ""explicit phase ledger missing"", ""status"": ""unavailable""}, ""P2"": {""actual_rows"": 208896.0, ""content_rows"": 786432.0, ""environment"": {""actual_rows"": 196608.0, ""content_rows"": 786432.0, ""geometry_rows"": 196608.0, ""logical_paths"": 135563.0, ""padded_rows"": 0.0, ""unique_pairs"": 91882.0}, ""geometry_rows"": 196608.0, ""logical_paths"": 140773.0, ""module"": {""actual_rows"": 12288.0, ""content_rows"": null, ""geometry_rows"": null, ""logical_paths"": 5210.0, ""padded_rows"": 9216.0, ""unique_pairs"": 2379.0}, ""padded_rows"": 9216.0, ""status"": ""available"", ""unique_pairs"": 94261.0}, ""P2_consistency"": {""reason"": ""explicit phase ledger missing"", ""status"": ""unavailable""}}",12288.0,9216.0,,,196608.0,0.0,196608.0,786432.0,12,12,"[0.02285461314022541, 0.007022412493824959, 0.15952318906784058, 0.03832387179136276, 0.07984587550163269, 0.17994984984397888, 0.12083122879266739, 0.08814337849617004, 0.08914841711521149, 0.05743608996272087, 0.0816575139760971, 0.07526357471942902]",1.0000000149011612,8.913158992288725,5.755406782270711e-07,1024,3.0,5.0,2,6,"{""2"": 62, ""3"": 462, ""4"": 325, ""5"": 164, ""6"": 11}","{""0"": 9, ""4"": 1, ""5"": 1, ""6"": 1}","{""1"": 47, ""2"": 88, ""3"": 48, ""4"": 9}",True
0642,12,3,3,12,"[0, 1, 2]",8192,deterministic_linspace_subset,"[0.046875, 11.953125, 0.046875, 5.953125]","[true, true, true, true, true, true, true, true, true, true, true, true]","[0.0, 0.0, 0.18224344154198963, 0.030286870896816254, 0.012705780565738678, 0.02887094020843506, 0.02918896327416102, 0.14989641308784485, 0.2121890541166067, 0.0313588953576982, 0.1500327040751775, 0.17322693268458048]","[0.03643673522553097, 0.02635827482057115, 0.10625098901800809, 0.09641531831584872, 0.0672406672189633, 0.12556122024155533, 0.052924678990772606, 0.07151935228224222, 0.10403786096139811, 0.08898248434221992, 0.09160902260676569, 0.13266339450880574]",8.815342903137207,5.333333333333333,1.9635416666666667,3.5869140625,3.0123233423627496,1.564341689935376,2.4188818295139045,3,12,12,12,0.5149888757314126,0.18138847232680566,0.4006641588817848,"[0, 1]",[],"[0, 1]",[],False,"[true, true, true, true, true, true, true, true, true, true, true, true]",,,,0.4733528807499024,1.424855972060348,0.8820857201553964,3.7707181526253146,4.126244640526705,1.172316311596311,0,6134,124542,2417,91372,0.7867838541666666,0.4647420247395833,2.5378568473314025,1.3630214945497527,3072,196608,True,True,True,"{""P0"": {""reason"": ""explicit phase ledger missing"", ""status"": ""unavailable""}, ""P1"": {""reason"": ""explicit phase ledger missing"", ""status"": ""unavailable""}, ""P2"": {""actual_rows"": 208896.0, ""content_rows"": 786432.0, ""environment"": {""actual_rows"": 196608.0, ""content_rows"": 786432.0, ""geometry_rows"": 196608.0, ""logical_paths"": 124542.0, ""padded_rows"": 0.0, ""unique_pairs"": 91372.0}, ""geometry_rows"": 196608.0, ""logical_paths"": 130676.0, ""module"": {""actual_rows"": 12288.0, ""content_rows"": null, ""geometry_rows"": null, ""logical_paths"": 6134.0, ""padded_rows"": 9216.0, ""unique_pairs"": 2417.0}, ""padded_rows"": 9216.0, ""status"": ""available"", ""unique_pairs"": 93789.0}, ""P2_consistency"": {""reason"": ""explicit phase ledger missing"", ""status"": ""unavailable""}}",12288.0,9216.0,,,196608.0,0.0,196608.0,786432.0,12,12,"[0.018218372017145157, 0.013179137371480465, 0.14424721896648407, 0.0633510947227478, 0.039973221719264984, 0.07721608877182007, 0.04105681926012039, 0.11070787906646729, 0.15811346471309662, 0.06017069146037102, 0.12082086503505707, 0.1529451608657837]",1.0000000139698386,8.815342810388005,9.274920209634274e-08,1024,4.0,5.0,2,6,"{""2"": 20, ""3"": 491, ""4"": 407, ""5"": 104, ""6"": 2}","{""0"": 9, ""5"": 2, ""6"": 1}","{""1"": 53, ""2"": 100, ""3"": 33, ""4"": 5, ""5"": 1}",True
0643,12,3,3,12,"[0, 1, 2]",8192,deterministic_linspace_subset,"[0.046875, 11.953125, 0.046875, 5.953125]","[true, true, true, true, true, true, true, true, true, true, true, true]","[0.0, 0.0004250434770559271, 0.35439205169677734, 0.008799375345309574, 0.14547017216682434, 0.10962474346160889, 0.0, 0.07631925245126088, 0.04054438571135203, 0.08126011739174524, 0.044975363106156394, 0.13818954428037006]","[0.045575620334905885, 0.038260065523597106, 0.09624296391848475, 0.09264938991206385, 0.054664784115933195, 0.139284611834834, 0.06695854244753718, 0.06199074867375505, 0.12057850968752365, 0.06611728537851982, 0.09572573437374861, 0.12195174546407846]",8.373255729675293,5.333333333333333,2.1458333333333335,3.5693359375,2.8761172174422587,1.6445835997049176,2.5049644885714044,3,12,11,12,0.4983281302279958,0.20721363216709446,0.4104205005324549,"[0, 6]",[],"[0, 6]",[],False,"[true, true, true, true, true, true, true, true, true, true, true, true]",,,,0.2580431796266455,1.4738043534939902,1.26186924030314,3.7856743291901687,4.367530203406165,1.239505806548748,0,5099,133545,2063,94914,0.6715494791666666,0.482757568359375,2.4716432380029083,1.4070105569252165,3072,196608,True,True,True,"{""P0"": {""reason"": ""explicit phase ledger missing"", ""status"": ""unavailable""}, ""P1"": {""reason"": ""explicit phase ledger missing"", ""status"": ""unavailable""}, ""P2"": {""actual_rows"": 208896.0, ""content_rows"": 786432.0, ""environment"": {""actual_rows"": 196608.0, ""content_rows"": 786432.0, ""geometry_rows"": 196608.0, ""logical_paths"": 133545.0, ""padded_rows"": 0.0, ""unique_pairs"": 94914.0}, ""geometry_rows"": 196608.0, ""logical_paths"": 138644.0, ""module"": {""actual_rows"": 12288.0, ""content_rows"": null, ""geometry_rows"": null, ""logical_paths"": 5099.0, ""padded_rows"": 9216.0, ""unique_pairs"": 2063.0}, ""padded_rows"": 9216.0, ""status"": ""available"", ""unique_pairs"": 96977.0}, ""P2_consistency"": {""reason"": ""explicit phase ledger missing"", ""status"": ""unavailable""}}",12288.0,9216.0,,,196608.0,0.0,196608.0,786432.0,12,12,"[0.022787809371948242, 0.019342554733157158, 0.22531750798225403, 0.05072438344359398, 0.10006748139858246, 0.12445468455553055, 0.03347927704453468, 0.0691550001502037, 0.08056145161390305, 0.07368870079517365, 0.0703505426645279, 0.13007064163684845]",1.0000000353902578,8.373256369579455,6.399041616589329e-07,1024,3.0,5.0,2,7,"{""2"": 30, ""3"": 506, ""4"": 377, ""5"": 99, ""6"": 10, ""7"": 2}","{""0"": 9, ""5"": 2, ""6"": 1}","{""1"": 34, ""2"": 103, ""3"": 48, ""4"": 7}",True
0644,12,3,3,12,"[0, 1, 2]",8192,deterministic_linspace_subset,"[0.046875, 11.953125, 0.046875, 5.953125]","[true, true, true, true, true, true, true, true, true, true, true, true]","[0.0, 0.0, 0.0, 0.00133369459460179, 0.0, 0.18369682133197784, 0.13562602798144022, 0.3141358196735382, 0.06758411352833112, 0.0, 0.10305464516083399, 0.1945688600341479]","[0.03958768891364646, 0.028869065285713678, 0.10675847435292474, 0.07442241826599154, 0.06703422825861102, 0.1307747393196526, 0.06509041198296471, 0.03188955339768048, 0.12197460972432358, 0.09857491723475204, 0.1022409493258844, 0.13278294455570477]",8.369975090026855,5.0,2.296875,3.3896484375,3.4872153369480334,1.7140275705143342,2.3867919594317355,3,12,12,12,0.5390533681888847,0.22734424709694015,0.38473054910010085,"[0, 1, 2, 4, 9]",[],"[0, 1, 2, 4, 9]",[],False,"[true, true, true, true, true, true, true, true, true, true, true, true]",,,,0.36924366987285867,1.4443826035640879,0.6427545970805687,3.7835604280385087,4.198155069252176,1.1783957944861174,0,6049,131260,2510,91719,0.8170572916666666,0.4665069580078125,2.4099601593625497,1.431110238881802,3072,196608,True,True,True,"{""P0"": {""reason"": ""explicit phase ledger missing"", ""status"": ""unavailable""}, ""P1"": {""reason"": ""explicit phase ledger missing"", ""status"": ""unavailable""}, ""P2"": {""actual_rows"": 208896.0, ""content_rows"": 786432.0, ""environment"": {""actual_rows"": 196608.0, ""content_rows"": 786432.0, ""geometry_rows"": 196608.0, ""logical_paths"": 131260.0, ""padded_rows"": 0.0, ""unique_pairs"": 91719.0}, ""geometry_rows"": 196608.0, ""logical_paths"": 137309.0, ""module"": {""actual_rows"": 12288.0, ""content_rows"": null, ""geometry_rows"": null, ""logical_paths"": 6049.0, ""padded_rows"": 9216.0, ""unique_pairs"": 2510.0}, ""padded_rows"": 9216.0, ""status"": ""available"", ""unique_pairs"": 94229.0}, ""P2_consistency"": {""reason"": ""explicit phase ledger missing"", ""status"": ""unavailable""}}",12288.0,9216.0,,,196608.0,0.0,196608.0,786432.0,12,12,"[0.01979384571313858, 0.014434533193707466, 0.05337923765182495, 0.03787805512547493, 0.03351711481809616, 0.15723580121994019, 0.10035822540521622, 0.17301270365715027, 0.094779372215271, 0.049287453293800354, 0.1026478111743927, 0.16367590427398682]",1.0000000577419996,8.369975511046716,4.2101986075238074e-07,1024,3.0,5.0,2,6,"{""2"": 96, ""3"": 535, ""4"": 297, ""5"": 90, ""6"": 6}","{""0"": 9, ""4"": 1, ""5"": 1, ""6"": 1}","{""1"": 29, ""2"": 89, ""3"": 64, ""4"": 8, ""5"": 2}",True
0645,12,3,3,12,"[0, 1, 2]",8192,deterministic_linspace_subset,"[0.046875, 11.953125, 0.046875, 5.953125]","[true, true, true, true, true, true, true, true, true, true, true, true]","[0.032210610806941986, 0.0005190948334832985, 0.14719562729199726, 0.0, 0.010129975174398472, 0.14410819113254547, 0.11263289054234822, 0.12133673640588918, 0.14731277525424957, 0.012745374192794163, 0.2718087136745453, 0.0]","[0.03564550321122321, 0.014854330676219735, 0.10112454419140703, 0.09735127635455376, 0.08900675229961051, 0.12110354552836117, 0.03542489539055775, 0.08544865103128056, 0.1257292901379211, 0.07144835123714678, 0.0994764001419147, 0.12338646099669859]",8.780689239501953,6.0,2.2083333333333335,3.466796875,3.108006589277121,1.6809248106146495,2.483170406614223,3,12,11,12,0.5177922121558822,0.21715187923631166,0.3957260773070117,"[3, 11]",[],"[3, 11]",[],False,"[true, true, true, true, true, true, true, true, true, true, true, true]",,,,0.4455413119178732,1.5132755848967117,0.6776821575889233,3.788618054875431,3.9398527597012674,1.1663843793566429,0,6034,133425,2483,90453,0.8082682291666666,0.4600677490234375,2.4301248489730165,1.4750754535504627,3072,196608,True,True,True,"{""P0"": {""reason"": ""explicit phase ledger missing"", ""status"": ""unavailable""}, ""P1"": {""reason"": ""explicit phase ledger missing"", ""status"": ""unavailable""}, ""P2"": {""actual_rows"": 208896.0, ""content_rows"": 786432.0, ""environment"": {""actual_rows"": 196608.0, ""content_rows"": 786432.0, ""geometry_rows"": 196608.0, ""logical_paths"": 133425.0, ""padded_rows"": 0.0, ""unique_pairs"": 90453.0}, ""geometry_rows"": 196608.0, ""logical_paths"": 139459.0, ""module"": {""actual_rows"": 12288.0, ""content_rows"": null, ""geometry_rows"": null, ""logical_paths"": 6034.0, ""padded_rows"": 9216.0, ""unique_pairs"": 2483.0}, ""padded_rows"": 9216.0, ""status"": ""available"", ""unique_pairs"": 92936.0}, ""P2_consistency"": {""reason"": ""explicit phase ledger missing"", ""status"": ""unavailable""}}",12288.0,9216.0,,,196608.0,0.0,196608.0,786432.0,12,12,"[0.03392805904150009, 0.007686713244765997, 0.12416009604930878, 0.048675645142793655, 0.04956836998462677, 0.1326058804988861, 0.07402889430522919, 0.10339269787073135, 0.13652104139328003, 0.04209686443209648, 0.1856425702571869, 0.061693236231803894]",1.0000000684522092,8.780689203702506,3.579944696241455e-08,1024,3.0,5.0,1,6,"{""1"": 13, ""2"": 66, ""3"": 499, ""4"": 334, ""5"": 100, ""6"": 12}","{""0"": 9, ""5"": 1, ""6"": 1, ""7"": 1}","{""1"": 34, ""2"": 96, ""3"": 51, ""4"": 10, ""5"": 1}",True
0646,12,3,3,12,"[0, 1, 2]",8192,deterministic_linspace_subset,"[0.046875, 11.953125, 0.046875, 5.953125]","[true, true, true, true, true, true, true, true, true, true, true, true]","[0.0, 0.048794094567711, 0.10192051234965521, 0.0, 0.001539721464117368, 0.008801619832714398, 0.09494000673294067, 0.1817301685611407, 0.2966822882493337, 0.027169269199172653, 0.23481977979342142, 0.0036025959998369217]","[0.05091919172749233, 0.037692460095665105, 0.09644135222091185, 0.15316401486052195, 0.07060040494737525, 0.10962559092634666, 0.03692735473547751, 0.08817578581996106, 0.08905938464317842, 0.08425136992506548, 0.09568708888643113, 0.08745600185890604]",8.675200462341309,6.333333333333333,2.125,3.779296875,3.4837234999147113,1.6289006550286065,2.7238597622392517,3,12,12,12,0.5553545339426964,0.2008234851885642,0.43893837813628844,"[0, 3]",[],"[0, 3]",[],False,"[true, true, true, true, true, true, true, true, true, true, true, true]",,,,0.32743075510720976,1.4643715859364461,0.48370339302099874,3.7830591427941984,4.131809617567567,1.1908488900781693,0,6651,136736,2617,93006,0.8518880208333334,0.473052978515625,2.541459686664119,1.4701847192654238,3072,196608,True,True,True,"{""P0"": {""reason"": ""explicit phase ledger missing"", ""status"": ""unavailable""}, ""P1"": {""reason"": ""explicit phase ledger missing"", ""status"": ""unavailable""}, ""P2"": {""actual_rows"": 208896.0, ""content_rows"": 786432.0, ""environment"": {""actual_rows"": 196608.0, ""content_rows"": 786432.0, ""geometry_rows"": 196608.0, ""logical_paths"": 136736.0, ""padded_rows"": 0.0, ""unique_pairs"": 93006.0}, ""geometry_rows"": 196608.0, ""logical_paths"": 143387.0, ""module"": {""actual_rows"": 12288.0, ""content_rows"": null, ""geometry_rows"": null, ""logical_paths"": 6651.0, ""padded_rows"": 9216.0, ""unique_pairs"": 2617.0}, ""padded_rows"": 9216.0, ""status"": ""available"", ""unique_pairs"": 95623.0}, ""P2_consistency"": {""reason"": ""explicit phase ledger missing"", ""status"": ""unavailable""}}",12288.0,9216.0,,,196608.0,0.0,196608.0,786432.0,12,12,"[0.025459596887230873, 0.043243277817964554, 0.09918093681335449, 0.07658202201128006, 0.03607006371021271, 0.059213608503341675, 0.06593368202447891, 0.13495297729969025, 0.1928708255290985, 0.055710319429636, 0.1652534306049347, 0.04552930220961571]",1.0000000428408384,8.675201132131747,6.69790438223572e-07,1024,4.0,5.0,2,6,"{""2"": 19, ""3"": 408, ""4"": 389, ""5"": 196, ""6"": 12}","{""0"": 9, ""6"": 2, ""7"": 1}","{""1"": 41, ""2"": 97, ""3"": 43, ""4"": 11}",True
0647,12,3,3,12,"[0, 1, 2]",8192,deterministic_linspace_subset,"[0.046875, 11.953125, 0.046875, 5.953125]","[true, true, true, true, true, true, true, true, true, true, true, true]","[0.0, 0.00724013956884543, 0.1761677140990893, 0.0, 0.09694135189056396, 0.07051561772823334, 0.08797340591748555, 0.26013062397638953, 0.1079850240300099, 0.015557927632471547, 0.12496213288977741, 0.05252607415119807]","[0.03657827151861663, 0.027560382673982527, 0.09654632862657309, 0.1670690055082862, 0.06140968905917061, 0.09233935772014473, 0.04972865744881954, 0.07818675262509107, 0.10187873248166092, 0.08487135852192296, 0.09640027787342356, 0.1074311846071699]",9.556395530700684,6.0,2.2083333333333335,3.529296875,3.3776764521713454,1.6471623498447314,2.5252710498431075,3,12,11,12,0.5459202705062199,0.20828796031666155,0.4097597995652147,"[0, 3]",[],"[0, 3]",[],False,"[true, true, true, true, true, true, true, true, true, true, true, true]",,,,0.5229167353887035,1.4375300702672182,0.8120294937474652,3.7801330213142146,3.871448466984,1.182636053924965,0,6298,138967,2684,94017,0.8736979166666666,0.4781951904296875,2.3464977645305516,1.478105023559569,3072,196608,True,True,True,"{""P0"": {""reason"": ""explicit phase ledger missing"", ""status"": ""unavailable""}, ""P1"": {""reason"": ""explicit phase ledger missing"", ""status"": ""unavailable""}, ""P2"": {""actual_rows"": 208896.0, ""content_rows"": 786432.0, ""environment"": {""actual_rows"": 196608.0, ""content_rows"": 786432.0, ""geometry_rows"": 196608.0, ""logical_paths"": 138967.0, ""padded_rows"": 0.0, ""unique_pairs"": 94017.0}, ""geometry_rows"": 196608.0, ""logical_paths"": 145265.0, ""module"": {""actual_rows"": 12288.0, ""content_rows"": null, ""geometry_rows"": null, ""logical_paths"": 6298.0, ""padded_rows"": 9216.0, ""unique_pairs"": 2684.0}, ""padded_rows"": 9216.0, ""status"": ""available"", ""unique_pairs"": 96701.0}, ""P2_consistency"": {""reason"": ""explicit phase ledger missing"", ""status"": ""unavailable""}}",12288.0,9216.0,,,196608.0,0.0,196608.0,786432.0,12,12,"[0.01828913763165474, 0.017400261014699936, 0.13635702431201935, 0.08353451639413834, 0.07917551696300507, 0.08142749965190887, 0.0688510313630104, 0.1691586971282959, 0.10493188351392746, 0.05021464824676514, 0.1106812059879303, 0.07997862994670868]",1.0000000521540642,9.556395343832314,1.8686836966708142e-07,1024,3.0,5.0,2,6,"{""2"": 41, ""3"": 490, ""4"": 409, ""5"": 78, ""6"": 6}","{""0"": 9, ""5"": 1, ""6"": 1, ""7"": 1}","{""1"": 38, ""2"": 88, ""3"": 56, ""4"": 8, ""5"": 2}",True
0648,12,5,5,12,"[0, 1, 2, 3, 4]",8192,deterministic_linspace_subset,"[0.046875, 11.953125, 0.046875, 5.953125]","[true, true, true, true, true, true, true, true, true, true, true, true]","[0.0, 0.04053082168102265, 0.11654845476150513, 0.011026266217231752, 0.050563609600067144, 0.07685990580357611, 0.10980344709823839, 0.23820025622844698, 0.1365560505539179, 0.028043378889560704, 0.060143366124248136, 0.13172445595264437]","[0.05461171187926085, 0.03907104321600248, 0.09014363284222782, 0.11834835195137805, 0.05334657100199062, 0.12156324926763773, 0.04787641616227726, 0.06192496255001363, 0.08978523504144201, 0.10864134615985675, 0.0913153327613448, 0.1233721463286201]",10.208962440490723,5.4,2.015625,3.416015625,2.9176716110994168,1.5657666488017252,2.395114129709645,5,12,12,12,0.49609546162537893,0.1839799039248431,0.39185576286882917,[0],[],[0],[],False,"[true, true, true, true, true, true, true, true, true, true, true, true]",,,,0.8518870323117552,1.3924805110845577,1.3005804437774329,3.7746878526308665,4.221212300503462,1.1737040395816294,0,9455,113827,4350,82833,0.849609375,0.4213104248046875,2.1735632183908047,1.3741745439619475,5120,196608,True,True,True,"{""P0"": {""reason"": ""explicit phase ledger missing"", ""status"": ""unavailable""}, ""P1"": {""reason"": ""explicit phase ledger missing"", ""status"": ""unavailable""}, ""P2"": {""actual_rows"": 208896.0, ""content_rows"": 786432.0, ""environment"": {""actual_rows"": 196608.0, ""content_rows"": 786432.0, ""geometry_rows"": 196608.0, ""logical_paths"": 113827.0, ""padded_rows"": 0.0, ""unique_pairs"": 82833.0}, ""geometry_rows"": 196608.0, ""logical_paths"": 123282.0, ""module"": {""actual_rows"": 12288.0, ""content_rows"": null, ""geometry_rows"": null, ""logical_paths"": 9455.0, ""padded_rows"": 7168.0, ""unique_pairs"": 4350.0}, ""padded_rows"": 7168.0, ""status"": ""available"", ""unique_pairs"": 87183.0}, ""P2_consistency"": {""reason"": ""explicit phase ledger missing"", ""status"": ""unavailable""}}",12288.0,7168.0,,,196608.0,0.0,196608.0,786432.0,12,12,"[0.027305854484438896, 0.03980093449354172, 0.10334604233503342, 0.06468731164932251, 0.05195508897304535, 0.09921158105134964, 0.07883993536233902, 0.15006262063980103, 0.11317063868045807, 0.06834236532449722, 0.0757293552160263, 0.12754830718040466]",1.0000000353902578,10.208962172856316,2.6763440708066355e-07,1024,3.0,5.0,2,6,"{""2"": 90, ""3"": 501, ""4"": 358, ""5"": 67, ""6"": 8}","{""0"": 7, ""5"": 3, ""6"": 2}","{""1"": 47, ""2"": 102, ""3"": 36, ""4"": 7}",True
0649,12,5,5,12,"[0, 1, 2, 3, 4]",8192,deterministic_linspace_subset,"[0.046875, 11.953125, 0.046875, 5.953125]","[true, true, true, true, true, true, true, true, true, true, true, true]","[0.0, 0.0, 0.20268352627754213, 0.0, 0.035888985544443135, 0.11543923439458013, 0.12534994930028914, 0.18440179824829103, 0.060499279946088794, 0.05018018335103989, 0.13452192321419718, 0.09103514254093172]","[0.05064011332190906, 0.04607670897773157, 0.11076787490067846, 0.12728198099648577, 0.05931846661648404, 0.11188272217016976, 0.05670848892380793, 0.05221565828348201, 0.0861942113066713, 0.08598821288129935, 0.09689692807539055, 0.11602863273583353]",9.864275932312012,5.2,1.96875,3.4609375,2.8708772726406018,1.5779033894999521,2.4272571349347745,5,12,12,12,0.4831219912596607,0.18671126320473955,0.39739045427774117,"[0, 1, 3]",[],"[0, 1, 3]",[],False,"[true, true, true, true, true, true, true, true, true, true, true, true]",,,,0.8151670425022766,1.3960424115769747,1.6789025362503978,3.7755701165046522,4.053252012177444,1.1708199479386943,0,9424,112774,4204,82478,0.82109375,0.4195048014322917,2.241674595623216,1.3673221950095784,5120,196608,True,True,True,"{""P0"": {""reason"": ""explicit phase ledger missing"", ""status"": ""unavailable""}, ""P1"": {""reason"": ""explicit phase ledger missing"", ""status"": ""unavailable""}, ""P2"": {""actual_rows"": 208896.0, ""content_rows"": 786432.0, ""environment"": {""actual_rows"": 196608.0, ""content_rows"": 786432.0, ""geometry_rows"": 196608.0, ""logical_paths"": 112774.0, ""padded_rows"": 0.0, ""unique_pairs"": 82478.0}, ""geometry_rows"": 196608.0, ""logical_paths"": 122198.0, ""module"": {""actual_rows"": 12288.0, ""content_rows"": null, ""geometry_rows"": null, ""logical_paths"": 9424.0, ""padded_rows"": 7168.0, ""unique_pairs"": 4204.0}, ""padded_rows"": 7168.0, ""status"": ""available"", ""unique_pairs"": 86682.0}, ""P2_consistency"": {""reason"": ""explicit phase ledger missing"", ""status"": ""unavailable""}}",12288.0,7168.0,,,196608.0,0.0,196608.0,786432.0,12,12,"[0.025320054963231087, 0.023038353770971298, 0.1567257046699524, 0.06364098936319351, 0.047603726387023926, 0.11366097629070282, 0.09102922677993774, 0.11830872297286987, 0.07334674149751663, 0.06808419525623322, 0.11570943146944046, 0.10353188961744308]",1.000000013038516,9.864274862960452,1.0693515601900572e-06,1024,3.0,5.0,2,6,"{""2"": 53, ""3"": 546, ""4"": 333, ""5"": 84, ""6"": 8}","{""0"": 7, ""4"": 1, ""5"": 2, ""6"": 2}","{""1"": 50, ""2"": 102, ""3"": 36, ""4"": 4}",True
0650,12,5,5,12,"[0, 1, 2, 3, 4]",8192,deterministic_linspace_subset,"[0.046875, 11.953125, 0.046875, 5.953125]","[true, true, true, true, true, true, true, true, true, true, true, true]","[0.02030283957719803, 0.0, 0.12589886114001275, 0.01738500315696001, 0.08052037358283998, 0.12790245972573758, 0.0726957893348299, 0.1774032324552536, 0.10431838812073693, 0.01626408435404301, 0.13596643256023527, 0.1213425467722118]","[0.07112453717369739, 0.04749874898698181, 0.08496543404180555, 0.13102835680668548, 0.06130219970752176, 0.0968610187798428, 0.058230834819066025, 0.054511624233176306, 0.09087950778181644, 0.10090709670718451, 0.08622299221557721, 0.11646764756490784]",10.626509666442871,6.0,2.0364583333333335,3.3984375,2.9284422387655926,1.5692032684039827,2.3385942677093277,5,12,12,12,0.4898800976974457,0.18646475453523023,0.3841162751801298,[1],[],[1],[],False,"[true, true, true, true, true, true, true, true, true, true, true, true]",,,,0.8896894658960012,1.4024051839004672,1.3342389079392718,3.7774692285850424,4.190448359466316,1.128543536181148,0,10428,111792,4420,80182,0.86328125,0.4078267415364583,2.3592760180995476,1.3942281310019706,5120,196608,True,True,True,"{""P0"": {""reason"": ""explicit phase ledger missing"", ""status"": ""unavailable""}, ""P1"": {""reason"": ""explicit phase ledger missing"", ""status"": ""unavailable""}, ""P2"": {""actual_rows"": 208896.0, ""content_rows"": 786432.0, ""environment"": {""actual_rows"": 196608.0, ""content_rows"": 786432.0, ""geometry_rows"": 196608.0, ""logical_paths"": 111792.0, ""padded_rows"": 0.0, ""unique_pairs"": 80182.0}, ""geometry_rows"": 196608.0, ""logical_paths"": 122220.0, ""module"": {""actual_rows"": 12288.0, ""content_rows"": null, ""geometry_rows"": null, ""logical_paths"": 10428.0, ""padded_rows"": 7168.0, ""unique_pairs"": 4420.0}, ""padded_rows"": 7168.0, ""status"": ""available"", ""unique_pairs"": 84602.0}, ""P2_consistency"": {""reason"": ""explicit phase ledger missing"", ""status"": ""unavailable""}}",12288.0,7168.0,,,196608.0,0.0,196608.0,786432.0,12,12,"[0.04571368545293808, 0.023749377578496933, 0.10543215274810791, 0.07420668751001358, 0.07091128826141357, 0.11238174140453339, 0.06546331197023392, 0.11595743894577026, 0.09759895503520966, 0.05858559161424637, 0.11109471321105957, 0.11890510469675064]",1.0000000484287739,10.626510185582125,5.191392542513995e-07,1024,3.0,4.849999999999909,2,6,"{""2"": 29, ""3"": 615, ""4"": 328, ""5"": 47, ""6"": 5}","{""0"": 7, ""4"": 1, ""5"": 1, ""6"": 1, ""7"": 1, ""8"": 1}","{""1"": 48, ""2"": 101, ""3"": 34, ""4"": 6, ""5"": 3}",True
0651,12,5,5,12,"[0, 1, 2, 3, 4]",8192,deterministic_linspace_subset,"[0.046875, 11.953125, 0.046875, 5.953125]","[true, true, true, true, true, true, true, true, true, true, true, true]","[0.00014781264762859793, 0.0, 0.14150241325842217, 0.039459159970283514, 0.06626348495483399, 0.17171962705033367, 0.0, 0.1550420790910721, 0.12285275775939228, 0.01987233916297555, 0.20845163688063623, 0.07468868792057037]","[0.10590539775633565, 0.08822905770891037, 0.08927618442248787, 0.15543361440844214, 0.0837936439978269, 0.06762824744024935, 0.06320490605624704, 0.05311364847390603, 0.06072718277573585, 0.07440081837315422, 0.0651848410331392, 0.09310245851520449]",10.44327449798584,5.8,2.0885416666666665,3.48046875,3.2279817547840564,1.6255764262558954,2.4134981773481354,5,12,11,12,0.5289044897368312,0.20119622353239566,0.39641937737593486,"[1, 6]",[],"[1, 6]",[],False,"[true, true, true, true, true, true, true, true, true, true, true, true]",,,,0.7563707496976461,1.4132460722329334,1.4500829664840058,3.7749373161844453,3.974609217212924,1.1778231607244651,0,10581,111130,4598,81638,0.898046875,0.4152323404947917,2.3012179208351458,1.3612533379063672,5120,196608,True,True,True,"{""P0"": {""reason"": ""explicit phase ledger missing"", ""status"": ""unavailable""}, ""P1"": {""reason"": ""explicit phase ledger missing"", ""status"": ""unavailable""}, ""P2"": {""actual_rows"": 208896.0, ""content_rows"": 786432.0, ""environment"": {""actual_rows"": 196608.0, ""content_rows"": 786432.0, ""geometry_rows"": 196608.0, ""logical_paths"": 111130.0, ""padded_rows"": 0.0, ""unique_pairs"": 81638.0}, ""geometry_rows"": 196608.0, ""logical_paths"": 121711.0, ""module"": {""actual_rows"": 12288.0, ""content_rows"": null, ""geometry_rows"": null, ""logical_paths"": 10581.0, ""padded_rows"": 7168.0, ""unique_pairs"": 4598.0}, ""padded_rows"": 7168.0, ""status"": ""available"", ""unique_pairs"": 86236.0}, ""P2_consistency"": {""reason"": ""explicit phase ledger missing"", ""status"": ""unavailable""}}",12288.0,7168.0,,,196608.0,0.0,196608.0,786432.0,12,12,"[0.053026601672172546, 0.044114530086517334, 0.11538929492235184, 0.09744639694690704, 0.07502856850624084, 0.11967393010854721, 0.03160245344042778, 0.10407786816358566, 0.09178996831178665, 0.0471365712583065, 0.13681824505329132, 0.08389557152986526]",1.0,10.443274281362042,2.166237980105734e-07,1024,3.0,5.0,2,6,"{""2"": 32, ""3"": 585, ""4"": 297, ""5"": 103, ""6"": 7}","{""0"": 7, ""5"": 2, ""6"": 2, ""7"": 1}","{""1"": 39, ""2"": 104, ""3"": 43, ""4"": 5, ""5"": 1}",True
0652,12,5,5,12,"[0, 1, 2, 3, 4]",8192,deterministic_linspace_subset,"[0.046875, 11.953125, 0.046875, 5.953125]","[true, true, true, true, true, true, true, true, true, true, true, true]","[0.021338837593793868, 0.0, 0.08481611739844083, 0.004075310006737709, 0.006825198233127595, 0.14731682697311044, 0.09853780120611191, 0.2101423338055611, 0.0805838852055615, 0.001046260166913271, 0.23082744926214221, 0.11448997035622596]","[0.05597298895493925, 0.05367765751240465, 0.09167671204340877, 0.12167248505526608, 0.08557444818628329, 0.10910888710835326, 0.05962502115289681, 0.03171526487373436, 0.11219751656365891, 0.0923440004310881, 0.08285737189968737, 0.10357764524330071]",9.865311622619629,6.2,2.296875,3.755859375,3.0719903602642624,1.7474673081661842,2.6187028582288496,5,12,12,12,0.5249032069625553,0.23111048937049303,0.42551372777417495,[1],[],[1],[],False,"[true, true, true, true, true, true, true, true, true, true, true, true]",,,,0.6158794604762219,1.4540148409059503,0.82730506649857,3.7812442044612946,3.935919214752183,1.1480766325921659,0,11855,135466,4817,90055,0.9408203125,0.4580434163411458,2.4610753581067053,1.5042585086891345,5120,196608,True,True,True,"{""P0"": {""reason"": ""explicit phase ledger missing"", ""status"": ""unavailable""}, ""P1"": {""reason"": ""explicit phase ledger missing"", ""status"": ""unavailable""}, ""P2"": {""actual_rows"": 208896.0, ""content_rows"": 786432.0, ""environment"": {""actual_rows"": 196608.0, ""content_rows"": 786432.0, ""geometry_rows"": 196608.0, ""logical_paths"": 135466.0, ""padded_rows"": 0.0, ""unique_pairs"": 90055.0}, ""geometry_rows"": 196608.0, ""logical_paths"": 147321.0, ""module"": {""actual_rows"": 12288.0, ""content_rows"": null, ""geometry_rows"": null, ""logical_paths"": 11855.0, ""padded_rows"": 7168.0, ""unique_pairs"": 4817.0}, ""padded_rows"": 7168.0, ""status"": ""available"", ""unique_pairs"": 94872.0}, ""P2_consistency"": {""reason"": ""explicit phase ledger missing"", ""status"": ""unavailable""}}",12288.0,7168.0,,,196608.0,0.0,196608.0,786432.0,12,12,"[0.03865591436624527, 0.02683883160352707, 0.0882464125752449, 0.06287389248609543, 0.04619983211159706, 0.1282128542661667, 0.07908141613006592, 0.1209288090467453, 0.09639070928096771, 0.046695124357938766, 0.1568424105644226, 0.10903380811214447]",1.0000000149011612,9.865310635927909,9.86691720328281e-07,1024,4.0,5.0,2,6,"{""2"": 7, ""3"": 441, ""4"": 413, ""5"": 121, ""6"": 42}","{""0"": 7, ""4"": 1, ""6"": 2, ""7"": 1, ""8"": 1}","{""1"": 30, ""2"": 93, ""3"": 54, ""4"": 12, ""5"": 3}",True
0653,12,5,5,12,"[0, 1, 2, 3, 4]",8192,deterministic_linspace_subset,"[0.046875, 11.953125, 0.046875, 5.953125]","[true, true, true, true, true, true, true, true, true, true, true, true]","[0.0037327591329813004, 0.01391621045768261, 0.13346820399165155, 0.03759839236736298, 0.06932012438774109, 0.10629660785198213, 0.020668457448482516, 0.1756647616624832, 0.24599161297082903, 0.027784288302063948, 0.1408396225422621, 0.024718959745950998]","[0.07433761898816253, 0.05303908290807157, 0.08633108452583353, 0.1559808244540666, 0.07554015848290872, 0.08834608359029517, 0.059858251091403275, 0.05699700000695884, 0.074497184328114, 0.101116736070253, 0.08594660459008689, 0.08800937155077315]",10.017099380493164,6.0,1.921875,3.4326171875,2.8574735516624115,1.5533709747900393,2.3552711355799083,5,12,12,12,0.5116756860834797,0.17873800173713686,0.38644832637116233,[],[],[],[],False,"[true, true, true, true, true, true, true, true, true, true, true, true]",,,,0.7184752001375131,1.3712208385456846,1.148162666273621,3.7726529248055964,3.9938222785674946,1.174914902805562,0,10007,105856,4446,78799,0.868359375,0.4007924397786458,2.250787224471435,1.3433673016155028,5120,196608,True,True,True,"{""P0"": {""reason"": ""explicit phase ledger missing"", ""status"": ""unavailable""}, ""P1"": {""reason"": ""explicit phase ledger missing"", ""status"": ""unavailable""}, ""P2"": {""actual_rows"": 208896.0, ""content_rows"": 786432.0, ""environment"": {""actual_rows"": 196608.0, ""content_rows"": 786432.0, ""geometry_rows"": 196608.0, ""logical_paths"": 105856.0, ""padded_rows"": 0.0, ""unique_pairs"": 78799.0}, ""geometry_rows"": 196608.0, ""logical_paths"": 115863.0, ""module"": {""actual_rows"": 12288.0, ""content_rows"": null, ""geometry_rows"": null, ""logical_paths"": 10007.0, ""padded_rows"": 7168.0, ""unique_pairs"": 4446.0}, ""padded_rows"": 7168.0, ""status"": ""available"", ""unique_pairs"": 83245.0}, ""P2_consistency"": {""reason"": ""explicit phase ledger missing"", ""status"": ""unavailable""}}",12288.0,7168.0,,,196608.0,0.0,196608.0,786432.0,12,12,"[0.039035189896821976, 0.03347764536738396, 0.10989964008331299, 0.09678961336612701, 0.07243014872074127, 0.09732135385274887, 0.040263354778289795, 0.11633088439702988, 0.1602444052696228, 0.06445051729679108, 0.11339312046766281, 0.056364163756370544]",1.000000037252903,10.017099085658534,2.9483462959944973e-07,1024,3.0,5.0,2,6,"{""2"": 54, ""3"": 536, ""4"": 374, ""5"": 57, ""6"": 3}","{""0"": 7, ""5"": 1, ""6"": 3, ""7"": 1}","{""1"": 55, ""2"": 100, ""3"": 34, ""4"": 3}",True
0654,12,5,5,12,"[0, 1, 2, 3, 4]",8192,deterministic_linspace_subset,"[0.046875, 11.953125, 0.046875, 5.953125]","[true, true, true, true, true, true, true, true, true, true, true, true]","[0.04872068203985692, 0.0454203873872757, 0.10977607603417709, 0.013019858300685883, 0.006436259858310223, 0.12813428938388824, 0.09567868113517762, 0.09747514557093383, 0.15882357424125076, 0.07452281191945076, 0.2047817334998399, 0.01721050450578332]","[0.05672579580156405, 0.0467591560833777, 0.1084974023072694, 0.1316094701566423, 0.05707529715436977, 0.09679002675693482, 0.05936795492501309, 0.06854606296595497, 0.08723489060745732, 0.09417086443863809, 0.0885679678855619, 0.10465511237271127]",10.40821647644043,5.8,2.0052083333333335,3.4423828125,2.8490317427216483,1.5600832981953936,2.390725487622632,5,12,12,12,0.4805614903515041,0.18345043569989092,0.3919860401918016,[],[],[],[],False,"[true, true, true, true, true, true, true, true, true, true, true, true]",,,,0.8697636261068266,1.4245207711844994,1.2408134765508367,3.782572147395832,4.42336011599871,1.106866390041478,0,9447,113076,4459,79229,0.8708984375,0.4029795328776042,2.118636465575241,1.4272046851531637,5120,196608,True,True,True,"{""P0"": {""reason"": ""explicit phase ledger missing"", ""status"": ""unavailable""}, ""P1"": {""reason"": ""explicit phase ledger missing"", ""status"": ""unavailable""}, ""P2"": {""actual_rows"": 208896.0, ""content_rows"": 786432.0, ""environment"": {""actual_rows"": 196608.0, ""content_rows"": 786432.0, ""geometry_rows"": 196608.0, ""logical_paths"": 113076.0, ""padded_rows"": 0.0, ""unique_pairs"": 79229.0}, ""geometry_rows"": 196608.0, ""logical_paths"": 122523.0, ""module"": {""actual_rows"": 12288.0, ""content_rows"": null, ""geometry_rows"": null, ""logical_paths"": 9447.0, ""padded_rows"": 7168.0, ""unique_pairs"": 4459.0}, ""padded_rows"": 7168.0, ""status"": ""available"", ""unique_pairs"": 83688.0}, ""P2_consistency"": {""reason"": ""explicit phase ledger missing"", ""status"": ""unavailable""}}",12288.0,7168.0,,,196608.0,0.0,196608.0,786432.0,12,12,"[0.052723243832588196, 0.0460897758603096, 0.10913674533367157, 0.07231466472148895, 0.03175577521324158, 0.11246217042207718, 0.07752332091331482, 0.08301059901714325, 0.12302923202514648, 0.08434684574604034, 0.14667485654354095, 0.060932811349630356]",1.0000000409781933,10.408215951429169,5.250112611321356e-07,1024,3.0,5.0,2,6,"{""2"": 41, ""3"": 602, ""4"": 276, ""5"": 97, ""6"": 8}","{""0"": 7, ""5"": 2, ""6"": 2, ""7"": 1}","{""1"": 52, ""2"": 94, ""3"": 39, ""4"": 7}",True
0655,12,5,5,12,"[0, 1, 2, 3, 4]",8192,deterministic_linspace_subset,"[0.046875, 11.953125, 0.046875, 5.953125]","[true, true, true, true, true, true, true, true, true, true, true, true]","[0.05106393843889236, 0.011159065365791322, 0.14449253892526032, 0.10414653420448303, 0.010652782768011095, 0.216250216960907, 0.0, 0.03202237915247679, 0.14634311199188232, 0.05663631409406662, 0.21162960664369168, 0.015603522956371307]","[0.07322948172501736, 0.05445333839937423, 0.10114137723576275, 0.11084392987928973, 0.1081688958511222, 0.0798778309642027, 0.059643649728968746, 0.06674211871965477, 0.0699483435600996, 0.07604111899854613, 0.08219880657270548, 0.11771110658689093]",9.757855415344238,6.2,2.2083333333333335,3.5625,3.0118446605431273,1.711638242169001,2.4295690987243894,5,12,12,12,0.529030890104133,0.22380007917923964,0.39610193181389197,[6],[],[6],[],False,"[true, true, true, true, true, true, true, true, true, true, true, true]",,,,0.9788386042616041,1.4622885404605246,1.844083237124016,3.7869337862946666,4.129639404942108,1.140362466332943,0,10068,127660,4210,85381,0.822265625,0.4342702229817708,2.3914489311163893,1.495180426558602,5120,196608,True,True,True,"{""P0"": {""reason"": ""explicit phase ledger missing"", ""status"": ""unavailable""}, ""P1"": {""reason"": ""explicit phase ledger missing"", ""status"": ""unavailable""}, ""P2"": {""actual_rows"": 208896.0, ""content_rows"": 786432.0, ""environment"": {""actual_rows"": 196608.0, ""content_rows"": 786432.0, ""geometry_rows"": 196608.0, ""logical_paths"": 127660.0, ""padded_rows"": 0.0, ""unique_pairs"": 85381.0}, ""geometry_rows"": 196608.0, ""logical_paths"": 137728.0, ""module"": {""actual_rows"": 12288.0, ""content_rows"": null, ""geometry_rows"": null, ""logical_paths"": 10068.0, ""padded_rows"": 7168.0, ""unique_pairs"": 4210.0}, ""padded_rows"": 7168.0, ""status"": ""available"", ""unique_pairs"": 89591.0}, ""P2_consistency"": {""reason"": ""explicit phase ledger missing"", ""status"": ""unavailable""}}",12288.0,7168.0,,,196608.0,0.0,196608.0,786432.0,12,12,"[0.062146712094545364, 0.03280619904398918, 0.12281696498394012, 0.10749523341655731, 0.05941084027290344, 0.1480640321969986, 0.02982182614505291, 0.049382250756025314, 0.10814572870731354, 0.06633871793746948, 0.14691419899463654, 0.06665731221437454]",1.0000000167638063,9.757854025645846,1.3896983919181594e-06,1024,3.0,5.0,2,6,"{""2"": 55, ""3"": 493, ""4"": 330, ""5"": 137, ""6"": 9}","{""0"": 7, ""5"": 1, ""6"": 2, ""7"": 2}","{""1"": 27, ""2"": 110, ""3"": 43, ""4"": 12}",True
0656,12,5,5,12,"[0, 1, 2, 3, 4]",8192,deterministic_linspace_subset,"[0.046875, 11.953125, 0.046875, 5.953125]","[true, true, true, true, true, true, true, true, true, true, true, true]","[0.020237386226654053, 0.04729499790555565, 0.22009852156043053, 0.008785303682088852, 0.08040240108966829, 0.09714715778827668, 0.05225198268890381, 0.05509455725550652, 0.12040704621929024, 0.05867738788947464, 0.1418716395224692, 0.09773162228568708]","[0.05016477146030714, 0.059925704876756455, 0.0974526951840744, 0.13812172112132728, 0.06948556476466668, 0.0992833679677763, 0.05130367982201279, 0.066196260197709, 0.0948001597619926, 0.0662189684032152, 0.09072961091684797, 0.11631749552907421]",10.330754280090332,6.2,1.9739583333333333,3.4091796875,2.8606872396208134,1.5540788976974105,2.366152500883134,5,12,12,12,0.49646803164085646,0.1785997823135229,0.38670104139419803,[],[],[],[],False,"[true, true, true, true, true, true, true, true, true, true, true, true]",,,,0.8822333519263504,1.3754545055958634,1.3280957392173594,3.783446502357908,4.226098071220646,1.1897879714075437,0,9499,108392,4124,78572,0.80546875,0.3996378580729167,2.303346265761397,1.3795245125489997,5120,196608,True,True,True,"{""P0"": {""reason"": ""explicit phase ledger missing"", ""status"": ""unavailable""}, ""P1"": {""reason"": ""explicit phase ledger missing"", ""status"": ""unavailable""}, ""P2"": {""actual_rows"": 208896.0, ""content_rows"": 786432.0, ""environment"": {""actual_rows"": 196608.0, ""content_rows"": 786432.0, ""geometry_rows"": 196608.0, ""logical_paths"": 108392.0, ""padded_rows"": 0.0, ""unique_pairs"": 78572.0}, ""geometry_rows"": 196608.0, ""logical_paths"": 117891.0, ""module"": {""actual_rows"": 12288.0, ""content_rows"": null, ""geometry_rows"": null, ""logical_paths"": 9499.0, ""padded_rows"": 7168.0, ""unique_pairs"": 4124.0}, ""padded_rows"": 7168.0, ""status"": ""available"", ""unique_pairs"": 82696.0}, ""P2_consistency"": {""reason"": ""explicit phase ledger missing"", ""status"": ""unavailable""}}",12288.0,7168.0,,,196608.0,0.0,196608.0,786432.0,12,12,"[0.03520107641816139, 0.05361034721136093, 0.15877561271190643, 0.07345352321863174, 0.07494398206472397, 0.0982152596116066, 0.051777828484773636, 0.06064540892839432, 0.10760360956192017, 0.062448181211948395, 0.11630062758922577, 0.10702456533908844]",1.0000000223517418,10.330754297387177,1.7296844845304804e-08,1024,3.0,5.0,2,6,"{""2"": 86, ""3"": 538, ""4"": 296, ""5"": 103, ""6"": 1}","{""0"": 7, ""5"": 1, ""6"": 3, ""8"": 1}","{""1"": 50, ""2"": 105, ""3"": 30, ""4"": 6, ""5"": 1}",True
0657,12,5,5,12,"[0, 1, 2, 3, 4]",8192,deterministic_linspace_subset,"[0.046875, 11.953125, 0.046875, 5.953125]","[true, true, true, true, true, true, true, true, true, true, true, true]","[0.018652740120887756, 0.0025980102829635146, 0.16881433054804804, 0.00021450011990964413, 0.07067067250609399, 0.08908441346138717, 0.07941361367702485, 0.15911102956160905, 0.1767045971006155, 0.0690400954335928, 0.10018985514761881, 0.06550611853599549]","[0.0621832664279888, 0.04323234393571814, 0.09986868444442129, 0.12870755737336972, 0.06289739992159109, 0.10396853912485918, 0.05960610365339865, 0.06494839848407234, 0.0915368616648872, 0.08174981603709361, 0.09216931301246709, 0.10913171595893802]",10.409161567687988,6.0,1.9635416666666667,3.4169921875,2.8941170082486267,1.5536294306618537,2.29490476658193,5,12,12,12,0.4815608779421969,0.1799191816312289,0.3749343067588229,[],[],[],[],False,"[true, true, true, true, true, true, true, true, true, true, true, true]",,,,0.826297721518649,1.3990657314242714,1.1516213432674753,3.781763629203948,4.084649798961061,1.1656818240700373,0,9600,109999,4510,80141,0.880859375,0.4076182047526042,2.12860310421286,1.3725683482861457,5120,196608,True,True,True,"{""P0"": {""reason"": ""explicit phase ledger missing"", ""status"": ""unavailable""}, ""P1"": {""reason"": ""explicit phase ledger missing"", ""status"": ""unavailable""}, ""P2"": {""actual_rows"": 208896.0, ""content_rows"": 786432.0, ""environment"": {""actual_rows"": 196608.0, ""content_rows"": 786432.0, ""geometry_rows"": 196608.0, ""logical_paths"": 109999.0, ""padded_rows"": 0.0, ""unique_pairs"": 80141.0}, ""geometry_rows"": 196608.0, ""logical_paths"": 119599.0, ""module"": {""actual_rows"": 12288.0, ""content_rows"": null, ""geometry_rows"": null, ""logical_paths"": 9600.0, ""padded_rows"": 7168.0, ""unique_pairs"": 4510.0}, ""padded_rows"": 7168.0, ""status"": ""available"", ""unique_pairs"": 84651.0}, ""P2_consistency"": {""reason"": ""explicit phase ledger missing"", ""status"": ""unavailable""}}",12288.0,7168.0,,,196608.0,0.0,196608.0,786432.0,12,12,"[0.040418002754449844, 0.022915175184607506, 0.1343415081501007, 0.06446103006601334, 0.06678403913974762, 0.09652647376060486, 0.06950985640287399, 0.11202970892190933, 0.13412073254585266, 0.07539495825767517, 0.09617958217859268, 0.08731892704963684]",0.9999999944120646,10.409162644193133,1.0765051445815743e-06,1024,3.0,5.0,2,6,"{""2"": 60, ""3"": 590, ""4"": 269, ""5"": 97, ""6"": 8}","{""0"": 7, ""5"": 1, ""6"": 3, ""7"": 1}","{""1"": 48, ""2"": 107, ""3"": 33, ""4"": 4}",True
0658,12,5,5,12,"[0, 1, 2, 3, 4]",8192,deterministic_linspace_subset,"[0.046875, 11.953125, 0.046875, 5.953125]","[true, true, true, true, true, true, true, true, true, true, true, true]","[0.001912147179245949, 0.02617448577657342, 0.17650521458126606, 0.0, 0.039176900684833524, 0.10868393257260323, 0.058675368130207066, 0.14553563436911646, 0.12753464984707535, 0.033390733017586174, 0.1644272395409644, 0.11798375248908997]","[0.07324096529434125, 0.05014087884531667, 0.08857477832740793, 0.15247258672995181, 0.07960354517369218, 0.07931446272414178, 0.05627334621628203, 0.058557126646822624, 0.09329730998918724, 0.07750160340219736, 0.083340940628356, 0.10768245556391776]",10.452466011047363,6.6,1.96875,3.28515625,2.9700960396582645,1.5604740021946955,2.2770725454456424,5,12,12,12,0.5113576224979496,0.18024919417114815,0.36997809758471034,[3],[],[3],[],False,"[true, true, true, true, true, true, true, true, true, true, true, true]",,,,1.2113985517960362,1.3895382740441422,1.7015467670847468,3.776791942389642,3.9746459647234635,1.15605125543115,0,10469,104402,4624,78603,0.903125,0.3997955322265625,2.2640570934256057,1.3282190247191583,5120,196608,True,True,True,"{""P0"": {""reason"": ""explicit phase ledger missing"", ""status"": ""unavailable""}, ""P1"": {""reason"": ""explicit phase ledger missing"", ""status"": ""unavailable""}, ""P2"": {""actual_rows"": 208896.0, ""content_rows"": 786432.0, ""environment"": {""actual_rows"": 196608.0, ""content_rows"": 786432.0, ""geometry_rows"": 196608.0, ""logical_paths"": 104402.0, ""padded_rows"": 0.0, ""unique_pairs"": 78603.0}, ""geometry_rows"": 196608.0, ""logical_paths"": 114871.0, ""module"": {""actual_rows"": 12288.0, ""content_rows"": null, ""geometry_rows"": null, ""logical_paths"": 10469.0, ""padded_rows"": 7168.0, ""unique_pairs"": 4624.0}, ""padded_rows"": 7168.0, ""status"": ""available"", ""unique_pairs"": 83227.0}, ""P2_consistency"": {""reason"": ""explicit phase ledger missing"", ""status"": ""unavailable""}}",12288.0,7168.0,,,196608.0,0.0,196608.0,786432.0,12,12,"[0.03757656365633011, 0.03815768286585808, 0.1325400024652481, 0.0762363076210022, 0.059390224516391754, 0.09399919956922531, 0.05747435614466667, 0.10204637795686722, 0.1104159951210022, 0.055446162819862366, 0.12388409674167633, 0.11283309757709503]",1.0000000670552254,10.452467107813499,1.0967661356886538e-06,1024,3.0,5.0,2,6,"{""2"": 81, ""3"": 639, ""4"": 236, ""5"": 67, ""6"": 1}","{""0"": 7, ""5"": 1, ""6"": 1, ""7"": 2, ""8"": 1}","{""1"": 55, ""2"": 93, ""3"": 39, ""4"": 5}",True
0659,12,5,5,12,"[0, 1, 2, 3, 4]",8192,deterministic_linspace_subset,"[0.046875, 11.953125, 0.046875, 5.953125]","[true, true, true, true, true, true, true, true, true, true, true, true]","[0.0, 0.03290514498949051, 0.056011663377285005, 0.0, 0.00030221764463931325, 0.09149164557456971, 0.15466102957725525, 0.2261272445321083, 0.21328862924128772, 0.019051616854267196, 0.1146288327872753, 0.09153199717402458]","[0.0725078234099783, 0.05532787315314635, 0.09110121721945086, 0.13157045303766302, 0.08277254365384577, 0.09779793466441335, 0.05265290455524035, 0.04980024435402204, 0.08792123028251808, 0.0917607903247699, 0.09899703029077499, 0.0877899560922136]",10.13577938079834,5.6,1.9895833333333333,3.505859375,3.16886594271332,1.6076786941366283,2.392394389613407,5,12,12,12,0.5266792375679602,0.1905129076972049,0.3907821427660106,"[0, 3]",[],"[0, 3]",[],False,"[true, true, true, true, true, true, true, true, true, true, true, true]",,,,0.7424294457164238,1.3868264838166022,1.2428511060971463,3.7776229542323794,4.033135171588176,1.1409664904530878,0,10144,112360,4427,82536,0.8646484375,0.4197998046875,2.2913937203523833,1.361345352331104,5120,196608,True,True,True,"{""P0"": {""reason"": ""explicit phase ledger missing"", ""status"": ""unavailable""}, ""P1"": {""reason"": ""explicit phase ledger missing"", ""status"": ""unavailable""}, ""P2"": {""actual_rows"": 208896.0, ""content_rows"": 786432.0, ""environment"": {""actual_rows"": 196608.0, ""content_rows"": 786432.0, ""geometry_rows"": 196608.0, ""logical_paths"": 112360.0, ""padded_rows"": 0.0, ""unique_pairs"": 82536.0}, ""geometry_rows"": 196608.0, ""logical_paths"": 122504.0, ""module"": {""actual_rows"": 12288.0, ""content_rows"": null, ""geometry_rows"": null, ""logical_paths"": 10144.0, ""padded_rows"": 7168.0, ""unique_pairs"": 4427.0}, ""padded_rows"": 7168.0, ""status"": ""available"", ""unique_pairs"": 86963.0}, ""P2_consistency"": {""reason"": ""explicit phase ledger missing"", ""status"": ""unavailable""}}",12288.0,7168.0,,,196608.0,0.0,196608.0,786432.0,12,12,"[0.0362539105117321, 0.044116511940956116, 0.07355643808841705, 0.0657852292060852, 0.041537389159202576, 0.09464478492736816, 0.10365696996450424, 0.13796374201774597, 0.15060493350028992, 0.05540620908141136, 0.10681293904781342, 0.08966097980737686]",1.000000037252903,10.135778954420697,4.263776425261767e-07,1024,3.0,5.0,2,6,"{""2"": 34, ""3"": 532, ""4"": 367, ""5"": 88, ""6"": 3}","{""0"": 7, ""4"": 1, ""5"": 2, ""7"": 2}","{""1"": 50, ""2"": 97, ""3"": 42, ""4"": 3}",True
0660,12,5,5,12,"[0, 1, 2, 3, 4]",8192,deterministic_linspace_subset,"[0.046875, 11.953125, 0.046875, 5.953125]","[true, true, true, true, true, true, true, true, true, true, true, true]","[0.00013773116515949368, 0.012005397677421571, 0.10230909585952759, 0.08677466660737992, 0.08635124564170837, 0.20413889884948733, 0.12124320566654206, 0.17447400987148287, 0.0953302187845111, 0.009552703332155943, 0.04471602687845007, 0.06296676117926836]","[0.07751500377586733, 0.054476965335197754, 0.09994531151217721, 0.1333878357351447, 0.06470895602493935, 0.08397166578894635, 0.0491583188365136, 0.06466956763567093, 0.10371821946398538, 0.08489848844086129, 0.06996895921959852, 0.11358070783595997]",10.396512031555176,5.0,2.015625,3.4140625,2.7502957977037292,1.557971154292322,2.367773537492724,5,12,12,12,0.45393113629789755,0.18475597340769145,0.38760740807606153,[],[],[],[],False,"[true, true, true, true, true, true, true, true, true, true, true, true]",,,,0.6467345786630042,1.406650021199721,1.4422341942675603,3.777106609431973,4.434089266525627,1.1824388128652041,0,8265,112644,3841,82888,0.7501953125,0.4215901692708333,2.1517833897422545,1.3589904449377472,5120,196608,True,True,True,"{""P0"": {""reason"": ""explicit phase ledger missing"", ""status"": ""unavailable""}, ""P1"": {""reason"": ""explicit phase ledger missing"", ""status"": ""unavailable""}, ""P2"": {""actual_rows"": 208896.0, ""content_rows"": 786432.0, ""environment"": {""actual_rows"": 196608.0, ""content_rows"": 786432.0, ""geometry_rows"": 196608.0, ""logical_paths"": 112644.0, ""padded_rows"": 0.0, ""unique_pairs"": 82888.0}, ""geometry_rows"": 196608.0, ""logical_paths"": 120909.0, ""module"": {""actual_rows"": 12288.0, ""content_rows"": null, ""geometry_rows"": null, ""logical_paths"": 8265.0, ""padded_rows"": 7168.0, ""unique_pairs"": 3841.0}, ""padded_rows"": 7168.0, ""status"": ""available"", ""unique_pairs"": 86729.0}, ""P2_consistency"": {""reason"": ""explicit phase ledger missing"", ""status"": ""unavailable""}}",12288.0,7168.0,,,196608.0,0.0,196608.0,786432.0,12,12,"[0.03882636874914169, 0.03324118256568909, 0.10112720727920532, 0.1100812554359436, 0.07553009688854218, 0.1440552920103073, 0.08520076423883438, 0.11957179009914398, 0.09952422976493835, 0.047225598245859146, 0.057342492043972015, 0.08827373385429382]",1.000000011175871,10.396511857956868,1.7359830728480574e-07,1024,3.0,5.0,2,6,"{""2"": 59, ""3"": 601, ""4"": 260, ""5"": 89, ""6"": 15}","{""0"": 7, ""5"": 5}","{""1"": 46, ""2"": 102, ""3"": 39, ""4"": 5}",True
0661,12,5,5,12,"[0, 1, 2, 3, 4]",8192,deterministic_linspace_subset,"[0.046875, 11.953125, 0.046875, 5.953125]","[true, true, true, true, true, true, true, true, true, true, true, true]","[0.0, 0.0433410719037056, 0.09999242722988129, 0.0008989019319415093, 0.01706205029040575, 0.07178230881690979, 0.05338601768016816, 0.2035298948525451, 0.27961830965359696, 0.12354084327816964, 0.02476134914904833, 0.08208682592958212]","[0.05189345404505729, 0.06474190969796231, 0.10577008269804841, 0.13341286312788725, 0.05079745105831535, 0.11859021469717845, 0.056324451152856156, 0.06404661662721385, 0.07596006854631317, 0.0934767251892481, 0.0872278578268985, 0.09775830402698676]",9.57736587524414,6.0,2.0208333333333335,3.4755859375,3.0693119501110857,1.6042141265055683,2.346093735952186,5,12,12,12,0.5184529748306677,0.18948349989444527,0.38832400978156834,[0],[],[0],[],False,"[true, true, true, true, true, true, true, true, true, true, true, true]",,,,0.8306102246125863,1.4180318808987364,1.4894418991032912,3.7787634232277645,4.117887474430752,1.1980518950840975,0,9505,118054,4221,83530,0.8244140625,0.4248555501302083,2.251836057806207,1.4133125823057584,5120,196608,True,True,True,"{""P0"": {""reason"": ""explicit phase ledger missing"", ""status"": ""unavailable""}, ""P1"": {""reason"": ""explicit phase ledger missing"", ""status"": ""unavailable""}, ""P2"": {""actual_rows"": 208896.0, ""content_rows"": 786432.0, ""environment"": {""actual_rows"": 196608.0, ""content_rows"": 786432.0, ""geometry_rows"": 196608.0, ""logical_paths"": 118054.0, ""padded_rows"": 0.0, ""unique_pairs"": 83530.0}, ""geometry_rows"": 196608.0, ""logical_paths"": 127559.0, ""module"": {""actual_rows"": 12288.0, ""content_rows"": null, ""geometry_rows"": null, ""logical_paths"": 9505.0, ""padded_rows"": 7168.0, ""unique_pairs"": 4221.0}, ""padded_rows"": 7168.0, ""status"": ""available"", ""unique_pairs"": 87751.0}, ""P2_consistency"": {""reason"": ""explicit phase ledger missing"", ""status"": ""unavailable""}}",12288.0,7168.0,,,196608.0,0.0,196608.0,786432.0,12,12,"[0.02594672702252865, 0.054041486233472824, 0.10288125276565552, 0.0671558827161789, 0.03392975404858589, 0.0951862633228302, 0.054855234920978546, 0.13378825783729553, 0.17778918147087097, 0.10850878059864044, 0.05599460005760193, 0.08992256224155426]",0.9999999832361937,9.577366315793373,4.405492326498006e-07,1024,3.0,5.0,2,6,"{""2"": 35, ""3"": 551, ""4"": 358, ""5"": 76, ""6"": 4}","{""0"": 7, ""5"": 1, ""6"": 3, ""7"": 1}","{""1"": 49, ""2"": 98, ""3"": 38, ""4"": 6, ""5"": 1}",True
0662,12,5,5,12,"[0, 1, 2, 3, 4]",8192,deterministic_linspace_subset,"[0.046875, 11.953125, 0.046875, 5.953125]","[true, true, true, true, true, true, true, true, true, true, true, true]","[0.0, 0.056273269653320315, 0.12568855304270982, 0.005026865378022194, 0.05031492114067078, 0.053386540710926064, 0.07525374884717168, 0.22198605537414554, 0.1784277193248272, 0.058634590543806556, 0.0653159897774458, 0.10969172716140749]","[0.05552123692662766, 0.050152296976496764, 0.10609515723384295, 0.11933359519268077, 0.0590226484152178, 0.09979019622308745, 0.04661917034536599, 0.06235056131360275, 0.0895549098883445, 0.09594552079215649, 0.09979491063859314, 0.11581979549616028]",10.294867515563965,5.4,1.9583333333333333,3.3447265625,2.9081860315382952,1.5630729194205262,2.3337509591074177,5,12,12,12,0.49711320613781257,0.18042033237067948,0.38123455993628785,[0],[],[0],[],False,"[true, true, true, true, true, true, true, true, true, true, true, true]",,,,0.9832830634299348,1.420948625388785,1.392593628714106,3.7810433666823586,4.156458672499988,1.1538577641951901,0,8682,106786,4064,79463,0.79375,0.4041697184244792,2.1363188976377954,1.3438455633439463,5120,196608,True,True,True,"{""P0"": {""reason"": ""explicit phase ledger missing"", ""status"": ""unavailable""}, ""P1"": {""reason"": ""explicit phase ledger missing"", ""status"": ""unavailable""}, ""P2"": {""actual_rows"": 208896.0, ""content_rows"": 786432.0, ""environment"": {""actual_rows"": 196608.0, ""content_rows"": 786432.0, ""geometry_rows"": 196608.0, ""logical_paths"": 106786.0, ""padded_rows"": 0.0, ""unique_pairs"": 79463.0}, ""geometry_rows"": 196608.0, ""logical_paths"": 115468.0, ""module"": {""actual_rows"": 12288.0, ""content_rows"": null, ""geometry_rows"": null, ""logical_paths"": 8682.0, ""padded_rows"": 7168.0, ""unique_pairs"": 4064.0}, ""padded_rows"": 7168.0, ""status"": ""available"", ""unique_pairs"": 83527.0}, ""P2_consistency"": {""reason"": ""explicit phase ledger missing"", ""status"": ""unavailable""}}",12288.0,7168.0,,,196608.0,0.0,196608.0,786432.0,12,12,"[0.027760613709688187, 0.053212784230709076, 0.11589185893535614, 0.062180228531360626, 0.05466878414154053, 0.07658837735652924, 0.06093645840883255, 0.1421683132648468, 0.1339913159608841, 0.07729005068540573, 0.08255545794963837, 0.11275576055049896]",1.0000000037252903,10.294867394025614,1.215383509389767e-07,1024,3.0,4.0,2,6,"{""2"": 82, ""3"": 557, ""4"": 338, ""5"": 44, ""6"": 3}","{""0"": 7, ""5"": 3, ""6"": 2}","{""1"": 50, ""2"": 105, ""3"": 32, ""4"": 5}",True
0663,12,7,7,12,"[0, 1, 2, 3, 4, 5, 6]",8192,deterministic_linspace_subset,"[0.046875, 11.953125, 0.046875, 5.953125]","[true, true, true, true, true, true, true, true, true, true, true, true]","[0.012699145540994192, 0.026341421263558523, 0.19356523480798515, 0.004234842157789639, 0.05268166906067303, 0.07603995182684489, 0.12945878781777406, 0.11099599115550518, 0.10052062211824314, 0.03903003622378622, 0.15876328709003115, 0.0956689864397049]","[0.08277317042423724, 0.061644051146383085, 0.09750330198827821, 0.13248376416352883, 0.06603951154587169, 0.08016219977192425, 0.04933577002096476, 0.06001359550282359, 0.08196913917102695, 0.09713750553783031, 0.08125439399979466, 0.10968359528730312]",10.764344215393066,5.142857142857143,1.9947916666666667,3.3115234375,2.644254075654332,1.6041658329652464,2.3021527662696473,7,12,12,12,0.45672680597328885,0.19231408126906968,0.37628964597248665,[],[],[],[],False,"[true, true, true, true, true, true, true, true, true, true, true, true]",,,,0.9376779301293308,1.409587488514312,1.6308448627692012,3.7804347445323154,4.264489624543133,1.1398167865358797,0,11273,106088,5489,77446,0.7657645089285714,0.3939107259114583,2.053743851339042,1.3698318828603155,7168,196608,True,True,True,"{""P0"": {""reason"": ""explicit phase ledger missing"", ""status"": ""unavailable""}, ""P1"": {""reason"": ""explicit phase ledger missing"", ""status"": ""unavailable""}, ""P2"": {""actual_rows"": 208896.0, ""content_rows"": 786432.0, ""environment"": {""actual_rows"": 196608.0, ""content_rows"": 786432.0, ""geometry_rows"": 196608.0, ""logical_paths"": 106088.0, ""padded_rows"": 0.0, ""unique_pairs"": 77446.0}, ""geometry_rows"": 196608.0, ""logical_paths"": 117361.0, ""module"": {""actual_rows"": 12288.0, ""content_rows"": null, ""geometry_rows"": null, ""logical_paths"": 11273.0, ""padded_rows"": 5120.0, ""unique_pairs"": 5489.0}, ""padded_rows"": 5120.0, ""status"": ""available"", ""unique_pairs"": 82935.0}, ""P2_consistency"": {""reason"": ""explicit phase ledger missing"", ""status"": ""unavailable""}}",12288.0,5120.0,,,196608.0,0.0,196608.0,786432.0,12,12,"[0.04773615300655365, 0.04399273917078972, 0.14553426206111908, 0.06835930794477463, 0.05936059355735779, 0.07810106873512268, 0.08939728885889053, 0.08550480008125305, 0.0912448912858963, 0.0680837631225586, 0.12000884115695953, 0.10267629474401474]",1.0000000037252903,10.764344526296295,3.109032284953628e-07,1024,3.0,4.0,2,6,"{""2"": 96, ""3"": 571, ""4"": 307, ""5"": 42, ""6"": 8}","{""0"": 5, ""4"": 2, ""5"": 3, ""6"": 1, ""7"": 1}","{""1"": 49, ""2"": 101, ""3"": 36, ""4"": 6}",True
0664,12,7,7,12,"[0, 1, 2, 3, 4, 5, 6]",8192,deterministic_linspace_subset,"[0.046875, 11.953125, 0.046875, 5.953125]","[true, true, true, true, true, true, true, true, true, true, true, true]","[0.03711180974330221, 0.030094208461897712, 0.13851699931547046, 0.022023662259536128, 0.036190700850316455, 0.1453636230268915, 0.0783276509807495, 0.09735027965091701, 0.08675656398658507, 0.04378574783913791, 0.16265713955674851, 0.12182161733445744]","[0.09322799187308799, 0.06200478875931974, 0.08164302996980648, 0.1407932682777755, 0.07526863443975647, 0.07437771102316522, 0.05910798234496421, 0.039457979238553285, 0.09196715522557496, 0.09950832386190693, 0.08482825059521319, 0.09781488314426193]",11.088637351989746,5.857142857142857,1.9322916666666667,3.3232421875,2.8725576901968886,1.5436124429803708,2.297042258951896,7,12,12,12,0.4855810672416977,0.17802979748918546,0.3734497716842158,[],[],[],[],False,"[true, true, true, true, true, true, true, true, true, true, true, true]",,,,0.9367182481309095,1.3705343837581745,1.8394896041506197,3.7739104794189746,4.234490877837704,1.1823169066341501,0,13094,98972,5841,74890,0.8148716517857143,0.3809102376302083,2.241739428180106,1.3215649619441847,7168,196608,True,True,True,"{""P0"": {""reason"": ""explicit phase ledger missing"", ""status"": ""unavailable""}, ""P1"": {""reason"": ""explicit phase ledger missing"", ""status"": ""unavailable""}, ""P2"": {""actual_rows"": 208896.0, ""content_rows"": 786432.0, ""environment"": {""actual_rows"": 196608.0, ""content_rows"": 786432.0, ""geometry_rows"": 196608.0, ""logical_paths"": 98972.0, ""padded_rows"": 0.0, ""unique_pairs"": 74890.0}, ""geometry_rows"": 196608.0, ""logical_paths"": 112066.0, ""module"": {""actual_rows"": 12288.0, ""content_rows"": null, ""geometry_rows"": null, ""logical_paths"": 13094.0, ""padded_rows"": 5120.0, ""unique_pairs"": 5841.0}, ""padded_rows"": 5120.0, ""status"": ""available"", ""unique_pairs"": 80731.0}, ""P2_consistency"": {""reason"": ""explicit phase ledger missing"", ""status"": ""unavailable""}}",12288.0,5120.0,,,196608.0,0.0,196608.0,786432.0,12,12,"[0.06516990810632706, 0.04604950174689293, 0.11008003354072571, 0.08140847086906433, 0.05572967231273651, 0.10987067222595215, 0.068717822432518, 0.06840413808822632, 0.08936186134815216, 0.071647047996521, 0.12374269962310791, 0.10981825739145279]",1.0000000856816769,11.088638164506373,8.125166264250083e-07,1024,3.0,5.0,2,6,"{""2"": 51, ""3"": 660, ""4"": 249, ""5"": 59, ""6"": 5}","{""0"": 5, ""4"": 1, ""5"": 3, ""7"": 2, ""8"": 1}","{""1"": 52, ""2"": 106, ""3"": 30, ""4"": 3, ""5"": 1}",True
0665,12,7,7,12,"[0, 1, 2, 3, 4, 5, 6]",8192,deterministic_linspace_subset,"[0.046875, 11.953125, 0.046875, 5.953125]","[true, true, true, true, true, true, true, true, true, true, true, true]","[0.024022169943366728, 0.03249449309493814, 0.1613859906792641, 0.05091076869160003, 0.05298192799091339, 0.10887222763683115, 0.038411436951719224, 0.08870227209159305, 0.15459095460495778, 0.06453101503263627, 0.143969116466386, 0.07912765257060528]","[0.07999819362157724, 0.06782504578586668, 0.09085475800869364, 0.13474886828043964, 0.07528201630339026, 0.08721801658005765, 0.04907577075452232, 0.0632950981768469, 0.08640305298225331, 0.07594756784965283, 0.08041247553774157, 0.10893913560236494]",10.864605903625488,5.428571428571429,1.9375,3.130859375,2.7842592030286455,1.5553399285884593,2.2523331504013333,7,12,12,12,0.47883389540182403,0.17854359059149236,0.3617682996079183,[],[],[],[],False,"[true, true, true, true, true, true, true, true, true, true, true, true]",,,,1.1612615419108179,1.39284192886012,1.8908610575140692,3.778250647641569,4.361798336130208,1.1194222939902128,0,10791,95075,5220,72859,0.7282366071428571,0.3705800374348958,2.067241379310345,1.3049177177836644,7168,196608,True,True,True,"{""P0"": {""reason"": ""explicit phase ledger missing"", ""status"": ""unavailable""}, ""P1"": {""reason"": ""explicit phase ledger missing"", ""status"": ""unavailable""}, ""P2"": {""actual_rows"": 208896.0, ""content_rows"": 786432.0, ""environment"": {""actual_rows"": 196608.0, ""content_rows"": 786432.0, ""geometry_rows"": 196608.0, ""logical_paths"": 95075.0, ""padded_rows"": 0.0, ""unique_pairs"": 72859.0}, ""geometry_rows"": 196608.0, ""logical_paths"": 105866.0, ""module"": {""actual_rows"": 12288.0, ""content_rows"": null, ""geometry_rows"": null, ""logical_paths"": 10791.0, ""padded_rows"": 5120.0, ""unique_pairs"": 5220.0}, ""padded_rows"": 5120.0, ""status"": ""available"", ""unique_pairs"": 78079.0}, ""P2_consistency"": {""reason"": ""explicit phase ledger missing"", ""status"": ""unavailable""}}",12288.0,5120.0,,,196608.0,0.0,196608.0,786432.0,12,12,"[0.052010174840688705, 0.05015977472066879, 0.12612037360668182, 0.09282981604337692, 0.0641319751739502, 0.09804512560367584, 0.04374360293149948, 0.0759986862540245, 0.12049701809883118, 0.07023929059505463, 0.11219079792499542, 0.09403340518474579]",1.0000000409781933,10.864606419693883,5.160683951288547e-07,1024,3.0,4.0,2,6,"{""2"": 184, ""3"": 548, ""4"": 268, ""5"": 22, ""6"": 2}","{""0"": 5, ""4"": 1, ""5"": 4, ""7"": 2}","{""1"": 47, ""2"": 112, ""3"": 31, ""4"": 2}",True
0666,12,7,7,12,"[0, 1, 2, 3, 4, 5, 6]",8192,deterministic_linspace_subset,"[0.046875, 11.953125, 0.046875, 5.953125]","[true, true, true, true, true, true, true, true, true, true, true, true]","[0.008621604847056525, 0.01943460399551051, 0.20052028766700197, 0.0011294469503419738, 0.059364119810717444, 0.040336880300726206, 0.04854230556104864, 0.19885773118585348, 0.1289550932124257, 0.03579883267437773, 0.16845513274893162, 0.08998394346677482]","[0.10292350035888377, 0.07415063987718895, 0.0867052468820475, 0.15398212475702164, 0.07624825875973329, 0.08216634416991535, 0.06287518508421878, 0.036866655301613115, 0.07292735700805983, 0.08984858101272644, 0.07402800999989267, 0.08727809810079633]",10.641129493713379,6.0,1.9114583333333333,3.2587890625,2.7703550902204297,1.5910555550569774,2.3214930438533528,7,12,12,12,0.4948349670296978,0.18397721948663537,0.3760001163540386,[],[],[],[],False,"[true, true, true, true, true, true, true, true, true, true, true, true]",,,,0.9364928066930466,1.3846797727266027,1.3777988589032057,3.772157887515908,3.908633365241188,1.160759225110958,0,13715,91018,6174,72603,0.861328125,0.3692779541015625,2.221412374473599,1.2536396567634946,7168,196608,True,True,True,"{""P0"": {""reason"": ""explicit phase ledger missing"", ""status"": ""unavailable""}, ""P1"": {""reason"": ""explicit phase ledger missing"", ""status"": ""unavailable""}, ""P2"": {""actual_rows"": 208896.0, ""content_rows"": 786432.0, ""environment"": {""actual_rows"": 196608.0, ""content_rows"": 786432.0, ""geometry_rows"": 196608.0, ""logical_paths"": 91018.0, ""padded_rows"": 0.0, ""unique_pairs"": 72603.0}, ""geometry_rows"": 196608.0, ""logical_paths"": 104733.0, ""module"": {""actual_rows"": 12288.0, ""content_rows"": null, ""geometry_rows"": null, ""logical_paths"": 13715.0, ""padded_rows"": 5120.0, ""unique_pairs"": 6174.0}, ""padded_rows"": 5120.0, ""status"": ""available"", ""unique_pairs"": 78777.0}, ""P2_consistency"": {""reason"": ""explicit phase ledger missing"", ""status"": ""unavailable""}}",12288.0,5120.0,,,196608.0,0.0,196608.0,786432.0,12,12,"[0.05577254295349121, 0.04679261893033981, 0.14361277222633362, 0.07755580544471741, 0.0678061917424202, 0.06125161796808243, 0.05570874363183975, 0.11786219477653503, 0.10094122588634491, 0.06282369792461395, 0.12124156951904297, 0.08863101899623871]",1.0,10.641129967469677,4.737562981915744e-07,1024,3.0,5.0,2,6,"{""2"": 87, ""3"": 645, ""4"": 235, ""5"": 54, ""6"": 3}","{""0"": 5, ""5"": 3, ""6"": 1, ""7"": 3}","{""1"": 53, ""2"": 108, ""3"": 27, ""4"": 3, ""5"": 1}",True
0667,12,7,7,12,"[0, 1, 2, 3, 4, 5, 6]",8192,deterministic_linspace_subset,"[0.046875, 11.953125, 0.046875, 5.953125]","[true, true, true, true, true, true, true, true, true, true, true, true]","[0.03667749623335631, 0.06566181778907776, 0.10228130653766648, 0.04907857401524649, 0.05647192256791251, 0.13751761788236244, 0.0507561947618212, 0.04925134192620005, 0.14556571521929332, 0.08677397774798529, 0.14536462005759987, 0.07459943475467817]","[0.06602769177576798, 0.05904168209963245, 0.09230039877972254, 0.11825777656243493, 0.07328225326879571, 0.09589312990040827, 0.054920636777145176, 0.06865747803870667, 0.09024040682318932, 0.08018491013596454, 0.08297476574080066, 0.11821886991674545]",11.075817108154297,5.285714285714286,1.96875,3.095703125,2.6841544550444185,1.5800452478011808,2.249264924905739,7,12,12,12,0.45485489117420247,0.18589393574425284,0.3583220971958799,[],[],[],[],False,"[true, true, true, true, true, true, true, true, true, true, true, true]",,,,0.9961543515401453,1.382852891311347,1.8571098645583397,3.7831951784510016,4.5257138488215105,1.10187057435579,0,10410,98624,5282,74736,0.7368861607142857,0.380126953125,1.9708443771298751,1.3196317704988225,7168,196608,True,True,True,"{""P0"": {""reason"": ""explicit phase ledger missing"", ""status"": ""unavailable""}, ""P1"": {""reason"": ""explicit phase ledger missing"", ""status"": ""unavailable""}, ""P2"": {""actual_rows"": 208896.0, ""content_rows"": 786432.0, ""environment"": {""actual_rows"": 196608.0, ""content_rows"": 786432.0, ""geometry_rows"": 196608.0, ""logical_paths"": 98624.0, ""padded_rows"": 0.0, ""unique_pairs"": 74736.0}, ""geometry_rows"": 196608.0, ""logical_paths"": 109034.0, ""module"": {""actual_rows"": 12288.0, ""content_rows"": null, ""geometry_rows"": null, ""logical_paths"": 10410.0, ""padded_rows"": 5120.0, ""unique_pairs"": 5282.0}, ""padded_rows"": 5120.0, ""status"": ""available"", ""unique_pairs"": 80018.0}, ""P2_consistency"": {""reason"": ""explicit phase ledger missing"", ""status"": ""unavailable""}}",12288.0,5120.0,,,196608.0,0.0,196608.0,786432.0,12,12,"[0.051352594047784805, 0.06235174834728241, 0.09729085117578506, 0.08366817235946655, 0.06487709283828735, 0.11670537292957306, 0.05283842235803604, 0.05895441025495529, 0.11790305376052856, 0.08347944915294647, 0.11416969448328018, 0.0964091569185257]",1.0000000186264515,11.075816418495064,6.896592328331508e-07,1024,3.0,4.0,2,6,"{""2"": 218, ""3"": 539, ""4"": 221, ""5"": 43, ""6"": 3}","{""0"": 5, ""5"": 5, ""6"": 2}","{""1"": 46, ""2"": 109, ""3"": 34, ""4"": 3}",True
0668,12,7,7,12,"[0, 1, 2, 3, 4, 5, 6]",8192,deterministic_linspace_subset,"[0.046875, 11.953125, 0.046875, 5.953125]","[true, true, true, true, true, true, true, true, true, true, true, true]","[0.006111441379679101, 0.026944342435204556, 0.12344079118754182, 0.054351231881550374, 0.04209534983549799, 0.14531320120607102, 0.09175594390502997, 0.140644014946052, 0.17201330378468682, 0.05248873068818024, 0.08332284513328757, 0.06151882771934781]","[0.09816045303584056, 0.06089827505638821, 0.09328111540526153, 0.14240323166207716, 0.0686606507903586, 0.07859354545750344, 0.06332270094814399, 0.04815810075281964, 0.08645007646797846, 0.08912444657956561, 0.07251358312593463, 0.09843382213148286]",11.016433715820312,6.0,1.9010416666666667,3.2177734375,2.8282316249680775,1.5442081581819762,2.2860653386994834,7,12,12,12,0.48534621459132726,0.17646498673180855,0.3689299308701052,[],[],[],[],False,"[true, true, true, true, true, true, true, true, true, true, true, true]",,,,1.124494579317029,1.3707861655640767,1.7597067146886358,3.776212274293731,4.052716346184406,1.1601381946614209,0,12571,95014,5691,75162,0.7939453125,0.382293701171875,2.2089263749780357,1.2641228280247998,7168,196608,True,True,True,"{""P0"": {""reason"": ""explicit phase ledger missing"", ""status"": ""unavailable""}, ""P1"": {""reason"": ""explicit phase ledger missing"", ""status"": ""unavailable""}, ""P2"": {""actual_rows"": 208896.0, ""content_rows"": 786432.0, ""environment"": {""actual_rows"": 196608.0, ""content_rows"": 786432.0, ""geometry_rows"": 196608.0, ""logical_paths"": 95014.0, ""padded_rows"": 0.0, ""unique_pairs"": 75162.0}, ""geometry_rows"": 196608.0, ""logical_paths"": 107585.0, ""module"": {""actual_rows"": 12288.0, ""content_rows"": null, ""geometry_rows"": null, ""logical_paths"": 12571.0, ""padded_rows"": 5120.0, ""unique_pairs"": 5691.0}, ""padded_rows"": 5120.0, ""status"": ""available"", ""unique_pairs"": 80853.0}, ""P2_consistency"": {""reason"": ""explicit phase ledger missing"", ""status"": ""unavailable""}}",12288.0,5120.0,,,196608.0,0.0,196608.0,786432.0,12,12,"[0.052135955542325974, 0.04392131417989731, 0.10836096107959747, 0.09837724268436432, 0.05537799745798111, 0.11195337772369385, 0.07753932476043701, 0.09440106153488159, 0.12923169136047363, 0.0708065927028656, 0.07791821658611298, 0.07997632026672363]",1.0000000558793545,11.01643439833415,6.825138374466633e-07,1024,3.0,5.0,2,5,"{""2"": 141, ""3"": 584, ""4"": 234, ""5"": 65}","{""0"": 5, ""4"": 1, ""5"": 1, ""6"": 2, ""7"": 3}","{""1"": 57, ""2"": 101, ""3"": 30, ""4"": 4}",True
0669,12,7,7,12,"[0, 1, 2, 3, 4, 5, 6]",8192,deterministic_linspace_subset,"[0.046875, 11.953125, 0.046875, 5.953125]","[true, true, true, true, true, true, true, true, true, true, true, true]","[0.02896607274721776, 0.00586048630066216, 0.10349103595529283, 0.035409100353717804, 0.031152029122625078, 0.14916736758979304, 0.08072016601051603, 0.18239026756158896, 0.10170104110147803, 0.0012130777218512126, 0.1629781632551125, 0.1169512144822095]","[0.0888424935595443, 0.06777641008860276, 0.0928011574045134, 0.14124568269835439, 0.09139456624203982, 0.0768152610156297, 0.06572526725843396, 0.03314558236161247, 0.09392969110437356, 0.08648091597327345, 0.0677805831880202, 0.0940623870701529]",10.90617847442627,6.0,2.0729166666666665,3.455078125,3.0546766644045706,1.6309968818683214,2.3762510503928698,7,12,12,12,0.5189668444549089,0.19984647235049557,0.38638740290142193,[],[],[],[],False,"[true, true, true, true, true, true, true, true, true, true, true, true]",,,,1.1043458868167642,1.4268924545633468,1.5043080263707511,3.7779098120169285,4.036159537414569,1.1425539579369064,0,14065,110191,6084,78456,0.8487723214285714,0.3990478515625,2.311801446416831,1.404494238809014,7168,196608,True,True,True,"{""P0"": {""reason"": ""explicit phase ledger missing"", ""status"": ""unavailable""}, ""P1"": {""reason"": ""explicit phase ledger missing"", ""status"": ""unavailable""}, ""P2"": {""actual_rows"": 208896.0, ""content_rows"": 786432.0, ""environment"": {""actual_rows"": 196608.0, ""content_rows"": 786432.0, ""geometry_rows"": 196608.0, ""logical_paths"": 110191.0, ""padded_rows"": 0.0, ""unique_pairs"": 78456.0}, ""geometry_rows"": 196608.0, ""logical_paths"": 124256.0, ""module"": {""actual_rows"": 12288.0, ""content_rows"": null, ""geometry_rows"": null, ""logical_paths"": 14065.0, ""padded_rows"": 5120.0, ""unique_pairs"": 6084.0}, ""padded_rows"": 5120.0, ""status"": ""available"", ""unique_pairs"": 84540.0}, ""P2_consistency"": {""reason"": ""explicit phase ledger missing"", ""status"": ""unavailable""}}",12288.0,5120.0,,,196608.0,0.0,196608.0,786432.0,12,12,"[0.05890428274869919, 0.03681844845414162, 0.09814611077308655, 0.08832740783691406, 0.061273302882909775, 0.1129913181066513, 0.07322271168231964, 0.10776793956756592, 0.0978153645992279, 0.04384699463844299, 0.11537937819957733, 0.10550680756568909]",1.0000000670552254,10.906178625496112,1.5106984285750968e-07,1024,3.0,5.0,2,6,"{""2"": 31, ""3"": 599, ""4"": 299, ""5"": 87, ""6"": 8}","{""0"": 5, ""4"": 1, ""6"": 4, ""7"": 2}","{""1"": 43, ""2"": 99, ""3"": 44, ""4"": 5, ""5"": 1}",True
0670,12,7,7,12,"[0, 1, 2, 3, 4, 5, 6]",8192,deterministic_linspace_subset,"[0.046875, 11.953125, 0.046875, 5.953125]","[true, true, true, true, true, true, true, true, true, true, true, true]","[0.013796595091532382, 0.0004268614907882043, 0.20421456545591354, 0.0, 0.08730116200500301, 0.06884910578706435, 0.09809379492487226, 0.1496684287807771, 0.0971469228222434, 0.012344608149890387, 0.21864271516512546, 0.049515214881726666]","[0.11358686785388271, 0.08542855033495773, 0.08225131019329032, 0.16989575566064255, 0.08400025924978155, 0.04946611450335088, 0.05829163258507226, 0.052519513526931405, 0.0755075213771003, 0.07550558528358425, 0.07163056056015192, 0.08191632983895641]",10.463972091674805,5.857142857142857,1.9427083333333333,3.392578125,2.7938739014656213,1.56497020121218,2.4531213319628176,7,12,11,12,0.4759412182693312,0.18120319276187624,0.3965863907555829,[3],[],[3],[],False,"[true, true, true, true, true, true, true, true, true, true, true, true]",,,,0.7112164958927062,1.391834814342663,1.1732277036734047,3.7752408500623726,3.9164690275304155,1.1610553965952883,0,13950,98624,6098,73532,0.8507254464285714,0.3740030924479167,2.2876352902591015,1.341239188380569,7168,196608,True,True,True,"{""P0"": {""reason"": ""explicit phase ledger missing"", ""status"": ""unavailable""}, ""P1"": {""reason"": ""explicit phase ledger missing"", ""status"": ""unavailable""}, ""P2"": {""actual_rows"": 208896.0, ""content_rows"": 786432.0, ""environment"": {""actual_rows"": 196608.0, ""content_rows"": 786432.0, ""geometry_rows"": 196608.0, ""logical_paths"": 98624.0, ""padded_rows"": 0.0, ""unique_pairs"": 73532.0}, ""geometry_rows"": 196608.0, ""logical_paths"": 112574.0, ""module"": {""actual_rows"": 12288.0, ""content_rows"": null, ""geometry_rows"": null, ""logical_paths"": 13950.0, ""padded_rows"": 5120.0, ""unique_pairs"": 6098.0}, ""padded_rows"": 5120.0, ""status"": ""available"", ""unique_pairs"": 79630.0}, ""P2_consistency"": {""reason"": ""explicit phase ledger missing"", ""status"": ""unavailable""}}",12288.0,5120.0,,,196608.0,0.0,196608.0,786432.0,12,12,"[0.06369172781705856, 0.04292770102620125, 0.14323294162750244, 0.08494788408279419, 0.08565071225166321, 0.059157609939575195, 0.07819272577762604, 0.10109397768974304, 0.08632722496986389, 0.043925099074840546, 0.14513663947582245, 0.06571577489376068]",1.0000000186264515,10.46397083598091,1.2556938955299302e-06,1024,3.0,5.0,2,6,"{""2"": 57, ""3"": 571, ""4"": 335, ""5"": 59, ""6"": 2}","{""0"": 5, ""4"": 1, ""5"": 1, ""6"": 3, ""7"": 2}","{""1"": 54, ""2"": 98, ""3"": 37, ""4"": 3}",True
0671,12,7,7,12,"[0, 1, 2, 3, 4, 5, 6]",8192,deterministic_linspace_subset,"[0.046875, 11.953125, 0.046875, 5.953125]","[true, true, true, true, true, true, true, true, true, true, true, true]","[0.0017091604614896433, 0.028979798313230273, 0.11375638682927404, 0.009946632598127636, 0.024209782481193542, 0.08507764561207816, 0.07314763377819741, 0.22118315902272506, 0.1279508909875793, 0.05201384786050767, 0.13930187178344308, 0.12272317920412334]","[0.10092197658377701, 0.06714135067886672, 0.09244074516270002, 0.15020433882212578, 0.0688707425724715, 0.07288362697969812, 0.05425256747791232, 0.034955665920278996, 0.0889893669000988, 0.09306345556008942, 0.07758357142544507, 0.09869259068121516]",10.882386207580566,5.857142857142857,2.0,3.228515625,2.814389060551075,1.6036866007553907,2.297243261120532,7,12,11,12,0.4888092099070045,0.18959731029731167,0.37171321995186435,[],[],[],[],False,"[true, true, true, true, true, true, true, true, true, true, true, true]",,,,1.0632985134260797,1.3656913353400026,1.3952598610227573,3.772305715199349,4.089049448458926,1.1217726634609773,0,13493,98853,6343,76411,0.8849051339285714,0.3886464436848958,2.1272268642598138,1.293701168679902,7168,196608,True,True,True,"{""P0"": {""reason"": ""explicit phase ledger missing"", ""status"": ""unavailable""}, ""P1"": {""reason"": ""explicit phase ledger missing"", ""status"": ""unavailable""}, ""P2"": {""actual_rows"": 208896.0, ""content_rows"": 786432.0, ""environment"": {""actual_rows"": 196608.0, ""content_rows"": 786432.0, ""geometry_rows"": 196608.0, ""logical_paths"": 98853.0, ""padded_rows"": 0.0, ""unique_pairs"": 76411.0}, ""geometry_rows"": 196608.0, ""logical_paths"": 112346.0, ""module"": {""actual_rows"": 12288.0, ""content_rows"": null, ""geometry_rows"": null, ""logical_paths"": 13493.0, ""padded_rows"": 5120.0, ""unique_pairs"": 6343.0}, ""padded_rows"": 5120.0, ""status"": ""available"", ""unique_pairs"": 82754.0}, ""P2_consistency"": {""reason"": ""explicit phase ledger missing"", ""status"": ""unavailable""}}",12288.0,5120.0,,,196608.0,0.0,196608.0,786432.0,12,12,"[0.05131557211279869, 0.048060573637485504, 0.103098563849926, 0.08007549494504929, 0.046540264040231705, 0.07898063212633133, 0.0637001022696495, 0.1280694156885147, 0.1084701418876648, 0.07253864407539368, 0.10844273120164871, 0.11070789396762848]",1.0000000298023224,10.882386273235072,6.565450583195798e-08,1024,3.0,5.0,2,6,"{""2"": 84, ""3"": 686, ""4"": 198, ""5"": 48, ""6"": 8}","{""0"": 5, ""4"": 1, ""5"": 1, ""6"": 3, ""7"": 2}","{""1"": 51, ""2"": 96, ""3"": 39, ""4"": 6}",True
0672,12,7,7,12,"[0, 1, 2, 3, 4, 5, 6]",8192,deterministic_linspace_subset,"[0.046875, 11.953125, 0.046875, 5.953125]","[true, true, true, true, true, true, true, true, true, true, true, true]","[0.00512523390352726, 0.014780547669423477, 0.16273662421320165, 0.0035599078983068466, 0.0337400719789522, 0.13085089357835905, 0.050682922559125085, 0.19028179480561186, 0.14378669724932738, 0.043142544105648994, 0.17904433874147277, 0.0422684683866724]","[0.10076749337895308, 0.06340701786878829, 0.0911280268143552, 0.15630491549381983, 0.08915770610716812, 0.07524769794933188, 0.06572312754966937, 0.04366497095907106, 0.08759822686746095, 0.07445337396347895, 0.07164626318747953, 0.0809011799283326]",10.565885543823242,6.571428571428571,1.9947916666666667,3.25390625,2.9959086933543557,1.6198117083471886,2.3101731769515803,7,12,12,12,0.5161372961336087,0.19399742326384936,0.3732426481305239,[],[],[],[],False,"[true, true, true, true, true, true, true, true, true, true, true, true]",,,,1.0688206539555918,1.410435571063326,1.4533055375653765,3.7808560195759604,3.8630897309431353,1.1661338572074786,0,14096,100857,6423,75827,0.8960658482142857,0.3856760660807292,2.1946131091390315,1.330093502314479,7168,196608,True,True,True,"{""P0"": {""reason"": ""explicit phase ledger missing"", ""status"": ""unavailable""}, ""P1"": {""reason"": ""explicit phase ledger missing"", ""status"": ""unavailable""}, ""P2"": {""actual_rows"": 208896.0, ""content_rows"": 786432.0, ""environment"": {""actual_rows"": 196608.0, ""content_rows"": 786432.0, ""geometry_rows"": 196608.0, ""logical_paths"": 100857.0, ""padded_rows"": 0.0, ""unique_pairs"": 75827.0}, ""geometry_rows"": 196608.0, ""logical_paths"": 114953.0, ""module"": {""actual_rows"": 12288.0, ""content_rows"": null, ""geometry_rows"": null, ""logical_paths"": 14096.0, ""padded_rows"": 5120.0, ""unique_pairs"": 6423.0}, ""padded_rows"": 5120.0, ""status"": ""available"", ""unique_pairs"": 82250.0}, ""P2_consistency"": {""reason"": ""explicit phase ledger missing"", ""status"": ""unavailable""}}",12288.0,5120.0,,,196608.0,0.0,196608.0,786432.0,12,12,"[0.05294635519385338, 0.039093781262636185, 0.1269323229789734, 0.07993239909410477, 0.061448898166418076, 0.10304929316043854, 0.05820303037762642, 0.1169733926653862, 0.11569246649742126, 0.058797962963581085, 0.12534530460834503, 0.061584826558828354]",1.0000000335276127,10.565885804836592,2.6101334960060285e-07,1024,3.0,4.0,2,5,"{""2"": 83, ""3"": 646, ""4"": 247, ""5"": 48}","{""0"": 5, ""5"": 1, ""6"": 2, ""7"": 3, ""8"": 1}","{""1"": 45, ""2"": 106, ""3"": 38, ""4"": 3}",True
0673,12,7,7,12,"[0, 1, 2, 3, 4, 5, 6]",8192,deterministic_linspace_subset,"[0.046875, 11.953125, 0.046875, 5.953125]","[true, true, true, true, true, true, true, true, true, true, true, true]","[0.022219966032675335, 0.0070347632738828126, 0.19930781690137725, 0.013389017033789839, 0.04812490926789386, 0.09179074636527469, 0.09052751950886366, 0.08344378839579543, 0.15645563762102807, 0.04909890833576875, 0.19032758474349976, 0.04827936392809663]","[0.10296201113184603, 0.07540057902224365, 0.08261394824755067, 0.1562897155138975, 0.08017940206142762, 0.06445936604238037, 0.04545895367239912, 0.06511247754679061, 0.0800503490124053, 0.08164239036462582, 0.06672933290246874, 0.09910147477057762]",10.723803520202637,6.285714285714286,1.8854166666666667,3.15625,2.7681044031549176,1.5290320901384054,2.260706344262341,7,12,12,12,0.4867043995571855,0.1721703195565186,0.3612338678568403,[],[],[],[],False,"[true, true, true, true, true, true, true, true, true, true, true, true]",,,,0.9274370302319775,1.390652725915955,1.4782003976366278,3.7728014323102466,4.155078151316579,1.1545433882534373,0,12951,90567,5554,71493,0.7748325892857143,0.3636322021484375,2.3318329132157003,1.2667953505937644,7168,196608,True,True,True,"{""P0"": {""reason"": ""explicit phase ledger missing"", ""status"": ""unavailable""}, ""P1"": {""reason"": ""explicit phase ledger missing"", ""status"": ""unavailable""}, ""P2"": {""actual_rows"": 208896.0, ""content_rows"": 786432.0, ""environment"": {""actual_rows"": 196608.0, ""content_rows"": 786432.0, ""geometry_rows"": 196608.0, ""logical_paths"": 90567.0, ""padded_rows"": 0.0, ""unique_pairs"": 71493.0}, ""geometry_rows"": 196608.0, ""logical_paths"": 103518.0, ""module"": {""actual_rows"": 12288.0, ""content_rows"": null, ""geometry_rows"": null, ""logical_paths"": 12951.0, ""padded_rows"": 5120.0, ""unique_pairs"": 5554.0}, ""padded_rows"": 5120.0, ""status"": ""available"", ""unique_pairs"": 77047.0}, ""P2_consistency"": {""reason"": ""explicit phase ledger missing"", ""status"": ""unavailable""}}",12288.0,5120.0,,,196608.0,0.0,196608.0,786432.0,12,12,"[0.06259097903966904, 0.04121766611933708, 0.14096088707447052, 0.0848393663764, 0.06415216624736786, 0.07812505960464478, 0.06799323856830597, 0.07427813112735748, 0.11825299263000488, 0.06537065654993057, 0.12852847576141357, 0.07369042187929153]",1.0000000409781933,10.723802696377344,8.238252924286371e-07,1024,3.0,4.0,2,6,"{""2"": 204, ""3"": 503, ""4"": 274, ""5"": 39, ""6"": 4}","{""0"": 5, ""4"": 1, ""5"": 1, ""6"": 1, ""7"": 3, ""8"": 1}","{""1"": 57, ""2"": 103, ""3"": 29, ""4"": 3}",True
0674,12,7,7,12,"[0, 1, 2, 3, 4, 5, 6]",8192,deterministic_linspace_subset,"[0.046875, 11.953125, 0.046875, 5.953125]","[true, true, true, true, true, true, true, true, true, true, true, true]","[0.02271217054554394, 0.010214801877737045, 0.24422118639839546, 0.013306314391749246, 0.04329707980754652, 0.07988539404634919, 0.0704607537814549, 0.07462198167507138, 0.13989151109542164, 0.07205948286822864, 0.19610135217330282, 0.03322796576789447]","[0.10135839532207075, 0.07930630279588514, 0.07734642249609656, 0.1687990401405841, 0.07799066696316002, 0.05998861551051959, 0.05828325182240709, 0.062124221453132136, 0.0745523040580641, 0.07935392685855427, 0.07025738023609544, 0.0906394718719336]",10.396957397460938,6.0,1.9427083333333333,3.25390625,2.958964202392377,1.53492433454956,2.3012011874810065,7,12,12,12,0.5098879007839728,0.17641692864982564,0.37199033029650075,[],[],[],[],False,"[true, true, true, true, true, true, true, true, true, true, true, true]",,,,0.9122263127234409,1.3955452318834853,1.3415113818818902,3.7736515680724425,4.026860593859308,1.1607489120381893,0,12750,97234,5686,74642,0.7932477678571429,0.3796488444010417,2.2423496306718254,1.3026714182363817,7168,196608,True,True,True,"{""P0"": {""reason"": ""explicit phase ledger missing"", ""status"": ""unavailable""}, ""P1"": {""reason"": ""explicit phase ledger missing"", ""status"": ""unavailable""}, ""P2"": {""actual_rows"": 208896.0, ""content_rows"": 786432.0, ""environment"": {""actual_rows"": 196608.0, ""content_rows"": 786432.0, ""geometry_rows"": 196608.0, ""logical_paths"": 97234.0, ""padded_rows"": 0.0, ""unique_pairs"": 74642.0}, ""geometry_rows"": 196608.0, ""logical_paths"": 109984.0, ""module"": {""actual_rows"": 12288.0, ""content_rows"": null, ""geometry_rows"": null, ""logical_paths"": 12750.0, ""padded_rows"": 5120.0, ""unique_pairs"": 5686.0}, ""padded_rows"": 5120.0, ""status"": ""available"", ""unique_pairs"": 80328.0}, ""P2_consistency"": {""reason"": ""explicit phase ledger missing"", ""status"": ""unavailable""}}",12288.0,5120.0,,,196608.0,0.0,196608.0,786432.0,12,12,"[0.06203527748584747, 0.04476054757833481, 0.1607838124036789, 0.09105267375707626, 0.06064387410879135, 0.06993700563907623, 0.06437201052904129, 0.06837309896945953, 0.10722190141677856, 0.07570670545101166, 0.13317936658859253, 0.061933718621730804]",0.9999999925494194,10.396958234930047,8.374691091717068e-07,1024,3.0,4.0,2,6,"{""2"": 117, ""3"": 581, ""4"": 276, ""5"": 49, ""6"": 1}","{""0"": 5, ""4"": 1, ""5"": 1, ""6"": 2, ""7"": 3}","{""1"": 51, ""2"": 106, ""3"": 30, ""4"": 5}",True
0675,12,7,7,12,"[0, 1, 2, 3, 4, 5, 6]",8192,deterministic_linspace_subset,"[0.046875, 11.953125, 0.046875, 5.953125]","[true, true, true, true, true, true, true, true, true, true, true, true]","[0.038447484374046326, 0.030010225517409186, 0.10412716438129012, 0.0018772888662559645, 0.00503155096833195, 0.1593610161383237, 0.08685171550938062, 0.15161618470613444, 0.08884494645254952, 0.040580153465270996, 0.2120597170931952, 0.08119255540493343]","[0.09113138568257757, 0.07519885723013431, 0.08784899813569308, 0.14269949464748294, 0.09001542268864188, 0.07610131371378276, 0.05967503906382868, 0.04793813622867068, 0.09303340195522952, 0.07320576314426339, 0.07443839641443144, 0.08871379110496491]",10.858891487121582,5.571428571428571,2.0208333333333335,3.4296875,2.8627424345593773,1.6063773631553164,2.3695577688590124,7,12,12,12,0.4951929887053178,0.19367361717001522,0.3859680596669763,[],[],[],[],False,"[true, true, true, true, true, true, true, true, true, true, true, true]",,,,0.880408935775913,1.4281639146943725,1.3388266830825608,3.7811368117965003,4.177790874579905,1.1390510859667802,0,13886,106893,6231,77846,0.8692801339285714,0.3959452311197917,2.228534745626705,1.3731341366287284,7168,196608,True,True,True,"{""P0"": {""reason"": ""explicit phase ledger missing"", ""status"": ""unavailable""}, ""P1"": {""reason"": ""explicit phase ledger missing"", ""status"": ""unavailable""}, ""P2"": {""actual_rows"": 208896.0, ""content_rows"": 786432.0, ""environment"": {""actual_rows"": 196608.0, ""content_rows"": 786432.0, ""geometry_rows"": 196608.0, ""logical_paths"": 106893.0, ""padded_rows"": 0.0, ""unique_pairs"": 77846.0}, ""geometry_rows"": 196608.0, ""logical_paths"": 120779.0, ""module"": {""actual_rows"": 12288.0, ""content_rows"": null, ""geometry_rows"": null, ""logical_paths"": 13886.0, ""padded_rows"": 5120.0, ""unique_pairs"": 6231.0}, ""padded_rows"": 5120.0, ""status"": ""available"", ""unique_pairs"": 84077.0}, ""P2_consistency"": {""reason"": ""explicit phase ledger missing"", ""status"": ""unavailable""}}",12288.0,5120.0,,,196608.0,0.0,196608.0,786432.0,12,12,"[0.06478942930698395, 0.052604541182518005, 0.09598807990550995, 0.0722883939743042, 0.04752349108457565, 0.11773116886615753, 0.07326337695121765, 0.09977716207504272, 0.09093917906284332, 0.05689295753836632, 0.14324906468391418, 0.084953173995018]",1.0000000186264515,10.858892189009394,7.018878118714156e-07,1024,3.0,5.0,2,7,"{""2"": 22, ""3"": 611, ""4"": 325, ""5"": 62, ""6"": 3, ""7"": 1}","{""0"": 5, ""4"": 1, ""5"": 2, ""6"": 3, ""7"": 1}","{""1"": 44, ""2"": 104, ""3"": 40, ""4"": 4}",True
0676,12,7,7,12,"[0, 1, 2, 3, 4, 5, 6]",8192,deterministic_linspace_subset,"[0.046875, 11.953125, 0.046875, 5.953125]","[true, true, true, true, true, true, true, true, true, true, true, true]","[0.02623024529644421, 0.039717008359730244, 0.08841758141560213, 0.014537926231111798, 0.011113231868616172, 0.17037080705839405, 0.07530920207500458, 0.1283753117479916, 0.099363833233448, 0.04673800577542611, 0.20581534272059798, 0.09401149773495376]","[0.11124793292644122, 0.07017697525831561, 0.08990517836840202, 0.14658119222925353, 0.08286861764887968, 0.060232351941522204, 0.0543973153301825, 0.046024774026591324, 0.08836577475691833, 0.08325812419934664, 0.06993195507675411, 0.09700980898924172]",11.029857635498047,5.857142857142857,1.890625,3.1279296875,2.7230396524575555,1.5463205375063926,2.2527004455292863,7,12,11,12,0.465898646778895,0.17634709031289553,0.35817969687363516,[],[],[],[],False,"[true, true, true, true, true, true, true, true, true, true, true, true]",,,,1.0632799011909815,1.384216366168335,1.7257326732093743,3.774361266300048,4.277044756501697,1.1237037456224384,0,12512,89534,6107,71892,0.8519810267857143,0.36566162109375,2.04879646307516,1.2453958715851554,7168,196608,True,True,True,"{""P0"": {""reason"": ""explicit phase ledger missing"", ""status"": ""unavailable""}, ""P1"": {""reason"": ""explicit phase ledger missing"", ""status"": ""unavailable""}, ""P2"": {""actual_rows"": 208896.0, ""content_rows"": 786432.0, ""environment"": {""actual_rows"": 196608.0, ""content_rows"": 786432.0, ""geometry_rows"": 196608.0, ""logical_paths"": 89534.0, ""padded_rows"": 0.0, ""unique_pairs"": 71892.0}, ""geometry_rows"": 196608.0, ""logical_paths"": 102046.0, ""module"": {""actual_rows"": 12288.0, ""content_rows"": null, ""geometry_rows"": null, ""logical_paths"": 12512.0, ""padded_rows"": 5120.0, ""unique_pairs"": 6107.0}, ""padded_rows"": 5120.0, ""status"": ""available"", ""unique_pairs"": 77999.0}, ""P2_consistency"": {""reason"": ""explicit phase ledger missing"", ""status"": ""unavailable""}}",12288.0,5120.0,,,196608.0,0.0,196608.0,786432.0,12,12,"[0.06873909384012222, 0.05494699254631996, 0.08916138112545013, 0.08055956661701202, 0.046990927308797836, 0.11530157923698425, 0.0648532584309578, 0.08720004558563232, 0.0938648134469986, 0.06499806046485901, 0.13787364959716797, 0.09551065415143967]",1.0000000223517418,11.029857271588721,3.639093257845616e-07,1024,3.0,4.0,2,6,"{""2"": 181, ""3"": 573, ""4"": 229, ""5"": 40, ""6"": 1}","{""0"": 5, ""4"": 1, ""5"": 2, ""6"": 1, ""7"": 3}","{""1"": 51, ""2"": 113, ""3"": 26, ""4"": 2}",True
0677,12,7,7,12,"[0, 1, 2, 3, 4, 5, 6]",8192,deterministic_linspace_subset,"[0.046875, 11.953125, 0.046875, 5.953125]","[true, true, true, true, true, true, true, true, true, true, true, true]","[0.006563105221305574, 0.016583178649722998, 0.13367538127516, 0.05568597818325672, 0.027884157258085903, 0.1049150868452021, 0.056240632597889216, 0.14115093455516864, 0.15393194662673132, 0.018829630421740667, 0.14710565975734163, 0.13743430138232982]","[0.09433908105711455, 0.05818043427037385, 0.08752073091454803, 0.13667743639477217, 0.07182788720820098, 0.07746435370063408, 0.05147574052777296, 0.04682433888471375, 0.10085581945410617, 0.09831028742094836, 0.07203465052104245, 0.10448923876538176]",10.609162330627441,5.714285714285714,2.03125,3.2763671875,2.8467911804869606,1.6120997297593693,2.2784972876279808,7,12,12,12,0.4914914887306995,0.19385387912900512,0.3690767850768225,[],[],[],[],False,"[true, true, true, true, true, true, true, true, true, true, true, true]",,,,0.848234612162626,1.4076700466899377,1.6835407277579832,3.77791383624729,4.190778233614392,1.127288814618971,0,13021,102442,5639,78331,0.7866908482142857,0.3984120686848958,2.3090973576875333,1.307809168783751,7168,196608,True,True,True,"{""P0"": {""reason"": ""explicit phase ledger missing"", ""status"": ""unavailable""}, ""P1"": {""reason"": ""explicit phase ledger missing"", ""status"": ""unavailable""}, ""P2"": {""actual_rows"": 208896.0, ""content_rows"": 786432.0, ""environment"": {""actual_rows"": 196608.0, ""content_rows"": 786432.0, ""geometry_rows"": 196608.0, ""logical_paths"": 102442.0, ""padded_rows"": 0.0, ""unique_pairs"": 78331.0}, ""geometry_rows"": 196608.0, ""logical_paths"": 115463.0, ""module"": {""actual_rows"": 12288.0, ""content_rows"": null, ""geometry_rows"": null, ""logical_paths"": 13021.0, ""padded_rows"": 5120.0, ""unique_pairs"": 5639.0}, ""padded_rows"": 5120.0, ""status"": ""available"", ""unique_pairs"": 83970.0}, ""P2_consistency"": {""reason"": ""explicit phase ledger missing"", ""status"": ""unavailable""}}",12288.0,5120.0,,,196608.0,0.0,196608.0,786432.0,12,12,"[0.05045109614729881, 0.03738180547952652, 0.11059805750846863, 0.0961817130446434, 0.0498560294508934, 0.09118971973657608, 0.0538581907749176, 0.09398764371871948, 0.12739388644695282, 0.058569952845573425, 0.10957016050815582, 0.12096177786588669]",1.0000000335276127,10.60916232099093,9.636512032784594e-09,1024,3.0,5.0,2,6,"{""2"": 141, ""3"": 522, ""4"": 302, ""5"": 55, ""6"": 4}","{""0"": 5, ""5"": 3, ""6"": 3, ""7"": 1}","{""1"": 43, ""2"": 109, ""3"": 32, ""4"": 7, ""5"": 1}",True
0678,12,10,10,12,"[0, 1, 2, 3, 4, 5, 6, 7, 8, 9]",8192,deterministic_linspace_subset,"[0.046875, 11.953125, 0.046875, 5.953125]","[true, true, true, true, true, true, true, true, true, true, true, true]","[0.01865335609763861, 0.025544054480269553, 0.16526878736913206, 0.04218338851233057, 0.0292197440052405, 0.14287654645740988, 0.04581251442432404, 0.10703122317790986, 0.11954682622308611, 0.07882282864302398, 0.15408830577507615, 0.0709524494886864]","[0.1292360007064417, 0.10608904350859424, 0.09173236633553945, 0.1754561978547524, 0.08083152499360342, 0.044801636317667246, 0.07015787966641558, 0.0336161550367251, 0.06608872367845228, 0.0769003436435014, 0.05294195077537249, 0.0721481745907416]",11.260313987731934,5.6,1.96875,3.1572265625,2.929825633142041,1.5995272408360315,2.2669818096055145,10,12,12,12,0.49523655186478416,0.1924544247262234,0.3627766624226288,[],[],[],[],False,"[true, true, true, true, true, true, true, true, true, true, true, true]",,,,1.0592065912671742,1.3831342454986102,2.016496325046706,3.7713146878248036,4.0774538240838565,1.1875699404107598,0,16987,87332,8240,69436,0.8046875,0.3531697591145833,2.061529126213592,1.2577337404228355,10240,196608,True,True,True,"{""P0"": {""reason"": ""explicit phase ledger missing"", ""status"": ""unavailable""}, ""P1"": {""reason"": ""explicit phase ledger missing"", ""status"": ""unavailable""}, ""P2"": {""actual_rows"": 208896.0, ""content_rows"": 786432.0, ""environment"": {""actual_rows"": 196608.0, ""content_rows"": 786432.0, ""geometry_rows"": 196608.0, ""logical_paths"": 87332.0, ""padded_rows"": 0.0, ""unique_pairs"": 69436.0}, ""geometry_rows"": 196608.0, ""logical_paths"": 104319.0, ""module"": {""actual_rows"": 12288.0, ""content_rows"": null, ""geometry_rows"": null, ""logical_paths"": 16987.0, ""padded_rows"": 2048.0, ""unique_pairs"": 8240.0}, ""padded_rows"": 2048.0, ""status"": ""available"", ""unique_pairs"": 77676.0}, ""P2_consistency"": {""reason"": ""explicit phase ledger missing"", ""status"": ""unavailable""}}",12288.0,2048.0,,,196608.0,0.0,196608.0,786432.0,12,12,"[0.07394468039274216, 0.06581654399633408, 0.1285005807876587, 0.10881979763507843, 0.05502563714981079, 0.09383908659219742, 0.057985201478004456, 0.07032369077205658, 0.0928177759051323, 0.07786159217357635, 0.1035151258111, 0.07155030965805054]",1.0000000223517418,11.260313267636374,7.20095560069467e-07,1024,3.0,4.0,2,5,"{""2"": 171, ""3"": 569, ""4"": 236, ""5"": 48}","{""0"": 2, ""5"": 7, ""7"": 3}","{""1"": 42, ""2"": 116, ""3"": 32, ""4"": 2}",True
0679,12,10,10,12,"[0, 1, 2, 3, 4, 5, 6, 7, 8, 9]",8192,deterministic_linspace_subset,"[0.046875, 11.953125, 0.046875, 5.953125]","[true, true, true, true, true, true, true, true, true, true, true, true]","[0.03003371962556685, 0.014391541853547097, 0.14604607224464417, 0.02577209770679474, 0.03732028920203448, 0.12769424631915174, 0.07905349750071765, 0.13319201818667353, 0.12201976557844318, 0.05656318813562394, 0.16097950185649096, 0.0669340655207634]","[0.12466967373620715, 0.08359911863226444, 0.08867044211365283, 0.1588146238743017, 0.07973523360366623, 0.06650831664834794, 0.05349536449648439, 0.04199157166294753, 0.07504773562929284, 0.08809261769056322, 0.06526326100962858, 0.07411204169814783]",11.324539184570312,5.9,1.9322916666666667,3.095703125,2.845774944949315,1.5754962911710564,2.232882660999776,10,12,12,12,0.4958390575062501,0.18718906153079481,0.35629302075954206,[],[],[],[],False,"[true, true, true, true, true, true, true, true, true, true, true, true]",,,,1.39072230913399,1.3815249704792352,2.104632152191467,3.771695881261862,4.059908770480506,1.1438160052010795,0,17517,88476,8394,70371,0.8197265625,0.3579254150390625,2.0868477483917083,1.2572792769748902,10240,196608,True,True,True,"{""P0"": {""reason"": ""explicit phase ledger missing"", ""status"": ""unavailable""}, ""P1"": {""reason"": ""explicit phase ledger missing"", ""status"": ""unavailable""}, ""P2"": {""actual_rows"": 208896.0, ""content_rows"": 786432.0, ""environment"": {""actual_rows"": 196608.0, ""content_rows"": 786432.0, ""geometry_rows"": 196608.0, ""logical_paths"": 88476.0, ""padded_rows"": 0.0, ""unique_pairs"": 70371.0}, ""geometry_rows"": 196608.0, ""logical_paths"": 105993.0, ""module"": {""actual_rows"": 12288.0, ""content_rows"": null, ""geometry_rows"": null, ""logical_paths"": 17517.0, ""padded_rows"": 2048.0, ""unique_pairs"": 8394.0}, ""padded_rows"": 2048.0, ""status"": ""available"", ""unique_pairs"": 78765.0}, ""P2_consistency"": {""reason"": ""explicit phase ledger missing"", ""status"": ""unavailable""}}",12288.0,2048.0,,,196608.0,0.0,196608.0,786432.0,12,12,"[0.07735168933868408, 0.048995330929756165, 0.1173582524061203, 0.09229335933923721, 0.058527760207653046, 0.09710128605365753, 0.06627443432807922, 0.08759180456399918, 0.0985337495803833, 0.07232790440320969, 0.1131213828921318, 0.07052305340766907]",1.0000000074505806,11.32454004739738,8.628270666832805e-07,1024,3.0,4.0,2,5,"{""2"": 232, ""3"": 505, ""4"": 244, ""5"": 43}","{""0"": 2, ""5"": 4, ""6"": 4, ""7"": 1, ""8"": 1}","{""1"": 43, ""2"": 122, ""3"": 24, ""4"": 3}",True
0680,12,10,10,12,"[0, 1, 2, 3, 4, 5, 6, 7, 8, 9]",8192,deterministic_linspace_subset,"[0.046875, 11.953125, 0.046875, 5.953125]","[true, true, true, true, true, true, true, true, true, true, true, true]","[0.013925942766945809, 0.05442926962859929, 0.08706166036427022, 0.02856906169326976, 0.03019235134124756, 0.11906308958423324, 0.0709317907691002, 0.16599613886792217, 0.13666186504997313, 0.04573257401352748, 0.1657135644927621, 0.08172270750362715]","[0.1415031602276334, 0.0837241071203607, 0.08068033069139345, 0.16773278059069227, 0.0870577466751759, 0.048706979681204146, 0.06033440615283324, 0.032881692362328366, 0.07564184653165285, 0.09135051404882688, 0.06255087823956273, 0.06783555903371052]",11.529671669006348,5.6,1.90625,3.107421875,2.9100274126784984,1.53577730659466,2.2886877418971157,10,12,11,12,0.48311946738652284,0.17495659576781808,0.3639187174967179,[],[],[],[],False,"[true, true, true, true, true, true, true, true, true, true, true, true]",,,,0.9858930900254975,1.3443231669815463,1.6394433700476385,3.7622471885368265,4.068680318110683,1.1487891313609748,0,17076,83741,8339,67328,0.81435546875,0.3424479166666667,2.047727545269217,1.2437767347908746,10240,196608,True,True,True,"{""P0"": {""reason"": ""explicit phase ledger missing"", ""status"": ""unavailable""}, ""P1"": {""reason"": ""explicit phase ledger missing"", ""status"": ""unavailable""}, ""P2"": {""actual_rows"": 208896.0, ""content_rows"": 786432.0, ""environment"": {""actual_rows"": 196608.0, ""content_rows"": 786432.0, ""geometry_rows"": 196608.0, ""logical_paths"": 83741.0, ""padded_rows"": 0.0, ""unique_pairs"": 67328.0}, ""geometry_rows"": 196608.0, ""logical_paths"": 100817.0, ""module"": {""actual_rows"": 12288.0, ""content_rows"": null, ""geometry_rows"": null, ""logical_paths"": 17076.0, ""padded_rows"": 2048.0, ""unique_pairs"": 8339.0}, ""padded_rows"": 2048.0, ""status"": ""available"", ""unique_pairs"": 75667.0}, ""P2_consistency"": {""reason"": ""explicit phase ledger missing"", ""status"": ""unavailable""}}",12288.0,2048.0,,,196608.0,0.0,196608.0,786432.0,12,12,"[0.07771456241607666, 0.06907669454813004, 0.08387099206447601, 0.09815092384815216, 0.058625057339668274, 0.08388503640890121, 0.06563310325145721, 0.09943890571594238, 0.10615186393260956, 0.06854154914617538, 0.11413223296403885, 0.07477913051843643]",1.0000000521540642,11.529672273905113,6.048987657436555e-07,1024,3.0,4.0,2,6,"{""2"": 213, ""3"": 524, ""4"": 253, ""5"": 32, ""6"": 2}","{""0"": 2, ""4"": 2, ""5"": 2, ""6"": 4, ""7"": 2}","{""1"": 53, ""2"": 107, ""3"": 29, ""4"": 3}",True
0681,12,10,10,12,"[0, 1, 2, 3, 4, 5, 6, 7, 8, 9]",8192,deterministic_linspace_subset,"[0.046875, 11.953125, 0.046875, 5.953125]","[true, true, true, true, true, true, true, true, true, true, true, true]","[0.016092475783079863, 0.046589031058829285, 0.07212875830009578, 0.02493159882724285, 0.034433045983314516, 0.07371980901946244, 0.08349944651126862, 0.1879569752200041, 0.18480434436351062, 0.06374281439930202, 0.11294689048081638, 0.09915481843054294]","[0.128703753510005, 0.0850165963638574, 0.08646056467356782, 0.14621833281125873, 0.06198928210263452, 0.06960206155296571, 0.05617958889342844, 0.035791341021346554, 0.07637272297870366, 0.10777111087615293, 0.06595279923446166, 0.07994184495570758]",11.304160118103027,5.6,1.9010416666666667,3.0068359375,2.737324273485435,1.5508138345862132,2.1826019499494453,10,12,12,12,0.48155388619972295,0.18098699294710405,0.3455865251956938,[],[],[],[],False,"[true, true, true, true, true, true, true, true, true, true, true, true]",,,,1.2302546470857636,1.3517075566901087,1.9196387811208986,3.7662447136552326,4.249035140722163,1.127860655010349,0,16647,82649,8028,67911,0.783984375,0.3454132080078125,2.0736173393124067,1.2170193341284916,10240,196608,True,True,True,"{""P0"": {""reason"": ""explicit phase ledger missing"", ""status"": ""unavailable""}, ""P1"": {""reason"": ""explicit phase ledger missing"", ""status"": ""unavailable""}, ""P2"": {""actual_rows"": 208896.0, ""content_rows"": 786432.0, ""environment"": {""actual_rows"": 196608.0, ""content_rows"": 786432.0, ""geometry_rows"": 196608.0, ""logical_paths"": 82649.0, ""padded_rows"": 0.0, ""unique_pairs"": 67911.0}, ""geometry_rows"": 196608.0, ""logical_paths"": 99296.0, ""module"": {""actual_rows"": 12288.0, ""content_rows"": null, ""geometry_rows"": null, ""logical_paths"": 16647.0, ""padded_rows"": 2048.0, ""unique_pairs"": 8028.0}, ""padded_rows"": 2048.0, ""status"": ""available"", ""unique_pairs"": 75939.0}, ""P2_consistency"": {""reason"": ""explicit phase ledger missing"", ""status"": ""unavailable""}}",12288.0,2048.0,,,196608.0,0.0,196608.0,786432.0,12,12,"[0.0723981186747551, 0.06580281257629395, 0.07929466664791107, 0.08557496964931488, 0.04821116477251053, 0.07166093587875366, 0.06983952224254608, 0.11187416315078735, 0.13058853149414062, 0.08575696498155594, 0.08944984525442123, 0.08954833447933197]",1.0000000298023224,11.304159613627505,5.044755226890629e-07,1024,3.0,4.0,2,6,"{""2"": 256, ""3"": 524, ""4"": 228, ""5"": 13, ""6"": 3}","{""0"": 2, ""4"": 1, ""5"": 4, ""6"": 3, ""7"": 2}","{""1"": 48, ""2"": 120, ""3"": 19, ""4"": 5}",True
0682,12,10,10,12,"[0, 1, 2, 3, 4, 5, 6, 7, 8, 9]",8192,deterministic_linspace_subset,"[0.046875, 11.953125, 0.046875, 5.953125]","[true, true, true, true, true, true, true, true, true, true, true, true]","[0.01491316333413124, 0.04962758411420509, 0.1511520350992214, 0.03480660319328308, 0.01818118831870379, 0.11229059472534574, 0.03840937912464142, 0.12167875758023002, 0.15601558440030203, 0.04543102905154228, 0.1952255927026272, 0.062268495978787544]","[0.15124761907888268, 0.09708244917662037, 0.07835149961708036, 0.17552648476945854, 0.09252777224173767, 0.03978756942039278, 0.062377295262801155, 0.037583790409068264, 0.06617513050635658, 0.08018505097910142, 0.04411935644263091, 0.07503598098022243]",11.165745735168457,5.6,1.921875,3.08984375,2.875100190789926,1.5237485192284617,2.292632881705031,10,12,12,12,0.4837041152267097,0.17427898154199828,0.3644600674801032,[],[],[],[],False,"[true, true, true, true, true, true, true, true, true, true, true, true]",,,,1.0248636047806106,1.3466698788811613,1.6587221236422751,3.760134012962068,4.055746990459901,1.1354076280744805,0,17530,81836,8563,66706,0.83623046875,0.3392842610677083,2.0471797267312857,1.2268161784547118,10240,196608,True,True,True,"{""P0"": {""reason"": ""explicit phase ledger missing"", ""status"": ""unavailable""}, ""P1"": {""reason"": ""explicit phase ledger missing"", ""status"": ""unavailable""}, ""P2"": {""actual_rows"": 208896.0, ""content_rows"": 786432.0, ""environment"": {""actual_rows"": 196608.0, ""content_rows"": 786432.0, ""geometry_rows"": 196608.0, ""logical_paths"": 81836.0, ""padded_rows"": 0.0, ""unique_pairs"": 66706.0}, ""geometry_rows"": 196608.0, ""logical_paths"": 99366.0, ""module"": {""actual_rows"": 12288.0, ""content_rows"": null, ""geometry_rows"": null, ""logical_paths"": 17530.0, ""padded_rows"": 2048.0, ""unique_pairs"": 8563.0}, ""padded_rows"": 2048.0, ""status"": ""available"", ""unique_pairs"": 75269.0}, ""P2_consistency"": {""reason"": ""explicit phase ledger missing"", ""status"": ""unavailable""}}",12288.0,2048.0,,,196608.0,0.0,196608.0,786432.0,12,12,"[0.08308039605617523, 0.07335502654314041, 0.11475177109241486, 0.10516654700040817, 0.055354487150907516, 0.07603908330202103, 0.05039333552122116, 0.0796312764286995, 0.1110953614115715, 0.06280804425477982, 0.11967248469591141, 0.06865223497152328]",1.0000000484287739,11.165744316105636,1.4190628210286604e-06,1024,3.0,4.0,2,5,"{""2"": 203, ""3"": 559, ""4"": 229, ""5"": 33}","{""0"": 2, ""5"": 4, ""6"": 6}","{""1"": 49, ""2"": 113, ""3"": 26, ""4"": 4}",True
0683,12,10,10,12,"[0, 1, 2, 3, 4, 5, 6, 7, 8, 9]",8192,deterministic_linspace_subset,"[0.046875, 11.953125, 0.046875, 5.953125]","[true, true, true, true, true, true, true, true, true, true, true, true]","[0.04325947985053063, 0.02842460311949253, 0.08133762229990679, 0.012815359653905036, 0.010978334001265466, 0.138080413267744, 0.06409162133932114, 0.16332694391021507, 0.11077951048500838, 0.0912371575832367, 0.1655922915786505, 0.09007669237907977]","[0.1360753556121684, 0.09064167349909742, 0.08182663693636034, 0.15024794094885385, 0.07441714959471331, 0.05254204836091959, 0.05570774574637955, 0.03203538070859698, 0.07484141973933825, 0.09993008736637422, 0.06435665485575252, 0.08737790638891359]",11.39392375946045,5.7,1.8541666666666667,3.083984375,2.7406001597857577,1.5167347338731634,2.235622711044156,10,12,12,12,0.46817348416085036,0.16903553384869544,0.3558463123208845,[],[],[],[],False,"[true, true, true, true, true, true, true, true, true, true, true, true]",,,,1.2822784236661293,1.3456317551793886,2.124689368752189,3.7620923741233447,4.151710354772508,1.13761602748987,0,17248,82065,8481,67234,0.82822265625,0.3419698079427083,2.033722438391699,1.2205877978403783,10240,196608,True,True,True,"{""P0"": {""reason"": ""explicit phase ledger missing"", ""status"": ""unavailable""}, ""P1"": {""reason"": ""explicit phase ledger missing"", ""status"": ""unavailable""}, ""P2"": {""actual_rows"": 208896.0, ""content_rows"": 786432.0, ""environment"": {""actual_rows"": 196608.0, ""content_rows"": 786432.0, ""geometry_rows"": 196608.0, ""logical_paths"": 82065.0, ""padded_rows"": 0.0, ""unique_pairs"": 67234.0}, ""geometry_rows"": 196608.0, ""logical_paths"": 99313.0, ""module"": {""actual_rows"": 12288.0, ""content_rows"": null, ""geometry_rows"": null, ""logical_paths"": 17248.0, ""padded_rows"": 2048.0, ""unique_pairs"": 8481.0}, ""padded_rows"": 2048.0, ""status"": ""available"", ""unique_pairs"": 75715.0}, ""P2_consistency"": {""reason"": ""explicit phase ledger missing"", ""status"": ""unavailable""}}",12288.0,2048.0,,,196608.0,0.0,196608.0,786432.0,12,12,"[0.0896674245595932, 0.05953313782811165, 0.08158212900161743, 0.08153164386749268, 0.04269774630665779, 0.0953112244606018, 0.05989968776702881, 0.09768116474151611, 0.09281046688556671, 0.09558361768722534, 0.1149744838476181, 0.08872730284929276]",1.0000000298023224,11.393923382708039,3.7675241060242115e-07,1024,3.0,4.0,2,5,"{""2"": 229, ""3"": 511, ""4"": 253, ""5"": 31}","{""0"": 2, ""4"": 1, ""5"": 3, ""6"": 4, ""7"": 2}","{""1"": 57, ""2"": 108, ""3"": 25, ""4"": 2}",True
0684,12,10,10,12,"[0, 1, 2, 3, 4, 5, 6, 7, 8, 9]",8192,deterministic_linspace_subset,"[0.046875, 11.953125, 0.046875, 5.953125]","[true, true, true, true, true, true, true, true, true, true, true, true]","[0.0159756476059556, 0.030955497812828983, 0.17912925878626992, 0.04562156228348613, 0.039317125082016, 0.10660159573890271, 0.03437936678528786, 0.10504993804497643, 0.15059777302667499, 0.04699761022347956, 0.14141667015401252, 0.10395795112272027]","[0.13894226999642947, 0.09188035658250251, 0.08159131292874615, 0.14466769791518644, 0.07745309399130443, 0.06348681189895918, 0.05381651261510948, 0.0395656085650747, 0.07312695604438582, 0.08682003225355099, 0.06069383555344151, 0.08795551167956242]",11.105855941772461,5.8,1.8645833333333333,3.08203125,2.7063253175388367,1.5441099487784193,2.1925267324865674,10,12,12,12,0.4655690123315049,0.17426959601220735,0.3507457697009939,[],[],[],[],False,"[true, true, true, true, true, true, true, true, true, true, true, true]",,,,1.1993118549181307,1.3373178941223056,2.1358265948264705,3.7653397232114947,4.141033415620855,1.1206739998277424,0,17126,83651,8057,67011,0.78681640625,0.3408355712890625,2.125605063919573,1.2483174404202295,10240,196608,True,True,True,"{""P0"": {""reason"": ""explicit phase ledger missing"", ""status"": ""unavailable""}, ""P1"": {""reason"": ""explicit phase ledger missing"", ""status"": ""unavailable""}, ""P2"": {""actual_rows"": 208896.0, ""content_rows"": 786432.0, ""environment"": {""actual_rows"": 196608.0, ""content_rows"": 786432.0, ""geometry_rows"": 196608.0, ""logical_paths"": 83651.0, ""padded_rows"": 0.0, ""unique_pairs"": 67011.0}, ""geometry_rows"": 196608.0, ""logical_paths"": 100777.0, ""module"": {""actual_rows"": 12288.0, ""content_rows"": null, ""geometry_rows"": null, ""logical_paths"": 17126.0, ""padded_rows"": 2048.0, ""unique_pairs"": 8057.0}, ""padded_rows"": 2048.0, ""status"": ""available"", ""unique_pairs"": 75068.0}, ""P2_consistency"": {""reason"": ""explicit phase ledger missing"", ""status"": ""unavailable""}}",12288.0,2048.0,,,196608.0,0.0,196608.0,786432.0,12,12,"[0.07745896279811859, 0.06141792982816696, 0.13036029040813446, 0.09514462947845459, 0.05838511884212494, 0.08504420518875122, 0.044097937643527985, 0.0723077729344368, 0.11186236143112183, 0.0669088214635849, 0.10105525702238083, 0.0959567278623581]",1.0000000149011612,11.10585719980987,1.258037409357371e-06,1024,3.0,4.0,2,6,"{""2"": 203, ""3"": 579, ""4"": 198, ""5"": 43, ""6"": 1}","{""0"": 2, ""4"": 1, ""5"": 3, ""6"": 4, ""7"": 1, ""8"": 1}","{""1"": 55, ""2"": 111, ""3"": 23, ""4"": 3}",True
0685,12,10,10,12,"[0, 1, 2, 3, 4, 5, 6, 7, 8, 9]",8192,deterministic_linspace_subset,"[0.046875, 11.953125, 0.046875, 5.953125]","[true, true, true, true, true, true, true, true, true, true, true, true]","[0.029922418296337128, 0.030878951356862673, 0.06158882956951857, 0.008124732971191406, 0.005226372554898263, 0.11372578265145421, 0.0865185077476781, 0.22195812340360138, 0.1254051996394992, 0.07087683081626892, 0.1507782210595906, 0.0949960255617043]","[0.1370413439775197, 0.0853700136194675, 0.07642799085685209, 0.1468162261104832, 0.07270309006950507, 0.05949186101012552, 0.057530795224010944, 0.025561999607210353, 0.07144813099876048, 0.11237111105583608, 0.07192720569825421, 0.08331023055749638]",11.227701187133789,5.4,1.8333333333333333,3.0986328125,2.956150876841794,1.5256779379833958,2.2003629444943447,10,12,12,12,0.4978315838140565,0.17181613365814288,0.3517916330812168,[],[],[],[],False,"[true, true, true, true, true, true, true, true, true, true, true, true]",,,,1.156136556049144,1.342815173003587,1.726946310608212,3.755613012221745,4.067477017664548,1.1538676230674,0,17022,79878,8398,66696,0.8201171875,0.3392333984375,2.02691116932603,1.197643037063692,10240,196608,True,True,True,"{""P0"": {""reason"": ""explicit phase ledger missing"", ""status"": ""unavailable""}, ""P1"": {""reason"": ""explicit phase ledger missing"", ""status"": ""unavailable""}, ""P2"": {""actual_rows"": 208896.0, ""content_rows"": 786432.0, ""environment"": {""actual_rows"": 196608.0, ""content_rows"": 786432.0, ""geometry_rows"": 196608.0, ""logical_paths"": 79878.0, ""padded_rows"": 0.0, ""unique_pairs"": 66696.0}, ""geometry_rows"": 196608.0, ""logical_paths"": 96900.0, ""module"": {""actual_rows"": 12288.0, ""content_rows"": null, ""geometry_rows"": null, ""logical_paths"": 17022.0, ""padded_rows"": 2048.0, ""unique_pairs"": 8398.0}, ""padded_rows"": 2048.0, ""status"": ""available"", ""unique_pairs"": 75094.0}, ""P2_consistency"": {""reason"": ""explicit phase ledger missing"", ""status"": ""unavailable""}}",12288.0,2048.0,,,196608.0,0.0,196608.0,786432.0,12,12,"[0.08348187804222107, 0.05812448263168335, 0.06900840997695923, 0.07747048139572144, 0.038964733481407166, 0.08660882711410522, 0.07202465832233429, 0.12376005947589874, 0.09842665493488312, 0.09162396937608719, 0.11135271936655045, 0.08915312588214874]",1.0,11.227701456025965,2.6889217608072613e-07,1024,3.0,4.0,2,5,"{""2"": 198, ""3"": 558, ""4"": 237, ""5"": 31}","{""0"": 2, ""5"": 7, ""6"": 2, ""7"": 1}","{""1"": 56, ""2"": 115, ""3"": 18, ""4"": 3}",True
0686,12,10,10,12,"[0, 1, 2, 3, 4, 5, 6, 7, 8, 9]",8192,deterministic_linspace_subset,"[0.046875, 11.953125, 0.046875, 5.953125]","[true, true, true, true, true, true, true, true, true, true, true, true]","[0.011379604367539287, 0.03672508429735899, 0.14130786694586278, 0.01632502600550652, 0.030962619557976724, 0.06563119789207122, 0.08945887820755162, 0.16163102779537442, 0.14000162334414198, 0.0730179674588726, 0.14445816694345975, 0.08910094350576402]","[0.13341250245381764, 0.08337582469296953, 0.0787299384828657, 0.1497749449918046, 0.07649753910178939, 0.06638243862350161, 0.05059252988515558, 0.03674670788071429, 0.07165885786525905, 0.10639619679811102, 0.06699345412198453, 0.07943906697134176]",11.446711540222168,5.6,1.875,3.017578125,2.8437295580015087,1.5560393710054994,2.1394323175682324,10,12,12,12,0.4759485678795488,0.1772430576620012,0.3397745970411165,[],[],[],[],False,"[true, true, true, true, true, true, true, true, true, true, true, true]",,,,1.275874211320329,1.3499349273065733,2.1298903644707807,3.763490386851446,4.151609571677881,1.114901664570477,0,16290,81535,7919,66483,0.77333984375,0.3381500244140625,2.057077913878015,1.2264037423100642,10240,196608,True,True,True,"{""P0"": {""reason"": ""explicit phase ledger missing"", ""status"": ""unavailable""}, ""P1"": {""reason"": ""explicit phase ledger missing"", ""status"": ""unavailable""}, ""P2"": {""actual_rows"": 208896.0, ""content_rows"": 786432.0, ""environment"": {""actual_rows"": 196608.0, ""content_rows"": 786432.0, ""geometry_rows"": 196608.0, ""logical_paths"": 81535.0, ""padded_rows"": 0.0, ""unique_pairs"": 66483.0}, ""geometry_rows"": 196608.0, ""logical_paths"": 97825.0, ""module"": {""actual_rows"": 12288.0, ""content_rows"": null, ""geometry_rows"": null, ""logical_paths"": 16290.0, ""padded_rows"": 2048.0, ""unique_pairs"": 7919.0}, ""padded_rows"": 2048.0, ""status"": ""available"", ""unique_pairs"": 74402.0}, ""P2_consistency"": {""reason"": ""explicit phase ledger missing"", ""status"": ""unavailable""}}",12288.0,2048.0,,,196608.0,0.0,196608.0,786432.0,12,12,"[0.07239605486392975, 0.06005045771598816, 0.11001889407634735, 0.08304999023675919, 0.0537300780415535, 0.06600682437419891, 0.07002570480108261, 0.09918887168169022, 0.10583023726940155, 0.08970709145069122, 0.10572580993175507, 0.08427000045776367]",1.0000000149011612,11.446710978807333,5.614148346211323e-07,1024,3.0,4.0,2,6,"{""2"": 178, ""3"": 683, ""4"": 134, ""5"": 25, ""6"": 4}","{""0"": 2, ""4"": 1, ""5"": 4, ""6"": 4, ""8"": 1}","{""1"": 53, ""2"": 114, ""3"": 21, ""4"": 4}",True
0687,12,10,10,12,"[0, 1, 2, 3, 4, 5, 6, 7, 8, 9]",8192,deterministic_linspace_subset,"[0.046875, 11.953125, 0.046875, 5.953125]","[true, true, true, true, true, true, true, true, true, true, true, true]","[0.018499475345015524, 0.018898296565748752, 0.10326439780183139, 0.04892003238201142, 0.044754152081441144, 0.11486894004046917, 0.05717047797515989, 0.21419902845518662, 0.12880617640912534, 0.04634669329971076, 0.1556667304597795, 0.04860562020912766]","[0.13637132038517538, 0.09248036928086854, 0.08714326909588031, 0.16401586879510435, 0.06336321956284034, 0.04319565795109762, 0.05856749262117471, 0.030893230151074626, 0.07165449469660719, 0.10290296992752701, 0.06386041338555516, 0.08555169380269943]",11.211499214172363,6.3,1.8802083333333333,3.0546875,2.8351215834751855,1.5157358122411875,2.230837703886792,10,12,11,12,0.4977996638615708,0.17008471705818096,0.35493008936200837,[],[],[],[],False,"[true, true, true, true, true, true, true, true, true, true, true, true]",,,,1.24907422296117,1.3428877101450294,1.9016134360624997,3.7635739081758297,4.034253016826473,1.1404539865177223,0,18647,80360,8737,66747,0.85322265625,0.3394927978515625,2.1342566098203046,1.2039492411643968,10240,196608,True,True,True,"{""P0"": {""reason"": ""explicit phase ledger missing"", ""status"": ""unavailable""}, ""P1"": {""reason"": ""explicit phase ledger missing"", ""status"": ""unavailable""}, ""P2"": {""actual_rows"": 208896.0, ""content_rows"": 786432.0, ""environment"": {""actual_rows"": 196608.0, ""content_rows"": 786432.0, ""geometry_rows"": 196608.0, ""logical_paths"": 80360.0, ""padded_rows"": 0.0, ""unique_pairs"": 66747.0}, ""geometry_rows"": 196608.0, ""logical_paths"": 99007.0, ""module"": {""actual_rows"": 12288.0, ""content_rows"": null, ""geometry_rows"": null, ""logical_paths"": 18647.0, ""padded_rows"": 2048.0, ""unique_pairs"": 8737.0}, ""padded_rows"": 2048.0, ""status"": ""available"", ""unique_pairs"": 75484.0}, ""P2_consistency"": {""reason"": ""explicit phase ledger missing"", ""status"": ""unavailable""}}",12288.0,2048.0,,,196608.0,0.0,196608.0,786432.0,12,12,"[0.07743541151285172, 0.05568932741880417, 0.09520383179187775, 0.10646795481443405, 0.05405868589878082, 0.079032301902771, 0.05786898732185364, 0.12254612892866135, 0.10023033618927002, 0.07462483644485474, 0.10976357758045197, 0.06707865744829178]",1.000000037252903,11.21149955526374,3.4109137736493267e-07,1024,3.0,4.0,2,5,"{""2"": 197, ""3"": 595, ""4"": 211, ""5"": 21}","{""0"": 2, ""5"": 1, ""6"": 5, ""7"": 4}","{""1"": 54, ""2"": 111, ""3"": 23, ""4"": 4}",True
0688,12,10,10,12,"[0, 1, 2, 3, 4, 5, 6, 7, 8, 9]",8192,deterministic_linspace_subset,"[0.046875, 11.953125, 0.046875, 5.953125]","[true, true, true, true, true, true, true, true, true, true, true, true]","[0.013348885625600816, 0.03981821071356535, 0.13266488970257342, 0.038547420292161405, 0.053118503838777545, 0.09672498106956481, 0.08845698311924935, 0.15804878715425733, 0.11423660945147276, 0.020182190369814633, 0.1250291847944027, 0.11982335913926363]","[0.139041602514529, 0.08732794357153278, 0.08181471237912774, 0.14580726739950473, 0.07561116052481034, 0.061153416939002135, 0.04533862268241743, 0.04769031936302781, 0.07890030027677615, 0.09173232862182583, 0.060544446086472206, 0.08503788070811422]",11.516214370727539,5.0,1.890625,3.015625,2.662423332658694,1.5360440823972177,2.1650893044707678,10,12,12,12,0.45547274789442316,0.17483462779884343,0.3448196767072724,[],[],[],[],False,"[true, true, true, true, true, true, true, true, true, true, true, true]",,,,1.4227945379273519,1.348857443779993,2.348141932008216,3.7664058065961177,4.350246799074529,1.0970969336065277,0,14849,83503,7577,67655,0.73994140625,0.3441111246744792,1.9597466015573446,1.2342472840144854,10240,196608,True,True,True,"{""P0"": {""reason"": ""explicit phase ledger missing"", ""status"": ""unavailable""}, ""P1"": {""reason"": ""explicit phase ledger missing"", ""status"": ""unavailable""}, ""P2"": {""actual_rows"": 208896.0, ""content_rows"": 786432.0, ""environment"": {""actual_rows"": 196608.0, ""content_rows"": 786432.0, ""geometry_rows"": 196608.0, ""logical_paths"": 83503.0, ""padded_rows"": 0.0, ""unique_pairs"": 67655.0}, ""geometry_rows"": 196608.0, ""logical_paths"": 98352.0, ""module"": {""actual_rows"": 12288.0, ""content_rows"": null, ""geometry_rows"": null, ""logical_paths"": 14849.0, ""padded_rows"": 2048.0, ""unique_pairs"": 7577.0}, ""padded_rows"": 2048.0, ""status"": ""available"", ""unique_pairs"": 75232.0}, ""P2_consistency"": {""reason"": ""explicit phase ledger missing"", ""status"": ""unavailable""}}",12288.0,2048.0,,,196608.0,0.0,196608.0,786432.0,12,12,"[0.07619526237249374, 0.06357307732105255, 0.10723979771137238, 0.09217734634876251, 0.06436483561992645, 0.07893919944763184, 0.06689780950546265, 0.10286955535411835, 0.09656845778226852, 0.05595726519823074, 0.09278681129217148, 0.10243061929941177]",1.000000037252903,11.51621444579804,7.507050092669942e-08,1024,3.0,4.0,2,6,"{""2"": 251, ""3"": 535, ""4"": 213, ""5"": 21, ""6"": 4}","{""0"": 2, ""4"": 4, ""5"": 2, ""6"": 4}","{""1"": 53, ""2"": 111, ""3"": 24, ""4"": 4}",True
0689,12,10,10,12,"[0, 1, 2, 3, 4, 5, 6, 7, 8, 9]",8192,deterministic_linspace_subset,"[0.046875, 11.953125, 0.046875, 5.953125]","[true, true, true, true, true, true, true, true, true, true, true, true]","[0.0, 0.04593761875294149, 0.17112841214984656, 0.005085866153240204, 0.054300034930929546, 0.020791503787040713, 0.07169377524405718, 0.13972651998046784, 0.2154808396444423, 0.06197403697296978, 0.1347804646153236, 0.07910092413367238]","[0.13291446342676255, 0.10692353189612427, 0.06957350884719442, 0.1369536732866739, 0.076790721854195, 0.06664458952339676, 0.05294167813068876, 0.05012886400800197, 0.06271914752263305, 0.08707886437575026, 0.07576668035471813, 0.08156427601352334]",10.94961166381836,5.5,2.0260416666666665,3.2333984375,2.8480475208279135,1.618715578296739,2.37269532088413,10,12,12,12,0.4774122669700149,0.19911912114913644,0.38086022294858796,[0],[],[0],[],False,"[true, true, true, true, true, true, true, true, true, true, true, true]",,,,1.0079486998793075,1.4213065946098704,1.8948891124589577,3.77045923548895,4.20985864221657,1.172998885499962,0,16965,99031,7960,73347,0.77734375,0.3730621337890625,2.1312814070351758,1.350171104475984,10240,196608,True,True,True,"{""P0"": {""reason"": ""explicit phase ledger missing"", ""status"": ""unavailable""}, ""P1"": {""reason"": ""explicit phase ledger missing"", ""status"": ""unavailable""}, ""P2"": {""actual_rows"": 208896.0, ""content_rows"": 786432.0, ""environment"": {""actual_rows"": 196608.0, ""content_rows"": 786432.0, ""geometry_rows"": 196608.0, ""logical_paths"": 99031.0, ""padded_rows"": 0.0, ""unique_pairs"": 73347.0}, ""geometry_rows"": 196608.0, ""logical_paths"": 115996.0, ""module"": {""actual_rows"": 12288.0, ""content_rows"": null, ""geometry_rows"": null, ""logical_paths"": 16965.0, ""padded_rows"": 2048.0, ""unique_pairs"": 7960.0}, ""padded_rows"": 2048.0, ""status"": ""available"", ""unique_pairs"": 81307.0}, ""P2_consistency"": {""reason"": ""explicit phase ledger missing"", ""status"": ""unavailable""}}",12288.0,2048.0,,,196608.0,0.0,196608.0,786432.0,12,12,"[0.06645723432302475, 0.07643057405948639, 0.12035097181797028, 0.07101977616548538, 0.06554538011550903, 0.043718043714761734, 0.062317728996276855, 0.09492769837379456, 0.13910000026226044, 0.07452645152807236, 0.10527357459068298, 0.08033259212970734]",1.000000026077032,10.94961091366104,7.501573193735567e-07,1024,3.0,4.0,2,6,"{""2"": 149, ""3"": 538, ""4"": 287, ""5"": 49, ""6"": 1}","{""0"": 2, ""4"": 1, ""5"": 4, ""6"": 4, ""7"": 1}","{""1"": 42, ""2"": 108, ""3"": 38, ""4"": 3, ""5"": 1}",True
0690,12,10,10,12,"[0, 1, 2, 3, 4, 5, 6, 7, 8, 9]",8192,deterministic_linspace_subset,"[0.046875, 11.953125, 0.046875, 5.953125]","[true, true, true, true, true, true, true, true, true, true, true, true]","[0.027882575243711474, 0.018298483264516108, 0.12136700488626959, 0.028289881721138953, 0.020582890848163515, 0.14171013128943744, 0.06959237158298492, 0.18532701935619117, 0.08901148698059842, 0.030166295403614644, 0.1614143323386088, 0.10635755326366053]","[0.11559419783588963, 0.08042598586568299, 0.0807426952912162, 0.14460960175104742, 0.09094052909252541, 0.06586405309887293, 0.051625378701525414, 0.03518337393567587, 0.08508562411104018, 0.09226951686044536, 0.07396538303388904, 0.08369366033002734]",11.212611198425293,5.9,1.984375,3.1259765625,2.9249293521016364,1.5841539768944861,2.226183035154101,10,12,12,12,0.49589188282072333,0.1879270422240206,0.35713749896192576,[],[],[],[],False,"[true, true, true, true, true, true, true, true, true, true, true, true]",,,,1.224510027896465,1.3741374414343293,1.8002935686519157,3.768999928357417,4.057210276503739,1.1462268922633378,0,17981,91934,8476,71789,0.827734375,0.3651377360026042,2.1214016045304387,1.2806140216467703,10240,196608,True,True,True,"{""P0"": {""reason"": ""explicit phase ledger missing"", ""status"": ""unavailable""}, ""P1"": {""reason"": ""explicit phase ledger missing"", ""status"": ""unavailable""}, ""P2"": {""actual_rows"": 208896.0, ""content_rows"": 786432.0, ""environment"": {""actual_rows"": 196608.0, ""content_rows"": 786432.0, ""geometry_rows"": 196608.0, ""logical_paths"": 91934.0, ""padded_rows"": 0.0, ""unique_pairs"": 71789.0}, ""geometry_rows"": 196608.0, ""logical_paths"": 109915.0, ""module"": {""actual_rows"": 12288.0, ""content_rows"": null, ""geometry_rows"": null, ""logical_paths"": 17981.0, ""padded_rows"": 2048.0, ""unique_pairs"": 8476.0}, ""padded_rows"": 2048.0, ""status"": ""available"", ""unique_pairs"": 80265.0}, ""P2_consistency"": {""reason"": ""explicit phase ledger missing"", ""status"": ""unavailable""}}",12288.0,2048.0,,,196608.0,0.0,196608.0,786432.0,12,12,"[0.07173837721347809, 0.04936223849654198, 0.1010548546910286, 0.0864497497677803, 0.05576171725988388, 0.10378708690404892, 0.0606088787317276, 0.11025519669055939, 0.08704856038093567, 0.061217907816171646, 0.11768985539674759, 0.09502561390399933]",1.000000037252903,11.21261080272359,3.9570170251579384e-07,1024,3.0,4.0,2,5,"{""2"": 203, ""3"": 528, ""4"": 254, ""5"": 39}","{""0"": 2, ""5"": 4, ""6"": 3, ""7"": 3}","{""1"": 47, ""2"": 106, ""3"": 34, ""4"": 5}",True
0691,12,10,10,12,"[0, 1, 2, 3, 4, 5, 6, 7, 8, 9]",8192,deterministic_linspace_subset,"[0.046875, 11.953125, 0.046875, 5.953125]","[true, true, true, true, true, true, true, true, true, true, true, true]","[0.025259151216596366, 0.040103313326835636, 0.0756600094260648, 0.051787074748426684, 0.0029777090065181257, 0.1483698252501199, 0.040929147996939724, 0.14491942028980703, 0.15933742108754814, 0.04580044194008224, 0.15445436052978037, 0.11040212596999481]","[0.11556507434337014, 0.08099690813105553, 0.08344149554613979, 0.1506822573331495, 0.07378081401354092, 0.06048288786162933, 0.051695104960041746, 0.04003510577604173, 0.0836587145458907, 0.10733566650499902, 0.06233716449545074, 0.0899888052760313]",11.026711463928223,6.2,1.953125,3.1103515625,2.755965949472597,1.5670336437260666,2.26233295182056,10,12,12,12,0.4859015481779564,0.18679794134009545,0.3608880414101877,[],[],[],[],False,"[true, true, true, true, true, true, true, true, true, true, true, true]",,,,1.2043112262849132,1.3808483338660036,2.046899083560789,3.771450601019568,4.151750280495573,1.1235137927779908,0,18936,90852,8685,72071,0.84814453125,0.3665720621744792,2.1803108808290155,1.2605902512799878,10240,196608,True,True,True,"{""P0"": {""reason"": ""explicit phase ledger missing"", ""status"": ""unavailable""}, ""P1"": {""reason"": ""explicit phase ledger missing"", ""status"": ""unavailable""}, ""P2"": {""actual_rows"": 208896.0, ""content_rows"": 786432.0, ""environment"": {""actual_rows"": 196608.0, ""content_rows"": 786432.0, ""geometry_rows"": 196608.0, ""logical_paths"": 90852.0, ""padded_rows"": 0.0, ""unique_pairs"": 72071.0}, ""geometry_rows"": 196608.0, ""logical_paths"": 109788.0, ""module"": {""actual_rows"": 12288.0, ""content_rows"": null, ""geometry_rows"": null, ""logical_paths"": 18936.0, ""padded_rows"": 2048.0, ""unique_pairs"": 8685.0}, ""padded_rows"": 2048.0, ""status"": ""available"", ""unique_pairs"": 80756.0}, ""P2_consistency"": {""reason"": ""explicit phase ledger missing"", ""status"": ""unavailable""}}",12288.0,2048.0,,,196608.0,0.0,196608.0,786432.0,12,12,"[0.07041211426258087, 0.060550108551979065, 0.07955074310302734, 0.10123468190431595, 0.038379259407520294, 0.10442636162042618, 0.0463121272623539, 0.09247728437185287, 0.12149806320667267, 0.07656804472208023, 0.1083957627415657, 0.10019547492265701]",1.000000026077032,11.026710676628973,7.872992497937048e-07,1024,3.0,4.0,2,6,"{""2"": 219, ""3"": 519, ""4"": 245, ""5"": 36, ""6"": 5}","{""0"": 2, ""5"": 2, ""6"": 4, ""7"": 4}","{""1"": 44, ""2"": 115, ""3"": 31, ""4"": 2}",True
0692,12,10,10,12,"[0, 1, 2, 3, 4, 5, 6, 7, 8, 9]",8192,deterministic_linspace_subset,"[0.046875, 11.953125, 0.046875, 5.953125]","[true, true, true, true, true, true, true, true, true, true, true, true]","[0.011630818247795105, 0.061403724178671834, 0.07934132208138181, 0.018191464121628087, 0.003251914533757372, 0.13033206343352505, 0.06229231879115105, 0.17564464811803193, 0.1857146387919784, 0.04431997686624528, 0.13714414591668173, 0.09073297446593642]","[0.16222652699798343, 0.09199677171030392, 0.06859566123845676, 0.15728516643866894, 0.08448437841919561, 0.04932126257335767, 0.05282446910215792, 0.027563760677973427, 0.0658688119923075, 0.10339178944317004, 0.06222109935091188, 0.07422030224309614]",11.330703735351562,6.0,1.8645833333333333,3.0517578125,2.842181655508205,1.538909373799207,2.189566628275525,10,12,12,12,0.4823348787590252,0.1743466444349623,0.3475731837155439,[],[],[],[],False,"[true, true, true, true, true, true, true, true, true, true, true, true]",,,,1.2381445885235187,1.3222956474232443,1.8439023438276125,3.75400347867331,4.117732572219403,1.1078850746590274,0,18331,77000,8827,64104,0.86201171875,0.3260498046875,2.076696499376912,1.2011730937227005,10240,196608,True,True,True,"{""P0"": {""reason"": ""explicit phase ledger missing"", ""status"": ""unavailable""}, ""P1"": {""reason"": ""explicit phase ledger missing"", ""status"": ""unavailable""}, ""P2"": {""actual_rows"": 208896.0, ""content_rows"": 786432.0, ""environment"": {""actual_rows"": 196608.0, ""content_rows"": 786432.0, ""geometry_rows"": 196608.0, ""logical_paths"": 77000.0, ""padded_rows"": 0.0, ""unique_pairs"": 64104.0}, ""geometry_rows"": 196608.0, ""logical_paths"": 95331.0, ""module"": {""actual_rows"": 12288.0, ""content_rows"": null, ""geometry_rows"": null, ""logical_paths"": 18331.0, ""padded_rows"": 2048.0, ""unique_pairs"": 8827.0}, ""padded_rows"": 2048.0, ""status"": ""available"", ""unique_pairs"": 72931.0}, ""P2_consistency"": {""reason"": ""explicit phase ledger missing"", ""status"": ""unavailable""}}",12288.0,2048.0,,,196608.0,0.0,196608.0,786432.0,12,12,"[0.08692866563796997, 0.07670025527477264, 0.07396848499774933, 0.08773830533027649, 0.04386815056204796, 0.08982666581869125, 0.057558394968509674, 0.10160420835018158, 0.1257917284965515, 0.07385587692260742, 0.09968262165784836, 0.08247663825750351]",0.9999999962747097,11.330704185850278,4.504987156650486e-07,1024,3.0,4.0,2,5,"{""2"": 227, ""3"": 550, ""4"": 214, ""5"": 33}","{""0"": 2, ""5"": 3, ""6"": 4, ""7"": 3}","{""1"": 54, ""2"": 113, ""3"": 22, ""4"": 3}",True
