case_id,channel,checkpoint,dense_mse,dense_vs_full_limit_gathered_max_abs,dense_vs_pruned_max_abs,module_route_reduction,pruned_mse,query_route_reduction,region,relative_mse_degradation
0273,u,stage1_1005_best,0.02342722937464714,1.9073486328125e-06,0.11054849624633789,0.0,0.023350348696112633,0.5642903645833333,whole,-0.003281680360278016
0273,v,stage1_1005_best,0.20857682824134827,1.9073486328125e-06,0.11054849624633789,0.0,0.21066085994243622,0.5642903645833333,whole,0.009991674140698306
0273,p,stage1_1005_best,0.03421002998948097,1.9073486328125e-06,0.11054849624633789,0.0,0.03432975336909294,0.5642903645833333,whole,0.0034996572539919427
0273,omega,stage1_1005_best,0.46043410897254944,1.9073486328125e-06,0.11054849624633789,0.0,0.4636790156364441,0.5642903645833333,whole,0.007047494094509213
0273,temperature,stage1_1005_best,0.0278790146112442,1.9073486328125e-06,0.11054849624633789,0.0,0.028857151046395302,0.5642903645833333,whole,0.03508504331270722
0273,__all__,stage1_1005_best,0.15090546011924744,1.9073486328125e-06,0.11054849624633789,0.0,0.1521754264831543,0.5642903645833333,whole,0.008415642236558682
0273,u,stage1_1005_best,0.0075260973535478115,1.9073486328125e-06,0.11054849624633789,0.0,0.007687603123486042,0.5642903645833333,fluid,0.021459431409307575
0273,v,stage1_1005_best,0.005330156534910202,1.9073486328125e-06,0.11054849624633789,0.0,0.005635822657495737,0.5642903645833333,fluid,0.05734655644417855
0273,p,stage1_1005_best,0.01401875913143158,1.9073486328125e-06,0.11054849624633789,0.0,0.01431952603161335,0.5642903645833333,fluid,0.021454602177122674
0273,omega,stage1_1005_best,0.027443187311291695,1.9073486328125e-06,0.11054849624633789,0.0,0.027419542893767357,0.5642903645833333,fluid,-0.0008615769464434295
0273,temperature,stage1_1005_best,0.026115847751498222,1.9073486328125e-06,0.11054849624633789,0.0,0.02703312784433365,0.5642903645833333,fluid,0.03512350437801903
0273,__all__,stage1_1005_best,0.01608680933713913,1.9073486328125e-06,0.11054849624633789,0.0,0.016419123858213425,0.5642903645833333,fluid,0.020657578150509347
0273,u,stage1_1005_best,0.03662457689642906,1.9073486328125e-06,0.11054849624633789,0.0,0.036240559071302414,0.5642903645833333,near_interface_fluid,-0.010485249460017384
0273,v,stage1_1005_best,0.015308764763176441,1.9073486328125e-06,0.11054849624633789,0.0,0.018154000863432884,0.5642903645833333,near_interface_fluid,0.18585667389052493
0273,p,stage1_1005_best,0.041265543550252914,1.9073486328125e-06,0.11054849624633789,0.0,0.04410460591316223,0.5642903645833333,near_interface_fluid,0.06879982955881643
0273,omega,stage1_1005_best,0.5154553651809692,1.9073486328125e-06,0.11054849624633789,0.0,0.5149618983268738,0.5642903645833333,near_interface_fluid,-0.0009573415807248599
0273,temperature,stage1_1005_best,0.014069557189941406,1.9073486328125e-06,0.11054849624633789,0.0,0.014345331117510796,0.5642903645833333,near_interface_fluid,0.019600753872093812
0273,__all__,stage1_1005_best,0.12454476952552795,1.9073486328125e-06,0.11054849624633789,0.0,0.12556126713752747,0.5642903645833333,near_interface_fluid,0.008161704549071088
0273,u,stage1_1005_best,0.005722795147448778,1.9073486328125e-06,0.11054849624633789,0.0,0.005861770827323198,0.5642903645833333,far_field_fluid,0.02428458057534621
0273,v,stage1_1005_best,0.0032192266080528498,1.9073486328125e-06,0.11054849624633789,0.0,0.0032491085585206747,0.5642903645833333,far_field_fluid,0.009282338308547668
0273,p,stage1_1005_best,0.011843235231935978,1.9073486328125e-06,0.11054849624633789,0.0,0.011928630992770195,0.5642903645833333,far_field_fluid,0.00721050955772139
0273,omega,stage1_1005_best,0.005707657430320978,1.9073486328125e-06,0.11054849624633789,0.0,0.005717380437999964,0.5642903645833333,far_field_fluid,0.0017035023208179488
0273,temperature,stage1_1005_best,0.029354628175497055,1.9073486328125e-06,0.11054849624633789,0.0,0.030329762026667595,0.5642903645833333,far_field_fluid,0.03321908372814973
0273,__all__,stage1_1005_best,0.011169509030878544,1.9073486328125e-06,0.11054849624633789,0.0,0.011417330242693424,0.5642903645833333,far_field_fluid,0.022187296785361733
0274,u,stage1_1005_best,0.013303694315254688,1.430511474609375e-06,0.135650634765625,0.0577392578125,0.01332562230527401,0.43516031901041663,whole,0.001648263219200527
0274,v,stage1_1005_best,0.16812746226787567,1.430511474609375e-06,0.135650634765625,0.0577392578125,0.17058886587619781,0.43516031901041663,whole,0.01464010444885212
0274,p,stage1_1005_best,0.027378689497709274,1.430511474609375e-06,0.135650634765625,0.0577392578125,0.027559369802474976,0.43516031901041663,whole,0.006599304352416813
0274,omega,stage1_1005_best,0.31686481833457947,1.430511474609375e-06,0.135650634765625,0.0577392578125,0.3202919363975525,0.43516031901041663,whole,0.010815710248255797
0274,temperature,stage1_1005_best,0.018035802990198135,1.430511474609375e-06,0.135650634765625,0.0577392578125,0.018529128283262253,0.43516031901041663,whole,0.02735255498921914
0274,__all__,stage1_1005_best,0.10874209553003311,1.430511474609375e-06,0.135650634765625,0.0577392578125,0.1100589856505394,0.43516031901041663,whole,0.012110214669741942
0274,u,stage1_1005_best,0.006909587886184454,1.430511474609375e-06,0.135650634765625,0.0577392578125,0.007063813507556915,0.43516031901041663,fluid,0.022320523873910272
0274,v,stage1_1005_best,0.005307971034198999,1.430511474609375e-06,0.135650634765625,0.0577392578125,0.0056174141354858875,0.43516031901041663,fluid,0.05829781272225513
0274,p,stage1_1005_best,0.013218658044934273,1.430511474609375e-06,0.135650634765625,0.0577392578125,0.013817769475281239,0.43516031901041663,fluid,0.04532316580929791
0274,omega,stage1_1005_best,0.019232528284192085,1.430511474609375e-06,0.135650634765625,0.0577392578125,0.019352314993739128,0.43516031901041663,fluid,0.006228339185415362
0274,temperature,stage1_1005_best,0.015239606611430645,1.430511474609375e-06,0.135650634765625,0.0577392578125,0.01549223531037569,0.43516031901041663,fluid,0.016577114185845083
0274,__all__,stage1_1005_best,0.011981670744717121,1.430511474609375e-06,0.135650634765625,0.0577392578125,0.012268709018826485,0.43516031901041663,fluid,0.023956448163618797
0274,u,stage1_1005_best,0.015023731626570225,1.430511474609375e-06,0.135650634765625,0.0577392578125,0.014201103709638119,0.43516031901041663,near_interface_fluid,-0.054755232413580074
0274,v,stage1_1005_best,0.015537693165242672,1.430511474609375e-06,0.135650634765625,0.0577392578125,0.017571697011590004,0.43516031901041663,near_interface_fluid,0.1309077109913159
0274,p,stage1_1005_best,0.041840892285108566,1.430511474609375e-06,0.135650634765625,0.0577392578125,0.04436081275343895,0.43516031901041663,near_interface_fluid,0.06022626026135773
0274,omega,stage1_1005_best,0.2850988209247589,1.430511474609375e-06,0.135650634765625,0.0577392578125,0.28561437129974365,0.43516031901041663,near_interface_fluid,0.0018083216665452338
0274,temperature,stage1_1005_best,0.009387661702930927,1.430511474609375e-06,0.135650634765625,0.0577392578125,0.010088480077683926,0.43516031901041663,near_interface_fluid,0.07465313481995153
0274,__all__,stage1_1005_best,0.07337775826454163,1.430511474609375e-06,0.135650634765625,0.0577392578125,0.07436728477478027,0.43516031901041663,near_interface_fluid,0.013485373955841016
0274,u,stage1_1005_best,0.00696263462305069,1.430511474609375e-06,0.135650634765625,0.0577392578125,0.007168369833379984,0.43516031901041663,far_field_fluid,0.02954847144329268
0274,v,stage1_1005_best,0.0027615667786449194,1.430511474609375e-06,0.135650634765625,0.0577392578125,0.002806709846481681,0.43516031901041663,far_field_fluid,0.01634690429572478
0274,p,stage1_1005_best,0.01170551311224699,1.430511474609375e-06,0.135650634765625,0.0577392578125,0.012272360734641552,0.43516031901041663,far_field_fluid,0.048425696247479555
0274,omega,stage1_1005_best,0.00784007553011179,1.430511474609375e-06,0.135650634765625,0.0577392578125,0.007905586622655392,0.43516031901041663,far_field_fluid,0.00835592620147473
0274,temperature,stage1_1005_best,0.018278377130627632,1.430511474609375e-06,0.135650634765625,0.0577392578125,0.018441421911120415,0.43516031901041663,far_field_fluid,0.00892009062552831
0274,__all__,stage1_1005_best,0.009509633295238018,1.430511474609375e-06,0.135650634765625,0.0577392578125,0.009718888439238071,0.43516031901041663,far_field_fluid,0.022004543971725875
0275,u,stage1_1005_best,0.02029341459274292,9.5367431640625e-07,0.07018661499023438,0.03218587239583337,0.020212989300489426,0.48524983723958337,whole,-0.003963122710864783
0275,v,stage1_1005_best,0.20748648047447205,9.5367431640625e-07,0.07018661499023438,0.03218587239583337,0.20871125161647797,0.48524983723958337,whole,0.005902896127039994
0275,p,stage1_1005_best,0.03381844609975815,9.5367431640625e-07,0.07018661499023438,0.03218587239583337,0.0338849239051342,0.48524983723958337,whole,0.0019657261951053473
0275,omega,stage1_1005_best,0.4049440324306488,9.5367431640625e-07,0.07018661499023438,0.03218587239583337,0.40655508637428284,0.48524983723958337,whole,0.003978460761512628
0275,temperature,stage1_1005_best,0.02216292917728424,9.5367431640625e-07,0.07018661499023438,0.03218587239583337,0.0224759578704834,0.48524983723958337,whole,0.014123976605041656
0275,__all__,stage1_1005_best,0.1377410590648651,9.5367431640625e-07,0.07018661499023438,0.03218587239583337,0.13836804032325745,0.48524983723958337,whole,0.0045518835316713776
0275,u,stage1_1005_best,0.0049827429465949535,9.5367431640625e-07,0.07018661499023438,0.03218587239583337,0.004974115639925003,0.48524983723958337,fluid,-0.0017314372349563226
0275,v,stage1_1005_best,0.007367721293121576,9.5367431640625e-07,0.07018661499023438,0.03218587239583337,0.007629169151186943,0.48524983723958337,fluid,0.035485579280727084
0275,p,stage1_1005_best,0.013115867972373962,9.5367431640625e-07,0.07018661499023438,0.03218587239583337,0.013404573313891888,0.48524983723958337,fluid,0.022011912755299703
0275,omega,stage1_1005_best,0.029688870534300804,9.5367431640625e-07,0.07018661499023438,0.03218587239583337,0.029643472284078598,0.48524983723958337,fluid,-0.001529133624997812
0275,temperature,stage1_1005_best,0.019972940906882286,9.5367431640625e-07,0.07018661499023438,0.03218587239583337,0.02024744637310505,0.48524983723958337,fluid,0.013743868141530115
0275,__all__,stage1_1005_best,0.015025629661977291,9.5367431640625e-07,0.07018661499023438,0.03218587239583337,0.015179755166172981,0.48524983723958337,fluid,0.010257507183589674
0275,u,stage1_1005_best,0.03322974964976311,9.5367431640625e-07,0.07018661499023438,0.03218587239583337,0.032725684344768524,0.48524983723958337,near_interface_fluid,-0.015169097279015359
0275,v,stage1_1005_best,0.028318926692008972,9.5367431640625e-07,0.07018661499023438,0.03218587239583337,0.02957792952656746,0.48524983723958337,near_interface_fluid,0.04445799970638548
0275,p,stage1_1005_best,0.041701868176460266,9.5367431640625e-07,0.07018661499023438,0.03218587239583337,0.04384090378880501,0.48524983723958337,near_interface_fluid,0.051293520071893986
0275,omega,stage1_1005_best,0.5698193907737732,9.5367431640625e-07,0.07018661499023438,0.03218587239583337,0.5689364075660706,0.48524983723958337,near_interface_fluid,-0.0015495843454951751
0275,temperature,stage1_1005_best,0.03221532702445984,9.5367431640625e-07,0.07018661499023438,0.03218587239583337,0.032264452427625656,0.48524983723958337,near_interface_fluid,0.0015249077908946341
0275,__all__,stage1_1005_best,0.14105702936649323,9.5367431640625e-07,0.07018661499023438,0.03218587239583337,0.1414690762758255,0.48524983723958337,near_interface_fluid,0.00292113701233349
0275,u,stage1_1005_best,0.0029736398719251156,9.5367431640625e-07,0.07018661499023438,0.03218587239583337,0.0029811481945216656,0.48524983723958337,far_field_fluid,0.002524960291068853
0275,v,stage1_1005_best,0.0037945727817714214,9.5367431640625e-07,0.07018661499023438,0.03218587239583337,0.003845010418444872,0.48524983723958337,far_field_fluid,0.013292046186528713
0275,p,stage1_1005_best,0.010914110578596592,9.5367431640625e-07,0.07018661499023438,0.03218587239583337,0.011021335609257221,0.48524983723958337,far_field_fluid,0.00982444056146048
0275,omega,stage1_1005_best,0.006381576415151358,9.5367431640625e-07,0.07018661499023438,0.03218587239583337,0.006412071641534567,0.48524983723958337,far_field_fluid,0.004778635308793987
0275,temperature,stage1_1005_best,0.019436288625001907,9.5367431640625e-07,0.07018661499023438,0.03218587239583337,0.01982300542294979,0.48524983723958337,far_field_fluid,0.01989663795434843
0275,__all__,stage1_1005_best,0.008700038306415081,9.5367431640625e-07,0.07018661499023438,0.03218587239583337,0.00881651509553194,0.48524983723958337,far_field_fluid,0.013388077731907666
0276,u,stage1_1005_best,0.019944414496421814,1.9073486328125e-06,0.08052682876586914,0.02384440104166663,0.019817788153886795,0.50018310546875,whole,-0.006348962641030986
0276,v,stage1_1005_best,0.22035925090312958,1.9073486328125e-06,0.08052682876586914,0.02384440104166663,0.2228221595287323,0.50018310546875,whole,0.011176787974676054
0276,p,stage1_1005_best,0.0272529236972332,1.9073486328125e-06,0.08052682876586914,0.02384440104166663,0.027327019721269608,0.50018310546875,whole,0.0027188284405584686
0276,omega,stage1_1005_best,0.531231164932251,1.9073486328125e-06,0.08052682876586914,0.02384440104166663,0.5365654826164246,0.50018310546875,whole,0.010041424593103232
0276,temperature,stage1_1005_best,0.009707760065793991,1.9073486328125e-06,0.08052682876586914,0.02384440104166663,0.010015258565545082,0.50018310546875,whole,0.031675535619651814
0276,__all__,stage1_1005_best,0.1616990864276886,1.9073486328125e-06,0.08052682876586914,0.02384440104166663,0.16330954432487488,0.50018310546875,whole,0.009959597996284734
0276,u,stage1_1005_best,0.006745270453393459,1.9073486328125e-06,0.08052682876586914,0.02384440104166663,0.006902341265231371,0.50018310546875,fluid,0.023286065832822358
0276,v,stage1_1005_best,0.004602061118930578,1.9073486328125e-06,0.08052682876586914,0.02384440104166663,0.004734276328235865,0.50018310546875,fluid,0.028729563968939734
0276,p,stage1_1005_best,0.01151950005441904,1.9073486328125e-06,0.08052682876586914,0.02384440104166663,0.011826463975012302,0.50018310546875,fluid,0.02664733010487778
0276,omega,stage1_1005_best,0.026094013825058937,1.9073486328125e-06,0.08052682876586914,0.02384440104166663,0.02613588608801365,0.50018310546875,fluid,0.0016046693021408843
0276,temperature,stage1_1005_best,0.005265736952424049,1.9073486328125e-06,0.08052682876586914,0.02384440104166663,0.005430585239082575,0.50018310546875,fluid,0.03130583395029609
0276,__all__,stage1_1005_best,0.01084531657397747,1.9073486328125e-06,0.08052682876586914,0.02384440104166663,0.01100591104477644,0.50018310546875,fluid,0.014807725501006005
0276,u,stage1_1005_best,0.02895277552306652,1.9073486328125e-06,0.08052682876586914,0.02384440104166663,0.028191599994897842,0.50018310546875,near_interface_fluid,-0.026290243833868496
0276,v,stage1_1005_best,0.017911523580551147,1.9073486328125e-06,0.08052682876586914,0.02384440104166663,0.019100623205304146,0.50018310546875,near_interface_fluid,0.06638740805076779
0276,p,stage1_1005_best,0.061189357191324234,1.9073486328125e-06,0.08052682876586914,0.02384440104166663,0.06477712839841843,0.50018310546875,near_interface_fluid,0.058633909094290775
0276,omega,stage1_1005_best,0.4202668070793152,1.9073486328125e-06,0.08052682876586914,0.02384440104166663,0.4208355247974396,0.50018310546875,near_interface_fluid,0.0013532301589001246
0276,temperature,stage1_1005_best,0.009049596264958382,1.9073486328125e-06,0.08052682876586914,0.02384440104166663,0.009716609492897987,0.50018310546875,near_interface_fluid,0.07370640727060913
0276,__all__,stage1_1005_best,0.10747399926185608,1.9073486328125e-06,0.08052682876586914,0.02384440104166663,0.10852430015802383,0.50018310546875,near_interface_fluid,0.009772604568373222
0276,u,stage1_1005_best,0.005214243661612272,1.9073486328125e-06,0.08052682876586914,0.02384440104166663,0.005341152660548687,0.50018310546875,far_field_fluid,0.024338908415563718
0276,v,stage1_1005_best,0.0023063954431563616,1.9073486328125e-06,0.08052682876586914,0.02384440104166663,0.0023166981991380453,0.50018310546875,far_field_fluid,0.004467037954074408
0276,p,stage1_1005_best,0.0063331532292068005,1.9073486328125e-06,0.08052682876586914,0.02384440104166663,0.006453067995607853,0.50018310546875,far_field_fluid,0.018934448932648243
0276,omega,stage1_1005_best,0.007215998601168394,1.9073486328125e-06,0.08052682876586914,0.02384440104166663,0.007281105034053326,0.50018310546875,far_field_fluid,0.009022511849488124
0276,temperature,stage1_1005_best,0.005529273767024279,1.9073486328125e-06,0.08052682876586914,0.02384440104166663,0.0056246547028422356,0.50018310546875,far_field_fluid,0.01725017422483109
0276,__all__,stage1_1005_best,0.0053198132663965225,1.9073486328125e-06,0.08052682876586914,0.02384440104166663,0.005403336137533188,0.50018310546875,far_field_fluid,0.01570033889427122
0277,u,stage1_1005_best,0.019330326467752457,1.9073486328125e-06,0.12110710144042969,0.0,0.019106363877654076,0.39689127604166663,whole,-0.011586073855090005
0277,v,stage1_1005_best,0.20007970929145813,1.9073486328125e-06,0.12110710144042969,0.0,0.20307721197605133,0.39689127604166663,whole,0.0149815425822451
0277,p,stage1_1005_best,0.024361491203308105,1.9073486328125e-06,0.12110710144042969,0.0,0.024341711774468422,0.39689127604166663,whole,-0.0008119137155691699
0277,omega,stage1_1005_best,0.43716537952423096,1.9073486328125e-06,0.12110710144042969,0.0,0.44348275661468506,0.39689127604166663,whole,0.014450771690405428
0277,temperature,stage1_1005_best,0.015056598000228405,1.9073486328125e-06,0.12110710144042969,0.0,0.015308723784983158,0.39689127604166663,whole,0.016745202651417566
0277,__all__,stage1_1005_best,0.1391986906528473,1.9073486328125e-06,0.12110710144042969,0.0,0.14106334745883942,0.39689127604166663,whole,0.013395649034102355
0277,u,stage1_1005_best,0.008076380006968975,1.9073486328125e-06,0.12110710144042969,0.0,0.00815886352211237,0.39689127604166663,fluid,0.010212931421282902
0277,v,stage1_1005_best,0.005394678097218275,1.9073486328125e-06,0.12110710144042969,0.0,0.005673308856785297,0.39689127604166663,fluid,0.05164919102600323
0277,p,stage1_1005_best,0.010679015889763832,1.9073486328125e-06,0.12110710144042969,0.0,0.01111365295946598,0.39689127604166663,fluid,0.040700105158450184
0277,omega,stage1_1005_best,0.024522408843040466,1.9073486328125e-06,0.12110710144042969,0.0,0.024686507880687714,0.39689127604166663,fluid,0.006691799272150995
0277,temperature,stage1_1005_best,0.011853459291160107,1.9073486328125e-06,0.12110710144042969,0.0,0.01193060539662838,0.39689127604166663,fluid,0.006508319940475606
0277,__all__,stage1_1005_best,0.012105188332498074,1.9073486328125e-06,0.12110710144042969,0.0,0.012312587350606918,0.39689127604166663,fluid,0.017133068268921768
0277,u,stage1_1005_best,0.020202966406941414,1.9073486328125e-06,0.12110710144042969,0.0,0.019505880773067474,0.39689127604166663,near_interface_fluid,-0.03450412280220553
0277,v,stage1_1005_best,0.029726820066571236,1.9073486328125e-06,0.12110710144042969,0.0,0.031805604696273804,0.39689127604166663,near_interface_fluid,0.06992959977041836
0277,p,stage1_1005_best,0.04400362819433212,1.9073486328125e-06,0.12110710144042969,0.0,0.049836788326501846,0.39689127604166663,near_interface_fluid,0.13256089035224286
0277,omega,stage1_1005_best,0.41277217864990234,1.9073486328125e-06,0.12110710144042969,0.0,0.4153289794921875,0.39689127604166663,near_interface_fluid,0.0061942179597664635
0277,temperature,stage1_1005_best,0.009537340141832829,1.9073486328125e-06,0.12110710144042969,0.0,0.009603177197277546,0.39689127604166663,near_interface_fluid,0.006903083508151491
0277,__all__,stage1_1005_best,0.10324858129024506,1.9073486328125e-06,0.12110710144042969,0.0,0.10521608591079712,0.39689127604166663,near_interface_fluid,0.019055996663248614
0277,u,stage1_1005_best,0.007753204554319382,1.9073486328125e-06,0.12110710144042969,0.0,0.007840503007173538,0.39689127604166663,far_field_fluid,0.011259660730287545
0277,v,stage1_1005_best,0.0028023426420986652,1.9073486328125e-06,0.12110710144042969,0.0,0.0028049119282513857,0.39689127604166663,far_field_fluid,0.0009168351200609506
0277,p,stage1_1005_best,0.007689189165830612,1.9073486328125e-06,0.12110710144042969,0.0,0.00780697213485837,0.39689127604166663,far_field_fluid,0.015317996018509233
0277,omega,stage1_1005_best,0.008093397133052349,1.9073486328125e-06,0.12110710144042969,0.0,0.008167100138962269,0.39689127604166663,far_field_fluid,0.009106559915233436
0277,temperature,stage1_1005_best,0.01354919746518135,1.9073486328125e-06,0.12110710144042969,0.0,0.01363595575094223,0.39689127604166663,far_field_fluid,0.006403204764254891
0277,__all__,stage1_1005_best,0.007977466098964214,1.9073486328125e-06,0.12110710144042969,0.0,0.008051089011132717,0.39689127604166663,far_field_fluid,0.009228859296319909
0278,u,stage1_1005_best,0.021342651918530464,1.430511474609375e-06,0.09995079040527344,0.001708984375,0.02105899527668953,0.46799723307291663,whole,-0.013290599636995146
0278,v,stage1_1005_best,0.15274977684020996,1.430511474609375e-06,0.09995079040527344,0.001708984375,0.15465445816516876,0.46799723307291663,whole,0.012469290393473175
0278,p,stage1_1005_best,0.034961193799972534,1.430511474609375e-06,0.09995079040527344,0.001708984375,0.0343717485666275,0.46799723307291663,whole,-0.01685998586654369
0278,omega,stage1_1005_best,0.31965890526771545,1.430511474609375e-06,0.09995079040527344,0.001708984375,0.32303470373153687,0.46799723307291663,whole,0.010560626993933325
0278,temperature,stage1_1005_best,0.02605905383825302,1.430511474609375e-06,0.09995079040527344,0.001708984375,0.02609320729970932,0.46799723307291663,whole,0.001310617863115342
0278,__all__,stage1_1005_best,0.11095432192087173,1.430511474609375e-06,0.09995079040527344,0.001708984375,0.11184261739253998,0.46799723307291663,whole,0.008005956471905086
0278,u,stage1_1005_best,0.010002924129366875,1.430511474609375e-06,0.09995079040527344,0.001708984375,0.009877420030534267,0.46799723307291663,fluid,-0.01254674105386331
0278,v,stage1_1005_best,0.007173301186412573,1.430511474609375e-06,0.09995079040527344,0.001708984375,0.007139392197132111,0.46799723307291663,fluid,-0.004727110768008952
0278,p,stage1_1005_best,0.017214016988873482,1.430511474609375e-06,0.09995079040527344,0.001708984375,0.01709803193807602,0.46799723307291663,fluid,-0.006737825974752494
0278,omega,stage1_1005_best,0.019655859097838402,1.430511474609375e-06,0.09995079040527344,0.001708984375,0.019572056829929352,0.46799723307291663,fluid,-0.004263475205633007
0278,temperature,stage1_1005_best,0.02382071316242218,1.430511474609375e-06,0.09995079040527344,0.001708984375,0.02358059212565422,0.46799723307291663,fluid,-0.010080346257086753
0278,__all__,stage1_1005_best,0.01557336375117302,1.430511474609375e-06,0.09995079040527344,0.001708984375,0.015453498810529709,0.46799723307291663,fluid,-0.007696791942863472
0278,u,stage1_1005_best,0.0391155369579792,1.430511474609375e-06,0.09995079040527344,0.001708984375,0.037685003131628036,0.46799723307291663,near_interface_fluid,-0.03657201044914584
0278,v,stage1_1005_best,0.02658330649137497,1.430511474609375e-06,0.09995079040527344,0.001708984375,0.0245044082403183,0.46799723307291663,near_interface_fluid,-0.0782031479692406
0278,p,stage1_1005_best,0.07039392739534378,1.430511474609375e-06,0.09995079040527344,0.001708984375,0.06725185364484787,0.46799723307291663,near_interface_fluid,-0.044635579612563904
0278,omega,stage1_1005_best,0.29834723472595215,1.430511474609375e-06,0.09995079040527344,0.001708984375,0.29653507471084595,0.46799723307291663,near_interface_fluid,-0.006073996351167011
0278,temperature,stage1_1005_best,0.03040372207760811,1.430511474609375e-06,0.09995079040527344,0.001708984375,0.03210557997226715,0.46799723307291663,near_interface_fluid,0.05597531415117215
0278,__all__,stage1_1005_best,0.09296873956918716,1.430511474609375e-06,0.09995079040527344,0.001708984375,0.09161637723445892,0.46799723307291663,near_interface_fluid,-0.014546420022418561
0278,u,stage1_1005_best,0.008684772998094559,1.430511474609375e-06,0.09995079040527344,0.001708984375,0.008655993267893791,0.46799723307291663,far_field_fluid,-0.0033138149042101386
0278,v,stage1_1005_best,0.00434520747512579,1.430511474609375e-06,0.09995079040527344,0.001708984375,0.004340429790318012,0.46799723307291663,far_field_fluid,-0.0010995297313482356
0278,p,stage1_1005_best,0.013566281646490097,1.430511474609375e-06,0.09995079040527344,0.001708984375,0.013683429919183254,0.46799723307291663,far_field_fluid,0.008635252882536616
0278,omega,stage1_1005_best,0.0060281902551651,1.430511474609375e-06,0.09995079040527344,0.001708984375,0.00602920725941658,0.46799723307291663,far_field_fluid,0.00016870805472815137
0278,temperature,stage1_1005_best,0.017695797607302666,1.430511474609375e-06,0.09995079040527344,0.001708984375,0.017379270866513252,0.46799723307291663,far_field_fluid,-0.01788711352907822
0278,__all__,stage1_1005_best,0.010064050555229187,1.430511474609375e-06,0.09995079040527344,0.001708984375,0.010017666034400463,0.46799723307291663,far_field_fluid,-0.004608931619945305
0279,u,stage1_1005_best,0.025085240602493286,1.9073486328125e-06,0.14461612701416016,0.03076171875,0.024590659886598587,0.5434163411458333,whole,-0.019716004471790533
0279,v,stage1_1005_best,0.21049362421035767,1.9073486328125e-06,0.14461612701416016,0.03076171875,0.21287664771080017,0.5434163411458333,whole,0.011321119627172273
0279,p,stage1_1005_best,0.02725956216454506,1.9073486328125e-06,0.14461612701416016,0.03076171875,0.026871543377637863,0.5434163411458333,whole,-0.01423422667484622
0279,omega,stage1_1005_best,0.510970950126648,1.9073486328125e-06,0.14461612701416016,0.03076171875,0.5168025493621826,0.5434163411458333,whole,0.011412780382307962
0279,temperature,stage1_1005_best,0.01139861810952425,1.9073486328125e-06,0.14461612701416016,0.03076171875,0.01181486714631319,0.5434163411458333,whole,0.03651749999775312
0279,__all__,stage1_1005_best,0.15704160928726196,1.9073486328125e-06,0.14461612701416016,0.03076171875,0.15859127044677734,0.5434163411458333,whole,0.009867837998786209
0279,u,stage1_1005_best,0.006849985104054213,1.9073486328125e-06,0.14461612701416016,0.03076171875,0.006787554826587439,0.5434163411458333,fluid,-0.009113928938301513
0279,v,stage1_1005_best,0.006639197934418917,1.9073486328125e-06,0.14461612701416016,0.03076171875,0.006552143953740597,0.5434163411458333,fluid,-0.013112123111590763
0279,p,stage1_1005_best,0.01033678650856018,1.9073486328125e-06,0.14461612701416016,0.03076171875,0.010358061641454697,0.5434163411458333,fluid,0.0020581960241606483
0279,omega,stage1_1005_best,0.0353454053401947,1.9073486328125e-06,0.14461612701416016,0.03076171875,0.03498668596148491,0.5434163411458333,fluid,-0.010148967744383407
0279,temperature,stage1_1005_best,0.008699771948158741,1.9073486328125e-06,0.14461612701416016,0.03076171875,0.00897308997809887,0.5434163411458333,fluid,0.0314166890314837
0279,__all__,stage1_1005_best,0.013574231415987015,1.9073486328125e-06,0.14461612701416016,0.03076171875,0.013531506061553955,0.5434163411458333,fluid,-0.003147533965182001
0279,u,stage1_1005_best,0.05212869495153427,1.9073486328125e-06,0.14461612701416016,0.03076171875,0.050173550844192505,0.5434163411458333,near_interface_fluid,-0.037506101182074994
0279,v,stage1_1005_best,0.04461963102221489,1.9073486328125e-06,0.14461612701416016,0.03076171875,0.04383618384599686,0.5434163411458333,near_interface_fluid,-0.01755835174495226
0279,p,stage1_1005_best,0.03773028403520584,1.9073486328125e-06,0.14461612701416016,0.03076171875,0.038709405809640884,0.5434163411458333,near_interface_fluid,0.025950554030323023
0279,omega,stage1_1005_best,0.7146924734115601,1.9073486328125e-06,0.14461612701416016,0.03076171875,0.7071431875228882,0.5434163411458333,near_interface_fluid,-0.010562985017367844
0279,temperature,stage1_1005_best,0.013250139541924,1.9073486328125e-06,0.14461612701416016,0.03076171875,0.01386716216802597,0.5434163411458333,near_interface_fluid,0.04656725494472606
0279,__all__,stage1_1005_best,0.17248423397541046,1.9073486328125e-06,0.14461612701416016,0.03076171875,0.17074589431285858,0.5434163411458333,near_interface_fluid,-0.010078252501615304
0279,u,stage1_1005_best,0.0036116051487624645,1.9073486328125e-06,0.14461612701416016,0.03076171875,0.0036482959985733032,0.5434163411458333,far_field_fluid,0.01015915314646481
0279,v,stage1_1005_best,0.0026305518113076687,1.9073486328125e-06,0.14461612701416016,0.03076171875,0.0026526462752372026,0.5434163411458333,far_field_fluid,0.008399174589361394
0279,p,stage1_1005_best,0.007163343019783497,1.9073486328125e-06,0.14461612701416016,0.03076171875,0.007163099478930235,0.5434163411458333,far_field_fluid,-3.399821181106979e-05
0279,omega,stage1_1005_best,0.0049581886269152164,1.9073486328125e-06,0.14461612701416016,0.03076171875,0.004935387521982193,0.5434163411458333,far_field_fluid,-0.004598676381380305
0279,temperature,stage1_1005_best,0.008962664753198624,1.9073486328125e-06,0.14461612701416016,0.03076171875,0.00919350516051054,0.5434163411458333,far_field_fluid,0.025755778406141242
0279,__all__,stage1_1005_best,0.005465270485728979,1.9073486328125e-06,0.14461612701416016,0.03076171875,0.005518586840480566,0.5434163411458333,far_field_fluid,0.009755483263053059
0280,u,stage1_1005_best,0.015652945265173912,9.5367431640625e-07,0.16597366333007812,0.02140299479166663,0.01563502475619316,0.4586181640625,whole,-0.001144864987206095
0280,v,stage1_1005_best,0.17178910970687866,9.5367431640625e-07,0.16597366333007812,0.02140299479166663,0.17327995598316193,0.4586181640625,whole,0.0086783514905402
0280,p,stage1_1005_best,0.03149827569723129,9.5367431640625e-07,0.16597366333007812,0.02140299479166663,0.03193672001361847,0.4586181640625,whole,0.013919629144198389
0280,omega,stage1_1005_best,0.3501601219177246,9.5367431640625e-07,0.16597366333007812,0.02140299479166663,0.3523840308189392,0.4586181640625,whole,0.006351119850641189
0280,temperature,stage1_1005_best,0.019575536251068115,9.5367431640625e-07,0.16597366333007812,0.02140299479166663,0.019704345613718033,0.4586181640625,whole,0.006580119236472476
0280,__all__,stage1_1005_best,0.11773519217967987,9.5367431640625e-07,0.16597366333007812,0.02140299479166663,0.11858801543712616,0.4586181640625,whole,0.007243571286185741
0280,u,stage1_1005_best,0.006610811688005924,9.5367431640625e-07,0.16597366333007812,0.02140299479166663,0.006711599882692099,0.4586181640625,fluid,0.015245963649068333
0280,v,stage1_1005_best,0.005634646862745285,9.5367431640625e-07,0.16597366333007812,0.02140299479166663,0.0058609782718122005,0.4586181640625,fluid,0.04016780724331736
0280,p,stage1_1005_best,0.01329987682402134,9.5367431640625e-07,0.16597366333007812,0.02140299479166663,0.013934426940977573,0.4586181640625,fluid,0.04771097697763278
0280,omega,stage1_1005_best,0.019700994715094566,9.5367431640625e-07,0.16597366333007812,0.02140299479166663,0.019748471677303314,0.4586181640625,fluid,0.0024098763994069715
0280,temperature,stage1_1005_best,0.01628035306930542,9.5367431640625e-07,0.16597366333007812,0.02140299479166663,0.01626257598400116,0.4586181640625,fluid,-0.0010919348756493947
0280,__all__,stage1_1005_best,0.012305336073040962,9.5367431640625e-07,0.16597366333007812,0.02140299479166663,0.0125036109238863,0.4586181640625,fluid,0.01611291635339612
0280,u,stage1_1005_best,0.027967894449830055,9.5367431640625e-07,0.16597366333007812,0.02140299479166663,0.028165385127067566,0.4586181640625,near_interface_fluid,0.0070613351888815755
0280,v,stage1_1005_best,0.015120315365493298,9.5367431640625e-07,0.16597366333007812,0.02140299479166663,0.016859145835042,0.4586181640625,near_interface_fluid,0.11499961657658013
0280,p,stage1_1005_best,0.04050545021891594,9.5367431640625e-07,0.16597366333007812,0.02140299479166663,0.04717147350311279,0.4586181640625,near_interface_fluid,0.16457102064462026
0280,omega,stage1_1005_best,0.2724728584289551,9.5367431640625e-07,0.16597366333007812,0.02140299479166663,0.2738650441169739,0.4586181640625,near_interface_fluid,0.005109447216306131
0280,temperature,stage1_1005_best,0.015747344121336937,9.5367431640625e-07,0.16597366333007812,0.02140299479166663,0.01564210094511509,0.4586181640625,near_interface_fluid,-0.006683233401831094
0280,__all__,stage1_1005_best,0.07436276972293854,9.5367431640625e-07,0.16597366333007812,0.02140299479166663,0.07634063065052032,0.4586181640625,near_interface_fluid,0.026597461807177418
0280,u,stage1_1005_best,0.004985320381820202,9.5367431640625e-07,0.16597366333007812,0.02140299479166663,0.005054324399679899,0.4586181640625,far_field_fluid,0.013841440985685082
0280,v,stage1_1005_best,0.0031108304392546415,9.5367431640625e-07,0.16597366333007812,0.02140299479166663,0.0031584904063493013,0.4586181640625,far_field_fluid,0.015320657305281862
0280,p,stage1_1005_best,0.011727812699973583,9.5367431640625e-07,0.16597366333007812,0.02140299479166663,0.011933800764381886,0.4586181640625,far_field_fluid,0.017564064986198686
0280,omega,stage1_1005_best,0.007223351392894983,9.5367431640625e-07,0.16597366333007812,0.02140299479166663,0.007203141693025827,0.4586181640625,far_field_fluid,-0.002797828704420292
0280,temperature,stage1_1005_best,0.018173694610595703,9.5367431640625e-07,0.16597366333007812,0.02140299479166663,0.018111199140548706,0.4586181640625,far_field_fluid,-0.0034387872904258388
0280,__all__,stage1_1005_best,0.009044202975928783,9.5367431640625e-07,0.16597366333007812,0.02140299479166663,0.009092191234230995,0.4586181640625,far_field_fluid,0.005305968743728207
0281,u,stage1_1005_best,0.011758405715227127,1.430511474609375e-06,0.08216285705566406,0.11543782552083337,0.01166866160929203,0.4617919921875,whole,-0.007632336228956464
0281,v,stage1_1005_best,0.13540019094944,1.430511474609375e-06,0.08216285705566406,0.11543782552083337,0.13720637559890747,0.4617919921875,whole,0.01333960193706018
0281,p,stage1_1005_best,0.04191169887781143,1.430511474609375e-06,0.08216285705566406,0.11543782552083337,0.04229249432682991,0.4617919921875,whole,0.009085660071395392
0281,omega,stage1_1005_best,0.2750542461872101,1.430511474609375e-06,0.08216285705566406,0.11543782552083337,0.2779944837093353,0.4617919921875,whole,0.010689664176731273
0281,temperature,stage1_1005_best,0.03180252015590668,1.430511474609375e-06,0.08216285705566406,0.11543782552083337,0.03141941875219345,0.4617919921875,whole,-0.01204625928496025
0281,__all__,stage1_1005_best,0.09918540716171265,1.430511474609375e-06,0.08216285705566406,0.11543782552083337,0.1001162901520729,0.4617919921875,whole,0.009385281736481066
0281,u,stage1_1005_best,0.0046941787004470825,1.430511474609375e-06,0.08216285705566406,0.11543782552083337,0.004710513167083263,0.4617919921875,fluid,0.003479728335571279
0281,v,stage1_1005_best,0.0049987491220235825,1.430511474609375e-06,0.08216285705566406,0.11543782552083337,0.005301182623952627,0.4617919921875,fluid,0.06050183646876326
0281,p,stage1_1005_best,0.012293964624404907,1.430511474609375e-06,0.08216285705566406,0.11543782552083337,0.013191149570047855,0.4617919921875,fluid,0.0729776742534247
0281,omega,stage1_1005_best,0.019892120733857155,1.430511474609375e-06,0.08216285705566406,0.11543782552083337,0.020081501454114914,0.4617919921875,fluid,0.009520388639881208
0281,temperature,stage1_1005_best,0.03036544844508171,1.430511474609375e-06,0.08216285705566406,0.11543782552083337,0.029850630089640617,0.4617919921875,fluid,-0.01695408373013765
0281,__all__,stage1_1005_best,0.014448892325162888,1.430511474609375e-06,0.08216285705566406,0.11543782552083337,0.014626995660364628,0.4617919921875,fluid,0.012326435216876213
0281,u,stage1_1005_best,0.023744992911815643,1.430511474609375e-06,0.08216285705566406,0.11543782552083337,0.023654203861951828,0.4617919921875,near_interface_fluid,-0.0038235029254794243
0281,v,stage1_1005_best,0.016764985397458076,1.430511474609375e-06,0.08216285705566406,0.11543782552083337,0.018708307296037674,0.4617919921875,near_interface_fluid,0.11591551394218606
0281,p,stage1_1005_best,0.02814413048326969,1.430511474609375e-06,0.08216285705566406,0.11543782552083337,0.03069261647760868,0.4617919921875,near_interface_fluid,0.09055124285519993
0281,omega,stage1_1005_best,0.30793920159339905,1.430511474609375e-06,0.08216285705566406,0.11543782552083337,0.3071886897087097,0.4617919921875,near_interface_fluid,-0.0024372079969223995
0281,temperature,stage1_1005_best,0.020582012832164764,1.430511474609375e-06,0.08216285705566406,0.11543782552083337,0.021145492792129517,0.4617919921875,near_interface_fluid,0.02737730097438127
0281,__all__,stage1_1005_best,0.0794350728392601,1.430511474609375e-06,0.08216285705566406,0.11543782552083337,0.08027786016464233,0.4617919921875,near_interface_fluid,0.010609763360923013
0281,u,stage1_1005_best,0.0025389003567397594,1.430511474609375e-06,0.08216285705566406,0.11543782552083337,0.0025611950550228357,0.4617919921875,far_field_fluid,0.008781241935664324
0281,v,stage1_1005_best,0.0029813519213348627,1.430511474609375e-06,0.08216285705566406,0.11543782552083337,0.0030352920293807983,0.4617919921875,far_field_fluid,0.018092499466411407
0281,p,stage1_1005_best,0.01176905632019043,1.430511474609375e-06,0.08216285705566406,0.11543782552083337,0.012642167508602142,0.4617919921875,far_field_fluid,0.07418701760427851
0281,omega,stage1_1005_best,0.005655613262206316,1.430511474609375e-06,0.08216285705566406,0.11543782552083337,0.00575750507414341,0.4617919921875,far_field_fluid,0.018016050110425095
0281,temperature,stage1_1005_best,0.033728159964084625,1.430511474609375e-06,0.08216285705566406,0.11543782552083337,0.03300216794013977,0.4617919921875,far_field_fluid,-0.021524803746125674
0281,__all__,stage1_1005_best,0.011334615759551525,1.430511474609375e-06,0.08216285705566406,0.11543782552083337,0.011399667710065842,0.4617919921875,far_field_fluid,0.005739228562688433
0282,u,stage1_1005_best,0.02694058045744896,1.9073486328125e-06,0.06761360168457031,0.01985677083333337,0.026518788188695908,0.5180460611979167,whole,-0.015656391272610013
0282,v,stage1_1005_best,0.23063218593597412,1.9073486328125e-06,0.06761360168457031,0.01985677083333337,0.23216137290000916,0.5180460611979167,whole,0.006630414388300305
0282,p,stage1_1005_best,0.03181155025959015,1.9073486328125e-06,0.06761360168457031,0.01985677083333337,0.03149014711380005,0.5180460611979167,whole,-0.01010334746868262
0282,omega,stage1_1005_best,0.5225507020950317,1.9073486328125e-06,0.06761360168457031,0.01985677083333337,0.5250247716903687,0.5180460611979167,whole,0.004734601992529668
0282,temperature,stage1_1005_best,0.021526703611016273,1.9073486328125e-06,0.06761360168457031,0.01985677083333337,0.02141384966671467,0.5180460611979167,whole,-0.005242509319627196
0282,__all__,stage1_1005_best,0.1666923314332962,1.9073486328125e-06,0.06761360168457031,0.01985677083333337,0.1673218011856079,0.5180460611979167,whole,0.003776237016419654
0282,u,stage1_1005_best,0.006914049386978149,1.9073486328125e-06,0.06761360168457031,0.01985677083333337,0.006821170449256897,0.5180460611979167,fluid,-0.013433363362457273
0282,v,stage1_1005_best,0.005776584148406982,1.9073486328125e-06,0.06761360168457031,0.01985677083333337,0.005755288526415825,0.5180460611979167,fluid,-0.003686542330908528
0282,p,stage1_1005_best,0.009570484049618244,1.9073486328125e-06,0.06761360168457031,0.01985677083333337,0.009490502066910267,0.5180460611979167,fluid,-0.008357151246824103
0282,omega,stage1_1005_best,0.03929394856095314,1.9073486328125e-06,0.06761360168457031,0.01985677083333337,0.03888586908578873,0.5180460611979167,fluid,-0.010385300793362539
0282,temperature,stage1_1005_best,0.017388807609677315,1.9073486328125e-06,0.06761360168457031,0.01985677083333337,0.017191771417856216,0.5180460611979167,fluid,-0.011331207765588405
0282,__all__,stage1_1005_best,0.01578877493739128,1.9073486328125e-06,0.06761360168457031,0.01985677083333337,0.01562892086803913,0.5180460611979167,fluid,-0.010124539109971128
0282,u,stage1_1005_best,0.05481987074017525,1.9073486328125e-06,0.06761360168457031,0.01985677083333337,0.052907347679138184,0.5180460611979167,near_interface_fluid,-0.03488740551946346
0282,v,stage1_1005_best,0.02414686791598797,1.9073486328125e-06,0.06761360168457031,0.01985677083333337,0.024142872542142868,0.5180460611979167,near_interface_fluid,-0.00016546136993837664
0282,p,stage1_1005_best,0.04235987365245819,1.9073486328125e-06,0.06761360168457031,0.01985677083333337,0.04196252301335335,0.5180460611979167,near_interface_fluid,-0.009380354681057563
0282,omega,stage1_1005_best,0.6759320497512817,1.9073486328125e-06,0.06761360168457031,0.01985677083333337,0.6714285612106323,0.5180460611979167,near_interface_fluid,-0.006662635012360389
0282,temperature,stage1_1005_best,0.03129982575774193,1.9073486328125e-06,0.06761360168457031,0.01985677083333337,0.03144921362400055,0.5180460611979167,near_interface_fluid,0.004772801849277724
0282,__all__,stage1_1005_best,0.1657116860151291,1.9073486328125e-06,0.06761360168457031,0.01985677083333337,0.1643781065940857,0.5180460611979167,near_interface_fluid,-0.008047588272812838
0282,u,stage1_1005_best,0.003978628199547529,1.9073486328125e-06,0.06761360168457031,0.01985677083333337,0.003974141087383032,0.5180460611979167,far_field_fluid,-0.0011278038407830301
0282,v,stage1_1005_best,0.0024340529926121235,1.9073486328125e-06,0.06761360168457031,0.01985677083333337,0.0024530920200049877,0.5180460611979167,far_field_fluid,0.007821944489561972
0282,p,stage1_1005_best,0.007037948351353407,1.9073486328125e-06,0.06761360168457031,0.01985677083333337,0.00699282344430685,0.5180460611979167,far_field_fluid,-0.00641165646489561
0282,omega,stage1_1005_best,0.008529992774128914,1.9073486328125e-06,0.06761360168457031,0.01985677083333337,0.008514296263456345,0.5180460611979167,far_field_fluid,-0.0018401552132817848
0282,temperature,stage1_1005_best,0.01663745567202568,1.9073486328125e-06,0.06761360168457031,0.01985677083333337,0.016505884006619453,0.5180460611979167,far_field_fluid,-0.007908160237953482
0282,__all__,stage1_1005_best,0.007723615970462561,1.9073486328125e-06,0.06761360168457031,0.01985677083333337,0.007688047364354134,0.5180460611979167,far_field_fluid,-0.004605175379569898
0283,u,stage1_1005_best,0.03891545534133911,1.9073486328125e-06,0.134490966796875,0.018798828125,0.03853783756494522,0.5461832682291667,whole,-0.009703542540661334
0283,v,stage1_1005_best,0.29838046431541443,1.9073486328125e-06,0.134490966796875,0.018798828125,0.30017808079719543,0.5461832682291667,whole,0.006024578337946304
0283,p,stage1_1005_best,0.047021787613630295,1.9073486328125e-06,0.134490966796875,0.018798828125,0.04624579846858978,0.5461832682291667,whole,-0.016502757220050363
0283,omega,stage1_1005_best,0.6498056054115295,1.9073486328125e-06,0.134490966796875,0.018798828125,0.6535287499427795,0.5461832682291667,whole,0.005729628215336937
0283,temperature,stage1_1005_best,0.02838657610118389,1.9073486328125e-06,0.134490966796875,0.018798828125,0.028005294501781464,0.5461832682291667,whole,-0.013431757251855603
0283,__all__,stage1_1005_best,0.21250195801258087,1.9073486328125e-06,0.134490966796875,0.018798828125,0.21329912543296814,0.5461832682291667,whole,0.0037513415304157947
0283,u,stage1_1005_best,0.014126591384410858,1.9073486328125e-06,0.134490966796875,0.018798828125,0.014031517319381237,0.5461832682291667,fluid,-0.006730149010647988
0283,v,stage1_1005_best,0.014723159372806549,1.9073486328125e-06,0.134490966796875,0.018798828125,0.014479974284768105,0.5461832682291667,fluid,-0.016517180985461833
0283,p,stage1_1005_best,0.0166836716234684,1.9073486328125e-06,0.134490966796875,0.018798828125,0.016409527510404587,0.5461832682291667,fluid,-0.016431881377848644
0283,omega,stage1_1005_best,0.04330958053469658,1.9073486328125e-06,0.134490966796875,0.018798828125,0.04293781518936157,0.5461832682291667,fluid,-0.008583905471842993
0283,temperature,stage1_1005_best,0.025274887681007385,1.9073486328125e-06,0.134490966796875,0.018798828125,0.024736030027270317,0.5461832682291667,fluid,-0.021319883219183936
0283,__all__,stage1_1005_best,0.022823579609394073,1.9073486328125e-06,0.134490966796875,0.018798828125,0.022518973797559738,0.5461832682291667,fluid,-0.01334610157772802
0283,u,stage1_1005_best,0.04654513671994209,1.9073486328125e-06,0.134490966796875,0.018798828125,0.0449032299220562,0.5461832682291667,near_interface_fluid,-0.0352755822324704
0283,v,stage1_1005_best,0.09407536685466766,1.9073486328125e-06,0.134490966796875,0.018798828125,0.09110447764396667,0.5461832682291667,near_interface_fluid,-0.031579884405771884
0283,p,stage1_1005_best,0.062452688813209534,1.9073486328125e-06,0.134490966796875,0.018798828125,0.059392549097537994,0.5461832682291667,near_interface_fluid,-0.048999326911674634
0283,omega,stage1_1005_best,0.5046148300170898,1.9073486328125e-06,0.134490966796875,0.018798828125,0.49959221482276917,0.5461832682291667,near_interface_fluid,-0.009953364220688038
0283,temperature,stage1_1005_best,0.038487508893013,1.9073486328125e-06,0.134490966796875,0.018798828125,0.03925074264407158,0.5461832682291667,near_interface_fluid,0.01983068722842531
0283,__all__,stage1_1005_best,0.14923511445522308,1.9073486328125e-06,0.134490966796875,0.018798828125,0.146848663687706,0.5461832682291667,near_interface_fluid,-0.015991214776956045
0283,u,stage1_1005_best,0.010875284671783447,1.9073486328125e-06,0.134490966796875,0.018798828125,0.010947939939796925,0.5461832682291667,far_field_fluid,0.006680769304548469
0283,v,stage1_1005_best,0.0022497710306197405,1.9073486328125e-06,0.134490966796875,0.018798828125,0.0022498664911836386,0.5461832682291667,far_field_fluid,4.243123526743528e-05
0283,p,stage1_1005_best,0.009419968351721764,1.9073486328125e-06,0.134490966796875,0.018798828125,0.00950086023658514,0.5461832682291667,far_field_fluid,0.008587277774515172
0283,omega,stage1_1005_best,0.0076034702360630035,1.9073486328125e-06,0.134490966796875,0.018798828125,0.007573527749627829,0.5461832682291667,far_field_fluid,-0.003938002715281074
0283,temperature,stage1_1005_best,0.025340452790260315,1.9073486328125e-06,0.134490966796875,0.018798828125,0.024597451090812683,0.5461832682291667,far_field_fluid,-0.02932077439962742
0283,__all__,stage1_1005_best,0.01109779067337513,1.9073486328125e-06,0.134490966796875,0.018798828125,0.010973929427564144,0.5461832682291667,far_field_fluid,-0.011160892240303547
0284,u,stage1_1005_best,0.03389353305101395,1.9073486328125e-06,0.12044429779052734,0.025048828124999978,0.03345169872045517,0.5327351888020833,whole,-0.013035947886983682
0284,v,stage1_1005_best,0.3178102970123291,1.9073486328125e-06,0.12044429779052734,0.025048828124999978,0.3215824365615845,0.5327351888020833,whole,0.011869154601712086
0284,p,stage1_1005_best,0.043600670993328094,1.9073486328125e-06,0.12044429779052734,0.025048828124999978,0.04368389770388603,0.5327351888020833,whole,0.0019088401316271766
0284,omega,stage1_1005_best,0.6463928818702698,1.9073486328125e-06,0.12044429779052734,0.025048828124999978,0.6538225412368774,0.5327351888020833,whole,0.011494030294873806
0284,temperature,stage1_1005_best,0.04636000841856003,1.9073486328125e-06,0.12044429779052734,0.025048828124999978,0.04740169644355774,0.5327351888020833,whole,0.022469539168174006
0284,__all__,stage1_1005_best,0.21761147677898407,1.9073486328125e-06,0.12044429779052734,0.025048828124999978,0.21998843550682068,0.5327351888020833,whole,0.010922947461317742
0284,u,stage1_1005_best,0.009398047812283039,1.9073486328125e-06,0.12044429779052734,0.025048828124999978,0.00938863679766655,0.5327351888020833,fluid,-0.0010013797337984835
0284,v,stage1_1005_best,0.010175442323088646,1.9073486328125e-06,0.12044429779052734,0.025048828124999978,0.010389444418251514,0.5327351888020833,fluid,0.021031232684331158
0284,p,stage1_1005_best,0.014744984917342663,1.9073486328125e-06,0.12044429779052734,0.025048828124999978,0.015453937463462353,0.5327351888020833,fluid,0.04808092718262727
0284,omega,stage1_1005_best,0.04516323283314705,1.9073486328125e-06,0.12044429779052734,0.025048828124999978,0.04512109234929085,0.5327351888020833,fluid,-0.0009330705800421053
0284,temperature,stage1_1005_best,0.0418989434838295,1.9073486328125e-06,0.12044429779052734,0.025048828124999978,0.04283292219042778,0.5327351888020833,fluid,0.02229122333260604
0284,__all__,stage1_1005_best,0.0242761317640543,1.9073486328125e-06,0.12044429779052734,0.025048828124999978,0.02463720552623272,0.5327351888020833,fluid,0.014873611895329363
0284,u,stage1_1005_best,0.04666206240653992,1.9073486328125e-06,0.12044429779052734,0.025048828124999978,0.04583413153886795,0.5327351888020833,near_interface_fluid,-0.01774312632087878
0284,v,stage1_1005_best,0.05103955417871475,1.9073486328125e-06,0.12044429779052734,0.025048828124999978,0.05160494148731232,0.5327351888020833,near_interface_fluid,0.011077434309435067
0284,p,stage1_1005_best,0.04705248028039932,1.9073486328125e-06,0.12044429779052734,0.025048828124999978,0.04884292185306549,0.5327351888020833,near_interface_fluid,0.038052012603722686
0284,omega,stage1_1005_best,0.5298986434936523,1.9073486328125e-06,0.12044429779052734,0.025048828124999978,0.528123140335083,0.5327351888020833,near_interface_fluid,-0.0033506467328607245
0284,temperature,stage1_1005_best,0.05282518267631531,1.9073486328125e-06,0.12044429779052734,0.025048828124999978,0.053921185433864594,0.5327351888020833,near_interface_fluid,0.020747732464362866
0284,__all__,stage1_1005_best,0.14549557864665985,1.9073486328125e-06,0.12044429779052734,0.025048828124999978,0.1456652581691742,0.5327351888020833,near_interface_fluid,0.0011662177235393166
0284,u,stage1_1005_best,0.004005932714790106,1.9073486328125e-06,0.12044429779052734,0.025048828124999978,0.004050356335937977,0.5327351888020833,far_field_fluid,0.011089457639629534
0284,v,stage1_1005_best,0.0022337876725941896,1.9073486328125e-06,0.12044429779052734,0.025048828124999978,0.0022536038886755705,0.5327351888020833,far_field_fluid,0.008871127871507794
0284,p,stage1_1005_best,0.012361136265099049,1.9073486328125e-06,0.12044429779052734,0.025048828124999978,0.012937796302139759,0.5327351888020833,far_field_fluid,0.0466510541323678
0284,omega,stage1_1005_best,0.007329689804464579,1.9073486328125e-06,0.12044429779052734,0.025048828124999978,0.007451068609952927,0.5327351888020833,far_field_fluid,0.016559882986373464
0284,temperature,stage1_1005_best,0.04126241058111191,1.9073486328125e-06,0.12044429779052734,0.025048828124999978,0.042244188487529755,0.5327351888020833,far_field_fluid,0.023793517940206354
0284,__all__,stage1_1005_best,0.013438590802252293,1.9073486328125e-06,0.12044429779052734,0.025048828124999978,0.013787403702735901,0.5327351888020833,far_field_fluid,0.02595606232947785
0285,u,stage1_1005_best,0.02557489648461342,2.86102294921875e-06,0.1734476089477539,0.07180175781249998,0.025439023971557617,0.5465901692708333,whole,-0.005312729736268772
0285,v,stage1_1005_best,0.3248728811740875,2.86102294921875e-06,0.1734476089477539,0.07180175781249998,0.328926146030426,0.5465901692708333,whole,0.012476464153271397
0285,p,stage1_1005_best,0.0438336543738842,2.86102294921875e-06,0.1734476089477539,0.07180175781249998,0.04373134672641754,0.5465901692708333,whole,-0.002333997676625697
0285,omega,stage1_1005_best,0.6525814533233643,2.86102294921875e-06,0.1734476089477539,0.07180175781249998,0.6598222255706787,0.5465901692708333,whole,0.011095583869936521
0285,temperature,stage1_1005_best,0.07122112810611725,2.86102294921875e-06,0.1734476089477539,0.07180175781249998,0.07296893000602722,0.5465901692708333,whole,0.02454049727077902
0285,__all__,stage1_1005_best,0.2236167937517166,2.86102294921875e-06,0.1734476089477539,0.07180175781249998,0.22617749869823456,0.5465901692708333,whole,0.01145130874813058
0285,u,stage1_1005_best,0.008443792350590229,2.86102294921875e-06,0.1734476089477539,0.07180175781249998,0.00870570819824934,0.5465901692708333,fluid,0.031018745699117396
0285,v,stage1_1005_best,0.00983021967113018,2.86102294921875e-06,0.1734476089477539,0.07180175781249998,0.01018588151782751,0.5465901692708333,fluid,0.03618045766991899
0285,p,stage1_1005_best,0.01255347952246666,2.86102294921875e-06,0.1734476089477539,0.07180175781249998,0.013189239427447319,0.5465901692708333,fluid,0.05064411853644683
0285,omega,stage1_1005_best,0.03474283590912819,2.86102294921875e-06,0.1734476089477539,0.07180175781249998,0.035012248903512955,0.5465901692708333,fluid,0.007754490597412089
0285,temperature,stage1_1005_best,0.06665101647377014,2.86102294921875e-06,0.1734476089477539,0.07180175781249998,0.06827916204929352,0.5465901692708333,fluid,0.024427918157318984
0285,__all__,stage1_1005_best,0.026444267481565475,2.86102294921875e-06,0.1734476089477539,0.07180175781249998,0.027074450626969337,0.5465901692708333,fluid,0.02383061454975707
0285,u,stage1_1005_best,0.03356834128499031,2.86102294921875e-06,0.1734476089477539,0.07180175781249998,0.03388230875134468,0.5465901692708333,near_interface_fluid,0.00935308252763615
0285,v,stage1_1005_best,0.027873875573277473,2.86102294921875e-06,0.1734476089477539,0.07180175781249998,0.028821658343076706,0.5465901692708333,near_interface_fluid,0.03400254719899325
0285,p,stage1_1005_best,0.0626835897564888,2.86102294921875e-06,0.1734476089477539,0.07180175781249998,0.06766486167907715,0.5465901692708333,near_interface_fluid,0.07946692175638687
0285,omega,stage1_1005_best,0.37449800968170166,2.86102294921875e-06,0.1734476089477539,0.07180175781249998,0.377819687128067,0.5465901692708333,near_interface_fluid,0.008869679839389697
0285,temperature,stage1_1005_best,0.07399225980043411,2.86102294921875e-06,0.1734476089477539,0.07180175781249998,0.07506823539733887,0.5465901692708333,near_interface_fluid,0.014541731794741615
0285,__all__,stage1_1005_best,0.11452321708202362,2.86102294921875e-06,0.1734476089477539,0.07180175781249998,0.11665134876966476,0.5465901692708333,near_interface_fluid,0.01858253498167919
0285,u,stage1_1005_best,0.004738347604870796,2.86102294921875e-06,0.1734476089477539,0.07180175781249998,0.004937238525599241,0.5465901692708333,far_field_fluid,0.04197474252922995
0285,v,stage1_1005_best,0.005068650469183922,2.86102294921875e-06,0.1734476089477539,0.07180175781249998,0.005115094594657421,0.5465901692708333,far_field_fluid,0.009163016024850701
0285,p,stage1_1005_best,0.006592134479433298,2.86102294921875e-06,0.1734476089477539,0.07180175781249998,0.006941987667232752,0.5465901692708333,far_field_fluid,0.053071306250040175
0285,omega,stage1_1005_best,0.0048388405703008175,2.86102294921875e-06,0.1734476089477539,0.07180175781249998,0.00488784397020936,0.5465901692708333,far_field_fluid,0.010127095364395572
0285,temperature,stage1_1005_best,0.05264555290341377,2.86102294921875e-06,0.1734476089477539,0.07180175781249998,0.0541088841855526,0.5465901692708333,far_field_fluid,0.027795914401801933
0285,__all__,stage1_1005_best,0.014776704832911491,2.86102294921875e-06,0.1734476089477539,0.07180175781249998,0.015198210254311562,0.5465901692708333,far_field_fluid,0.02852499431816964
0286,u,stage1_1005_best,0.02600487694144249,1.9073486328125e-06,0.10807418823242188,0.0001953125000000444,0.025712132453918457,0.5506591796875,whole,-0.011257291783507824
0286,v,stage1_1005_best,0.3264366090297699,1.9073486328125e-06,0.10807418823242188,0.0001953125000000444,0.32821083068847656,0.5506591796875,whole,0.005435118518048514
0286,p,stage1_1005_best,0.05362667143344879,1.9073486328125e-06,0.10807418823242188,0.0001953125000000444,0.05279899388551712,0.5506591796875,whole,-0.015434065285197252
0286,omega,stage1_1005_best,0.6177802085876465,1.9073486328125e-06,0.10807418823242188,0.0001953125000000444,0.6208817958831787,0.5506591796875,whole,0.0050205352201602525
0286,temperature,stage1_1005_best,0.017762744799256325,1.9073486328125e-06,0.10807418823242188,0.0001953125000000444,0.018019428476691246,0.5506591796875,whole,0.01445067642055342
0286,__all__,stage1_1005_best,0.208322212100029,1.9073486328125e-06,0.10807418823242188,0.0001953125000000444,0.2091246396303177,0.5506591796875,whole,0.003851857764948266
0286,u,stage1_1005_best,0.01005737017840147,1.9073486328125e-06,0.10807418823242188,0.0001953125000000444,0.009993077255785465,0.5506591796875,fluid,-0.006392617699811437
0286,v,stage1_1005_best,0.014836523681879044,1.9073486328125e-06,0.10807418823242188,0.0001953125000000444,0.014326518401503563,0.5506591796875,fluid,-0.034374985091581
0286,p,stage1_1005_best,0.01792844943702221,1.9073486328125e-06,0.10807418823242188,0.0001953125000000444,0.017611833289265633,0.5506591796875,fluid,-0.01765998497911174
0286,omega,stage1_1005_best,0.040268875658512115,1.9073486328125e-06,0.10807418823242188,0.0001953125000000444,0.039847925305366516,0.5506591796875,fluid,-0.010453491592746222
0286,temperature,stage1_1005_best,0.014651711098849773,1.9073486328125e-06,0.10807418823242188,0.0001953125000000444,0.014823909848928452,0.5506591796875,fluid,0.011752808181714456
0286,__all__,stage1_1005_best,0.019548587501049042,1.9073486328125e-06,0.10807418823242188,0.0001953125000000444,0.0193206537514925,0.5506591796875,fluid,-0.011659857754137467
0286,u,stage1_1005_best,0.0432596318423748,1.9073486328125e-06,0.10807418823242188,0.0001953125000000444,0.04224156588315964,0.5506591796875,near_interface_fluid,-0.02353385629643574
0286,v,stage1_1005_best,0.08129938691854477,1.9073486328125e-06,0.10807418823242188,0.0001953125000000444,0.07742319256067276,0.5506591796875,near_interface_fluid,-0.047678026917418626
0286,p,stage1_1005_best,0.07608481496572495,1.9073486328125e-06,0.10807418823242188,0.0001953125000000444,0.07365777343511581,0.5506591796875,near_interface_fluid,-0.0318991579555326
0286,omega,stage1_1005_best,0.4521733522415161,1.9073486328125e-06,0.10807418823242188,0.0001953125000000444,0.4470609426498413,0.5506591796875,near_interface_fluid,-0.01130630446560272
0286,temperature,stage1_1005_best,0.038322288542985916,1.9073486328125e-06,0.10807418823242188,0.0001953125000000444,0.03860846534371376,0.5506591796875,near_interface_fluid,0.007467633369725328
0286,__all__,stage1_1005_best,0.1382278949022293,1.9073486328125e-06,0.10807418823242188,0.0001953125000000444,0.135798379778862,0.5506591796875,near_interface_fluid,-0.01757615657162212
0286,u,stage1_1005_best,0.005515032913535833,1.9073486328125e-06,0.10807418823242188,0.0001953125000000444,0.0055439407005906105,0.5506591796875,far_field_fluid,0.005241634548331934
0286,v,stage1_1005_best,0.005235814489424229,1.9073486328125e-06,0.10807418823242188,0.0001953125000000444,0.005206691101193428,0.5506591796875,far_field_fluid,-0.005562341501905135
0286,p,stage1_1005_best,0.00795520655810833,1.9073486328125e-06,0.10807418823242188,0.0001953125000000444,0.007916620932519436,0.5506591796875,far_field_fluid,-0.004850361245436872
0286,omega,stage1_1005_best,0.0046093156561255455,1.9073486328125e-06,0.10807418823242188,0.0001953125000000444,0.004630317911505699,0.5506591796875,far_field_fluid,0.004556480169077318
0286,temperature,stage1_1005_best,0.008681333623826504,1.9073486328125e-06,0.10807418823242188,0.0001953125000000444,0.008724881336092949,0.5506591796875,far_field_fluid,0.005016246829510795
0286,__all__,stage1_1005_best,0.006399340927600861,1.9073486328125e-06,0.10807418823242188,0.0001953125000000444,0.00640449021011591,0.5506591796875,far_field_fluid,0.0008046582567338646
0287,u,stage1_1005_best,0.03349078446626663,1.9073486328125e-06,0.105224609375,0.020922851562499956,0.03305496647953987,0.5465901692708333,whole,-0.013013071914327226
0287,v,stage1_1005_best,0.3246176242828369,1.9073486328125e-06,0.105224609375,0.020922851562499956,0.326759397983551,0.5465901692708333,whole,0.006597835547117429
0287,p,stage1_1005_best,0.0537881925702095,1.9073486328125e-06,0.105224609375,0.020922851562499956,0.05309770256280899,0.5465901692708333,whole,-0.012837204122432985
0287,omega,stage1_1005_best,0.6681900024414062,1.9073486328125e-06,0.105224609375,0.020922851562499956,0.672046422958374,0.5465901692708333,whole,0.005771443007044907
0287,temperature,stage1_1005_best,0.03540383651852608,1.9073486328125e-06,0.105224609375,0.020922851562499956,0.034901343286037445,0.5465901692708333,whole,-0.014193185877629057
0287,__all__,stage1_1005_best,0.22309811413288116,1.9073486328125e-06,0.105224609375,0.020922851562499956,0.22397199273109436,0.5465901692708333,whole,0.003917014725156745
0287,u,stage1_1005_best,0.011248563416302204,1.9073486328125e-06,0.105224609375,0.020922851562499956,0.01112987007945776,0.5465901692708333,fluid,-0.010551866265200193
0287,v,stage1_1005_best,0.018054164946079254,1.9073486328125e-06,0.105224609375,0.020922851562499956,0.017600951716303825,0.5465901692708333,fluid,-0.025102973808481303
0287,p,stage1_1005_best,0.02292722463607788,1.9073486328125e-06,0.105224609375,0.020922851562499956,0.02261267602443695,0.5465901692708333,fluid,-0.013719436897999506
0287,omega,stage1_1005_best,0.049182869493961334,1.9073486328125e-06,0.105224609375,0.020922851562499956,0.048807013779878616,0.5465901692708333,fluid,-0.007642004583097076
0287,temperature,stage1_1005_best,0.030708927661180496,1.9073486328125e-06,0.105224609375,0.020922851562499956,0.030221804976463318,0.5465901692708333,fluid,-0.015862575538023612
0287,__all__,stage1_1005_best,0.0264243483543396,1.9073486328125e-06,0.105224609375,0.020922851562499956,0.02607446350157261,0.5465901692708333,fluid,-0.013241002127098056
0287,u,stage1_1005_best,0.0836072638630867,1.9073486328125e-06,0.105224609375,0.020922851562499956,0.08160366117954254,0.5465901692708333,near_interface_fluid,-0.023964457045564987
0287,v,stage1_1005_best,0.1587725430727005,1.9073486328125e-06,0.105224609375,0.020922851562499956,0.15362663567066193,0.5465901692708333,near_interface_fluid,-0.03241056232047823
0287,p,stage1_1005_best,0.09481589496135712,1.9073486328125e-06,0.105224609375,0.020922851562499956,0.09151344001293182,0.5465901692708333,near_interface_fluid,-0.034830182742790455
0287,omega,stage1_1005_best,0.5675030946731567,1.9073486328125e-06,0.105224609375,0.020922851562499956,0.5621508359909058,0.5465901692708333,near_interface_fluid,-0.009431241402011233
0287,temperature,stage1_1005_best,0.06234379857778549,1.9073486328125e-06,0.105224609375,0.020922851562499956,0.060807716101408005,0.5465901692708333,near_interface_fluid,-0.024638897715880088
0287,__all__,stage1_1005_best,0.1934085190296173,1.9073486328125e-06,0.105224609375,0.020922851562499956,0.1899404376745224,0.5465901692708333,near_interface_fluid,-0.017931378475442596
0287,u,stage1_1005_best,0.004451410379260778,1.9073486328125e-06,0.105224609375,0.020922851562499956,0.004510294646024704,0.5465901692708333,far_field_fluid,0.013228226954375782
0287,v,stage1_1005_best,0.002812611171975732,1.9073486328125e-06,0.105224609375,0.020922851562499956,0.0028266916051506996,0.5465901692708333,far_field_fluid,0.005006178356703639
0287,p,stage1_1005_best,0.01090412400662899,1.9073486328125e-06,0.105224609375,0.020922851562499956,0.010964159853756428,0.5465901692708333,far_field_fluid,0.0055057927707846815
0287,omega,stage1_1005_best,0.006665452849119902,1.9073486328125e-06,0.105224609375,0.020922851562499956,0.00675121508538723,0.5465901692708333,far_field_fluid,0.012866678110048022
0287,temperature,stage1_1005_best,0.022259283810853958,1.9073486328125e-06,0.105224609375,0.020922851562499956,0.02202395536005497,0.5465901692708333,far_field_fluid,-0.010572148358350986
0287,__all__,stage1_1005_best,0.009418576955795288,1.9073486328125e-06,0.105224609375,0.020922851562499956,0.009415262378752232,0.5465901692708333,far_field_fluid,-0.0003519190912398943
0288,u,stage1_1005_best,0.025625891983509064,1.9073486328125e-06,0.12288093566894531,0.03476562500000002,0.025162823498249054,0.5390421549479167,whole,-0.018070336266070526
0288,v,stage1_1005_best,0.31555551290512085,1.9073486328125e-06,0.12288093566894531,0.03476562500000002,0.32142335176467896,0.5390421549479167,whole,0.018595266504890403
0288,p,stage1_1005_best,0.0442831926047802,1.9073486328125e-06,0.12288093566894531,0.03476562500000002,0.04432898014783859,0.5390421549479167,whole,0.0010339711381480837
0288,omega,stage1_1005_best,0.6218134760856628,1.9073486328125e-06,0.12288093566894531,0.03476562500000002,0.6308225393295288,0.5390421549479167,whole,0.014488369246318572
0288,temperature,stage1_1005_best,0.022188372910022736,1.9073486328125e-06,0.12288093566894531,0.03476562500000002,0.023157494142651558,0.5390421549479167,whole,0.0436769850839788
0288,__all__,stage1_1005_best,0.20589327812194824,1.9073486328125e-06,0.12288093566894531,0.03476562500000002,0.2089790403842926,0.5390421549479167,whole,0.014987192833545049
0288,u,stage1_1005_best,0.006550711579620838,1.9073486328125e-06,0.12288093566894531,0.03476562500000002,0.006745247635990381,0.5390421549479167,fluid,0.029696935058893714
0288,v,stage1_1005_best,0.016699593514204025,1.9073486328125e-06,0.12288093566894531,0.03476562500000002,0.017694702371954918,0.5390421549479167,fluid,0.05958880717093453
0288,p,stage1_1005_best,0.015367982909083366,1.9073486328125e-06,0.12288093566894531,0.03476562500000002,0.01621219702064991,0.5390421549479167,fluid,0.054933306248509964
0288,omega,stage1_1005_best,0.03763599693775177,1.9073486328125e-06,0.12288093566894531,0.03476562500000002,0.03765727952122688,0.5390421549479167,fluid,0.0005654847807090999
0288,temperature,stage1_1005_best,0.016621394082903862,1.9073486328125e-06,0.12288093566894531,0.03476562500000002,0.017143497243523598,0.5390421549479167,fluid,0.03141151446236097
0288,__all__,stage1_1005_best,0.018575135618448257,1.9073486328125e-06,0.12288093566894531,0.03476562500000002,0.01909058541059494,0.5390421549479167,fluid,0.027749449734017217
0288,u,stage1_1005_best,0.034493882209062576,1.9073486328125e-06,0.12288093566894531,0.03476562500000002,0.03404385969042778,0.5390421549479167,near_interface_fluid,-0.013046444465348169
0288,v,stage1_1005_best,0.13633771240711212,1.9073486328125e-06,0.12288093566894531,0.03476562500000002,0.1440310925245285,0.5390421549479167,near_interface_fluid,0.056428848493830626
0288,p,stage1_1005_best,0.05841308459639549,1.9073486328125e-06,0.12288093566894531,0.03476562500000002,0.06479568034410477,0.5390421549479167,near_interface_fluid,0.10926654176559487
0288,omega,stage1_1005_best,0.43122342228889465,1.9073486328125e-06,0.12288093566894531,0.03476562500000002,0.4324043393135071,0.5390421549479167,near_interface_fluid,0.0027385270919288818
0288,temperature,stage1_1005_best,0.029310526326298714,1.9073486328125e-06,0.12288093566894531,0.03476562500000002,0.032089486718177795,0.5390421549479167,near_interface_fluid,0.09481100274155345
0288,__all__,stage1_1005_best,0.13795572519302368,1.9073486328125e-06,0.12288093566894531,0.03476562500000002,0.14147289097309113,0.5390421549479167,near_interface_fluid,0.025494888125493356
0288,u,stage1_1005_best,0.0027147976215928793,1.9073486328125e-06,0.12288093566894531,0.03476562500000002,0.002761994721367955,0.5390421549479167,far_field_fluid,0.017385126390151877
0288,v,stage1_1005_best,0.0031017845030874014,1.9073486328125e-06,0.12288093566894531,0.03476562500000002,0.0031094281002879143,0.5390421549479167,far_field_fluid,0.0024642579756603764
0288,p,stage1_1005_best,0.00826459750533104,1.9073486328125e-06,0.12288093566894531,0.03476562500000002,0.008321921341121197,0.5390421549479167,far_field_fluid,0.006936071085516367
0288,omega,stage1_1005_best,0.006741597317159176,1.9073486328125e-06,0.12288093566894531,0.03476562500000002,0.006758293602615595,0.5390421549479167,far_field_fluid,0.0024766067551858163
0288,temperature,stage1_1005_best,0.014113551937043667,1.9073486328125e-06,0.12288093566894531,0.03476562500000002,0.014261454343795776,0.5390421549479167,far_field_fluid,0.01047946026711475
0288,__all__,stage1_1005_best,0.0069872657768428326,1.9073486328125e-06,0.12288093566894531,0.03476562500000002,0.007042617537081242,0.5390421549479167,far_field_fluid,0.007921805468149733
0289,u,stage1_1005_best,0.027206044644117355,1.9073486328125e-06,0.17172908782958984,0.07072753906249996,0.026748735457658768,0.5503336588541667,whole,-0.016809102257996537
0289,v,stage1_1005_best,0.3346216082572937,1.9073486328125e-06,0.17172908782958984,0.07072753906249996,0.33967113494873047,0.5503336588541667,whole,0.015090258868023069
0289,p,stage1_1005_best,0.05252790078520775,1.9073486328125e-06,0.17172908782958984,0.07072753906249996,0.052625879645347595,0.5503336588541667,whole,0.001865272715551549
0289,omega,stage1_1005_best,0.6269105672836304,1.9073486328125e-06,0.17172908782958984,0.07072753906249996,0.6352865695953369,0.5503336588541667,whole,0.013360761085906253
0289,temperature,stage1_1005_best,0.045650750398635864,1.9073486328125e-06,0.17172908782958984,0.07072753906249996,0.04639609158039093,0.5503336588541667,whole,0.016327030229438204
0289,__all__,stage1_1005_best,0.21738338470458984,1.9073486328125e-06,0.17172908782958984,0.07072753906249996,0.22014565765857697,0.5503336588541667,whole,0.012706918505942275
0289,u,stage1_1005_best,0.008190382272005081,1.9073486328125e-06,0.17172908782958984,0.07072753906249996,0.008315157145261765,0.5503336588541667,fluid,0.015234316190975213
0289,v,stage1_1005_best,0.0169435515999794,1.9073486328125e-06,0.17172908782958984,0.07072753906249996,0.01745467633008957,0.5503336588541667,fluid,0.030166327708459298
0289,p,stage1_1005_best,0.01892029494047165,1.9073486328125e-06,0.17172908782958984,0.07072753906249996,0.019882390275597572,0.5503336588541667,fluid,0.05084991212626096
0289,omega,stage1_1005_best,0.037071432918310165,1.9073486328125e-06,0.17172908782958984,0.07072753906249996,0.03678786754608154,0.5503336588541667,fluid,-0.007649161359731661
0289,temperature,stage1_1005_best,0.04525861516594887,1.9073486328125e-06,0.17172908782958984,0.07072753906249996,0.04590143635869026,0.5503336588541667,fluid,0.014203289039763464
0289,__all__,stage1_1005_best,0.025276856496930122,1.9073486328125e-06,0.17172908782958984,0.07072753906249996,0.025668304413557053,0.5503336588541667,fluid,0.015486416068962991
0289,u,stage1_1005_best,0.02516312524676323,1.9073486328125e-06,0.17172908782958984,0.07072753906249996,0.024811148643493652,0.5503336588541667,near_interface_fluid,-0.013987793639220245
0289,v,stage1_1005_best,0.08184447139501572,1.9073486328125e-06,0.17172908782958984,0.07072753906249996,0.08301291614770889,0.5503336588541667,near_interface_fluid,0.01427640416973032
0289,p,stage1_1005_best,0.050393521785736084,1.9073486328125e-06,0.17172908782958984,0.07072753906249996,0.05543810501694679,0.5503336588541667,near_interface_fluid,0.10010380406948619
0289,omega,stage1_1005_best,0.38337117433547974,1.9073486328125e-06,0.17172908782958984,0.07072753906249996,0.38041719794273376,0.5503336588541667,near_interface_fluid,-0.007705264742103462
0289,temperature,stage1_1005_best,0.030867399647831917,1.9073486328125e-06,0.17172908782958984,0.07072753906249996,0.03355133906006813,0.5503336588541667,near_interface_fluid,0.08695061595266998
0289,__all__,stage1_1005_best,0.11432793736457825,1.9073486328125e-06,0.17172908782958984,0.07072753906249996,0.11544612795114517,0.5503336588541667,near_interface_fluid,0.009780554187741075
0289,u,stage1_1005_best,0.0052222926169633865,1.9073486328125e-06,0.17172908782958984,0.07072753906249996,0.00525390962138772,0.5503336588541667,far_field_fluid,0.006054238385959681
0289,v,stage1_1005_best,0.004221521317958832,1.9073486328125e-06,0.17172908782958984,0.07072753906249996,0.004242592956870794,0.5503336588541667,far_field_fluid,0.004991479925097467
0289,p,stage1_1005_best,0.016965167596936226,1.9073486328125e-06,0.17172908782958984,0.07072753906249996,0.01743987575173378,0.5503336588541667,far_field_fluid,0.027981341892742782
0289,omega,stage1_1005_best,0.006908728741109371,1.9073486328125e-06,0.17172908782958984,0.07072753906249996,0.006864822003990412,0.5503336588541667,far_field_fluid,-0.006355255614205674
0289,temperature,stage1_1005_best,0.056773167103528976,1.9073486328125e-06,0.17172908782958984,0.07072753906249996,0.05701297149062157,0.5503336588541667,far_field_fluid,0.004223903638408862
0289,__all__,stage1_1005_best,0.018018174916505814,1.9073486328125e-06,0.17172908782958984,0.07072753906249996,0.018162835389375687,0.5503336588541667,far_field_fluid,0.00802858633242342
0290,u,stage1_1005_best,0.03372682258486748,1.9073486328125e-06,0.10076284408569336,0.0205078125,0.0334194079041481,0.5345458984375,whole,-0.009114842643294426
0290,v,stage1_1005_best,0.34637129306793213,1.9073486328125e-06,0.10076284408569336,0.0205078125,0.35064730048179626,0.5345458984375,whole,0.012345155327365721
0290,p,stage1_1005_best,0.0405384823679924,1.9073486328125e-06,0.10076284408569336,0.0205078125,0.040502555668354034,0.5345458984375,whole,-0.0008862369171158961
0290,omega,stage1_1005_best,0.7258970141410828,1.9073486328125e-06,0.10076284408569336,0.0205078125,0.7338260412216187,0.5345458984375,whole,0.010923074383930214
0290,temperature,stage1_1005_best,0.027615001425147057,1.9073486328125e-06,0.10076284408569336,0.0205078125,0.02826574444770813,0.5345458984375,whole,0.02356483755124803
0290,__all__,stage1_1005_best,0.23482970893383026,1.9073486328125e-06,0.10076284408569336,0.0205078125,0.23733219504356384,0.5345458984375,whole,0.010656599291015286
0290,u,stage1_1005_best,0.01026341412216425,1.9073486328125e-06,0.10076284408569336,0.0205078125,0.01045780349522829,0.5345458984375,fluid,0.018940030164450793
0290,v,stage1_1005_best,0.008835128508508205,1.9073486328125e-06,0.10076284408569336,0.0205078125,0.008992716670036316,0.5345458984375,fluid,0.01783654435545035
0290,p,stage1_1005_best,0.01336252223700285,1.9073486328125e-06,0.10076284408569336,0.0205078125,0.013972426764667034,0.5345458984375,fluid,0.04564291956613299
0290,omega,stage1_1005_best,0.046911705285310745,1.9073486328125e-06,0.10076284408569336,0.0205078125,0.04649621993303299,0.5345458984375,fluid,-0.008856752270053479
0290,temperature,stage1_1005_best,0.02179376594722271,1.9073486328125e-06,0.10076284408569336,0.0205078125,0.022185180336236954,0.5345458984375,fluid,0.01795992440967386
0290,__all__,stage1_1005_best,0.020233307033777237,1.9073486328125e-06,0.10076284408569336,0.0205078125,0.020420869812369347,0.5345458984375,fluid,0.009270001106541538
0290,u,stage1_1005_best,0.031332239508628845,1.9073486328125e-06,0.10076284408569336,0.0205078125,0.03052317537367344,0.5345458984375,near_interface_fluid,-0.025822097227764115
0290,v,stage1_1005_best,0.040817975997924805,1.9073486328125e-06,0.10076284408569336,0.0205078125,0.041967425495386124,0.5345458984375,near_interface_fluid,0.028160374672172802
0290,p,stage1_1005_best,0.034638676792383194,1.9073486328125e-06,0.10076284408569336,0.0205078125,0.0382317453622818,0.5345458984375,near_interface_fluid,0.10372996033984463
0290,omega,stage1_1005_best,0.5108077526092529,1.9073486328125e-06,0.10076284408569336,0.0205078125,0.5039749145507812,0.5345458984375,near_interface_fluid,-0.013376535543105826
0290,temperature,stage1_1005_best,0.018219729885458946,1.9073486328125e-06,0.10076284408569336,0.0205078125,0.018908945843577385,0.5345458984375,near_interface_fluid,0.03782800087878897
0290,__all__,stage1_1005_best,0.12716327607631683,1.9073486328125e-06,0.10076284408569336,0.0205078125,0.12672123312950134,0.5345458984375,near_interface_fluid,-0.0034761840088973436
0290,u,stage1_1005_best,0.006835675332695246,1.9073486328125e-06,0.10076284408569336,0.0205078125,0.007008256856352091,0.5345458984375,far_field_fluid,0.025247179723615946
0290,v,stage1_1005_best,0.002544595394283533,1.9073486328125e-06,0.10076284408569336,0.0205078125,0.0025527796242386103,0.5345458984375,far_field_fluid,0.0032163187803700153
0290,p,stage1_1005_best,0.010096591897308826,1.9073486328125e-06,0.10076284408569336,0.0205078125,0.01035677082836628,0.5345458984375,far_field_fluid,0.025768985584809265
0290,omega,stage1_1005_best,0.010573339648544788,1.9073486328125e-06,0.10076284408569336,0.0205078125,0.010791759006679058,0.5345458984375,far_field_fluid,0.02065755621161104
0290,temperature,stage1_1005_best,0.02757808193564415,1.9073486328125e-06,0.10076284408569336,0.0205078125,0.027919325977563858,0.5345458984375,far_field_fluid,0.012373740955445373
0290,__all__,stage1_1005_best,0.011525657027959824,1.9073486328125e-06,0.10076284408569336,0.0205078125,0.011725777760148048,0.5345458984375,far_field_fluid,0.017363065003822044
0291,u,stage1_1005_best,0.03683670237660408,1.9073486328125e-06,0.11335277557373047,0.008862304687500044,0.0365433469414711,0.5320231119791667,whole,-0.007963672538704164
0291,v,stage1_1005_best,0.3751238286495209,1.9073486328125e-06,0.11335277557373047,0.008862304687500044,0.37907737493515015,0.5320231119791667,whole,0.010539309912309199
0291,p,stage1_1005_best,0.04299120977520943,1.9073486328125e-06,0.11335277557373047,0.008862304687500044,0.042735353112220764,0.5320231119791667,whole,-0.0059513715554057435
0291,omega,stage1_1005_best,0.7167021036148071,1.9073486328125e-06,0.11335277557373047,0.008862304687500044,0.7221494913101196,0.5320231119791667,whole,0.007600630258844906
0291,temperature,stage1_1005_best,0.01664925180375576,1.9073486328125e-06,0.11335277557373047,0.008862304687500044,0.01669798232614994,0.5320231119791667,whole,0.002926889626546918
0291,__all__,stage1_1005_best,0.23766064643859863,1.9073486328125e-06,0.11335277557373047,0.008862304687500044,0.23944072425365448,0.5320231119791667,whole,0.007489998204291443
0291,u,stage1_1005_best,0.014470504596829414,1.9073486328125e-06,0.11335277557373047,0.008862304687500044,0.014636906795203686,0.5320231119791667,fluid,0.011499405377386165
0291,v,stage1_1005_best,0.012873014435172081,1.9073486328125e-06,0.11335277557373047,0.008862304687500044,0.013243093155324459,0.5320231119791667,fluid,0.028748411804871175
0291,p,stage1_1005_best,0.021716615185141563,1.9073486328125e-06,0.11335277557373047,0.008862304687500044,0.021806368604302406,0.5320231119791667,fluid,0.004132937771179548
0291,omega,stage1_1005_best,0.04172416031360626,1.9073486328125e-06,0.11335277557373047,0.008862304687500044,0.04152919352054596,0.5320231119791667,fluid,-0.004672755343544301
0291,temperature,stage1_1005_best,0.013221011497080326,1.9073486328125e-06,0.11335277557373047,0.008862304687500044,0.013007749803364277,0.5320231119791667,fluid,-0.016130512689074134
0291,__all__,stage1_1005_best,0.020801061764359474,1.9073486328125e-06,0.11335277557373047,0.008862304687500044,0.020844662562012672,0.5320231119791667,fluid,0.0020960851973385233
0291,u,stage1_1005_best,0.047101669013500214,1.9073486328125e-06,0.11335277557373047,0.008862304687500044,0.0463726706802845,0.5320231119791667,near_interface_fluid,-0.015477123178093095
0291,v,stage1_1005_best,0.06322124600410461,1.9073486328125e-06,0.11335277557373047,0.008862304687500044,0.06402216106653214,0.5320231119791667,near_interface_fluid,0.012668447919794584
0291,p,stage1_1005_best,0.08714258670806885,1.9073486328125e-06,0.11335277557373047,0.008862304687500044,0.0876593142747879,0.5320231119791667,near_interface_fluid,0.005929679003563587
0291,omega,stage1_1005_best,0.4742717444896698,1.9073486328125e-06,0.11335277557373047,0.008862304687500044,0.47170376777648926,0.5320231119791667,near_interface_fluid,-0.005414568215409416
0291,temperature,stage1_1005_best,0.013514367863535881,1.9073486328125e-06,0.11335277557373047,0.008862304687500044,0.013964815996587276,0.5320231119791667,near_interface_fluid,0.03333105459314771
0291,__all__,stage1_1005_best,0.1370503306388855,1.9073486328125e-06,0.11335277557373047,0.008862304687500044,0.13674454391002655,0.5320231119791667,near_interface_fluid,-0.0022312002271973096
0291,u,stage1_1005_best,0.010195400565862656,1.9073486328125e-06,0.11335277557373047,0.008862304687500044,0.010321217589080334,0.5320231119791667,far_field_fluid,0.012340566945349088
0291,v,stage1_1005_best,0.004229492973536253,1.9073486328125e-06,0.11335277557373047,0.008862304687500044,0.004218659829348326,0.5320231119791667,far_field_fluid,-0.0025613340075772064
0291,p,stage1_1005_best,0.012098988518118858,1.9073486328125e-06,0.11335277557373047,0.008862304687500044,0.012229247950017452,0.5320231119791667,far_field_fluid,0.010766142285656664
0291,omega,stage1_1005_best,0.006494451314210892,1.9073486328125e-06,0.11335277557373047,0.008862304687500044,0.006500310730189085,0.5320231119791667,far_field_fluid,0.0009022187856535239
0291,temperature,stage1_1005_best,0.014487245120108128,1.9073486328125e-06,0.11335277557373047,0.008862304687500044,0.014029732905328274,0.5320231119791667,far_field_fluid,-0.03158034608973601
0291,__all__,stage1_1005_best,0.00950111448764801,1.9073486328125e-06,0.11335277557373047,0.008862304687500044,0.009459834545850754,0.5320231119791667,far_field_fluid,-0.004344747329476215
0292,u,stage1_1005_best,0.030415169894695282,1.430511474609375e-06,0.1328749656677246,0.06911621093749998,0.030219044536352158,0.54400634765625,whole,-0.006448274299376203
0292,v,stage1_1005_best,0.30230647325515747,1.430511474609375e-06,0.1328749656677246,0.06911621093749998,0.3060838282108307,0.54400634765625,whole,0.012495117669825731
0292,p,stage1_1005_best,0.057744234800338745,1.430511474609375e-06,0.1328749656677246,0.06911621093749998,0.05850477144122124,0.54400634765625,whole,0.013170780485916675
0292,omega,stage1_1005_best,0.5967894792556763,1.430511474609375e-06,0.1328749656677246,0.06911621093749998,0.6032925844192505,0.54400634765625,whole,0.010896816029138076
0292,temperature,stage1_1005_best,0.030419597402215004,1.430511474609375e-06,0.1328749656677246,0.06911621093749998,0.030907273292541504,0.54400634765625,whole,0.016031635260596505
0292,__all__,stage1_1005_best,0.20353499054908752,1.430511474609375e-06,0.1328749656677246,0.06911621093749998,0.20580148696899414,0.54400634765625,whole,0.011135659838105303
0292,u,stage1_1005_best,0.009123444557189941,1.430511474609375e-06,0.1328749656677246,0.06911621093749998,0.009325397200882435,0.54400634765625,fluid,0.022135569786889315
0292,v,stage1_1005_best,0.014597591944038868,1.430511474609375e-06,0.1328749656677246,0.06911621093749998,0.015286576934158802,0.54400634765625,fluid,0.047198537454754025
0292,p,stage1_1005_best,0.029123032465577126,1.430511474609375e-06,0.1328749656677246,0.06911621093749998,0.03056749328970909,0.54400634765625,fluid,0.04959857205252547
0292,omega,stage1_1005_best,0.033957190811634064,1.430511474609375e-06,0.1328749656677246,0.06911621093749998,0.034439992159605026,0.54400634765625,fluid,0.014217941367680806
0292,temperature,stage1_1005_best,0.028810705989599228,1.430511474609375e-06,0.1328749656677246,0.06911621093749998,0.029434138908982277,0.54400634765625,fluid,0.021638932402701642
0292,__all__,stage1_1005_best,0.02312239445745945,1.430511474609375e-06,0.1328749656677246,0.06911621093749998,0.023810718208551407,0.54400634765625,fluid,0.029768705501427812
0292,u,stage1_1005_best,0.03656144067645073,1.430511474609375e-06,0.1328749656677246,0.06911621093749998,0.035784006118774414,0.54400634765625,near_interface_fluid,-0.02126378346401054
0292,v,stage1_1005_best,0.13199366629123688,1.430511474609375e-06,0.1328749656677246,0.06911621093749998,0.13856804370880127,0.54400634765625,near_interface_fluid,0.049808279459852146
0292,p,stage1_1005_best,0.03672385215759277,1.430511474609375e-06,0.1328749656677246,0.06911621093749998,0.038133811205625534,0.54400634765625,near_interface_fluid,0.0383935498373704
0292,omega,stage1_1005_best,0.38732004165649414,1.430511474609375e-06,0.1328749656677246,0.06911621093749998,0.3909471333026886,0.54400634765625,near_interface_fluid,0.009364585500616175
0292,temperature,stage1_1005_best,0.0337340272963047,1.430511474609375e-06,0.1328749656677246,0.06911621093749998,0.03323321416974068,0.54400634765625,near_interface_fluid,-0.014845933518850446
0292,__all__,stage1_1005_best,0.12526661157608032,1.430511474609375e-06,0.1328749656677246,0.06911621093749998,0.12733323872089386,0.54400634765625,near_interface_fluid,0.016497829060845775
0292,u,stage1_1005_best,0.00654255598783493,1.430511474609375e-06,0.1328749656677246,0.06911621093749998,0.00674542598426342,0.54400634765625,far_field_fluid,0.031007758558841716
0292,v,stage1_1005_best,0.003793640062212944,1.430511474609375e-06,0.1328749656677246,0.06911621093749998,0.003920521587133408,0.54400634765625,far_field_fluid,0.033445852226278355
0292,p,stage1_1005_best,0.02924714982509613,1.430511474609375e-06,0.1328749656677246,0.06911621093749998,0.0307479090988636,0.54400634765625,far_field_fluid,0.05131300939552453
0292,omega,stage1_1005_best,0.008617757819592953,1.430511474609375e-06,0.1328749656677246,0.06911621093749998,0.008948469534516335,0.54400634765625,far_field_fluid,0.03837561020472057
0292,temperature,stage1_1005_best,0.030372891575098038,1.430511474609375e-06,0.1328749656677246,0.06911621093749998,0.03150692954659462,0.54400634765625,far_field_fluid,0.037337175115271244
0292,__all__,stage1_1005_best,0.015714798122644424,1.430511474609375e-06,0.1328749656677246,0.06911621093749998,0.016373850405216217,0.54400634765625,far_field_fluid,0.041938323192464266
0273,u,stage2_1007_best,0.016854993999004364,2.86102294921875e-06,0.055530548095703125,0.0,0.01678617298603058,0.48569742838541663,whole,-0.004083122959156835
0273,v,stage2_1007_best,0.18538376688957214,2.86102294921875e-06,0.055530548095703125,0.0,0.1866731196641922,0.48569742838541663,whole,0.0069550467996914046
0273,p,stage2_1007_best,0.01834956184029579,2.86102294921875e-06,0.055530548095703125,0.0,0.01831139251589775,0.48569742838541663,whole,-0.0020801218432486284
0273,omega,stage2_1007_best,0.2914840579032898,2.86102294921875e-06,0.055530548095703125,0.0,0.29194337129592896,0.48569742838541663,whole,0.0015757753475202192
0273,temperature,stage2_1007_best,0.00696132518351078,2.86102294921875e-06,0.055530548095703125,0.0,0.007303446531295776,0.48569742838541663,whole,0.04914600866446742
0273,__all__,stage2_1007_best,0.1038067489862442,2.86102294921875e-06,0.055530548095703125,0.0,0.10420349985361099,0.48569742838541663,whole,0.0038220141873373343
0273,u,stage2_1007_best,0.0020947104785591364,2.86102294921875e-06,0.055530548095703125,0.0,0.002169647952541709,0.48569742838541663,fluid,0.0357746212422248
0273,v,stage2_1007_best,0.0015031490474939346,2.86102294921875e-06,0.055530548095703125,0.0,0.0015139200259000063,0.48569742838541663,fluid,0.007165609041917132
0273,p,stage2_1007_best,0.0024531593080610037,2.86102294921875e-06,0.055530548095703125,0.0,0.0025824434123933315,0.48569742838541663,fluid,0.052701063443986035
0273,omega,stage2_1007_best,0.00814810674637556,2.86102294921875e-06,0.055530548095703125,0.0,0.008206111378967762,0.48569742838541663,fluid,0.0071187865350442105
0273,temperature,stage2_1007_best,0.006566081196069717,2.86102294921875e-06,0.055530548095703125,0.0,0.006954270415008068,0.48569742838541663,fluid,0.059120380535457054
0273,__all__,stage2_1007_best,0.004153041169047356,2.86102294921875e-06,0.055530548095703125,0.0,0.0042852782644331455,0.48569742838541663,fluid,0.031841026853129666
0273,u,stage2_1007_best,0.00850325170904398,2.86102294921875e-06,0.055530548095703125,0.0,0.008648425340652466,0.48569742838541663,near_interface_fluid,0.017072719540229632
0273,v,stage2_1007_best,0.0079851895570755,2.86102294921875e-06,0.055530548095703125,0.0,0.007543812971562147,0.48569742838541663,near_interface_fluid,-0.05527440298799911
0273,p,stage2_1007_best,0.009615270420908928,2.86102294921875e-06,0.055530548095703125,0.0,0.009986946359276772,0.48569742838541663,near_interface_fluid,0.03865475666286141
0273,omega,stage2_1007_best,0.14758457243442535,2.86102294921875e-06,0.055530548095703125,0.0,0.14760227501392365,0.48569742838541663,near_interface_fluid,0.00011994871283823795
0273,temperature,stage2_1007_best,0.005604835227131844,2.86102294921875e-06,0.055530548095703125,0.0,0.005982000846415758,0.48569742838541663,near_interface_fluid,0.067292900504574
0273,__all__,stage2_1007_best,0.035858623683452606,2.86102294921875e-06,0.055530548095703125,0.0,0.035952694714069366,0.48569742838541663,near_interface_fluid,0.0026233865372856033
0273,u,stage2_1007_best,0.0016083131777122617,2.86102294921875e-06,0.055530548095703125,0.0,0.0016634288476780057,0.48569742838541663,far_field_fluid,0.0342692398032472
0273,v,stage2_1007_best,0.0006916307029314339,2.86102294921875e-06,0.055530548095703125,0.0,0.000702426943462342,0.48569742838541663,far_field_fluid,0.015609834099540277
0273,p,stage2_1007_best,0.0019965616520494223,2.86102294921875e-06,0.055530548095703125,0.0,0.002086495980620384,0.48569742838541663,far_field_fluid,0.04504460379605435
0273,omega,stage2_1007_best,0.0017748934915289283,2.86102294921875e-06,0.055530548095703125,0.0,0.0018130952958017588,0.48569742838541663,far_field_fluid,0.02152343476110372
0273,temperature,stage2_1007_best,0.006965968292206526,2.86102294921875e-06,0.055530548095703125,0.0,0.007333310786634684,0.48569742838541663,far_field_fluid,0.052733874031430476
0273,__all__,stage2_1007_best,0.00260747317224741,2.86102294921875e-06,0.055530548095703125,0.0,0.0027197515591979027,0.48569742838541663,far_field_fluid,0.04306022709860477
0274,u,stage2_1007_best,0.009313743561506271,1.9073486328125e-06,0.059916019439697266,0.0,0.009232797659933567,0.38802083333333337,whole,-0.008691016779467061
0274,v,stage2_1007_best,0.15093544125556946,1.9073486328125e-06,0.059916019439697266,0.0,0.1521126925945282,0.38802083333333337,whole,0.007799701177971679
0274,p,stage2_1007_best,0.01549330074340105,1.9073486328125e-06,0.059916019439697266,0.0,0.015321162529289722,0.38802083333333337,whole,-0.011110493300444432
0274,omega,stage2_1007_best,0.17793378233909607,1.9073486328125e-06,0.059916019439697266,0.0,0.1786040961742401,0.38802083333333337,whole,0.0037672094996924026
0274,temperature,stage2_1007_best,0.005828088615089655,1.9073486328125e-06,0.059916019439697266,0.0,0.005725005641579628,0.38802083333333337,whole,-0.017687269415075833
0274,__all__,stage2_1007_best,0.071900874376297,1.9073486328125e-06,0.059916019439697266,0.0,0.07219915091991425,0.38802083333333337,whole,0.004148441117088543
0274,u,stage2_1007_best,0.0017348353285342455,1.9073486328125e-06,0.059916019439697266,0.0,0.0017479397356510162,0.38802083333333337,fluid,0.007553689333639867
0274,v,stage2_1007_best,0.0013510938733816147,1.9073486328125e-06,0.059916019439697266,0.0,0.001316601992584765,0.38802083333333337,fluid,-0.025528855896978477
0274,p,stage2_1007_best,0.002076300559565425,1.9073486328125e-06,0.059916019439697266,0.0,0.00207259738817811,0.38802083333333337,fluid,-0.0017835430281297423
0274,omega,stage2_1007_best,0.00595070281997323,1.9073486328125e-06,0.059916019439697266,0.0,0.005922586657106876,0.38802083333333337,fluid,-0.004724847420036424
0274,temperature,stage2_1007_best,0.005664297379553318,1.9073486328125e-06,0.059916019439697266,0.0,0.005550244357436895,0.38802083333333337,fluid,-0.020135422714231997
0274,__all__,stage2_1007_best,0.003355446271598339,1.9073486328125e-06,0.059916019439697266,0.0,0.0033219940960407257,0.38802083333333337,fluid,-0.00996951607920657
0274,u,stage2_1007_best,0.005226600915193558,1.9073486328125e-06,0.059916019439697266,0.0,0.005163326859474182,0.38802083333333337,near_interface_fluid,-0.012106157854034733
0274,v,stage2_1007_best,0.006907750852406025,1.9073486328125e-06,0.059916019439697266,0.0,0.005536349024623632,0.38802083333333337,near_interface_fluid,-0.19853087598038113
0274,p,stage2_1007_best,0.012209602631628513,1.9073486328125e-06,0.059916019439697266,0.0,0.011303811334073544,0.38802083333333337,near_interface_fluid,-0.07418679582647118
0274,omega,stage2_1007_best,0.09612545371055603,1.9073486328125e-06,0.059916019439697266,0.0,0.09607187658548355,0.38802083333333337,near_interface_fluid,-0.000557366680773291
0274,temperature,stage2_1007_best,0.003577745985239744,1.9073486328125e-06,0.059916019439697266,0.0,0.0035544708371162415,0.38802083333333337,near_interface_fluid,-0.006505533992498651
0274,__all__,stage2_1007_best,0.02480943314731121,1.9073486328125e-06,0.059916019439697266,0.0,0.024325968697667122,0.38802083333333337,near_interface_fluid,-0.019487121965802975
0274,u,stage2_1007_best,0.0016353470273315907,1.9073486328125e-06,0.059916019439697266,0.0,0.0016453637508675456,0.38802083333333337,far_field_fluid,0.006125136358549735
0274,v,stage2_1007_best,0.0008604850736446679,1.9073486328125e-06,0.059916019439697266,0.0,0.0008724724175408483,0.38802083333333337,far_field_fluid,0.013930914391584778
0274,p,stage2_1007_best,0.001535301562398672,1.9073486328125e-06,0.059916019439697266,0.0,0.0015713415341451764,0.38802083333333337,far_field_fluid,0.023474197271184563
0274,omega,stage2_1007_best,0.0019485893426463008,1.9073486328125e-06,0.059916019439697266,0.0,0.0019314098171889782,0.38802083333333337,far_field_fluid,-0.008816390955927006
0274,temperature,stage2_1007_best,0.006939592305570841,1.9073486328125e-06,0.059916019439697266,0.0,0.0067987749353051186,0.38802083333333337,far_field_fluid,-0.02029187941670283
0274,__all__,stage2_1007_best,0.0025838627479970455,1.9073486328125e-06,0.059916019439697266,0.0,0.0025638723745942116,0.38802083333333337,far_field_fluid,-0.007736623556467944
0275,u,stage2_1007_best,0.014944635331630707,1.430511474609375e-06,0.062417030334472656,0.0,0.014777359552681446,0.32163492838541663,whole,-0.011193031829637034
0275,v,stage2_1007_best,0.1904865950345993,1.430511474609375e-06,0.062417030334472656,0.0,0.1918839067220688,0.32163492838541663,whole,0.007335485666147163
0275,p,stage2_1007_best,0.017135709524154663,1.430511474609375e-06,0.062417030334472656,0.0,0.016950618475675583,0.32163492838541663,whole,-0.01080148144540931
0275,omega,stage2_1007_best,0.24743719398975372,1.430511474609375e-06,0.062417030334472656,0.0,0.2484370917081833,0.32163492838541663,whole,0.004041016236512005
0275,temperature,stage2_1007_best,0.006800745613873005,1.430511474609375e-06,0.062417030334472656,0.0,0.00675921281799674,0.32163492838541663,whole,-0.006107094462045577
0275,__all__,stage2_1007_best,0.09536097943782806,1.430511474609375e-06,0.062417030334472656,0.0,0.09576164186000824,0.32163492838541663,whole,0.004201534260052282
0275,u,stage2_1007_best,0.001573615474626422,1.430511474609375e-06,0.062417030334472656,0.0,0.0015589224640280008,0.32163492838541663,fluid,-0.009337103527092116
0275,v,stage2_1007_best,0.0017775219166651368,1.430511474609375e-06,0.062417030334472656,0.0,0.0017428901046514511,0.32163492838541663,fluid,-0.019483198316147633
0275,p,stage2_1007_best,0.0022746685426682234,1.430511474609375e-06,0.062417030334472656,0.0,0.0022524623200297356,0.32163492838541663,fluid,-0.009762399321898369
0275,omega,stage2_1007_best,0.00962070096284151,1.430511474609375e-06,0.062417030334472656,0.0,0.009605087339878082,0.32163492838541663,fluid,-0.0016229194757984614
0275,temperature,stage2_1007_best,0.006094174925237894,1.430511474609375e-06,0.062417030334472656,0.0,0.006076660007238388,0.32163492838541663,fluid,-0.0028740425429816946
0275,__all__,stage2_1007_best,0.004268136341124773,1.430511474609375e-06,0.062417030334472656,0.0,0.004247204400599003,0.32163492838541663,fluid,-0.004904234272950624
0275,u,stage2_1007_best,0.009403834119439125,1.430511474609375e-06,0.062417030334472656,0.0,0.009088259190320969,0.32163492838541663,near_interface_fluid,-0.03355811311748004
0275,v,stage2_1007_best,0.011664354242384434,1.430511474609375e-06,0.062417030334472656,0.0,0.010727323591709137,0.32163492838541663,near_interface_fluid,-0.08033283550926763
0275,p,stage2_1007_best,0.014493647031486034,1.430511474609375e-06,0.062417030334472656,0.0,0.014225762337446213,0.32163492838541663,near_interface_fluid,-0.01848290450691039
0275,omega,stage2_1007_best,0.1831618845462799,1.430511474609375e-06,0.062417030334472656,0.0,0.18196260929107666,0.32163492838541663,near_interface_fluid,-0.0065476245681465655
0275,temperature,stage2_1007_best,0.00609759334474802,1.430511474609375e-06,0.062417030334472656,0.0,0.0058919452130794525,0.32163492838541663,near_interface_fluid,-0.0337261145572616
0275,__all__,stage2_1007_best,0.0449642650783062,1.430511474609375e-06,0.062417030334472656,0.0,0.04437917843461037,0.32163492838541663,near_interface_fluid,-0.013012258571932419
0275,u,stage2_1007_best,0.0008776537142693996,1.430511474609375e-06,0.062417030334472656,0.0,0.0008801249205134809,0.32163492838541663,far_field_fluid,0.0028156962181130943
0275,v,stage2_1007_best,0.0007604573620483279,1.430511474609375e-06,0.062417030334472656,0.0,0.0007609625463373959,0.32163492838541663,far_field_fluid,0.0006643163894254976
0275,p,stage2_1007_best,0.0012875449610874057,1.430511474609375e-06,0.062417030334472656,0.0,0.0012705520493909717,0.32163492838541663,far_field_fluid,-0.013197917129109442
0275,omega,stage2_1007_best,0.001918560708872974,1.430511474609375e-06,0.062417030334472656,0.0,0.0019478292670100927,0.32163492838541663,far_field_fluid,0.015255476671526404
0275,temperature,stage2_1007_best,0.006531269755214453,1.430511474609375e-06,0.062417030334472656,0.0,0.006542629096657038,0.32163492838541663,far_field_fluid,0.0017392240511143933
0275,__all__,stage2_1007_best,0.00227509718388319,1.430511474609375e-06,0.062417030334472656,0.0,0.0022804196923971176,0.32163492838541663,far_field_fluid,0.0023394642442670847
0276,u,stage2_1007_best,0.01687297224998474,1.1920928955078125e-06,0.060446739196777344,0.0,0.016732141375541687,0.31705729166666663,whole,-0.008346536244862346
0276,v,stage2_1007_best,0.19414883852005005,1.1920928955078125e-06,0.060446739196777344,0.0,0.1954600214958191,0.31705729166666663,whole,0.006753493792514422
0276,p,stage2_1007_best,0.017765527591109276,1.1920928955078125e-06,0.060446739196777344,0.0,0.017625022679567337,0.31705729166666663,whole,-0.007908851049954419
0276,omega,stage2_1007_best,0.326070100069046,1.1920928955078125e-06,0.060446739196777344,0.0,0.3269121050834656,0.31705729166666663,whole,0.002582282197114238
0276,temperature,stage2_1007_best,0.004472778178751469,1.1920928955078125e-06,0.060446739196777344,0.0,0.004491339437663555,0.31705729166666663,whole,0.004149827729053104
0276,__all__,stage2_1007_best,0.1118660420179367,1.1920928955078125e-06,0.060446739196777344,0.0,0.11224411427974701,0.31705729166666663,whole,0.003379687481476124
0276,u,stage2_1007_best,0.0016346110496670008,1.1920928955078125e-06,0.060446739196777344,0.0,0.0016459465259686112,0.31705729166666663,fluid,0.006934662716197659
0276,v,stage2_1007_best,0.0016562034143134952,1.1920928955078125e-06,0.060446739196777344,0.0,0.0015985274221748114,0.31705729166666663,fluid,-0.03482422004460774
0276,p,stage2_1007_best,0.002112765796482563,1.1920928955078125e-06,0.060446739196777344,0.0,0.0021309086587280035,0.31705729166666663,fluid,0.008587256701923904
0276,omega,stage2_1007_best,0.009443704038858414,1.1920928955078125e-06,0.060446739196777344,0.0,0.009426123462617397,0.31705729166666663,fluid,-0.001861618721708859
0276,temperature,stage2_1007_best,0.003937877248972654,1.1920928955078125e-06,0.060446739196777344,0.0,0.003940786700695753,0.31705729166666663,fluid,0.000738837586635743
0276,__all__,stage2_1007_best,0.003757032100111246,1.1920928955078125e-06,0.060446739196777344,0.0,0.003748458344489336,0.31705729166666663,fluid,-0.002282055461186032
0276,u,stage2_1007_best,0.01177921425551176,1.1920928955078125e-06,0.060446739196777344,0.0,0.011783444322645664,0.31705729166666663,near_interface_fluid,0.0003591128442140493
0276,v,stage2_1007_best,0.011597332544624805,1.1920928955078125e-06,0.060446739196777344,0.0,0.010544679127633572,0.31705729166666663,near_interface_fluid,-0.09076685633879865
0276,p,stage2_1007_best,0.018335064873099327,1.1920928955078125e-06,0.060446739196777344,0.0,0.017804650589823723,0.31705729166666663,near_interface_fluid,-0.028928955907530637
0276,omega,stage2_1007_best,0.16742761433124542,1.1920928955078125e-06,0.060446739196777344,0.0,0.1670946627855301,0.31705729166666663,near_interface_fluid,-0.001988629815011325
0276,temperature,stage2_1007_best,0.003807710949331522,1.1920928955078125e-06,0.060446739196777344,0.0,0.0038370047695934772,0.31705729166666663,near_interface_fluid,0.007693288868761967
0276,__all__,stage2_1007_best,0.04258938878774643,1.1920928955078125e-06,0.060446739196777344,0.0,0.04221288487315178,0.31705729166666663,near_interface_fluid,-0.008840322092224432
0276,u,stage2_1007_best,0.0009061575983650982,1.1920928955078125e-06,0.060446739196777344,0.0,0.000904615968465805,0.31705729166666663,far_field_fluid,-0.0017012823178601754
0276,v,stage2_1007_best,0.0007745542097836733,1.1920928955078125e-06,0.060446739196777344,0.0,0.0007706833421252668,0.31705729166666663,far_field_fluid,-0.0049975425987131335
0276,p,stage2_1007_best,0.0012390059418976307,1.1920928955078125e-06,0.060446739196777344,0.0,0.0012707693967968225,0.31705729166666663,far_field_fluid,0.02563624097762093
0276,omega,stage2_1007_best,0.0015242676017805934,1.1920928955078125e-06,0.060446739196777344,0.0,0.0015436102403327823,0.31705729166666663,far_field_fluid,0.01268979182500075
0276,temperature,stage2_1007_best,0.004511709325015545,1.1920928955078125e-06,0.060446739196777344,0.0,0.004515182692557573,0.31705729166666663,far_field_fluid,0.0007698562322643557
0276,__all__,stage2_1007_best,0.0017911390168592334,1.1920928955078125e-06,0.060446739196777344,0.0,0.001800972386263311,0.31705729166666663,far_field_fluid,0.005490009045372908
0277,u,stage2_1007_best,0.014244956895709038,1.9073486328125e-06,0.045760154724121094,0.0,0.014076346531510353,0.29429117838541663,whole,-0.011836495219545006
0277,v,stage2_1007_best,0.1755618453025818,1.9073486328125e-06,0.045760154724121094,0.0,0.17708618938922882,0.29429117838541663,whole,0.008682661565899006
0277,p,stage2_1007_best,0.015058468095958233,1.9073486328125e-06,0.045760154724121094,0.0,0.014868078753352165,0.29429117838541663,whole,-0.012643340703239867
0277,omega,stage2_1007_best,0.26404473185539246,1.9073486328125e-06,0.045760154724121094,0.0,0.26508572697639465,0.29429117838541663,whole,0.003942495325270537
0277,temperature,stage2_1007_best,0.006754583679139614,1.9073486328125e-06,0.045760154724121094,0.0,0.006766332313418388,0.29429117838541663,whole,0.0017393572774970464
0277,__all__,stage2_1007_best,0.09513292461633682,1.9073486328125e-06,0.045760154724121094,0.0,0.09557653218507767,0.29429117838541663,whole,0.004663028814996251
0277,u,stage2_1007_best,0.002017539693042636,1.9073486328125e-06,0.045760154724121094,0.0,0.0020113480277359486,0.29429117838541663,fluid,-0.003068918707294305
0277,v,stage2_1007_best,0.0014943507267162204,1.9073486328125e-06,0.045760154724121094,0.0,0.001380542409606278,0.29429117838541663,fluid,-0.07615904022747855
0277,p,stage2_1007_best,0.0019335324177518487,1.9073486328125e-06,0.045760154724121094,0.0,0.001961355796083808,0.29429117838541663,fluid,0.014389920787731072
0277,omega,stage2_1007_best,0.010699368081986904,1.9073486328125e-06,0.045760154724121094,0.0,0.010776772163808346,0.29429117838541663,fluid,0.007234453589063503
0277,temperature,stage2_1007_best,0.006343248765915632,1.9073486328125e-06,0.045760154724121094,0.0,0.006340960506349802,0.29429117838541663,fluid,-0.0003607393703563707
0277,__all__,stage2_1007_best,0.004497607704252005,1.9073486328125e-06,0.045760154724121094,0.0,0.004494195803999901,0.29429117838541663,fluid,-0.0007586033457026989
0277,u,stage2_1007_best,0.006865086033940315,1.9073486328125e-06,0.045760154724121094,0.0,0.006724369712173939,0.29429117838541663,near_interface_fluid,-0.020497386496059734
0277,v,stage2_1007_best,0.013231411576271057,1.9073486328125e-06,0.045760154724121094,0.0,0.011066977865993977,0.29429117838541663,near_interface_fluid,-0.1635829781123831
0277,p,stage2_1007_best,0.009856071323156357,1.9073486328125e-06,0.045760154724121094,0.0,0.00944538600742817,0.29429117838541663,near_interface_fluid,-0.04166825728658259
0277,omega,stage2_1007_best,0.21338124573230743,1.9073486328125e-06,0.045760154724121094,0.0,0.21461717784404755,0.29429117838541663,near_interface_fluid,0.0057921309227457725
0277,temperature,stage2_1007_best,0.006952410098165274,1.9073486328125e-06,0.045760154724121094,0.0,0.006906510796397924,0.29429117838541663,near_interface_fluid,-0.0066019266871875084
0277,__all__,stage2_1007_best,0.050057243555784225,1.9073486328125e-06,0.045760154724121094,0.0,0.04975208640098572,0.29429117838541663,near_interface_fluid,-0.006096163774148649
0277,u,stage2_1007_best,0.0016597267240285873,1.9073486328125e-06,0.045760154724121094,0.0,0.0016633644700050354,0.29429117838541663,far_field_fluid,0.002191774057610102
0277,v,stage2_1007_best,0.0007379053276963532,1.9073486328125e-06,0.045760154724121094,0.0,0.0007459155167452991,0.29429117838541663,far_field_fluid,0.01085530724375266
0277,p,stage2_1007_best,0.0014550423948094249,1.9073486328125e-06,0.045760154724121094,0.0,0.0015048645436763763,0.29429117838541663,far_field_fluid,0.03424102902065403
0277,omega,stage2_1007_best,0.001992369070649147,1.9073486328125e-06,0.045760154724121094,0.0,0.002024993533268571,0.29429117838541663,far_field_fluid,0.016374708431301975
0277,temperature,stage2_1007_best,0.0073519060388207436,1.9073486328125e-06,0.045760154724121094,0.0,0.0073484256863594055,0.29429117838541663,far_field_fluid,-0.000473394578624987
0277,__all__,stage2_1007_best,0.002639389829710126,1.9073486328125e-06,0.045760154724121094,0.0,0.002657512901350856,0.29429117838541663,far_field_fluid,0.006866386858329409
0278,u,stage2_1007_best,0.011201029643416405,9.5367431640625e-07,0.05314469337463379,0.0,0.011118710972368717,0.36474609375,whole,-0.007349205713072256
0278,v,stage2_1007_best,0.14265042543411255,9.5367431640625e-07,0.05314469337463379,0.0,0.14369378983974457,0.36474609375,whole,0.007314134552749222
0278,p,stage2_1007_best,0.021566566079854965,9.5367431640625e-07,0.05314469337463379,0.0,0.021377816796302795,0.36474609375,whole,-0.008751939592667835
0278,omega,stage2_1007_best,0.2350507527589798,9.5367431640625e-07,0.05314469337463379,0.0,0.23575855791568756,0.36474609375,whole,0.0030112864919583752
0278,temperature,stage2_1007_best,0.008322399109601974,9.5367431640625e-07,0.05314469337463379,0.0,0.008137354627251625,0.36474609375,whole,-0.022234511937411678
0278,__all__,stage2_1007_best,0.08375822752714157,9.5367431640625e-07,0.05314469337463379,0.0,0.08401724696159363,0.36474609375,whole,0.0030924655654648676
0278,u,stage2_1007_best,0.00158903026022017,9.5367431640625e-07,0.05314469337463379,0.0,0.001601250609382987,0.36474609375,fluid,0.0076904445867027075
0278,v,stage2_1007_best,0.0026667839847505093,9.5367431640625e-07,0.05314469337463379,0.0,0.0026481468230485916,0.36474609375,fluid,-0.006988628178544145
0278,p,stage2_1007_best,0.005136932712048292,9.5367431640625e-07,0.05314469337463379,0.0,0.005143734160810709,0.36474609375,fluid,0.0013240291714284186
0278,omega,stage2_1007_best,0.008236519992351532,9.5367431640625e-07,0.05314469337463379,0.0,0.008251243270933628,0.36474609375,fluid,0.0017875605954660707
0278,temperature,stage2_1007_best,0.007461779750883579,9.5367431640625e-07,0.05314469337463379,0.0,0.007333655841648579,0.36474609375,fluid,-0.017170690306133593
0278,__all__,stage2_1007_best,0.005018208641558886,9.5367431640625e-07,0.05314469337463379,0.0,0.0049956063739955425,0.36474609375,fluid,-0.00450405098268727
0278,u,stage2_1007_best,0.009649834595620632,9.5367431640625e-07,0.05314469337463379,0.0,0.009599857032299042,0.36474609375,near_interface_fluid,-0.005179110877638427
0278,v,stage2_1007_best,0.023755187168717384,9.5367431640625e-07,0.05314469337463379,0.0,0.023606980219483376,0.36474609375,near_interface_fluid,-0.006238929972699977
0278,p,stage2_1007_best,0.0483485609292984,9.5367431640625e-07,0.05314469337463379,0.0,0.04740309342741966,0.36474609375,near_interface_fluid,-0.019555235641063335
0278,omega,stage2_1007_best,0.12744249403476715,9.5367431640625e-07,0.05314469337463379,0.0,0.1273593008518219,0.36474609375,near_interface_fluid,-0.0006527899785338147
0278,temperature,stage2_1007_best,0.011699552647769451,9.5367431640625e-07,0.05314469337463379,0.0,0.011750533245503902,0.36474609375,near_interface_fluid,0.004357482655045864
0278,__all__,stage2_1007_best,0.044179122895002365,9.5367431640625e-07,0.05314469337463379,0.0,0.04394394904375076,0.36474609375,near_interface_fluid,-0.005323189684198224
0278,u,stage2_1007_best,0.0010456249583512545,9.5367431640625e-07,0.05314469337463379,0.0,0.0010508111445233226,0.36474609375,far_field_fluid,0.004959891336417331
0278,v,stage2_1007_best,0.0008623715839348733,9.5367431640625e-07,0.05314469337463379,0.0,0.0008622028399258852,0.36474609375,far_field_fluid,-0.0001956743614141229
0278,p,stage2_1007_best,0.0027926031034439802,9.5367431640625e-07,0.05314469337463379,0.0,0.002844658913090825,0.36474609375,far_field_fluid,0.01864060438185684
0278,omega,stage2_1007_best,0.00217431946657598,9.5367431640625e-07,0.05314469337463379,0.0,0.002195643726736307,0.36474609375,far_field_fluid,0.009807326148768487
0278,temperature,stage2_1007_best,0.007157765328884125,9.5367431640625e-07,0.05314469337463379,0.0,0.007028429768979549,0.36474609375,far_field_fluid,-0.0180692651912826
0278,__all__,stage2_1007_best,0.002806536853313446,9.5367431640625e-07,0.05314469337463379,0.0,0.0027963491156697273,0.36474609375,far_field_fluid,-0.0036300031591214987
0279,u,stage2_1007_best,0.017949000000953674,1.9073486328125e-06,0.05509757995605469,0.0,0.017829155549407005,0.39776611328125,whole,-0.006676943090996789
0279,v,stage2_1007_best,0.19650258123874664,1.9073486328125e-06,0.05509757995605469,0.0,0.19766804575920105,0.39776611328125,whole,0.005931039241863144
0279,p,stage2_1007_best,0.01768835075199604,1.9073486328125e-06,0.05509757995605469,0.0,0.017528336495161057,0.39776611328125,whole,-0.00904630731708704
0279,omega,stage2_1007_best,0.31849074363708496,1.9073486328125e-06,0.05509757995605469,0.0,0.3192813992500305,0.39776611328125,whole,0.002482507353012733
0279,temperature,stage2_1007_best,0.00377479987218976,1.9073486328125e-06,0.05509757995605469,0.0,0.003835601732134819,0.39776611328125,whole,0.016107306878175687
0279,__all__,stage2_1007_best,0.11088110506534576,1.9073486328125e-06,0.05509757995605469,0.0,0.11122850328683853,0.39776611328125,whole,0.0031330696180204417
0279,u,stage2_1007_best,0.002021703403443098,1.9073486328125e-06,0.05509757995605469,0.0,0.0020436567720025778,0.39776611328125,fluid,0.01085884730771667
0279,v,stage2_1007_best,0.001615765388123691,1.9073486328125e-06,0.05509757995605469,0.0,0.0016146751586347818,0.39776611328125,fluid,-0.0006747449208422978
0279,p,stage2_1007_best,0.0016483395593240857,1.9073486328125e-06,0.05509757995605469,0.0,0.0016345011536031961,0.39776611328125,fluid,-0.008395361042335302
0279,omega,stage2_1007_best,0.013516349717974663,1.9073486328125e-06,0.05509757995605469,0.0,0.01349218562245369,0.39776611328125,fluid,-0.0017877678533900821
0279,temperature,stage2_1007_best,0.0031349854543805122,1.9073486328125e-06,0.05509757995605469,0.0,0.00319204805418849,0.39776611328125,fluid,0.018201870674788668
0279,__all__,stage2_1007_best,0.004387428518384695,1.9073486328125e-06,0.05509757995605469,0.0,0.004395413212478161,0.39776611328125,fluid,0.0018199029477078531
0279,u,stage2_1007_best,0.010679514147341251,1.9073486328125e-06,0.05509757995605469,0.0,0.010743184946477413,0.39776611328125,near_interface_fluid,0.005961956532639937
0279,v,stage2_1007_best,0.010667324997484684,1.9073486328125e-06,0.05509757995605469,0.0,0.010410377755761147,0.39776611328125,near_interface_fluid,-0.024087317278148425
0279,p,stage2_1007_best,0.01381027139723301,1.9073486328125e-06,0.05509757995605469,0.0,0.01297630276530981,0.39776611328125,near_interface_fluid,-0.06038756284617915
0279,omega,stage2_1007_best,0.29174429178237915,1.9073486328125e-06,0.05509757995605469,0.0,0.29158663749694824,0.39776611328125,near_interface_fluid,-0.0005403851587557617
0279,temperature,stage2_1007_best,0.005802473518997431,1.9073486328125e-06,0.05509757995605469,0.0,0.0057861399836838245,0.39776611328125,near_interface_fluid,-0.0028149262999873923
0279,__all__,stage2_1007_best,0.06654077768325806,1.9073486328125e-06,0.05509757995605469,0.0,0.06630052626132965,0.39776611328125,near_interface_fluid,-0.0036105893302304168
0279,u,stage2_1007_best,0.0012592293787747622,1.9073486328125e-06,0.05509757995605469,0.0,0.0012670226860791445,0.39776611328125,far_field_fluid,0.006188949714598669
0279,v,stage2_1007_best,0.0008000712841749191,1.9073486328125e-06,0.05509757995605469,0.0,0.0008127546752803028,0.39776611328125,far_field_fluid,0.015852826312174793
0279,p,stage2_1007_best,0.0009442889713682234,1.9073486328125e-06,0.05509757995605469,0.0,0.0009667587000876665,0.39776611328125,far_field_fluid,0.02379539463103722
0279,omega,stage2_1007_best,0.0013504463713616133,1.9073486328125e-06,0.05509757995605469,0.0,0.0013549550203606486,0.39776611328125,far_field_fluid,0.0033386360944414454
0279,temperature,stage2_1007_best,0.0031638378277420998,1.9073486328125e-06,0.05509757995605469,0.0,0.003241926897317171,0.39776611328125,far_field_fluid,0.024681754826479295
0279,__all__,stage2_1007_best,0.0015035747783258557,1.9073486328125e-06,0.05509757995605469,0.0,0.0015286835841834545,0.39776611328125,far_field_fluid,0.016699406121693527
0280,u,stage2_1007_best,0.01082434318959713,1.430511474609375e-06,0.028907060623168945,0.0,0.010818062350153923,0.4178466796875,whole,-0.0005802513217839459
0280,v,stage2_1007_best,0.15993618965148926,1.430511474609375e-06,0.028907060623168945,0.0,0.16034501791000366,0.4178466796875,whole,0.002556196064225777
0280,p,stage2_1007_best,0.01769421435892582,1.430511474609375e-06,0.028907060623168945,0.0,0.017801331356167793,0.4178466796875,whole,0.00605378656939006
0280,omega,stage2_1007_best,0.21782651543617249,1.430511474609375e-06,0.028907060623168945,0.0,0.21772576868534088,0.4178466796875,whole,-0.00046250912396900005
0280,temperature,stage2_1007_best,0.007353255525231361,1.430511474609375e-06,0.028907060623168945,0.0,0.007066696882247925,0.4178466796875,whole,-0.038970309409235494
0280,__all__,stage2_1007_best,0.08272689580917358,1.430511474609375e-06,0.028907060623168945,0.0,0.08275137841701508,0.4178466796875,whole,0.00029594495964124914
0280,u,stage2_1007_best,0.0015789809403941035,1.430511474609375e-06,0.028907060623168945,0.0,0.0016221615951508284,0.4178466796875,fluid,0.02734716655031138
0280,v,stage2_1007_best,0.0016987755661830306,1.430511474609375e-06,0.028907060623168945,0.0,0.0017104538856074214,0.4178466796875,fluid,0.006874551092485245
0280,p,stage2_1007_best,0.0029238953720778227,1.430511474609375e-06,0.028907060623168945,0.0,0.0030447046738117933,0.4178466796875,fluid,0.04131792911868776
0280,omega,stage2_1007_best,0.007336025591939688,1.430511474609375e-06,0.028907060623168945,0.0,0.007333450950682163,0.4178466796875,fluid,-0.00035095859812066715
0280,temperature,stage2_1007_best,0.0066518355160951614,1.430511474609375e-06,0.028907060623168945,0.0,0.006389865186065435,0.4178466796875,fluid,-0.03938316415008273
0280,__all__,stage2_1007_best,0.004037902690470219,1.430511474609375e-06,0.028907060623168945,0.0,0.004020127467811108,0.4178466796875,fluid,-0.004402092873872866
0280,u,stage2_1007_best,0.006997603923082352,1.430511474609375e-06,0.028907060623168945,0.0,0.007083346601575613,0.4178466796875,near_interface_fluid,0.012253148282718583
0280,v,stage2_1007_best,0.005552458111196756,1.430511474609375e-06,0.028907060623168945,0.0,0.005641161929816008,0.4178466796875,near_interface_fluid,0.01597559438411186
0280,p,stage2_1007_best,0.015250388532876968,1.430511474609375e-06,0.028907060623168945,0.0,0.015764208510518074,0.4178466796875,near_interface_fluid,0.03369225489130368
0280,omega,stage2_1007_best,0.11923811584711075,1.430511474609375e-06,0.028907060623168945,0.0,0.11938387900590897,0.4178466796875,near_interface_fluid,0.0012224543952465495
0280,temperature,stage2_1007_best,0.00696457177400589,1.430511474609375e-06,0.028907060623168945,0.0,0.006425445433706045,0.4178466796875,near_interface_fluid,-0.07740983333850394
0280,__all__,stage2_1007_best,0.030800629407167435,1.430511474609375e-06,0.028907060623168945,0.0,0.030859610065817833,0.4178466796875,near_interface_fluid,0.0019149173177829026
0280,u,stage2_1007_best,0.0009302764083258808,1.430511474609375e-06,0.028907060623168945,0.0,0.0009626669925637543,0.4178466796875,far_field_fluid,0.03481823676058112
0280,v,stage2_1007_best,0.0010198699310421944,1.430511474609375e-06,0.028907060623168945,0.0,0.0010295255342498422,0.4178466796875,far_field_fluid,0.00946748493484933
0280,p,stage2_1007_best,0.001935511245392263,1.430511474609375e-06,0.028907060623168945,0.0,0.002017038641497493,0.4178466796875,far_field_fluid,0.04212189223871288
0280,omega,stage2_1007_best,0.0019223126582801342,1.430511474609375e-06,0.028907060623168945,0.0,0.0019204624695703387,0.4178466796875,far_field_fluid,-0.0009624806359288153
0280,temperature,stage2_1007_best,0.007136721163988113,1.430511474609375e-06,0.028907060623168945,0.0,0.0068968855775892735,0.4178466796875,far_field_fluid,-0.03360585076646262
0280,__all__,stage2_1007_best,0.0025889379903674126,1.430511474609375e-06,0.028907060623168945,0.0,0.002565315691754222,0.4178466796875,far_field_fluid,-0.009124319972545291
0281,u,stage2_1007_best,0.010494302958250046,1.430511474609375e-06,0.042145729064941406,0.0,0.010378124192357063,0.385986328125,whole,-0.01107065103372579
0281,v,stage2_1007_best,0.13583256304264069,1.430511474609375e-06,0.042145729064941406,0.0,0.13681703805923462,0.385986328125,whole,0.0072477099345087505
0281,p,stage2_1007_best,0.025683101266622543,1.430511474609375e-06,0.042145729064941406,0.0,0.025510713458061218,0.385986328125,whole,-0.006712110300532835
0281,omega,stage2_1007_best,0.1902974396944046,1.430511474609375e-06,0.042145729064941406,0.0,0.19076991081237793,0.385986328125,whole,0.0024828033353053035
0281,temperature,stage2_1007_best,0.006946269888430834,1.430511474609375e-06,0.042145729064941406,0.0,0.006744317710399628,0.385986328125,whole,-0.02907347126945959
0281,__all__,stage2_1007_best,0.07385073602199554,1.430511474609375e-06,0.042145729064941406,0.0,0.07404401898384094,0.385986328125,whole,0.002617211042931664
0281,u,stage2_1007_best,0.0020471701864153147,1.430511474609375e-06,0.042145729064941406,0.0,0.0020371752325445414,0.385986328125,fluid,-0.004882326802675317
0281,v,stage2_1007_best,0.0028312006033957005,1.430511474609375e-06,0.042145729064941406,0.0,0.0027486635372042656,0.385986328125,fluid,-0.029152673283709078
0281,p,stage2_1007_best,0.008025717921555042,1.430511474609375e-06,0.042145729064941406,0.0,0.00804915837943554,0.385986328125,fluid,0.002920668046099883
0281,omega,stage2_1007_best,0.007650513201951981,1.430511474609375e-06,0.042145729064941406,0.0,0.007638227194547653,0.385986328125,fluid,-0.0016059063071994562
0281,temperature,stage2_1007_best,0.006073749624192715,1.430511474609375e-06,0.042145729064941406,0.0,0.005899257957935333,0.385986328125,fluid,-0.028728821083166364
0281,__all__,stage2_1007_best,0.005325669888406992,1.430511474609375e-06,0.042145729064941406,0.0,0.005274496506899595,0.385986328125,fluid,-0.009608815901036558
0281,u,stage2_1007_best,0.009269645437598228,1.430511474609375e-06,0.042145729064941406,0.0,0.008899851702153683,0.385986328125,near_interface_fluid,-0.039892975188095176
0281,v,stage2_1007_best,0.021039362996816635,1.430511474609375e-06,0.042145729064941406,0.0,0.019149333238601685,0.385986328125,near_interface_fluid,-0.0898330314706259
0281,p,stage2_1007_best,0.02731417305767536,1.430511474609375e-06,0.042145729064941406,0.0,0.026123223826289177,0.385986328125,near_interface_fluid,-0.04360187763588635
0281,omega,stage2_1007_best,0.12922127544879913,1.430511474609375e-06,0.042145729064941406,0.0,0.12893366813659668,0.385986328125,near_interface_fluid,-0.0022256962810772688
0281,temperature,stage2_1007_best,0.006823005620390177,1.430511474609375e-06,0.042145729064941406,0.0,0.0070188757963478565,0.385986328125,near_interface_fluid,0.02870731563994796
0281,__all__,stage2_1007_best,0.03873349353671074,1.430511474609375e-06,0.042145729064941406,0.0,0.03802499175071716,0.385986328125,near_interface_fluid,-0.018291708836489895
0281,u,stage2_1007_best,0.001497491612099111,1.430511474609375e-06,0.042145729064941406,0.0,0.001498501980677247,0.385986328125,far_field_fluid,0.0006747073372382244
0281,v,stage2_1007_best,0.0013570894952863455,1.430511474609375e-06,0.042145729064941406,0.0,0.0013619889505207539,0.385986328125,far_field_fluid,0.00361026686259523
0281,p,stage2_1007_best,0.007063525263220072,1.430511474609375e-06,0.042145729064941406,0.0,0.007184486370533705,0.385986328125,far_field_fluid,0.017124750433537776
0281,omega,stage2_1007_best,0.0018474503885954618,1.430511474609375e-06,0.042145729064941406,0.0,0.0018363356357440352,0.385986328125,far_field_fluid,-0.0060162659414506265
0281,temperature,stage2_1007_best,0.006409281864762306,1.430511474609375e-06,0.042145729064941406,0.0,0.0062364027835428715,0.385986328125,far_field_fluid,-0.02697323738715712
0281,__all__,stage2_1007_best,0.0036349676083773375,1.430511474609375e-06,0.042145729064941406,0.0,0.0036235428415238857,0.385986328125,far_field_fluid,-0.0031430175133119785
0282,u,stage2_1007_best,0.021855022758245468,1.430511474609375e-06,0.03561735153198242,0.0,0.021772287786006927,0.31927490234375,whole,-0.003785627366017104
0282,v,stage2_1007_best,0.20422455668449402,1.430511474609375e-06,0.03561735153198242,0.0,0.20453204214572906,0.31927490234375,whole,0.001505624329546617
0282,p,stage2_1007_best,0.019058091565966606,1.430511474609375e-06,0.03561735153198242,0.0,0.018978571519255638,0.31927490234375,whole,-0.004172508377122746
0282,omega,stage2_1007_best,0.3485002815723419,1.430511474609375e-06,0.03561735153198242,0.0,0.3486762046813965,0.31927490234375,whole,0.0005048004789575677
0282,temperature,stage2_1007_best,0.005609138868749142,1.430511474609375e-06,0.03561735153198242,0.0,0.00555425463244319,0.31927490234375,whole,-0.009784788287509711
0282,__all__,stage2_1007_best,0.11984942108392715,1.430511474609375e-06,0.03561735153198242,0.0,0.11990268528461456,0.31927490234375,whole,0.0004444260156259665
0282,u,stage2_1007_best,0.0024642557837069035,1.430511474609375e-06,0.03561735153198242,0.0,0.0024424295406788588,0.31927490234375,fluid,-0.008857133732770289
0282,v,stage2_1007_best,0.004999087192118168,1.430511474609375e-06,0.03561735153198242,0.0,0.004892092198133469,0.31927490234375,fluid,-0.021402906145224544
0282,p,stage2_1007_best,0.0033903007861226797,1.430511474609375e-06,0.03561735153198242,0.0,0.003353687236085534,0.31927490234375,fluid,-0.010799499025872194
0282,omega,stage2_1007_best,0.012530912645161152,1.430511474609375e-06,0.03561735153198242,0.0,0.01248640101402998,0.31927490234375,fluid,-0.0035521459922043647
0282,temperature,stage2_1007_best,0.004641016013920307,1.430511474609375e-06,0.03561735153198242,0.0,0.004604053217917681,0.31927490234375,fluid,-0.007964375880574396
0282,__all__,stage2_1007_best,0.005605114623904228,1.430511474609375e-06,0.03561735153198242,0.0,0.005555732641369104,0.31927490234375,fluid,-0.008810164617245049
0282,u,stage2_1007_best,0.016849197447299957,1.430511474609375e-06,0.03561735153198242,0.0,0.016534455120563507,0.31927490234375,near_interface_fluid,-0.018679959548274325
0282,v,stage2_1007_best,0.04762410372495651,1.430511474609375e-06,0.03561735153198242,0.0,0.046371132135391235,0.31927490234375,near_interface_fluid,-0.026309609873218065
0282,p,stage2_1007_best,0.02573004923760891,1.430511474609375e-06,0.03561735153198242,0.0,0.025553438812494278,0.31927490234375,near_interface_fluid,-0.006863975404154494
0282,omega,stage2_1007_best,0.21099460124969482,1.430511474609375e-06,0.03561735153198242,0.0,0.2110176533460617,0.31927490234375,near_interface_fluid,0.00010925443698723863
0282,temperature,stage2_1007_best,0.008996113203465939,1.430511474609375e-06,0.03561735153198242,0.0,0.009035379625856876,0.31927490234375,near_interface_fluid,0.0043648208401612385
0282,__all__,stage2_1007_best,0.062038809061050415,1.430511474609375e-06,0.03561735153198242,0.0,0.0617024190723896,0.31927490234375,near_interface_fluid,-0.005422250906360593
0282,u,stage2_1007_best,0.0013226636219769716,1.430511474609375e-06,0.03561735153198242,0.0,0.0013222048291936517,0.31927490234375,far_field_fluid,-0.0003468703423128832
0282,v,stage2_1007_best,0.0006383478757925332,1.430511474609375e-06,0.03561735153198242,0.0,0.0006399117992259562,0.31927490234375,far_field_fluid,0.0024499547859877686
0282,p,stage2_1007_best,0.0014041237300261855,1.430511474609375e-06,0.03561735153198242,0.0,0.0013878669124096632,0.31927490234375,far_field_fluid,-0.01157790960218238
0282,omega,stage2_1007_best,0.001532299560494721,1.430511474609375e-06,0.03561735153198242,0.0,0.0015326536959037185,0.31927490234375,far_field_fluid,0.0002311136922098959
0282,temperature,stage2_1007_best,0.004008499439805746,1.430511474609375e-06,0.03561735153198242,0.0,0.003943984862416983,0.31927490234375,far_field_fluid,-0.01609444590364963
0282,__all__,stage2_1007_best,0.0017811867874115705,1.430511474609375e-06,0.03561735153198242,0.0,0.001765324384905398,0.31927490234375,far_field_fluid,-0.008905524461712395
0283,u,stage2_1007_best,0.023862462490797043,1.9073486328125e-06,0.04914569854736328,0.0,0.023643046617507935,0.42917887369791663,whole,-0.009195022239374066
0283,v,stage2_1007_best,0.2720547020435333,1.9073486328125e-06,0.04914569854736328,0.0,0.27468636631965637,0.42917887369791663,whole,0.009673290909347843
0283,p,stage2_1007_best,0.026841025799512863,1.9073486328125e-06,0.04914569854736328,0.0,0.026316393166780472,0.42917887369791663,whole,-0.01954592334328418
0283,omega,stage2_1007_best,0.520965576171875,1.9073486328125e-06,0.04914569854736328,0.0,0.5226783752441406,0.42917887369791663,whole,0.0032877394411575185
0283,temperature,stage2_1007_best,0.013728775084018707,1.9073486328125e-06,0.04914569854736328,0.0,0.01313386857509613,0.42917887369791663,whole,-0.04333281777010765
0283,__all__,stage2_1007_best,0.17149050533771515,1.9073486328125e-06,0.04914569854736328,0.0,0.17209160327911377,0.42917887369791663,whole,0.003505138317802973
0283,u,stage2_1007_best,0.00337786297313869,1.9073486328125e-06,0.04914569854736328,0.0,0.003413555910810828,0.42917887369791663,fluid,0.010566721609483333
0283,v,stage2_1007_best,0.004056377336382866,1.9073486328125e-06,0.04914569854736328,0.0,0.004022025037556887,0.42917887369791663,fluid,-0.008468713824491414
0283,p,stage2_1007_best,0.004138204734772444,1.9073486328125e-06,0.04914569854736328,0.0,0.00412700604647398,0.42917887369791663,fluid,-0.0027061706745351802
0283,omega,stage2_1007_best,0.024217069149017334,1.9073486328125e-06,0.04914569854736328,0.0,0.024168027564883232,0.42917887369791663,fluid,-0.002025083375379958
0283,temperature,stage2_1007_best,0.011689095757901669,1.9073486328125e-06,0.04914569854736328,0.0,0.011119929142296314,0.42917887369791663,fluid,-0.04869209966225193
0283,__all__,stage2_1007_best,0.009495722129940987,1.9073486328125e-06,0.04914569854736328,0.0,0.00937010906636715,0.42917887369791663,fluid,-0.01322838451409255
0283,u,stage2_1007_best,0.013257480226457119,1.9073486328125e-06,0.04914569854736328,0.0,0.013446628116071224,0.42917887369791663,near_interface_fluid,0.014267257908982936
0283,v,stage2_1007_best,0.02271314151585102,1.9073486328125e-06,0.04914569854736328,0.0,0.02194494940340519,0.42917887369791663,near_interface_fluid,-0.0338214822423277
0283,p,stage2_1007_best,0.02296728827059269,1.9073486328125e-06,0.04914569854736328,0.0,0.022346412762999535,0.42917887369791663,near_interface_fluid,-0.027033034996479046
0283,omega,stage2_1007_best,0.33362266421318054,1.9073486328125e-06,0.04914569854736328,0.0,0.33261823654174805,0.42917887369791663,near_interface_fluid,-0.0030106697750926143
0283,temperature,stage2_1007_best,0.016265202313661575,1.9073486328125e-06,0.04914569854736328,0.0,0.01596841588616371,0.42917887369791663,near_interface_fluid,-0.018246709864074975
0283,__all__,stage2_1007_best,0.08176515251398087,1.9073486328125e-06,0.04914569854736328,0.0,0.081264927983284,0.42917887369791663,near_interface_fluid,-0.006117820554561266
0283,u,stage2_1007_best,0.0019687360618263483,1.9073486328125e-06,0.04914569854736328,0.0,0.0019696690142154694,0.42917887369791663,far_field_fluid,0.000473883933560692
0283,v,stage2_1007_best,0.0012897923588752747,1.9073486328125e-06,0.04914569854736328,0.0,0.0012913300888612866,0.42917887369791663,far_field_fluid,0.001192230652810592
0283,p,stage2_1007_best,0.002255096333101392,1.9073486328125e-06,0.04914569854736328,0.0,0.0022415549028664827,0.42917887369791663,far_field_fluid,-0.006004812316060034
0283,omega,stage2_1007_best,0.0016006510704755783,1.9073486328125e-06,0.04914569854736328,0.0,0.0016244923463091254,0.42917887369791663,far_field_fluid,0.014894736444004315
0283,temperature,stage2_1007_best,0.011961463838815689,1.9073486328125e-06,0.04914569854736328,0.0,0.011294705793261528,0.42917887369791663,far_field_fluid,-0.055742177925622284
0283,__all__,stage2_1007_best,0.003815148025751114,1.9073486328125e-06,0.04914569854736328,0.0,0.0036843502894043922,0.42917887369791663,far_field_fluid,-0.03428379068488977
0284,u,stage2_1007_best,0.021923109889030457,1.9073486328125e-06,0.09374809265136719,0.0,0.021562609821558,0.40826416015625,whole,-0.01644383800004758
0284,v,stage2_1007_best,0.29437753558158875,1.9073486328125e-06,0.09374809265136719,0.0,0.2975190281867981,0.40826416015625,whole,0.010671645168177802
0284,p,stage2_1007_best,0.028901902958750725,1.9073486328125e-06,0.09374809265136719,0.0,0.028679003939032555,0.40826416015625,whole,-0.0077122610243448445
0284,omega,stage2_1007_best,0.4602992534637451,1.9073486328125e-06,0.09374809265136719,0.0,0.46227461099624634,0.40826416015625,whole,0.004291463689407889
0284,temperature,stage2_1007_best,0.010520368814468384,1.9073486328125e-06,0.09374809265136719,0.0,0.010914353653788567,0.40826416015625,whole,0.03744971742609878
0284,__all__,stage2_1007_best,0.16320443153381348,1.9073486328125e-06,0.09374809265136719,0.0,0.1641899198293686,0.40826416015625,whole,0.006038367256902192
0284,u,stage2_1007_best,0.002549735363572836,1.9073486328125e-06,0.09374809265136719,0.0,0.0025203609839081764,0.40826416015625,fluid,-0.011520560166486622
0284,v,stage2_1007_best,0.00407691765576601,1.9073486328125e-06,0.09374809265136719,0.0,0.0041036456823349,0.40826416015625,fluid,0.006555939762748948
0284,p,stage2_1007_best,0.005836214870214462,1.9073486328125e-06,0.09374809265136719,0.0,0.006010533310472965,0.40826416015625,fluid,0.029868406858724397
0284,omega,stage2_1007_best,0.01904458925127983,1.9073486328125e-06,0.09374809265136719,0.0,0.019182374700903893,0.40826416015625,fluid,0.0072348869175428475
0284,temperature,stage2_1007_best,0.01011371985077858,1.9073486328125e-06,0.09374809265136719,0.0,0.010560555383563042,0.40826416015625,fluid,0.04418112617090768
0284,__all__,stage2_1007_best,0.008324235677719116,1.9073486328125e-06,0.09374809265136719,0.0,0.008475493639707565,0.40826416015625,fluid,0.018170792832465137
0284,u,stage2_1007_best,0.012606417760252953,1.9073486328125e-06,0.09374809265136719,0.0,0.012378666549921036,0.40826416015625,near_interface_fluid,-0.018066290889549808
0284,v,stage2_1007_best,0.020416196435689926,1.9073486328125e-06,0.09374809265136719,0.0,0.02044527977705002,0.40826416015625,near_interface_fluid,0.0014245229982824343
0284,p,stage2_1007_best,0.02628333494067192,1.9073486328125e-06,0.09374809265136719,0.0,0.026606036350131035,0.40826416015625,near_interface_fluid,0.012277795423888639
0284,omega,stage2_1007_best,0.23900453746318817,1.9073486328125e-06,0.09374809265136719,0.0,0.24015572667121887,0.40826416015625,near_interface_fluid,0.004816599802871979
0284,temperature,stage2_1007_best,0.02051728218793869,1.9073486328125e-06,0.09374809265136719,0.0,0.021328281611204147,0.40826416015625,near_interface_fluid,0.0395276243625587
0284,__all__,stage2_1007_best,0.06376554816961288,1.9073486328125e-06,0.09374809265136719,0.0,0.06418280303478241,0.40826416015625,near_interface_fluid,0.00654357842356581
0284,u,stage2_1007_best,0.0012717414647340775,1.9073486328125e-06,0.09374809265136719,0.0,0.0012528692604973912,0.40826416015625,far_field_fluid,-0.014839654725445654
0284,v,stage2_1007_best,0.0006555383442901075,1.9073486328125e-06,0.09374809265136719,0.0,0.0006578180473297834,0.40826416015625,far_field_fluid,0.003477604414040305
0284,p,stage2_1007_best,0.0028058504685759544,1.9073486328125e-06,0.09374809265136719,0.0,0.0029075408820062876,0.40826416015625,far_field_fluid,0.03624227825723863
0284,omega,stage2_1007_best,0.001298827468417585,1.9073486328125e-06,0.09374809265136719,0.0,0.0013203180860728025,0.40826416015625,far_field_fluid,0.016546168123007556
0284,temperature,stage2_1007_best,0.007754799909889698,1.9073486328125e-06,0.09374809265136719,0.0,0.008122376166284084,0.40826416015625,far_field_fluid,0.047399837605818326
0284,__all__,stage2_1007_best,0.002757351379841566,1.9073486328125e-06,0.09374809265136719,0.0,0.0028521844651550055,0.40826416015625,far_field_fluid,0.03439281841507206
0285,u,stage2_1007_best,0.01894233748316765,1.9073486328125e-06,0.05989408493041992,0.0,0.01873062737286091,0.46962483723958337,whole,-0.011176556773675241
0285,v,stage2_1007_best,0.30016058683395386,1.9073486328125e-06,0.05989408493041992,0.0,0.30291467905044556,0.46962483723958337,whole,0.00917539589571511
0285,p,stage2_1007_best,0.027954623103141785,1.9073486328125e-06,0.05989408493041992,0.0,0.027802756056189537,0.46962483723958337,whole,-0.0054326272399351175
0285,omega,stage2_1007_best,0.43046101927757263,1.9073486328125e-06,0.05989408493041992,0.0,0.4315476417541504,0.46962483723958337,whole,0.0025243225934868585
0285,temperature,stage2_1007_best,0.013495656661689281,1.9073486328125e-06,0.05989408493041992,0.0,0.013294162228703499,0.46962483723958337,whole,-0.014930317066954867
0285,__all__,stage2_1007_best,0.15820284187793732,1.9073486328125e-06,0.05989408493041992,0.0,0.15885797142982483,0.46962483723958337,whole,0.004141073220372253
0285,u,stage2_1007_best,0.001964213326573372,1.9073486328125e-06,0.05989408493041992,0.0,0.001980924978852272,0.46962483723958337,fluid,0.008508063789616027
0285,v,stage2_1007_best,0.005231895484030247,1.9073486328125e-06,0.05989408493041992,0.0,0.005449868272989988,0.46962483723958337,fluid,0.041662298038077826
0285,p,stage2_1007_best,0.003914331551641226,1.9073486328125e-06,0.05989408493041992,0.0,0.004019933752715588,0.46962483723958337,fluid,0.026978348584213375
0285,omega,stage2_1007_best,0.01520064752548933,1.9073486328125e-06,0.05989408493041992,0.0,0.015277661383152008,0.46962483723958337,fluid,0.005066485327913594
0285,temperature,stage2_1007_best,0.012452618218958378,1.9073486328125e-06,0.05989408493041992,0.0,0.012273602187633514,0.46962483723958337,fluid,-0.0143757744899239
0285,__all__,stage2_1007_best,0.007752740755677223,1.9073486328125e-06,0.05989408493041992,0.0,0.007800397928804159,0.46962483723958337,fluid,0.00614713875116194
0285,u,stage2_1007_best,0.011661441065371037,1.9073486328125e-06,0.05989408493041992,0.0,0.011674856767058372,0.46962483723958337,near_interface_fluid,0.0011504325762254422
0285,v,stage2_1007_best,0.021911118179559708,1.9073486328125e-06,0.05989408493041992,0.0,0.022567953914403915,0.46962483723958337,near_interface_fluid,0.029977280459239735
0285,p,stage2_1007_best,0.01787670888006687,1.9073486328125e-06,0.05989408493041992,0.0,0.018097663298249245,0.46962483723958337,near_interface_fluid,0.012359904704201152
0285,omega,stage2_1007_best,0.18383730947971344,1.9073486328125e-06,0.05989408493041992,0.0,0.1848599910736084,0.46962483723958337,near_interface_fluid,0.005562970850635801
0285,temperature,stage2_1007_best,0.022970499470829964,1.9073486328125e-06,0.05989408493041992,0.0,0.023453151807188988,0.46962483723958337,near_interface_fluid,0.021011834634764474
0285,__all__,stage2_1007_best,0.05165141448378563,1.9073486328125e-06,0.05989408493041992,0.0,0.052130721509456635,0.46962483723958337,near_interface_fluid,0.009279649559674091
0285,u,stage2_1007_best,0.0005829911679029465,1.9073486328125e-06,0.05989408493041992,0.0,0.0005854705232195556,0.46962483723958337,far_field_fluid,0.004252817972401762
0285,v,stage2_1007_best,0.0012235490139573812,1.9073486328125e-06,0.05989408493041992,0.0,0.001227864297106862,0.46962483723958337,far_field_fluid,0.0035268576086900675
0285,p,stage2_1007_best,0.0025566413532942533,1.9073486328125e-06,0.05989408493041992,0.0,0.002638286678120494,0.46962483723958337,far_field_fluid,0.031934602294154346
0285,omega,stage2_1007_best,0.0014586617471650243,1.9073486328125e-06,0.05989408493041992,0.0,0.0014653585385531187,0.46962483723958337,far_field_fluid,0.004591051627363194
0285,temperature,stage2_1007_best,0.0082008745521307,1.9073486328125e-06,0.05989408493041992,0.0,0.007958553731441498,0.46962483723958337,far_field_fluid,-0.029548168204358533
0285,__all__,stage2_1007_best,0.0028045433573424816,1.9073486328125e-06,0.05989408493041992,0.0,0.00277510704472661,0.46962483723958337,far_field_fluid,-0.010495937792797961
0286,u,stage2_1007_best,0.019732218235731125,1.430511474609375e-06,0.054578304290771484,0.0,0.019465859979391098,0.38409423828125,whole,-0.013498647397772288
0286,v,stage2_1007_best,0.29099321365356445,1.430511474609375e-06,0.054578304290771484,0.0,0.2929890751838684,0.38409423828125,whole,0.006858790640664507
0286,p,stage2_1007_best,0.029037322849035263,1.430511474609375e-06,0.054578304290771484,0.0,0.02855222299695015,0.38409423828125,whole,-0.016706080467787703
0286,omega,stage2_1007_best,0.4402802586555481,1.430511474609375e-06,0.054578304290771484,0.0,0.44142740964889526,0.38409423828125,whole,0.0026055017702818197
0286,temperature,stage2_1007_best,0.0062229447066783905,1.430511474609375e-06,0.054578304290771484,0.0,0.006163823418319225,0.38409423828125,whole,-0.00950053248837595
0286,__all__,stage2_1007_best,0.1572531908750534,1.430511474609375e-06,0.054578304290771484,0.0,0.157719686627388,0.38409423828125,whole,0.002966526464351697
0286,u,stage2_1007_best,0.00273082940839231,1.430511474609375e-06,0.054578304290771484,0.0,0.002663871506229043,0.38409423828125,fluid,-0.024519254830599798
0286,v,stage2_1007_best,0.005219640675932169,1.430511474609375e-06,0.054578304290771484,0.0,0.00484782550483942,0.38409423828125,fluid,-0.07123386343569457
0286,p,stage2_1007_best,0.006462119519710541,1.430511474609375e-06,0.054578304290771484,0.0,0.006323520559817553,0.38409423828125,fluid,-0.02144791031336364
0286,omega,stage2_1007_best,0.01662454567849636,1.430511474609375e-06,0.054578304290771484,0.0,0.01647820882499218,0.38409423828125,fluid,-0.008802457302244703
0286,temperature,stage2_1007_best,0.005613910499960184,1.430511474609375e-06,0.054578304290771484,0.0,0.005550157278776169,0.38409423828125,fluid,-0.011356294544501098
0286,__all__,stage2_1007_best,0.0073302085511386395,1.430511474609375e-06,0.054578304290771484,0.0,0.007172716315835714,0.38409423828125,fluid,-0.021485368963814956
0286,u,stage2_1007_best,0.011431356891989708,1.430511474609375e-06,0.054578304290771484,0.0,0.011092479340732098,0.38409423828125,near_interface_fluid,-0.029644560524137945
0286,v,stage2_1007_best,0.030214820057153702,1.430511474609375e-06,0.054578304290771484,0.0,0.027364445850253105,0.38409423828125,near_interface_fluid,-0.09433695787394697
0286,p,stage2_1007_best,0.028592022135853767,1.430511474609375e-06,0.054578304290771484,0.0,0.026988452300429344,0.38409423828125,near_interface_fluid,-0.0560845199337469
0286,omega,stage2_1007_best,0.19442209601402283,1.430511474609375e-06,0.054578304290771484,0.0,0.19362512230873108,0.38409423828125,near_interface_fluid,-0.004099193052801291
0286,temperature,stage2_1007_best,0.013599924743175507,1.430511474609375e-06,0.054578304290771484,0.0,0.013491488993167877,0.38409423828125,near_interface_fluid,-0.0079732610330835
0286,__all__,stage2_1007_best,0.05565204471349716,1.430511474609375e-06,0.054578304290771484,0.0,0.054512400180101395,0.38409423828125,near_interface_fluid,-0.020478035250326963
0286,u,stage2_1007_best,0.0015019982820376754,1.430511474609375e-06,0.054578304290771484,0.0,0.0014833908062428236,0.38409423828125,far_field_fluid,-0.012388480078424644
0286,v,stage2_1007_best,0.0010170212481170893,1.430511474609375e-06,0.054578304290771484,0.0,0.0010090358555316925,0.38409423828125,far_field_fluid,-0.00785174606743065
0286,p,stage2_1007_best,0.0038608734030276537,1.430511474609375e-06,0.054578304290771484,0.0,0.00390544137917459,0.38409423828125,far_field_fluid,0.011543495860803596
0286,omega,stage2_1007_best,0.0017875899793580174,1.430511474609375e-06,0.054578304290771484,0.0,0.001787035260349512,0.38409423828125,far_field_fluid,-0.0003103166916971431
0286,temperature,stage2_1007_best,0.0031429568771272898,1.430511474609375e-06,0.054578304290771484,0.0,0.003133628983050585,0.38409423828125,far_field_fluid,-0.002967872115773607
0286,__all__,stage2_1007_best,0.00226208777166903,1.430511474609375e-06,0.054578304290771484,0.0,0.002263706410303712,0.38409423828125,far_field_fluid,0.0007155507646316597
0287,u,stage2_1007_best,0.0220357533544302,1.9073486328125e-06,0.05927467346191406,0.0,0.02170155569911003,0.42368570963541663,whole,-0.015166155199907357
0287,v,stage2_1007_best,0.28688138723373413,1.9073486328125e-06,0.05927467346191406,0.0,0.28904005885124207,0.42368570963541663,whole,0.007524613702976748
0287,p,stage2_1007_best,0.031938336789608,1.9073486328125e-06,0.05927467346191406,0.0,0.03133656829595566,0.42368570963541663,whole,-0.01884157267225466
0287,omega,stage2_1007_best,0.47849851846694946,1.9073486328125e-06,0.05927467346191406,0.0,0.47988784313201904,0.42368570963541663,whole,0.002903508812359139
0287,temperature,stage2_1007_best,0.007473990321159363,1.9073486328125e-06,0.05927467346191406,0.0,0.007344539742916822,0.42368570963541663,whole,-0.017320142611913367
0287,__all__,stage2_1007_best,0.16536559164524078,1.9073486328125e-06,0.05927467346191406,0.0,0.16586211323738098,0.42368570963541663,whole,0.0030025689576667603
0287,u,stage2_1007_best,0.0031680576503276825,1.9073486328125e-06,0.05927467346191406,0.0,0.0030789682641625404,0.42368570963541663,fluid,-0.028121137933183524
0287,v,stage2_1007_best,0.00852176733314991,1.9073486328125e-06,0.05927467346191406,0.0,0.007996910251677036,0.42368570963541663,fluid,-0.06159016797268862
0287,p,stage2_1007_best,0.006911020260304213,1.9073486328125e-06,0.05927467346191406,0.0,0.0066415430046617985,0.42368570963541663,fluid,-0.03899239844372155
0287,omega,stage2_1007_best,0.017624730244278908,1.9073486328125e-06,0.05927467346191406,0.0,0.01744554005563259,0.42368570963541663,fluid,-0.010166974822464743
0287,temperature,stage2_1007_best,0.005718860309571028,1.9073486328125e-06,0.05927467346191406,0.0,0.0055726380087435246,0.42368570963541663,fluid,-0.025568433728445337
0287,__all__,stage2_1007_best,0.008388887159526348,1.9073486328125e-06,0.05927467346191406,0.0,0.008147119544446468,0.42368570963541663,fluid,-0.02881998654676509
0287,u,stage2_1007_best,0.018536215648055077,1.9073486328125e-06,0.05927467346191406,0.0,0.017806392163038254,0.42368570963541663,near_interface_fluid,-0.03937284173176956
0287,v,stage2_1007_best,0.07233171910047531,1.9073486328125e-06,0.05927467346191406,0.0,0.06690555065870285,0.42368570963541663,near_interface_fluid,-0.07501782771449164
0287,p,stage2_1007_best,0.04623834788799286,1.9073486328125e-06,0.05927467346191406,0.0,0.043836358934640884,0.42368570963541663,near_interface_fluid,-0.05194798393685085
0287,omega,stage2_1007_best,0.19966615736484528,1.9073486328125e-06,0.05927467346191406,0.0,0.19812771677970886,0.42368570963541663,near_interface_fluid,-0.00770506432056614
0287,temperature,stage2_1007_best,0.010988803580403328,1.9073486328125e-06,0.05927467346191406,0.0,0.010618320666253567,0.42368570963541663,near_interface_fluid,-0.03371458152281972
0287,__all__,stage2_1007_best,0.06955224275588989,1.9073486328125e-06,0.05927467346191406,0.0,0.0674588680267334,0.42368570963541663,near_interface_fluid,-0.03009787529790649
0287,u,stage2_1007_best,0.001698543201200664,1.9073486328125e-06,0.05927467346191406,0.0,0.0016704773297533393,0.42368570963541663,far_field_fluid,-0.016523495797743374
0287,v,stage2_1007_best,0.001082603121176362,1.9073486328125e-06,0.05927467346191406,0.0,0.001075901323929429,0.42368570963541663,far_field_fluid,-0.006190447003007692
0287,p,stage2_1007_best,0.0025545181706547737,1.9073486328125e-06,0.05927467346191406,0.0,0.002585263689979911,0.42368570963541663,far_field_fluid,0.01203574109525964
0287,omega,stage2_1007_best,0.0020956224761903286,1.9073486328125e-06,0.05927467346191406,0.0,0.002116016810759902,0.42368570963541663,far_field_fluid,0.009731874324352852
0287,temperature,stage2_1007_best,0.004694339819252491,1.9073486328125e-06,0.05927467346191406,0.0,0.00458191754296422,0.42368570963541663,far_field_fluid,-0.02394847425131073
0287,__all__,stage2_1007_best,0.0024251253344118595,1.9073486328125e-06,0.05927467346191406,0.0,0.002405915642157197,0.42368570963541663,far_field_fluid,-0.007921113182103324
0288,u,stage2_1007_best,0.021053580567240715,1.9073486328125e-06,0.07602596282958984,0.0,0.020865779370069504,0.38863118489583337,whole,-0.00892015477231598
0288,v,stage2_1007_best,0.2710380554199219,1.9073486328125e-06,0.07602596282958984,0.0,0.27319276332855225,0.38863118489583337,whole,0.007949835329552011
0288,p,stage2_1007_best,0.02848520316183567,1.9073486328125e-06,0.07602596282958984,0.0,0.028320228680968285,0.38863118489583337,whole,-0.00579158519355122
0288,omega,stage2_1007_best,0.4093228578567505,1.9073486328125e-06,0.07602596282958984,0.0,0.41057318449020386,0.38863118489583337,whole,0.0030546220653304983
0288,temperature,stage2_1007_best,0.01262896228581667,1.9073486328125e-06,0.07602596282958984,0.0,0.01315970066934824,0.38863118489583337,whole,0.042025494377129616
0288,__all__,stage2_1007_best,0.14850573241710663,1.9073486328125e-06,0.07602596282958984,0.0,0.14922234416007996,0.38863118489583337,whole,0.004825482028940049
0288,u,stage2_1007_best,0.0028881244361400604,1.9073486328125e-06,0.07602596282958984,0.0,0.00293323234654963,0.38863118489583337,fluid,0.015618409596594756
0288,v,stage2_1007_best,0.004097634460777044,1.9073486328125e-06,0.07602596282958984,0.0,0.004052444826811552,0.38863118489583337,fluid,-0.011028224796050458
0288,p,stage2_1007_best,0.004333832301199436,1.9073486328125e-06,0.07602596282958984,0.0,0.004359872546046972,0.38863118489583337,fluid,0.0060085954041943805
0288,omega,stage2_1007_best,0.012933888472616673,1.9073486328125e-06,0.07602596282958984,0.0,0.012995262630283833,0.38863118489583337,fluid,0.00474522088211136
0288,temperature,stage2_1007_best,0.011794064193964005,1.9073486328125e-06,0.07602596282958984,0.0,0.012317697517573833,0.38863118489583337,fluid,0.04439803913207589
0288,__all__,stage2_1007_best,0.007209509611129761,1.9073486328125e-06,0.07602596282958984,0.0,0.007331701926887035,0.38863118489583337,fluid,0.016948769382128137
0288,u,stage2_1007_best,0.010858149267733097,1.9073486328125e-06,0.07602596282958984,0.0,0.010866556316614151,0.38863118489583337,near_interface_fluid,0.000774261678832962
0288,v,stage2_1007_best,0.02616206929087639,1.9073486328125e-06,0.07602596282958984,0.0,0.026143856346607208,0.38863118489583337,near_interface_fluid,-0.0006961583988897919
0288,p,stage2_1007_best,0.023647267371416092,1.9073486328125e-06,0.07602596282958984,0.0,0.022962773218750954,0.38863118489583337,near_interface_fluid,-0.02894601485719777
0288,omega,stage2_1007_best,0.15233878791332245,1.9073486328125e-06,0.07602596282958984,0.0,0.15341386198997498,0.38863118489583337,near_interface_fluid,0.0070571263653759755
0288,temperature,stage2_1007_best,0.02261457033455372,1.9073486328125e-06,0.07602596282958984,0.0,0.023690516129136086,0.38863118489583337,near_interface_fluid,0.0475775475131794
0288,__all__,stage2_1007_best,0.047124169766902924,1.9073486328125e-06,0.07602596282958984,0.0,0.047415509819984436,0.38863118489583337,near_interface_fluid,0.0061823912128873525
0288,u,stage2_1007_best,0.0020076646469533443,1.9073486328125e-06,0.07602596282958984,0.0,0.0020372383296489716,0.38863118489583337,far_field_fluid,0.014730389729432969
0288,v,stage2_1007_best,0.0008645477937534451,1.9073486328125e-06,0.07602596282958984,0.0,0.0008796706679277122,0.38863118489583337,far_field_fluid,0.017492236153435665
0288,p,stage2_1007_best,0.0017694395501166582,1.9073486328125e-06,0.07602596282958984,0.0,0.001796022173948586,0.38863118489583337,far_field_fluid,0.01502318846110069
0288,omega,stage2_1007_best,0.0021333154290914536,1.9073486328125e-06,0.07602596282958984,0.0,0.002139816991984844,0.38863118489583337,far_field_fluid,0.0030476331838839095
0288,temperature,stage2_1007_best,0.009427748620510101,1.9073486328125e-06,0.07602596282958984,0.0,0.009709201753139496,0.38863118489583337,far_field_fluid,0.029853695082311827
0288,__all__,stage2_1007_best,0.00324054341763258,1.9073486328125e-06,0.07602596282958984,0.0,0.0033123900648206472,0.38863118489583337,far_field_fluid,0.022171172525303155
0289,u,stage2_1007_best,0.021365277469158173,1.9073486328125e-06,0.09990978240966797,0.0,0.02109919674694538,0.44224039713541663,whole,-0.012453885637426991
0289,v,stage2_1007_best,0.29594358801841736,1.9073486328125e-06,0.09990978240966797,0.0,0.29929119348526,0.44224039713541663,whole,0.011311633711200126
0289,p,stage2_1007_best,0.03116576001048088,1.9073486328125e-06,0.09990978240966797,0.0,0.030844025313854218,0.44224039713541663,whole,-0.010323338706274627
0289,omega,stage2_1007_best,0.43980225920677185,1.9073486328125e-06,0.09990978240966797,0.0,0.4412044882774353,0.44224039713541663,whole,0.003188317115952326
0289,temperature,stage2_1007_best,0.016142774373292923,1.9073486328125e-06,0.09990978240966797,0.0,0.016372021287679672,0.44224039713541663,whole,0.014201209103561657
0289,__all__,stage2_1007_best,0.16088393330574036,1.9073486328125e-06,0.09990978240966797,0.0,0.16176219284534454,0.44224039713541663,whole,0.005458963624013105
0289,u,stage2_1007_best,0.0030676331371068954,1.9073486328125e-06,0.09990978240966797,0.0,0.0031449422240257263,0.44224039713541663,fluid,0.02520154251291651
0289,v,stage2_1007_best,0.0052496930584311485,1.9073486328125e-06,0.09990978240966797,0.0,0.005361710209399462,0.44224039713541663,fluid,0.021337847703002493
0289,p,stage2_1007_best,0.005311656277626753,1.9073486328125e-06,0.09990978240966797,0.0,0.005451961420476437,0.44224039713541663,fluid,0.026414574949185546
0289,omega,stage2_1007_best,0.015550977550446987,1.9073486328125e-06,0.09990978240966797,0.0,0.015697481110692024,0.44224039713541663,fluid,0.009420858577525634
0289,temperature,stage2_1007_best,0.013218563981354237,1.9073486328125e-06,0.09990978240966797,0.0,0.013577733188867569,0.44224039713541663,fluid,0.027171575370816915
0289,__all__,stage2_1007_best,0.008479704149067402,1.9073486328125e-06,0.09990978240966797,0.0,0.008646765723824501,0.44224039713541663,fluid,0.019701344742725793
0289,u,stage2_1007_best,0.012378602288663387,1.9073486328125e-06,0.09990978240966797,0.0,0.01246559340506792,0.44224039713541663,near_interface_fluid,0.007027539489187877
0289,v,stage2_1007_best,0.032599374651908875,1.9073486328125e-06,0.09990978240966797,0.0,0.0325411856174469,0.44224039713541663,near_interface_fluid,-0.0017849739476081578
0289,p,stage2_1007_best,0.027672400698065758,1.9073486328125e-06,0.09990978240966797,0.0,0.027388475835323334,0.44224039713541663,near_interface_fluid,-0.010260217963751506
0289,omega,stage2_1007_best,0.173181414604187,1.9073486328125e-06,0.09990978240966797,0.0,0.17436380684375763,0.44224039713541663,near_interface_fluid,0.006827477661347334
0289,temperature,stage2_1007_best,0.016859473660588264,1.9073486328125e-06,0.09990978240966797,0.0,0.017107658088207245,0.44224039713541663,near_interface_fluid,0.014720769616856515
0289,__all__,stage2_1007_best,0.05253824591636658,1.9073486328125e-06,0.09990978240966797,0.0,0.05277334153652191,0.44224039713541663,near_interface_fluid,0.004474751984098847
0289,u,stage2_1007_best,0.0016634288476780057,1.9073486328125e-06,0.09990978240966797,0.0,0.0016731051728129387,0.44224039713541663,far_field_fluid,0.005817095903104156
0289,v,stage2_1007_best,0.0012363415444269776,1.9073486328125e-06,0.09990978240966797,0.0,0.0012365480652078986,0.44224039713541663,far_field_fluid,0.0001670418517050651
0289,p,stage2_1007_best,0.002388031454756856,1.9073486328125e-06,0.09990978240966797,0.0,0.0024784342385828495,0.44224039713541663,far_field_fluid,0.037856613507294926
0289,omega,stage2_1007_best,0.00201446283608675,1.9073486328125e-06,0.09990978240966797,0.0,0.00203905557282269,0.44224039713541663,far_field_fluid,0.012208086590325625
0289,temperature,stage2_1007_best,0.014448219910264015,1.9073486328125e-06,0.09990978240966797,0.0,0.014878842979669571,0.44224039713541663,far_field_fluid,0.029804576070969205
0289,__all__,stage2_1007_best,0.004350097384303808,1.9073486328125e-06,0.09990978240966797,0.0,0.004461197182536125,0.44224039713541663,far_field_fluid,0.02553961174138115
0290,u,stage2_1007_best,0.02400371991097927,1.9073486328125e-06,0.06732797622680664,0.0,0.02371516451239586,0.40419514973958337,whole,-0.012021278354086581
0290,v,stage2_1007_best,0.3085290193557739,1.9073486328125e-06,0.06732797622680664,0.0,0.3114522099494934,0.40419514973958337,whole,0.009474605013892275
0290,p,stage2_1007_best,0.025827419012784958,1.9073486328125e-06,0.06732797622680664,0.0,0.02549627050757408,0.40419514973958337,whole,-0.012821587207260354
0290,omega,stage2_1007_best,0.521788477897644,1.9073486328125e-06,0.06732797622680664,0.0,0.5234713554382324,0.40419514973958337,whole,0.0032252102372381216
0290,temperature,stage2_1007_best,0.010217392817139626,1.9073486328125e-06,0.06732797622680664,0.0,0.010270250961184502,0.40419514973958337,whole,0.005173349502253337
0290,__all__,stage2_1007_best,0.1780731976032257,1.9073486328125e-06,0.06732797622680664,0.0,0.17888104915618896,0.40419514973958337,whole,0.00453662630781345
0290,u,stage2_1007_best,0.0018176344456151128,1.9073486328125e-06,0.06732797622680664,0.0,0.0018132111290469766,0.40419514973958337,fluid,-0.0024335567466863797
0290,v,stage2_1007_best,0.0024853835348039865,1.9073486328125e-06,0.06732797622680664,0.0,0.002466210164129734,0.40419514973958337,fluid,-0.00771445147429314
0290,p,stage2_1007_best,0.0033722915686666965,1.9073486328125e-06,0.06732797622680664,0.0,0.0034269774332642555,0.40419514973958337,fluid,0.01621623263707893
0290,omega,stage2_1007_best,0.016162065789103508,1.9073486328125e-06,0.06732797622680664,0.0,0.016198361292481422,0.40419514973958337,fluid,0.0022457217939543914
0290,temperature,stage2_1007_best,0.00963300559669733,1.9073486328125e-06,0.06732797622680664,0.0,0.009668107144534588,0.40419514973958337,fluid,0.0036438832599964364
0290,__all__,stage2_1007_best,0.0066940756514668465,1.9073486328125e-06,0.06732797622680664,0.0,0.006714573595672846,0.40419514973958337,fluid,0.0030621022637393916
0290,u,stage2_1007_best,0.00822655763477087,1.9073486328125e-06,0.06732797622680664,0.0,0.008059851825237274,0.40419514973958337,near_interface_fluid,-0.0202643459068453
0290,v,stage2_1007_best,0.014172184281051159,1.9073486328125e-06,0.06732797622680664,0.0,0.013681162148714066,0.40419514973958337,near_interface_fluid,-0.03464689158703728
0290,p,stage2_1007_best,0.012722253799438477,1.9073486328125e-06,0.06732797622680664,0.0,0.012761621735990047,0.40419514973958337,near_interface_fluid,0.0030944152798860593
0290,omega,stage2_1007_best,0.18979190289974213,1.9073486328125e-06,0.06732797622680664,0.0,0.18977750837802887,0.40419514973958337,near_interface_fluid,-7.584370825799015e-05
0290,temperature,stage2_1007_best,0.00980234332382679,1.9073486328125e-06,0.06732797622680664,0.0,0.009950777515769005,0.40419514973958337,near_interface_fluid,0.01514272526870309
0290,__all__,stage2_1007_best,0.046943049877882004,1.9073486328125e-06,0.06732797622680664,0.0,0.046846188604831696,0.40419514973958337,near_interface_fluid,-0.0020633783553110387
0290,u,stage2_1007_best,0.0009473994723521173,1.9073486328125e-06,0.06732797622680664,0.0,0.0009353411151096225,0.40419514973958337,far_field_fluid,-0.012727848805485852
0290,v,stage2_1007_best,0.0008704816573299468,1.9073486328125e-06,0.06732797622680664,0.0,0.0008750904235057533,0.40419514973958337,far_field_fluid,0.005294501195973644
0290,p,stage2_1007_best,0.002574022626504302,1.9073486328125e-06,0.06732797622680664,0.0,0.0025257004890590906,0.40419514973958337,far_field_fluid,-0.01877300414831091
0290,omega,stage2_1007_best,0.0024720504879951477,1.9073486328125e-06,0.06732797622680664,0.0,0.0024919030256569386,0.40419514973958337,far_field_fluid,0.008030797816711021
0290,temperature,stage2_1007_best,0.009411775507032871,1.9073486328125e-06,0.06732797622680664,0.0,0.009442741051316261,0.40419514973958337,far_field_fluid,0.003290085304335117
0290,__all__,stage2_1007_best,0.0032551458571106195,1.9073486328125e-06,0.06732797622680664,0.0,0.003254155395552516,0.40419514973958337,far_field_fluid,-0.0003042756305189745
0291,u,stage2_1007_best,0.022544361650943756,1.430511474609375e-06,0.05648612976074219,0.0,0.022378355264663696,0.42423502604166663,whole,-0.007363543437172923
0291,v,stage2_1007_best,0.3279323875904083,1.430511474609375e-06,0.05648612976074219,0.0,0.32959768176078796,0.42423502604166663,whole,0.0050781631622784755
0291,p,stage2_1007_best,0.02387373149394989,1.430511474609375e-06,0.05648612976074219,0.0,0.02374468557536602,0.42423502604166663,whole,-0.005405351845251879
0291,omega,stage2_1007_best,0.5214776396751404,1.430511474609375e-06,0.05648612976074219,0.0,0.5224039554595947,0.42423502604166663,whole,0.0017763288662413276
0291,temperature,stage2_1007_best,0.018127508461475372,1.430511474609375e-06,0.05648612976074219,0.0,0.01912313885986805,0.42423502604166663,whole,0.054923730997483385
0291,__all__,stage2_1007_best,0.1827911138534546,1.430511474609375e-06,0.05648612976074219,0.0,0.18344956636428833,0.42423502604166663,whole,0.0036022129137066694
0291,u,stage2_1007_best,0.002725401660427451,1.430511474609375e-06,0.05648612976074219,0.0,0.0027307551354169846,0.42423502604166663,fluid,0.0019642884449897146
0291,v,stage2_1007_best,0.004109526984393597,1.430511474609375e-06,0.05648612976074219,0.0,0.004075943026691675,0.42423502604166663,fluid,-0.008172219778446625
0291,p,stage2_1007_best,0.0039528533816337585,1.430511474609375e-06,0.05648612976074219,0.0,0.003955203108489513,0.42423502604166663,fluid,0.0005944381511017957
0291,omega,stage2_1007_best,0.015118693001568317,1.430511474609375e-06,0.05648612976074219,0.0,0.015047815628349781,0.42423502604166663,fluid,-0.004688062202942014
0291,temperature,stage2_1007_best,0.017164399847388268,1.430511474609375e-06,0.05648612976074219,0.0,0.0180863868445158,0.42423502604166663,fluid,0.053715073368430205
0291,__all__,stage2_1007_best,0.008614175021648407,1.430511474609375e-06,0.05648612976074219,0.0,0.008779220283031464,0.42423502604166663,fluid,0.019159729279737064
0291,u,stage2_1007_best,0.013022569939494133,1.430511474609375e-06,0.05648612976074219,0.0,0.012912152335047722,0.42423502604166663,near_interface_fluid,-0.008478941173626775
0291,v,stage2_1007_best,0.020398525521159172,1.430511474609375e-06,0.05648612976074219,0.0,0.020297391340136528,0.42423502604166663,near_interface_fluid,-0.0049579162433940945
0291,p,stage2_1007_best,0.019877759739756584,1.430511474609375e-06,0.05648612976074219,0.0,0.020048324018716812,0.42423502604166663,near_interface_fluid,0.008580659047764335
0291,omega,stage2_1007_best,0.16946479678153992,1.430511474609375e-06,0.05648612976074219,0.0,0.16950958967208862,0.42423502604166663,near_interface_fluid,0.00026431973719267117
0291,temperature,stage2_1007_best,0.029975606128573418,1.430511474609375e-06,0.05648612976074219,0.0,0.03319963440299034,0.42423502604166663,near_interface_fluid,0.10755506529503361
0291,__all__,stage2_1007_best,0.050547853112220764,1.430511474609375e-06,0.05648612976074219,0.0,0.051193419843912125,0.42423502604166663,near_interface_fluid,0.01277139763499242
0291,u,stage2_1007_best,0.001375750289298594,1.430511474609375e-06,0.05648612976074219,0.0,0.0013583917170763016,0.42423502604166663,far_field_fluid,-0.012617531217196717
0291,v,stage2_1007_best,0.0015083886682987213,1.430511474609375e-06,0.05648612976074219,0.0,0.001515101408585906,0.42423502604166663,far_field_fluid,0.0044502722860917995
0291,p,stage2_1007_best,0.0018131791148334742,1.430511474609375e-06,0.05648612976074219,0.0,0.0017678954172879457,0.42423502604166663,far_field_fluid,-0.02497475134975143
0291,omega,stage2_1007_best,0.002520683454349637,1.430511474609375e-06,0.05648612976074219,0.0,0.0025005140341818333,0.42423502604166663,far_field_fluid,-0.008001568040207447
0291,temperature,stage2_1007_best,0.010888599790632725,1.430511474609375e-06,0.05648612976074219,0.0,0.011105853132903576,0.42423502604166663,far_field_fluid,0.01995236728764248
0291,__all__,stage2_1007_best,0.0036213200073689222,1.430511474609375e-06,0.05648612976074219,0.0,0.0036495511885732412,0.42423502604166663,far_field_fluid,0.007795826148164803
0292,u,stage2_1007_best,0.02090240642428398,1.9073486328125e-06,0.06429052352905273,0.0,0.0207618847489357,0.46661376953125,whole,-0.00672275107927414
0292,v,stage2_1007_best,0.24332740902900696,1.9073486328125e-06,0.06429052352905273,0.0,0.24547581374645233,0.46661376953125,whole,0.008829275444219534
0292,p,stage2_1007_best,0.029905298724770546,1.9073486328125e-06,0.06429052352905273,0.0,0.029773522168397903,0.46661376953125,whole,-0.004406461797470428
0292,omega,stage2_1007_best,0.41221731901168823,1.9073486328125e-06,0.06429052352905273,0.0,0.41315001249313354,0.46661376953125,whole,0.0022626256550343205
0292,temperature,stage2_1007_best,0.014881430193781853,1.9073486328125e-06,0.06429052352905273,0.0,0.015510162338614464,0.46661376953125,whole,0.042249443544433274
0292,__all__,stage2_1007_best,0.14424677193164825,1.9073486328125e-06,0.06429052352905273,0.0,0.14493428170681,0.46661376953125,whole,0.0047662056207921355
0292,u,stage2_1007_best,0.0035116628278046846,1.9073486328125e-06,0.06429052352905273,0.0,0.0036007596645504236,0.46661376953125,fluid,0.025371694583058206
0292,v,stage2_1007_best,0.002300618914887309,1.9073486328125e-06,0.06429052352905273,0.0,0.0023735114373266697,0.46661376953125,fluid,0.031683875137978296
0292,p,stage2_1007_best,0.0054755546152591705,1.9073486328125e-06,0.06429052352905273,0.0,0.005680112633854151,0.46661376953125,fluid,0.03735841078544297
0292,omega,stage2_1007_best,0.013370467349886894,1.9073486328125e-06,0.06429052352905273,0.0,0.013416181318461895,0.46661376953125,fluid,0.0034190254819617414
0292,temperature,stage2_1007_best,0.013279134407639503,1.9073486328125e-06,0.06429052352905273,0.0,0.013985329307615757,0.46661376953125,fluid,0.05318079313738843
0292,__all__,stage2_1007_best,0.00758748734369874,1.9073486328125e-06,0.06429052352905273,0.0,0.007811178918927908,0.46661376953125,fluid,0.029481640640223197
0292,u,stage2_1007_best,0.011659708805382252,1.9073486328125e-06,0.06429052352905273,0.0,0.012154811061918736,0.46661376953125,near_interface_fluid,0.042462660500401095
0292,v,stage2_1007_best,0.017714934423565865,1.9073486328125e-06,0.06429052352905273,0.0,0.01840919628739357,0.46661376953125,near_interface_fluid,0.039190766797541236
0292,p,stage2_1007_best,0.030104368925094604,1.9073486328125e-06,0.06429052352905273,0.0,0.03027956932783127,0.46661376953125,near_interface_fluid,0.005819766664851728
0292,omega,stage2_1007_best,0.15333452820777893,1.9073486328125e-06,0.06429052352905273,0.0,0.15320517122745514,0.46661376953125,near_interface_fluid,-0.0008436259062831812
0292,temperature,stage2_1007_best,0.012756726704537868,1.9073486328125e-06,0.06429052352905273,0.0,0.013429266400635242,0.46661376953125,near_interface_fluid,0.05272039698539091
0292,__all__,stage2_1007_best,0.045114051550626755,1.9073486328125e-06,0.06429052352905273,0.0,0.04549559950828552,0.46661376953125,near_interface_fluid,0.008457408380415503
0292,u,stage2_1007_best,0.0029286665376275778,1.9073486328125e-06,0.06429052352905273,0.0,0.002997134579345584,0.46661376953125,far_field_fluid,0.023378572069686698
0292,v,stage2_1007_best,0.0007071496802382171,1.9073486328125e-06,0.06429052352905273,0.0,0.0007160091190598905,0.46661376953125,far_field_fluid,0.012528378459690343
0292,p,stage2_1007_best,0.0032743257470428944,1.9073486328125e-06,0.06429052352905273,0.0,0.0034127840772271156,0.46661376953125,far_field_fluid,0.04228605852953562
0292,omega,stage2_1007_best,0.0035736295394599438,1.9073486328125e-06,0.06429052352905273,0.0,0.0036573230754584074,0.46661376953125,far_field_fluid,0.023419757161261774
0292,temperature,stage2_1007_best,0.01250891201198101,1.9073486328125e-06,0.06429052352905273,0.0,0.013154957443475723,0.46661376953125,far_field_fluid,0.051646812358735264
0292,__all__,stage2_1007_best,0.004598536994308233,1.9073486328125e-06,0.06429052352905273,0.0,0.004787641577422619,0.46661376953125,far_field_fluid,0.04112277086135152
