label,checkpoint,checkpoint_epoch,architecture,case_id,phase,status,median_wall_ms,p95_wall_ms,median_cuda_event_ms,peak_incremental_allocated_mib,peak_incremental_reserved_mib,baseline_allocated_mib,baseline_reserved_mib,application_grid_query_count,direct_query_count,application_query_batch_size,configured_inner_receiver_chunk_size
1404,/home/wanglz/Desktop/src/ModularDT/HONF_Proj/Trained_Results/ThermalChannel/HONF_Forward_Runs/Run_1404_20260916_092508_routing_only_pairwise/best_by_field_mse_model.pt,4890,legacy_honf,0273,application_evaluator,complete,29.960338957607746,31.26653954386711,29.92963218688965,363.654296875,0.0,21.82861328125,462.0,8192,8192,32768,
1404,/home/wanglz/Desktop/src/ModularDT/HONF_Proj/Trained_Results/ThermalChannel/HONF_Forward_Runs/Run_1404_20260916_092508_routing_only_pairwise/best_by_field_mse_model.pt,4890,legacy_honf,0273,full_forward,complete,27.04984974116087,27.948223799467087,27.026432037353516,363.349609375,0.0,21.82861328125,462.0,8192,8192,32768,
1404,/home/wanglz/Desktop/src/ModularDT/HONF_Proj/Trained_Results/ThermalChannel/HONF_Forward_Runs/Run_1404_20260916_092508_routing_only_pairwise/best_by_field_mse_model.pt,4890,legacy_honf,0273,preparation_plus_one_query,complete,23.900496773421764,24.194925371557474,23.87558364868164,35.47119140625,0.0,21.82861328125,462.0,8192,8192,32768,
1404,/home/wanglz/Desktop/src/ModularDT/HONF_Proj/Trained_Results/ThermalChannel/HONF_Forward_Runs/Run_1404_20260916_092508_routing_only_pairwise/best_by_field_mse_model.pt,4890,legacy_honf,0273,prepared_p2_decode,complete,6.3545797020196915,6.461692042648792,6.335455894470215,362.66845703125,0.0,22.09326171875,462.0,8192,8192,32768,
1404,/home/wanglz/Desktop/src/ModularDT/HONF_Proj/Trained_Results/ThermalChannel/HONF_Forward_Runs/Run_1404_20260916_092508_routing_only_pairwise/best_by_field_mse_model.pt,4890,legacy_honf,0274,application_evaluator,complete,29.187597334384918,30.598897766321898,29.167648315429688,363.654296875,0.0,21.82861328125,462.0,8192,8192,32768,
1404,/home/wanglz/Desktop/src/ModularDT/HONF_Proj/Trained_Results/ThermalChannel/HONF_Forward_Runs/Run_1404_20260916_092508_routing_only_pairwise/best_by_field_mse_model.pt,4890,legacy_honf,0274,full_forward,complete,26.96855179965496,30.06647303700447,26.93529510498047,363.349609375,0.0,21.82861328125,462.0,8192,8192,32768,
1404,/home/wanglz/Desktop/src/ModularDT/HONF_Proj/Trained_Results/ThermalChannel/HONF_Forward_Runs/Run_1404_20260916_092508_routing_only_pairwise/best_by_field_mse_model.pt,4890,legacy_honf,0274,preparation_plus_one_query,complete,24.867678992450237,25.358477979898453,24.843263626098633,35.47119140625,0.0,21.82861328125,462.0,8192,8192,32768,
1404,/home/wanglz/Desktop/src/ModularDT/HONF_Proj/Trained_Results/ThermalChannel/HONF_Forward_Runs/Run_1404_20260916_092508_routing_only_pairwise/best_by_field_mse_model.pt,4890,legacy_honf,0274,prepared_p2_decode,complete,6.847950629889965,7.685226481407881,6.82700777053833,362.66845703125,0.0,22.09326171875,462.0,8192,8192,32768,
1404,/home/wanglz/Desktop/src/ModularDT/HONF_Proj/Trained_Results/ThermalChannel/HONF_Forward_Runs/Run_1404_20260916_092508_routing_only_pairwise/best_by_field_mse_model.pt,4890,legacy_honf,0275,application_evaluator,complete,31.96678403764963,33.118353597819805,31.946304321289062,363.654296875,0.0,21.82861328125,462.0,8192,8192,32768,
1404,/home/wanglz/Desktop/src/ModularDT/HONF_Proj/Trained_Results/ThermalChannel/HONF_Forward_Runs/Run_1404_20260916_092508_routing_only_pairwise/best_by_field_mse_model.pt,4890,legacy_honf,0275,full_forward,complete,28.471010737121105,28.63871669396758,28.439552307128906,363.349609375,0.0,21.82861328125,462.0,8192,8192,32768,
1404,/home/wanglz/Desktop/src/ModularDT/HONF_Proj/Trained_Results/ThermalChannel/HONF_Forward_Runs/Run_1404_20260916_092508_routing_only_pairwise/best_by_field_mse_model.pt,4890,legacy_honf,0275,preparation_plus_one_query,complete,25.175546295940876,25.84888720884919,25.153535842895508,35.47119140625,0.0,21.82861328125,462.0,8192,8192,32768,
1404,/home/wanglz/Desktop/src/ModularDT/HONF_Proj/Trained_Results/ThermalChannel/HONF_Forward_Runs/Run_1404_20260916_092508_routing_only_pairwise/best_by_field_mse_model.pt,4890,legacy_honf,0275,prepared_p2_decode,complete,6.434200331568718,6.515918020159006,6.414336204528809,362.66845703125,0.0,22.09326171875,462.0,8192,8192,32768,
1404,/home/wanglz/Desktop/src/ModularDT/HONF_Proj/Trained_Results/ThermalChannel/HONF_Forward_Runs/Run_1404_20260916_092508_routing_only_pairwise/best_by_field_mse_model.pt,4890,legacy_honf,0276,application_evaluator,complete,28.696462512016296,29.711502604186535,28.67638397216797,363.654296875,0.0,21.82861328125,462.0,8192,8192,32768,
1404,/home/wanglz/Desktop/src/ModularDT/HONF_Proj/Trained_Results/ThermalChannel/HONF_Forward_Runs/Run_1404_20260916_092508_routing_only_pairwise/best_by_field_mse_model.pt,4890,legacy_honf,0276,full_forward,complete,26.90876554697752,27.449852600693703,26.885120391845703,363.349609375,0.0,21.82861328125,462.0,8192,8192,32768,
1404,/home/wanglz/Desktop/src/ModularDT/HONF_Proj/Trained_Results/ThermalChannel/HONF_Forward_Runs/Run_1404_20260916_092508_routing_only_pairwise/best_by_field_mse_model.pt,4890,legacy_honf,0276,preparation_plus_one_query,complete,24.910702370107174,25.58178100734949,24.886272430419922,35.47119140625,0.0,21.82861328125,462.0,8192,8192,32768,
1404,/home/wanglz/Desktop/src/ModularDT/HONF_Proj/Trained_Results/ThermalChannel/HONF_Forward_Runs/Run_1404_20260916_092508_routing_only_pairwise/best_by_field_mse_model.pt,4890,legacy_honf,0276,prepared_p2_decode,complete,6.4322454854846,6.454120576381683,6.412288188934326,362.66845703125,0.0,22.09326171875,462.0,8192,8192,32768,
1404,/home/wanglz/Desktop/src/ModularDT/HONF_Proj/Trained_Results/ThermalChannel/HONF_Forward_Runs/Run_1404_20260916_092508_routing_only_pairwise/best_by_field_mse_model.pt,4890,legacy_honf,0277,application_evaluator,complete,30.86075372993946,33.35296846926212,30.836223602294922,363.654296875,0.0,21.82861328125,462.0,8192,8192,32768,
1404,/home/wanglz/Desktop/src/ModularDT/HONF_Proj/Trained_Results/ThermalChannel/HONF_Forward_Runs/Run_1404_20260916_092508_routing_only_pairwise/best_by_field_mse_model.pt,4890,legacy_honf,0277,full_forward,complete,26.0689752176404,26.350582018494606,26.029056549072266,363.349609375,0.0,21.82861328125,462.0,8192,8192,32768,
1404,/home/wanglz/Desktop/src/ModularDT/HONF_Proj/Trained_Results/ThermalChannel/HONF_Forward_Runs/Run_1404_20260916_092508_routing_only_pairwise/best_by_field_mse_model.pt,4890,legacy_honf,0277,preparation_plus_one_query,complete,25.28897114098072,27.84756552428007,25.26697540283203,35.47119140625,0.0,21.82861328125,462.0,8192,8192,32768,
1404,/home/wanglz/Desktop/src/ModularDT/HONF_Proj/Trained_Results/ThermalChannel/HONF_Forward_Runs/Run_1404_20260916_092508_routing_only_pairwise/best_by_field_mse_model.pt,4890,legacy_honf,0277,prepared_p2_decode,complete,6.465211510658264,6.496890913695097,6.445055961608887,362.66845703125,0.0,22.09326171875,462.0,8192,8192,32768,
1404,/home/wanglz/Desktop/src/ModularDT/HONF_Proj/Trained_Results/ThermalChannel/HONF_Forward_Runs/Run_1404_20260916_092508_routing_only_pairwise/best_by_field_mse_model.pt,4890,legacy_honf,0278,application_evaluator,complete,29.247941449284554,29.554942902177572,29.227903366088867,363.654296875,0.0,21.82861328125,462.0,8192,8192,32768,
1404,/home/wanglz/Desktop/src/ModularDT/HONF_Proj/Trained_Results/ThermalChannel/HONF_Forward_Runs/Run_1404_20260916_092508_routing_only_pairwise/best_by_field_mse_model.pt,4890,legacy_honf,0278,full_forward,complete,27.99468208104372,28.04346140474081,27.96326446533203,363.349609375,0.0,21.82861328125,462.0,8192,8192,32768,
1404,/home/wanglz/Desktop/src/ModularDT/HONF_Proj/Trained_Results/ThermalChannel/HONF_Forward_Runs/Run_1404_20260916_092508_routing_only_pairwise/best_by_field_mse_model.pt,4890,legacy_honf,0278,preparation_plus_one_query,complete,24.39274825155735,24.788757134228945,24.372224807739258,35.47119140625,0.0,21.82861328125,462.0,8192,8192,32768,
1404,/home/wanglz/Desktop/src/ModularDT/HONF_Proj/Trained_Results/ThermalChannel/HONF_Forward_Runs/Run_1404_20260916_092508_routing_only_pairwise/best_by_field_mse_model.pt,4890,legacy_honf,0278,prepared_p2_decode,complete,6.337539292871952,6.382544245570898,6.318079948425293,362.66845703125,0.0,22.09326171875,462.0,8192,8192,32768,
1404,/home/wanglz/Desktop/src/ModularDT/HONF_Proj/Trained_Results/ThermalChannel/HONF_Forward_Runs/Run_1404_20260916_092508_routing_only_pairwise/best_by_field_mse_model.pt,4890,legacy_honf,0279,application_evaluator,complete,29.480937868356705,29.87493509426713,29.46169662475586,363.654296875,0.0,21.82861328125,462.0,8192,8192,32768,
1404,/home/wanglz/Desktop/src/ModularDT/HONF_Proj/Trained_Results/ThermalChannel/HONF_Forward_Runs/Run_1404_20260916_092508_routing_only_pairwise/best_by_field_mse_model.pt,4890,legacy_honf,0279,full_forward,complete,26.018130593001842,26.57203944399953,25.985023498535156,363.349609375,0.0,21.82861328125,462.0,8192,8192,32768,
1404,/home/wanglz/Desktop/src/ModularDT/HONF_Proj/Trained_Results/ThermalChannel/HONF_Forward_Runs/Run_1404_20260916_092508_routing_only_pairwise/best_by_field_mse_model.pt,4890,legacy_honf,0279,preparation_plus_one_query,complete,24.42068513482809,28.887413069605827,24.398815155029297,35.47119140625,0.0,21.82861328125,462.0,8192,8192,32768,
1404,/home/wanglz/Desktop/src/ModularDT/HONF_Proj/Trained_Results/ThermalChannel/HONF_Forward_Runs/Run_1404_20260916_092508_routing_only_pairwise/best_by_field_mse_model.pt,4890,legacy_honf,0279,prepared_p2_decode,complete,6.385311484336853,6.4436436630785465,6.364160060882568,362.66845703125,0.0,22.09326171875,462.0,8192,8192,32768,
1404,/home/wanglz/Desktop/src/ModularDT/HONF_Proj/Trained_Results/ThermalChannel/HONF_Forward_Runs/Run_1404_20260916_092508_routing_only_pairwise/best_by_field_mse_model.pt,4890,legacy_honf,0280,application_evaluator,complete,29.55469209700823,29.575811978429556,29.534528732299805,363.654296875,0.0,21.82861328125,462.0,8192,8192,32768,
1404,/home/wanglz/Desktop/src/ModularDT/HONF_Proj/Trained_Results/ThermalChannel/HONF_Forward_Runs/Run_1404_20260916_092508_routing_only_pairwise/best_by_field_mse_model.pt,4890,legacy_honf,0280,full_forward,complete,28.247512876987457,29.88887559622526,28.21241569519043,363.349609375,0.0,21.82861328125,462.0,8192,8192,32768,
1404,/home/wanglz/Desktop/src/ModularDT/HONF_Proj/Trained_Results/ThermalChannel/HONF_Forward_Runs/Run_1404_20260916_092508_routing_only_pairwise/best_by_field_mse_model.pt,4890,legacy_honf,0280,preparation_plus_one_query,complete,24.94730055332184,25.586696434766054,24.92313575744629,35.47119140625,0.0,21.82861328125,462.0,8192,8192,32768,
1404,/home/wanglz/Desktop/src/ModularDT/HONF_Proj/Trained_Results/ThermalChannel/HONF_Forward_Runs/Run_1404_20260916_092508_routing_only_pairwise/best_by_field_mse_model.pt,4890,legacy_honf,0280,prepared_p2_decode,complete,6.523320451378822,6.567573547363281,6.503424167633057,362.66845703125,0.0,22.09326171875,462.0,8192,8192,32768,
1404,/home/wanglz/Desktop/src/ModularDT/HONF_Proj/Trained_Results/ThermalChannel/HONF_Forward_Runs/Run_1404_20260916_092508_routing_only_pairwise/best_by_field_mse_model.pt,4890,legacy_honf,0281,application_evaluator,complete,27.556906454265118,28.442206420004368,27.53798484802246,363.654296875,0.0,21.82861328125,462.0,8192,8192,32768,
1404,/home/wanglz/Desktop/src/ModularDT/HONF_Proj/Trained_Results/ThermalChannel/HONF_Forward_Runs/Run_1404_20260916_092508_routing_only_pairwise/best_by_field_mse_model.pt,4890,legacy_honf,0281,full_forward,complete,26.405339129269123,26.477752067148685,26.384288787841797,363.349609375,0.0,21.82861328125,462.0,8192,8192,32768,
1404,/home/wanglz/Desktop/src/ModularDT/HONF_Proj/Trained_Results/ThermalChannel/HONF_Forward_Runs/Run_1404_20260916_092508_routing_only_pairwise/best_by_field_mse_model.pt,4890,legacy_honf,0281,preparation_plus_one_query,complete,23.515522480010986,24.615545850247145,23.49465560913086,35.47119140625,0.0,21.82861328125,462.0,8192,8192,32768,
1404,/home/wanglz/Desktop/src/ModularDT/HONF_Proj/Trained_Results/ThermalChannel/HONF_Forward_Runs/Run_1404_20260916_092508_routing_only_pairwise/best_by_field_mse_model.pt,4890,legacy_honf,0281,prepared_p2_decode,complete,6.512424908578396,6.524744629859924,6.491968154907227,362.66845703125,0.0,22.09326171875,462.0,8192,8192,32768,
1404,/home/wanglz/Desktop/src/ModularDT/HONF_Proj/Trained_Results/ThermalChannel/HONF_Forward_Runs/Run_1404_20260916_092508_routing_only_pairwise/best_by_field_mse_model.pt,4890,legacy_honf,0282,application_evaluator,complete,30.897071585059166,32.36469337716699,30.87500762939453,363.654296875,0.0,21.82861328125,462.0,8192,8192,32768,
1404,/home/wanglz/Desktop/src/ModularDT/HONF_Proj/Trained_Results/ThermalChannel/HONF_Forward_Runs/Run_1404_20260916_092508_routing_only_pairwise/best_by_field_mse_model.pt,4890,legacy_honf,0282,full_forward,complete,28.002225793898106,28.512385301291943,27.96246337890625,363.349609375,0.0,21.82861328125,462.0,8192,8192,32768,
1404,/home/wanglz/Desktop/src/ModularDT/HONF_Proj/Trained_Results/ThermalChannel/HONF_Forward_Runs/Run_1404_20260916_092508_routing_only_pairwise/best_by_field_mse_model.pt,4890,legacy_honf,0282,preparation_plus_one_query,complete,23.73119629919529,25.603627134114504,23.70649528503418,35.47119140625,0.0,21.82861328125,462.0,8192,8192,32768,
1404,/home/wanglz/Desktop/src/ModularDT/HONF_Proj/Trained_Results/ThermalChannel/HONF_Forward_Runs/Run_1404_20260916_092508_routing_only_pairwise/best_by_field_mse_model.pt,4890,legacy_honf,0282,prepared_p2_decode,complete,6.814146414399147,6.892342027276754,6.78988790512085,362.66845703125,0.0,22.09326171875,462.0,8192,8192,32768,
1404,/home/wanglz/Desktop/src/ModularDT/HONF_Proj/Trained_Results/ThermalChannel/HONF_Forward_Runs/Run_1404_20260916_092508_routing_only_pairwise/best_by_field_mse_model.pt,4890,legacy_honf,0283,application_evaluator,complete,29.25017662346363,29.2697886005044,29.223552703857422,364.029296875,0.0,21.82861328125,462.0,8192,8192,32768,
1404,/home/wanglz/Desktop/src/ModularDT/HONF_Proj/Trained_Results/ThermalChannel/HONF_Forward_Runs/Run_1404_20260916_092508_routing_only_pairwise/best_by_field_mse_model.pt,4890,legacy_honf,0283,full_forward,complete,28.87414302676916,28.90833867713809,28.850112915039062,363.724609375,0.0,21.82861328125,462.0,8192,8192,32768,
1404,/home/wanglz/Desktop/src/ModularDT/HONF_Proj/Trained_Results/ThermalChannel/HONF_Forward_Runs/Run_1404_20260916_092508_routing_only_pairwise/best_by_field_mse_model.pt,4890,legacy_honf,0283,preparation_plus_one_query,complete,24.84113909304142,25.263547617942095,24.817663192749023,35.50634765625,0.0,21.82861328125,462.0,8192,8192,32768,
1404,/home/wanglz/Desktop/src/ModularDT/HONF_Proj/Trained_Results/ThermalChannel/HONF_Forward_Runs/Run_1404_20260916_092508_routing_only_pairwise/best_by_field_mse_model.pt,4890,legacy_honf,0283,prepared_p2_decode,complete,6.665520370006561,6.724104005843401,6.644959926605225,363.04345703125,0.0,22.09326171875,462.0,8192,8192,32768,
1404,/home/wanglz/Desktop/src/ModularDT/HONF_Proj/Trained_Results/ThermalChannel/HONF_Forward_Runs/Run_1404_20260916_092508_routing_only_pairwise/best_by_field_mse_model.pt,4890,legacy_honf,0284,application_evaluator,complete,29.701920226216316,32.16698095202446,29.681472778320312,364.029296875,0.0,21.82861328125,462.0,8192,8192,32768,
1404,/home/wanglz/Desktop/src/ModularDT/HONF_Proj/Trained_Results/ThermalChannel/HONF_Forward_Runs/Run_1404_20260916_092508_routing_only_pairwise/best_by_field_mse_model.pt,4890,legacy_honf,0284,full_forward,complete,27.834882028400898,29.00229087099433,27.800607681274414,363.724609375,0.0,21.82861328125,462.0,8192,8192,32768,
1404,/home/wanglz/Desktop/src/ModularDT/HONF_Proj/Trained_Results/ThermalChannel/HONF_Forward_Runs/Run_1404_20260916_092508_routing_only_pairwise/best_by_field_mse_model.pt,4890,legacy_honf,0284,preparation_plus_one_query,complete,23.228327743709087,23.774694558233023,23.20684814453125,35.50634765625,0.0,21.82861328125,462.0,8192,8192,32768,
1404,/home/wanglz/Desktop/src/ModularDT/HONF_Proj/Trained_Results/ThermalChannel/HONF_Forward_Runs/Run_1404_20260916_092508_routing_only_pairwise/best_by_field_mse_model.pt,4890,legacy_honf,0284,prepared_p2_decode,complete,6.858564913272858,6.919914577156305,6.834176063537598,363.04345703125,0.0,22.09326171875,462.0,8192,8192,32768,
1404,/home/wanglz/Desktop/src/ModularDT/HONF_Proj/Trained_Results/ThermalChannel/HONF_Forward_Runs/Run_1404_20260916_092508_routing_only_pairwise/best_by_field_mse_model.pt,4890,legacy_honf,0285,application_evaluator,complete,29.04791198670864,31.30327593535185,29.02796745300293,364.029296875,0.0,21.82861328125,462.0,8192,8192,32768,
1404,/home/wanglz/Desktop/src/ModularDT/HONF_Proj/Trained_Results/ThermalChannel/HONF_Forward_Runs/Run_1404_20260916_092508_routing_only_pairwise/best_by_field_mse_model.pt,4890,legacy_honf,0285,full_forward,complete,27.628985233604908,29.310073144733906,27.607839584350586,363.724609375,0.0,21.82861328125,462.0,8192,8192,32768,
1404,/home/wanglz/Desktop/src/ModularDT/HONF_Proj/Trained_Results/ThermalChannel/HONF_Forward_Runs/Run_1404_20260916_092508_routing_only_pairwise/best_by_field_mse_model.pt,4890,legacy_honf,0285,preparation_plus_one_query,complete,25.207114405930042,25.23125261068344,25.185279846191406,35.50634765625,0.0,21.82861328125,462.0,8192,8192,32768,
1404,/home/wanglz/Desktop/src/ModularDT/HONF_Proj/Trained_Results/ThermalChannel/HONF_Forward_Runs/Run_1404_20260916_092508_routing_only_pairwise/best_by_field_mse_model.pt,4890,legacy_honf,0285,prepared_p2_decode,complete,6.562151946127415,6.629285961389542,6.540256023406982,363.04345703125,0.0,22.09326171875,462.0,8192,8192,32768,
1404,/home/wanglz/Desktop/src/ModularDT/HONF_Proj/Trained_Results/ThermalChannel/HONF_Forward_Runs/Run_1404_20260916_092508_routing_only_pairwise/best_by_field_mse_model.pt,4890,legacy_honf,0286,application_evaluator,complete,28.3550713211298,29.017348960042,28.334463119506836,364.029296875,0.0,21.82861328125,462.0,8192,8192,32768,
1404,/home/wanglz/Desktop/src/ModularDT/HONF_Proj/Trained_Results/ThermalChannel/HONF_Forward_Runs/Run_1404_20260916_092508_routing_only_pairwise/best_by_field_mse_model.pt,4890,legacy_honf,0286,full_forward,complete,27.624236419796944,29.037798289209604,27.5916805267334,363.724609375,0.0,21.82861328125,462.0,8192,8192,32768,
1404,/home/wanglz/Desktop/src/ModularDT/HONF_Proj/Trained_Results/ThermalChannel/HONF_Forward_Runs/Run_1404_20260916_092508_routing_only_pairwise/best_by_field_mse_model.pt,4890,legacy_honf,0286,preparation_plus_one_query,complete,25.130007416009903,25.17778091132641,25.106624603271484,35.50634765625,0.0,21.82861328125,462.0,8192,8192,32768,
1404,/home/wanglz/Desktop/src/ModularDT/HONF_Proj/Trained_Results/ThermalChannel/HONF_Forward_Runs/Run_1404_20260916_092508_routing_only_pairwise/best_by_field_mse_model.pt,4890,legacy_honf,0286,prepared_p2_decode,complete,6.355976685881615,6.362263113260269,6.334464073181152,363.04345703125,0.0,22.09326171875,462.0,8192,8192,32768,
1404,/home/wanglz/Desktop/src/ModularDT/HONF_Proj/Trained_Results/ThermalChannel/HONF_Forward_Runs/Run_1404_20260916_092508_routing_only_pairwise/best_by_field_mse_model.pt,4890,legacy_honf,0287,application_evaluator,complete,27.99496054649353,28.209434170275927,27.97216033935547,364.029296875,0.0,21.82861328125,462.0,8192,8192,32768,
1404,/home/wanglz/Desktop/src/ModularDT/HONF_Proj/Trained_Results/ThermalChannel/HONF_Forward_Runs/Run_1404_20260916_092508_routing_only_pairwise/best_by_field_mse_model.pt,4890,legacy_honf,0287,full_forward,complete,27.568919584155083,29.549718368798494,27.54662322998047,363.724609375,0.0,21.82861328125,462.0,8192,8192,32768,
1404,/home/wanglz/Desktop/src/ModularDT/HONF_Proj/Trained_Results/ThermalChannel/HONF_Forward_Runs/Run_1404_20260916_092508_routing_only_pairwise/best_by_field_mse_model.pt,4890,legacy_honf,0287,preparation_plus_one_query,complete,24.74950533360243,25.141490902751684,24.72857666015625,35.50634765625,0.0,21.82861328125,462.0,8192,8192,32768,
1404,/home/wanglz/Desktop/src/ModularDT/HONF_Proj/Trained_Results/ThermalChannel/HONF_Forward_Runs/Run_1404_20260916_092508_routing_only_pairwise/best_by_field_mse_model.pt,4890,legacy_honf,0287,prepared_p2_decode,complete,6.528069265186787,6.565533857792616,6.503424167633057,363.04345703125,0.0,22.09326171875,462.0,8192,8192,32768,
1404,/home/wanglz/Desktop/src/ModularDT/HONF_Proj/Trained_Results/ThermalChannel/HONF_Forward_Runs/Run_1404_20260916_092508_routing_only_pairwise/best_by_field_mse_model.pt,4890,legacy_honf,0288,application_evaluator,complete,29.295713640749454,29.93611702695489,29.2761287689209,364.029296875,0.0,21.82861328125,462.0,8192,8192,32768,
1404,/home/wanglz/Desktop/src/ModularDT/HONF_Proj/Trained_Results/ThermalChannel/HONF_Forward_Runs/Run_1404_20260916_092508_routing_only_pairwise/best_by_field_mse_model.pt,4890,legacy_honf,0288,full_forward,complete,28.47967017441988,28.59507892280817,28.457984924316406,363.724609375,0.0,21.82861328125,462.0,8192,8192,32768,
1404,/home/wanglz/Desktop/src/ModularDT/HONF_Proj/Trained_Results/ThermalChannel/HONF_Forward_Runs/Run_1404_20260916_092508_routing_only_pairwise/best_by_field_mse_model.pt,4890,legacy_honf,0288,preparation_plus_one_query,complete,25.94744972884655,28.399434685707092,25.92563247680664,35.50634765625,0.0,21.82861328125,462.0,8192,8192,32768,
1404,/home/wanglz/Desktop/src/ModularDT/HONF_Proj/Trained_Results/ThermalChannel/HONF_Forward_Runs/Run_1404_20260916_092508_routing_only_pairwise/best_by_field_mse_model.pt,4890,legacy_honf,0288,prepared_p2_decode,complete,6.483928300440311,6.514101475477219,6.4634881019592285,363.04345703125,0.0,22.09326171875,462.0,8192,8192,32768,
1404,/home/wanglz/Desktop/src/ModularDT/HONF_Proj/Trained_Results/ThermalChannel/HONF_Forward_Runs/Run_1404_20260916_092508_routing_only_pairwise/best_by_field_mse_model.pt,4890,legacy_honf,0289,application_evaluator,complete,29.1082551702857,29.200532380491495,29.089279174804688,364.029296875,0.0,21.82861328125,462.0,8192,8192,32768,
1404,/home/wanglz/Desktop/src/ModularDT/HONF_Proj/Trained_Results/ThermalChannel/HONF_Forward_Runs/Run_1404_20260916_092508_routing_only_pairwise/best_by_field_mse_model.pt,4890,legacy_honf,0289,full_forward,complete,26.523233391344547,26.64618333801627,26.49087905883789,363.724609375,0.0,21.82861328125,462.0,8192,8192,32768,
1404,/home/wanglz/Desktop/src/ModularDT/HONF_Proj/Trained_Results/ThermalChannel/HONF_Forward_Runs/Run_1404_20260916_092508_routing_only_pairwise/best_by_field_mse_model.pt,4890,legacy_honf,0289,preparation_plus_one_query,complete,23.999392054975033,24.353914707899094,23.976991653442383,35.50634765625,0.0,21.82861328125,462.0,8192,8192,32768,
1404,/home/wanglz/Desktop/src/ModularDT/HONF_Proj/Trained_Results/ThermalChannel/HONF_Forward_Runs/Run_1404_20260916_092508_routing_only_pairwise/best_by_field_mse_model.pt,4890,legacy_honf,0289,prepared_p2_decode,complete,6.548464298248291,6.578888092190027,6.52185583114624,363.04345703125,0.0,22.09326171875,462.0,8192,8192,32768,
1404,/home/wanglz/Desktop/src/ModularDT/HONF_Proj/Trained_Results/ThermalChannel/HONF_Forward_Runs/Run_1404_20260916_092508_routing_only_pairwise/best_by_field_mse_model.pt,4890,legacy_honf,0290,application_evaluator,complete,29.677893966436386,29.955728072673082,29.6549129486084,364.029296875,0.0,21.82861328125,462.0,8192,8192,32768,
1404,/home/wanglz/Desktop/src/ModularDT/HONF_Proj/Trained_Results/ThermalChannel/HONF_Forward_Runs/Run_1404_20260916_092508_routing_only_pairwise/best_by_field_mse_model.pt,4890,legacy_honf,0290,full_forward,complete,26.392766274511814,29.062996711581945,26.37004852294922,363.724609375,0.0,21.82861328125,462.0,8192,8192,32768,
1404,/home/wanglz/Desktop/src/ModularDT/HONF_Proj/Trained_Results/ThermalChannel/HONF_Forward_Runs/Run_1404_20260916_092508_routing_only_pairwise/best_by_field_mse_model.pt,4890,legacy_honf,0290,preparation_plus_one_query,complete,26.18212066590786,27.39453613758087,26.153120040893555,35.50634765625,0.0,21.82861328125,462.0,8192,8192,32768,
1404,/home/wanglz/Desktop/src/ModularDT/HONF_Proj/Trained_Results/ThermalChannel/HONF_Forward_Runs/Run_1404_20260916_092508_routing_only_pairwise/best_by_field_mse_model.pt,4890,legacy_honf,0290,prepared_p2_decode,complete,6.451801396906376,6.464875489473343,6.432767868041992,363.04345703125,0.0,22.09326171875,462.0,8192,8192,32768,
1404,/home/wanglz/Desktop/src/ModularDT/HONF_Proj/Trained_Results/ThermalChannel/HONF_Forward_Runs/Run_1404_20260916_092508_routing_only_pairwise/best_by_field_mse_model.pt,4890,legacy_honf,0291,application_evaluator,complete,29.506638646125793,30.714277271181345,29.48636817932129,364.029296875,0.0,21.82861328125,462.0,8192,8192,32768,
1404,/home/wanglz/Desktop/src/ModularDT/HONF_Proj/Trained_Results/ThermalChannel/HONF_Forward_Runs/Run_1404_20260916_092508_routing_only_pairwise/best_by_field_mse_model.pt,4890,legacy_honf,0291,full_forward,complete,28.034073300659657,28.161801770329475,28.012351989746094,363.724609375,0.0,21.82861328125,462.0,8192,8192,32768,
1404,/home/wanglz/Desktop/src/ModularDT/HONF_Proj/Trained_Results/ThermalChannel/HONF_Forward_Runs/Run_1404_20260916_092508_routing_only_pairwise/best_by_field_mse_model.pt,4890,legacy_honf,0291,preparation_plus_one_query,complete,24.38157331198454,24.524386692792177,24.3558406829834,35.50634765625,0.0,21.82861328125,462.0,8192,8192,32768,
1404,/home/wanglz/Desktop/src/ModularDT/HONF_Proj/Trained_Results/ThermalChannel/HONF_Forward_Runs/Run_1404_20260916_092508_routing_only_pairwise/best_by_field_mse_model.pt,4890,legacy_honf,0291,prepared_p2_decode,complete,6.408777087926865,6.4414639957249165,6.367072105407715,363.04345703125,0.0,22.09326171875,462.0,8192,8192,32768,
1404,/home/wanglz/Desktop/src/ModularDT/HONF_Proj/Trained_Results/ThermalChannel/HONF_Forward_Runs/Run_1404_20260916_092508_routing_only_pairwise/best_by_field_mse_model.pt,4890,legacy_honf,0292,application_evaluator,complete,28.258967213332653,29.103282187134027,28.239519119262695,364.029296875,0.0,21.82861328125,462.0,8192,8192,32768,
1404,/home/wanglz/Desktop/src/ModularDT/HONF_Proj/Trained_Results/ThermalChannel/HONF_Forward_Runs/Run_1404_20260916_092508_routing_only_pairwise/best_by_field_mse_model.pt,4890,legacy_honf,0292,full_forward,complete,27.090356685221195,27.34480779618025,27.066207885742188,363.724609375,0.0,21.82861328125,462.0,8192,8192,32768,
1404,/home/wanglz/Desktop/src/ModularDT/HONF_Proj/Trained_Results/ThermalChannel/HONF_Forward_Runs/Run_1404_20260916_092508_routing_only_pairwise/best_by_field_mse_model.pt,4890,legacy_honf,0292,preparation_plus_one_query,complete,25.657182559370995,28.242930956184864,25.634815216064453,35.50634765625,0.0,21.82861328125,462.0,8192,8192,32768,
1404,/home/wanglz/Desktop/src/ModularDT/HONF_Proj/Trained_Results/ThermalChannel/HONF_Forward_Runs/Run_1404_20260916_092508_routing_only_pairwise/best_by_field_mse_model.pt,4890,legacy_honf,0292,prepared_p2_decode,complete,6.348153576254845,6.47311769425869,6.329343795776367,363.04345703125,0.0,22.09326171875,462.0,8192,8192,32768,
1404,/home/wanglz/Desktop/src/ModularDT/HONF_Proj/Trained_Results/ThermalChannel/HONF_Forward_Runs/Run_1404_20260916_092508_routing_only_pairwise/best_by_field_mse_model.pt,4890,legacy_honf,0293,application_evaluator,complete,29.939105734229088,30.145282112061977,29.915199279785156,364.716796875,0.0,21.82861328125,458.0,8192,8192,32768,
1404,/home/wanglz/Desktop/src/ModularDT/HONF_Proj/Trained_Results/ThermalChannel/HONF_Forward_Runs/Run_1404_20260916_092508_routing_only_pairwise/best_by_field_mse_model.pt,4890,legacy_honf,0293,full_forward,complete,28.71545869857073,29.06520366668701,28.691455841064453,364.412109375,0.0,21.82861328125,458.0,8192,8192,32768,
1404,/home/wanglz/Desktop/src/ModularDT/HONF_Proj/Trained_Results/ThermalChannel/HONF_Forward_Runs/Run_1404_20260916_092508_routing_only_pairwise/best_by_field_mse_model.pt,4890,legacy_honf,0293,preparation_plus_one_query,complete,25.116318836808205,25.134421233087778,25.094079971313477,38.12744140625,0.0,21.82861328125,458.0,8192,8192,32768,
1404,/home/wanglz/Desktop/src/ModularDT/HONF_Proj/Trained_Results/ThermalChannel/HONF_Forward_Runs/Run_1404_20260916_092508_routing_only_pairwise/best_by_field_mse_model.pt,4890,legacy_honf,0293,prepared_p2_decode,complete,6.518011912703514,6.599224172532558,6.496255874633789,363.73095703125,0.0,22.09326171875,458.0,8192,8192,32768,
1404,/home/wanglz/Desktop/src/ModularDT/HONF_Proj/Trained_Results/ThermalChannel/HONF_Forward_Runs/Run_1404_20260916_092508_routing_only_pairwise/best_by_field_mse_model.pt,4890,legacy_honf,0294,application_evaluator,complete,28.12850009649992,28.730433899909258,28.10963249206543,364.716796875,0.0,21.82861328125,458.0,8192,8192,32768,
1404,/home/wanglz/Desktop/src/ModularDT/HONF_Proj/Trained_Results/ThermalChannel/HONF_Forward_Runs/Run_1404_20260916_092508_routing_only_pairwise/best_by_field_mse_model.pt,4890,legacy_honf,0294,full_forward,complete,28.041057288646698,28.234409354627132,28.014591217041016,364.412109375,0.0,21.82861328125,458.0,8192,8192,32768,
1404,/home/wanglz/Desktop/src/ModularDT/HONF_Proj/Trained_Results/ThermalChannel/HONF_Forward_Runs/Run_1404_20260916_092508_routing_only_pairwise/best_by_field_mse_model.pt,4890,legacy_honf,0294,preparation_plus_one_query,complete,23.583129048347473,24.696228187531233,23.556095123291016,38.12744140625,0.0,21.82861328125,458.0,8192,8192,32768,
1404,/home/wanglz/Desktop/src/ModularDT/HONF_Proj/Trained_Results/ThermalChannel/HONF_Forward_Runs/Run_1404_20260916_092508_routing_only_pairwise/best_by_field_mse_model.pt,4890,legacy_honf,0294,prepared_p2_decode,complete,6.501530297100544,7.340062595903873,6.476799964904785,363.73095703125,0.0,22.09326171875,458.0,8192,8192,32768,
1404,/home/wanglz/Desktop/src/ModularDT/HONF_Proj/Trained_Results/ThermalChannel/HONF_Forward_Runs/Run_1404_20260916_092508_routing_only_pairwise/best_by_field_mse_model.pt,4890,legacy_honf,0295,application_evaluator,complete,30.916067771613598,32.450821064412594,30.896255493164062,364.716796875,0.0,21.82861328125,458.0,8192,8192,32768,
1404,/home/wanglz/Desktop/src/ModularDT/HONF_Proj/Trained_Results/ThermalChannel/HONF_Forward_Runs/Run_1404_20260916_092508_routing_only_pairwise/best_by_field_mse_model.pt,4890,legacy_honf,0295,full_forward,complete,26.99313499033451,28.449190594255924,26.97113609313965,364.412109375,0.0,21.82861328125,458.0,8192,8192,32768,
1404,/home/wanglz/Desktop/src/ModularDT/HONF_Proj/Trained_Results/ThermalChannel/HONF_Forward_Runs/Run_1404_20260916_092508_routing_only_pairwise/best_by_field_mse_model.pt,4890,legacy_honf,0295,preparation_plus_one_query,complete,25.239241309463978,28.239857032895088,25.217023849487305,38.12744140625,0.0,21.82861328125,458.0,8192,8192,32768,
1404,/home/wanglz/Desktop/src/ModularDT/HONF_Proj/Trained_Results/ThermalChannel/HONF_Forward_Runs/Run_1404_20260916_092508_routing_only_pairwise/best_by_field_mse_model.pt,4890,legacy_honf,0295,prepared_p2_decode,complete,6.882869638502598,7.09608681499958,6.851583957672119,363.73095703125,0.0,22.09326171875,458.0,8192,8192,32768,
1404,/home/wanglz/Desktop/src/ModularDT/HONF_Proj/Trained_Results/ThermalChannel/HONF_Forward_Runs/Run_1404_20260916_092508_routing_only_pairwise/best_by_field_mse_model.pt,4890,legacy_honf,0296,application_evaluator,complete,29.103505425155163,29.928713012486696,29.067232131958008,364.716796875,0.0,21.82861328125,458.0,8192,8192,32768,
1404,/home/wanglz/Desktop/src/ModularDT/HONF_Proj/Trained_Results/ThermalChannel/HONF_Forward_Runs/Run_1404_20260916_092508_routing_only_pairwise/best_by_field_mse_model.pt,4890,legacy_honf,0296,full_forward,complete,29.10713665187359,29.514712560921907,29.071359634399414,364.412109375,0.0,21.82861328125,458.0,8192,8192,32768,
1404,/home/wanglz/Desktop/src/ModularDT/HONF_Proj/Trained_Results/ThermalChannel/HONF_Forward_Runs/Run_1404_20260916_092508_routing_only_pairwise/best_by_field_mse_model.pt,4890,legacy_honf,0296,preparation_plus_one_query,complete,25.3448449075222,25.979464780539274,25.324256896972656,38.12744140625,0.0,21.82861328125,458.0,8192,8192,32768,
1404,/home/wanglz/Desktop/src/ModularDT/HONF_Proj/Trained_Results/ThermalChannel/HONF_Forward_Runs/Run_1404_20260916_092508_routing_only_pairwise/best_by_field_mse_model.pt,4890,legacy_honf,0296,prepared_p2_decode,complete,6.524438038468361,6.534243188798428,6.500351905822754,363.73095703125,0.0,22.09326171875,458.0,8192,8192,32768,
1404,/home/wanglz/Desktop/src/ModularDT/HONF_Proj/Trained_Results/ThermalChannel/HONF_Forward_Runs/Run_1404_20260916_092508_routing_only_pairwise/best_by_field_mse_model.pt,4890,legacy_honf,0297,application_evaluator,complete,28.18632870912552,29.247884172946215,28.167648315429688,364.716796875,0.0,21.82861328125,458.0,8192,8192,32768,
1404,/home/wanglz/Desktop/src/ModularDT/HONF_Proj/Trained_Results/ThermalChannel/HONF_Forward_Runs/Run_1404_20260916_092508_routing_only_pairwise/best_by_field_mse_model.pt,4890,legacy_honf,0297,full_forward,complete,27.122204191982746,28.26648149639368,27.097280502319336,364.412109375,0.0,21.82861328125,458.0,8192,8192,32768,
1404,/home/wanglz/Desktop/src/ModularDT/HONF_Proj/Trained_Results/ThermalChannel/HONF_Forward_Runs/Run_1404_20260916_092508_routing_only_pairwise/best_by_field_mse_model.pt,4890,legacy_honf,0297,preparation_plus_one_query,complete,24.854826740920544,29.190809559077024,24.833023071289062,38.12744140625,0.0,21.82861328125,458.0,8192,8192,32768,
1404,/home/wanglz/Desktop/src/ModularDT/HONF_Proj/Trained_Results/ThermalChannel/HONF_Forward_Runs/Run_1404_20260916_092508_routing_only_pairwise/best_by_field_mse_model.pt,4890,legacy_honf,0297,prepared_p2_decode,complete,6.496221758425236,6.764751952141523,6.473663806915283,363.73095703125,0.0,22.09326171875,458.0,8192,8192,32768,
1404,/home/wanglz/Desktop/src/ModularDT/HONF_Proj/Trained_Results/ThermalChannel/HONF_Forward_Runs/Run_1404_20260916_092508_routing_only_pairwise/best_by_field_mse_model.pt,4890,legacy_honf,0298,application_evaluator,complete,29.473673552274704,29.67959763482213,29.448991775512695,364.716796875,0.0,21.82861328125,458.0,8192,8192,32768,
1404,/home/wanglz/Desktop/src/ModularDT/HONF_Proj/Trained_Results/ThermalChannel/HONF_Forward_Runs/Run_1404_20260916_092508_routing_only_pairwise/best_by_field_mse_model.pt,4890,legacy_honf,0298,full_forward,complete,30.334974639117718,30.482064466923475,30.30112075805664,364.412109375,0.0,21.82861328125,458.0,8192,8192,32768,
1404,/home/wanglz/Desktop/src/ModularDT/HONF_Proj/Trained_Results/ThermalChannel/HONF_Forward_Runs/Run_1404_20260916_092508_routing_only_pairwise/best_by_field_mse_model.pt,4890,legacy_honf,0298,preparation_plus_one_query,complete,24.41789023578167,24.508909322321415,24.386816024780273,38.12744140625,0.0,21.82861328125,458.0,8192,8192,32768,
1404,/home/wanglz/Desktop/src/ModularDT/HONF_Proj/Trained_Results/ThermalChannel/HONF_Forward_Runs/Run_1404_20260916_092508_routing_only_pairwise/best_by_field_mse_model.pt,4890,legacy_honf,0298,prepared_p2_decode,complete,6.651551462709904,6.891671195626259,6.63040018081665,363.73095703125,0.0,22.09326171875,458.0,8192,8192,32768,
1404,/home/wanglz/Desktop/src/ModularDT/HONF_Proj/Trained_Results/ThermalChannel/HONF_Forward_Runs/Run_1404_20260916_092508_routing_only_pairwise/best_by_field_mse_model.pt,4890,legacy_honf,0299,application_evaluator,complete,28.661261312663555,28.796531818807125,28.639423370361328,364.716796875,0.0,21.82861328125,458.0,8192,8192,32768,
1404,/home/wanglz/Desktop/src/ModularDT/HONF_Proj/Trained_Results/ThermalChannel/HONF_Forward_Runs/Run_1404_20260916_092508_routing_only_pairwise/best_by_field_mse_model.pt,4890,legacy_honf,0299,full_forward,complete,28.182138688862324,28.561049327254295,27.9685115814209,364.412109375,0.0,21.82861328125,458.0,8192,8192,32768,
1404,/home/wanglz/Desktop/src/ModularDT/HONF_Proj/Trained_Results/ThermalChannel/HONF_Forward_Runs/Run_1404_20260916_092508_routing_only_pairwise/best_by_field_mse_model.pt,4890,legacy_honf,0299,preparation_plus_one_query,complete,23.680349811911583,24.18296644464135,23.658655166625977,38.12744140625,0.0,21.82861328125,458.0,8192,8192,32768,
1404,/home/wanglz/Desktop/src/ModularDT/HONF_Proj/Trained_Results/ThermalChannel/HONF_Forward_Runs/Run_1404_20260916_092508_routing_only_pairwise/best_by_field_mse_model.pt,4890,legacy_honf,0299,prepared_p2_decode,complete,6.428333930671215,6.4879233948886395,6.406879901885986,363.73095703125,0.0,22.09326171875,458.0,8192,8192,32768,
1404,/home/wanglz/Desktop/src/ModularDT/HONF_Proj/Trained_Results/ThermalChannel/HONF_Forward_Runs/Run_1404_20260916_092508_routing_only_pairwise/best_by_field_mse_model.pt,4890,legacy_honf,0300,application_evaluator,complete,31.940520741045475,32.74636697024107,31.89731216430664,364.716796875,0.0,21.82861328125,458.0,8192,8192,32768,
1404,/home/wanglz/Desktop/src/ModularDT/HONF_Proj/Trained_Results/ThermalChannel/HONF_Forward_Runs/Run_1404_20260916_092508_routing_only_pairwise/best_by_field_mse_model.pt,4890,legacy_honf,0300,full_forward,complete,27.233115397393703,27.4498512968421,27.198463439941406,364.412109375,0.0,21.82861328125,458.0,8192,8192,32768,
1404,/home/wanglz/Desktop/src/ModularDT/HONF_Proj/Trained_Results/ThermalChannel/HONF_Forward_Runs/Run_1404_20260916_092508_routing_only_pairwise/best_by_field_mse_model.pt,4890,legacy_honf,0300,preparation_plus_one_query,complete,24.22372717410326,27.05789254978299,24.197280883789062,38.12744140625,0.0,21.82861328125,458.0,8192,8192,32768,
1404,/home/wanglz/Desktop/src/ModularDT/HONF_Proj/Trained_Results/ThermalChannel/HONF_Forward_Runs/Run_1404_20260916_092508_routing_only_pairwise/best_by_field_mse_model.pt,4890,legacy_honf,0300,prepared_p2_decode,complete,6.623893044888973,6.6269113682210445,6.597407817840576,363.73095703125,0.0,22.09326171875,458.0,8192,8192,32768,
1404,/home/wanglz/Desktop/src/ModularDT/HONF_Proj/Trained_Results/ThermalChannel/HONF_Forward_Runs/Run_1404_20260916_092508_routing_only_pairwise/best_by_field_mse_model.pt,4890,legacy_honf,0301,application_evaluator,complete,29.945251531898975,30.165508668869734,29.905792236328125,364.716796875,0.0,21.82861328125,458.0,8192,8192,32768,
1404,/home/wanglz/Desktop/src/ModularDT/HONF_Proj/Trained_Results/ThermalChannel/HONF_Forward_Runs/Run_1404_20260916_092508_routing_only_pairwise/best_by_field_mse_model.pt,4890,legacy_honf,0301,full_forward,complete,29.504403471946716,30.663766525685787,29.479936599731445,364.412109375,0.0,21.82861328125,458.0,8192,8192,32768,
1404,/home/wanglz/Desktop/src/ModularDT/HONF_Proj/Trained_Results/ThermalChannel/HONF_Forward_Runs/Run_1404_20260916_092508_routing_only_pairwise/best_by_field_mse_model.pt,4890,legacy_honf,0301,preparation_plus_one_query,complete,25.329478085041046,25.342804472893476,25.307104110717773,38.12744140625,0.0,21.82861328125,458.0,8192,8192,32768,
1404,/home/wanglz/Desktop/src/ModularDT/HONF_Proj/Trained_Results/ThermalChannel/HONF_Forward_Runs/Run_1404_20260916_092508_routing_only_pairwise/best_by_field_mse_model.pt,4890,legacy_honf,0301,prepared_p2_decode,complete,6.62668701261282,6.666161585599184,6.606783866882324,363.73095703125,0.0,22.09326171875,458.0,8192,8192,32768,
1404,/home/wanglz/Desktop/src/ModularDT/HONF_Proj/Trained_Results/ThermalChannel/HONF_Forward_Runs/Run_1404_20260916_092508_routing_only_pairwise/best_by_field_mse_model.pt,4890,legacy_honf,0302,application_evaluator,complete,29.150999151170254,31.66458522900939,29.131263732910156,364.716796875,0.0,21.82861328125,458.0,8192,8192,32768,
1404,/home/wanglz/Desktop/src/ModularDT/HONF_Proj/Trained_Results/ThermalChannel/HONF_Forward_Runs/Run_1404_20260916_092508_routing_only_pairwise/best_by_field_mse_model.pt,4890,legacy_honf,0302,full_forward,complete,28.209516778588295,29.519992135465145,28.159936904907227,364.412109375,0.0,21.82861328125,458.0,8192,8192,32768,
1404,/home/wanglz/Desktop/src/ModularDT/HONF_Proj/Trained_Results/ThermalChannel/HONF_Forward_Runs/Run_1404_20260916_092508_routing_only_pairwise/best_by_field_mse_model.pt,4890,legacy_honf,0302,preparation_plus_one_query,complete,24.09493550658226,25.853467173874378,24.07219123840332,38.12744140625,0.0,21.82861328125,458.0,8192,8192,32768,
1404,/home/wanglz/Desktop/src/ModularDT/HONF_Proj/Trained_Results/ThermalChannel/HONF_Forward_Runs/Run_1404_20260916_092508_routing_only_pairwise/best_by_field_mse_model.pt,4890,legacy_honf,0302,prepared_p2_decode,complete,6.4828116446733475,6.609030533581972,6.461440086364746,363.73095703125,0.0,22.09326171875,458.0,8192,8192,32768,
1404,/home/wanglz/Desktop/src/ModularDT/HONF_Proj/Trained_Results/ThermalChannel/HONF_Forward_Runs/Run_1404_20260916_092508_routing_only_pairwise/best_by_field_mse_model.pt,4890,legacy_honf,0633,application_evaluator,complete,29.74689658731222,31.633658800274134,29.726816177368164,363.654296875,0.0,21.82861328125,462.0,8192,8192,32768,
1404,/home/wanglz/Desktop/src/ModularDT/HONF_Proj/Trained_Results/ThermalChannel/HONF_Forward_Runs/Run_1404_20260916_092508_routing_only_pairwise/best_by_field_mse_model.pt,4890,legacy_honf,0633,full_forward,complete,28.611253015697002,30.718522984534502,28.57574462890625,363.349609375,0.0,21.82861328125,462.0,8192,8192,32768,
1404,/home/wanglz/Desktop/src/ModularDT/HONF_Proj/Trained_Results/ThermalChannel/HONF_Forward_Runs/Run_1404_20260916_092508_routing_only_pairwise/best_by_field_mse_model.pt,4890,legacy_honf,0633,preparation_plus_one_query,complete,23.15457258373499,23.179715778678656,23.130111694335938,35.47119140625,0.0,21.82861328125,462.0,8192,8192,32768,
1404,/home/wanglz/Desktop/src/ModularDT/HONF_Proj/Trained_Results/ThermalChannel/HONF_Forward_Runs/Run_1404_20260916_092508_routing_only_pairwise/best_by_field_mse_model.pt,4890,legacy_honf,0633,prepared_p2_decode,complete,6.522760726511478,6.602213624864817,6.501376152038574,362.66845703125,0.0,22.09326171875,462.0,8192,8192,32768,
1404,/home/wanglz/Desktop/src/ModularDT/HONF_Proj/Trained_Results/ThermalChannel/HONF_Forward_Runs/Run_1404_20260916_092508_routing_only_pairwise/best_by_field_mse_model.pt,4890,legacy_honf,0634,application_evaluator,complete,29.73265014588833,31.55127251520753,29.712064743041992,363.654296875,0.0,21.82861328125,462.0,8192,8192,32768,
1404,/home/wanglz/Desktop/src/ModularDT/HONF_Proj/Trained_Results/ThermalChannel/HONF_Forward_Runs/Run_1404_20260916_092508_routing_only_pairwise/best_by_field_mse_model.pt,4890,legacy_honf,0634,full_forward,complete,28.597844764590263,28.66246085613966,28.57472038269043,363.349609375,0.0,21.82861328125,462.0,8192,8192,32768,
1404,/home/wanglz/Desktop/src/ModularDT/HONF_Proj/Trained_Results/ThermalChannel/HONF_Forward_Runs/Run_1404_20260916_092508_routing_only_pairwise/best_by_field_mse_model.pt,4890,legacy_honf,0634,preparation_plus_one_query,complete,24.722404778003693,25.979323964565992,24.681472778320312,35.47119140625,0.0,21.82861328125,462.0,8192,8192,32768,
1404,/home/wanglz/Desktop/src/ModularDT/HONF_Proj/Trained_Results/ThermalChannel/HONF_Forward_Runs/Run_1404_20260916_092508_routing_only_pairwise/best_by_field_mse_model.pt,4890,legacy_honf,0634,prepared_p2_decode,complete,6.274678744375706,6.316667888313532,6.2566399574279785,362.66845703125,0.0,22.09326171875,462.0,8192,8192,32768,
1404,/home/wanglz/Desktop/src/ModularDT/HONF_Proj/Trained_Results/ThermalChannel/HONF_Forward_Runs/Run_1404_20260916_092508_routing_only_pairwise/best_by_field_mse_model.pt,4890,legacy_honf,0635,application_evaluator,complete,29.73209135234356,29.9249405041337,29.712671279907227,363.654296875,0.0,21.82861328125,462.0,8192,8192,32768,
1404,/home/wanglz/Desktop/src/ModularDT/HONF_Proj/Trained_Results/ThermalChannel/HONF_Forward_Runs/Run_1404_20260916_092508_routing_only_pairwise/best_by_field_mse_model.pt,4890,legacy_honf,0635,full_forward,complete,26.531892828643322,29.259449616074562,26.49907112121582,363.349609375,0.0,21.82861328125,462.0,8192,8192,32768,
1404,/home/wanglz/Desktop/src/ModularDT/HONF_Proj/Trained_Results/ThermalChannel/HONF_Forward_Runs/Run_1404_20260916_092508_routing_only_pairwise/best_by_field_mse_model.pt,4890,legacy_honf,0635,preparation_plus_one_query,complete,23.672526702284813,27.249679900705814,23.64633560180664,35.47119140625,0.0,21.82861328125,462.0,8192,8192,32768,
1404,/home/wanglz/Desktop/src/ModularDT/HONF_Proj/Trained_Results/ThermalChannel/HONF_Forward_Runs/Run_1404_20260916_092508_routing_only_pairwise/best_by_field_mse_model.pt,4890,legacy_honf,0635,prepared_p2_decode,complete,6.404866464436054,6.424477603286505,6.384640216827393,362.66845703125,0.0,22.09326171875,462.0,8192,8192,32768,
1404,/home/wanglz/Desktop/src/ModularDT/HONF_Proj/Trained_Results/ThermalChannel/HONF_Forward_Runs/Run_1404_20260916_092508_routing_only_pairwise/best_by_field_mse_model.pt,4890,legacy_honf,0636,application_evaluator,complete,30.38526140153408,31.444301456212997,30.365055084228516,363.654296875,0.0,21.82861328125,462.0,8192,8192,32768,
1404,/home/wanglz/Desktop/src/ModularDT/HONF_Proj/Trained_Results/ThermalChannel/HONF_Forward_Runs/Run_1404_20260916_092508_routing_only_pairwise/best_by_field_mse_model.pt,4890,legacy_honf,0636,full_forward,complete,27.835159562528133,28.319422341883183,27.812864303588867,363.349609375,0.0,21.82861328125,462.0,8192,8192,32768,
1404,/home/wanglz/Desktop/src/ModularDT/HONF_Proj/Trained_Results/ThermalChannel/HONF_Forward_Runs/Run_1404_20260916_092508_routing_only_pairwise/best_by_field_mse_model.pt,4890,legacy_honf,0636,preparation_plus_one_query,complete,25.14984179288149,25.390968192368746,25.124128341674805,35.47119140625,0.0,21.82861328125,462.0,8192,8192,32768,
1404,/home/wanglz/Desktop/src/ModularDT/HONF_Proj/Trained_Results/ThermalChannel/HONF_Forward_Runs/Run_1404_20260916_092508_routing_only_pairwise/best_by_field_mse_model.pt,4890,legacy_honf,0636,prepared_p2_decode,complete,6.514659151434898,6.522957235574722,6.495232105255127,362.66845703125,0.0,22.09326171875,462.0,8192,8192,32768,
1404,/home/wanglz/Desktop/src/ModularDT/HONF_Proj/Trained_Results/ThermalChannel/HONF_Forward_Runs/Run_1404_20260916_092508_routing_only_pairwise/best_by_field_mse_model.pt,4890,legacy_honf,0637,application_evaluator,complete,27.647421695291996,27.73265726864338,27.614784240722656,363.654296875,0.0,21.82861328125,462.0,8192,8192,32768,
1404,/home/wanglz/Desktop/src/ModularDT/HONF_Proj/Trained_Results/ThermalChannel/HONF_Forward_Runs/Run_1404_20260916_092508_routing_only_pairwise/best_by_field_mse_model.pt,4890,legacy_honf,0637,full_forward,complete,26.557035744190216,27.173049468547106,26.52467155456543,363.349609375,0.0,21.82861328125,462.0,8192,8192,32768,
1404,/home/wanglz/Desktop/src/ModularDT/HONF_Proj/Trained_Results/ThermalChannel/HONF_Forward_Runs/Run_1404_20260916_092508_routing_only_pairwise/best_by_field_mse_model.pt,4890,legacy_honf,0637,preparation_plus_one_query,complete,24.225122295320034,24.686504155397415,24.20243263244629,35.47119140625,0.0,21.82861328125,462.0,8192,8192,32768,
1404,/home/wanglz/Desktop/src/ModularDT/HONF_Proj/Trained_Results/ThermalChannel/HONF_Forward_Runs/Run_1404_20260916_092508_routing_only_pairwise/best_by_field_mse_model.pt,4890,legacy_honf,0637,prepared_p2_decode,complete,6.324966438114643,6.491666566580534,6.304768085479736,362.66845703125,0.0,22.09326171875,462.0,8192,8192,32768,
1404,/home/wanglz/Desktop/src/ModularDT/HONF_Proj/Trained_Results/ThermalChannel/HONF_Forward_Runs/Run_1404_20260916_092508_routing_only_pairwise/best_by_field_mse_model.pt,4890,legacy_honf,0638,application_evaluator,complete,32.502057030797005,32.61620765551925,32.48169708251953,363.654296875,0.0,21.82861328125,462.0,8192,8192,32768,
1404,/home/wanglz/Desktop/src/ModularDT/HONF_Proj/Trained_Results/ThermalChannel/HONF_Forward_Runs/Run_1404_20260916_092508_routing_only_pairwise/best_by_field_mse_model.pt,4890,legacy_honf,0638,full_forward,complete,27.694355696439743,29.904210940003395,27.669504165649414,363.349609375,0.0,21.82861328125,462.0,8192,8192,32768,
1404,/home/wanglz/Desktop/src/ModularDT/HONF_Proj/Trained_Results/ThermalChannel/HONF_Forward_Runs/Run_1404_20260916_092508_routing_only_pairwise/best_by_field_mse_model.pt,4890,legacy_honf,0638,preparation_plus_one_query,complete,25.52783116698265,28.51034365594387,25.50169563293457,35.47119140625,0.0,21.82861328125,462.0,8192,8192,32768,
1404,/home/wanglz/Desktop/src/ModularDT/HONF_Proj/Trained_Results/ThermalChannel/HONF_Forward_Runs/Run_1404_20260916_092508_routing_only_pairwise/best_by_field_mse_model.pt,4890,legacy_honf,0638,prepared_p2_decode,complete,6.605175323784351,6.737178564071655,6.58022403717041,362.66845703125,0.0,22.09326171875,462.0,8192,8192,32768,
1404,/home/wanglz/Desktop/src/ModularDT/HONF_Proj/Trained_Results/ThermalChannel/HONF_Forward_Runs/Run_1404_20260916_092508_routing_only_pairwise/best_by_field_mse_model.pt,4890,legacy_honf,0639,application_evaluator,complete,30.24194296449423,31.806617137044668,30.22115135192871,363.654296875,0.0,21.82861328125,462.0,8192,8192,32768,
1404,/home/wanglz/Desktop/src/ModularDT/HONF_Proj/Trained_Results/ThermalChannel/HONF_Forward_Runs/Run_1404_20260916_092508_routing_only_pairwise/best_by_field_mse_model.pt,4890,legacy_honf,0639,full_forward,complete,28.49224116653204,28.514115419238806,28.470272064208984,363.349609375,0.0,21.82861328125,462.0,8192,8192,32768,
1404,/home/wanglz/Desktop/src/ModularDT/HONF_Proj/Trained_Results/ThermalChannel/HONF_Forward_Runs/Run_1404_20260916_092508_routing_only_pairwise/best_by_field_mse_model.pt,4890,legacy_honf,0639,preparation_plus_one_query,complete,27.701061218976974,28.918254375457764,27.676671981811523,35.47119140625,0.0,21.82861328125,462.0,8192,8192,32768,
1404,/home/wanglz/Desktop/src/ModularDT/HONF_Proj/Trained_Results/ThermalChannel/HONF_Forward_Runs/Run_1404_20260916_092508_routing_only_pairwise/best_by_field_mse_model.pt,4890,legacy_honf,0639,prepared_p2_decode,complete,6.443977355957031,6.481944862753153,6.423488140106201,362.66845703125,0.0,22.09326171875,462.0,8192,8192,32768,
1404,/home/wanglz/Desktop/src/ModularDT/HONF_Proj/Trained_Results/ThermalChannel/HONF_Forward_Runs/Run_1404_20260916_092508_routing_only_pairwise/best_by_field_mse_model.pt,4890,legacy_honf,0640,application_evaluator,complete,29.479258693754673,31.47388594225049,29.4466552734375,363.654296875,0.0,21.82861328125,462.0,8192,8192,32768,
1404,/home/wanglz/Desktop/src/ModularDT/HONF_Proj/Trained_Results/ThermalChannel/HONF_Forward_Runs/Run_1404_20260916_092508_routing_only_pairwise/best_by_field_mse_model.pt,4890,legacy_honf,0640,full_forward,complete,26.59111935645342,30.190650559961796,26.56768035888672,363.349609375,0.0,21.82861328125,462.0,8192,8192,32768,
1404,/home/wanglz/Desktop/src/ModularDT/HONF_Proj/Trained_Results/ThermalChannel/HONF_Forward_Runs/Run_1404_20260916_092508_routing_only_pairwise/best_by_field_mse_model.pt,4890,legacy_honf,0640,preparation_plus_one_query,complete,23.93876761198044,24.68653228133917,23.917407989501953,35.47119140625,0.0,21.82861328125,462.0,8192,8192,32768,
1404,/home/wanglz/Desktop/src/ModularDT/HONF_Proj/Trained_Results/ThermalChannel/HONF_Forward_Runs/Run_1404_20260916_092508_routing_only_pairwise/best_by_field_mse_model.pt,4890,legacy_honf,0640,prepared_p2_decode,complete,6.398441269993782,6.597325392067432,6.378335952758789,362.66845703125,0.0,22.09326171875,462.0,8192,8192,32768,
1404,/home/wanglz/Desktop/src/ModularDT/HONF_Proj/Trained_Results/ThermalChannel/HONF_Forward_Runs/Run_1404_20260916_092508_routing_only_pairwise/best_by_field_mse_model.pt,4890,legacy_honf,0641,application_evaluator,complete,29.733766801655293,30.37869557738304,29.713760375976562,363.654296875,0.0,21.82861328125,462.0,8192,8192,32768,
1404,/home/wanglz/Desktop/src/ModularDT/HONF_Proj/Trained_Results/ThermalChannel/HONF_Forward_Runs/Run_1404_20260916_092508_routing_only_pairwise/best_by_field_mse_model.pt,4890,legacy_honf,0641,full_forward,complete,28.084359131753445,28.81904887035489,28.06083106994629,363.349609375,0.0,21.82861328125,462.0,8192,8192,32768,
1404,/home/wanglz/Desktop/src/ModularDT/HONF_Proj/Trained_Results/ThermalChannel/HONF_Forward_Runs/Run_1404_20260916_092508_routing_only_pairwise/best_by_field_mse_model.pt,4890,legacy_honf,0641,preparation_plus_one_query,complete,26.522113010287285,26.925665605813265,26.49679946899414,35.47119140625,0.0,21.82861328125,462.0,8192,8192,32768,
1404,/home/wanglz/Desktop/src/ModularDT/HONF_Proj/Trained_Results/ThermalChannel/HONF_Forward_Runs/Run_1404_20260916_092508_routing_only_pairwise/best_by_field_mse_model.pt,4890,legacy_honf,0641,prepared_p2_decode,complete,6.42805453389883,6.435848865658045,6.408480167388916,362.66845703125,0.0,22.09326171875,462.0,8192,8192,32768,
1404,/home/wanglz/Desktop/src/ModularDT/HONF_Proj/Trained_Results/ThermalChannel/HONF_Forward_Runs/Run_1404_20260916_092508_routing_only_pairwise/best_by_field_mse_model.pt,4890,legacy_honf,0642,application_evaluator,complete,27.613057754933834,27.67088869586587,27.593984603881836,363.654296875,0.0,21.82861328125,462.0,8192,8192,32768,
1404,/home/wanglz/Desktop/src/ModularDT/HONF_Proj/Trained_Results/ThermalChannel/HONF_Forward_Runs/Run_1404_20260916_092508_routing_only_pairwise/best_by_field_mse_model.pt,4890,legacy_honf,0642,full_forward,complete,27.607472613453865,27.812642324715853,27.5863037109375,363.349609375,0.0,21.82861328125,462.0,8192,8192,32768,
1404,/home/wanglz/Desktop/src/ModularDT/HONF_Proj/Trained_Results/ThermalChannel/HONF_Forward_Runs/Run_1404_20260916_092508_routing_only_pairwise/best_by_field_mse_model.pt,4890,legacy_honf,0642,preparation_plus_one_query,complete,24.989761412143707,26.598438061773777,24.967391967773438,35.47119140625,0.0,21.82861328125,462.0,8192,8192,32768,
1404,/home/wanglz/Desktop/src/ModularDT/HONF_Proj/Trained_Results/ThermalChannel/HONF_Forward_Runs/Run_1404_20260916_092508_routing_only_pairwise/best_by_field_mse_model.pt,4890,legacy_honf,0642,prepared_p2_decode,complete,6.4702387899160385,6.721421796828508,6.451200008392334,362.66845703125,0.0,22.09326171875,462.0,8192,8192,32768,
1404,/home/wanglz/Desktop/src/ModularDT/HONF_Proj/Trained_Results/ThermalChannel/HONF_Forward_Runs/Run_1404_20260916_092508_routing_only_pairwise/best_by_field_mse_model.pt,4890,legacy_honf,0643,application_evaluator,complete,29.270569793879986,29.654257278889418,29.250911712646484,363.654296875,0.0,21.82861328125,462.0,8192,8192,32768,
1404,/home/wanglz/Desktop/src/ModularDT/HONF_Proj/Trained_Results/ThermalChannel/HONF_Forward_Runs/Run_1404_20260916_092508_routing_only_pairwise/best_by_field_mse_model.pt,4890,legacy_honf,0643,full_forward,complete,27.83013042062521,28.654834255576134,27.805919647216797,363.349609375,0.0,21.82861328125,462.0,8192,8192,32768,
1404,/home/wanglz/Desktop/src/ModularDT/HONF_Proj/Trained_Results/ThermalChannel/HONF_Forward_Runs/Run_1404_20260916_092508_routing_only_pairwise/best_by_field_mse_model.pt,4890,legacy_honf,0643,preparation_plus_one_query,complete,25.54347552359104,27.749559748917818,25.52124786376953,35.47119140625,0.0,21.82861328125,462.0,8192,8192,32768,
1404,/home/wanglz/Desktop/src/ModularDT/HONF_Proj/Trained_Results/ThermalChannel/HONF_Forward_Runs/Run_1404_20260916_092508_routing_only_pairwise/best_by_field_mse_model.pt,4890,legacy_honf,0643,prepared_p2_decode,complete,6.554329767823219,6.555084139108658,6.530879974365234,362.66845703125,0.0,22.09326171875,462.0,8192,8192,32768,
1404,/home/wanglz/Desktop/src/ModularDT/HONF_Proj/Trained_Results/ThermalChannel/HONF_Forward_Runs/Run_1404_20260916_092508_routing_only_pairwise/best_by_field_mse_model.pt,4890,legacy_honf,0644,application_evaluator,complete,29.176698997616768,29.856074880808592,29.152896881103516,363.654296875,0.0,21.82861328125,462.0,8192,8192,32768,
1404,/home/wanglz/Desktop/src/ModularDT/HONF_Proj/Trained_Results/ThermalChannel/HONF_Forward_Runs/Run_1404_20260916_092508_routing_only_pairwise/best_by_field_mse_model.pt,4890,legacy_honf,0644,full_forward,complete,28.843410313129425,30.940119922161102,28.807104110717773,363.349609375,0.0,21.82861328125,462.0,8192,8192,32768,
1404,/home/wanglz/Desktop/src/ModularDT/HONF_Proj/Trained_Results/ThermalChannel/HONF_Forward_Runs/Run_1404_20260916_092508_routing_only_pairwise/best_by_field_mse_model.pt,4890,legacy_honf,0644,preparation_plus_one_query,complete,24.85370822250843,26.026396825909615,24.832000732421875,35.47119140625,0.0,21.82861328125,462.0,8192,8192,32768,
1404,/home/wanglz/Desktop/src/ModularDT/HONF_Proj/Trained_Results/ThermalChannel/HONF_Forward_Runs/Run_1404_20260916_092508_routing_only_pairwise/best_by_field_mse_model.pt,4890,legacy_honf,0644,prepared_p2_decode,complete,6.4830901101231575,6.501193344593048,6.460415840148926,362.66845703125,0.0,22.09326171875,462.0,8192,8192,32768,
1404,/home/wanglz/Desktop/src/ModularDT/HONF_Proj/Trained_Results/ThermalChannel/HONF_Forward_Runs/Run_1404_20260916_092508_routing_only_pairwise/best_by_field_mse_model.pt,4890,legacy_honf,0645,application_evaluator,complete,29.357452876865864,34.55359162762761,29.33776092529297,363.654296875,0.0,21.82861328125,462.0,8192,8192,32768,
1404,/home/wanglz/Desktop/src/ModularDT/HONF_Proj/Trained_Results/ThermalChannel/HONF_Forward_Runs/Run_1404_20260916_092508_routing_only_pairwise/best_by_field_mse_model.pt,4890,legacy_honf,0645,full_forward,complete,26.156974956393242,28.471427131444216,26.126367568969727,363.349609375,0.0,21.82861328125,462.0,8192,8192,32768,
1404,/home/wanglz/Desktop/src/ModularDT/HONF_Proj/Trained_Results/ThermalChannel/HONF_Forward_Runs/Run_1404_20260916_092508_routing_only_pairwise/best_by_field_mse_model.pt,4890,legacy_honf,0645,preparation_plus_one_query,complete,23.700742982327938,24.597356840968132,23.67692756652832,35.47119140625,0.0,21.82861328125,462.0,8192,8192,32768,
1404,/home/wanglz/Desktop/src/ModularDT/HONF_Proj/Trained_Results/ThermalChannel/HONF_Forward_Runs/Run_1404_20260916_092508_routing_only_pairwise/best_by_field_mse_model.pt,4890,legacy_honf,0645,prepared_p2_decode,complete,6.3070859760046005,6.364414002746344,6.285312175750732,362.66845703125,0.0,22.09326171875,462.0,8192,8192,32768,
1404,/home/wanglz/Desktop/src/ModularDT/HONF_Proj/Trained_Results/ThermalChannel/HONF_Forward_Runs/Run_1404_20260916_092508_routing_only_pairwise/best_by_field_mse_model.pt,4890,legacy_honf,0646,application_evaluator,complete,29.3968440964818,30.006572231650352,29.376319885253906,363.654296875,0.0,21.82861328125,462.0,8192,8192,32768,
1404,/home/wanglz/Desktop/src/ModularDT/HONF_Proj/Trained_Results/ThermalChannel/HONF_Forward_Runs/Run_1404_20260916_092508_routing_only_pairwise/best_by_field_mse_model.pt,4890,legacy_honf,0646,full_forward,complete,27.521982789039612,31.49816319346428,27.49951934814453,363.349609375,0.0,21.82861328125,462.0,8192,8192,32768,
1404,/home/wanglz/Desktop/src/ModularDT/HONF_Proj/Trained_Results/ThermalChannel/HONF_Forward_Runs/Run_1404_20260916_092508_routing_only_pairwise/best_by_field_mse_model.pt,4890,legacy_honf,0646,preparation_plus_one_query,complete,24.908744730055332,25.218763668090105,24.88630485534668,35.47119140625,0.0,21.82861328125,462.0,8192,8192,32768,
1404,/home/wanglz/Desktop/src/ModularDT/HONF_Proj/Trained_Results/ThermalChannel/HONF_Forward_Runs/Run_1404_20260916_092508_routing_only_pairwise/best_by_field_mse_model.pt,4890,legacy_honf,0646,prepared_p2_decode,complete,6.565784104168415,6.5778532065451145,6.545407772064209,362.66845703125,0.0,22.09326171875,462.0,8192,8192,32768,
1404,/home/wanglz/Desktop/src/ModularDT/HONF_Proj/Trained_Results/ThermalChannel/HONF_Forward_Runs/Run_1404_20260916_092508_routing_only_pairwise/best_by_field_mse_model.pt,4890,legacy_honf,0647,application_evaluator,complete,29.479258693754673,30.073145870119333,29.45427131652832,363.654296875,0.0,21.82861328125,462.0,8192,8192,32768,
1404,/home/wanglz/Desktop/src/ModularDT/HONF_Proj/Trained_Results/ThermalChannel/HONF_Forward_Runs/Run_1404_20260916_092508_routing_only_pairwise/best_by_field_mse_model.pt,4890,legacy_honf,0647,full_forward,complete,27.658596634864807,29.256712086498737,27.625471115112305,363.349609375,0.0,21.82861328125,462.0,8192,8192,32768,
1404,/home/wanglz/Desktop/src/ModularDT/HONF_Proj/Trained_Results/ThermalChannel/HONF_Forward_Runs/Run_1404_20260916_092508_routing_only_pairwise/best_by_field_mse_model.pt,4890,legacy_honf,0647,preparation_plus_one_query,complete,25.567222386598587,26.292106974869967,25.54470443725586,35.47119140625,0.0,21.82861328125,462.0,8192,8192,32768,
1404,/home/wanglz/Desktop/src/ModularDT/HONF_Proj/Trained_Results/ThermalChannel/HONF_Forward_Runs/Run_1404_20260916_092508_routing_only_pairwise/best_by_field_mse_model.pt,4890,legacy_honf,0647,prepared_p2_decode,complete,6.502926349639893,6.50393133983016,6.478847980499268,362.66845703125,0.0,22.09326171875,462.0,8192,8192,32768,
1404,/home/wanglz/Desktop/src/ModularDT/HONF_Proj/Trained_Results/ThermalChannel/HONF_Forward_Runs/Run_1404_20260916_092508_routing_only_pairwise/best_by_field_mse_model.pt,4890,legacy_honf,0648,application_evaluator,complete,29.8619968816638,29.929380677640438,29.839519500732422,364.029296875,0.0,21.82861328125,462.0,8192,8192,32768,
1404,/home/wanglz/Desktop/src/ModularDT/HONF_Proj/Trained_Results/ThermalChannel/HONF_Forward_Runs/Run_1404_20260916_092508_routing_only_pairwise/best_by_field_mse_model.pt,4890,legacy_honf,0648,full_forward,complete,27.43090782314539,27.697177417576313,27.396991729736328,363.724609375,0.0,21.82861328125,462.0,8192,8192,32768,
1404,/home/wanglz/Desktop/src/ModularDT/HONF_Proj/Trained_Results/ThermalChannel/HONF_Forward_Runs/Run_1404_20260916_092508_routing_only_pairwise/best_by_field_mse_model.pt,4890,legacy_honf,0648,preparation_plus_one_query,complete,25.33422689884901,28.139729518443346,25.31020736694336,35.50634765625,0.0,21.82861328125,462.0,8192,8192,32768,
1404,/home/wanglz/Desktop/src/ModularDT/HONF_Proj/Trained_Results/ThermalChannel/HONF_Forward_Runs/Run_1404_20260916_092508_routing_only_pairwise/best_by_field_mse_model.pt,4890,legacy_honf,0648,prepared_p2_decode,complete,7.045465521514416,7.2234803810715675,7.020544052124023,363.04345703125,0.0,22.09326171875,462.0,8192,8192,32768,
1404,/home/wanglz/Desktop/src/ModularDT/HONF_Proj/Trained_Results/ThermalChannel/HONF_Forward_Runs/Run_1404_20260916_092508_routing_only_pairwise/best_by_field_mse_model.pt,4890,legacy_honf,0649,application_evaluator,complete,29.250452294945717,29.94944015517831,29.225664138793945,364.029296875,0.0,21.82861328125,462.0,8192,8192,32768,
1404,/home/wanglz/Desktop/src/ModularDT/HONF_Proj/Trained_Results/ThermalChannel/HONF_Forward_Runs/Run_1404_20260916_092508_routing_only_pairwise/best_by_field_mse_model.pt,4890,legacy_honf,0649,full_forward,complete,28.513471595942974,29.01432802900672,28.459808349609375,363.724609375,0.0,21.82861328125,462.0,8192,8192,32768,
1404,/home/wanglz/Desktop/src/ModularDT/HONF_Proj/Trained_Results/ThermalChannel/HONF_Forward_Runs/Run_1404_20260916_092508_routing_only_pairwise/best_by_field_mse_model.pt,4890,legacy_honf,0649,preparation_plus_one_query,complete,25.407981127500534,25.497491471469402,25.384960174560547,35.50634765625,0.0,21.82861328125,462.0,8192,8192,32768,
1404,/home/wanglz/Desktop/src/ModularDT/HONF_Proj/Trained_Results/ThermalChannel/HONF_Forward_Runs/Run_1404_20260916_092508_routing_only_pairwise/best_by_field_mse_model.pt,4890,legacy_honf,0649,prepared_p2_decode,complete,6.472193636000156,6.475965492427349,6.452223777770996,363.04345703125,0.0,22.09326171875,462.0,8192,8192,32768,
1404,/home/wanglz/Desktop/src/ModularDT/HONF_Proj/Trained_Results/ThermalChannel/HONF_Forward_Runs/Run_1404_20260916_092508_routing_only_pairwise/best_by_field_mse_model.pt,4890,legacy_honf,0650,application_evaluator,complete,30.311506241559982,30.8699413202703,30.286943435668945,364.029296875,0.0,21.82861328125,462.0,8192,8192,32768,
1404,/home/wanglz/Desktop/src/ModularDT/HONF_Proj/Trained_Results/ThermalChannel/HONF_Forward_Runs/Run_1404_20260916_092508_routing_only_pairwise/best_by_field_mse_model.pt,4890,legacy_honf,0650,full_forward,complete,27.912544086575508,28.177304100245237,27.870208740234375,363.724609375,0.0,21.82861328125,462.0,8192,8192,32768,
1404,/home/wanglz/Desktop/src/ModularDT/HONF_Proj/Trained_Results/ThermalChannel/HONF_Forward_Runs/Run_1404_20260916_092508_routing_only_pairwise/best_by_field_mse_model.pt,4890,legacy_honf,0650,preparation_plus_one_query,complete,24.056381545960903,26.679092459380627,24.031328201293945,35.50634765625,0.0,21.82861328125,462.0,8192,8192,32768,
1404,/home/wanglz/Desktop/src/ModularDT/HONF_Proj/Trained_Results/ThermalChannel/HONF_Forward_Runs/Run_1404_20260916_092508_routing_only_pairwise/best_by_field_mse_model.pt,4890,legacy_honf,0650,prepared_p2_decode,complete,6.624172441661358,6.647053360939026,6.577951908111572,363.04345703125,0.0,22.09326171875,462.0,8192,8192,32768,
1404,/home/wanglz/Desktop/src/ModularDT/HONF_Proj/Trained_Results/ThermalChannel/HONF_Forward_Runs/Run_1404_20260916_092508_routing_only_pairwise/best_by_field_mse_model.pt,4890,legacy_honf,0651,application_evaluator,complete,30.622724443674088,32.41268489509821,30.60153579711914,364.029296875,0.0,21.82861328125,462.0,8192,8192,32768,
1404,/home/wanglz/Desktop/src/ModularDT/HONF_Proj/Trained_Results/ThermalChannel/HONF_Forward_Runs/Run_1404_20260916_092508_routing_only_pairwise/best_by_field_mse_model.pt,4890,legacy_honf,0651,full_forward,complete,28.484417125582695,29.98120542615652,28.462080001831055,363.724609375,0.0,21.82861328125,462.0,8192,8192,32768,
1404,/home/wanglz/Desktop/src/ModularDT/HONF_Proj/Trained_Results/ThermalChannel/HONF_Forward_Runs/Run_1404_20260916_092508_routing_only_pairwise/best_by_field_mse_model.pt,4890,legacy_honf,0651,preparation_plus_one_query,complete,26.19999833405018,28.083240147680044,26.152799606323242,35.50634765625,0.0,21.82861328125,462.0,8192,8192,32768,
1404,/home/wanglz/Desktop/src/ModularDT/HONF_Proj/Trained_Results/ThermalChannel/HONF_Forward_Runs/Run_1404_20260916_092508_routing_only_pairwise/best_by_field_mse_model.pt,4890,legacy_honf,0651,prepared_p2_decode,complete,6.627245806157589,6.679543852806091,6.601535797119141,363.04345703125,0.0,22.09326171875,462.0,8192,8192,32768,
1404,/home/wanglz/Desktop/src/ModularDT/HONF_Proj/Trained_Results/ThermalChannel/HONF_Forward_Runs/Run_1404_20260916_092508_routing_only_pairwise/best_by_field_mse_model.pt,4890,legacy_honf,0652,application_evaluator,complete,28.881683014333248,29.930918756872416,28.8602237701416,364.029296875,0.0,21.82861328125,462.0,8192,8192,32768,
1404,/home/wanglz/Desktop/src/ModularDT/HONF_Proj/Trained_Results/ThermalChannel/HONF_Forward_Runs/Run_1404_20260916_092508_routing_only_pairwise/best_by_field_mse_model.pt,4890,legacy_honf,0652,full_forward,complete,27.71167643368244,28.336489479988813,27.6889591217041,363.724609375,0.0,21.82861328125,462.0,8192,8192,32768,
1404,/home/wanglz/Desktop/src/ModularDT/HONF_Proj/Trained_Results/ThermalChannel/HONF_Forward_Runs/Run_1404_20260916_092508_routing_only_pairwise/best_by_field_mse_model.pt,4890,legacy_honf,0652,preparation_plus_one_query,complete,27.809456922113895,27.936178725212812,27.786239624023438,35.50634765625,0.0,21.82861328125,462.0,8192,8192,32768,
1404,/home/wanglz/Desktop/src/ModularDT/HONF_Proj/Trained_Results/ThermalChannel/HONF_Forward_Runs/Run_1404_20260916_092508_routing_only_pairwise/best_by_field_mse_model.pt,4890,legacy_honf,0652,prepared_p2_decode,complete,6.631715223193169,6.648059096187353,6.611968040466309,363.04345703125,0.0,22.09326171875,462.0,8192,8192,32768,
1404,/home/wanglz/Desktop/src/ModularDT/HONF_Proj/Trained_Results/ThermalChannel/HONF_Forward_Runs/Run_1404_20260916_092508_routing_only_pairwise/best_by_field_mse_model.pt,4890,legacy_honf,0653,application_evaluator,complete,30.294183641672134,30.460130237042904,30.266271591186523,364.029296875,0.0,21.82861328125,462.0,8192,8192,32768,
1404,/home/wanglz/Desktop/src/ModularDT/HONF_Proj/Trained_Results/ThermalChannel/HONF_Forward_Runs/Run_1404_20260916_092508_routing_only_pairwise/best_by_field_mse_model.pt,4890,legacy_honf,0653,full_forward,complete,28.559288010001183,32.028577011078596,28.526592254638672,363.724609375,0.0,21.82861328125,462.0,8192,8192,32768,
1404,/home/wanglz/Desktop/src/ModularDT/HONF_Proj/Trained_Results/ThermalChannel/HONF_Forward_Runs/Run_1404_20260916_092508_routing_only_pairwise/best_by_field_mse_model.pt,4890,legacy_honf,0653,preparation_plus_one_query,complete,24.83415137976408,27.890837006270885,24.811391830444336,35.50634765625,0.0,21.82861328125,462.0,8192,8192,32768,
1404,/home/wanglz/Desktop/src/ModularDT/HONF_Proj/Trained_Results/ThermalChannel/HONF_Forward_Runs/Run_1404_20260916_092508_routing_only_pairwise/best_by_field_mse_model.pt,4890,legacy_honf,0653,prepared_p2_decode,complete,6.568019278347492,6.591150816529989,6.541312217712402,363.04345703125,0.0,22.09326171875,462.0,8192,8192,32768,
1404,/home/wanglz/Desktop/src/ModularDT/HONF_Proj/Trained_Results/ThermalChannel/HONF_Forward_Runs/Run_1404_20260916_092508_routing_only_pairwise/best_by_field_mse_model.pt,4890,legacy_honf,0654,application_evaluator,complete,30.736148357391357,34.84860761091113,30.709247589111328,364.029296875,0.0,21.82861328125,462.0,8192,8192,32768,
1404,/home/wanglz/Desktop/src/ModularDT/HONF_Proj/Trained_Results/ThermalChannel/HONF_Forward_Runs/Run_1404_20260916_092508_routing_only_pairwise/best_by_field_mse_model.pt,4890,legacy_honf,0654,full_forward,complete,28.10447197407484,28.10975257307291,28.079103469848633,363.724609375,0.0,21.82861328125,462.0,8192,8192,32768,
1404,/home/wanglz/Desktop/src/ModularDT/HONF_Proj/Trained_Results/ThermalChannel/HONF_Forward_Runs/Run_1404_20260916_092508_routing_only_pairwise/best_by_field_mse_model.pt,4890,legacy_honf,0654,preparation_plus_one_query,complete,25.98823420703411,27.19763219356537,25.96566390991211,35.50634765625,0.0,21.82861328125,462.0,8192,8192,32768,
1404,/home/wanglz/Desktop/src/ModularDT/HONF_Proj/Trained_Results/ThermalChannel/HONF_Forward_Runs/Run_1404_20260916_092508_routing_only_pairwise/best_by_field_mse_model.pt,4890,legacy_honf,0654,prepared_p2_decode,complete,6.545390002429485,6.60347156226635,6.523903846740723,363.04345703125,0.0,22.09326171875,462.0,8192,8192,32768,
1404,/home/wanglz/Desktop/src/ModularDT/HONF_Proj/Trained_Results/ThermalChannel/HONF_Forward_Runs/Run_1404_20260916_092508_routing_only_pairwise/best_by_field_mse_model.pt,4890,legacy_honf,0655,application_evaluator,complete,30.35089746117592,31.90827937796712,30.329504013061523,364.029296875,0.0,21.82861328125,462.0,8192,8192,32768,
1404,/home/wanglz/Desktop/src/ModularDT/HONF_Proj/Trained_Results/ThermalChannel/HONF_Forward_Runs/Run_1404_20260916_092508_routing_only_pairwise/best_by_field_mse_model.pt,4890,legacy_honf,0655,full_forward,complete,27.545449323952198,28.362360503524542,27.52409553527832,363.724609375,0.0,21.82861328125,462.0,8192,8192,32768,
1404,/home/wanglz/Desktop/src/ModularDT/HONF_Proj/Trained_Results/ThermalChannel/HONF_Forward_Runs/Run_1404_20260916_092508_routing_only_pairwise/best_by_field_mse_model.pt,4890,legacy_honf,0655,preparation_plus_one_query,complete,23.139205761253834,23.32224976271391,23.115936279296875,35.50634765625,0.0,21.82861328125,462.0,8192,8192,32768,
1404,/home/wanglz/Desktop/src/ModularDT/HONF_Proj/Trained_Results/ThermalChannel/HONF_Forward_Runs/Run_1404_20260916_092508_routing_only_pairwise/best_by_field_mse_model.pt,4890,legacy_honf,0655,prepared_p2_decode,complete,6.512143649160862,6.557905487716198,6.4931840896606445,363.04345703125,0.0,22.09326171875,462.0,8192,8192,32768,
1404,/home/wanglz/Desktop/src/ModularDT/HONF_Proj/Trained_Results/ThermalChannel/HONF_Forward_Runs/Run_1404_20260916_092508_routing_only_pairwise/best_by_field_mse_model.pt,4890,legacy_honf,0656,application_evaluator,complete,30.572437681257725,30.809037014842033,30.55084800720215,364.029296875,0.0,21.82861328125,462.0,8192,8192,32768,
1404,/home/wanglz/Desktop/src/ModularDT/HONF_Proj/Trained_Results/ThermalChannel/HONF_Forward_Runs/Run_1404_20260916_092508_routing_only_pairwise/best_by_field_mse_model.pt,4890,legacy_honf,0656,full_forward,complete,27.118290774524212,27.207549661397934,27.08380889892578,363.724609375,0.0,21.82861328125,462.0,8192,8192,32768,
1404,/home/wanglz/Desktop/src/ModularDT/HONF_Proj/Trained_Results/ThermalChannel/HONF_Forward_Runs/Run_1404_20260916_092508_routing_only_pairwise/best_by_field_mse_model.pt,4890,legacy_honf,0656,preparation_plus_one_query,complete,27.14343462139368,27.893966156989336,27.11859130859375,35.50634765625,0.0,21.82861328125,462.0,8192,8192,32768,
1404,/home/wanglz/Desktop/src/ModularDT/HONF_Proj/Trained_Results/ThermalChannel/HONF_Forward_Runs/Run_1404_20260916_092508_routing_only_pairwise/best_by_field_mse_model.pt,4890,legacy_honf,0656,prepared_p2_decode,complete,6.632832810282707,6.6604905761778355,6.608607769012451,363.04345703125,0.0,22.09326171875,462.0,8192,8192,32768,
1404,/home/wanglz/Desktop/src/ModularDT/HONF_Proj/Trained_Results/ThermalChannel/HONF_Forward_Runs/Run_1404_20260916_092508_routing_only_pairwise/best_by_field_mse_model.pt,4890,legacy_honf,0657,application_evaluator,complete,29.198489151895046,29.698089975863695,29.178464889526367,364.029296875,0.0,21.82861328125,462.0,8192,8192,32768,
1404,/home/wanglz/Desktop/src/ModularDT/HONF_Proj/Trained_Results/ThermalChannel/HONF_Forward_Runs/Run_1404_20260916_092508_routing_only_pairwise/best_by_field_mse_model.pt,4890,legacy_honf,0657,full_forward,complete,28.303105384111404,28.527887910604477,28.279808044433594,363.724609375,0.0,21.82861328125,462.0,8192,8192,32768,
1404,/home/wanglz/Desktop/src/ModularDT/HONF_Proj/Trained_Results/ThermalChannel/HONF_Forward_Runs/Run_1404_20260916_092508_routing_only_pairwise/best_by_field_mse_model.pt,4890,legacy_honf,0657,preparation_plus_one_query,complete,24.78693798184395,24.788446724414825,24.76134490966797,35.50634765625,0.0,21.82861328125,462.0,8192,8192,32768,
1404,/home/wanglz/Desktop/src/ModularDT/HONF_Proj/Trained_Results/ThermalChannel/HONF_Forward_Runs/Run_1404_20260916_092508_routing_only_pairwise/best_by_field_mse_model.pt,4890,legacy_honf,0657,prepared_p2_decode,complete,6.345919333398342,6.3853939063847065,6.326272010803223,363.04345703125,0.0,22.09326171875,462.0,8192,8192,32768,
1404,/home/wanglz/Desktop/src/ModularDT/HONF_Proj/Trained_Results/ThermalChannel/HONF_Forward_Runs/Run_1404_20260916_092508_routing_only_pairwise/best_by_field_mse_model.pt,4890,legacy_honf,0658,application_evaluator,complete,28.106985613703728,29.077019914984703,28.08252716064453,364.029296875,0.0,21.82861328125,462.0,8192,8192,32768,
1404,/home/wanglz/Desktop/src/ModularDT/HONF_Proj/Trained_Results/ThermalChannel/HONF_Forward_Runs/Run_1404_20260916_092508_routing_only_pairwise/best_by_field_mse_model.pt,4890,legacy_honf,0658,full_forward,complete,26.79785154759884,31.32140375673771,26.7642879486084,363.724609375,0.0,21.82861328125,462.0,8192,8192,32768,
1404,/home/wanglz/Desktop/src/ModularDT/HONF_Proj/Trained_Results/ThermalChannel/HONF_Forward_Runs/Run_1404_20260916_092508_routing_only_pairwise/best_by_field_mse_model.pt,4890,legacy_honf,0658,preparation_plus_one_query,complete,25.292600505053997,26.827102340757847,25.268224716186523,35.50634765625,0.0,21.82861328125,462.0,8192,8192,32768,
1404,/home/wanglz/Desktop/src/ModularDT/HONF_Proj/Trained_Results/ThermalChannel/HONF_Forward_Runs/Run_1404_20260916_092508_routing_only_pairwise/best_by_field_mse_model.pt,4890,legacy_honf,0658,prepared_p2_decode,complete,6.813866086304188,7.362746633589268,6.791168212890625,363.04345703125,0.0,22.09326171875,462.0,8192,8192,32768,
1404,/home/wanglz/Desktop/src/ModularDT/HONF_Proj/Trained_Results/ThermalChannel/HONF_Forward_Runs/Run_1404_20260916_092508_routing_only_pairwise/best_by_field_mse_model.pt,4890,legacy_honf,0659,application_evaluator,complete,30.539751052856445,31.20479555800557,30.51568031311035,364.029296875,0.0,21.82861328125,462.0,8192,8192,32768,
1404,/home/wanglz/Desktop/src/ModularDT/HONF_Proj/Trained_Results/ThermalChannel/HONF_Forward_Runs/Run_1404_20260916_092508_routing_only_pairwise/best_by_field_mse_model.pt,4890,legacy_honf,0659,full_forward,complete,28.297237120568752,29.113644547760487,28.26134490966797,363.724609375,0.0,21.82861328125,462.0,8192,8192,32768,
1404,/home/wanglz/Desktop/src/ModularDT/HONF_Proj/Trained_Results/ThermalChannel/HONF_Forward_Runs/Run_1404_20260916_092508_routing_only_pairwise/best_by_field_mse_model.pt,4890,legacy_honf,0659,preparation_plus_one_query,complete,25.902186520397663,26.400781515985727,25.88038444519043,35.50634765625,0.0,21.82861328125,462.0,8192,8192,32768,
1404,/home/wanglz/Desktop/src/ModularDT/HONF_Proj/Trained_Results/ThermalChannel/HONF_Forward_Runs/Run_1404_20260916_092508_routing_only_pairwise/best_by_field_mse_model.pt,4890,legacy_honf,0659,prepared_p2_decode,complete,6.495661102235317,6.51275934651494,6.475776195526123,363.04345703125,0.0,22.09326171875,462.0,8192,8192,32768,
1404,/home/wanglz/Desktop/src/ModularDT/HONF_Proj/Trained_Results/ThermalChannel/HONF_Forward_Runs/Run_1404_20260916_092508_routing_only_pairwise/best_by_field_mse_model.pt,4890,legacy_honf,0660,application_evaluator,complete,44.48624514043331,49.77767691016197,44.461856842041016,364.029296875,0.0,21.82861328125,462.0,8192,8192,32768,
1404,/home/wanglz/Desktop/src/ModularDT/HONF_Proj/Trained_Results/ThermalChannel/HONF_Forward_Runs/Run_1404_20260916_092508_routing_only_pairwise/best_by_field_mse_model.pt,4890,legacy_honf,0660,full_forward,complete,26.713482104241848,27.30535762384534,26.691648483276367,363.724609375,0.0,21.82861328125,462.0,8192,8192,32768,
1404,/home/wanglz/Desktop/src/ModularDT/HONF_Proj/Trained_Results/ThermalChannel/HONF_Forward_Runs/Run_1404_20260916_092508_routing_only_pairwise/best_by_field_mse_model.pt,4890,legacy_honf,0660,preparation_plus_one_query,complete,23.625032976269722,25.81200646236539,23.604223251342773,35.50634765625,0.0,21.82861328125,462.0,8192,8192,32768,
1404,/home/wanglz/Desktop/src/ModularDT/HONF_Proj/Trained_Results/ThermalChannel/HONF_Forward_Runs/Run_1404_20260916_092508_routing_only_pairwise/best_by_field_mse_model.pt,4890,legacy_honf,0660,prepared_p2_decode,complete,6.593441590666771,6.643728818744421,6.5720319747924805,363.04345703125,0.0,22.09326171875,462.0,8192,8192,32768,
1404,/home/wanglz/Desktop/src/ModularDT/HONF_Proj/Trained_Results/ThermalChannel/HONF_Forward_Runs/Run_1404_20260916_092508_routing_only_pairwise/best_by_field_mse_model.pt,4890,legacy_honf,0661,application_evaluator,complete,29.817575588822365,30.43258348479867,29.796960830688477,364.029296875,0.0,21.82861328125,462.0,8192,8192,32768,
1404,/home/wanglz/Desktop/src/ModularDT/HONF_Proj/Trained_Results/ThermalChannel/HONF_Forward_Runs/Run_1404_20260916_092508_routing_only_pairwise/best_by_field_mse_model.pt,4890,legacy_honf,0661,full_forward,complete,27.839907445013523,28.041053842753172,27.815935134887695,363.724609375,0.0,21.82861328125,462.0,8192,8192,32768,
1404,/home/wanglz/Desktop/src/ModularDT/HONF_Proj/Trained_Results/ThermalChannel/HONF_Forward_Runs/Run_1404_20260916_092508_routing_only_pairwise/best_by_field_mse_model.pt,4890,legacy_honf,0661,preparation_plus_one_query,complete,26.641683652997017,26.824476197361946,26.613727569580078,35.50634765625,0.0,21.82861328125,462.0,8192,8192,32768,
1404,/home/wanglz/Desktop/src/ModularDT/HONF_Proj/Trained_Results/ThermalChannel/HONF_Forward_Runs/Run_1404_20260916_092508_routing_only_pairwise/best_by_field_mse_model.pt,4890,legacy_honf,0661,prepared_p2_decode,complete,6.597632542252541,6.6049231216311455,6.5720319747924805,363.04345703125,0.0,22.09326171875,462.0,8192,8192,32768,
1404,/home/wanglz/Desktop/src/ModularDT/HONF_Proj/Trained_Results/ThermalChannel/HONF_Forward_Runs/Run_1404_20260916_092508_routing_only_pairwise/best_by_field_mse_model.pt,4890,legacy_honf,0662,application_evaluator,complete,28.992592357099056,29.00013606995344,28.972959518432617,364.029296875,0.0,21.82861328125,462.0,8192,8192,32768,
1404,/home/wanglz/Desktop/src/ModularDT/HONF_Proj/Trained_Results/ThermalChannel/HONF_Forward_Runs/Run_1404_20260916_092508_routing_only_pairwise/best_by_field_mse_model.pt,4890,legacy_honf,0662,full_forward,complete,27.922322042286396,28.09832524508238,27.890687942504883,363.724609375,0.0,21.82861328125,462.0,8192,8192,32768,
1404,/home/wanglz/Desktop/src/ModularDT/HONF_Proj/Trained_Results/ThermalChannel/HONF_Forward_Runs/Run_1404_20260916_092508_routing_only_pairwise/best_by_field_mse_model.pt,4890,legacy_honf,0662,preparation_plus_one_query,complete,24.861808866262436,25.482096523046494,24.83942413330078,35.50634765625,0.0,21.82861328125,462.0,8192,8192,32768,
1404,/home/wanglz/Desktop/src/ModularDT/HONF_Proj/Trained_Results/ThermalChannel/HONF_Forward_Runs/Run_1404_20260916_092508_routing_only_pairwise/best_by_field_mse_model.pt,4890,legacy_honf,0662,prepared_p2_decode,complete,6.383353844285011,6.394669413566589,6.364160060882568,363.04345703125,0.0,22.09326171875,462.0,8192,8192,32768,
1404,/home/wanglz/Desktop/src/ModularDT/HONF_Proj/Trained_Results/ThermalChannel/HONF_Forward_Runs/Run_1404_20260916_092508_routing_only_pairwise/best_by_field_mse_model.pt,4890,legacy_honf,0663,application_evaluator,complete,29.909489676356316,30.077698547393084,29.884191513061523,364.716796875,0.0,21.82861328125,458.0,8192,8192,32768,
1404,/home/wanglz/Desktop/src/ModularDT/HONF_Proj/Trained_Results/ThermalChannel/HONF_Forward_Runs/Run_1404_20260916_092508_routing_only_pairwise/best_by_field_mse_model.pt,4890,legacy_honf,0663,full_forward,complete,26.483838446438313,27.811913285404444,26.451967239379883,364.412109375,0.0,21.82861328125,458.0,8192,8192,32768,
1404,/home/wanglz/Desktop/src/ModularDT/HONF_Proj/Trained_Results/ThermalChannel/HONF_Forward_Runs/Run_1404_20260916_092508_routing_only_pairwise/best_by_field_mse_model.pt,4890,legacy_honf,0663,preparation_plus_one_query,complete,24.850075133144855,28.68796670809388,24.827903747558594,38.12744140625,0.0,21.82861328125,458.0,8192,8192,32768,
1404,/home/wanglz/Desktop/src/ModularDT/HONF_Proj/Trained_Results/ThermalChannel/HONF_Forward_Runs/Run_1404_20260916_092508_routing_only_pairwise/best_by_field_mse_model.pt,4890,legacy_honf,0663,prepared_p2_decode,complete,6.756873801350594,6.758634001016617,6.73689603805542,363.73095703125,0.0,22.09326171875,458.0,8192,8192,32768,
1404,/home/wanglz/Desktop/src/ModularDT/HONF_Proj/Trained_Results/ThermalChannel/HONF_Forward_Runs/Run_1404_20260916_092508_routing_only_pairwise/best_by_field_mse_model.pt,4890,legacy_honf,0664,application_evaluator,complete,29.695210978388786,29.916222486644983,29.675039291381836,364.716796875,0.0,21.82861328125,458.0,8192,8192,32768,
1404,/home/wanglz/Desktop/src/ModularDT/HONF_Proj/Trained_Results/ThermalChannel/HONF_Forward_Runs/Run_1404_20260916_092508_routing_only_pairwise/best_by_field_mse_model.pt,4890,legacy_honf,0664,full_forward,complete,28.43496762216091,28.675087355077267,28.412927627563477,364.412109375,0.0,21.82861328125,458.0,8192,8192,32768,
1404,/home/wanglz/Desktop/src/ModularDT/HONF_Proj/Trained_Results/ThermalChannel/HONF_Forward_Runs/Run_1404_20260916_092508_routing_only_pairwise/best_by_field_mse_model.pt,4890,legacy_honf,0664,preparation_plus_one_query,complete,25.52950568497181,27.30563683435321,25.505760192871094,38.12744140625,0.0,21.82861328125,458.0,8192,8192,32768,
1404,/home/wanglz/Desktop/src/ModularDT/HONF_Proj/Trained_Results/ThermalChannel/HONF_Forward_Runs/Run_1404_20260916_092508_routing_only_pairwise/best_by_field_mse_model.pt,4890,legacy_honf,0664,prepared_p2_decode,complete,6.540360860526562,6.585870403796434,6.519807815551758,363.73095703125,0.0,22.09326171875,458.0,8192,8192,32768,
1404,/home/wanglz/Desktop/src/ModularDT/HONF_Proj/Trained_Results/ThermalChannel/HONF_Forward_Runs/Run_1404_20260916_092508_routing_only_pairwise/best_by_field_mse_model.pt,4890,legacy_honf,0665,application_evaluator,complete,28.033790178596973,29.3457742780447,28.013952255249023,364.716796875,0.0,21.82861328125,458.0,8192,8192,32768,
1404,/home/wanglz/Desktop/src/ModularDT/HONF_Proj/Trained_Results/ThermalChannel/HONF_Forward_Runs/Run_1404_20260916_092508_routing_only_pairwise/best_by_field_mse_model.pt,4890,legacy_honf,0665,full_forward,complete,27.16047503054142,28.893861826509237,27.13804817199707,364.412109375,0.0,21.82861328125,458.0,8192,8192,32768,
1404,/home/wanglz/Desktop/src/ModularDT/HONF_Proj/Trained_Results/ThermalChannel/HONF_Forward_Runs/Run_1404_20260916_092508_routing_only_pairwise/best_by_field_mse_model.pt,4890,legacy_honf,0665,preparation_plus_one_query,complete,24.857896380126476,26.109033729881048,24.835071563720703,38.12744140625,0.0,21.82861328125,458.0,8192,8192,32768,
1404,/home/wanglz/Desktop/src/ModularDT/HONF_Proj/Trained_Results/ThermalChannel/HONF_Forward_Runs/Run_1404_20260916_092508_routing_only_pairwise/best_by_field_mse_model.pt,4890,legacy_honf,0665,prepared_p2_decode,complete,6.4104534685611725,6.499712355434895,6.390783786773682,363.73095703125,0.0,22.09326171875,458.0,8192,8192,32768,
1404,/home/wanglz/Desktop/src/ModularDT/HONF_Proj/Trained_Results/ThermalChannel/HONF_Forward_Runs/Run_1404_20260916_092508_routing_only_pairwise/best_by_field_mse_model.pt,4890,legacy_honf,0666,application_evaluator,complete,29.35298066586256,29.376365337520838,29.332767486572266,364.716796875,0.0,21.82861328125,458.0,8192,8192,32768,
1404,/home/wanglz/Desktop/src/ModularDT/HONF_Proj/Trained_Results/ThermalChannel/HONF_Forward_Runs/Run_1404_20260916_092508_routing_only_pairwise/best_by_field_mse_model.pt,4890,legacy_honf,0666,full_forward,complete,28.098884038627148,28.23314955458045,28.072895050048828,364.412109375,0.0,21.82861328125,458.0,8192,8192,32768,
1404,/home/wanglz/Desktop/src/ModularDT/HONF_Proj/Trained_Results/ThermalChannel/HONF_Forward_Runs/Run_1404_20260916_092508_routing_only_pairwise/best_by_field_mse_model.pt,4890,legacy_honf,0666,preparation_plus_one_query,complete,25.24622343480587,29.87663485109806,25.21718406677246,38.12744140625,0.0,21.82861328125,458.0,8192,8192,32768,
1404,/home/wanglz/Desktop/src/ModularDT/HONF_Proj/Trained_Results/ThermalChannel/HONF_Forward_Runs/Run_1404_20260916_092508_routing_only_pairwise/best_by_field_mse_model.pt,4890,legacy_honf,0666,prepared_p2_decode,complete,6.651272065937519,6.849903054535389,6.62937593460083,363.73095703125,0.0,22.09326171875,458.0,8192,8192,32768,
1404,/home/wanglz/Desktop/src/ModularDT/HONF_Proj/Trained_Results/ThermalChannel/HONF_Forward_Runs/Run_1404_20260916_092508_routing_only_pairwise/best_by_field_mse_model.pt,4890,legacy_honf,0667,application_evaluator,complete,29.932676814496517,30.182853154838085,29.912031173706055,364.716796875,0.0,21.82861328125,458.0,8192,8192,32768,
1404,/home/wanglz/Desktop/src/ModularDT/HONF_Proj/Trained_Results/ThermalChannel/HONF_Forward_Runs/Run_1404_20260916_092508_routing_only_pairwise/best_by_field_mse_model.pt,4890,legacy_honf,0667,full_forward,complete,28.59309036284685,28.954150900244713,28.571584701538086,364.412109375,0.0,21.82861328125,458.0,8192,8192,32768,
1404,/home/wanglz/Desktop/src/ModularDT/HONF_Proj/Trained_Results/ThermalChannel/HONF_Forward_Runs/Run_1404_20260916_092508_routing_only_pairwise/best_by_field_mse_model.pt,4890,legacy_honf,0667,preparation_plus_one_query,complete,25.28729010373354,28.155902586877346,25.266048431396484,38.12744140625,0.0,21.82861328125,458.0,8192,8192,32768,
1404,/home/wanglz/Desktop/src/ModularDT/HONF_Proj/Trained_Results/ThermalChannel/HONF_Forward_Runs/Run_1404_20260916_092508_routing_only_pairwise/best_by_field_mse_model.pt,4890,legacy_honf,0667,prepared_p2_decode,complete,6.593720987439156,6.594475358724594,6.559743881225586,363.73095703125,0.0,22.09326171875,458.0,8192,8192,32768,
1404,/home/wanglz/Desktop/src/ModularDT/HONF_Proj/Trained_Results/ThermalChannel/HONF_Forward_Runs/Run_1404_20260916_092508_routing_only_pairwise/best_by_field_mse_model.pt,4890,legacy_honf,0668,application_evaluator,complete,28.173196129500866,28.208396770060062,28.153568267822266,364.716796875,0.0,21.82861328125,458.0,8192,8192,32768,
1404,/home/wanglz/Desktop/src/ModularDT/HONF_Proj/Trained_Results/ThermalChannel/HONF_Forward_Runs/Run_1404_20260916_092508_routing_only_pairwise/best_by_field_mse_model.pt,4890,legacy_honf,0668,full_forward,complete,27.221936732530594,27.482925727963448,27.198463439941406,364.412109375,0.0,21.82861328125,458.0,8192,8192,32768,
1404,/home/wanglz/Desktop/src/ModularDT/HONF_Proj/Trained_Results/ThermalChannel/HONF_Forward_Runs/Run_1404_20260916_092508_routing_only_pairwise/best_by_field_mse_model.pt,4890,legacy_honf,0668,preparation_plus_one_query,complete,23.117135278880596,23.830955754965544,23.09334373474121,38.12744140625,0.0,21.82861328125,458.0,8192,8192,32768,
1404,/home/wanglz/Desktop/src/ModularDT/HONF_Proj/Trained_Results/ThermalChannel/HONF_Forward_Runs/Run_1404_20260916_092508_routing_only_pairwise/best_by_field_mse_model.pt,4890,legacy_honf,0668,prepared_p2_decode,complete,6.39620516449213,6.402240134775639,6.376448154449463,363.73095703125,0.0,22.09326171875,458.0,8192,8192,32768,
1404,/home/wanglz/Desktop/src/ModularDT/HONF_Proj/Trained_Results/ThermalChannel/HONF_Forward_Runs/Run_1404_20260916_092508_routing_only_pairwise/best_by_field_mse_model.pt,4890,legacy_honf,0669,application_evaluator,complete,30.482757836580276,32.62522844597697,30.460063934326172,364.716796875,0.0,21.82861328125,458.0,8192,8192,32768,
1404,/home/wanglz/Desktop/src/ModularDT/HONF_Proj/Trained_Results/ThermalChannel/HONF_Forward_Runs/Run_1404_20260916_092508_routing_only_pairwise/best_by_field_mse_model.pt,4890,legacy_honf,0669,full_forward,complete,27.47504785656929,28.003562055528164,27.453439712524414,364.412109375,0.0,21.82861328125,458.0,8192,8192,32768,
1404,/home/wanglz/Desktop/src/ModularDT/HONF_Proj/Trained_Results/ThermalChannel/HONF_Forward_Runs/Run_1404_20260916_092508_routing_only_pairwise/best_by_field_mse_model.pt,4890,legacy_honf,0669,preparation_plus_one_query,complete,25.14173835515976,30.972999054938555,25.11564826965332,38.12744140625,0.0,21.82861328125,458.0,8192,8192,32768,
1404,/home/wanglz/Desktop/src/ModularDT/HONF_Proj/Trained_Results/ThermalChannel/HONF_Forward_Runs/Run_1404_20260916_092508_routing_only_pairwise/best_by_field_mse_model.pt,4890,legacy_honf,0669,prepared_p2_decode,complete,6.635905243456364,6.770423054695129,6.616864204406738,363.73095703125,0.0,22.09326171875,458.0,8192,8192,32768,
1404,/home/wanglz/Desktop/src/ModularDT/HONF_Proj/Trained_Results/ThermalChannel/HONF_Forward_Runs/Run_1404_20260916_092508_routing_only_pairwise/best_by_field_mse_model.pt,4890,legacy_honf,0670,application_evaluator,complete,29.107692651450634,29.20726127922535,29.088768005371094,364.716796875,0.0,21.82861328125,458.0,8192,8192,32768,
1404,/home/wanglz/Desktop/src/ModularDT/HONF_Proj/Trained_Results/ThermalChannel/HONF_Forward_Runs/Run_1404_20260916_092508_routing_only_pairwise/best_by_field_mse_model.pt,4890,legacy_honf,0670,full_forward,complete,27.998588979244232,28.085585590451956,27.96544075012207,364.412109375,0.0,21.82861328125,458.0,8192,8192,32768,
1404,/home/wanglz/Desktop/src/ModularDT/HONF_Proj/Trained_Results/ThermalChannel/HONF_Forward_Runs/Run_1404_20260916_092508_routing_only_pairwise/best_by_field_mse_model.pt,4890,legacy_honf,0670,preparation_plus_one_query,complete,23.804388009011745,24.728660471737385,23.7761287689209,38.12744140625,0.0,21.82861328125,458.0,8192,8192,32768,
1404,/home/wanglz/Desktop/src/ModularDT/HONF_Proj/Trained_Results/ThermalChannel/HONF_Forward_Runs/Run_1404_20260916_092508_routing_only_pairwise/best_by_field_mse_model.pt,4890,legacy_honf,0670,prepared_p2_decode,complete,6.635626778006554,6.681890692561865,6.615039825439453,363.73095703125,0.0,22.09326171875,458.0,8192,8192,32768,
1404,/home/wanglz/Desktop/src/ModularDT/HONF_Proj/Trained_Results/ThermalChannel/HONF_Forward_Runs/Run_1404_20260916_092508_routing_only_pairwise/best_by_field_mse_model.pt,4890,legacy_honf,0671,application_evaluator,complete,29.193739406764507,29.965892899781466,29.17344093322754,364.716796875,0.0,21.82861328125,458.0,8192,8192,32768,
1404,/home/wanglz/Desktop/src/ModularDT/HONF_Proj/Trained_Results/ThermalChannel/HONF_Forward_Runs/Run_1404_20260916_092508_routing_only_pairwise/best_by_field_mse_model.pt,4890,legacy_honf,0671,full_forward,complete,26.457298547029495,27.97470297664404,26.435583114624023,364.412109375,0.0,21.82861328125,458.0,8192,8192,32768,
1404,/home/wanglz/Desktop/src/ModularDT/HONF_Proj/Trained_Results/ThermalChannel/HONF_Forward_Runs/Run_1404_20260916_092508_routing_only_pairwise/best_by_field_mse_model.pt,4890,legacy_honf,0671,preparation_plus_one_query,complete,28.283827006816864,28.99664333090186,28.260608673095703,38.12744140625,0.0,21.82861328125,458.0,8192,8192,32768,
1404,/home/wanglz/Desktop/src/ModularDT/HONF_Proj/Trained_Results/ThermalChannel/HONF_Forward_Runs/Run_1404_20260916_092508_routing_only_pairwise/best_by_field_mse_model.pt,4890,legacy_honf,0671,prepared_p2_decode,complete,6.61439448595047,6.776820681989193,6.581247806549072,363.73095703125,0.0,22.09326171875,458.0,8192,8192,32768,
1404,/home/wanglz/Desktop/src/ModularDT/HONF_Proj/Trained_Results/ThermalChannel/HONF_Forward_Runs/Run_1404_20260916_092508_routing_only_pairwise/best_by_field_mse_model.pt,4890,legacy_honf,0672,application_evaluator,complete,30.036323703825474,33.189558796584606,30.015743255615234,364.716796875,0.0,21.82861328125,458.0,8192,8192,32768,
1404,/home/wanglz/Desktop/src/ModularDT/HONF_Proj/Trained_Results/ThermalChannel/HONF_Forward_Runs/Run_1404_20260916_092508_routing_only_pairwise/best_by_field_mse_model.pt,4890,legacy_honf,0672,full_forward,complete,28.651200234889984,29.858838859945536,28.628000259399414,364.412109375,0.0,21.82861328125,458.0,8192,8192,32768,
1404,/home/wanglz/Desktop/src/ModularDT/HONF_Proj/Trained_Results/ThermalChannel/HONF_Forward_Runs/Run_1404_20260916_092508_routing_only_pairwise/best_by_field_mse_model.pt,4890,legacy_honf,0672,preparation_plus_one_query,complete,25.1146387308836,25.25619650259614,25.087839126586914,38.12744140625,0.0,21.82861328125,458.0,8192,8192,32768,
1404,/home/wanglz/Desktop/src/ModularDT/HONF_Proj/Trained_Results/ThermalChannel/HONF_Forward_Runs/Run_1404_20260916_092508_routing_only_pairwise/best_by_field_mse_model.pt,4890,legacy_honf,0672,prepared_p2_decode,complete,6.65099173784256,6.681918445974588,6.63040018081665,363.73095703125,0.0,22.09326171875,458.0,8192,8192,32768,
1404,/home/wanglz/Desktop/src/ModularDT/HONF_Proj/Trained_Results/ThermalChannel/HONF_Forward_Runs/Run_1404_20260916_092508_routing_only_pairwise/best_by_field_mse_model.pt,4890,legacy_honf,0673,application_evaluator,complete,29.110207222402096,30.197910871356726,29.08550453186035,364.716796875,0.0,21.82861328125,458.0,8192,8192,32768,
1404,/home/wanglz/Desktop/src/ModularDT/HONF_Proj/Trained_Results/ThermalChannel/HONF_Forward_Runs/Run_1404_20260916_092508_routing_only_pairwise/best_by_field_mse_model.pt,4890,legacy_honf,0673,full_forward,complete,27.845214121043682,28.31891654059291,27.82134437561035,364.412109375,0.0,21.82861328125,458.0,8192,8192,32768,
1404,/home/wanglz/Desktop/src/ModularDT/HONF_Proj/Trained_Results/ThermalChannel/HONF_Forward_Runs/Run_1404_20260916_092508_routing_only_pairwise/best_by_field_mse_model.pt,4890,legacy_honf,0673,preparation_plus_one_query,complete,25.25795716792345,25.493047758936882,25.2324161529541,38.12744140625,0.0,21.82861328125,458.0,8192,8192,32768,
1404,/home/wanglz/Desktop/src/ModularDT/HONF_Proj/Trained_Results/ThermalChannel/HONF_Forward_Runs/Run_1404_20260916_092508_routing_only_pairwise/best_by_field_mse_model.pt,4890,legacy_honf,0673,prepared_p2_decode,complete,6.682560779154301,6.722287647426128,6.657023906707764,363.73095703125,0.0,22.09326171875,458.0,8192,8192,32768,
1404,/home/wanglz/Desktop/src/ModularDT/HONF_Proj/Trained_Results/ThermalChannel/HONF_Forward_Runs/Run_1404_20260916_092508_routing_only_pairwise/best_by_field_mse_model.pt,4890,legacy_honf,0674,application_evaluator,complete,32.15367812663317,32.249726355075836,32.124542236328125,364.716796875,0.0,21.82861328125,458.0,8192,8192,32768,
1404,/home/wanglz/Desktop/src/ModularDT/HONF_Proj/Trained_Results/ThermalChannel/HONF_Forward_Runs/Run_1404_20260916_092508_routing_only_pairwise/best_by_field_mse_model.pt,4890,legacy_honf,0674,full_forward,complete,28.201413340866566,28.217001166194677,28.17945671081543,364.412109375,0.0,21.82861328125,458.0,8192,8192,32768,
1404,/home/wanglz/Desktop/src/ModularDT/HONF_Proj/Trained_Results/ThermalChannel/HONF_Forward_Runs/Run_1404_20260916_092508_routing_only_pairwise/best_by_field_mse_model.pt,4890,legacy_honf,0674,preparation_plus_one_query,complete,23.60966708511114,24.081608466804028,23.58905601501465,38.12744140625,0.0,21.82861328125,458.0,8192,8192,32768,
1404,/home/wanglz/Desktop/src/ModularDT/HONF_Proj/Trained_Results/ThermalChannel/HONF_Forward_Runs/Run_1404_20260916_092508_routing_only_pairwise/best_by_field_mse_model.pt,4890,legacy_honf,0674,prepared_p2_decode,complete,6.711335852742195,6.785257533192635,6.685696125030518,363.73095703125,0.0,22.09326171875,458.0,8192,8192,32768,
1404,/home/wanglz/Desktop/src/ModularDT/HONF_Proj/Trained_Results/ThermalChannel/HONF_Forward_Runs/Run_1404_20260916_092508_routing_only_pairwise/best_by_field_mse_model.pt,4890,legacy_honf,0675,application_evaluator,complete,29.848584905266762,29.90993456915021,29.828575134277344,364.716796875,0.0,21.82861328125,458.0,8192,8192,32768,
1404,/home/wanglz/Desktop/src/ModularDT/HONF_Proj/Trained_Results/ThermalChannel/HONF_Forward_Runs/Run_1404_20260916_092508_routing_only_pairwise/best_by_field_mse_model.pt,4890,legacy_honf,0675,full_forward,complete,28.150565922260284,28.7758843973279,28.126272201538086,364.412109375,0.0,21.82861328125,458.0,8192,8192,32768,
1404,/home/wanglz/Desktop/src/ModularDT/HONF_Proj/Trained_Results/ThermalChannel/HONF_Forward_Runs/Run_1404_20260916_092508_routing_only_pairwise/best_by_field_mse_model.pt,4890,legacy_honf,0675,preparation_plus_one_query,complete,25.74965078383684,25.850475020706654,25.71673583984375,38.12744140625,0.0,21.82861328125,458.0,8192,8192,32768,
1404,/home/wanglz/Desktop/src/ModularDT/HONF_Proj/Trained_Results/ThermalChannel/HONF_Forward_Runs/Run_1404_20260916_092508_routing_only_pairwise/best_by_field_mse_model.pt,4890,legacy_honf,0675,prepared_p2_decode,complete,6.8225255236029625,6.929384730756283,6.801119804382324,363.73095703125,0.0,22.09326171875,458.0,8192,8192,32768,
1404,/home/wanglz/Desktop/src/ModularDT/HONF_Proj/Trained_Results/ThermalChannel/HONF_Forward_Runs/Run_1404_20260916_092508_routing_only_pairwise/best_by_field_mse_model.pt,4890,legacy_honf,0676,application_evaluator,complete,32.72247686982155,32.8217932023108,32.6965446472168,364.716796875,0.0,21.82861328125,458.0,8192,8192,32768,
1404,/home/wanglz/Desktop/src/ModularDT/HONF_Proj/Trained_Results/ThermalChannel/HONF_Forward_Runs/Run_1404_20260916_092508_routing_only_pairwise/best_by_field_mse_model.pt,4890,legacy_honf,0676,full_forward,complete,26.104172691702843,26.530855987221003,26.081504821777344,364.412109375,0.0,21.82861328125,458.0,8192,8192,32768,
1404,/home/wanglz/Desktop/src/ModularDT/HONF_Proj/Trained_Results/ThermalChannel/HONF_Forward_Runs/Run_1404_20260916_092508_routing_only_pairwise/best_by_field_mse_model.pt,4890,legacy_honf,0676,preparation_plus_one_query,complete,24.021180346608162,24.850661866366863,23.998207092285156,38.12744140625,0.0,21.82861328125,458.0,8192,8192,32768,
1404,/home/wanglz/Desktop/src/ModularDT/HONF_Proj/Trained_Results/ThermalChannel/HONF_Forward_Runs/Run_1404_20260916_092508_routing_only_pairwise/best_by_field_mse_model.pt,4890,legacy_honf,0676,prepared_p2_decode,complete,6.630877032876015,6.67487783357501,6.608895778656006,363.73095703125,0.0,22.09326171875,458.0,8192,8192,32768,
1404,/home/wanglz/Desktop/src/ModularDT/HONF_Proj/Trained_Results/ThermalChannel/HONF_Forward_Runs/Run_1404_20260916_092508_routing_only_pairwise/best_by_field_mse_model.pt,4890,legacy_honf,0677,application_evaluator,complete,32.54619333893061,34.25820963457227,32.52355194091797,364.716796875,0.0,21.82861328125,458.0,8192,8192,32768,
1404,/home/wanglz/Desktop/src/ModularDT/HONF_Proj/Trained_Results/ThermalChannel/HONF_Forward_Runs/Run_1404_20260916_092508_routing_only_pairwise/best_by_field_mse_model.pt,4890,legacy_honf,0677,full_forward,complete,30.320722609758377,30.81705281510949,30.288896560668945,364.412109375,0.0,21.82861328125,458.0,8192,8192,32768,
1404,/home/wanglz/Desktop/src/ModularDT/HONF_Proj/Trained_Results/ThermalChannel/HONF_Forward_Runs/Run_1404_20260916_092508_routing_only_pairwise/best_by_field_mse_model.pt,4890,legacy_honf,0677,preparation_plus_one_query,complete,26.265927590429783,26.26995090395212,26.24127960205078,38.12744140625,0.0,21.82861328125,458.0,8192,8192,32768,
1404,/home/wanglz/Desktop/src/ModularDT/HONF_Proj/Trained_Results/ThermalChannel/HONF_Forward_Runs/Run_1404_20260916_092508_routing_only_pairwise/best_by_field_mse_model.pt,4890,legacy_honf,0677,prepared_p2_decode,complete,6.660491228103638,6.67733633890748,6.614783763885498,363.73095703125,0.0,22.09326171875,458.0,8192,8192,32768,
1404,/home/wanglz/Desktop/src/ModularDT/HONF_Proj/Trained_Results/ThermalChannel/HONF_Forward_Runs/Run_1404_20260916_092508_routing_only_pairwise/best_by_field_mse_model.pt,4890,legacy_honf,0678,application_evaluator,complete,28.20755820721388,28.61940721049905,28.188064575195312,364.966796875,0.0,21.82861328125,472.0,8192,8192,32768,
1404,/home/wanglz/Desktop/src/ModularDT/HONF_Proj/Trained_Results/ThermalChannel/HONF_Forward_Runs/Run_1404_20260916_092508_routing_only_pairwise/best_by_field_mse_model.pt,4890,legacy_honf,0678,full_forward,complete,27.669209986925125,27.810013387352228,27.646976470947266,364.662109375,0.0,21.82861328125,472.0,8192,8192,32768,
1404,/home/wanglz/Desktop/src/ModularDT/HONF_Proj/Trained_Results/ThermalChannel/HONF_Forward_Runs/Run_1404_20260916_092508_routing_only_pairwise/best_by_field_mse_model.pt,4890,legacy_honf,0678,preparation_plus_one_query,complete,23.427236825227737,24.30650182068348,23.38707160949707,55.5361328125,0.0,21.82861328125,472.0,8192,8192,32768,
1404,/home/wanglz/Desktop/src/ModularDT/HONF_Proj/Trained_Results/ThermalChannel/HONF_Forward_Runs/Run_1404_20260916_092508_routing_only_pairwise/best_by_field_mse_model.pt,4890,legacy_honf,0678,prepared_p2_decode,complete,6.562151946127415,6.617969553917646,6.540287971496582,363.98095703125,0.0,22.09326171875,472.0,8192,8192,32768,
1404,/home/wanglz/Desktop/src/ModularDT/HONF_Proj/Trained_Results/ThermalChannel/HONF_Forward_Runs/Run_1404_20260916_092508_routing_only_pairwise/best_by_field_mse_model.pt,4890,legacy_honf,0679,application_evaluator,complete,32.58698247373104,32.807237934321165,32.56691360473633,364.966796875,0.0,21.82861328125,472.0,8192,8192,32768,
1404,/home/wanglz/Desktop/src/ModularDT/HONF_Proj/Trained_Results/ThermalChannel/HONF_Forward_Runs/Run_1404_20260916_092508_routing_only_pairwise/best_by_field_mse_model.pt,4890,legacy_honf,0679,full_forward,complete,28.25169824063778,28.522996976971626,28.228607177734375,364.662109375,0.0,21.82861328125,472.0,8192,8192,32768,
1404,/home/wanglz/Desktop/src/ModularDT/HONF_Proj/Trained_Results/ThermalChannel/HONF_Forward_Runs/Run_1404_20260916_092508_routing_only_pairwise/best_by_field_mse_model.pt,4890,legacy_honf,0679,preparation_plus_one_query,complete,25.52978415042162,26.05905355885625,25.50169563293457,55.5361328125,0.0,21.82861328125,472.0,8192,8192,32768,
1404,/home/wanglz/Desktop/src/ModularDT/HONF_Proj/Trained_Results/ThermalChannel/HONF_Forward_Runs/Run_1404_20260916_092508_routing_only_pairwise/best_by_field_mse_model.pt,4890,legacy_honf,0679,prepared_p2_decode,complete,6.802690215408802,6.838393770158291,6.688032150268555,363.98095703125,0.0,22.09326171875,472.0,8192,8192,32768,
1404,/home/wanglz/Desktop/src/ModularDT/HONF_Proj/Trained_Results/ThermalChannel/HONF_Forward_Runs/Run_1404_20260916_092508_routing_only_pairwise/best_by_field_mse_model.pt,4890,legacy_honf,0680,application_evaluator,complete,29.379241168498993,30.556707456707954,29.358976364135742,364.966796875,0.0,21.82861328125,472.0,8192,8192,32768,
1404,/home/wanglz/Desktop/src/ModularDT/HONF_Proj/Trained_Results/ThermalChannel/HONF_Forward_Runs/Run_1404_20260916_092508_routing_only_pairwise/best_by_field_mse_model.pt,4890,legacy_honf,0680,full_forward,complete,29.43064644932747,32.616064697504044,29.40825653076172,364.662109375,0.0,21.82861328125,472.0,8192,8192,32768,
1404,/home/wanglz/Desktop/src/ModularDT/HONF_Proj/Trained_Results/ThermalChannel/HONF_Forward_Runs/Run_1404_20260916_092508_routing_only_pairwise/best_by_field_mse_model.pt,4890,legacy_honf,0680,preparation_plus_one_query,complete,25.035297498106956,25.051389075815678,25.010175704956055,55.5361328125,0.0,21.82861328125,472.0,8192,8192,32768,
1404,/home/wanglz/Desktop/src/ModularDT/HONF_Proj/Trained_Results/ThermalChannel/HONF_Forward_Runs/Run_1404_20260916_092508_routing_only_pairwise/best_by_field_mse_model.pt,4890,legacy_honf,0680,prepared_p2_decode,complete,6.660490296781063,6.674571894109249,6.639616012573242,363.98095703125,0.0,22.09326171875,472.0,8192,8192,32768,
1404,/home/wanglz/Desktop/src/ModularDT/HONF_Proj/Trained_Results/ThermalChannel/HONF_Forward_Runs/Run_1404_20260916_092508_routing_only_pairwise/best_by_field_mse_model.pt,4890,legacy_honf,0681,application_evaluator,complete,29.948598705232143,35.39868565276265,29.928991317749023,364.966796875,0.0,21.82861328125,472.0,8192,8192,32768,
1404,/home/wanglz/Desktop/src/ModularDT/HONF_Proj/Trained_Results/ThermalChannel/HONF_Forward_Runs/Run_1404_20260916_092508_routing_only_pairwise/best_by_field_mse_model.pt,4890,legacy_honf,0681,full_forward,complete,27.032801881432533,27.658369299024343,27.012096405029297,364.662109375,0.0,21.82861328125,472.0,8192,8192,32768,
1404,/home/wanglz/Desktop/src/ModularDT/HONF_Proj/Trained_Results/ThermalChannel/HONF_Forward_Runs/Run_1404_20260916_092508_routing_only_pairwise/best_by_field_mse_model.pt,4890,legacy_honf,0681,preparation_plus_one_query,complete,23.80494587123394,24.2502361536026,23.784191131591797,55.5361328125,0.0,21.82861328125,472.0,8192,8192,32768,
1404,/home/wanglz/Desktop/src/ModularDT/HONF_Proj/Trained_Results/ThermalChannel/HONF_Forward_Runs/Run_1404_20260916_092508_routing_only_pairwise/best_by_field_mse_model.pt,4890,legacy_honf,0681,prepared_p2_decode,complete,6.641494110226631,6.665380019694567,6.619423866271973,363.98095703125,0.0,22.09326171875,472.0,8192,8192,32768,
1404,/home/wanglz/Desktop/src/ModularDT/HONF_Proj/Trained_Results/ThermalChannel/HONF_Forward_Runs/Run_1404_20260916_092508_routing_only_pairwise/best_by_field_mse_model.pt,4890,legacy_honf,0682,application_evaluator,complete,30.797051265835762,31.084439903497696,30.775487899780273,364.966796875,0.0,21.82861328125,472.0,8192,8192,32768,
1404,/home/wanglz/Desktop/src/ModularDT/HONF_Proj/Trained_Results/ThermalChannel/HONF_Forward_Runs/Run_1404_20260916_092508_routing_only_pairwise/best_by_field_mse_model.pt,4890,legacy_honf,0682,full_forward,complete,29.755834490060806,30.665270145982504,29.724672317504883,364.662109375,0.0,21.82861328125,472.0,8192,8192,32768,
1404,/home/wanglz/Desktop/src/ModularDT/HONF_Proj/Trained_Results/ThermalChannel/HONF_Forward_Runs/Run_1404_20260916_092508_routing_only_pairwise/best_by_field_mse_model.pt,4890,legacy_honf,0682,preparation_plus_one_query,complete,25.833740830421448,27.748662885278463,25.806848526000977,55.5361328125,0.0,21.82861328125,472.0,8192,8192,32768,
1404,/home/wanglz/Desktop/src/ModularDT/HONF_Proj/Trained_Results/ThermalChannel/HONF_Forward_Runs/Run_1404_20260916_092508_routing_only_pairwise/best_by_field_mse_model.pt,4890,legacy_honf,0682,prepared_p2_decode,complete,6.72334898263216,6.741201598197222,6.674431800842285,363.98095703125,0.0,22.09326171875,472.0,8192,8192,32768,
1404,/home/wanglz/Desktop/src/ModularDT/HONF_Proj/Trained_Results/ThermalChannel/HONF_Forward_Runs/Run_1404_20260916_092508_routing_only_pairwise/best_by_field_mse_model.pt,4890,legacy_honf,0683,application_evaluator,complete,29.565301723778248,32.349935080856085,29.54572868347168,364.966796875,0.0,21.82861328125,472.0,8192,8192,32768,
1404,/home/wanglz/Desktop/src/ModularDT/HONF_Proj/Trained_Results/ThermalChannel/HONF_Forward_Runs/Run_1404_20260916_092508_routing_only_pairwise/best_by_field_mse_model.pt,4890,legacy_honf,0683,full_forward,complete,27.830406092107296,28.42328827828169,27.79859161376953,364.662109375,0.0,21.82861328125,472.0,8192,8192,32768,
1404,/home/wanglz/Desktop/src/ModularDT/HONF_Proj/Trained_Results/ThermalChannel/HONF_Forward_Runs/Run_1404_20260916_092508_routing_only_pairwise/best_by_field_mse_model.pt,4890,legacy_honf,0683,preparation_plus_one_query,complete,24.208917282521725,24.591096863150597,24.182687759399414,55.5361328125,0.0,21.82861328125,472.0,8192,8192,32768,
1404,/home/wanglz/Desktop/src/ModularDT/HONF_Proj/Trained_Results/ThermalChannel/HONF_Forward_Runs/Run_1404_20260916_092508_routing_only_pairwise/best_by_field_mse_model.pt,4890,legacy_honf,0683,prepared_p2_decode,complete,6.819173693656921,6.832750700414181,6.800384044647217,363.98095703125,0.0,22.09326171875,472.0,8192,8192,32768,
1404,/home/wanglz/Desktop/src/ModularDT/HONF_Proj/Trained_Results/ThermalChannel/HONF_Forward_Runs/Run_1404_20260916_092508_routing_only_pairwise/best_by_field_mse_model.pt,4890,legacy_honf,0684,application_evaluator,complete,29.88741733133793,30.173046607524157,29.868032455444336,364.966796875,0.0,21.82861328125,472.0,8192,8192,32768,
1404,/home/wanglz/Desktop/src/ModularDT/HONF_Proj/Trained_Results/ThermalChannel/HONF_Forward_Runs/Run_1404_20260916_092508_routing_only_pairwise/best_by_field_mse_model.pt,4890,legacy_honf,0684,full_forward,complete,27.779282070696354,27.96911457553506,27.74336051940918,364.662109375,0.0,21.82861328125,472.0,8192,8192,32768,
1404,/home/wanglz/Desktop/src/ModularDT/HONF_Proj/Trained_Results/ThermalChannel/HONF_Forward_Runs/Run_1404_20260916_092508_routing_only_pairwise/best_by_field_mse_model.pt,4890,legacy_honf,0684,preparation_plus_one_query,complete,23.415781557559967,23.460285272449255,23.391231536865234,55.5361328125,0.0,21.82861328125,472.0,8192,8192,32768,
1404,/home/wanglz/Desktop/src/ModularDT/HONF_Proj/Trained_Results/ThermalChannel/HONF_Forward_Runs/Run_1404_20260916_092508_routing_only_pairwise/best_by_field_mse_model.pt,4890,legacy_honf,0684,prepared_p2_decode,complete,6.685912609100342,6.697982549667358,6.665984153747559,363.98095703125,0.0,22.09326171875,472.0,8192,8192,32768,
1404,/home/wanglz/Desktop/src/ModularDT/HONF_Proj/Trained_Results/ThermalChannel/HONF_Forward_Runs/Run_1404_20260916_092508_routing_only_pairwise/best_by_field_mse_model.pt,4890,legacy_honf,0685,application_evaluator,complete,29.53485120087862,29.67238398268819,29.49625587463379,364.966796875,0.0,21.82861328125,472.0,8192,8192,32768,
1404,/home/wanglz/Desktop/src/ModularDT/HONF_Proj/Trained_Results/ThermalChannel/HONF_Forward_Runs/Run_1404_20260916_092508_routing_only_pairwise/best_by_field_mse_model.pt,4890,legacy_honf,0685,full_forward,complete,28.517939150333405,29.77988664060831,28.485631942749023,364.662109375,0.0,21.82861328125,472.0,8192,8192,32768,
1404,/home/wanglz/Desktop/src/ModularDT/HONF_Proj/Trained_Results/ThermalChannel/HONF_Forward_Runs/Run_1404_20260916_092508_routing_only_pairwise/best_by_field_mse_model.pt,4890,legacy_honf,0685,preparation_plus_one_query,complete,25.56498534977436,25.78901182860136,25.527551651000977,55.5361328125,0.0,21.82861328125,472.0,8192,8192,32768,
1404,/home/wanglz/Desktop/src/ModularDT/HONF_Proj/Trained_Results/ThermalChannel/HONF_Forward_Runs/Run_1404_20260916_092508_routing_only_pairwise/best_by_field_mse_model.pt,4890,legacy_honf,0685,prepared_p2_decode,complete,6.6512711346149445,6.662082951515913,6.630112171173096,363.98095703125,0.0,22.09326171875,472.0,8192,8192,32768,
1404,/home/wanglz/Desktop/src/ModularDT/HONF_Proj/Trained_Results/ThermalChannel/HONF_Forward_Runs/Run_1404_20260916_092508_routing_only_pairwise/best_by_field_mse_model.pt,4890,legacy_honf,0686,application_evaluator,complete,29.626204632222652,31.45010843873024,29.6048641204834,364.966796875,0.0,21.82861328125,472.0,8192,8192,32768,
1404,/home/wanglz/Desktop/src/ModularDT/HONF_Proj/Trained_Results/ThermalChannel/HONF_Forward_Runs/Run_1404_20260916_092508_routing_only_pairwise/best_by_field_mse_model.pt,4890,legacy_honf,0686,full_forward,complete,26.630787178874016,28.143162466585636,26.598400115966797,364.662109375,0.0,21.82861328125,472.0,8192,8192,32768,
1404,/home/wanglz/Desktop/src/ModularDT/HONF_Proj/Trained_Results/ThermalChannel/HONF_Forward_Runs/Run_1404_20260916_092508_routing_only_pairwise/best_by_field_mse_model.pt,4890,legacy_honf,0686,preparation_plus_one_query,complete,23.429750464856625,23.807153198868036,23.403520584106445,55.5361328125,0.0,21.82861328125,472.0,8192,8192,32768,
1404,/home/wanglz/Desktop/src/ModularDT/HONF_Proj/Trained_Results/ThermalChannel/HONF_Forward_Runs/Run_1404_20260916_092508_routing_only_pairwise/best_by_field_mse_model.pt,4890,legacy_honf,0686,prepared_p2_decode,complete,6.613276898860931,6.670604087412357,6.591487884521484,363.98095703125,0.0,22.09326171875,472.0,8192,8192,32768,
1404,/home/wanglz/Desktop/src/ModularDT/HONF_Proj/Trained_Results/ThermalChannel/HONF_Forward_Runs/Run_1404_20260916_092508_routing_only_pairwise/best_by_field_mse_model.pt,4890,legacy_honf,0687,application_evaluator,complete,29.985196888446808,30.427972599864006,29.96556854248047,364.966796875,0.0,21.82861328125,472.0,8192,8192,32768,
1404,/home/wanglz/Desktop/src/ModularDT/HONF_Proj/Trained_Results/ThermalChannel/HONF_Forward_Runs/Run_1404_20260916_092508_routing_only_pairwise/best_by_field_mse_model.pt,4890,legacy_honf,0687,full_forward,complete,27.075824327766895,27.697369270026684,27.043840408325195,364.662109375,0.0,21.82861328125,472.0,8192,8192,32768,
1404,/home/wanglz/Desktop/src/ModularDT/HONF_Proj/Trained_Results/ThermalChannel/HONF_Forward_Runs/Run_1404_20260916_092508_routing_only_pairwise/best_by_field_mse_model.pt,4890,legacy_honf,0687,preparation_plus_one_query,complete,25.450163520872593,25.972140673547983,25.428991317749023,55.5361328125,0.0,21.82861328125,472.0,8192,8192,32768,
1404,/home/wanglz/Desktop/src/ModularDT/HONF_Proj/Trained_Results/ThermalChannel/HONF_Forward_Runs/Run_1404_20260916_092508_routing_only_pairwise/best_by_field_mse_model.pt,4890,legacy_honf,0687,prepared_p2_decode,complete,6.6928984597325325,6.708235666155815,6.673408031463623,363.98095703125,0.0,22.09326171875,472.0,8192,8192,32768,
1404,/home/wanglz/Desktop/src/ModularDT/HONF_Proj/Trained_Results/ThermalChannel/HONF_Forward_Runs/Run_1404_20260916_092508_routing_only_pairwise/best_by_field_mse_model.pt,4890,legacy_honf,0688,application_evaluator,complete,27.877340093255043,27.97288540750742,27.853984832763672,364.966796875,0.0,21.82861328125,472.0,8192,8192,32768,
1404,/home/wanglz/Desktop/src/ModularDT/HONF_Proj/Trained_Results/ThermalChannel/HONF_Forward_Runs/Run_1404_20260916_092508_routing_only_pairwise/best_by_field_mse_model.pt,4890,legacy_honf,0688,full_forward,complete,27.85666659474373,30.84873277693987,27.822975158691406,364.662109375,0.0,21.82861328125,472.0,8192,8192,32768,
1404,/home/wanglz/Desktop/src/ModularDT/HONF_Proj/Trained_Results/ThermalChannel/HONF_Forward_Runs/Run_1404_20260916_092508_routing_only_pairwise/best_by_field_mse_model.pt,4890,legacy_honf,0688,preparation_plus_one_query,complete,24.33659043163061,24.465323891490698,24.31488037109375,55.5361328125,0.0,21.82861328125,472.0,8192,8192,32768,
1404,/home/wanglz/Desktop/src/ModularDT/HONF_Proj/Trained_Results/ThermalChannel/HONF_Forward_Runs/Run_1404_20260916_092508_routing_only_pairwise/best_by_field_mse_model.pt,4890,legacy_honf,0688,prepared_p2_decode,complete,6.510746665298939,6.523067224770784,6.479936122894287,363.98095703125,0.0,22.09326171875,472.0,8192,8192,32768,
1404,/home/wanglz/Desktop/src/ModularDT/HONF_Proj/Trained_Results/ThermalChannel/HONF_Forward_Runs/Run_1404_20260916_092508_routing_only_pairwise/best_by_field_mse_model.pt,4890,legacy_honf,0689,application_evaluator,complete,33.55165012180805,35.147503297775984,33.521663665771484,364.966796875,0.0,21.82861328125,472.0,8192,8192,32768,
1404,/home/wanglz/Desktop/src/ModularDT/HONF_Proj/Trained_Results/ThermalChannel/HONF_Forward_Runs/Run_1404_20260916_092508_routing_only_pairwise/best_by_field_mse_model.pt,4890,legacy_honf,0689,full_forward,complete,28.701486065983772,32.336217910051346,28.679168701171875,364.662109375,0.0,21.82861328125,472.0,8192,8192,32768,
1404,/home/wanglz/Desktop/src/ModularDT/HONF_Proj/Trained_Results/ThermalChannel/HONF_Forward_Runs/Run_1404_20260916_092508_routing_only_pairwise/best_by_field_mse_model.pt,4890,legacy_honf,0689,preparation_plus_one_query,complete,25.427812710404396,28.672068566083908,25.404415130615234,55.5361328125,0.0,21.82861328125,472.0,8192,8192,32768,
1404,/home/wanglz/Desktop/src/ModularDT/HONF_Proj/Trained_Results/ThermalChannel/HONF_Forward_Runs/Run_1404_20260916_092508_routing_only_pairwise/best_by_field_mse_model.pt,4890,legacy_honf,0689,prepared_p2_decode,complete,7.000205107033253,7.585795037448406,6.980607986450195,363.98095703125,0.0,22.09326171875,472.0,8192,8192,32768,
1404,/home/wanglz/Desktop/src/ModularDT/HONF_Proj/Trained_Results/ThermalChannel/HONF_Forward_Runs/Run_1404_20260916_092508_routing_only_pairwise/best_by_field_mse_model.pt,4890,legacy_honf,0690,application_evaluator,complete,28.983372263610363,29.412066377699375,28.959232330322266,364.966796875,0.0,21.82861328125,472.0,8192,8192,32768,
1404,/home/wanglz/Desktop/src/ModularDT/HONF_Proj/Trained_Results/ThermalChannel/HONF_Forward_Runs/Run_1404_20260916_092508_routing_only_pairwise/best_by_field_mse_model.pt,4890,legacy_honf,0690,full_forward,complete,28.48581224679947,28.817453142255545,28.450815200805664,364.662109375,0.0,21.82861328125,472.0,8192,8192,32768,
1404,/home/wanglz/Desktop/src/ModularDT/HONF_Proj/Trained_Results/ThermalChannel/HONF_Forward_Runs/Run_1404_20260916_092508_routing_only_pairwise/best_by_field_mse_model.pt,4890,legacy_honf,0690,preparation_plus_one_query,complete,25.052618235349655,25.388030987232924,25.027584075927734,55.5361328125,0.0,21.82861328125,472.0,8192,8192,32768,
1404,/home/wanglz/Desktop/src/ModularDT/HONF_Proj/Trained_Results/ThermalChannel/HONF_Forward_Runs/Run_1404_20260916_092508_routing_only_pairwise/best_by_field_mse_model.pt,4890,legacy_honf,0690,prepared_p2_decode,complete,6.603778339922428,6.636212952435017,6.578176021575928,363.98095703125,0.0,22.09326171875,472.0,8192,8192,32768,
1404,/home/wanglz/Desktop/src/ModularDT/HONF_Proj/Trained_Results/ThermalChannel/HONF_Forward_Runs/Run_1404_20260916_092508_routing_only_pairwise/best_by_field_mse_model.pt,4890,legacy_honf,0691,application_evaluator,complete,30.131307430565357,32.851322181522846,30.110143661499023,364.966796875,0.0,21.82861328125,472.0,8192,8192,32768,
1404,/home/wanglz/Desktop/src/ModularDT/HONF_Proj/Trained_Results/ThermalChannel/HONF_Forward_Runs/Run_1404_20260916_092508_routing_only_pairwise/best_by_field_mse_model.pt,4890,legacy_honf,0691,full_forward,complete,26.30755305290222,26.877303700894117,26.274816513061523,364.662109375,0.0,21.82861328125,472.0,8192,8192,32768,
1404,/home/wanglz/Desktop/src/ModularDT/HONF_Proj/Trained_Results/ThermalChannel/HONF_Forward_Runs/Run_1404_20260916_092508_routing_only_pairwise/best_by_field_mse_model.pt,4890,legacy_honf,0691,preparation_plus_one_query,complete,24.851190857589245,25.584875606000423,24.826879501342773,55.5361328125,0.0,21.82861328125,472.0,8192,8192,32768,
1404,/home/wanglz/Desktop/src/ModularDT/HONF_Proj/Trained_Results/ThermalChannel/HONF_Forward_Runs/Run_1404_20260916_092508_routing_only_pairwise/best_by_field_mse_model.pt,4890,legacy_honf,0691,prepared_p2_decode,complete,6.852976977825165,6.976682972162962,6.810624122619629,363.98095703125,0.0,22.09326171875,472.0,8192,8192,32768,
1404,/home/wanglz/Desktop/src/ModularDT/HONF_Proj/Trained_Results/ThermalChannel/HONF_Forward_Runs/Run_1404_20260916_092508_routing_only_pairwise/best_by_field_mse_model.pt,4890,legacy_honf,0692,application_evaluator,complete,30.038277618587017,30.44308666139841,30.01696014404297,364.966796875,0.0,21.82861328125,472.0,8192,8192,32768,
1404,/home/wanglz/Desktop/src/ModularDT/HONF_Proj/Trained_Results/ThermalChannel/HONF_Forward_Runs/Run_1404_20260916_092508_routing_only_pairwise/best_by_field_mse_model.pt,4890,legacy_honf,0692,full_forward,complete,28.087706305086613,29.604861792176962,28.052480697631836,364.662109375,0.0,21.82861328125,472.0,8192,8192,32768,
1404,/home/wanglz/Desktop/src/ModularDT/HONF_Proj/Trained_Results/ThermalChannel/HONF_Forward_Runs/Run_1404_20260916_092508_routing_only_pairwise/best_by_field_mse_model.pt,4890,legacy_honf,0692,preparation_plus_one_query,complete,25.919505394995213,26.30369747057557,25.89593505859375,55.5361328125,0.0,21.82861328125,472.0,8192,8192,32768,
1404,/home/wanglz/Desktop/src/ModularDT/HONF_Proj/Trained_Results/ThermalChannel/HONF_Forward_Runs/Run_1404_20260916_092508_routing_only_pairwise/best_by_field_mse_model.pt,4890,legacy_honf,0692,prepared_p2_decode,complete,6.818894296884537,6.825179886072874,6.791071891784668,363.98095703125,0.0,22.09326171875,472.0,8192,8192,32768,
1804,/home/wanglz/Desktop/src/ModularDT/HONF_Proj/Trained_Results/ThermalChannel/HONF_Forward_Runs/Run_1804_20260905_081349_dense_pairwise_field_adaptation/best_by_field_mse_model.pt,4738,dense_pairwise_field,0273,application_evaluator,complete,151.1362176388502,159.14263501763344,151.0963134765625,52.9228515625,0.0,29.15869140625,108.0,8192,8192,32768,128
1804,/home/wanglz/Desktop/src/ModularDT/HONF_Proj/Trained_Results/ThermalChannel/HONF_Forward_Runs/Run_1804_20260905_081349_dense_pairwise_field_adaptation/best_by_field_mse_model.pt,4738,dense_pairwise_field,0273,full_forward,complete,150.47354996204376,152.84683723002672,150.44822692871094,52.6181640625,0.0,29.15869140625,108.0,8192,8192,32768,128
1804,/home/wanglz/Desktop/src/ModularDT/HONF_Proj/Trained_Results/ThermalChannel/HONF_Forward_Runs/Run_1804_20260905_081349_dense_pairwise_field_adaptation/best_by_field_mse_model.pt,4738,dense_pairwise_field,0273,preparation_plus_one_query,complete,40.5437545850873,40.71674030274153,40.51472091674805,28.66162109375,0.0,29.15869140625,108.0,8192,8192,32768,128
1804,/home/wanglz/Desktop/src/ModularDT/HONF_Proj/Trained_Results/ThermalChannel/HONF_Forward_Runs/Run_1804_20260905_081349_dense_pairwise_field_adaptation/best_by_field_mse_model.pt,4738,dense_pairwise_field,0273,prepared_p2_decode,complete,111.93623952567577,115.77563900500536,111.91398620605469,50.75,0.0,29.5869140625,108.0,8192,8192,32768,128
1804,/home/wanglz/Desktop/src/ModularDT/HONF_Proj/Trained_Results/ThermalChannel/HONF_Forward_Runs/Run_1804_20260905_081349_dense_pairwise_field_adaptation/best_by_field_mse_model.pt,4738,dense_pairwise_field,0274,application_evaluator,complete,157.2161726653576,160.13305988162756,157.18467712402344,52.9228515625,0.0,29.15869140625,108.0,8192,8192,32768,128
1804,/home/wanglz/Desktop/src/ModularDT/HONF_Proj/Trained_Results/ThermalChannel/HONF_Forward_Runs/Run_1804_20260905_081349_dense_pairwise_field_adaptation/best_by_field_mse_model.pt,4738,dense_pairwise_field,0274,full_forward,complete,152.8761424124241,157.3159652762115,152.85350036621094,52.6181640625,0.0,29.15869140625,108.0,8192,8192,32768,128
1804,/home/wanglz/Desktop/src/ModularDT/HONF_Proj/Trained_Results/ThermalChannel/HONF_Forward_Runs/Run_1804_20260905_081349_dense_pairwise_field_adaptation/best_by_field_mse_model.pt,4738,dense_pairwise_field,0274,preparation_plus_one_query,complete,38.24396897107363,38.312107138335705,38.218753814697266,28.66162109375,0.0,29.15869140625,108.0,8192,8192,32768,128
1804,/home/wanglz/Desktop/src/ModularDT/HONF_Proj/Trained_Results/ThermalChannel/HONF_Forward_Runs/Run_1804_20260905_081349_dense_pairwise_field_adaptation/best_by_field_mse_model.pt,4738,dense_pairwise_field,0274,prepared_p2_decode,complete,111.27468664199114,120.61395738273859,111.25251007080078,50.75,0.0,29.5869140625,108.0,8192,8192,32768,128
1804,/home/wanglz/Desktop/src/ModularDT/HONF_Proj/Trained_Results/ThermalChannel/HONF_Forward_Runs/Run_1804_20260905_081349_dense_pairwise_field_adaptation/best_by_field_mse_model.pt,4738,dense_pairwise_field,0275,application_evaluator,complete,149.1216691210866,157.56382141262293,149.0894012451172,52.9228515625,0.0,29.15869140625,108.0,8192,8192,32768,128
1804,/home/wanglz/Desktop/src/ModularDT/HONF_Proj/Trained_Results/ThermalChannel/HONF_Forward_Runs/Run_1804_20260905_081349_dense_pairwise_field_adaptation/best_by_field_mse_model.pt,4738,dense_pairwise_field,0275,full_forward,complete,149.0029376000166,149.92720922455192,148.9764862060547,52.6181640625,0.0,29.15869140625,108.0,8192,8192,32768,128
1804,/home/wanglz/Desktop/src/ModularDT/HONF_Proj/Trained_Results/ThermalChannel/HONF_Forward_Runs/Run_1804_20260905_081349_dense_pairwise_field_adaptation/best_by_field_mse_model.pt,4738,dense_pairwise_field,0275,preparation_plus_one_query,complete,37.41898667067289,38.17077297717333,37.398529052734375,28.66162109375,0.0,29.15869140625,108.0,8192,8192,32768,128
1804,/home/wanglz/Desktop/src/ModularDT/HONF_Proj/Trained_Results/ThermalChannel/HONF_Forward_Runs/Run_1804_20260905_081349_dense_pairwise_field_adaptation/best_by_field_mse_model.pt,4738,dense_pairwise_field,0275,prepared_p2_decode,complete,111.52137164026499,111.98753034695983,111.50025939941406,50.75,0.0,29.5869140625,108.0,8192,8192,32768,128
1804,/home/wanglz/Desktop/src/ModularDT/HONF_Proj/Trained_Results/ThermalChannel/HONF_Forward_Runs/Run_1804_20260905_081349_dense_pairwise_field_adaptation/best_by_field_mse_model.pt,4738,dense_pairwise_field,0276,application_evaluator,complete,148.17292243242264,162.32237881049514,148.14796447753906,52.9228515625,0.0,29.15869140625,108.0,8192,8192,32768,128
1804,/home/wanglz/Desktop/src/ModularDT/HONF_Proj/Trained_Results/ThermalChannel/HONF_Forward_Runs/Run_1804_20260905_081349_dense_pairwise_field_adaptation/best_by_field_mse_model.pt,4738,dense_pairwise_field,0276,full_forward,complete,159.39526725560427,169.1297891549766,159.3587188720703,52.6181640625,0.0,29.15869140625,108.0,8192,8192,32768,128
1804,/home/wanglz/Desktop/src/ModularDT/HONF_Proj/Trained_Results/ThermalChannel/HONF_Forward_Runs/Run_1804_20260905_081349_dense_pairwise_field_adaptation/best_by_field_mse_model.pt,4738,dense_pairwise_field,0276,preparation_plus_one_query,complete,41.58021975308657,41.696382872760296,41.53446578979492,28.66162109375,0.0,29.15869140625,108.0,8192,8192,32768,128
1804,/home/wanglz/Desktop/src/ModularDT/HONF_Proj/Trained_Results/ThermalChannel/HONF_Forward_Runs/Run_1804_20260905_081349_dense_pairwise_field_adaptation/best_by_field_mse_model.pt,4738,dense_pairwise_field,0276,prepared_p2_decode,complete,114.69893902540207,117.05965343862772,114.65715026855469,50.75,0.0,29.5869140625,108.0,8192,8192,32768,128
1804,/home/wanglz/Desktop/src/ModularDT/HONF_Proj/Trained_Results/ThermalChannel/HONF_Forward_Runs/Run_1804_20260905_081349_dense_pairwise_field_adaptation/best_by_field_mse_model.pt,4738,dense_pairwise_field,0277,application_evaluator,complete,157.96264726668596,158.1205489113927,157.93846130371094,52.9228515625,0.0,29.15869140625,108.0,8192,8192,32768,128
1804,/home/wanglz/Desktop/src/ModularDT/HONF_Proj/Trained_Results/ThermalChannel/HONF_Forward_Runs/Run_1804_20260905_081349_dense_pairwise_field_adaptation/best_by_field_mse_model.pt,4738,dense_pairwise_field,0277,full_forward,complete,152.7238804847002,153.36805321276188,152.68438720703125,52.6181640625,0.0,29.15869140625,108.0,8192,8192,32768,128
1804,/home/wanglz/Desktop/src/ModularDT/HONF_Proj/Trained_Results/ThermalChannel/HONF_Forward_Runs/Run_1804_20260905_081349_dense_pairwise_field_adaptation/best_by_field_mse_model.pt,4738,dense_pairwise_field,0277,preparation_plus_one_query,complete,40.03250319510698,43.366015423089266,40.006656646728516,28.66162109375,0.0,29.15869140625,108.0,8192,8192,32768,128
1804,/home/wanglz/Desktop/src/ModularDT/HONF_Proj/Trained_Results/ThermalChannel/HONF_Forward_Runs/Run_1804_20260905_081349_dense_pairwise_field_adaptation/best_by_field_mse_model.pt,4738,dense_pairwise_field,0277,prepared_p2_decode,complete,117.36581567674875,117.4425033852458,117.32991790771484,50.75,0.0,29.5869140625,108.0,8192,8192,32768,128
1804,/home/wanglz/Desktop/src/ModularDT/HONF_Proj/Trained_Results/ThermalChannel/HONF_Forward_Runs/Run_1804_20260905_081349_dense_pairwise_field_adaptation/best_by_field_mse_model.pt,4738,dense_pairwise_field,0278,application_evaluator,complete,141.2478657439351,148.05469028651714,141.22467041015625,52.9228515625,0.0,29.15869140625,108.0,8192,8192,32768,128
1804,/home/wanglz/Desktop/src/ModularDT/HONF_Proj/Trained_Results/ThermalChannel/HONF_Forward_Runs/Run_1804_20260905_081349_dense_pairwise_field_adaptation/best_by_field_mse_model.pt,4738,dense_pairwise_field,0278,full_forward,complete,154.80714850127697,156.75827786326408,154.78358459472656,52.6181640625,0.0,29.15869140625,108.0,8192,8192,32768,128
1804,/home/wanglz/Desktop/src/ModularDT/HONF_Proj/Trained_Results/ThermalChannel/HONF_Forward_Runs/Run_1804_20260905_081349_dense_pairwise_field_adaptation/best_by_field_mse_model.pt,4738,dense_pairwise_field,0278,preparation_plus_one_query,complete,39.533824659883976,39.55243080854416,39.50387191772461,28.66162109375,0.0,29.15869140625,108.0,8192,8192,32768,128
1804,/home/wanglz/Desktop/src/ModularDT/HONF_Proj/Trained_Results/ThermalChannel/HONF_Forward_Runs/Run_1804_20260905_081349_dense_pairwise_field_adaptation/best_by_field_mse_model.pt,4738,dense_pairwise_field,0278,prepared_p2_decode,complete,113.38868457823992,113.60818818211555,113.364990234375,50.75,0.0,29.5869140625,108.0,8192,8192,32768,128
1804,/home/wanglz/Desktop/src/ModularDT/HONF_Proj/Trained_Results/ThermalChannel/HONF_Forward_Runs/Run_1804_20260905_081349_dense_pairwise_field_adaptation/best_by_field_mse_model.pt,4738,dense_pairwise_field,0279,application_evaluator,complete,145.7669734954834,149.18446568772197,145.74227905273438,52.9228515625,0.0,29.15869140625,108.0,8192,8192,32768,128
1804,/home/wanglz/Desktop/src/ModularDT/HONF_Proj/Trained_Results/ThermalChannel/HONF_Forward_Runs/Run_1804_20260905_081349_dense_pairwise_field_adaptation/best_by_field_mse_model.pt,4738,dense_pairwise_field,0279,full_forward,complete,151.6114203259349,156.61319782957435,151.5888671875,52.6181640625,0.0,29.15869140625,108.0,8192,8192,32768,128
1804,/home/wanglz/Desktop/src/ModularDT/HONF_Proj/Trained_Results/ThermalChannel/HONF_Forward_Runs/Run_1804_20260905_081349_dense_pairwise_field_adaptation/best_by_field_mse_model.pt,4738,dense_pairwise_field,0279,preparation_plus_one_query,complete,41.9190963730216,42.875298857688904,41.891841888427734,28.66162109375,0.0,29.15869140625,108.0,8192,8192,32768,128
1804,/home/wanglz/Desktop/src/ModularDT/HONF_Proj/Trained_Results/ThermalChannel/HONF_Forward_Runs/Run_1804_20260905_081349_dense_pairwise_field_adaptation/best_by_field_mse_model.pt,4738,dense_pairwise_field,0279,prepared_p2_decode,complete,110.73772981762886,111.53125716373324,110.71590423583984,50.75,0.0,29.5869140625,108.0,8192,8192,32768,128
1804,/home/wanglz/Desktop/src/ModularDT/HONF_Proj/Trained_Results/ThermalChannel/HONF_Forward_Runs/Run_1804_20260905_081349_dense_pairwise_field_adaptation/best_by_field_mse_model.pt,4738,dense_pairwise_field,0280,application_evaluator,complete,158.82534068077803,158.8444497436285,158.80125427246094,52.9228515625,0.0,29.15869140625,108.0,8192,8192,32768,128
1804,/home/wanglz/Desktop/src/ModularDT/HONF_Proj/Trained_Results/ThermalChannel/HONF_Forward_Runs/Run_1804_20260905_081349_dense_pairwise_field_adaptation/best_by_field_mse_model.pt,4738,dense_pairwise_field,0280,full_forward,complete,153.2700452953577,155.49926022067666,153.23239135742188,52.6181640625,0.0,29.15869140625,108.0,8192,8192,32768,128
1804,/home/wanglz/Desktop/src/ModularDT/HONF_Proj/Trained_Results/ThermalChannel/HONF_Forward_Runs/Run_1804_20260905_081349_dense_pairwise_field_adaptation/best_by_field_mse_model.pt,4738,dense_pairwise_field,0280,preparation_plus_one_query,complete,39.66037929058075,43.55660220608115,39.63779067993164,28.66162109375,0.0,29.15869140625,108.0,8192,8192,32768,128
1804,/home/wanglz/Desktop/src/ModularDT/HONF_Proj/Trained_Results/ThermalChannel/HONF_Forward_Runs/Run_1804_20260905_081349_dense_pairwise_field_adaptation/best_by_field_mse_model.pt,4738,dense_pairwise_field,0280,prepared_p2_decode,complete,111.52890883386135,113.08478284627199,111.50745391845703,50.75,0.0,29.5869140625,108.0,8192,8192,32768,128
1804,/home/wanglz/Desktop/src/ModularDT/HONF_Proj/Trained_Results/ThermalChannel/HONF_Forward_Runs/Run_1804_20260905_081349_dense_pairwise_field_adaptation/best_by_field_mse_model.pt,4738,dense_pairwise_field,0281,application_evaluator,complete,153.35078071802855,157.17006530612707,153.32736206054688,52.9228515625,0.0,29.15869140625,108.0,8192,8192,32768,128
1804,/home/wanglz/Desktop/src/ModularDT/HONF_Proj/Trained_Results/ThermalChannel/HONF_Forward_Runs/Run_1804_20260905_081349_dense_pairwise_field_adaptation/best_by_field_mse_model.pt,4738,dense_pairwise_field,0281,full_forward,complete,165.41598830372095,201.23654771596193,165.38624572753906,52.6181640625,0.0,29.15869140625,108.0,8192,8192,32768,128
1804,/home/wanglz/Desktop/src/ModularDT/HONF_Proj/Trained_Results/ThermalChannel/HONF_Forward_Runs/Run_1804_20260905_081349_dense_pairwise_field_adaptation/best_by_field_mse_model.pt,4738,dense_pairwise_field,0281,preparation_plus_one_query,complete,39.377096109092236,39.62274789810181,39.3482551574707,28.66162109375,0.0,29.15869140625,108.0,8192,8192,32768,128
1804,/home/wanglz/Desktop/src/ModularDT/HONF_Proj/Trained_Results/ThermalChannel/HONF_Forward_Runs/Run_1804_20260905_081349_dense_pairwise_field_adaptation/best_by_field_mse_model.pt,4738,dense_pairwise_field,0281,prepared_p2_decode,complete,117.35882610082626,118.88855192810297,117.3359375,50.75,0.0,29.5869140625,108.0,8192,8192,32768,128
1804,/home/wanglz/Desktop/src/ModularDT/HONF_Proj/Trained_Results/ThermalChannel/HONF_Forward_Runs/Run_1804_20260905_081349_dense_pairwise_field_adaptation/best_by_field_mse_model.pt,4738,dense_pairwise_field,0282,application_evaluator,complete,148.60118832439184,149.10606890916824,148.5780487060547,52.9228515625,0.0,29.15869140625,108.0,8192,8192,32768,128
1804,/home/wanglz/Desktop/src/ModularDT/HONF_Proj/Trained_Results/ThermalChannel/HONF_Forward_Runs/Run_1804_20260905_081349_dense_pairwise_field_adaptation/best_by_field_mse_model.pt,4738,dense_pairwise_field,0282,full_forward,complete,152.82723866403103,157.14511657133698,152.79913330078125,52.6181640625,0.0,29.15869140625,108.0,8192,8192,32768,128
1804,/home/wanglz/Desktop/src/ModularDT/HONF_Proj/Trained_Results/ThermalChannel/HONF_Forward_Runs/Run_1804_20260905_081349_dense_pairwise_field_adaptation/best_by_field_mse_model.pt,4738,dense_pairwise_field,0282,preparation_plus_one_query,complete,41.32459219545126,41.715069860219955,41.301055908203125,28.66162109375,0.0,29.15869140625,108.0,8192,8192,32768,128
1804,/home/wanglz/Desktop/src/ModularDT/HONF_Proj/Trained_Results/ThermalChannel/HONF_Forward_Runs/Run_1804_20260905_081349_dense_pairwise_field_adaptation/best_by_field_mse_model.pt,4738,dense_pairwise_field,0282,prepared_p2_decode,complete,110.92937458306551,115.03353407606483,110.90227508544922,50.75,0.0,29.5869140625,108.0,8192,8192,32768,128
1804,/home/wanglz/Desktop/src/ModularDT/HONF_Proj/Trained_Results/ThermalChannel/HONF_Forward_Runs/Run_1804_20260905_081349_dense_pairwise_field_adaptation/best_by_field_mse_model.pt,4738,dense_pairwise_field,0283,application_evaluator,complete,154.47608567774296,157.28636514395475,154.39923095703125,52.9228515625,0.0,29.15869140625,108.0,8192,8192,32768,128
1804,/home/wanglz/Desktop/src/ModularDT/HONF_Proj/Trained_Results/ThermalChannel/HONF_Forward_Runs/Run_1804_20260905_081349_dense_pairwise_field_adaptation/best_by_field_mse_model.pt,4738,dense_pairwise_field,0283,full_forward,complete,145.8066375926137,147.77059042826295,145.7827911376953,52.6181640625,0.0,29.15869140625,108.0,8192,8192,32768,128
1804,/home/wanglz/Desktop/src/ModularDT/HONF_Proj/Trained_Results/ThermalChannel/HONF_Forward_Runs/Run_1804_20260905_081349_dense_pairwise_field_adaptation/best_by_field_mse_model.pt,4738,dense_pairwise_field,0283,preparation_plus_one_query,complete,41.22206289321184,44.45324297994375,41.19753646850586,28.740234375,0.0,29.15869140625,108.0,8192,8192,32768,128
1804,/home/wanglz/Desktop/src/ModularDT/HONF_Proj/Trained_Results/ThermalChannel/HONF_Forward_Runs/Run_1804_20260905_081349_dense_pairwise_field_adaptation/best_by_field_mse_model.pt,4738,dense_pairwise_field,0283,prepared_p2_decode,complete,109.06680580228567,113.92476493492723,109.0354232788086,50.75,0.0,29.5869140625,108.0,8192,8192,32768,128
1804,/home/wanglz/Desktop/src/ModularDT/HONF_Proj/Trained_Results/ThermalChannel/HONF_Forward_Runs/Run_1804_20260905_081349_dense_pairwise_field_adaptation/best_by_field_mse_model.pt,4738,dense_pairwise_field,0284,application_evaluator,complete,154.72919400781393,159.8436150699854,154.70364379882812,52.9228515625,0.0,29.15869140625,108.0,8192,8192,32768,128
1804,/home/wanglz/Desktop/src/ModularDT/HONF_Proj/Trained_Results/ThermalChannel/HONF_Forward_Runs/Run_1804_20260905_081349_dense_pairwise_field_adaptation/best_by_field_mse_model.pt,4738,dense_pairwise_field,0284,full_forward,complete,161.99983097612858,163.87075306847692,161.97427368164062,52.6181640625,0.0,29.15869140625,108.0,8192,8192,32768,128
1804,/home/wanglz/Desktop/src/ModularDT/HONF_Proj/Trained_Results/ThermalChannel/HONF_Forward_Runs/Run_1804_20260905_081349_dense_pairwise_field_adaptation/best_by_field_mse_model.pt,4738,dense_pairwise_field,0284,preparation_plus_one_query,complete,40.22442828863859,42.11772670969367,40.202110290527344,28.740234375,0.0,29.15869140625,108.0,8192,8192,32768,128
1804,/home/wanglz/Desktop/src/ModularDT/HONF_Proj/Trained_Results/ThermalChannel/HONF_Forward_Runs/Run_1804_20260905_081349_dense_pairwise_field_adaptation/best_by_field_mse_model.pt,4738,dense_pairwise_field,0284,prepared_p2_decode,complete,125.53098984062672,128.89995584264398,125.50739288330078,50.75,0.0,29.5869140625,108.0,8192,8192,32768,128
1804,/home/wanglz/Desktop/src/ModularDT/HONF_Proj/Trained_Results/ThermalChannel/HONF_Forward_Runs/Run_1804_20260905_081349_dense_pairwise_field_adaptation/best_by_field_mse_model.pt,4738,dense_pairwise_field,0285,application_evaluator,complete,155.3935371339321,157.03590400516987,155.37020874023438,52.9228515625,0.0,29.15869140625,108.0,8192,8192,32768,128
1804,/home/wanglz/Desktop/src/ModularDT/HONF_Proj/Trained_Results/ThermalChannel/HONF_Forward_Runs/Run_1804_20260905_081349_dense_pairwise_field_adaptation/best_by_field_mse_model.pt,4738,dense_pairwise_field,0285,full_forward,complete,159.33378878980875,164.79317881166935,159.3089599609375,52.6181640625,0.0,29.15869140625,108.0,8192,8192,32768,128
1804,/home/wanglz/Desktop/src/ModularDT/HONF_Proj/Trained_Results/ThermalChannel/HONF_Forward_Runs/Run_1804_20260905_081349_dense_pairwise_field_adaptation/best_by_field_mse_model.pt,4738,dense_pairwise_field,0285,preparation_plus_one_query,complete,43.59420295804739,44.85263088718057,43.50783920288086,28.740234375,0.0,29.15869140625,108.0,8192,8192,32768,128
1804,/home/wanglz/Desktop/src/ModularDT/HONF_Proj/Trained_Results/ThermalChannel/HONF_Forward_Runs/Run_1804_20260905_081349_dense_pairwise_field_adaptation/best_by_field_mse_model.pt,4738,dense_pairwise_field,0285,prepared_p2_decode,complete,117.91644617915154,122.44527731090784,117.89107513427734,50.75,0.0,29.5869140625,108.0,8192,8192,32768,128
1804,/home/wanglz/Desktop/src/ModularDT/HONF_Proj/Trained_Results/ThermalChannel/HONF_Forward_Runs/Run_1804_20260905_081349_dense_pairwise_field_adaptation/best_by_field_mse_model.pt,4738,dense_pairwise_field,0286,application_evaluator,complete,160.18056124448776,162.75298409163952,160.15292358398438,52.9228515625,0.0,29.15869140625,108.0,8192,8192,32768,128
1804,/home/wanglz/Desktop/src/ModularDT/HONF_Proj/Trained_Results/ThermalChannel/HONF_Forward_Runs/Run_1804_20260905_081349_dense_pairwise_field_adaptation/best_by_field_mse_model.pt,4738,dense_pairwise_field,0286,full_forward,complete,154.78115435689688,155.66067080944777,154.74281311035156,52.6181640625,0.0,29.15869140625,108.0,8192,8192,32768,128
1804,/home/wanglz/Desktop/src/ModularDT/HONF_Proj/Trained_Results/ThermalChannel/HONF_Forward_Runs/Run_1804_20260905_081349_dense_pairwise_field_adaptation/best_by_field_mse_model.pt,4738,dense_pairwise_field,0286,preparation_plus_one_query,complete,41.80063959211111,42.5217523239553,41.77686309814453,28.740234375,0.0,29.15869140625,108.0,8192,8192,32768,128
1804,/home/wanglz/Desktop/src/ModularDT/HONF_Proj/Trained_Results/ThermalChannel/HONF_Forward_Runs/Run_1804_20260905_081349_dense_pairwise_field_adaptation/best_by_field_mse_model.pt,4738,dense_pairwise_field,0286,prepared_p2_decode,complete,118.14888194203377,121.55254650861025,118.12454223632812,50.75,0.0,29.5869140625,108.0,8192,8192,32768,128
1804,/home/wanglz/Desktop/src/ModularDT/HONF_Proj/Trained_Results/ThermalChannel/HONF_Forward_Runs/Run_1804_20260905_081349_dense_pairwise_field_adaptation/best_by_field_mse_model.pt,4738,dense_pairwise_field,0287,application_evaluator,complete,159.9137606099248,160.83325538784266,159.8896026611328,52.9228515625,0.0,29.15869140625,108.0,8192,8192,32768,128
1804,/home/wanglz/Desktop/src/ModularDT/HONF_Proj/Trained_Results/ThermalChannel/HONF_Forward_Runs/Run_1804_20260905_081349_dense_pairwise_field_adaptation/best_by_field_mse_model.pt,4738,dense_pairwise_field,0287,full_forward,complete,163.16703893244267,164.41012881696224,163.12832641601562,52.6181640625,0.0,29.15869140625,108.0,8192,8192,32768,128
1804,/home/wanglz/Desktop/src/ModularDT/HONF_Proj/Trained_Results/ThermalChannel/HONF_Forward_Runs/Run_1804_20260905_081349_dense_pairwise_field_adaptation/best_by_field_mse_model.pt,4738,dense_pairwise_field,0287,preparation_plus_one_query,complete,40.27303773909807,41.02231031283736,40.25020980834961,28.740234375,0.0,29.15869140625,108.0,8192,8192,32768,128
1804,/home/wanglz/Desktop/src/ModularDT/HONF_Proj/Trained_Results/ThermalChannel/HONF_Forward_Runs/Run_1804_20260905_081349_dense_pairwise_field_adaptation/best_by_field_mse_model.pt,4738,dense_pairwise_field,0287,prepared_p2_decode,complete,115.19983783364296,116.39993358403444,115.17440032958984,50.75,0.0,29.5869140625,108.0,8192,8192,32768,128
1804,/home/wanglz/Desktop/src/ModularDT/HONF_Proj/Trained_Results/ThermalChannel/HONF_Forward_Runs/Run_1804_20260905_081349_dense_pairwise_field_adaptation/best_by_field_mse_model.pt,4738,dense_pairwise_field,0288,application_evaluator,complete,149.94467608630657,154.30806437507272,149.9016571044922,52.9228515625,0.0,29.15869140625,108.0,8192,8192,32768,128
1804,/home/wanglz/Desktop/src/ModularDT/HONF_Proj/Trained_Results/ThermalChannel/HONF_Forward_Runs/Run_1804_20260905_081349_dense_pairwise_field_adaptation/best_by_field_mse_model.pt,4738,dense_pairwise_field,0288,full_forward,complete,158.12215209007263,167.4827916547656,158.08204650878906,52.6181640625,0.0,29.15869140625,108.0,8192,8192,32768,128
1804,/home/wanglz/Desktop/src/ModularDT/HONF_Proj/Trained_Results/ThermalChannel/HONF_Forward_Runs/Run_1804_20260905_081349_dense_pairwise_field_adaptation/best_by_field_mse_model.pt,4738,dense_pairwise_field,0288,preparation_plus_one_query,complete,42.23422333598137,42.262131720781326,42.21104049682617,28.740234375,0.0,29.15869140625,108.0,8192,8192,32768,128
1804,/home/wanglz/Desktop/src/ModularDT/HONF_Proj/Trained_Results/ThermalChannel/HONF_Forward_Runs/Run_1804_20260905_081349_dense_pairwise_field_adaptation/best_by_field_mse_model.pt,4738,dense_pairwise_field,0288,prepared_p2_decode,complete,116.87131505459547,116.94749984890223,116.83952331542969,50.75,0.0,29.5869140625,108.0,8192,8192,32768,128
1804,/home/wanglz/Desktop/src/ModularDT/HONF_Proj/Trained_Results/ThermalChannel/HONF_Forward_Runs/Run_1804_20260905_081349_dense_pairwise_field_adaptation/best_by_field_mse_model.pt,4738,dense_pairwise_field,0289,application_evaluator,complete,161.3824125379324,162.16562930494547,161.35769653320312,52.9228515625,0.0,29.15869140625,108.0,8192,8192,32768,128
1804,/home/wanglz/Desktop/src/ModularDT/HONF_Proj/Trained_Results/ThermalChannel/HONF_Forward_Runs/Run_1804_20260905_081349_dense_pairwise_field_adaptation/best_by_field_mse_model.pt,4738,dense_pairwise_field,0289,full_forward,complete,152.4715879932046,154.07096156850457,152.43142700195312,52.6181640625,0.0,29.15869140625,108.0,8192,8192,32768,128
1804,/home/wanglz/Desktop/src/ModularDT/HONF_Proj/Trained_Results/ThermalChannel/HONF_Forward_Runs/Run_1804_20260905_081349_dense_pairwise_field_adaptation/best_by_field_mse_model.pt,4738,dense_pairwise_field,0289,preparation_plus_one_query,complete,39.39720802009106,40.00894697383046,39.37583923339844,28.740234375,0.0,29.15869140625,108.0,8192,8192,32768,128
1804,/home/wanglz/Desktop/src/ModularDT/HONF_Proj/Trained_Results/ThermalChannel/HONF_Forward_Runs/Run_1804_20260905_081349_dense_pairwise_field_adaptation/best_by_field_mse_model.pt,4738,dense_pairwise_field,0289,prepared_p2_decode,complete,122.3637517541647,126.1682003736496,122.33830261230469,50.75,0.0,29.5869140625,108.0,8192,8192,32768,128
1804,/home/wanglz/Desktop/src/ModularDT/HONF_Proj/Trained_Results/ThermalChannel/HONF_Forward_Runs/Run_1804_20260905_081349_dense_pairwise_field_adaptation/best_by_field_mse_model.pt,4738,dense_pairwise_field,0290,application_evaluator,complete,158.98344852030277,159.1876140795648,158.9569854736328,52.9228515625,0.0,29.15869140625,108.0,8192,8192,32768,128
1804,/home/wanglz/Desktop/src/ModularDT/HONF_Proj/Trained_Results/ThermalChannel/HONF_Forward_Runs/Run_1804_20260905_081349_dense_pairwise_field_adaptation/best_by_field_mse_model.pt,4738,dense_pairwise_field,0290,full_forward,complete,157.48518239706755,158.4041734226048,157.46156311035156,52.6181640625,0.0,29.15869140625,108.0,8192,8192,32768,128
1804,/home/wanglz/Desktop/src/ModularDT/HONF_Proj/Trained_Results/ThermalChannel/HONF_Forward_Runs/Run_1804_20260905_081349_dense_pairwise_field_adaptation/best_by_field_mse_model.pt,4738,dense_pairwise_field,0290,preparation_plus_one_query,complete,39.33714143931866,40.26040807366371,39.30828857421875,28.740234375,0.0,29.15869140625,108.0,8192,8192,32768,128
1804,/home/wanglz/Desktop/src/ModularDT/HONF_Proj/Trained_Results/ThermalChannel/HONF_Forward_Runs/Run_1804_20260905_081349_dense_pairwise_field_adaptation/best_by_field_mse_model.pt,4738,dense_pairwise_field,0290,prepared_p2_decode,complete,120.39194814860821,129.19641574844718,120.2339859008789,50.75,0.0,29.5869140625,108.0,8192,8192,32768,128
1804,/home/wanglz/Desktop/src/ModularDT/HONF_Proj/Trained_Results/ThermalChannel/HONF_Forward_Runs/Run_1804_20260905_081349_dense_pairwise_field_adaptation/best_by_field_mse_model.pt,4738,dense_pairwise_field,0291,application_evaluator,complete,147.76110649108887,149.63177544996142,147.71359252929688,52.9228515625,0.0,29.15869140625,108.0,8192,8192,32768,128
1804,/home/wanglz/Desktop/src/ModularDT/HONF_Proj/Trained_Results/ThermalChannel/HONF_Forward_Runs/Run_1804_20260905_081349_dense_pairwise_field_adaptation/best_by_field_mse_model.pt,4738,dense_pairwise_field,0291,full_forward,complete,157.39438496530056,168.97116536274552,157.3693389892578,52.6181640625,0.0,29.15869140625,108.0,8192,8192,32768,128
1804,/home/wanglz/Desktop/src/ModularDT/HONF_Proj/Trained_Results/ThermalChannel/HONF_Forward_Runs/Run_1804_20260905_081349_dense_pairwise_field_adaptation/best_by_field_mse_model.pt,4738,dense_pairwise_field,0291,preparation_plus_one_query,complete,41.80818051099777,42.30702528730035,41.78432083129883,28.740234375,0.0,29.15869140625,108.0,8192,8192,32768,128
1804,/home/wanglz/Desktop/src/ModularDT/HONF_Proj/Trained_Results/ThermalChannel/HONF_Forward_Runs/Run_1804_20260905_081349_dense_pairwise_field_adaptation/best_by_field_mse_model.pt,4738,dense_pairwise_field,0291,prepared_p2_decode,complete,116.78805854171515,120.86380505934358,116.74726104736328,50.75,0.0,29.5869140625,108.0,8192,8192,32768,128
1804,/home/wanglz/Desktop/src/ModularDT/HONF_Proj/Trained_Results/ThermalChannel/HONF_Forward_Runs/Run_1804_20260905_081349_dense_pairwise_field_adaptation/best_by_field_mse_model.pt,4738,dense_pairwise_field,0292,application_evaluator,complete,164.61948119103909,173.4073526225984,164.5894012451172,52.9228515625,0.0,29.15869140625,108.0,8192,8192,32768,128
1804,/home/wanglz/Desktop/src/ModularDT/HONF_Proj/Trained_Results/ThermalChannel/HONF_Forward_Runs/Run_1804_20260905_081349_dense_pairwise_field_adaptation/best_by_field_mse_model.pt,4738,dense_pairwise_field,0292,full_forward,complete,171.69427685439587,178.2393580302596,171.65927124023438,52.6181640625,0.0,29.15869140625,108.0,8192,8192,32768,128
1804,/home/wanglz/Desktop/src/ModularDT/HONF_Proj/Trained_Results/ThermalChannel/HONF_Forward_Runs/Run_1804_20260905_081349_dense_pairwise_field_adaptation/best_by_field_mse_model.pt,4738,dense_pairwise_field,0292,preparation_plus_one_query,complete,43.60146354883909,46.38785542920232,43.578369140625,28.740234375,0.0,29.15869140625,108.0,8192,8192,32768,128
1804,/home/wanglz/Desktop/src/ModularDT/HONF_Proj/Trained_Results/ThermalChannel/HONF_Forward_Runs/Run_1804_20260905_081349_dense_pairwise_field_adaptation/best_by_field_mse_model.pt,4738,dense_pairwise_field,0292,prepared_p2_decode,complete,118.86322777718306,124.57404974848032,118.84226989746094,50.75,0.0,29.5869140625,108.0,8192,8192,32768,128
1804,/home/wanglz/Desktop/src/ModularDT/HONF_Proj/Trained_Results/ThermalChannel/HONF_Forward_Runs/Run_1804_20260905_081349_dense_pairwise_field_adaptation/best_by_field_mse_model.pt,4738,dense_pairwise_field,0293,application_evaluator,complete,158.25344622135162,159.62074669077992,158.2276153564453,52.9228515625,0.0,29.15869140625,120.0,8192,8192,32768,128
1804,/home/wanglz/Desktop/src/ModularDT/HONF_Proj/Trained_Results/ThermalChannel/HONF_Forward_Runs/Run_1804_20260905_081349_dense_pairwise_field_adaptation/best_by_field_mse_model.pt,4738,dense_pairwise_field,0293,full_forward,complete,171.82362638413906,177.03811563551426,171.7965087890625,52.6181640625,0.0,29.15869140625,120.0,8192,8192,32768,128
1804,/home/wanglz/Desktop/src/ModularDT/HONF_Proj/Trained_Results/ThermalChannel/HONF_Forward_Runs/Run_1804_20260905_081349_dense_pairwise_field_adaptation/best_by_field_mse_model.pt,4738,dense_pairwise_field,0293,preparation_plus_one_query,complete,39.386870339512825,40.22741345688701,39.363582611083984,39.169921875,0.0,29.15869140625,120.0,8192,8192,32768,128
1804,/home/wanglz/Desktop/src/ModularDT/HONF_Proj/Trained_Results/ThermalChannel/HONF_Forward_Runs/Run_1804_20260905_081349_dense_pairwise_field_adaptation/best_by_field_mse_model.pt,4738,dense_pairwise_field,0293,prepared_p2_decode,complete,113.68452198803425,115.39879972115159,113.66092681884766,50.75,0.0,29.5869140625,120.0,8192,8192,32768,128
1804,/home/wanglz/Desktop/src/ModularDT/HONF_Proj/Trained_Results/ThermalChannel/HONF_Forward_Runs/Run_1804_20260905_081349_dense_pairwise_field_adaptation/best_by_field_mse_model.pt,4738,dense_pairwise_field,0294,application_evaluator,complete,160.98904982209206,162.2914768755436,160.9652862548828,52.9228515625,0.0,29.15869140625,120.0,8192,8192,32768,128
1804,/home/wanglz/Desktop/src/ModularDT/HONF_Proj/Trained_Results/ThermalChannel/HONF_Forward_Runs/Run_1804_20260905_081349_dense_pairwise_field_adaptation/best_by_field_mse_model.pt,4738,dense_pairwise_field,0294,full_forward,complete,167.8085010498762,169.8141898959875,167.76602172851562,52.6181640625,0.0,29.15869140625,120.0,8192,8192,32768,128
1804,/home/wanglz/Desktop/src/ModularDT/HONF_Proj/Trained_Results/ThermalChannel/HONF_Forward_Runs/Run_1804_20260905_081349_dense_pairwise_field_adaptation/best_by_field_mse_model.pt,4738,dense_pairwise_field,0294,preparation_plus_one_query,complete,42.076095938682556,42.74214543402195,41.997535705566406,39.169921875,0.0,29.15869140625,120.0,8192,8192,32768,128
1804,/home/wanglz/Desktop/src/ModularDT/HONF_Proj/Trained_Results/ThermalChannel/HONF_Forward_Runs/Run_1804_20260905_081349_dense_pairwise_field_adaptation/best_by_field_mse_model.pt,4738,dense_pairwise_field,0294,prepared_p2_decode,complete,124.94122330099344,126.14383362233639,124.91661071777344,50.75,0.0,29.5869140625,120.0,8192,8192,32768,128
1804,/home/wanglz/Desktop/src/ModularDT/HONF_Proj/Trained_Results/ThermalChannel/HONF_Forward_Runs/Run_1804_20260905_081349_dense_pairwise_field_adaptation/best_by_field_mse_model.pt,4738,dense_pairwise_field,0295,application_evaluator,complete,148.4589697793126,149.9957355670631,148.435546875,52.9228515625,0.0,29.15869140625,120.0,8192,8192,32768,128
1804,/home/wanglz/Desktop/src/ModularDT/HONF_Proj/Trained_Results/ThermalChannel/HONF_Forward_Runs/Run_1804_20260905_081349_dense_pairwise_field_adaptation/best_by_field_mse_model.pt,4738,dense_pairwise_field,0295,full_forward,complete,155.58237675577402,160.12201802805066,155.5557403564453,52.6181640625,0.0,29.15869140625,120.0,8192,8192,32768,128
1804,/home/wanglz/Desktop/src/ModularDT/HONF_Proj/Trained_Results/ThermalChannel/HONF_Forward_Runs/Run_1804_20260905_081349_dense_pairwise_field_adaptation/best_by_field_mse_model.pt,4738,dense_pairwise_field,0295,preparation_plus_one_query,complete,42.570583522319794,42.609805800020695,42.53798294067383,39.169921875,0.0,29.15869140625,120.0,8192,8192,32768,128
1804,/home/wanglz/Desktop/src/ModularDT/HONF_Proj/Trained_Results/ThermalChannel/HONF_Forward_Runs/Run_1804_20260905_081349_dense_pairwise_field_adaptation/best_by_field_mse_model.pt,4738,dense_pairwise_field,0295,prepared_p2_decode,complete,116.02173931896687,116.95028487592936,115.98028564453125,50.75,0.0,29.5869140625,120.0,8192,8192,32768,128
1804,/home/wanglz/Desktop/src/ModularDT/HONF_Proj/Trained_Results/ThermalChannel/HONF_Forward_Runs/Run_1804_20260905_081349_dense_pairwise_field_adaptation/best_by_field_mse_model.pt,4738,dense_pairwise_field,0296,application_evaluator,complete,157.6150804758072,160.75272606685758,157.58851623535156,52.9228515625,0.0,29.15869140625,120.0,8192,8192,32768,128
1804,/home/wanglz/Desktop/src/ModularDT/HONF_Proj/Trained_Results/ThermalChannel/HONF_Forward_Runs/Run_1804_20260905_081349_dense_pairwise_field_adaptation/best_by_field_mse_model.pt,4738,dense_pairwise_field,0296,full_forward,complete,154.68866750597954,156.20003696531057,154.64959716796875,52.6181640625,0.0,29.15869140625,120.0,8192,8192,32768,128
1804,/home/wanglz/Desktop/src/ModularDT/HONF_Proj/Trained_Results/ThermalChannel/HONF_Forward_Runs/Run_1804_20260905_081349_dense_pairwise_field_adaptation/best_by_field_mse_model.pt,4738,dense_pairwise_field,0296,preparation_plus_one_query,complete,41.64781887084246,42.389549408107996,41.615360260009766,39.169921875,0.0,29.15869140625,120.0,8192,8192,32768,128
1804,/home/wanglz/Desktop/src/ModularDT/HONF_Proj/Trained_Results/ThermalChannel/HONF_Forward_Runs/Run_1804_20260905_081349_dense_pairwise_field_adaptation/best_by_field_mse_model.pt,4738,dense_pairwise_field,0296,prepared_p2_decode,complete,112.89641167968512,113.14558386802673,112.87171173095703,50.75,0.0,29.5869140625,120.0,8192,8192,32768,128
1804,/home/wanglz/Desktop/src/ModularDT/HONF_Proj/Trained_Results/ThermalChannel/HONF_Forward_Runs/Run_1804_20260905_081349_dense_pairwise_field_adaptation/best_by_field_mse_model.pt,4738,dense_pairwise_field,0297,application_evaluator,complete,150.83865076303482,153.31049831584096,150.81394958496094,52.9228515625,0.0,29.15869140625,120.0,8192,8192,32768,128
1804,/home/wanglz/Desktop/src/ModularDT/HONF_Proj/Trained_Results/ThermalChannel/HONF_Forward_Runs/Run_1804_20260905_081349_dense_pairwise_field_adaptation/best_by_field_mse_model.pt,4738,dense_pairwise_field,0297,full_forward,complete,161.7763116955757,162.3317301273346,161.75103759765625,52.6181640625,0.0,29.15869140625,120.0,8192,8192,32768,128
1804,/home/wanglz/Desktop/src/ModularDT/HONF_Proj/Trained_Results/ThermalChannel/HONF_Forward_Runs/Run_1804_20260905_081349_dense_pairwise_field_adaptation/best_by_field_mse_model.pt,4738,dense_pairwise_field,0297,preparation_plus_one_query,complete,38.584512658417225,39.59728963673115,38.56486511230469,39.169921875,0.0,29.15869140625,120.0,8192,8192,32768,128
1804,/home/wanglz/Desktop/src/ModularDT/HONF_Proj/Trained_Results/ThermalChannel/HONF_Forward_Runs/Run_1804_20260905_081349_dense_pairwise_field_adaptation/best_by_field_mse_model.pt,4738,dense_pairwise_field,0297,prepared_p2_decode,complete,116.84113275259733,117.6781571470201,116.8189468383789,50.75,0.0,29.5869140625,120.0,8192,8192,32768,128
1804,/home/wanglz/Desktop/src/ModularDT/HONF_Proj/Trained_Results/ThermalChannel/HONF_Forward_Runs/Run_1804_20260905_081349_dense_pairwise_field_adaptation/best_by_field_mse_model.pt,4738,dense_pairwise_field,0298,application_evaluator,complete,157.96177741140127,161.72976726666093,157.93910217285156,52.9228515625,0.0,29.15869140625,120.0,8192,8192,32768,128
1804,/home/wanglz/Desktop/src/ModularDT/HONF_Proj/Trained_Results/ThermalChannel/HONF_Forward_Runs/Run_1804_20260905_081349_dense_pairwise_field_adaptation/best_by_field_mse_model.pt,4738,dense_pairwise_field,0298,full_forward,complete,162.46998962014914,164.1985995694995,162.43609619140625,52.6181640625,0.0,29.15869140625,120.0,8192,8192,32768,128
1804,/home/wanglz/Desktop/src/ModularDT/HONF_Proj/Trained_Results/ThermalChannel/HONF_Forward_Runs/Run_1804_20260905_081349_dense_pairwise_field_adaptation/best_by_field_mse_model.pt,4738,dense_pairwise_field,0298,preparation_plus_one_query,complete,41.729673743247986,42.79273711144924,41.707393646240234,39.169921875,0.0,29.15869140625,120.0,8192,8192,32768,128
1804,/home/wanglz/Desktop/src/ModularDT/HONF_Proj/Trained_Results/ThermalChannel/HONF_Forward_Runs/Run_1804_20260905_081349_dense_pairwise_field_adaptation/best_by_field_mse_model.pt,4738,dense_pairwise_field,0298,prepared_p2_decode,complete,119.84576843678951,125.03260159865022,119.81692504882812,50.75,0.0,29.5869140625,120.0,8192,8192,32768,128
1804,/home/wanglz/Desktop/src/ModularDT/HONF_Proj/Trained_Results/ThermalChannel/HONF_Forward_Runs/Run_1804_20260905_081349_dense_pairwise_field_adaptation/best_by_field_mse_model.pt,4738,dense_pairwise_field,0299,application_evaluator,complete,151.7379442229867,153.66015769541264,151.7118682861328,52.9228515625,0.0,29.15869140625,120.0,8192,8192,32768,128
1804,/home/wanglz/Desktop/src/ModularDT/HONF_Proj/Trained_Results/ThermalChannel/HONF_Forward_Runs/Run_1804_20260905_081349_dense_pairwise_field_adaptation/best_by_field_mse_model.pt,4738,dense_pairwise_field,0299,full_forward,complete,151.39292180538177,156.53952518478036,151.36767578125,52.6181640625,0.0,29.15869140625,120.0,8192,8192,32768,128
1804,/home/wanglz/Desktop/src/ModularDT/HONF_Proj/Trained_Results/ThermalChannel/HONF_Forward_Runs/Run_1804_20260905_081349_dense_pairwise_field_adaptation/best_by_field_mse_model.pt,4738,dense_pairwise_field,0299,preparation_plus_one_query,complete,40.06965085864067,40.94715565443039,40.04665756225586,39.169921875,0.0,29.15869140625,120.0,8192,8192,32768,128
1804,/home/wanglz/Desktop/src/ModularDT/HONF_Proj/Trained_Results/ThermalChannel/HONF_Forward_Runs/Run_1804_20260905_081349_dense_pairwise_field_adaptation/best_by_field_mse_model.pt,4738,dense_pairwise_field,0299,prepared_p2_decode,complete,121.82231713086367,130.39471162483096,121.79766082763672,50.75,0.0,29.5869140625,120.0,8192,8192,32768,128
1804,/home/wanglz/Desktop/src/ModularDT/HONF_Proj/Trained_Results/ThermalChannel/HONF_Forward_Runs/Run_1804_20260905_081349_dense_pairwise_field_adaptation/best_by_field_mse_model.pt,4738,dense_pairwise_field,0300,application_evaluator,complete,164.89828005433083,168.62528659403324,164.86370849609375,52.9228515625,0.0,29.15869140625,120.0,8192,8192,32768,128
1804,/home/wanglz/Desktop/src/ModularDT/HONF_Proj/Trained_Results/ThermalChannel/HONF_Forward_Runs/Run_1804_20260905_081349_dense_pairwise_field_adaptation/best_by_field_mse_model.pt,4738,dense_pairwise_field,0300,full_forward,complete,162.3289044946432,162.82875509932637,162.3041229248047,52.6181640625,0.0,29.15869140625,120.0,8192,8192,32768,128
1804,/home/wanglz/Desktop/src/ModularDT/HONF_Proj/Trained_Results/ThermalChannel/HONF_Forward_Runs/Run_1804_20260905_081349_dense_pairwise_field_adaptation/best_by_field_mse_model.pt,4738,dense_pairwise_field,0300,preparation_plus_one_query,complete,43.157259933650494,46.275042090564966,43.13395309448242,39.169921875,0.0,29.15869140625,120.0,8192,8192,32768,128
1804,/home/wanglz/Desktop/src/ModularDT/HONF_Proj/Trained_Results/ThermalChannel/HONF_Forward_Runs/Run_1804_20260905_081349_dense_pairwise_field_adaptation/best_by_field_mse_model.pt,4738,dense_pairwise_field,0300,prepared_p2_decode,complete,122.06453271210194,122.48291876167059,122.04032135009766,50.75,0.0,29.5869140625,120.0,8192,8192,32768,128
1804,/home/wanglz/Desktop/src/ModularDT/HONF_Proj/Trained_Results/ThermalChannel/HONF_Forward_Runs/Run_1804_20260905_081349_dense_pairwise_field_adaptation/best_by_field_mse_model.pt,4738,dense_pairwise_field,0301,application_evaluator,complete,157.170033082366,157.53511609509587,157.1471710205078,52.9228515625,0.0,29.15869140625,120.0,8192,8192,32768,128
1804,/home/wanglz/Desktop/src/ModularDT/HONF_Proj/Trained_Results/ThermalChannel/HONF_Forward_Runs/Run_1804_20260905_081349_dense_pairwise_field_adaptation/best_by_field_mse_model.pt,4738,dense_pairwise_field,0301,full_forward,complete,159.06445030122995,162.56918972358108,159.04159545898438,52.6181640625,0.0,29.15869140625,120.0,8192,8192,32768,128
1804,/home/wanglz/Desktop/src/ModularDT/HONF_Proj/Trained_Results/ThermalChannel/HONF_Forward_Runs/Run_1804_20260905_081349_dense_pairwise_field_adaptation/best_by_field_mse_model.pt,4738,dense_pairwise_field,0301,preparation_plus_one_query,complete,41.27988498657942,41.82122349739075,41.25798416137695,39.169921875,0.0,29.15869140625,120.0,8192,8192,32768,128
1804,/home/wanglz/Desktop/src/ModularDT/HONF_Proj/Trained_Results/ThermalChannel/HONF_Forward_Runs/Run_1804_20260905_081349_dense_pairwise_field_adaptation/best_by_field_mse_model.pt,4738,dense_pairwise_field,0301,prepared_p2_decode,complete,116.8573321774602,118.40113624930382,116.83430480957031,50.75,0.0,29.5869140625,120.0,8192,8192,32768,128
1804,/home/wanglz/Desktop/src/ModularDT/HONF_Proj/Trained_Results/ThermalChannel/HONF_Forward_Runs/Run_1804_20260905_081349_dense_pairwise_field_adaptation/best_by_field_mse_model.pt,4738,dense_pairwise_field,0302,application_evaluator,complete,153.4217083826661,160.06107674911618,153.3946533203125,52.9228515625,0.0,29.15869140625,120.0,8192,8192,32768,128
1804,/home/wanglz/Desktop/src/ModularDT/HONF_Proj/Trained_Results/ThermalChannel/HONF_Forward_Runs/Run_1804_20260905_081349_dense_pairwise_field_adaptation/best_by_field_mse_model.pt,4738,dense_pairwise_field,0302,full_forward,complete,160.67418549209833,161.15266475826502,160.648193359375,52.6181640625,0.0,29.15869140625,120.0,8192,8192,32768,128
1804,/home/wanglz/Desktop/src/ModularDT/HONF_Proj/Trained_Results/ThermalChannel/HONF_Forward_Runs/Run_1804_20260905_081349_dense_pairwise_field_adaptation/best_by_field_mse_model.pt,4738,dense_pairwise_field,0302,preparation_plus_one_query,complete,41.70173592865467,41.773645114153624,41.67289733886719,39.169921875,0.0,29.15869140625,120.0,8192,8192,32768,128
1804,/home/wanglz/Desktop/src/ModularDT/HONF_Proj/Trained_Results/ThermalChannel/HONF_Forward_Runs/Run_1804_20260905_081349_dense_pairwise_field_adaptation/best_by_field_mse_model.pt,4738,dense_pairwise_field,0302,prepared_p2_decode,complete,121.1867444217205,126.22020384296775,121.1645736694336,50.75,0.0,29.5869140625,120.0,8192,8192,32768,128
1804,/home/wanglz/Desktop/src/ModularDT/HONF_Proj/Trained_Results/ThermalChannel/HONF_Forward_Runs/Run_1804_20260905_081349_dense_pairwise_field_adaptation/best_by_field_mse_model.pt,4738,dense_pairwise_field,0633,application_evaluator,complete,151.28144528716803,151.99778117239475,151.25830078125,52.9228515625,0.0,29.15869140625,108.0,8192,8192,32768,128
1804,/home/wanglz/Desktop/src/ModularDT/HONF_Proj/Trained_Results/ThermalChannel/HONF_Forward_Runs/Run_1804_20260905_081349_dense_pairwise_field_adaptation/best_by_field_mse_model.pt,4738,dense_pairwise_field,0633,full_forward,complete,157.4795739725232,169.2409054376185,157.45309448242188,52.6181640625,0.0,29.15869140625,108.0,8192,8192,32768,128
1804,/home/wanglz/Desktop/src/ModularDT/HONF_Proj/Trained_Results/ThermalChannel/HONF_Forward_Runs/Run_1804_20260905_081349_dense_pairwise_field_adaptation/best_by_field_mse_model.pt,4738,dense_pairwise_field,0633,preparation_plus_one_query,complete,40.92312790453434,41.946465242654085,40.900638580322266,28.66162109375,0.0,29.15869140625,108.0,8192,8192,32768,128
1804,/home/wanglz/Desktop/src/ModularDT/HONF_Proj/Trained_Results/ThermalChannel/HONF_Forward_Runs/Run_1804_20260905_081349_dense_pairwise_field_adaptation/best_by_field_mse_model.pt,4738,dense_pairwise_field,0633,prepared_p2_decode,complete,114.90843538194895,116.52415115386248,114.70028686523438,50.75,0.0,29.5869140625,108.0,8192,8192,32768,128
1804,/home/wanglz/Desktop/src/ModularDT/HONF_Proj/Trained_Results/ThermalChannel/HONF_Forward_Runs/Run_1804_20260905_081349_dense_pairwise_field_adaptation/best_by_field_mse_model.pt,4738,dense_pairwise_field,0634,application_evaluator,complete,159.478472545743,159.5252393744886,159.45599365234375,52.9228515625,0.0,29.15869140625,108.0,8192,8192,32768,128
1804,/home/wanglz/Desktop/src/ModularDT/HONF_Proj/Trained_Results/ThermalChannel/HONF_Forward_Runs/Run_1804_20260905_081349_dense_pairwise_field_adaptation/best_by_field_mse_model.pt,4738,dense_pairwise_field,0634,full_forward,complete,149.9007921665907,157.65250362455845,149.87571716308594,52.6181640625,0.0,29.15869140625,108.0,8192,8192,32768,128
1804,/home/wanglz/Desktop/src/ModularDT/HONF_Proj/Trained_Results/ThermalChannel/HONF_Forward_Runs/Run_1804_20260905_081349_dense_pairwise_field_adaptation/best_by_field_mse_model.pt,4738,dense_pairwise_field,0634,preparation_plus_one_query,complete,41.75649117678404,42.87612736225128,41.73001480102539,28.66162109375,0.0,29.15869140625,108.0,8192,8192,32768,128
1804,/home/wanglz/Desktop/src/ModularDT/HONF_Proj/Trained_Results/ThermalChannel/HONF_Forward_Runs/Run_1804_20260905_081349_dense_pairwise_field_adaptation/best_by_field_mse_model.pt,4738,dense_pairwise_field,0634,prepared_p2_decode,complete,113.18331863731146,113.69699770584702,113.15929412841797,50.75,0.0,29.5869140625,108.0,8192,8192,32768,128
1804,/home/wanglz/Desktop/src/ModularDT/HONF_Proj/Trained_Results/ThermalChannel/HONF_Forward_Runs/Run_1804_20260905_081349_dense_pairwise_field_adaptation/best_by_field_mse_model.pt,4738,dense_pairwise_field,0635,application_evaluator,complete,149.80161283165216,151.12239625304937,149.77976989746094,52.9228515625,0.0,29.15869140625,108.0,8192,8192,32768,128
1804,/home/wanglz/Desktop/src/ModularDT/HONF_Proj/Trained_Results/ThermalChannel/HONF_Forward_Runs/Run_1804_20260905_081349_dense_pairwise_field_adaptation/best_by_field_mse_model.pt,4738,dense_pairwise_field,0635,full_forward,complete,147.1299882978201,149.3292815051973,147.1068115234375,52.6181640625,0.0,29.15869140625,108.0,8192,8192,32768,128
1804,/home/wanglz/Desktop/src/ModularDT/HONF_Proj/Trained_Results/ThermalChannel/HONF_Forward_Runs/Run_1804_20260905_081349_dense_pairwise_field_adaptation/best_by_field_mse_model.pt,4738,dense_pairwise_field,0635,preparation_plus_one_query,complete,40.71220103651285,40.76952822506428,40.690528869628906,28.66162109375,0.0,29.15869140625,108.0,8192,8192,32768,128
1804,/home/wanglz/Desktop/src/ModularDT/HONF_Proj/Trained_Results/ThermalChannel/HONF_Forward_Runs/Run_1804_20260905_081349_dense_pairwise_field_adaptation/best_by_field_mse_model.pt,4738,dense_pairwise_field,0635,prepared_p2_decode,complete,114.02561981230974,118.9954656176269,114.00192260742188,50.75,0.0,29.5869140625,108.0,8192,8192,32768,128
1804,/home/wanglz/Desktop/src/ModularDT/HONF_Proj/Trained_Results/ThermalChannel/HONF_Forward_Runs/Run_1804_20260905_081349_dense_pairwise_field_adaptation/best_by_field_mse_model.pt,4738,dense_pairwise_field,0636,application_evaluator,complete,154.88784480839968,155.1020661368966,154.85769653320312,52.9228515625,0.0,29.15869140625,108.0,8192,8192,32768,128
1804,/home/wanglz/Desktop/src/ModularDT/HONF_Proj/Trained_Results/ThermalChannel/HONF_Forward_Runs/Run_1804_20260905_081349_dense_pairwise_field_adaptation/best_by_field_mse_model.pt,4738,dense_pairwise_field,0636,full_forward,complete,147.79935963451862,154.16516615077853,147.75704956054688,52.6181640625,0.0,29.15869140625,108.0,8192,8192,32768,128
1804,/home/wanglz/Desktop/src/ModularDT/HONF_Proj/Trained_Results/ThermalChannel/HONF_Forward_Runs/Run_1804_20260905_081349_dense_pairwise_field_adaptation/best_by_field_mse_model.pt,4738,dense_pairwise_field,0636,preparation_plus_one_query,complete,40.815009735524654,41.93037115037441,40.71628952026367,28.66162109375,0.0,29.15869140625,108.0,8192,8192,32768,128
1804,/home/wanglz/Desktop/src/ModularDT/HONF_Proj/Trained_Results/ThermalChannel/HONF_Forward_Runs/Run_1804_20260905_081349_dense_pairwise_field_adaptation/best_by_field_mse_model.pt,4738,dense_pairwise_field,0636,prepared_p2_decode,complete,108.16748533397913,116.93147085607052,108.14028930664062,50.75,0.0,29.5869140625,108.0,8192,8192,32768,128
1804,/home/wanglz/Desktop/src/ModularDT/HONF_Proj/Trained_Results/ThermalChannel/HONF_Forward_Runs/Run_1804_20260905_081349_dense_pairwise_field_adaptation/best_by_field_mse_model.pt,4738,dense_pairwise_field,0637,application_evaluator,complete,160.87085474282503,177.80141737312078,160.80816650390625,52.9228515625,0.0,29.15869140625,108.0,8192,8192,32768,128
1804,/home/wanglz/Desktop/src/ModularDT/HONF_Proj/Trained_Results/ThermalChannel/HONF_Forward_Runs/Run_1804_20260905_081349_dense_pairwise_field_adaptation/best_by_field_mse_model.pt,4738,dense_pairwise_field,0637,full_forward,complete,155.03311529755592,160.57924795895815,154.99497985839844,52.6181640625,0.0,29.15869140625,108.0,8192,8192,32768,128
1804,/home/wanglz/Desktop/src/ModularDT/HONF_Proj/Trained_Results/ThermalChannel/HONF_Forward_Runs/Run_1804_20260905_081349_dense_pairwise_field_adaptation/best_by_field_mse_model.pt,4738,dense_pairwise_field,0637,preparation_plus_one_query,complete,39.452516473829746,40.49973888322711,39.42502212524414,28.66162109375,0.0,29.15869140625,108.0,8192,8192,32768,128
1804,/home/wanglz/Desktop/src/ModularDT/HONF_Proj/Trained_Results/ThermalChannel/HONF_Forward_Runs/Run_1804_20260905_081349_dense_pairwise_field_adaptation/best_by_field_mse_model.pt,4738,dense_pairwise_field,0637,prepared_p2_decode,complete,119.46357972919941,119.86712981015444,119.43942260742188,50.75,0.0,29.5869140625,108.0,8192,8192,32768,128
1804,/home/wanglz/Desktop/src/ModularDT/HONF_Proj/Trained_Results/ThermalChannel/HONF_Forward_Runs/Run_1804_20260905_081349_dense_pairwise_field_adaptation/best_by_field_mse_model.pt,4738,dense_pairwise_field,0638,application_evaluator,complete,148.44637922942638,149.36185153201222,148.42355346679688,52.9228515625,0.0,29.15869140625,108.0,8192,8192,32768,128
1804,/home/wanglz/Desktop/src/ModularDT/HONF_Proj/Trained_Results/ThermalChannel/HONF_Forward_Runs/Run_1804_20260905_081349_dense_pairwise_field_adaptation/best_by_field_mse_model.pt,4738,dense_pairwise_field,0638,full_forward,complete,169.33272685855627,171.46639646962285,169.30307006835938,52.6181640625,0.0,29.15869140625,108.0,8192,8192,32768,128
1804,/home/wanglz/Desktop/src/ModularDT/HONF_Proj/Trained_Results/ThermalChannel/HONF_Forward_Runs/Run_1804_20260905_081349_dense_pairwise_field_adaptation/best_by_field_mse_model.pt,4738,dense_pairwise_field,0638,preparation_plus_one_query,complete,40.96223879605532,44.133575446903706,40.93030548095703,28.66162109375,0.0,29.15869140625,108.0,8192,8192,32768,128
1804,/home/wanglz/Desktop/src/ModularDT/HONF_Proj/Trained_Results/ThermalChannel/HONF_Forward_Runs/Run_1804_20260905_081349_dense_pairwise_field_adaptation/best_by_field_mse_model.pt,4738,dense_pairwise_field,0638,prepared_p2_decode,complete,127.6469174772501,129.10020537674427,127.62108612060547,50.75,0.0,29.5869140625,108.0,8192,8192,32768,128
1804,/home/wanglz/Desktop/src/ModularDT/HONF_Proj/Trained_Results/ThermalChannel/HONF_Forward_Runs/Run_1804_20260905_081349_dense_pairwise_field_adaptation/best_by_field_mse_model.pt,4738,dense_pairwise_field,0639,application_evaluator,complete,151.40184573829174,168.17601630464196,151.37718200683594,52.9228515625,0.0,29.15869140625,108.0,8192,8192,32768,128
1804,/home/wanglz/Desktop/src/ModularDT/HONF_Proj/Trained_Results/ThermalChannel/HONF_Forward_Runs/Run_1804_20260905_081349_dense_pairwise_field_adaptation/best_by_field_mse_model.pt,4738,dense_pairwise_field,0639,full_forward,complete,159.0222530066967,163.3217753842473,158.87564086914062,52.6181640625,0.0,29.15869140625,108.0,8192,8192,32768,128
1804,/home/wanglz/Desktop/src/ModularDT/HONF_Proj/Trained_Results/ThermalChannel/HONF_Forward_Runs/Run_1804_20260905_081349_dense_pairwise_field_adaptation/best_by_field_mse_model.pt,4738,dense_pairwise_field,0639,preparation_plus_one_query,complete,45.66852282732725,45.88953349739313,45.637630462646484,28.66162109375,0.0,29.15869140625,108.0,8192,8192,32768,128
1804,/home/wanglz/Desktop/src/ModularDT/HONF_Proj/Trained_Results/ThermalChannel/HONF_Forward_Runs/Run_1804_20260905_081349_dense_pairwise_field_adaptation/best_by_field_mse_model.pt,4738,dense_pairwise_field,0639,prepared_p2_decode,complete,122.30422161519527,122.87120539695024,122.26866912841797,50.75,0.0,29.5869140625,108.0,8192,8192,32768,128
1804,/home/wanglz/Desktop/src/ModularDT/HONF_Proj/Trained_Results/ThermalChannel/HONF_Forward_Runs/Run_1804_20260905_081349_dense_pairwise_field_adaptation/best_by_field_mse_model.pt,4738,dense_pairwise_field,0640,application_evaluator,complete,170.47870345413685,178.44036230817437,170.4542694091797,52.9228515625,0.0,29.15869140625,108.0,8192,8192,32768,128
1804,/home/wanglz/Desktop/src/ModularDT/HONF_Proj/Trained_Results/ThermalChannel/HONF_Forward_Runs/Run_1804_20260905_081349_dense_pairwise_field_adaptation/best_by_field_mse_model.pt,4738,dense_pairwise_field,0640,full_forward,complete,168.14399976283312,176.9768769852817,168.1029052734375,52.6181640625,0.0,29.15869140625,108.0,8192,8192,32768,128
1804,/home/wanglz/Desktop/src/ModularDT/HONF_Proj/Trained_Results/ThermalChannel/HONF_Forward_Runs/Run_1804_20260905_081349_dense_pairwise_field_adaptation/best_by_field_mse_model.pt,4738,dense_pairwise_field,0640,preparation_plus_one_query,complete,38.93288504332304,40.471661649644375,38.90790557861328,28.66162109375,0.0,29.15869140625,108.0,8192,8192,32768,128
1804,/home/wanglz/Desktop/src/ModularDT/HONF_Proj/Trained_Results/ThermalChannel/HONF_Forward_Runs/Run_1804_20260905_081349_dense_pairwise_field_adaptation/best_by_field_mse_model.pt,4738,dense_pairwise_field,0640,prepared_p2_decode,complete,112.45666723698378,126.96415912359953,112.42393493652344,50.75,0.0,29.5869140625,108.0,8192,8192,32768,128
1804,/home/wanglz/Desktop/src/ModularDT/HONF_Proj/Trained_Results/ThermalChannel/HONF_Forward_Runs/Run_1804_20260905_081349_dense_pairwise_field_adaptation/best_by_field_mse_model.pt,4738,dense_pairwise_field,0641,application_evaluator,complete,165.51260091364384,175.12341430410743,165.4874267578125,52.9228515625,0.0,29.15869140625,108.0,8192,8192,32768,128
1804,/home/wanglz/Desktop/src/ModularDT/HONF_Proj/Trained_Results/ThermalChannel/HONF_Forward_Runs/Run_1804_20260905_081349_dense_pairwise_field_adaptation/best_by_field_mse_model.pt,4738,dense_pairwise_field,0641,full_forward,complete,168.85443776845932,172.83665062859654,168.82981872558594,52.6181640625,0.0,29.15869140625,108.0,8192,8192,32768,128
1804,/home/wanglz/Desktop/src/ModularDT/HONF_Proj/Trained_Results/ThermalChannel/HONF_Forward_Runs/Run_1804_20260905_081349_dense_pairwise_field_adaptation/best_by_field_mse_model.pt,4738,dense_pairwise_field,0641,preparation_plus_one_query,complete,38.33894245326519,38.94514851272106,38.30803298950195,28.66162109375,0.0,29.15869140625,108.0,8192,8192,32768,128
1804,/home/wanglz/Desktop/src/ModularDT/HONF_Proj/Trained_Results/ThermalChannel/HONF_Forward_Runs/Run_1804_20260905_081349_dense_pairwise_field_adaptation/best_by_field_mse_model.pt,4738,dense_pairwise_field,0641,prepared_p2_decode,complete,118.17595176398754,119.18923165649176,118.13581085205078,50.75,0.0,29.5869140625,108.0,8192,8192,32768,128
1804,/home/wanglz/Desktop/src/ModularDT/HONF_Proj/Trained_Results/ThermalChannel/HONF_Forward_Runs/Run_1804_20260905_081349_dense_pairwise_field_adaptation/best_by_field_mse_model.pt,4738,dense_pairwise_field,0642,application_evaluator,complete,156.03633038699627,161.8819191120565,155.99349975585938,52.9228515625,0.0,29.15869140625,108.0,8192,8192,32768,128
1804,/home/wanglz/Desktop/src/ModularDT/HONF_Proj/Trained_Results/ThermalChannel/HONF_Forward_Runs/Run_1804_20260905_081349_dense_pairwise_field_adaptation/best_by_field_mse_model.pt,4738,dense_pairwise_field,0642,full_forward,complete,154.26651388406754,157.794133387506,154.24205017089844,52.6181640625,0.0,29.15869140625,108.0,8192,8192,32768,128
1804,/home/wanglz/Desktop/src/ModularDT/HONF_Proj/Trained_Results/ThermalChannel/HONF_Forward_Runs/Run_1804_20260905_081349_dense_pairwise_field_adaptation/best_by_field_mse_model.pt,4738,dense_pairwise_field,0642,preparation_plus_one_query,complete,46.59044649451971,49.21114407479763,46.56435012817383,28.66162109375,0.0,29.15869140625,108.0,8192,8192,32768,128
1804,/home/wanglz/Desktop/src/ModularDT/HONF_Proj/Trained_Results/ThermalChannel/HONF_Forward_Runs/Run_1804_20260905_081349_dense_pairwise_field_adaptation/best_by_field_mse_model.pt,4738,dense_pairwise_field,0642,prepared_p2_decode,complete,112.18483652919531,118.43322347849607,112.16178894042969,50.75,0.0,29.5869140625,108.0,8192,8192,32768,128
1804,/home/wanglz/Desktop/src/ModularDT/HONF_Proj/Trained_Results/ThermalChannel/HONF_Forward_Runs/Run_1804_20260905_081349_dense_pairwise_field_adaptation/best_by_field_mse_model.pt,4738,dense_pairwise_field,0643,application_evaluator,complete,154.77608516812325,155.49568915739655,154.7321014404297,52.9228515625,0.0,29.15869140625,108.0,8192,8192,32768,128
1804,/home/wanglz/Desktop/src/ModularDT/HONF_Proj/Trained_Results/ThermalChannel/HONF_Forward_Runs/Run_1804_20260905_081349_dense_pairwise_field_adaptation/best_by_field_mse_model.pt,4738,dense_pairwise_field,0643,full_forward,complete,156.7191118374467,160.8592238277197,156.69349670410156,52.6181640625,0.0,29.15869140625,108.0,8192,8192,32768,128
1804,/home/wanglz/Desktop/src/ModularDT/HONF_Proj/Trained_Results/ThermalChannel/HONF_Forward_Runs/Run_1804_20260905_081349_dense_pairwise_field_adaptation/best_by_field_mse_model.pt,4738,dense_pairwise_field,0643,preparation_plus_one_query,complete,40.441207587718964,43.129037506878376,40.41622543334961,28.66162109375,0.0,29.15869140625,108.0,8192,8192,32768,128
1804,/home/wanglz/Desktop/src/ModularDT/HONF_Proj/Trained_Results/ThermalChannel/HONF_Forward_Runs/Run_1804_20260905_081349_dense_pairwise_field_adaptation/best_by_field_mse_model.pt,4738,dense_pairwise_field,0643,prepared_p2_decode,complete,112.85644397139549,115.61568100005388,112.81922912597656,50.75,0.0,29.5869140625,108.0,8192,8192,32768,128
1804,/home/wanglz/Desktop/src/ModularDT/HONF_Proj/Trained_Results/ThermalChannel/HONF_Forward_Runs/Run_1804_20260905_081349_dense_pairwise_field_adaptation/best_by_field_mse_model.pt,4738,dense_pairwise_field,0644,application_evaluator,complete,158.7861767038703,162.4053182080388,158.7572479248047,52.9228515625,0.0,29.15869140625,108.0,8192,8192,32768,128
1804,/home/wanglz/Desktop/src/ModularDT/HONF_Proj/Trained_Results/ThermalChannel/HONF_Forward_Runs/Run_1804_20260905_081349_dense_pairwise_field_adaptation/best_by_field_mse_model.pt,4738,dense_pairwise_field,0644,full_forward,complete,155.56167531758547,176.73845561221242,155.5385284423828,52.6181640625,0.0,29.15869140625,108.0,8192,8192,32768,128
1804,/home/wanglz/Desktop/src/ModularDT/HONF_Proj/Trained_Results/ThermalChannel/HONF_Forward_Runs/Run_1804_20260905_081349_dense_pairwise_field_adaptation/best_by_field_mse_model.pt,4738,dense_pairwise_field,0644,preparation_plus_one_query,complete,41.43604822456837,44.46809105575085,41.404415130615234,28.66162109375,0.0,29.15869140625,108.0,8192,8192,32768,128
1804,/home/wanglz/Desktop/src/ModularDT/HONF_Proj/Trained_Results/ThermalChannel/HONF_Forward_Runs/Run_1804_20260905_081349_dense_pairwise_field_adaptation/best_by_field_mse_model.pt,4738,dense_pairwise_field,0644,prepared_p2_decode,complete,116.74277484416962,122.64493806287646,116.71756744384766,50.75,0.0,29.5869140625,108.0,8192,8192,32768,128
1804,/home/wanglz/Desktop/src/ModularDT/HONF_Proj/Trained_Results/ThermalChannel/HONF_Forward_Runs/Run_1804_20260905_081349_dense_pairwise_field_adaptation/best_by_field_mse_model.pt,4738,dense_pairwise_field,0645,application_evaluator,complete,156.0164885595441,159.84205789864063,155.99180603027344,52.9228515625,0.0,29.15869140625,108.0,8192,8192,32768,128
1804,/home/wanglz/Desktop/src/ModularDT/HONF_Proj/Trained_Results/ThermalChannel/HONF_Forward_Runs/Run_1804_20260905_081349_dense_pairwise_field_adaptation/best_by_field_mse_model.pt,4738,dense_pairwise_field,0645,full_forward,complete,162.66412567347288,172.59225025773048,162.6365509033203,52.6181640625,0.0,29.15869140625,108.0,8192,8192,32768,128
1804,/home/wanglz/Desktop/src/ModularDT/HONF_Proj/Trained_Results/ThermalChannel/HONF_Forward_Runs/Run_1804_20260905_081349_dense_pairwise_field_adaptation/best_by_field_mse_model.pt,4738,dense_pairwise_field,0645,preparation_plus_one_query,complete,41.07845388352871,42.19381446018815,41.057247161865234,28.66162109375,0.0,29.15869140625,108.0,8192,8192,32768,128
1804,/home/wanglz/Desktop/src/ModularDT/HONF_Proj/Trained_Results/ThermalChannel/HONF_Forward_Runs/Run_1804_20260905_081349_dense_pairwise_field_adaptation/best_by_field_mse_model.pt,4738,dense_pairwise_field,0645,prepared_p2_decode,complete,115.49091152846813,127.08227224647999,115.46851348876953,50.75,0.0,29.5869140625,108.0,8192,8192,32768,128
1804,/home/wanglz/Desktop/src/ModularDT/HONF_Proj/Trained_Results/ThermalChannel/HONF_Forward_Runs/Run_1804_20260905_081349_dense_pairwise_field_adaptation/best_by_field_mse_model.pt,4738,dense_pairwise_field,0646,application_evaluator,complete,157.12866373360157,157.29888593778014,157.1017608642578,52.9228515625,0.0,29.15869140625,108.0,8192,8192,32768,128
1804,/home/wanglz/Desktop/src/ModularDT/HONF_Proj/Trained_Results/ThermalChannel/HONF_Forward_Runs/Run_1804_20260905_081349_dense_pairwise_field_adaptation/best_by_field_mse_model.pt,4738,dense_pairwise_field,0646,full_forward,complete,158.20899419486523,159.07568633556366,158.18240356445312,52.6181640625,0.0,29.15869140625,108.0,8192,8192,32768,128
1804,/home/wanglz/Desktop/src/ModularDT/HONF_Proj/Trained_Results/ThermalChannel/HONF_Forward_Runs/Run_1804_20260905_081349_dense_pairwise_field_adaptation/best_by_field_mse_model.pt,4738,dense_pairwise_field,0646,preparation_plus_one_query,complete,38.41408994048834,39.78591412305832,38.39254379272461,28.66162109375,0.0,29.15869140625,108.0,8192,8192,32768,128
1804,/home/wanglz/Desktop/src/ModularDT/HONF_Proj/Trained_Results/ThermalChannel/HONF_Forward_Runs/Run_1804_20260905_081349_dense_pairwise_field_adaptation/best_by_field_mse_model.pt,4738,dense_pairwise_field,0646,prepared_p2_decode,complete,112.0057562366128,112.45330879464746,111.97113800048828,50.75,0.0,29.5869140625,108.0,8192,8192,32768,128
1804,/home/wanglz/Desktop/src/ModularDT/HONF_Proj/Trained_Results/ThermalChannel/HONF_Forward_Runs/Run_1804_20260905_081349_dense_pairwise_field_adaptation/best_by_field_mse_model.pt,4738,dense_pairwise_field,0647,application_evaluator,complete,156.73503000289202,165.83668971434236,156.70877075195312,52.9228515625,0.0,29.15869140625,108.0,8192,8192,32768,128
1804,/home/wanglz/Desktop/src/ModularDT/HONF_Proj/Trained_Results/ThermalChannel/HONF_Forward_Runs/Run_1804_20260905_081349_dense_pairwise_field_adaptation/best_by_field_mse_model.pt,4738,dense_pairwise_field,0647,full_forward,complete,167.82522574067116,176.5009573660791,167.7854766845703,52.6181640625,0.0,29.15869140625,108.0,8192,8192,32768,128
1804,/home/wanglz/Desktop/src/ModularDT/HONF_Proj/Trained_Results/ThermalChannel/HONF_Forward_Runs/Run_1804_20260905_081349_dense_pairwise_field_adaptation/best_by_field_mse_model.pt,4738,dense_pairwise_field,0647,preparation_plus_one_query,complete,39.681876078248024,40.69716678932309,39.61043167114258,28.66162109375,0.0,29.15869140625,108.0,8192,8192,32768,128
1804,/home/wanglz/Desktop/src/ModularDT/HONF_Proj/Trained_Results/ThermalChannel/HONF_Forward_Runs/Run_1804_20260905_081349_dense_pairwise_field_adaptation/best_by_field_mse_model.pt,4738,dense_pairwise_field,0647,prepared_p2_decode,complete,122.40981496870518,130.51202492788434,122.38435363769531,50.75,0.0,29.5869140625,108.0,8192,8192,32768,128
1804,/home/wanglz/Desktop/src/ModularDT/HONF_Proj/Trained_Results/ThermalChannel/HONF_Forward_Runs/Run_1804_20260905_081349_dense_pairwise_field_adaptation/best_by_field_mse_model.pt,4738,dense_pairwise_field,0648,application_evaluator,complete,163.55559509247541,176.33221559226513,163.53369140625,52.9228515625,0.0,29.15869140625,108.0,8192,8192,32768,128
1804,/home/wanglz/Desktop/src/ModularDT/HONF_Proj/Trained_Results/ThermalChannel/HONF_Forward_Runs/Run_1804_20260905_081349_dense_pairwise_field_adaptation/best_by_field_mse_model.pt,4738,dense_pairwise_field,0648,full_forward,complete,169.1212272271514,170.0052690692246,169.0963134765625,52.6181640625,0.0,29.15869140625,108.0,8192,8192,32768,128
1804,/home/wanglz/Desktop/src/ModularDT/HONF_Proj/Trained_Results/ThermalChannel/HONF_Forward_Runs/Run_1804_20260905_081349_dense_pairwise_field_adaptation/best_by_field_mse_model.pt,4738,dense_pairwise_field,0648,preparation_plus_one_query,complete,42.48257167637348,42.5162635743618,42.45820617675781,28.740234375,0.0,29.15869140625,108.0,8192,8192,32768,128
1804,/home/wanglz/Desktop/src/ModularDT/HONF_Proj/Trained_Results/ThermalChannel/HONF_Forward_Runs/Run_1804_20260905_081349_dense_pairwise_field_adaptation/best_by_field_mse_model.pt,4738,dense_pairwise_field,0648,prepared_p2_decode,complete,116.02758057415485,119.40685380250216,115.98310089111328,50.75,0.0,29.5869140625,108.0,8192,8192,32768,128
1804,/home/wanglz/Desktop/src/ModularDT/HONF_Proj/Trained_Results/ThermalChannel/HONF_Forward_Runs/Run_1804_20260905_081349_dense_pairwise_field_adaptation/best_by_field_mse_model.pt,4738,dense_pairwise_field,0649,application_evaluator,complete,160.59258300811052,162.2922762297094,160.56454467773438,52.9228515625,0.0,29.15869140625,108.0,8192,8192,32768,128
1804,/home/wanglz/Desktop/src/ModularDT/HONF_Proj/Trained_Results/ThermalChannel/HONF_Forward_Runs/Run_1804_20260905_081349_dense_pairwise_field_adaptation/best_by_field_mse_model.pt,4738,dense_pairwise_field,0649,full_forward,complete,149.5683193206787,154.74333399906754,149.5457305908203,52.6181640625,0.0,29.15869140625,108.0,8192,8192,32768,128
1804,/home/wanglz/Desktop/src/ModularDT/HONF_Proj/Trained_Results/ThermalChannel/HONF_Forward_Runs/Run_1804_20260905_081349_dense_pairwise_field_adaptation/best_by_field_mse_model.pt,4738,dense_pairwise_field,0649,preparation_plus_one_query,complete,42.70243737846613,47.185755614191294,42.673343658447266,28.740234375,0.0,29.15869140625,108.0,8192,8192,32768,128
1804,/home/wanglz/Desktop/src/ModularDT/HONF_Proj/Trained_Results/ThermalChannel/HONF_Forward_Runs/Run_1804_20260905_081349_dense_pairwise_field_adaptation/best_by_field_mse_model.pt,4738,dense_pairwise_field,0649,prepared_p2_decode,complete,118.7338475137949,121.68140914291143,118.7041244506836,50.75,0.0,29.5869140625,108.0,8192,8192,32768,128
1804,/home/wanglz/Desktop/src/ModularDT/HONF_Proj/Trained_Results/ThermalChannel/HONF_Forward_Runs/Run_1804_20260905_081349_dense_pairwise_field_adaptation/best_by_field_mse_model.pt,4738,dense_pairwise_field,0650,application_evaluator,complete,162.1470032259822,167.03085657209158,162.11978149414062,52.9228515625,0.0,29.15869140625,108.0,8192,8192,32768,128
1804,/home/wanglz/Desktop/src/ModularDT/HONF_Proj/Trained_Results/ThermalChannel/HONF_Forward_Runs/Run_1804_20260905_081349_dense_pairwise_field_adaptation/best_by_field_mse_model.pt,4738,dense_pairwise_field,0650,full_forward,complete,161.82963736355305,162.11677454411983,161.80435180664062,52.6181640625,0.0,29.15869140625,108.0,8192,8192,32768,128
1804,/home/wanglz/Desktop/src/ModularDT/HONF_Proj/Trained_Results/ThermalChannel/HONF_Forward_Runs/Run_1804_20260905_081349_dense_pairwise_field_adaptation/best_by_field_mse_model.pt,4738,dense_pairwise_field,0650,preparation_plus_one_query,complete,42.21046343445778,44.24355858936906,42.18873596191406,28.740234375,0.0,29.15869140625,108.0,8192,8192,32768,128
1804,/home/wanglz/Desktop/src/ModularDT/HONF_Proj/Trained_Results/ThermalChannel/HONF_Forward_Runs/Run_1804_20260905_081349_dense_pairwise_field_adaptation/best_by_field_mse_model.pt,4738,dense_pairwise_field,0650,prepared_p2_decode,complete,121.53733614832163,130.98270585760474,121.51497650146484,50.75,0.0,29.5869140625,108.0,8192,8192,32768,128
1804,/home/wanglz/Desktop/src/ModularDT/HONF_Proj/Trained_Results/ThermalChannel/HONF_Forward_Runs/Run_1804_20260905_081349_dense_pairwise_field_adaptation/best_by_field_mse_model.pt,4738,dense_pairwise_field,0651,application_evaluator,complete,151.98208298534155,155.9942158870399,151.9586944580078,52.9228515625,0.0,29.15869140625,108.0,8192,8192,32768,128
1804,/home/wanglz/Desktop/src/ModularDT/HONF_Proj/Trained_Results/ThermalChannel/HONF_Forward_Runs/Run_1804_20260905_081349_dense_pairwise_field_adaptation/best_by_field_mse_model.pt,4738,dense_pairwise_field,0651,full_forward,complete,157.58179780095816,157.6936861500144,157.55191040039062,52.6181640625,0.0,29.15869140625,108.0,8192,8192,32768,128
1804,/home/wanglz/Desktop/src/ModularDT/HONF_Proj/Trained_Results/ThermalChannel/HONF_Forward_Runs/Run_1804_20260905_081349_dense_pairwise_field_adaptation/best_by_field_mse_model.pt,4738,dense_pairwise_field,0651,preparation_plus_one_query,complete,42.387304827570915,43.961532693356276,42.363040924072266,28.740234375,0.0,29.15869140625,108.0,8192,8192,32768,128
1804,/home/wanglz/Desktop/src/ModularDT/HONF_Proj/Trained_Results/ThermalChannel/HONF_Forward_Runs/Run_1804_20260905_081349_dense_pairwise_field_adaptation/best_by_field_mse_model.pt,4738,dense_pairwise_field,0651,prepared_p2_decode,complete,112.92236670851707,118.26433381065726,112.901123046875,50.75,0.0,29.5869140625,108.0,8192,8192,32768,128
1804,/home/wanglz/Desktop/src/ModularDT/HONF_Proj/Trained_Results/ThermalChannel/HONF_Forward_Runs/Run_1804_20260905_081349_dense_pairwise_field_adaptation/best_by_field_mse_model.pt,4738,dense_pairwise_field,0652,application_evaluator,complete,157.85027295351028,160.13706484809518,157.8236083984375,52.9228515625,0.0,29.15869140625,108.0,8192,8192,32768,128
1804,/home/wanglz/Desktop/src/ModularDT/HONF_Proj/Trained_Results/ThermalChannel/HONF_Forward_Runs/Run_1804_20260905_081349_dense_pairwise_field_adaptation/best_by_field_mse_model.pt,4738,dense_pairwise_field,0652,full_forward,complete,153.00039015710354,157.2342872619629,152.9732208251953,52.6181640625,0.0,29.15869140625,108.0,8192,8192,32768,128
1804,/home/wanglz/Desktop/src/ModularDT/HONF_Proj/Trained_Results/ThermalChannel/HONF_Forward_Runs/Run_1804_20260905_081349_dense_pairwise_field_adaptation/best_by_field_mse_model.pt,4738,dense_pairwise_field,0652,preparation_plus_one_query,complete,42.23616421222687,42.450637836009264,42.19801712036133,28.740234375,0.0,29.15869140625,108.0,8192,8192,32768,128
1804,/home/wanglz/Desktop/src/ModularDT/HONF_Proj/Trained_Results/ThermalChannel/HONF_Forward_Runs/Run_1804_20260905_081349_dense_pairwise_field_adaptation/best_by_field_mse_model.pt,4738,dense_pairwise_field,0652,prepared_p2_decode,complete,117.53562185913324,117.93942423537374,117.49603271484375,50.75,0.0,29.5869140625,108.0,8192,8192,32768,128
1804,/home/wanglz/Desktop/src/ModularDT/HONF_Proj/Trained_Results/ThermalChannel/HONF_Forward_Runs/Run_1804_20260905_081349_dense_pairwise_field_adaptation/best_by_field_mse_model.pt,4738,dense_pairwise_field,0653,application_evaluator,complete,155.20071517676115,158.74895248562098,155.17686462402344,52.9228515625,0.0,29.15869140625,108.0,8192,8192,32768,128
1804,/home/wanglz/Desktop/src/ModularDT/HONF_Proj/Trained_Results/ThermalChannel/HONF_Forward_Runs/Run_1804_20260905_081349_dense_pairwise_field_adaptation/best_by_field_mse_model.pt,4738,dense_pairwise_field,0653,full_forward,complete,142.98409596085548,150.34331725910306,142.95858764648438,52.6181640625,0.0,29.15869140625,108.0,8192,8192,32768,128
1804,/home/wanglz/Desktop/src/ModularDT/HONF_Proj/Trained_Results/ThermalChannel/HONF_Forward_Runs/Run_1804_20260905_081349_dense_pairwise_field_adaptation/best_by_field_mse_model.pt,4738,dense_pairwise_field,0653,preparation_plus_one_query,complete,41.15416016429663,42.08723194897175,41.127967834472656,28.740234375,0.0,29.15869140625,108.0,8192,8192,32768,128
1804,/home/wanglz/Desktop/src/ModularDT/HONF_Proj/Trained_Results/ThermalChannel/HONF_Forward_Runs/Run_1804_20260905_081349_dense_pairwise_field_adaptation/best_by_field_mse_model.pt,4738,dense_pairwise_field,0653,prepared_p2_decode,complete,110.13647634536028,111.02353567257524,110.1137924194336,50.75,0.0,29.5869140625,108.0,8192,8192,32768,128
1804,/home/wanglz/Desktop/src/ModularDT/HONF_Proj/Trained_Results/ThermalChannel/HONF_Forward_Runs/Run_1804_20260905_081349_dense_pairwise_field_adaptation/best_by_field_mse_model.pt,4738,dense_pairwise_field,0654,application_evaluator,complete,158.70067477226257,166.10565790906549,158.6730194091797,52.9228515625,0.0,29.15869140625,108.0,8192,8192,32768,128
1804,/home/wanglz/Desktop/src/ModularDT/HONF_Proj/Trained_Results/ThermalChannel/HONF_Forward_Runs/Run_1804_20260905_081349_dense_pairwise_field_adaptation/best_by_field_mse_model.pt,4738,dense_pairwise_field,0654,full_forward,complete,164.53087143599987,165.5954427085817,164.50457763671875,52.6181640625,0.0,29.15869140625,108.0,8192,8192,32768,128
1804,/home/wanglz/Desktop/src/ModularDT/HONF_Proj/Trained_Results/ThermalChannel/HONF_Forward_Runs/Run_1804_20260905_081349_dense_pairwise_field_adaptation/best_by_field_mse_model.pt,4738,dense_pairwise_field,0654,preparation_plus_one_query,complete,41.44414700567722,41.48538261651993,41.42182540893555,28.740234375,0.0,29.15869140625,108.0,8192,8192,32768,128
1804,/home/wanglz/Desktop/src/ModularDT/HONF_Proj/Trained_Results/ThermalChannel/HONF_Forward_Runs/Run_1804_20260905_081349_dense_pairwise_field_adaptation/best_by_field_mse_model.pt,4738,dense_pairwise_field,0654,prepared_p2_decode,complete,122.09048587828875,125.20751366391778,122.05158233642578,50.75,0.0,29.5869140625,108.0,8192,8192,32768,128
1804,/home/wanglz/Desktop/src/ModularDT/HONF_Proj/Trained_Results/ThermalChannel/HONF_Forward_Runs/Run_1804_20260905_081349_dense_pairwise_field_adaptation/best_by_field_mse_model.pt,4738,dense_pairwise_field,0655,application_evaluator,complete,154.5916823670268,159.66637656092644,154.56886291503906,52.9228515625,0.0,29.15869140625,108.0,8192,8192,32768,128
1804,/home/wanglz/Desktop/src/ModularDT/HONF_Proj/Trained_Results/ThermalChannel/HONF_Forward_Runs/Run_1804_20260905_081349_dense_pairwise_field_adaptation/best_by_field_mse_model.pt,4738,dense_pairwise_field,0655,full_forward,complete,148.56145810335875,150.9503323584795,148.53829956054688,52.6181640625,0.0,29.15869140625,108.0,8192,8192,32768,128
1804,/home/wanglz/Desktop/src/ModularDT/HONF_Proj/Trained_Results/ThermalChannel/HONF_Forward_Runs/Run_1804_20260905_081349_dense_pairwise_field_adaptation/best_by_field_mse_model.pt,4738,dense_pairwise_field,0655,preparation_plus_one_query,complete,42.70159639418125,45.323046669363976,42.67417526245117,28.740234375,0.0,29.15869140625,108.0,8192,8192,32768,128
1804,/home/wanglz/Desktop/src/ModularDT/HONF_Proj/Trained_Results/ThermalChannel/HONF_Forward_Runs/Run_1804_20260905_081349_dense_pairwise_field_adaptation/best_by_field_mse_model.pt,4738,dense_pairwise_field,0655,prepared_p2_decode,complete,111.76325287669897,114.85941056162119,111.73270416259766,50.75,0.0,29.5869140625,108.0,8192,8192,32768,128
1804,/home/wanglz/Desktop/src/ModularDT/HONF_Proj/Trained_Results/ThermalChannel/HONF_Forward_Runs/Run_1804_20260905_081349_dense_pairwise_field_adaptation/best_by_field_mse_model.pt,4738,dense_pairwise_field,0656,application_evaluator,complete,155.28061147779226,158.1316202878952,155.2554168701172,52.9228515625,0.0,29.15869140625,108.0,8192,8192,32768,128
1804,/home/wanglz/Desktop/src/ModularDT/HONF_Proj/Trained_Results/ThermalChannel/HONF_Forward_Runs/Run_1804_20260905_081349_dense_pairwise_field_adaptation/best_by_field_mse_model.pt,4738,dense_pairwise_field,0656,full_forward,complete,160.0151127204299,160.60221223160625,159.9897003173828,52.6181640625,0.0,29.15869140625,108.0,8192,8192,32768,128
1804,/home/wanglz/Desktop/src/ModularDT/HONF_Proj/Trained_Results/ThermalChannel/HONF_Forward_Runs/Run_1804_20260905_081349_dense_pairwise_field_adaptation/best_by_field_mse_model.pt,4738,dense_pairwise_field,0656,preparation_plus_one_query,complete,40.63955694437027,44.18100491166115,40.615840911865234,28.740234375,0.0,29.15869140625,108.0,8192,8192,32768,128
1804,/home/wanglz/Desktop/src/ModularDT/HONF_Proj/Trained_Results/ThermalChannel/HONF_Forward_Runs/Run_1804_20260905_081349_dense_pairwise_field_adaptation/best_by_field_mse_model.pt,4738,dense_pairwise_field,0656,prepared_p2_decode,complete,116.43545422703028,119.97011452913284,116.41343688964844,50.75,0.0,29.5869140625,108.0,8192,8192,32768,128
1804,/home/wanglz/Desktop/src/ModularDT/HONF_Proj/Trained_Results/ThermalChannel/HONF_Forward_Runs/Run_1804_20260905_081349_dense_pairwise_field_adaptation/best_by_field_mse_model.pt,4738,dense_pairwise_field,0657,application_evaluator,complete,158.01844652742147,162.034853361547,157.98255920410156,52.9228515625,0.0,29.15869140625,108.0,8192,8192,32768,128
1804,/home/wanglz/Desktop/src/ModularDT/HONF_Proj/Trained_Results/ThermalChannel/HONF_Forward_Runs/Run_1804_20260905_081349_dense_pairwise_field_adaptation/best_by_field_mse_model.pt,4738,dense_pairwise_field,0657,full_forward,complete,168.62253658473492,168.71305275708437,168.59852600097656,52.6181640625,0.0,29.15869140625,108.0,8192,8192,32768,128
1804,/home/wanglz/Desktop/src/ModularDT/HONF_Proj/Trained_Results/ThermalChannel/HONF_Forward_Runs/Run_1804_20260905_081349_dense_pairwise_field_adaptation/best_by_field_mse_model.pt,4738,dense_pairwise_field,0657,preparation_plus_one_query,complete,41.439116932451725,41.85725152492523,41.40675354003906,28.740234375,0.0,29.15869140625,108.0,8192,8192,32768,128
1804,/home/wanglz/Desktop/src/ModularDT/HONF_Proj/Trained_Results/ThermalChannel/HONF_Forward_Runs/Run_1804_20260905_081349_dense_pairwise_field_adaptation/best_by_field_mse_model.pt,4738,dense_pairwise_field,0657,prepared_p2_decode,complete,121.39289453625679,122.94046962633729,121.37171173095703,50.75,0.0,29.5869140625,108.0,8192,8192,32768,128
1804,/home/wanglz/Desktop/src/ModularDT/HONF_Proj/Trained_Results/ThermalChannel/HONF_Forward_Runs/Run_1804_20260905_081349_dense_pairwise_field_adaptation/best_by_field_mse_model.pt,4738,dense_pairwise_field,0658,application_evaluator,complete,161.19293961673975,162.62259222567081,161.1688690185547,52.9228515625,0.0,29.15869140625,108.0,8192,8192,32768,128
1804,/home/wanglz/Desktop/src/ModularDT/HONF_Proj/Trained_Results/ThermalChannel/HONF_Forward_Runs/Run_1804_20260905_081349_dense_pairwise_field_adaptation/best_by_field_mse_model.pt,4738,dense_pairwise_field,0658,full_forward,complete,155.09818028658628,164.20461684465408,155.0735321044922,52.6181640625,0.0,29.15869140625,108.0,8192,8192,32768,128
1804,/home/wanglz/Desktop/src/ModularDT/HONF_Proj/Trained_Results/ThermalChannel/HONF_Forward_Runs/Run_1804_20260905_081349_dense_pairwise_field_adaptation/best_by_field_mse_model.pt,4738,dense_pairwise_field,0658,preparation_plus_one_query,complete,40.09757749736309,42.702935356646776,40.067806243896484,28.740234375,0.0,29.15869140625,108.0,8192,8192,32768,128
1804,/home/wanglz/Desktop/src/ModularDT/HONF_Proj/Trained_Results/ThermalChannel/HONF_Forward_Runs/Run_1804_20260905_081349_dense_pairwise_field_adaptation/best_by_field_mse_model.pt,4738,dense_pairwise_field,0658,prepared_p2_decode,complete,120.2882593497634,123.95693203434348,120.26284790039062,50.75,0.0,29.5869140625,108.0,8192,8192,32768,128
1804,/home/wanglz/Desktop/src/ModularDT/HONF_Proj/Trained_Results/ThermalChannel/HONF_Forward_Runs/Run_1804_20260905_081349_dense_pairwise_field_adaptation/best_by_field_mse_model.pt,4738,dense_pairwise_field,0659,application_evaluator,complete,154.5117786154151,159.79189230129123,154.47576904296875,52.9228515625,0.0,29.15869140625,108.0,8192,8192,32768,128
1804,/home/wanglz/Desktop/src/ModularDT/HONF_Proj/Trained_Results/ThermalChannel/HONF_Forward_Runs/Run_1804_20260905_081349_dense_pairwise_field_adaptation/best_by_field_mse_model.pt,4738,dense_pairwise_field,0659,full_forward,complete,156.11536987125874,157.2986171580851,156.09036254882812,52.6181640625,0.0,29.15869140625,108.0,8192,8192,32768,128
1804,/home/wanglz/Desktop/src/ModularDT/HONF_Proj/Trained_Results/ThermalChannel/HONF_Forward_Runs/Run_1804_20260905_081349_dense_pairwise_field_adaptation/best_by_field_mse_model.pt,4738,dense_pairwise_field,0659,preparation_plus_one_query,complete,41.184889152646065,41.8144790455699,41.16080093383789,28.740234375,0.0,29.15869140625,108.0,8192,8192,32768,128
1804,/home/wanglz/Desktop/src/ModularDT/HONF_Proj/Trained_Results/ThermalChannel/HONF_Forward_Runs/Run_1804_20260905_081349_dense_pairwise_field_adaptation/best_by_field_mse_model.pt,4738,dense_pairwise_field,0659,prepared_p2_decode,complete,113.2651474326849,114.21908847987652,113.2352294921875,50.75,0.0,29.5869140625,108.0,8192,8192,32768,128
1804,/home/wanglz/Desktop/src/ModularDT/HONF_Proj/Trained_Results/ThermalChannel/HONF_Forward_Runs/Run_1804_20260905_081349_dense_pairwise_field_adaptation/best_by_field_mse_model.pt,4738,dense_pairwise_field,0660,application_evaluator,complete,163.22284750640392,167.326501570642,163.19100952148438,52.9228515625,0.0,29.15869140625,108.0,8192,8192,32768,128
1804,/home/wanglz/Desktop/src/ModularDT/HONF_Proj/Trained_Results/ThermalChannel/HONF_Forward_Runs/Run_1804_20260905_081349_dense_pairwise_field_adaptation/best_by_field_mse_model.pt,4738,dense_pairwise_field,0660,full_forward,complete,163.32202311605215,164.69032857567072,163.29933166503906,52.6181640625,0.0,29.15869140625,108.0,8192,8192,32768,128
1804,/home/wanglz/Desktop/src/ModularDT/HONF_Proj/Trained_Results/ThermalChannel/HONF_Forward_Runs/Run_1804_20260905_081349_dense_pairwise_field_adaptation/best_by_field_mse_model.pt,4738,dense_pairwise_field,0660,preparation_plus_one_query,complete,40.75828939676285,41.66998816654086,40.73759841918945,28.740234375,0.0,29.15869140625,108.0,8192,8192,32768,128
1804,/home/wanglz/Desktop/src/ModularDT/HONF_Proj/Trained_Results/ThermalChannel/HONF_Forward_Runs/Run_1804_20260905_081349_dense_pairwise_field_adaptation/best_by_field_mse_model.pt,4738,dense_pairwise_field,0660,prepared_p2_decode,complete,125.77063590288162,126.16764977574348,125.74822235107422,50.75,0.0,29.5869140625,108.0,8192,8192,32768,128
1804,/home/wanglz/Desktop/src/ModularDT/HONF_Proj/Trained_Results/ThermalChannel/HONF_Forward_Runs/Run_1804_20260905_081349_dense_pairwise_field_adaptation/best_by_field_mse_model.pt,4738,dense_pairwise_field,0661,application_evaluator,complete,147.55320083349943,150.1831998117268,147.5311737060547,52.9228515625,0.0,29.15869140625,108.0,8192,8192,32768,128
1804,/home/wanglz/Desktop/src/ModularDT/HONF_Proj/Trained_Results/ThermalChannel/HONF_Forward_Runs/Run_1804_20260905_081349_dense_pairwise_field_adaptation/best_by_field_mse_model.pt,4738,dense_pairwise_field,0661,full_forward,complete,147.870565764606,153.00333900377154,147.84320068359375,52.6181640625,0.0,29.15869140625,108.0,8192,8192,32768,128
1804,/home/wanglz/Desktop/src/ModularDT/HONF_Proj/Trained_Results/ThermalChannel/HONF_Forward_Runs/Run_1804_20260905_081349_dense_pairwise_field_adaptation/best_by_field_mse_model.pt,4738,dense_pairwise_field,0661,preparation_plus_one_query,complete,41.89393203705549,44.93527626618743,41.86931228637695,28.740234375,0.0,29.15869140625,108.0,8192,8192,32768,128
1804,/home/wanglz/Desktop/src/ModularDT/HONF_Proj/Trained_Results/ThermalChannel/HONF_Forward_Runs/Run_1804_20260905_081349_dense_pairwise_field_adaptation/best_by_field_mse_model.pt,4738,dense_pairwise_field,0661,prepared_p2_decode,complete,110.40885653346777,117.35270842909813,110.38438415527344,50.75,0.0,29.5869140625,108.0,8192,8192,32768,128
1804,/home/wanglz/Desktop/src/ModularDT/HONF_Proj/Trained_Results/ThermalChannel/HONF_Forward_Runs/Run_1804_20260905_081349_dense_pairwise_field_adaptation/best_by_field_mse_model.pt,4738,dense_pairwise_field,0662,application_evaluator,complete,159.25717167556286,160.24455232545733,159.23330688476562,52.9228515625,0.0,29.15869140625,108.0,8192,8192,32768,128
1804,/home/wanglz/Desktop/src/ModularDT/HONF_Proj/Trained_Results/ThermalChannel/HONF_Forward_Runs/Run_1804_20260905_081349_dense_pairwise_field_adaptation/best_by_field_mse_model.pt,4738,dense_pairwise_field,0662,full_forward,complete,161.57706920057535,163.63203944638371,161.5482940673828,52.6181640625,0.0,29.15869140625,108.0,8192,8192,32768,128
1804,/home/wanglz/Desktop/src/ModularDT/HONF_Proj/Trained_Results/ThermalChannel/HONF_Forward_Runs/Run_1804_20260905_081349_dense_pairwise_field_adaptation/best_by_field_mse_model.pt,4738,dense_pairwise_field,0662,preparation_plus_one_query,complete,39.99784030020237,41.31887350231409,39.97689437866211,28.740234375,0.0,29.15869140625,108.0,8192,8192,32768,128
1804,/home/wanglz/Desktop/src/ModularDT/HONF_Proj/Trained_Results/ThermalChannel/HONF_Forward_Runs/Run_1804_20260905_081349_dense_pairwise_field_adaptation/best_by_field_mse_model.pt,4738,dense_pairwise_field,0662,prepared_p2_decode,complete,120.26702333241701,120.48753025010228,120.2423324584961,50.75,0.0,29.5869140625,108.0,8192,8192,32768,128
1804,/home/wanglz/Desktop/src/ModularDT/HONF_Proj/Trained_Results/ThermalChannel/HONF_Forward_Runs/Run_1804_20260905_081349_dense_pairwise_field_adaptation/best_by_field_mse_model.pt,4738,dense_pairwise_field,0663,application_evaluator,complete,164.0701750293374,168.06747280061245,164.0421142578125,52.9228515625,0.0,29.15869140625,120.0,8192,8192,32768,128
1804,/home/wanglz/Desktop/src/ModularDT/HONF_Proj/Trained_Results/ThermalChannel/HONF_Forward_Runs/Run_1804_20260905_081349_dense_pairwise_field_adaptation/best_by_field_mse_model.pt,4738,dense_pairwise_field,0663,full_forward,complete,162.89793327450752,165.93953231349587,162.87423706054688,52.6181640625,0.0,29.15869140625,120.0,8192,8192,32768,128
1804,/home/wanglz/Desktop/src/ModularDT/HONF_Proj/Trained_Results/ThermalChannel/HONF_Forward_Runs/Run_1804_20260905_081349_dense_pairwise_field_adaptation/best_by_field_mse_model.pt,4738,dense_pairwise_field,0663,preparation_plus_one_query,complete,42.05177538096905,42.067114263772964,42.03007888793945,39.169921875,0.0,29.15869140625,120.0,8192,8192,32768,128
1804,/home/wanglz/Desktop/src/ModularDT/HONF_Proj/Trained_Results/ThermalChannel/HONF_Forward_Runs/Run_1804_20260905_081349_dense_pairwise_field_adaptation/best_by_field_mse_model.pt,4738,dense_pairwise_field,0663,prepared_p2_decode,complete,120.14884781092405,122.96239454299212,120.1233901977539,50.75,0.0,29.5869140625,120.0,8192,8192,32768,128
1804,/home/wanglz/Desktop/src/ModularDT/HONF_Proj/Trained_Results/ThermalChannel/HONF_Forward_Runs/Run_1804_20260905_081349_dense_pairwise_field_adaptation/best_by_field_mse_model.pt,4738,dense_pairwise_field,0664,application_evaluator,complete,166.71386174857616,168.1568424217403,166.67453002929688,52.9228515625,0.0,29.15869140625,120.0,8192,8192,32768,128
1804,/home/wanglz/Desktop/src/ModularDT/HONF_Proj/Trained_Results/ThermalChannel/HONF_Forward_Runs/Run_1804_20260905_081349_dense_pairwise_field_adaptation/best_by_field_mse_model.pt,4738,dense_pairwise_field,0664,full_forward,complete,160.761303268373,165.21646166220307,160.72909545898438,52.6181640625,0.0,29.15869140625,120.0,8192,8192,32768,128
1804,/home/wanglz/Desktop/src/ModularDT/HONF_Proj/Trained_Results/ThermalChannel/HONF_Forward_Runs/Run_1804_20260905_081349_dense_pairwise_field_adaptation/best_by_field_mse_model.pt,4738,dense_pairwise_field,0664,preparation_plus_one_query,complete,39.1725767403841,39.86075110733509,39.151615142822266,39.169921875,0.0,29.15869140625,120.0,8192,8192,32768,128
1804,/home/wanglz/Desktop/src/ModularDT/HONF_Proj/Trained_Results/ThermalChannel/HONF_Forward_Runs/Run_1804_20260905_081349_dense_pairwise_field_adaptation/best_by_field_mse_model.pt,4738,dense_pairwise_field,0664,prepared_p2_decode,complete,119.61189471185207,122.88631955161691,119.58879852294922,50.75,0.0,29.5869140625,120.0,8192,8192,32768,128
1804,/home/wanglz/Desktop/src/ModularDT/HONF_Proj/Trained_Results/ThermalChannel/HONF_Forward_Runs/Run_1804_20260905_081349_dense_pairwise_field_adaptation/best_by_field_mse_model.pt,4738,dense_pairwise_field,0665,application_evaluator,complete,177.3039810359478,178.70396506041288,177.2790069580078,52.9228515625,0.0,29.15869140625,120.0,8192,8192,32768,128
1804,/home/wanglz/Desktop/src/ModularDT/HONF_Proj/Trained_Results/ThermalChannel/HONF_Forward_Runs/Run_1804_20260905_081349_dense_pairwise_field_adaptation/best_by_field_mse_model.pt,4738,dense_pairwise_field,0665,full_forward,complete,160.52746772766113,163.23390379548073,160.50070190429688,52.6181640625,0.0,29.15869140625,120.0,8192,8192,32768,128
1804,/home/wanglz/Desktop/src/ModularDT/HONF_Proj/Trained_Results/ThermalChannel/HONF_Forward_Runs/Run_1804_20260905_081349_dense_pairwise_field_adaptation/best_by_field_mse_model.pt,4738,dense_pairwise_field,0665,preparation_plus_one_query,complete,40.588708594441414,42.70502766594291,40.55254364013672,39.169921875,0.0,29.15869140625,120.0,8192,8192,32768,128
1804,/home/wanglz/Desktop/src/ModularDT/HONF_Proj/Trained_Results/ThermalChannel/HONF_Forward_Runs/Run_1804_20260905_081349_dense_pairwise_field_adaptation/best_by_field_mse_model.pt,4738,dense_pairwise_field,0665,prepared_p2_decode,complete,127.05964781343937,131.08636355027556,127.03641510009766,50.75,0.0,29.5869140625,120.0,8192,8192,32768,128
1804,/home/wanglz/Desktop/src/ModularDT/HONF_Proj/Trained_Results/ThermalChannel/HONF_Forward_Runs/Run_1804_20260905_081349_dense_pairwise_field_adaptation/best_by_field_mse_model.pt,4738,dense_pairwise_field,0666,application_evaluator,complete,175.11203419417143,180.86157385259867,175.08470153808594,52.9228515625,0.0,29.15869140625,120.0,8192,8192,32768,128
1804,/home/wanglz/Desktop/src/ModularDT/HONF_Proj/Trained_Results/ThermalChannel/HONF_Forward_Runs/Run_1804_20260905_081349_dense_pairwise_field_adaptation/best_by_field_mse_model.pt,4738,dense_pairwise_field,0666,full_forward,complete,169.5888675749302,174.82397463172674,169.5629119873047,52.6181640625,0.0,29.15869140625,120.0,8192,8192,32768,128
1804,/home/wanglz/Desktop/src/ModularDT/HONF_Proj/Trained_Results/ThermalChannel/HONF_Forward_Runs/Run_1804_20260905_081349_dense_pairwise_field_adaptation/best_by_field_mse_model.pt,4738,dense_pairwise_field,0666,preparation_plus_one_query,complete,41.63243714720011,43.60217181965709,41.61043167114258,39.169921875,0.0,29.15869140625,120.0,8192,8192,32768,128
1804,/home/wanglz/Desktop/src/ModularDT/HONF_Proj/Trained_Results/ThermalChannel/HONF_Forward_Runs/Run_1804_20260905_081349_dense_pairwise_field_adaptation/best_by_field_mse_model.pt,4738,dense_pairwise_field,0666,prepared_p2_decode,complete,115.44563341885805,119.40194619819522,115.42118072509766,50.75,0.0,29.5869140625,120.0,8192,8192,32768,128
1804,/home/wanglz/Desktop/src/ModularDT/HONF_Proj/Trained_Results/ThermalChannel/HONF_Forward_Runs/Run_1804_20260905_081349_dense_pairwise_field_adaptation/best_by_field_mse_model.pt,4738,dense_pairwise_field,0667,application_evaluator,complete,162.73309849202633,162.99283020198345,162.70643615722656,52.9228515625,0.0,29.15869140625,120.0,8192,8192,32768,128
1804,/home/wanglz/Desktop/src/ModularDT/HONF_Proj/Trained_Results/ThermalChannel/HONF_Forward_Runs/Run_1804_20260905_081349_dense_pairwise_field_adaptation/best_by_field_mse_model.pt,4738,dense_pairwise_field,0667,full_forward,complete,168.8510486856103,172.30172734707594,168.82675170898438,52.6181640625,0.0,29.15869140625,120.0,8192,8192,32768,128
1804,/home/wanglz/Desktop/src/ModularDT/HONF_Proj/Trained_Results/ThermalChannel/HONF_Forward_Runs/Run_1804_20260905_081349_dense_pairwise_field_adaptation/best_by_field_mse_model.pt,4738,dense_pairwise_field,0667,preparation_plus_one_query,complete,42.134747840464115,43.81432617083192,42.078208923339844,39.169921875,0.0,29.15869140625,120.0,8192,8192,32768,128
1804,/home/wanglz/Desktop/src/ModularDT/HONF_Proj/Trained_Results/ThermalChannel/HONF_Forward_Runs/Run_1804_20260905_081349_dense_pairwise_field_adaptation/best_by_field_mse_model.pt,4738,dense_pairwise_field,0667,prepared_p2_decode,complete,126.1542048305273,126.65933519601822,126.1137924194336,50.75,0.0,29.5869140625,120.0,8192,8192,32768,128
1804,/home/wanglz/Desktop/src/ModularDT/HONF_Proj/Trained_Results/ThermalChannel/HONF_Forward_Runs/Run_1804_20260905_081349_dense_pairwise_field_adaptation/best_by_field_mse_model.pt,4738,dense_pairwise_field,0668,application_evaluator,complete,162.19335421919823,168.01027851179242,162.16819763183594,52.9228515625,0.0,29.15869140625,120.0,8192,8192,32768,128
1804,/home/wanglz/Desktop/src/ModularDT/HONF_Proj/Trained_Results/ThermalChannel/HONF_Forward_Runs/Run_1804_20260905_081349_dense_pairwise_field_adaptation/best_by_field_mse_model.pt,4738,dense_pairwise_field,0668,full_forward,complete,162.59481012821198,162.9867948591709,162.5692138671875,52.6181640625,0.0,29.15869140625,120.0,8192,8192,32768,128
1804,/home/wanglz/Desktop/src/ModularDT/HONF_Proj/Trained_Results/ThermalChannel/HONF_Forward_Runs/Run_1804_20260905_081349_dense_pairwise_field_adaptation/best_by_field_mse_model.pt,4738,dense_pairwise_field,0668,preparation_plus_one_query,complete,42.705222964286804,42.855580896139145,42.682369232177734,39.169921875,0.0,29.15869140625,120.0,8192,8192,32768,128
1804,/home/wanglz/Desktop/src/ModularDT/HONF_Proj/Trained_Results/ThermalChannel/HONF_Forward_Runs/Run_1804_20260905_081349_dense_pairwise_field_adaptation/best_by_field_mse_model.pt,4738,dense_pairwise_field,0668,prepared_p2_decode,complete,122.32123222202063,126.52118597179651,122.29939270019531,50.75,0.0,29.5869140625,120.0,8192,8192,32768,128
1804,/home/wanglz/Desktop/src/ModularDT/HONF_Proj/Trained_Results/ThermalChannel/HONF_Forward_Runs/Run_1804_20260905_081349_dense_pairwise_field_adaptation/best_by_field_mse_model.pt,4738,dense_pairwise_field,0669,application_evaluator,complete,163.25859352946281,171.73267249017954,163.2328338623047,52.9228515625,0.0,29.15869140625,120.0,8192,8192,32768,128
1804,/home/wanglz/Desktop/src/ModularDT/HONF_Proj/Trained_Results/ThermalChannel/HONF_Forward_Runs/Run_1804_20260905_081349_dense_pairwise_field_adaptation/best_by_field_mse_model.pt,4738,dense_pairwise_field,0669,full_forward,complete,161.85782756656408,166.41305666416883,161.8186492919922,52.6181640625,0.0,29.15869140625,120.0,8192,8192,32768,128
1804,/home/wanglz/Desktop/src/ModularDT/HONF_Proj/Trained_Results/ThermalChannel/HONF_Forward_Runs/Run_1804_20260905_081349_dense_pairwise_field_adaptation/best_by_field_mse_model.pt,4738,dense_pairwise_field,0669,preparation_plus_one_query,complete,43.47433056682348,45.010088849812746,43.449344635009766,39.169921875,0.0,29.15869140625,120.0,8192,8192,32768,128
1804,/home/wanglz/Desktop/src/ModularDT/HONF_Proj/Trained_Results/ThermalChannel/HONF_Forward_Runs/Run_1804_20260905_081349_dense_pairwise_field_adaptation/best_by_field_mse_model.pt,4738,dense_pairwise_field,0669,prepared_p2_decode,complete,122.65005148947239,127.85775139927864,122.6250228881836,50.75,0.0,29.5869140625,120.0,8192,8192,32768,128
1804,/home/wanglz/Desktop/src/ModularDT/HONF_Proj/Trained_Results/ThermalChannel/HONF_Forward_Runs/Run_1804_20260905_081349_dense_pairwise_field_adaptation/best_by_field_mse_model.pt,4738,dense_pairwise_field,0670,application_evaluator,complete,171.27067502588034,172.97715758904815,171.24549865722656,52.9228515625,0.0,29.15869140625,120.0,8192,8192,32768,128
1804,/home/wanglz/Desktop/src/ModularDT/HONF_Proj/Trained_Results/ThermalChannel/HONF_Forward_Runs/Run_1804_20260905_081349_dense_pairwise_field_adaptation/best_by_field_mse_model.pt,4738,dense_pairwise_field,0670,full_forward,complete,159.86535232514143,161.8242735043168,159.82591247558594,52.6181640625,0.0,29.15869140625,120.0,8192,8192,32768,128
1804,/home/wanglz/Desktop/src/ModularDT/HONF_Proj/Trained_Results/ThermalChannel/HONF_Forward_Runs/Run_1804_20260905_081349_dense_pairwise_field_adaptation/best_by_field_mse_model.pt,4738,dense_pairwise_field,0670,preparation_plus_one_query,complete,39.610628969967365,40.45368665829301,39.58812713623047,39.169921875,0.0,29.15869140625,120.0,8192,8192,32768,128
1804,/home/wanglz/Desktop/src/ModularDT/HONF_Proj/Trained_Results/ThermalChannel/HONF_Forward_Runs/Run_1804_20260905_081349_dense_pairwise_field_adaptation/best_by_field_mse_model.pt,4738,dense_pairwise_field,0670,prepared_p2_decode,complete,119.50572859495878,125.02671554684639,119.4813461303711,50.75,0.0,29.5869140625,120.0,8192,8192,32768,128
1804,/home/wanglz/Desktop/src/ModularDT/HONF_Proj/Trained_Results/ThermalChannel/HONF_Forward_Runs/Run_1804_20260905_081349_dense_pairwise_field_adaptation/best_by_field_mse_model.pt,4738,dense_pairwise_field,0671,application_evaluator,complete,163.46141509711742,167.15849908068776,163.4325408935547,52.9228515625,0.0,29.15869140625,120.0,8192,8192,32768,128
1804,/home/wanglz/Desktop/src/ModularDT/HONF_Proj/Trained_Results/ThermalChannel/HONF_Forward_Runs/Run_1804_20260905_081349_dense_pairwise_field_adaptation/best_by_field_mse_model.pt,4738,dense_pairwise_field,0671,full_forward,complete,167.6156623288989,184.3483416363597,167.5878143310547,52.6181640625,0.0,29.15869140625,120.0,8192,8192,32768,128
1804,/home/wanglz/Desktop/src/ModularDT/HONF_Proj/Trained_Results/ThermalChannel/HONF_Forward_Runs/Run_1804_20260905_081349_dense_pairwise_field_adaptation/best_by_field_mse_model.pt,4738,dense_pairwise_field,0671,preparation_plus_one_query,complete,41.43436253070831,41.78083939477801,41.410560607910156,39.169921875,0.0,29.15869140625,120.0,8192,8192,32768,128
1804,/home/wanglz/Desktop/src/ModularDT/HONF_Proj/Trained_Results/ThermalChannel/HONF_Forward_Runs/Run_1804_20260905_081349_dense_pairwise_field_adaptation/best_by_field_mse_model.pt,4738,dense_pairwise_field,0671,prepared_p2_decode,complete,120.8249181509018,122.81124563887715,120.79923248291016,50.75,0.0,29.5869140625,120.0,8192,8192,32768,128
1804,/home/wanglz/Desktop/src/ModularDT/HONF_Proj/Trained_Results/ThermalChannel/HONF_Forward_Runs/Run_1804_20260905_081349_dense_pairwise_field_adaptation/best_by_field_mse_model.pt,4738,dense_pairwise_field,0672,application_evaluator,complete,157.53232035785913,160.97420053556561,157.49136352539062,52.9228515625,0.0,29.15869140625,120.0,8192,8192,32768,128
1804,/home/wanglz/Desktop/src/ModularDT/HONF_Proj/Trained_Results/ThermalChannel/HONF_Forward_Runs/Run_1804_20260905_081349_dense_pairwise_field_adaptation/best_by_field_mse_model.pt,4738,dense_pairwise_field,0672,full_forward,complete,165.46003427356482,176.90581222996116,165.42002868652344,52.6181640625,0.0,29.15869140625,120.0,8192,8192,32768,128
1804,/home/wanglz/Desktop/src/ModularDT/HONF_Proj/Trained_Results/ThermalChannel/HONF_Forward_Runs/Run_1804_20260905_081349_dense_pairwise_field_adaptation/best_by_field_mse_model.pt,4738,dense_pairwise_field,0672,preparation_plus_one_query,complete,43.15025918185711,43.42658622190356,43.12166213989258,39.169921875,0.0,29.15869140625,120.0,8192,8192,32768,128
1804,/home/wanglz/Desktop/src/ModularDT/HONF_Proj/Trained_Results/ThermalChannel/HONF_Forward_Runs/Run_1804_20260905_081349_dense_pairwise_field_adaptation/best_by_field_mse_model.pt,4738,dense_pairwise_field,0672,prepared_p2_decode,complete,117.1752130612731,119.93495216593146,117.15392303466797,50.75,0.0,29.5869140625,120.0,8192,8192,32768,128
1804,/home/wanglz/Desktop/src/ModularDT/HONF_Proj/Trained_Results/ThermalChannel/HONF_Forward_Runs/Run_1804_20260905_081349_dense_pairwise_field_adaptation/best_by_field_mse_model.pt,4738,dense_pairwise_field,0673,application_evaluator,complete,160.92192754149437,169.35376673936844,160.8951416015625,52.9228515625,0.0,29.15869140625,120.0,8192,8192,32768,128
1804,/home/wanglz/Desktop/src/ModularDT/HONF_Proj/Trained_Results/ThermalChannel/HONF_Forward_Runs/Run_1804_20260905_081349_dense_pairwise_field_adaptation/best_by_field_mse_model.pt,4738,dense_pairwise_field,0673,full_forward,complete,159.05600879341364,161.53288464993238,159.03231811523438,52.6181640625,0.0,29.15869140625,120.0,8192,8192,32768,128
1804,/home/wanglz/Desktop/src/ModularDT/HONF_Proj/Trained_Results/ThermalChannel/HONF_Forward_Runs/Run_1804_20260905_081349_dense_pairwise_field_adaptation/best_by_field_mse_model.pt,4738,dense_pairwise_field,0673,preparation_plus_one_query,complete,39.277058094739914,42.63722226023674,39.256065368652344,39.169921875,0.0,29.15869140625,120.0,8192,8192,32768,128
1804,/home/wanglz/Desktop/src/ModularDT/HONF_Proj/Trained_Results/ThermalChannel/HONF_Forward_Runs/Run_1804_20260905_081349_dense_pairwise_field_adaptation/best_by_field_mse_model.pt,4738,dense_pairwise_field,0673,prepared_p2_decode,complete,118.11501625925303,123.38356291875243,118.08870697021484,50.75,0.0,29.5869140625,120.0,8192,8192,32768,128
1804,/home/wanglz/Desktop/src/ModularDT/HONF_Proj/Trained_Results/ThermalChannel/HONF_Forward_Runs/Run_1804_20260905_081349_dense_pairwise_field_adaptation/best_by_field_mse_model.pt,4738,dense_pairwise_field,0674,application_evaluator,complete,161.535426042974,166.6785073466599,161.509765625,52.9228515625,0.0,29.15869140625,120.0,8192,8192,32768,128
1804,/home/wanglz/Desktop/src/ModularDT/HONF_Proj/Trained_Results/ThermalChannel/HONF_Forward_Runs/Run_1804_20260905_081349_dense_pairwise_field_adaptation/best_by_field_mse_model.pt,4738,dense_pairwise_field,0674,full_forward,complete,156.48076590150595,163.92396548762918,156.45606994628906,52.6181640625,0.0,29.15869140625,120.0,8192,8192,32768,128
1804,/home/wanglz/Desktop/src/ModularDT/HONF_Proj/Trained_Results/ThermalChannel/HONF_Forward_Runs/Run_1804_20260905_081349_dense_pairwise_field_adaptation/best_by_field_mse_model.pt,4738,dense_pairwise_field,0674,preparation_plus_one_query,complete,41.6184663772583,47.95108223333955,41.5918083190918,39.169921875,0.0,29.15869140625,120.0,8192,8192,32768,128
1804,/home/wanglz/Desktop/src/ModularDT/HONF_Proj/Trained_Results/ThermalChannel/HONF_Forward_Runs/Run_1804_20260905_081349_dense_pairwise_field_adaptation/best_by_field_mse_model.pt,4738,dense_pairwise_field,0674,prepared_p2_decode,complete,116.43683351576328,118.66478947922587,116.41241455078125,50.75,0.0,29.5869140625,120.0,8192,8192,32768,128
1804,/home/wanglz/Desktop/src/ModularDT/HONF_Proj/Trained_Results/ThermalChannel/HONF_Forward_Runs/Run_1804_20260905_081349_dense_pairwise_field_adaptation/best_by_field_mse_model.pt,4738,dense_pairwise_field,0675,application_evaluator,complete,160.90907528996468,164.50986126437783,160.87747192382812,52.9228515625,0.0,29.15869140625,120.0,8192,8192,32768,128
1804,/home/wanglz/Desktop/src/ModularDT/HONF_Proj/Trained_Results/ThermalChannel/HONF_Forward_Runs/Run_1804_20260905_081349_dense_pairwise_field_adaptation/best_by_field_mse_model.pt,4738,dense_pairwise_field,0675,full_forward,complete,167.53994766622782,169.7364740073681,167.50079345703125,52.6181640625,0.0,29.15869140625,120.0,8192,8192,32768,128
1804,/home/wanglz/Desktop/src/ModularDT/HONF_Proj/Trained_Results/ThermalChannel/HONF_Forward_Runs/Run_1804_20260905_081349_dense_pairwise_field_adaptation/best_by_field_mse_model.pt,4738,dense_pairwise_field,0675,preparation_plus_one_query,complete,43.43940783292055,44.42276516929269,43.4152946472168,39.169921875,0.0,29.15869140625,120.0,8192,8192,32768,128
1804,/home/wanglz/Desktop/src/ModularDT/HONF_Proj/Trained_Results/ThermalChannel/HONF_Forward_Runs/Run_1804_20260905_081349_dense_pairwise_field_adaptation/best_by_field_mse_model.pt,4738,dense_pairwise_field,0675,prepared_p2_decode,complete,126.31595227867365,126.5148364007473,126.29296112060547,50.75,0.0,29.5869140625,120.0,8192,8192,32768,128
1804,/home/wanglz/Desktop/src/ModularDT/HONF_Proj/Trained_Results/ThermalChannel/HONF_Forward_Runs/Run_1804_20260905_081349_dense_pairwise_field_adaptation/best_by_field_mse_model.pt,4738,dense_pairwise_field,0676,application_evaluator,complete,171.14969994872808,172.2336309030652,171.1243133544922,52.9228515625,0.0,29.15869140625,120.0,8192,8192,32768,128
1804,/home/wanglz/Desktop/src/ModularDT/HONF_Proj/Trained_Results/ThermalChannel/HONF_Forward_Runs/Run_1804_20260905_081349_dense_pairwise_field_adaptation/best_by_field_mse_model.pt,4738,dense_pairwise_field,0676,full_forward,complete,159.79717765003443,160.83459490910172,159.7716522216797,52.6181640625,0.0,29.15869140625,120.0,8192,8192,32768,128
1804,/home/wanglz/Desktop/src/ModularDT/HONF_Proj/Trained_Results/ThermalChannel/HONF_Forward_Runs/Run_1804_20260905_081349_dense_pairwise_field_adaptation/best_by_field_mse_model.pt,4738,dense_pairwise_field,0676,preparation_plus_one_query,complete,43.94506849348545,44.91585548967123,43.91936111450195,39.169921875,0.0,29.15869140625,120.0,8192,8192,32768,128
1804,/home/wanglz/Desktop/src/ModularDT/HONF_Proj/Trained_Results/ThermalChannel/HONF_Forward_Runs/Run_1804_20260905_081349_dense_pairwise_field_adaptation/best_by_field_mse_model.pt,4738,dense_pairwise_field,0676,prepared_p2_decode,complete,125.38592517375946,125.63283341005445,125.36310577392578,50.75,0.0,29.5869140625,120.0,8192,8192,32768,128
1804,/home/wanglz/Desktop/src/ModularDT/HONF_Proj/Trained_Results/ThermalChannel/HONF_Forward_Runs/Run_1804_20260905_081349_dense_pairwise_field_adaptation/best_by_field_mse_model.pt,4738,dense_pairwise_field,0677,application_evaluator,complete,157.31831640005112,160.4924182407558,157.2948760986328,52.9228515625,0.0,29.15869140625,120.0,8192,8192,32768,128
1804,/home/wanglz/Desktop/src/ModularDT/HONF_Proj/Trained_Results/ThermalChannel/HONF_Forward_Runs/Run_1804_20260905_081349_dense_pairwise_field_adaptation/best_by_field_mse_model.pt,4738,dense_pairwise_field,0677,full_forward,complete,159.74437445402145,162.15487318113446,159.7143096923828,52.6181640625,0.0,29.15869140625,120.0,8192,8192,32768,128
1804,/home/wanglz/Desktop/src/ModularDT/HONF_Proj/Trained_Results/ThermalChannel/HONF_Forward_Runs/Run_1804_20260905_081349_dense_pairwise_field_adaptation/best_by_field_mse_model.pt,4738,dense_pairwise_field,0677,preparation_plus_one_query,complete,43.66709478199482,44.17901365086436,43.64419174194336,39.169921875,0.0,29.15869140625,120.0,8192,8192,32768,128
1804,/home/wanglz/Desktop/src/ModularDT/HONF_Proj/Trained_Results/ThermalChannel/HONF_Forward_Runs/Run_1804_20260905_081349_dense_pairwise_field_adaptation/best_by_field_mse_model.pt,4738,dense_pairwise_field,0677,prepared_p2_decode,complete,120.25750987231731,121.21723191812634,120.22271728515625,50.75,0.0,29.5869140625,120.0,8192,8192,32768,128
1804,/home/wanglz/Desktop/src/ModularDT/HONF_Proj/Trained_Results/ThermalChannel/HONF_Forward_Runs/Run_1804_20260905_081349_dense_pairwise_field_adaptation/best_by_field_mse_model.pt,4738,dense_pairwise_field,0678,application_evaluator,complete,168.56355965137482,168.89670928940177,168.5281219482422,56.88330078125,0.0,29.15869140625,120.0,8192,8192,32768,128
1804,/home/wanglz/Desktop/src/ModularDT/HONF_Proj/Trained_Results/ThermalChannel/HONF_Forward_Runs/Run_1804_20260905_081349_dense_pairwise_field_adaptation/best_by_field_mse_model.pt,4738,dense_pairwise_field,0678,full_forward,complete,167.24828071892262,167.9437456652522,167.22207641601562,56.57861328125,0.0,29.15869140625,120.0,8192,8192,32768,128
1804,/home/wanglz/Desktop/src/ModularDT/HONF_Proj/Trained_Results/ThermalChannel/HONF_Forward_Runs/Run_1804_20260905_081349_dense_pairwise_field_adaptation/best_by_field_mse_model.pt,4738,dense_pairwise_field,0678,preparation_plus_one_query,complete,43.251948431134224,45.06906121969223,43.226112365722656,56.57861328125,0.0,29.15869140625,120.0,8192,8192,32768,128
1804,/home/wanglz/Desktop/src/ModularDT/HONF_Proj/Trained_Results/ThermalChannel/HONF_Forward_Runs/Run_1804_20260905_081349_dense_pairwise_field_adaptation/best_by_field_mse_model.pt,4738,dense_pairwise_field,0678,prepared_p2_decode,complete,124.05416090041399,124.78457670658827,124.0277099609375,50.75,0.0,29.5869140625,120.0,8192,8192,32768,128
1804,/home/wanglz/Desktop/src/ModularDT/HONF_Proj/Trained_Results/ThermalChannel/HONF_Forward_Runs/Run_1804_20260905_081349_dense_pairwise_field_adaptation/best_by_field_mse_model.pt,4738,dense_pairwise_field,0679,application_evaluator,complete,162.71324828267097,164.3307225778699,162.6867218017578,56.88330078125,0.0,29.15869140625,120.0,8192,8192,32768,128
1804,/home/wanglz/Desktop/src/ModularDT/HONF_Proj/Trained_Results/ThermalChannel/HONF_Forward_Runs/Run_1804_20260905_081349_dense_pairwise_field_adaptation/best_by_field_mse_model.pt,4738,dense_pairwise_field,0679,full_forward,complete,168.76414604485035,170.36125482991338,168.72454833984375,56.57861328125,0.0,29.15869140625,120.0,8192,8192,32768,128
1804,/home/wanglz/Desktop/src/ModularDT/HONF_Proj/Trained_Results/ThermalChannel/HONF_Forward_Runs/Run_1804_20260905_081349_dense_pairwise_field_adaptation/best_by_field_mse_model.pt,4738,dense_pairwise_field,0679,preparation_plus_one_query,complete,42.418583296239376,43.63175230100751,42.387168884277344,56.57861328125,0.0,29.15869140625,120.0,8192,8192,32768,128
1804,/home/wanglz/Desktop/src/ModularDT/HONF_Proj/Trained_Results/ThermalChannel/HONF_Forward_Runs/Run_1804_20260905_081349_dense_pairwise_field_adaptation/best_by_field_mse_model.pt,4738,dense_pairwise_field,0679,prepared_p2_decode,complete,120.72349805384874,126.91053282469511,120.6978530883789,50.75,0.0,29.5869140625,120.0,8192,8192,32768,128
1804,/home/wanglz/Desktop/src/ModularDT/HONF_Proj/Trained_Results/ThermalChannel/HONF_Forward_Runs/Run_1804_20260905_081349_dense_pairwise_field_adaptation/best_by_field_mse_model.pt,4738,dense_pairwise_field,0680,application_evaluator,complete,159.0006835758686,166.5338972583413,158.974853515625,56.88330078125,0.0,29.15869140625,120.0,8192,8192,32768,128
1804,/home/wanglz/Desktop/src/ModularDT/HONF_Proj/Trained_Results/ThermalChannel/HONF_Forward_Runs/Run_1804_20260905_081349_dense_pairwise_field_adaptation/best_by_field_mse_model.pt,4738,dense_pairwise_field,0680,full_forward,complete,165.24714324623346,169.1833419725299,165.22137451171875,56.57861328125,0.0,29.15869140625,120.0,8192,8192,32768,128
1804,/home/wanglz/Desktop/src/ModularDT/HONF_Proj/Trained_Results/ThermalChannel/HONF_Forward_Runs/Run_1804_20260905_081349_dense_pairwise_field_adaptation/best_by_field_mse_model.pt,4738,dense_pairwise_field,0680,preparation_plus_one_query,complete,45.00444233417511,45.483675971627235,44.980224609375,56.57861328125,0.0,29.15869140625,120.0,8192,8192,32768,128
1804,/home/wanglz/Desktop/src/ModularDT/HONF_Proj/Trained_Results/ThermalChannel/HONF_Forward_Runs/Run_1804_20260905_081349_dense_pairwise_field_adaptation/best_by_field_mse_model.pt,4738,dense_pairwise_field,0680,prepared_p2_decode,complete,128.20980325341225,130.40532460436225,128.15078735351562,50.75,0.0,29.5869140625,120.0,8192,8192,32768,128
1804,/home/wanglz/Desktop/src/ModularDT/HONF_Proj/Trained_Results/ThermalChannel/HONF_Forward_Runs/Run_1804_20260905_081349_dense_pairwise_field_adaptation/best_by_field_mse_model.pt,4738,dense_pairwise_field,0681,application_evaluator,complete,156.95010032504797,167.24330289289355,156.92588806152344,56.88330078125,0.0,29.15869140625,120.0,8192,8192,32768,128
1804,/home/wanglz/Desktop/src/ModularDT/HONF_Proj/Trained_Results/ThermalChannel/HONF_Forward_Runs/Run_1804_20260905_081349_dense_pairwise_field_adaptation/best_by_field_mse_model.pt,4738,dense_pairwise_field,0681,full_forward,complete,169.85816042870283,170.40729159489274,169.81503295898438,56.57861328125,0.0,29.15869140625,120.0,8192,8192,32768,128
1804,/home/wanglz/Desktop/src/ModularDT/HONF_Proj/Trained_Results/ThermalChannel/HONF_Forward_Runs/Run_1804_20260905_081349_dense_pairwise_field_adaptation/best_by_field_mse_model.pt,4738,dense_pairwise_field,0681,preparation_plus_one_query,complete,44.443185441195965,46.189394034445286,44.4202880859375,56.57861328125,0.0,29.15869140625,120.0,8192,8192,32768,128
1804,/home/wanglz/Desktop/src/ModularDT/HONF_Proj/Trained_Results/ThermalChannel/HONF_Forward_Runs/Run_1804_20260905_081349_dense_pairwise_field_adaptation/best_by_field_mse_model.pt,4738,dense_pairwise_field,0681,prepared_p2_decode,complete,123.98403603583574,128.20963505655527,123.95187377929688,50.75,0.0,29.5869140625,120.0,8192,8192,32768,128
1804,/home/wanglz/Desktop/src/ModularDT/HONF_Proj/Trained_Results/ThermalChannel/HONF_Forward_Runs/Run_1804_20260905_081349_dense_pairwise_field_adaptation/best_by_field_mse_model.pt,4738,dense_pairwise_field,0682,application_evaluator,complete,168.97646337747574,181.01537246257067,168.9501495361328,56.88330078125,0.0,29.15869140625,120.0,8192,8192,32768,128
1804,/home/wanglz/Desktop/src/ModularDT/HONF_Proj/Trained_Results/ThermalChannel/HONF_Forward_Runs/Run_1804_20260905_081349_dense_pairwise_field_adaptation/best_by_field_mse_model.pt,4738,dense_pairwise_field,0682,full_forward,complete,156.41929302364588,160.84201680496335,156.39654541015625,56.57861328125,0.0,29.15869140625,120.0,8192,8192,32768,128
1804,/home/wanglz/Desktop/src/ModularDT/HONF_Proj/Trained_Results/ThermalChannel/HONF_Forward_Runs/Run_1804_20260905_081349_dense_pairwise_field_adaptation/best_by_field_mse_model.pt,4738,dense_pairwise_field,0682,preparation_plus_one_query,complete,43.711792677640915,44.57043819129467,43.68297576904297,56.57861328125,0.0,29.15869140625,120.0,8192,8192,32768,128
1804,/home/wanglz/Desktop/src/ModularDT/HONF_Proj/Trained_Results/ThermalChannel/HONF_Forward_Runs/Run_1804_20260905_081349_dense_pairwise_field_adaptation/best_by_field_mse_model.pt,4738,dense_pairwise_field,0682,prepared_p2_decode,complete,125.09257812052965,126.0339479893446,125.0672607421875,50.75,0.0,29.5869140625,120.0,8192,8192,32768,128
1804,/home/wanglz/Desktop/src/ModularDT/HONF_Proj/Trained_Results/ThermalChannel/HONF_Forward_Runs/Run_1804_20260905_081349_dense_pairwise_field_adaptation/best_by_field_mse_model.pt,4738,dense_pairwise_field,0683,application_evaluator,complete,168.96500810980797,172.75738678872585,168.9396514892578,56.88330078125,0.0,29.15869140625,120.0,8192,8192,32768,128
1804,/home/wanglz/Desktop/src/ModularDT/HONF_Proj/Trained_Results/ThermalChannel/HONF_Forward_Runs/Run_1804_20260905_081349_dense_pairwise_field_adaptation/best_by_field_mse_model.pt,4738,dense_pairwise_field,0683,full_forward,complete,168.28641667962074,168.8307709991932,168.24911499023438,56.57861328125,0.0,29.15869140625,120.0,8192,8192,32768,128
1804,/home/wanglz/Desktop/src/ModularDT/HONF_Proj/Trained_Results/ThermalChannel/HONF_Forward_Runs/Run_1804_20260905_081349_dense_pairwise_field_adaptation/best_by_field_mse_model.pt,4738,dense_pairwise_field,0683,preparation_plus_one_query,complete,42.01070126146078,45.10157834738493,41.986270904541016,56.57861328125,0.0,29.15869140625,120.0,8192,8192,32768,128
1804,/home/wanglz/Desktop/src/ModularDT/HONF_Proj/Trained_Results/ThermalChannel/HONF_Forward_Runs/Run_1804_20260905_081349_dense_pairwise_field_adaptation/best_by_field_mse_model.pt,4738,dense_pairwise_field,0683,prepared_p2_decode,complete,121.79683800786734,122.37563859671354,121.75872039794922,50.75,0.0,29.5869140625,120.0,8192,8192,32768,128
1804,/home/wanglz/Desktop/src/ModularDT/HONF_Proj/Trained_Results/ThermalChannel/HONF_Forward_Runs/Run_1804_20260905_081349_dense_pairwise_field_adaptation/best_by_field_mse_model.pt,4738,dense_pairwise_field,0684,application_evaluator,complete,161.97737772017717,164.76703770458698,161.9451141357422,56.88330078125,0.0,29.15869140625,120.0,8192,8192,32768,128
1804,/home/wanglz/Desktop/src/ModularDT/HONF_Proj/Trained_Results/ThermalChannel/HONF_Forward_Runs/Run_1804_20260905_081349_dense_pairwise_field_adaptation/best_by_field_mse_model.pt,4738,dense_pairwise_field,0684,full_forward,complete,166.74400866031647,171.09733447432518,166.71539306640625,56.57861328125,0.0,29.15869140625,120.0,8192,8192,32768,128
1804,/home/wanglz/Desktop/src/ModularDT/HONF_Proj/Trained_Results/ThermalChannel/HONF_Forward_Runs/Run_1804_20260905_081349_dense_pairwise_field_adaptation/best_by_field_mse_model.pt,4738,dense_pairwise_field,0684,preparation_plus_one_query,complete,43.31089369952679,43.40543234720826,43.284481048583984,56.57861328125,0.0,29.15869140625,120.0,8192,8192,32768,128
1804,/home/wanglz/Desktop/src/ModularDT/HONF_Proj/Trained_Results/ThermalChannel/HONF_Forward_Runs/Run_1804_20260905_081349_dense_pairwise_field_adaptation/best_by_field_mse_model.pt,4738,dense_pairwise_field,0684,prepared_p2_decode,complete,121.114332228899,125.2142152749002,121.09004974365234,50.75,0.0,29.5869140625,120.0,8192,8192,32768,128
1804,/home/wanglz/Desktop/src/ModularDT/HONF_Proj/Trained_Results/ThermalChannel/HONF_Forward_Runs/Run_1804_20260905_081349_dense_pairwise_field_adaptation/best_by_field_mse_model.pt,4738,dense_pairwise_field,0685,application_evaluator,complete,153.52221205830574,168.0390028283,153.48806762695312,56.88330078125,0.0,29.15869140625,120.0,8192,8192,32768,128
1804,/home/wanglz/Desktop/src/ModularDT/HONF_Proj/Trained_Results/ThermalChannel/HONF_Forward_Runs/Run_1804_20260905_081349_dense_pairwise_field_adaptation/best_by_field_mse_model.pt,4738,dense_pairwise_field,0685,full_forward,complete,170.6149708479643,177.53920992836356,170.58816528320312,56.57861328125,0.0,29.15869140625,120.0,8192,8192,32768,128
1804,/home/wanglz/Desktop/src/ModularDT/HONF_Proj/Trained_Results/ThermalChannel/HONF_Forward_Runs/Run_1804_20260905_081349_dense_pairwise_field_adaptation/best_by_field_mse_model.pt,4738,dense_pairwise_field,0685,preparation_plus_one_query,complete,44.75440364331007,45.37242902442813,44.64860916137695,56.57861328125,0.0,29.15869140625,120.0,8192,8192,32768,128
1804,/home/wanglz/Desktop/src/ModularDT/HONF_Proj/Trained_Results/ThermalChannel/HONF_Forward_Runs/Run_1804_20260905_081349_dense_pairwise_field_adaptation/best_by_field_mse_model.pt,4738,dense_pairwise_field,0685,prepared_p2_decode,complete,126.58218294382095,129.00625616312027,126.55411529541016,50.75,0.0,29.5869140625,120.0,8192,8192,32768,128
1804,/home/wanglz/Desktop/src/ModularDT/HONF_Proj/Trained_Results/ThermalChannel/HONF_Forward_Runs/Run_1804_20260905_081349_dense_pairwise_field_adaptation/best_by_field_mse_model.pt,4738,dense_pairwise_field,0686,application_evaluator,complete,162.4204572290182,162.90295897051692,162.3948211669922,56.88330078125,0.0,29.15869140625,120.0,8192,8192,32768,128
1804,/home/wanglz/Desktop/src/ModularDT/HONF_Proj/Trained_Results/ThermalChannel/HONF_Forward_Runs/Run_1804_20260905_081349_dense_pairwise_field_adaptation/best_by_field_mse_model.pt,4738,dense_pairwise_field,0686,full_forward,complete,160.30841320753098,164.79173228144646,160.2816925048828,56.57861328125,0.0,29.15869140625,120.0,8192,8192,32768,128
1804,/home/wanglz/Desktop/src/ModularDT/HONF_Proj/Trained_Results/ThermalChannel/HONF_Forward_Runs/Run_1804_20260905_081349_dense_pairwise_field_adaptation/best_by_field_mse_model.pt,4738,dense_pairwise_field,0686,preparation_plus_one_query,complete,44.80133764445782,45.26824988424778,44.77747344970703,56.57861328125,0.0,29.15869140625,120.0,8192,8192,32768,128
1804,/home/wanglz/Desktop/src/ModularDT/HONF_Proj/Trained_Results/ThermalChannel/HONF_Forward_Runs/Run_1804_20260905_081349_dense_pairwise_field_adaptation/best_by_field_mse_model.pt,4738,dense_pairwise_field,0686,prepared_p2_decode,complete,125.67422632128,130.01674115657806,125.63676452636719,50.75,0.0,29.5869140625,120.0,8192,8192,32768,128
1804,/home/wanglz/Desktop/src/ModularDT/HONF_Proj/Trained_Results/ThermalChannel/HONF_Forward_Runs/Run_1804_20260905_081349_dense_pairwise_field_adaptation/best_by_field_mse_model.pt,4738,dense_pairwise_field,0687,application_evaluator,complete,172.62671887874603,172.7848711423576,172.6026611328125,56.88330078125,0.0,29.15869140625,120.0,8192,8192,32768,128
1804,/home/wanglz/Desktop/src/ModularDT/HONF_Proj/Trained_Results/ThermalChannel/HONF_Forward_Runs/Run_1804_20260905_081349_dense_pairwise_field_adaptation/best_by_field_mse_model.pt,4738,dense_pairwise_field,0687,full_forward,complete,156.6212736070156,164.86503714695573,156.58905029296875,56.57861328125,0.0,29.15869140625,120.0,8192,8192,32768,128
1804,/home/wanglz/Desktop/src/ModularDT/HONF_Proj/Trained_Results/ThermalChannel/HONF_Forward_Runs/Run_1804_20260905_081349_dense_pairwise_field_adaptation/best_by_field_mse_model.pt,4738,dense_pairwise_field,0687,preparation_plus_one_query,complete,39.51005078852177,40.44739566743374,39.48121643066406,56.57861328125,0.0,29.15869140625,120.0,8192,8192,32768,128
1804,/home/wanglz/Desktop/src/ModularDT/HONF_Proj/Trained_Results/ThermalChannel/HONF_Forward_Runs/Run_1804_20260905_081349_dense_pairwise_field_adaptation/best_by_field_mse_model.pt,4738,dense_pairwise_field,0687,prepared_p2_decode,complete,117.74567421525717,118.59828643500805,117.70060729980469,50.75,0.0,29.5869140625,120.0,8192,8192,32768,128
1804,/home/wanglz/Desktop/src/ModularDT/HONF_Proj/Trained_Results/ThermalChannel/HONF_Forward_Runs/Run_1804_20260905_081349_dense_pairwise_field_adaptation/best_by_field_mse_model.pt,4738,dense_pairwise_field,0688,application_evaluator,complete,168.5275062918663,170.71548476815224,168.50137329101562,56.88330078125,0.0,29.15869140625,120.0,8192,8192,32768,128
1804,/home/wanglz/Desktop/src/ModularDT/HONF_Proj/Trained_Results/ThermalChannel/HONF_Forward_Runs/Run_1804_20260905_081349_dense_pairwise_field_adaptation/best_by_field_mse_model.pt,4738,dense_pairwise_field,0688,full_forward,complete,166.7596474289894,170.16909047961235,166.7340087890625,56.57861328125,0.0,29.15869140625,120.0,8192,8192,32768,128
1804,/home/wanglz/Desktop/src/ModularDT/HONF_Proj/Trained_Results/ThermalChannel/HONF_Forward_Runs/Run_1804_20260905_081349_dense_pairwise_field_adaptation/best_by_field_mse_model.pt,4738,dense_pairwise_field,0688,preparation_plus_one_query,complete,42.04226844012737,42.35630985349417,42.00960159301758,56.57861328125,0.0,29.15869140625,120.0,8192,8192,32768,128
1804,/home/wanglz/Desktop/src/ModularDT/HONF_Proj/Trained_Results/ThermalChannel/HONF_Forward_Runs/Run_1804_20260905_081349_dense_pairwise_field_adaptation/best_by_field_mse_model.pt,4738,dense_pairwise_field,0688,prepared_p2_decode,complete,120.19016966223717,122.26374605670571,120.16537475585938,50.75,0.0,29.5869140625,120.0,8192,8192,32768,128
1804,/home/wanglz/Desktop/src/ModularDT/HONF_Proj/Trained_Results/ThermalChannel/HONF_Forward_Runs/Run_1804_20260905_081349_dense_pairwise_field_adaptation/best_by_field_mse_model.pt,4738,dense_pairwise_field,0689,application_evaluator,complete,158.40281918644905,164.98988615348935,158.37542724609375,56.88330078125,0.0,29.15869140625,120.0,8192,8192,32768,128
1804,/home/wanglz/Desktop/src/ModularDT/HONF_Proj/Trained_Results/ThermalChannel/HONF_Forward_Runs/Run_1804_20260905_081349_dense_pairwise_field_adaptation/best_by_field_mse_model.pt,4738,dense_pairwise_field,0689,full_forward,complete,161.3314663991332,163.82820401340723,161.30560302734375,56.57861328125,0.0,29.15869140625,120.0,8192,8192,32768,128
1804,/home/wanglz/Desktop/src/ModularDT/HONF_Proj/Trained_Results/ThermalChannel/HONF_Forward_Runs/Run_1804_20260905_081349_dense_pairwise_field_adaptation/best_by_field_mse_model.pt,4738,dense_pairwise_field,0689,preparation_plus_one_query,complete,42.26185381412506,47.714701760560274,42.236961364746094,56.57861328125,0.0,29.15869140625,120.0,8192,8192,32768,128
1804,/home/wanglz/Desktop/src/ModularDT/HONF_Proj/Trained_Results/ThermalChannel/HONF_Forward_Runs/Run_1804_20260905_081349_dense_pairwise_field_adaptation/best_by_field_mse_model.pt,4738,dense_pairwise_field,0689,prepared_p2_decode,complete,127.18450278043747,132.44902696460485,127.15110778808594,50.75,0.0,29.5869140625,120.0,8192,8192,32768,128
1804,/home/wanglz/Desktop/src/ModularDT/HONF_Proj/Trained_Results/ThermalChannel/HONF_Forward_Runs/Run_1804_20260905_081349_dense_pairwise_field_adaptation/best_by_field_mse_model.pt,4738,dense_pairwise_field,0690,application_evaluator,complete,177.1555980667472,177.40049548447132,177.13136291503906,56.88330078125,0.0,29.15869140625,120.0,8192,8192,32768,128
1804,/home/wanglz/Desktop/src/ModularDT/HONF_Proj/Trained_Results/ThermalChannel/HONF_Forward_Runs/Run_1804_20260905_081349_dense_pairwise_field_adaptation/best_by_field_mse_model.pt,4738,dense_pairwise_field,0690,full_forward,complete,165.84973130375147,175.50680777058005,165.82655334472656,56.57861328125,0.0,29.15869140625,120.0,8192,8192,32768,128
1804,/home/wanglz/Desktop/src/ModularDT/HONF_Proj/Trained_Results/ThermalChannel/HONF_Forward_Runs/Run_1804_20260905_081349_dense_pairwise_field_adaptation/best_by_field_mse_model.pt,4738,dense_pairwise_field,0690,preparation_plus_one_query,complete,44.711099937558174,45.02011137083173,44.669952392578125,56.57861328125,0.0,29.15869140625,120.0,8192,8192,32768,128
1804,/home/wanglz/Desktop/src/ModularDT/HONF_Proj/Trained_Results/ThermalChannel/HONF_Forward_Runs/Run_1804_20260905_081349_dense_pairwise_field_adaptation/best_by_field_mse_model.pt,4738,dense_pairwise_field,0690,prepared_p2_decode,complete,125.96085574477911,134.41255586221814,125.93869018554688,50.75,0.0,29.5869140625,120.0,8192,8192,32768,128
1804,/home/wanglz/Desktop/src/ModularDT/HONF_Proj/Trained_Results/ThermalChannel/HONF_Forward_Runs/Run_1804_20260905_081349_dense_pairwise_field_adaptation/best_by_field_mse_model.pt,4738,dense_pairwise_field,0691,application_evaluator,complete,161.33900731801987,166.98118401691318,161.3140411376953,56.88330078125,0.0,29.15869140625,120.0,8192,8192,32768,128
1804,/home/wanglz/Desktop/src/ModularDT/HONF_Proj/Trained_Results/ThermalChannel/HONF_Forward_Runs/Run_1804_20260905_081349_dense_pairwise_field_adaptation/best_by_field_mse_model.pt,4738,dense_pairwise_field,0691,full_forward,complete,166.1469815298915,171.47662723436952,166.108154296875,56.57861328125,0.0,29.15869140625,120.0,8192,8192,32768,128
1804,/home/wanglz/Desktop/src/ModularDT/HONF_Proj/Trained_Results/ThermalChannel/HONF_Forward_Runs/Run_1804_20260905_081349_dense_pairwise_field_adaptation/best_by_field_mse_model.pt,4738,dense_pairwise_field,0691,preparation_plus_one_query,complete,43.59249770641327,44.87531362101436,43.57222366333008,56.57861328125,0.0,29.15869140625,120.0,8192,8192,32768,128
1804,/home/wanglz/Desktop/src/ModularDT/HONF_Proj/Trained_Results/ThermalChannel/HONF_Forward_Runs/Run_1804_20260905_081349_dense_pairwise_field_adaptation/best_by_field_mse_model.pt,4738,dense_pairwise_field,0691,prepared_p2_decode,complete,120.11753115803003,122.1325222402811,120.0904312133789,50.75,0.0,29.5869140625,120.0,8192,8192,32768,128
1804,/home/wanglz/Desktop/src/ModularDT/HONF_Proj/Trained_Results/ThermalChannel/HONF_Forward_Runs/Run_1804_20260905_081349_dense_pairwise_field_adaptation/best_by_field_mse_model.pt,4738,dense_pairwise_field,0692,application_evaluator,complete,166.59788601100445,169.38804807141423,166.57289123535156,56.88330078125,0.0,29.15869140625,120.0,8192,8192,32768,128
1804,/home/wanglz/Desktop/src/ModularDT/HONF_Proj/Trained_Results/ThermalChannel/HONF_Forward_Runs/Run_1804_20260905_081349_dense_pairwise_field_adaptation/best_by_field_mse_model.pt,4738,dense_pairwise_field,0692,full_forward,complete,161.48846969008446,164.62963316589594,161.46429443359375,56.57861328125,0.0,29.15869140625,120.0,8192,8192,32768,128
1804,/home/wanglz/Desktop/src/ModularDT/HONF_Proj/Trained_Results/ThermalChannel/HONF_Forward_Runs/Run_1804_20260905_081349_dense_pairwise_field_adaptation/best_by_field_mse_model.pt,4738,dense_pairwise_field,0692,preparation_plus_one_query,complete,41.3890965282917,45.57220349088311,41.36345672607422,56.57861328125,0.0,29.15869140625,120.0,8192,8192,32768,128
1804,/home/wanglz/Desktop/src/ModularDT/HONF_Proj/Trained_Results/ThermalChannel/HONF_Forward_Runs/Run_1804_20260905_081349_dense_pairwise_field_adaptation/best_by_field_mse_model.pt,4738,dense_pairwise_field,0692,prepared_p2_decode,complete,119.95493527501822,120.79472485929728,119.92985534667969,50.75,0.0,29.5869140625,120.0,8192,8192,32768,128
1501,/home/wanglz/Desktop/src/ModularDT/HONF_Proj/Trained_Results/ThermalChannel/HONF_Forward_Runs/Run_1501_20260922_211056_sparse_incidence_adaptive_honf/best_by_field_mse_model.pt,4689,sparse_incidence_group_control_honf,0273,application_evaluator,complete,238.2481712847948,245.5427723005414,238.22262573242188,39.86181640625,0.0,23.65869140625,86.0,8192,8192,32768,128
1501,/home/wanglz/Desktop/src/ModularDT/HONF_Proj/Trained_Results/ThermalChannel/HONF_Forward_Runs/Run_1501_20260922_211056_sparse_incidence_adaptive_honf/best_by_field_mse_model.pt,4689,sparse_incidence_group_control_honf,0273,full_forward,complete,234.706305898726,237.66090665012598,234.65699768066406,39.55712890625,0.0,23.65869140625,86.0,8192,8192,32768,128
1501,/home/wanglz/Desktop/src/ModularDT/HONF_Proj/Trained_Results/ThermalChannel/HONF_Forward_Runs/Run_1501_20260922_211056_sparse_incidence_adaptive_honf/best_by_field_mse_model.pt,4689,sparse_incidence_group_control_honf,0273,preparation_plus_one_query,complete,64.98840637505054,66.03688523173332,64.96351623535156,30.97802734375,0.0,23.65869140625,86.0,8192,8192,32768,128
1501,/home/wanglz/Desktop/src/ModularDT/HONF_Proj/Trained_Results/ThermalChannel/HONF_Forward_Runs/Run_1501_20260922_211056_sparse_incidence_adaptive_honf/best_by_field_mse_model.pt,4689,sparse_incidence_group_control_honf,0273,prepared_p2_decode,complete,178.8656236603856,180.39610218256712,178.83750915527344,35.68212890625,0.0,24.7421875,86.0,8192,8192,32768,128
1501,/home/wanglz/Desktop/src/ModularDT/HONF_Proj/Trained_Results/ThermalChannel/HONF_Forward_Runs/Run_1501_20260922_211056_sparse_incidence_adaptive_honf/best_by_field_mse_model.pt,4689,sparse_incidence_group_control_honf,0274,application_evaluator,complete,233.65083895623684,239.20953944325447,233.61395263671875,39.86181640625,0.0,23.65869140625,86.0,8192,8192,32768,128
1501,/home/wanglz/Desktop/src/ModularDT/HONF_Proj/Trained_Results/ThermalChannel/HONF_Forward_Runs/Run_1501_20260922_211056_sparse_incidence_adaptive_honf/best_by_field_mse_model.pt,4689,sparse_incidence_group_control_honf,0274,full_forward,complete,226.12598165869713,226.6077290289104,226.08595275878906,39.55712890625,0.0,23.65869140625,86.0,8192,8192,32768,128
1501,/home/wanglz/Desktop/src/ModularDT/HONF_Proj/Trained_Results/ThermalChannel/HONF_Forward_Runs/Run_1501_20260922_211056_sparse_incidence_adaptive_honf/best_by_field_mse_model.pt,4689,sparse_incidence_group_control_honf,0274,preparation_plus_one_query,complete,62.848144210875034,65.64182667061687,62.82444763183594,30.97802734375,0.0,23.65869140625,86.0,8192,8192,32768,128
1501,/home/wanglz/Desktop/src/ModularDT/HONF_Proj/Trained_Results/ThermalChannel/HONF_Forward_Runs/Run_1501_20260922_211056_sparse_incidence_adaptive_honf/best_by_field_mse_model.pt,4689,sparse_incidence_group_control_honf,0274,prepared_p2_decode,complete,166.17491375654936,166.72228639945388,166.1511688232422,35.68212890625,0.0,24.7421875,86.0,8192,8192,32768,128
1501,/home/wanglz/Desktop/src/ModularDT/HONF_Proj/Trained_Results/ThermalChannel/HONF_Forward_Runs/Run_1501_20260922_211056_sparse_incidence_adaptive_honf/best_by_field_mse_model.pt,4689,sparse_incidence_group_control_honf,0275,application_evaluator,complete,221.50127030909061,224.37163880094886,221.4752960205078,39.86181640625,0.0,23.65869140625,86.0,8192,8192,32768,128
1501,/home/wanglz/Desktop/src/ModularDT/HONF_Proj/Trained_Results/ThermalChannel/HONF_Forward_Runs/Run_1501_20260922_211056_sparse_incidence_adaptive_honf/best_by_field_mse_model.pt,4689,sparse_incidence_group_control_honf,0275,full_forward,complete,225.5359459668398,226.58518003299832,225.51040649414062,39.55712890625,0.0,23.65869140625,86.0,8192,8192,32768,128
1501,/home/wanglz/Desktop/src/ModularDT/HONF_Proj/Trained_Results/ThermalChannel/HONF_Forward_Runs/Run_1501_20260922_211056_sparse_incidence_adaptive_honf/best_by_field_mse_model.pt,4689,sparse_incidence_group_control_honf,0275,preparation_plus_one_query,complete,64.75066021084785,67.00577102601528,64.72601318359375,30.97802734375,0.0,23.65869140625,86.0,8192,8192,32768,128
1501,/home/wanglz/Desktop/src/ModularDT/HONF_Proj/Trained_Results/ThermalChannel/HONF_Forward_Runs/Run_1501_20260922_211056_sparse_incidence_adaptive_honf/best_by_field_mse_model.pt,4689,sparse_incidence_group_control_honf,0275,prepared_p2_decode,complete,164.73112255334854,170.712483022362,164.7052764892578,35.68212890625,0.0,24.7421875,86.0,8192,8192,32768,128
1501,/home/wanglz/Desktop/src/ModularDT/HONF_Proj/Trained_Results/ThermalChannel/HONF_Forward_Runs/Run_1501_20260922_211056_sparse_incidence_adaptive_honf/best_by_field_mse_model.pt,4689,sparse_incidence_group_control_honf,0276,application_evaluator,complete,231.01329151540995,243.0051806382835,230.9859161376953,39.86181640625,0.0,23.65869140625,86.0,8192,8192,32768,128
1501,/home/wanglz/Desktop/src/ModularDT/HONF_Proj/Trained_Results/ThermalChannel/HONF_Forward_Runs/Run_1501_20260922_211056_sparse_incidence_adaptive_honf/best_by_field_mse_model.pt,4689,sparse_incidence_group_control_honf,0276,full_forward,complete,228.7755310535431,230.0012712366879,228.73497009277344,39.55712890625,0.0,23.65869140625,86.0,8192,8192,32768,128
1501,/home/wanglz/Desktop/src/ModularDT/HONF_Proj/Trained_Results/ThermalChannel/HONF_Forward_Runs/Run_1501_20260922_211056_sparse_incidence_adaptive_honf/best_by_field_mse_model.pt,4689,sparse_incidence_group_control_honf,0276,preparation_plus_one_query,complete,63.03699687123299,64.82192650437355,63.01286315917969,30.97802734375,0.0,23.65869140625,86.0,8192,8192,32768,128
1501,/home/wanglz/Desktop/src/ModularDT/HONF_Proj/Trained_Results/ThermalChannel/HONF_Forward_Runs/Run_1501_20260922_211056_sparse_incidence_adaptive_honf/best_by_field_mse_model.pt,4689,sparse_incidence_group_control_honf,0276,prepared_p2_decode,complete,163.86032104492188,167.47845504432917,163.8225860595703,35.68212890625,0.0,24.7421875,86.0,8192,8192,32768,128
1501,/home/wanglz/Desktop/src/ModularDT/HONF_Proj/Trained_Results/ThermalChannel/HONF_Forward_Runs/Run_1501_20260922_211056_sparse_incidence_adaptive_honf/best_by_field_mse_model.pt,4689,sparse_incidence_group_control_honf,0277,application_evaluator,complete,234.99376699328423,235.98416512832046,234.94927978515625,39.86181640625,0.0,23.65869140625,86.0,8192,8192,32768,128
1501,/home/wanglz/Desktop/src/ModularDT/HONF_Proj/Trained_Results/ThermalChannel/HONF_Forward_Runs/Run_1501_20260922_211056_sparse_incidence_adaptive_honf/best_by_field_mse_model.pt,4689,sparse_incidence_group_control_honf,0277,full_forward,complete,221.63340728729963,228.7572856992483,221.6089630126953,39.55712890625,0.0,23.65869140625,86.0,8192,8192,32768,128
1501,/home/wanglz/Desktop/src/ModularDT/HONF_Proj/Trained_Results/ThermalChannel/HONF_Forward_Runs/Run_1501_20260922_211056_sparse_incidence_adaptive_honf/best_by_field_mse_model.pt,4689,sparse_incidence_group_control_honf,0277,preparation_plus_one_query,complete,59.72644966095686,61.09575927257538,59.70431900024414,30.97802734375,0.0,23.65869140625,86.0,8192,8192,32768,128
1501,/home/wanglz/Desktop/src/ModularDT/HONF_Proj/Trained_Results/ThermalChannel/HONF_Forward_Runs/Run_1501_20260922_211056_sparse_incidence_adaptive_honf/best_by_field_mse_model.pt,4689,sparse_incidence_group_control_honf,0277,prepared_p2_decode,complete,156.28321841359138,169.33565633371472,156.24295043945312,35.68212890625,0.0,24.7421875,86.0,8192,8192,32768,128
1501,/home/wanglz/Desktop/src/ModularDT/HONF_Proj/Trained_Results/ThermalChannel/HONF_Forward_Runs/Run_1501_20260922_211056_sparse_incidence_adaptive_honf/best_by_field_mse_model.pt,4689,sparse_incidence_group_control_honf,0278,application_evaluator,complete,221.8236569315195,234.5975055359304,221.7823028564453,39.86181640625,0.0,23.65869140625,86.0,8192,8192,32768,128
1501,/home/wanglz/Desktop/src/ModularDT/HONF_Proj/Trained_Results/ThermalChannel/HONF_Forward_Runs/Run_1501_20260922_211056_sparse_incidence_adaptive_honf/best_by_field_mse_model.pt,4689,sparse_incidence_group_control_honf,0278,full_forward,complete,219.73619796335697,224.47748687118292,219.71148681640625,39.55712890625,0.0,23.65869140625,86.0,8192,8192,32768,128
1501,/home/wanglz/Desktop/src/ModularDT/HONF_Proj/Trained_Results/ThermalChannel/HONF_Forward_Runs/Run_1501_20260922_211056_sparse_incidence_adaptive_honf/best_by_field_mse_model.pt,4689,sparse_incidence_group_control_honf,0278,preparation_plus_one_query,complete,63.94606921821833,66.27761628478765,63.922176361083984,30.97802734375,0.0,23.65869140625,86.0,8192,8192,32768,128
1501,/home/wanglz/Desktop/src/ModularDT/HONF_Proj/Trained_Results/ThermalChannel/HONF_Forward_Runs/Run_1501_20260922_211056_sparse_incidence_adaptive_honf/best_by_field_mse_model.pt,4689,sparse_incidence_group_control_honf,0278,prepared_p2_decode,complete,169.89668738096952,172.29486471042037,169.87033081054688,35.68212890625,0.0,24.7421875,86.0,8192,8192,32768,128
1501,/home/wanglz/Desktop/src/ModularDT/HONF_Proj/Trained_Results/ThermalChannel/HONF_Forward_Runs/Run_1501_20260922_211056_sparse_incidence_adaptive_honf/best_by_field_mse_model.pt,4689,sparse_incidence_group_control_honf,0279,application_evaluator,complete,235.351356677711,236.07272086665034,235.31210327148438,39.86181640625,0.0,23.65869140625,86.0,8192,8192,32768,128
1501,/home/wanglz/Desktop/src/ModularDT/HONF_Proj/Trained_Results/ThermalChannel/HONF_Forward_Runs/Run_1501_20260922_211056_sparse_incidence_adaptive_honf/best_by_field_mse_model.pt,4689,sparse_incidence_group_control_honf,0279,full_forward,complete,231.93939961493015,234.58096478134394,231.9083251953125,39.55712890625,0.0,23.65869140625,86.0,8192,8192,32768,128
1501,/home/wanglz/Desktop/src/ModularDT/HONF_Proj/Trained_Results/ThermalChannel/HONF_Forward_Runs/Run_1501_20260922_211056_sparse_incidence_adaptive_honf/best_by_field_mse_model.pt,4689,sparse_incidence_group_control_honf,0279,preparation_plus_one_query,complete,62.46177013963461,65.37588965147734,62.43840026855469,30.97802734375,0.0,23.65869140625,86.0,8192,8192,32768,128
1501,/home/wanglz/Desktop/src/ModularDT/HONF_Proj/Trained_Results/ThermalChannel/HONF_Forward_Runs/Run_1501_20260922_211056_sparse_incidence_adaptive_honf/best_by_field_mse_model.pt,4689,sparse_incidence_group_control_honf,0279,prepared_p2_decode,complete,171.31980136036873,172.00319804251194,171.24249267578125,35.68212890625,0.0,24.7421875,86.0,8192,8192,32768,128
1501,/home/wanglz/Desktop/src/ModularDT/HONF_Proj/Trained_Results/ThermalChannel/HONF_Forward_Runs/Run_1501_20260922_211056_sparse_incidence_adaptive_honf/best_by_field_mse_model.pt,4689,sparse_incidence_group_control_honf,0280,application_evaluator,complete,230.06202280521393,233.69448902085423,230.0325469970703,39.86181640625,0.0,23.65869140625,86.0,8192,8192,32768,128
1501,/home/wanglz/Desktop/src/ModularDT/HONF_Proj/Trained_Results/ThermalChannel/HONF_Forward_Runs/Run_1501_20260922_211056_sparse_incidence_adaptive_honf/best_by_field_mse_model.pt,4689,sparse_incidence_group_control_honf,0280,full_forward,complete,228.81994117051363,231.09416021034122,228.7790069580078,39.55712890625,0.0,23.65869140625,86.0,8192,8192,32768,128
1501,/home/wanglz/Desktop/src/ModularDT/HONF_Proj/Trained_Results/ThermalChannel/HONF_Forward_Runs/Run_1501_20260922_211056_sparse_incidence_adaptive_honf/best_by_field_mse_model.pt,4689,sparse_incidence_group_control_honf,0280,preparation_plus_one_query,complete,63.02973162382841,63.43453899025917,63.005889892578125,30.97802734375,0.0,23.65869140625,86.0,8192,8192,32768,128
1501,/home/wanglz/Desktop/src/ModularDT/HONF_Proj/Trained_Results/ThermalChannel/HONF_Forward_Runs/Run_1501_20260922_211056_sparse_incidence_adaptive_honf/best_by_field_mse_model.pt,4689,sparse_incidence_group_control_honf,0280,prepared_p2_decode,complete,168.41629520058632,174.6782574802637,168.38963317871094,35.68212890625,0.0,24.7421875,86.0,8192,8192,32768,128
1501,/home/wanglz/Desktop/src/ModularDT/HONF_Proj/Trained_Results/ThermalChannel/HONF_Forward_Runs/Run_1501_20260922_211056_sparse_incidence_adaptive_honf/best_by_field_mse_model.pt,4689,sparse_incidence_group_control_honf,0281,application_evaluator,complete,229.41052634269,234.3776044435799,229.37884521484375,39.86181640625,0.0,23.65869140625,86.0,8192,8192,32768,128
1501,/home/wanglz/Desktop/src/ModularDT/HONF_Proj/Trained_Results/ThermalChannel/HONF_Forward_Runs/Run_1501_20260922_211056_sparse_incidence_adaptive_honf/best_by_field_mse_model.pt,4689,sparse_incidence_group_control_honf,0281,full_forward,complete,232.05589223653078,246.83995423838496,232.01405334472656,39.55712890625,0.0,23.65869140625,86.0,8192,8192,32768,128
1501,/home/wanglz/Desktop/src/ModularDT/HONF_Proj/Trained_Results/ThermalChannel/HONF_Forward_Runs/Run_1501_20260922_211056_sparse_incidence_adaptive_honf/best_by_field_mse_model.pt,4689,sparse_incidence_group_control_honf,0281,preparation_plus_one_query,complete,64.19303175061941,67.7555987611413,64.16802978515625,30.97802734375,0.0,23.65869140625,86.0,8192,8192,32768,128
1501,/home/wanglz/Desktop/src/ModularDT/HONF_Proj/Trained_Results/ThermalChannel/HONF_Forward_Runs/Run_1501_20260922_211056_sparse_incidence_adaptive_honf/best_by_field_mse_model.pt,4689,sparse_incidence_group_control_honf,0281,prepared_p2_decode,complete,168.11764612793922,171.1949462071061,168.09266662597656,35.68212890625,0.0,24.7421875,86.0,8192,8192,32768,128
1501,/home/wanglz/Desktop/src/ModularDT/HONF_Proj/Trained_Results/ThermalChannel/HONF_Forward_Runs/Run_1501_20260922_211056_sparse_incidence_adaptive_honf/best_by_field_mse_model.pt,4689,sparse_incidence_group_control_honf,0282,application_evaluator,complete,227.54181269556284,245.02652641385794,227.50271606445312,39.86181640625,0.0,23.65869140625,86.0,8192,8192,32768,128
1501,/home/wanglz/Desktop/src/ModularDT/HONF_Proj/Trained_Results/ThermalChannel/HONF_Forward_Runs/Run_1501_20260922_211056_sparse_incidence_adaptive_honf/best_by_field_mse_model.pt,4689,sparse_incidence_group_control_honf,0282,full_forward,complete,224.67965818941593,227.2372425533831,224.65228271484375,39.55712890625,0.0,23.65869140625,86.0,8192,8192,32768,128
1501,/home/wanglz/Desktop/src/ModularDT/HONF_Proj/Trained_Results/ThermalChannel/HONF_Forward_Runs/Run_1501_20260922_211056_sparse_incidence_adaptive_honf/best_by_field_mse_model.pt,4689,sparse_incidence_group_control_honf,0282,preparation_plus_one_query,complete,62.561783008277416,62.81296433880925,62.538848876953125,30.97802734375,0.0,23.65869140625,86.0,8192,8192,32768,128
1501,/home/wanglz/Desktop/src/ModularDT/HONF_Proj/Trained_Results/ThermalChannel/HONF_Forward_Runs/Run_1501_20260922_211056_sparse_incidence_adaptive_honf/best_by_field_mse_model.pt,4689,sparse_incidence_group_control_honf,0282,prepared_p2_decode,complete,163.94887119531631,167.6401716656983,163.8973388671875,35.68212890625,0.0,24.7421875,86.0,8192,8192,32768,128
1501,/home/wanglz/Desktop/src/ModularDT/HONF_Proj/Trained_Results/ThermalChannel/HONF_Forward_Runs/Run_1501_20260922_211056_sparse_incidence_adaptive_honf/best_by_field_mse_model.pt,4689,sparse_incidence_group_control_honf,0283,application_evaluator,complete,233.09123516082764,241.32117107510567,233.06544494628906,39.86181640625,0.0,23.65869140625,86.0,8192,8192,32768,128
1501,/home/wanglz/Desktop/src/ModularDT/HONF_Proj/Trained_Results/ThermalChannel/HONF_Forward_Runs/Run_1501_20260922_211056_sparse_incidence_adaptive_honf/best_by_field_mse_model.pt,4689,sparse_incidence_group_control_honf,0283,full_forward,complete,222.3578030243516,224.3250222876668,222.31961059570312,39.55712890625,0.0,23.65869140625,86.0,8192,8192,32768,128
1501,/home/wanglz/Desktop/src/ModularDT/HONF_Proj/Trained_Results/ThermalChannel/HONF_Forward_Runs/Run_1501_20260922_211056_sparse_incidence_adaptive_honf/best_by_field_mse_model.pt,4689,sparse_incidence_group_control_honf,0283,preparation_plus_one_query,complete,63.29708732664585,66.55868701636791,63.27299118041992,30.97802734375,0.0,23.65869140625,86.0,8192,8192,32768,128
1501,/home/wanglz/Desktop/src/ModularDT/HONF_Proj/Trained_Results/ThermalChannel/HONF_Forward_Runs/Run_1501_20260922_211056_sparse_incidence_adaptive_honf/best_by_field_mse_model.pt,4689,sparse_incidence_group_control_honf,0283,prepared_p2_decode,complete,171.7693004757166,173.05186577141285,171.73919677734375,35.68212890625,0.0,24.7421875,86.0,8192,8192,32768,128
1501,/home/wanglz/Desktop/src/ModularDT/HONF_Proj/Trained_Results/ThermalChannel/HONF_Forward_Runs/Run_1501_20260922_211056_sparse_incidence_adaptive_honf/best_by_field_mse_model.pt,4689,sparse_incidence_group_control_honf,0284,application_evaluator,complete,238.4160440415144,244.614895619452,238.3711395263672,39.86181640625,0.0,23.65869140625,86.0,8192,8192,32768,128
1501,/home/wanglz/Desktop/src/ModularDT/HONF_Proj/Trained_Results/ThermalChannel/HONF_Forward_Runs/Run_1501_20260922_211056_sparse_incidence_adaptive_honf/best_by_field_mse_model.pt,4689,sparse_incidence_group_control_honf,0284,full_forward,complete,229.00096327066422,233.24265386909246,228.96640014648438,39.55712890625,0.0,23.65869140625,86.0,8192,8192,32768,128
1501,/home/wanglz/Desktop/src/ModularDT/HONF_Proj/Trained_Results/ThermalChannel/HONF_Forward_Runs/Run_1501_20260922_211056_sparse_incidence_adaptive_honf/best_by_field_mse_model.pt,4689,sparse_incidence_group_control_honf,0284,preparation_plus_one_query,complete,61.87117658555508,63.423278741538525,61.835262298583984,30.97802734375,0.0,23.65869140625,86.0,8192,8192,32768,128
1501,/home/wanglz/Desktop/src/ModularDT/HONF_Proj/Trained_Results/ThermalChannel/HONF_Forward_Runs/Run_1501_20260922_211056_sparse_incidence_adaptive_honf/best_by_field_mse_model.pt,4689,sparse_incidence_group_control_honf,0284,prepared_p2_decode,complete,171.51535209268332,171.93474229425192,171.4903106689453,35.68212890625,0.0,24.7421875,86.0,8192,8192,32768,128
1501,/home/wanglz/Desktop/src/ModularDT/HONF_Proj/Trained_Results/ThermalChannel/HONF_Forward_Runs/Run_1501_20260922_211056_sparse_incidence_adaptive_honf/best_by_field_mse_model.pt,4689,sparse_incidence_group_control_honf,0285,application_evaluator,complete,227.77647711336613,230.8125415816903,227.74981689453125,39.86181640625,0.0,23.65869140625,86.0,8192,8192,32768,128
1501,/home/wanglz/Desktop/src/ModularDT/HONF_Proj/Trained_Results/ThermalChannel/HONF_Forward_Runs/Run_1501_20260922_211056_sparse_incidence_adaptive_honf/best_by_field_mse_model.pt,4689,sparse_incidence_group_control_honf,0285,full_forward,complete,220.0440475717187,235.36617746576667,220.00440979003906,39.55712890625,0.0,23.65869140625,86.0,8192,8192,32768,128
1501,/home/wanglz/Desktop/src/ModularDT/HONF_Proj/Trained_Results/ThermalChannel/HONF_Forward_Runs/Run_1501_20260922_211056_sparse_incidence_adaptive_honf/best_by_field_mse_model.pt,4689,sparse_incidence_group_control_honf,0285,preparation_plus_one_query,complete,64.46848809719086,64.49363213032484,64.44364929199219,30.97802734375,0.0,23.65869140625,86.0,8192,8192,32768,128
1501,/home/wanglz/Desktop/src/ModularDT/HONF_Proj/Trained_Results/ThermalChannel/HONF_Forward_Runs/Run_1501_20260922_211056_sparse_incidence_adaptive_honf/best_by_field_mse_model.pt,4689,sparse_incidence_group_control_honf,0285,prepared_p2_decode,complete,166.07236489653587,169.06895311549306,166.03526306152344,35.68212890625,0.0,24.7421875,86.0,8192,8192,32768,128
1501,/home/wanglz/Desktop/src/ModularDT/HONF_Proj/Trained_Results/ThermalChannel/HONF_Forward_Runs/Run_1501_20260922_211056_sparse_incidence_adaptive_honf/best_by_field_mse_model.pt,4689,sparse_incidence_group_control_honf,0286,application_evaluator,complete,241.96377210319042,249.80599554255605,241.93472290039062,39.86181640625,0.0,23.65869140625,86.0,8192,8192,32768,128
1501,/home/wanglz/Desktop/src/ModularDT/HONF_Proj/Trained_Results/ThermalChannel/HONF_Forward_Runs/Run_1501_20260922_211056_sparse_incidence_adaptive_honf/best_by_field_mse_model.pt,4689,sparse_incidence_group_control_honf,0286,full_forward,complete,219.02015153318644,228.22288190945983,218.99452209472656,39.55712890625,0.0,23.65869140625,86.0,8192,8192,32768,128
1501,/home/wanglz/Desktop/src/ModularDT/HONF_Proj/Trained_Results/ThermalChannel/HONF_Forward_Runs/Run_1501_20260922_211056_sparse_incidence_adaptive_honf/best_by_field_mse_model.pt,4689,sparse_incidence_group_control_honf,0286,preparation_plus_one_query,complete,60.25697011500597,63.09188734740019,60.23680114746094,30.97802734375,0.0,23.65869140625,86.0,8192,8192,32768,128
1501,/home/wanglz/Desktop/src/ModularDT/HONF_Proj/Trained_Results/ThermalChannel/HONF_Forward_Runs/Run_1501_20260922_211056_sparse_incidence_adaptive_honf/best_by_field_mse_model.pt,4689,sparse_incidence_group_control_honf,0286,prepared_p2_decode,complete,168.63559279590845,170.25256333872676,168.59954833984375,35.68212890625,0.0,24.7421875,86.0,8192,8192,32768,128
1501,/home/wanglz/Desktop/src/ModularDT/HONF_Proj/Trained_Results/ThermalChannel/HONF_Forward_Runs/Run_1501_20260922_211056_sparse_incidence_adaptive_honf/best_by_field_mse_model.pt,4689,sparse_incidence_group_control_honf,0287,application_evaluator,complete,231.49070981889963,238.23341196402907,231.46429443359375,39.86181640625,0.0,23.65869140625,86.0,8192,8192,32768,128
1501,/home/wanglz/Desktop/src/ModularDT/HONF_Proj/Trained_Results/ThermalChannel/HONF_Forward_Runs/Run_1501_20260922_211056_sparse_incidence_adaptive_honf/best_by_field_mse_model.pt,4689,sparse_incidence_group_control_honf,0287,full_forward,complete,233.2842731848359,234.2822133563459,233.24342346191406,39.55712890625,0.0,23.65869140625,86.0,8192,8192,32768,128
1501,/home/wanglz/Desktop/src/ModularDT/HONF_Proj/Trained_Results/ThermalChannel/HONF_Forward_Runs/Run_1501_20260922_211056_sparse_incidence_adaptive_honf/best_by_field_mse_model.pt,4689,sparse_incidence_group_control_honf,0287,preparation_plus_one_query,complete,62.501994892954826,65.18504545092583,62.478336334228516,30.97802734375,0.0,23.65869140625,86.0,8192,8192,32768,128
1501,/home/wanglz/Desktop/src/ModularDT/HONF_Proj/Trained_Results/ThermalChannel/HONF_Forward_Runs/Run_1501_20260922_211056_sparse_incidence_adaptive_honf/best_by_field_mse_model.pt,4689,sparse_incidence_group_control_honf,0287,prepared_p2_decode,complete,162.0360091328621,164.2403306439519,162.0128936767578,35.68212890625,0.0,24.7421875,86.0,8192,8192,32768,128
1501,/home/wanglz/Desktop/src/ModularDT/HONF_Proj/Trained_Results/ThermalChannel/HONF_Forward_Runs/Run_1501_20260922_211056_sparse_incidence_adaptive_honf/best_by_field_mse_model.pt,4689,sparse_incidence_group_control_honf,0288,application_evaluator,complete,239.39942102879286,241.51649363338947,239.36428833007812,39.86181640625,0.0,23.65869140625,86.0,8192,8192,32768,128
1501,/home/wanglz/Desktop/src/ModularDT/HONF_Proj/Trained_Results/ThermalChannel/HONF_Forward_Runs/Run_1501_20260922_211056_sparse_incidence_adaptive_honf/best_by_field_mse_model.pt,4689,sparse_incidence_group_control_honf,0288,full_forward,complete,238.13526798039675,262.454707082361,238.10765075683594,39.55712890625,0.0,23.65869140625,86.0,8192,8192,32768,128
1501,/home/wanglz/Desktop/src/ModularDT/HONF_Proj/Trained_Results/ThermalChannel/HONF_Forward_Runs/Run_1501_20260922_211056_sparse_incidence_adaptive_honf/best_by_field_mse_model.pt,4689,sparse_incidence_group_control_honf,0288,preparation_plus_one_query,complete,70.22492494434118,70.5263951793313,70.19827270507812,30.97802734375,0.0,23.65869140625,86.0,8192,8192,32768,128
1501,/home/wanglz/Desktop/src/ModularDT/HONF_Proj/Trained_Results/ThermalChannel/HONF_Forward_Runs/Run_1501_20260922_211056_sparse_incidence_adaptive_honf/best_by_field_mse_model.pt,4689,sparse_incidence_group_control_honf,0288,prepared_p2_decode,complete,176.86054855585098,179.67057405039668,176.83558654785156,35.68212890625,0.0,24.7421875,86.0,8192,8192,32768,128
1501,/home/wanglz/Desktop/src/ModularDT/HONF_Proj/Trained_Results/ThermalChannel/HONF_Forward_Runs/Run_1501_20260922_211056_sparse_incidence_adaptive_honf/best_by_field_mse_model.pt,4689,sparse_incidence_group_control_honf,0289,application_evaluator,complete,229.1205208748579,232.6219896785915,229.09312438964844,39.86181640625,0.0,23.65869140625,86.0,8192,8192,32768,128
1501,/home/wanglz/Desktop/src/ModularDT/HONF_Proj/Trained_Results/ThermalChannel/HONF_Forward_Runs/Run_1501_20260922_211056_sparse_incidence_adaptive_honf/best_by_field_mse_model.pt,4689,sparse_incidence_group_control_honf,0289,full_forward,complete,233.086752705276,242.1436513774097,233.05625915527344,39.55712890625,0.0,23.65869140625,86.0,8192,8192,32768,128
1501,/home/wanglz/Desktop/src/ModularDT/HONF_Proj/Trained_Results/ThermalChannel/HONF_Forward_Runs/Run_1501_20260922_211056_sparse_incidence_adaptive_honf/best_by_field_mse_model.pt,4689,sparse_incidence_group_control_honf,0289,preparation_plus_one_query,complete,61.82340160012245,63.576901610940695,61.80326461791992,30.97802734375,0.0,23.65869140625,86.0,8192,8192,32768,128
1501,/home/wanglz/Desktop/src/ModularDT/HONF_Proj/Trained_Results/ThermalChannel/HONF_Forward_Runs/Run_1501_20260922_211056_sparse_incidence_adaptive_honf/best_by_field_mse_model.pt,4689,sparse_incidence_group_control_honf,0289,prepared_p2_decode,complete,173.82434383034706,180.7661815546453,173.7891845703125,35.68212890625,0.0,24.7421875,86.0,8192,8192,32768,128
1501,/home/wanglz/Desktop/src/ModularDT/HONF_Proj/Trained_Results/ThermalChannel/HONF_Forward_Runs/Run_1501_20260922_211056_sparse_incidence_adaptive_honf/best_by_field_mse_model.pt,4689,sparse_incidence_group_control_honf,0290,application_evaluator,complete,236.9842529296875,241.68480997905135,236.95791625976562,39.86181640625,0.0,23.65869140625,86.0,8192,8192,32768,128
1501,/home/wanglz/Desktop/src/ModularDT/HONF_Proj/Trained_Results/ThermalChannel/HONF_Forward_Runs/Run_1501_20260922_211056_sparse_incidence_adaptive_honf/best_by_field_mse_model.pt,4689,sparse_incidence_group_control_honf,0290,full_forward,complete,243.19159798324108,250.12589283287525,243.16429138183594,39.55712890625,0.0,23.65869140625,86.0,8192,8192,32768,128
1501,/home/wanglz/Desktop/src/ModularDT/HONF_Proj/Trained_Results/ThermalChannel/HONF_Forward_Runs/Run_1501_20260922_211056_sparse_incidence_adaptive_honf/best_by_field_mse_model.pt,4689,sparse_incidence_group_control_honf,0290,preparation_plus_one_query,complete,65.32866787165403,65.46469442546368,65.30457305908203,30.97802734375,0.0,23.65869140625,86.0,8192,8192,32768,128
1501,/home/wanglz/Desktop/src/ModularDT/HONF_Proj/Trained_Results/ThermalChannel/HONF_Forward_Runs/Run_1501_20260922_211056_sparse_incidence_adaptive_honf/best_by_field_mse_model.pt,4689,sparse_incidence_group_control_honf,0290,prepared_p2_decode,complete,164.7456232458353,168.0459439754486,164.70533752441406,35.68212890625,0.0,24.7421875,86.0,8192,8192,32768,128
1501,/home/wanglz/Desktop/src/ModularDT/HONF_Proj/Trained_Results/ThermalChannel/HONF_Forward_Runs/Run_1501_20260922_211056_sparse_incidence_adaptive_honf/best_by_field_mse_model.pt,4689,sparse_incidence_group_control_honf,0291,application_evaluator,complete,223.7132927402854,231.1891750432551,223.67254638671875,39.86181640625,0.0,23.65869140625,86.0,8192,8192,32768,128
1501,/home/wanglz/Desktop/src/ModularDT/HONF_Proj/Trained_Results/ThermalChannel/HONF_Forward_Runs/Run_1501_20260922_211056_sparse_incidence_adaptive_honf/best_by_field_mse_model.pt,4689,sparse_incidence_group_control_honf,0291,full_forward,complete,220.39324790239334,233.01372025161982,220.35452270507812,39.55712890625,0.0,23.65869140625,86.0,8192,8192,32768,128
1501,/home/wanglz/Desktop/src/ModularDT/HONF_Proj/Trained_Results/ThermalChannel/HONF_Forward_Runs/Run_1501_20260922_211056_sparse_incidence_adaptive_honf/best_by_field_mse_model.pt,4689,sparse_incidence_group_control_honf,0291,preparation_plus_one_query,complete,65.06605911999941,66.42908146604896,65.04243469238281,30.97802734375,0.0,23.65869140625,86.0,8192,8192,32768,128
1501,/home/wanglz/Desktop/src/ModularDT/HONF_Proj/Trained_Results/ThermalChannel/HONF_Forward_Runs/Run_1501_20260922_211056_sparse_incidence_adaptive_honf/best_by_field_mse_model.pt,4689,sparse_incidence_group_control_honf,0291,prepared_p2_decode,complete,173.0320444330573,175.92805987223983,173.0037078857422,35.68212890625,0.0,24.7421875,86.0,8192,8192,32768,128
1501,/home/wanglz/Desktop/src/ModularDT/HONF_Proj/Trained_Results/ThermalChannel/HONF_Forward_Runs/Run_1501_20260922_211056_sparse_incidence_adaptive_honf/best_by_field_mse_model.pt,4689,sparse_incidence_group_control_honf,0292,application_evaluator,complete,220.6851877272129,223.96438773721457,220.6577606201172,39.86181640625,0.0,23.65869140625,86.0,8192,8192,32768,128
1501,/home/wanglz/Desktop/src/ModularDT/HONF_Proj/Trained_Results/ThermalChannel/HONF_Forward_Runs/Run_1501_20260922_211056_sparse_incidence_adaptive_honf/best_by_field_mse_model.pt,4689,sparse_incidence_group_control_honf,0292,full_forward,complete,227.68845967948437,240.61316745355725,227.66490173339844,39.55712890625,0.0,23.65869140625,86.0,8192,8192,32768,128
1501,/home/wanglz/Desktop/src/ModularDT/HONF_Proj/Trained_Results/ThermalChannel/HONF_Forward_Runs/Run_1501_20260922_211056_sparse_incidence_adaptive_honf/best_by_field_mse_model.pt,4689,sparse_incidence_group_control_honf,0292,preparation_plus_one_query,complete,67.60526075959206,68.23434857651591,67.58195495605469,30.97802734375,0.0,23.65869140625,86.0,8192,8192,32768,128
1501,/home/wanglz/Desktop/src/ModularDT/HONF_Proj/Trained_Results/ThermalChannel/HONF_Forward_Runs/Run_1501_20260922_211056_sparse_incidence_adaptive_honf/best_by_field_mse_model.pt,4689,sparse_incidence_group_control_honf,0292,prepared_p2_decode,complete,174.22383837401867,182.85380396991968,174.20066833496094,35.68212890625,0.0,24.7421875,86.0,8192,8192,32768,128
1501,/home/wanglz/Desktop/src/ModularDT/HONF_Proj/Trained_Results/ThermalChannel/HONF_Forward_Runs/Run_1501_20260922_211056_sparse_incidence_adaptive_honf/best_by_field_mse_model.pt,4689,sparse_incidence_group_control_honf,0293,application_evaluator,complete,228.4558890387416,239.68794271349907,228.41302490234375,40.826171875,0.0,23.65869140625,98.0,8192,8192,32768,128
1501,/home/wanglz/Desktop/src/ModularDT/HONF_Proj/Trained_Results/ThermalChannel/HONF_Forward_Runs/Run_1501_20260922_211056_sparse_incidence_adaptive_honf/best_by_field_mse_model.pt,4689,sparse_incidence_group_control_honf,0293,full_forward,complete,229.77759409695864,233.77212332561612,229.7375030517578,40.521484375,0.0,23.65869140625,98.0,8192,8192,32768,128
1501,/home/wanglz/Desktop/src/ModularDT/HONF_Proj/Trained_Results/ThermalChannel/HONF_Forward_Runs/Run_1501_20260922_211056_sparse_incidence_adaptive_honf/best_by_field_mse_model.pt,4689,sparse_incidence_group_control_honf,0293,preparation_plus_one_query,complete,63.25405649840832,64.4679807126522,63.22102355957031,40.521484375,0.0,23.65869140625,98.0,8192,8192,32768,128
1501,/home/wanglz/Desktop/src/ModularDT/HONF_Proj/Trained_Results/ThermalChannel/HONF_Forward_Runs/Run_1501_20260922_211056_sparse_incidence_adaptive_honf/best_by_field_mse_model.pt,4689,sparse_incidence_group_control_honf,0293,prepared_p2_decode,complete,178.42697259038687,183.85543003678322,178.4001922607422,35.68212890625,0.0,24.7421875,98.0,8192,8192,32768,128
1501,/home/wanglz/Desktop/src/ModularDT/HONF_Proj/Trained_Results/ThermalChannel/HONF_Forward_Runs/Run_1501_20260922_211056_sparse_incidence_adaptive_honf/best_by_field_mse_model.pt,4689,sparse_incidence_group_control_honf,0294,application_evaluator,complete,229.33311108499765,234.732402022928,229.30844116210938,40.826171875,0.0,23.65869140625,98.0,8192,8192,32768,128
1501,/home/wanglz/Desktop/src/ModularDT/HONF_Proj/Trained_Results/ThermalChannel/HONF_Forward_Runs/Run_1501_20260922_211056_sparse_incidence_adaptive_honf/best_by_field_mse_model.pt,4689,sparse_incidence_group_control_honf,0294,full_forward,complete,221.08636144548655,232.4174783192575,221.04684448242188,40.521484375,0.0,23.65869140625,98.0,8192,8192,32768,128
1501,/home/wanglz/Desktop/src/ModularDT/HONF_Proj/Trained_Results/ThermalChannel/HONF_Forward_Runs/Run_1501_20260922_211056_sparse_incidence_adaptive_honf/best_by_field_mse_model.pt,4689,sparse_incidence_group_control_honf,0294,preparation_plus_one_query,complete,69.9597978964448,74.74760133773088,69.93622589111328,40.521484375,0.0,23.65869140625,98.0,8192,8192,32768,128
1501,/home/wanglz/Desktop/src/ModularDT/HONF_Proj/Trained_Results/ThermalChannel/HONF_Forward_Runs/Run_1501_20260922_211056_sparse_incidence_adaptive_honf/best_by_field_mse_model.pt,4689,sparse_incidence_group_control_honf,0294,prepared_p2_decode,complete,168.79621613770723,168.9065957441926,168.7572479248047,35.68212890625,0.0,24.7421875,98.0,8192,8192,32768,128
1501,/home/wanglz/Desktop/src/ModularDT/HONF_Proj/Trained_Results/ThermalChannel/HONF_Forward_Runs/Run_1501_20260922_211056_sparse_incidence_adaptive_honf/best_by_field_mse_model.pt,4689,sparse_incidence_group_control_honf,0295,application_evaluator,complete,242.17523261904716,251.87354050576687,242.1444854736328,40.826171875,0.0,23.65869140625,98.0,8192,8192,32768,128
1501,/home/wanglz/Desktop/src/ModularDT/HONF_Proj/Trained_Results/ThermalChannel/HONF_Forward_Runs/Run_1501_20260922_211056_sparse_incidence_adaptive_honf/best_by_field_mse_model.pt,4689,sparse_incidence_group_control_honf,0295,full_forward,complete,234.685018658638,242.5810480490327,234.6565704345703,40.521484375,0.0,23.65869140625,98.0,8192,8192,32768,128
1501,/home/wanglz/Desktop/src/ModularDT/HONF_Proj/Trained_Results/ThermalChannel/HONF_Forward_Runs/Run_1501_20260922_211056_sparse_incidence_adaptive_honf/best_by_field_mse_model.pt,4689,sparse_incidence_group_control_honf,0295,preparation_plus_one_query,complete,59.22832153737545,61.190762277692556,59.19935989379883,40.521484375,0.0,23.65869140625,98.0,8192,8192,32768,128
1501,/home/wanglz/Desktop/src/ModularDT/HONF_Proj/Trained_Results/ThermalChannel/HONF_Forward_Runs/Run_1501_20260922_211056_sparse_incidence_adaptive_honf/best_by_field_mse_model.pt,4689,sparse_incidence_group_control_honf,0295,prepared_p2_decode,complete,172.9973955079913,175.0775072723627,172.9544677734375,35.68212890625,0.0,24.7421875,98.0,8192,8192,32768,128
1501,/home/wanglz/Desktop/src/ModularDT/HONF_Proj/Trained_Results/ThermalChannel/HONF_Forward_Runs/Run_1501_20260922_211056_sparse_incidence_adaptive_honf/best_by_field_mse_model.pt,4689,sparse_incidence_group_control_honf,0296,application_evaluator,complete,226.0633483529091,231.70426776632667,226.03794860839844,40.826171875,0.0,23.65869140625,98.0,8192,8192,32768,128
1501,/home/wanglz/Desktop/src/ModularDT/HONF_Proj/Trained_Results/ThermalChannel/HONF_Forward_Runs/Run_1501_20260922_211056_sparse_incidence_adaptive_honf/best_by_field_mse_model.pt,4689,sparse_incidence_group_control_honf,0296,full_forward,complete,232.86547418683767,233.68313806131482,232.84121704101562,40.521484375,0.0,23.65869140625,98.0,8192,8192,32768,128
1501,/home/wanglz/Desktop/src/ModularDT/HONF_Proj/Trained_Results/ThermalChannel/HONF_Forward_Runs/Run_1501_20260922_211056_sparse_incidence_adaptive_honf/best_by_field_mse_model.pt,4689,sparse_incidence_group_control_honf,0296,preparation_plus_one_query,complete,64.12429641932249,65.37945372983813,64.10137939453125,40.521484375,0.0,23.65869140625,98.0,8192,8192,32768,128
1501,/home/wanglz/Desktop/src/ModularDT/HONF_Proj/Trained_Results/ThermalChannel/HONF_Forward_Runs/Run_1501_20260922_211056_sparse_incidence_adaptive_honf/best_by_field_mse_model.pt,4689,sparse_incidence_group_control_honf,0296,prepared_p2_decode,complete,161.59626469016075,164.21696059405804,161.5626220703125,35.68212890625,0.0,24.7421875,98.0,8192,8192,32768,128
1501,/home/wanglz/Desktop/src/ModularDT/HONF_Proj/Trained_Results/ThermalChannel/HONF_Forward_Runs/Run_1501_20260922_211056_sparse_incidence_adaptive_honf/best_by_field_mse_model.pt,4689,sparse_incidence_group_control_honf,0297,application_evaluator,complete,230.42125534266233,247.77798494324088,230.38540649414062,40.826171875,0.0,23.65869140625,98.0,8192,8192,32768,128
1501,/home/wanglz/Desktop/src/ModularDT/HONF_Proj/Trained_Results/ThermalChannel/HONF_Forward_Runs/Run_1501_20260922_211056_sparse_incidence_adaptive_honf/best_by_field_mse_model.pt,4689,sparse_incidence_group_control_honf,0297,full_forward,complete,225.71189887821674,225.80115692690015,225.67138671875,40.521484375,0.0,23.65869140625,98.0,8192,8192,32768,128
1501,/home/wanglz/Desktop/src/ModularDT/HONF_Proj/Trained_Results/ThermalChannel/HONF_Forward_Runs/Run_1501_20260922_211056_sparse_incidence_adaptive_honf/best_by_field_mse_model.pt,4689,sparse_incidence_group_control_honf,0297,preparation_plus_one_query,complete,68.06929223239422,69.30860942229629,68.03660583496094,40.521484375,0.0,23.65869140625,98.0,8192,8192,32768,128
1501,/home/wanglz/Desktop/src/ModularDT/HONF_Proj/Trained_Results/ThermalChannel/HONF_Forward_Runs/Run_1501_20260922_211056_sparse_incidence_adaptive_honf/best_by_field_mse_model.pt,4689,sparse_incidence_group_control_honf,0297,prepared_p2_decode,complete,172.40791860967875,184.02466643601656,172.3811798095703,35.68212890625,0.0,24.7421875,98.0,8192,8192,32768,128
1501,/home/wanglz/Desktop/src/ModularDT/HONF_Proj/Trained_Results/ThermalChannel/HONF_Forward_Runs/Run_1501_20260922_211056_sparse_incidence_adaptive_honf/best_by_field_mse_model.pt,4689,sparse_incidence_group_control_honf,0298,application_evaluator,complete,236.24166660010815,237.8352541476488,236.21385192871094,40.826171875,0.0,23.65869140625,98.0,8192,8192,32768,128
1501,/home/wanglz/Desktop/src/ModularDT/HONF_Proj/Trained_Results/ThermalChannel/HONF_Forward_Runs/Run_1501_20260922_211056_sparse_incidence_adaptive_honf/best_by_field_mse_model.pt,4689,sparse_incidence_group_control_honf,0298,full_forward,complete,235.2772792801261,238.21352366358042,235.2506866455078,40.521484375,0.0,23.65869140625,98.0,8192,8192,32768,128
1501,/home/wanglz/Desktop/src/ModularDT/HONF_Proj/Trained_Results/ThermalChannel/HONF_Forward_Runs/Run_1501_20260922_211056_sparse_incidence_adaptive_honf/best_by_field_mse_model.pt,4689,sparse_incidence_group_control_honf,0298,preparation_plus_one_query,complete,59.977032244205475,61.9130733422935,59.95417785644531,40.521484375,0.0,23.65869140625,98.0,8192,8192,32768,128
1501,/home/wanglz/Desktop/src/ModularDT/HONF_Proj/Trained_Results/ThermalChannel/HONF_Forward_Runs/Run_1501_20260922_211056_sparse_incidence_adaptive_honf/best_by_field_mse_model.pt,4689,sparse_incidence_group_control_honf,0298,prepared_p2_decode,complete,174.5068309828639,203.00912139937282,174.47415161132812,35.68212890625,0.0,24.7421875,98.0,8192,8192,32768,128
1501,/home/wanglz/Desktop/src/ModularDT/HONF_Proj/Trained_Results/ThermalChannel/HONF_Forward_Runs/Run_1501_20260922_211056_sparse_incidence_adaptive_honf/best_by_field_mse_model.pt,4689,sparse_incidence_group_control_honf,0299,application_evaluator,complete,230.6919600814581,232.37732108682394,230.66441345214844,40.826171875,0.0,23.65869140625,98.0,8192,8192,32768,128
1501,/home/wanglz/Desktop/src/ModularDT/HONF_Proj/Trained_Results/ThermalChannel/HONF_Forward_Runs/Run_1501_20260922_211056_sparse_incidence_adaptive_honf/best_by_field_mse_model.pt,4689,sparse_incidence_group_control_honf,0299,full_forward,complete,226.82909946888685,228.56022147461772,226.8035888671875,40.521484375,0.0,23.65869140625,98.0,8192,8192,32768,128
1501,/home/wanglz/Desktop/src/ModularDT/HONF_Proj/Trained_Results/ThermalChannel/HONF_Forward_Runs/Run_1501_20260922_211056_sparse_incidence_adaptive_honf/best_by_field_mse_model.pt,4689,sparse_incidence_group_control_honf,0299,preparation_plus_one_query,complete,65.62954559922218,66.91889772191644,65.60562896728516,40.521484375,0.0,23.65869140625,98.0,8192,8192,32768,128
1501,/home/wanglz/Desktop/src/ModularDT/HONF_Proj/Trained_Results/ThermalChannel/HONF_Forward_Runs/Run_1501_20260922_211056_sparse_incidence_adaptive_honf/best_by_field_mse_model.pt,4689,sparse_incidence_group_control_honf,0299,prepared_p2_decode,complete,168.1567281484604,171.0743655450642,168.12953186035156,35.68212890625,0.0,24.7421875,98.0,8192,8192,32768,128
1501,/home/wanglz/Desktop/src/ModularDT/HONF_Proj/Trained_Results/ThermalChannel/HONF_Forward_Runs/Run_1501_20260922_211056_sparse_incidence_adaptive_honf/best_by_field_mse_model.pt,4689,sparse_incidence_group_control_honf,0300,application_evaluator,complete,228.6762958392501,233.825661893934,228.65228271484375,40.826171875,0.0,23.65869140625,98.0,8192,8192,32768,128
1501,/home/wanglz/Desktop/src/ModularDT/HONF_Proj/Trained_Results/ThermalChannel/HONF_Forward_Runs/Run_1501_20260922_211056_sparse_incidence_adaptive_honf/best_by_field_mse_model.pt,4689,sparse_incidence_group_control_honf,0300,full_forward,complete,231.14984761923552,231.35526962578297,231.11065673828125,40.521484375,0.0,23.65869140625,98.0,8192,8192,32768,128
1501,/home/wanglz/Desktop/src/ModularDT/HONF_Proj/Trained_Results/ThermalChannel/HONF_Forward_Runs/Run_1501_20260922_211056_sparse_incidence_adaptive_honf/best_by_field_mse_model.pt,4689,sparse_incidence_group_control_honf,0300,preparation_plus_one_query,complete,63.52364644408226,67.3160226084292,63.496158599853516,40.521484375,0.0,23.65869140625,98.0,8192,8192,32768,128
1501,/home/wanglz/Desktop/src/ModularDT/HONF_Proj/Trained_Results/ThermalChannel/HONF_Forward_Runs/Run_1501_20260922_211056_sparse_incidence_adaptive_honf/best_by_field_mse_model.pt,4689,sparse_incidence_group_control_honf,0300,prepared_p2_decode,complete,171.39212042093277,172.19193167984486,171.35728454589844,35.68212890625,0.0,24.7421875,98.0,8192,8192,32768,128
1501,/home/wanglz/Desktop/src/ModularDT/HONF_Proj/Trained_Results/ThermalChannel/HONF_Forward_Runs/Run_1501_20260922_211056_sparse_incidence_adaptive_honf/best_by_field_mse_model.pt,4689,sparse_incidence_group_control_honf,0301,application_evaluator,complete,232.54055250436068,238.90258464962244,232.513916015625,40.826171875,0.0,23.65869140625,98.0,8192,8192,32768,128
1501,/home/wanglz/Desktop/src/ModularDT/HONF_Proj/Trained_Results/ThermalChannel/HONF_Forward_Runs/Run_1501_20260922_211056_sparse_incidence_adaptive_honf/best_by_field_mse_model.pt,4689,sparse_incidence_group_control_honf,0301,full_forward,complete,229.78120855987072,232.90527379140258,229.7425994873047,40.521484375,0.0,23.65869140625,98.0,8192,8192,32768,128
1501,/home/wanglz/Desktop/src/ModularDT/HONF_Proj/Trained_Results/ThermalChannel/HONF_Forward_Runs/Run_1501_20260922_211056_sparse_incidence_adaptive_honf/best_by_field_mse_model.pt,4689,sparse_incidence_group_control_honf,0301,preparation_plus_one_query,complete,65.00347331166267,66.03510621935129,64.97698974609375,40.521484375,0.0,23.65869140625,98.0,8192,8192,32768,128
1501,/home/wanglz/Desktop/src/ModularDT/HONF_Proj/Trained_Results/ThermalChannel/HONF_Forward_Runs/Run_1501_20260922_211056_sparse_incidence_adaptive_honf/best_by_field_mse_model.pt,4689,sparse_incidence_group_control_honf,0301,prepared_p2_decode,complete,163.82619552314281,165.2701803483069,163.80210876464844,35.68212890625,0.0,24.7421875,98.0,8192,8192,32768,128
1501,/home/wanglz/Desktop/src/ModularDT/HONF_Proj/Trained_Results/ThermalChannel/HONF_Forward_Runs/Run_1501_20260922_211056_sparse_incidence_adaptive_honf/best_by_field_mse_model.pt,4689,sparse_incidence_group_control_honf,0302,application_evaluator,complete,221.49841487407684,231.448407843709,221.47450256347656,40.826171875,0.0,23.65869140625,98.0,8192,8192,32768,128
1501,/home/wanglz/Desktop/src/ModularDT/HONF_Proj/Trained_Results/ThermalChannel/HONF_Forward_Runs/Run_1501_20260922_211056_sparse_incidence_adaptive_honf/best_by_field_mse_model.pt,4689,sparse_incidence_group_control_honf,0302,full_forward,complete,228.3991575241089,229.9726310186088,228.3714599609375,40.521484375,0.0,23.65869140625,98.0,8192,8192,32768,128
1501,/home/wanglz/Desktop/src/ModularDT/HONF_Proj/Trained_Results/ThermalChannel/HONF_Forward_Runs/Run_1501_20260922_211056_sparse_incidence_adaptive_honf/best_by_field_mse_model.pt,4689,sparse_incidence_group_control_honf,0302,preparation_plus_one_query,complete,61.54625676572323,62.87332493811846,61.52409744262695,40.521484375,0.0,23.65869140625,98.0,8192,8192,32768,128
1501,/home/wanglz/Desktop/src/ModularDT/HONF_Proj/Trained_Results/ThermalChannel/HONF_Forward_Runs/Run_1501_20260922_211056_sparse_incidence_adaptive_honf/best_by_field_mse_model.pt,4689,sparse_incidence_group_control_honf,0302,prepared_p2_decode,complete,165.7686596736312,169.70485672354698,165.607421875,35.68212890625,0.0,24.7421875,98.0,8192,8192,32768,128
1501,/home/wanglz/Desktop/src/ModularDT/HONF_Proj/Trained_Results/ThermalChannel/HONF_Forward_Runs/Run_1501_20260922_211056_sparse_incidence_adaptive_honf/best_by_field_mse_model.pt,4689,sparse_incidence_group_control_honf,0633,application_evaluator,complete,227.6211054995656,232.28746689856052,227.5792999267578,39.86181640625,0.0,23.65869140625,86.0,8192,8192,32768,128
1501,/home/wanglz/Desktop/src/ModularDT/HONF_Proj/Trained_Results/ThermalChannel/HONF_Forward_Runs/Run_1501_20260922_211056_sparse_incidence_adaptive_honf/best_by_field_mse_model.pt,4689,sparse_incidence_group_control_honf,0633,full_forward,complete,233.6876466870308,242.08679478615522,233.66146850585938,39.55712890625,0.0,23.65869140625,86.0,8192,8192,32768,128
1501,/home/wanglz/Desktop/src/ModularDT/HONF_Proj/Trained_Results/ThermalChannel/HONF_Forward_Runs/Run_1501_20260922_211056_sparse_incidence_adaptive_honf/best_by_field_mse_model.pt,4689,sparse_incidence_group_control_honf,0633,preparation_plus_one_query,complete,63.277519308030605,74.4663248769939,63.24940872192383,30.97802734375,0.0,23.65869140625,86.0,8192,8192,32768,128
1501,/home/wanglz/Desktop/src/ModularDT/HONF_Proj/Trained_Results/ThermalChannel/HONF_Forward_Runs/Run_1501_20260922_211056_sparse_incidence_adaptive_honf/best_by_field_mse_model.pt,4689,sparse_incidence_group_control_honf,0633,prepared_p2_decode,complete,164.84561655670404,168.3038397692144,164.80665588378906,35.68212890625,0.0,24.7421875,86.0,8192,8192,32768,128
1501,/home/wanglz/Desktop/src/ModularDT/HONF_Proj/Trained_Results/ThermalChannel/HONF_Forward_Runs/Run_1501_20260922_211056_sparse_incidence_adaptive_honf/best_by_field_mse_model.pt,4689,sparse_incidence_group_control_honf,0634,application_evaluator,complete,223.6107336357236,228.14760636538267,223.58543395996094,39.86181640625,0.0,23.65869140625,86.0,8192,8192,32768,128
1501,/home/wanglz/Desktop/src/ModularDT/HONF_Proj/Trained_Results/ThermalChannel/HONF_Forward_Runs/Run_1501_20260922_211056_sparse_incidence_adaptive_honf/best_by_field_mse_model.pt,4689,sparse_incidence_group_control_honf,0634,full_forward,complete,226.47261060774326,227.06599570810795,226.4454345703125,39.55712890625,0.0,23.65869140625,86.0,8192,8192,32768,128
1501,/home/wanglz/Desktop/src/ModularDT/HONF_Proj/Trained_Results/ThermalChannel/HONF_Forward_Runs/Run_1501_20260922_211056_sparse_incidence_adaptive_honf/best_by_field_mse_model.pt,4689,sparse_incidence_group_control_honf,0634,preparation_plus_one_query,complete,62.01951019465923,64.44911630824208,61.98476791381836,30.97802734375,0.0,23.65869140625,86.0,8192,8192,32768,128
1501,/home/wanglz/Desktop/src/ModularDT/HONF_Proj/Trained_Results/ThermalChannel/HONF_Forward_Runs/Run_1501_20260922_211056_sparse_incidence_adaptive_honf/best_by_field_mse_model.pt,4689,sparse_incidence_group_control_honf,0634,prepared_p2_decode,complete,168.81016828119755,171.01097023114562,168.6906280517578,35.68212890625,0.0,24.7421875,86.0,8192,8192,32768,128
1501,/home/wanglz/Desktop/src/ModularDT/HONF_Proj/Trained_Results/ThermalChannel/HONF_Forward_Runs/Run_1501_20260922_211056_sparse_incidence_adaptive_honf/best_by_field_mse_model.pt,4689,sparse_incidence_group_control_honf,0635,application_evaluator,complete,232.57714230567217,239.20393278822303,232.5515899658203,39.86181640625,0.0,23.65869140625,86.0,8192,8192,32768,128
1501,/home/wanglz/Desktop/src/ModularDT/HONF_Proj/Trained_Results/ThermalChannel/HONF_Forward_Runs/Run_1501_20260922_211056_sparse_incidence_adaptive_honf/best_by_field_mse_model.pt,4689,sparse_incidence_group_control_honf,0635,full_forward,complete,234.75875053554773,245.53872542455792,234.73049926757812,39.55712890625,0.0,23.65869140625,86.0,8192,8192,32768,128
1501,/home/wanglz/Desktop/src/ModularDT/HONF_Proj/Trained_Results/ThermalChannel/HONF_Forward_Runs/Run_1501_20260922_211056_sparse_incidence_adaptive_honf/best_by_field_mse_model.pt,4689,sparse_incidence_group_control_honf,0635,preparation_plus_one_query,complete,61.51496525853872,62.23884401842952,61.492225646972656,30.97802734375,0.0,23.65869140625,86.0,8192,8192,32768,128
1501,/home/wanglz/Desktop/src/ModularDT/HONF_Proj/Trained_Results/ThermalChannel/HONF_Forward_Runs/Run_1501_20260922_211056_sparse_incidence_adaptive_honf/best_by_field_mse_model.pt,4689,sparse_incidence_group_control_honf,0635,prepared_p2_decode,complete,162.90929540991783,166.58249096944928,162.88160705566406,35.68212890625,0.0,24.7421875,86.0,8192,8192,32768,128
1501,/home/wanglz/Desktop/src/ModularDT/HONF_Proj/Trained_Results/ThermalChannel/HONF_Forward_Runs/Run_1501_20260922_211056_sparse_incidence_adaptive_honf/best_by_field_mse_model.pt,4689,sparse_incidence_group_control_honf,0636,application_evaluator,complete,221.49337828159332,235.36397712305188,221.46572875976562,39.86181640625,0.0,23.65869140625,86.0,8192,8192,32768,128
1501,/home/wanglz/Desktop/src/ModularDT/HONF_Proj/Trained_Results/ThermalChannel/HONF_Forward_Runs/Run_1501_20260922_211056_sparse_incidence_adaptive_honf/best_by_field_mse_model.pt,4689,sparse_incidence_group_control_honf,0636,full_forward,complete,230.26283271610737,230.70082990452647,230.2371826171875,39.55712890625,0.0,23.65869140625,86.0,8192,8192,32768,128
1501,/home/wanglz/Desktop/src/ModularDT/HONF_Proj/Trained_Results/ThermalChannel/HONF_Forward_Runs/Run_1501_20260922_211056_sparse_incidence_adaptive_honf/best_by_field_mse_model.pt,4689,sparse_incidence_group_control_honf,0636,preparation_plus_one_query,complete,65.86393155157566,67.26265829056501,65.82784271240234,30.97802734375,0.0,23.65869140625,86.0,8192,8192,32768,128
1501,/home/wanglz/Desktop/src/ModularDT/HONF_Proj/Trained_Results/ThermalChannel/HONF_Forward_Runs/Run_1501_20260922_211056_sparse_incidence_adaptive_honf/best_by_field_mse_model.pt,4689,sparse_incidence_group_control_honf,0636,prepared_p2_decode,complete,162.40335255861282,166.34759539738297,162.37875366210938,35.68212890625,0.0,24.7421875,86.0,8192,8192,32768,128
1501,/home/wanglz/Desktop/src/ModularDT/HONF_Proj/Trained_Results/ThermalChannel/HONF_Forward_Runs/Run_1501_20260922_211056_sparse_incidence_adaptive_honf/best_by_field_mse_model.pt,4689,sparse_incidence_group_control_honf,0637,application_evaluator,complete,223.41656498610973,232.2449109517038,223.3903045654297,39.86181640625,0.0,23.65869140625,86.0,8192,8192,32768,128
1501,/home/wanglz/Desktop/src/ModularDT/HONF_Proj/Trained_Results/ThermalChannel/HONF_Forward_Runs/Run_1501_20260922_211056_sparse_incidence_adaptive_honf/best_by_field_mse_model.pt,4689,sparse_incidence_group_control_honf,0637,full_forward,complete,217.8663033992052,232.0054341107607,217.82733154296875,39.55712890625,0.0,23.65869140625,86.0,8192,8192,32768,128
1501,/home/wanglz/Desktop/src/ModularDT/HONF_Proj/Trained_Results/ThermalChannel/HONF_Forward_Runs/Run_1501_20260922_211056_sparse_incidence_adaptive_honf/best_by_field_mse_model.pt,4689,sparse_incidence_group_control_honf,0637,preparation_plus_one_query,complete,65.98797254264355,98.05860929191113,65.95378875732422,30.97802734375,0.0,23.65869140625,86.0,8192,8192,32768,128
1501,/home/wanglz/Desktop/src/ModularDT/HONF_Proj/Trained_Results/ThermalChannel/HONF_Forward_Runs/Run_1501_20260922_211056_sparse_incidence_adaptive_honf/best_by_field_mse_model.pt,4689,sparse_incidence_group_control_honf,0637,prepared_p2_decode,complete,159.39899533987045,166.26515118405223,159.36204528808594,35.68212890625,0.0,24.7421875,86.0,8192,8192,32768,128
1501,/home/wanglz/Desktop/src/ModularDT/HONF_Proj/Trained_Results/ThermalChannel/HONF_Forward_Runs/Run_1501_20260922_211056_sparse_incidence_adaptive_honf/best_by_field_mse_model.pt,4689,sparse_incidence_group_control_honf,0638,application_evaluator,complete,241.44660495221615,241.9358951970935,241.4106903076172,39.86181640625,0.0,23.65869140625,86.0,8192,8192,32768,128
1501,/home/wanglz/Desktop/src/ModularDT/HONF_Proj/Trained_Results/ThermalChannel/HONF_Forward_Runs/Run_1501_20260922_211056_sparse_incidence_adaptive_honf/best_by_field_mse_model.pt,4689,sparse_incidence_group_control_honf,0638,full_forward,complete,227.1240958943963,242.5980882719159,227.09532165527344,39.55712890625,0.0,23.65869140625,86.0,8192,8192,32768,128
1501,/home/wanglz/Desktop/src/ModularDT/HONF_Proj/Trained_Results/ThermalChannel/HONF_Forward_Runs/Run_1501_20260922_211056_sparse_incidence_adaptive_honf/best_by_field_mse_model.pt,4689,sparse_incidence_group_control_honf,0638,preparation_plus_one_query,complete,61.87032349407673,63.044772297143936,61.84774398803711,30.97802734375,0.0,23.65869140625,86.0,8192,8192,32768,128
1501,/home/wanglz/Desktop/src/ModularDT/HONF_Proj/Trained_Results/ThermalChannel/HONF_Forward_Runs/Run_1501_20260922_211056_sparse_incidence_adaptive_honf/best_by_field_mse_model.pt,4689,sparse_incidence_group_control_honf,0638,prepared_p2_decode,complete,160.15748586505651,173.62403087317944,160.13516235351562,35.68212890625,0.0,24.7421875,86.0,8192,8192,32768,128
1501,/home/wanglz/Desktop/src/ModularDT/HONF_Proj/Trained_Results/ThermalChannel/HONF_Forward_Runs/Run_1501_20260922_211056_sparse_incidence_adaptive_honf/best_by_field_mse_model.pt,4689,sparse_incidence_group_control_honf,0639,application_evaluator,complete,232.68133867532015,232.9098930582404,232.65481567382812,39.86181640625,0.0,23.65869140625,86.0,8192,8192,32768,128
1501,/home/wanglz/Desktop/src/ModularDT/HONF_Proj/Trained_Results/ThermalChannel/HONF_Forward_Runs/Run_1501_20260922_211056_sparse_incidence_adaptive_honf/best_by_field_mse_model.pt,4689,sparse_incidence_group_control_honf,0639,full_forward,complete,223.6554240807891,227.79352273792028,223.6161651611328,39.55712890625,0.0,23.65869140625,86.0,8192,8192,32768,128
1501,/home/wanglz/Desktop/src/ModularDT/HONF_Proj/Trained_Results/ThermalChannel/HONF_Forward_Runs/Run_1501_20260922_211056_sparse_incidence_adaptive_honf/best_by_field_mse_model.pt,4689,sparse_incidence_group_control_honf,0639,preparation_plus_one_query,complete,60.975498519837856,62.76218667626381,60.94454574584961,30.97802734375,0.0,23.65869140625,86.0,8192,8192,32768,128
1501,/home/wanglz/Desktop/src/ModularDT/HONF_Proj/Trained_Results/ThermalChannel/HONF_Forward_Runs/Run_1501_20260922_211056_sparse_incidence_adaptive_honf/best_by_field_mse_model.pt,4689,sparse_incidence_group_control_honf,0639,prepared_p2_decode,complete,158.2706132903695,162.31065290048718,158.24476623535156,35.68212890625,0.0,24.7421875,86.0,8192,8192,32768,128
1501,/home/wanglz/Desktop/src/ModularDT/HONF_Proj/Trained_Results/ThermalChannel/HONF_Forward_Runs/Run_1501_20260922_211056_sparse_incidence_adaptive_honf/best_by_field_mse_model.pt,4689,sparse_incidence_group_control_honf,0640,application_evaluator,complete,228.49887516349554,231.20254268869758,228.46054077148438,39.86181640625,0.0,23.65869140625,86.0,8192,8192,32768,128
1501,/home/wanglz/Desktop/src/ModularDT/HONF_Proj/Trained_Results/ThermalChannel/HONF_Forward_Runs/Run_1501_20260922_211056_sparse_incidence_adaptive_honf/best_by_field_mse_model.pt,4689,sparse_incidence_group_control_honf,0640,full_forward,complete,225.03802832216024,237.01633708551526,225.0115203857422,39.55712890625,0.0,23.65869140625,86.0,8192,8192,32768,128
1501,/home/wanglz/Desktop/src/ModularDT/HONF_Proj/Trained_Results/ThermalChannel/HONF_Forward_Runs/Run_1501_20260922_211056_sparse_incidence_adaptive_honf/best_by_field_mse_model.pt,4689,sparse_incidence_group_control_honf,0640,preparation_plus_one_query,complete,61.19061354547739,62.31100242584944,61.15526580810547,30.97802734375,0.0,23.65869140625,86.0,8192,8192,32768,128
1501,/home/wanglz/Desktop/src/ModularDT/HONF_Proj/Trained_Results/ThermalChannel/HONF_Forward_Runs/Run_1501_20260922_211056_sparse_incidence_adaptive_honf/best_by_field_mse_model.pt,4689,sparse_incidence_group_control_honf,0640,prepared_p2_decode,complete,165.15207570046186,168.10340750962496,165.12518310546875,35.68212890625,0.0,24.7421875,86.0,8192,8192,32768,128
1501,/home/wanglz/Desktop/src/ModularDT/HONF_Proj/Trained_Results/ThermalChannel/HONF_Forward_Runs/Run_1501_20260922_211056_sparse_incidence_adaptive_honf/best_by_field_mse_model.pt,4689,sparse_incidence_group_control_honf,0641,application_evaluator,complete,227.29059401899576,230.03449132665992,227.2623748779297,39.86181640625,0.0,23.65869140625,86.0,8192,8192,32768,128
1501,/home/wanglz/Desktop/src/ModularDT/HONF_Proj/Trained_Results/ThermalChannel/HONF_Forward_Runs/Run_1501_20260922_211056_sparse_incidence_adaptive_honf/best_by_field_mse_model.pt,4689,sparse_incidence_group_control_honf,0641,full_forward,complete,230.79362604767084,232.9780832864344,230.76681518554688,39.55712890625,0.0,23.65869140625,86.0,8192,8192,32768,128
1501,/home/wanglz/Desktop/src/ModularDT/HONF_Proj/Trained_Results/ThermalChannel/HONF_Forward_Runs/Run_1501_20260922_211056_sparse_incidence_adaptive_honf/best_by_field_mse_model.pt,4689,sparse_incidence_group_control_honf,0641,preparation_plus_one_query,complete,67.73152388632298,73.08530444279313,67.69894409179688,30.97802734375,0.0,23.65869140625,86.0,8192,8192,32768,128
1501,/home/wanglz/Desktop/src/ModularDT/HONF_Proj/Trained_Results/ThermalChannel/HONF_Forward_Runs/Run_1501_20260922_211056_sparse_incidence_adaptive_honf/best_by_field_mse_model.pt,4689,sparse_incidence_group_control_honf,0641,prepared_p2_decode,complete,168.84926985949278,169.53669069334865,168.8115234375,35.68212890625,0.0,24.7421875,86.0,8192,8192,32768,128
1501,/home/wanglz/Desktop/src/ModularDT/HONF_Proj/Trained_Results/ThermalChannel/HONF_Forward_Runs/Run_1501_20260922_211056_sparse_incidence_adaptive_honf/best_by_field_mse_model.pt,4689,sparse_incidence_group_control_honf,0642,application_evaluator,complete,232.423753477633,235.43944992125034,232.37962341308594,39.86181640625,0.0,23.65869140625,86.0,8192,8192,32768,128
1501,/home/wanglz/Desktop/src/ModularDT/HONF_Proj/Trained_Results/ThermalChannel/HONF_Forward_Runs/Run_1501_20260922_211056_sparse_incidence_adaptive_honf/best_by_field_mse_model.pt,4689,sparse_incidence_group_control_honf,0642,full_forward,complete,230.20834289491177,235.67728074267507,230.17893981933594,39.55712890625,0.0,23.65869140625,86.0,8192,8192,32768,128
1501,/home/wanglz/Desktop/src/ModularDT/HONF_Proj/Trained_Results/ThermalChannel/HONF_Forward_Runs/Run_1501_20260922_211056_sparse_incidence_adaptive_honf/best_by_field_mse_model.pt,4689,sparse_incidence_group_control_honf,0642,preparation_plus_one_query,complete,59.58646535873413,68.33510445430875,59.56079864501953,30.97802734375,0.0,23.65869140625,86.0,8192,8192,32768,128
1501,/home/wanglz/Desktop/src/ModularDT/HONF_Proj/Trained_Results/ThermalChannel/HONF_Forward_Runs/Run_1501_20260922_211056_sparse_incidence_adaptive_honf/best_by_field_mse_model.pt,4689,sparse_incidence_group_control_honf,0642,prepared_p2_decode,complete,167.6840130239725,169.33568129315972,167.66050720214844,35.68212890625,0.0,24.7421875,86.0,8192,8192,32768,128
1501,/home/wanglz/Desktop/src/ModularDT/HONF_Proj/Trained_Results/ThermalChannel/HONF_Forward_Runs/Run_1501_20260922_211056_sparse_incidence_adaptive_honf/best_by_field_mse_model.pt,4689,sparse_incidence_group_control_honf,0643,application_evaluator,complete,223.86410646140575,229.90304306149483,223.733154296875,39.86181640625,0.0,23.65869140625,86.0,8192,8192,32768,128
1501,/home/wanglz/Desktop/src/ModularDT/HONF_Proj/Trained_Results/ThermalChannel/HONF_Forward_Runs/Run_1501_20260922_211056_sparse_incidence_adaptive_honf/best_by_field_mse_model.pt,4689,sparse_incidence_group_control_honf,0643,full_forward,complete,234.24999974668026,251.84911051765084,234.20620727539062,39.55712890625,0.0,23.65869140625,86.0,8192,8192,32768,128
1501,/home/wanglz/Desktop/src/ModularDT/HONF_Proj/Trained_Results/ThermalChannel/HONF_Forward_Runs/Run_1501_20260922_211056_sparse_incidence_adaptive_honf/best_by_field_mse_model.pt,4689,sparse_incidence_group_control_honf,0643,preparation_plus_one_query,complete,63.19006998091936,64.1123291105032,63.166465759277344,30.97802734375,0.0,23.65869140625,86.0,8192,8192,32768,128
1501,/home/wanglz/Desktop/src/ModularDT/HONF_Proj/Trained_Results/ThermalChannel/HONF_Forward_Runs/Run_1501_20260922_211056_sparse_incidence_adaptive_honf/best_by_field_mse_model.pt,4689,sparse_incidence_group_control_honf,0643,prepared_p2_decode,complete,169.44544482976198,178.50359911099076,169.417724609375,35.68212890625,0.0,24.7421875,86.0,8192,8192,32768,128
1501,/home/wanglz/Desktop/src/ModularDT/HONF_Proj/Trained_Results/ThermalChannel/HONF_Forward_Runs/Run_1501_20260922_211056_sparse_incidence_adaptive_honf/best_by_field_mse_model.pt,4689,sparse_incidence_group_control_honf,0644,application_evaluator,complete,238.55482414364815,242.37561244517565,238.4435272216797,39.86181640625,0.0,23.65869140625,86.0,8192,8192,32768,128
1501,/home/wanglz/Desktop/src/ModularDT/HONF_Proj/Trained_Results/ThermalChannel/HONF_Forward_Runs/Run_1501_20260922_211056_sparse_incidence_adaptive_honf/best_by_field_mse_model.pt,4689,sparse_incidence_group_control_honf,0644,full_forward,complete,226.44604928791523,230.5949597619474,226.41990661621094,39.55712890625,0.0,23.65869140625,86.0,8192,8192,32768,128
1501,/home/wanglz/Desktop/src/ModularDT/HONF_Proj/Trained_Results/ThermalChannel/HONF_Forward_Runs/Run_1501_20260922_211056_sparse_incidence_adaptive_honf/best_by_field_mse_model.pt,4689,sparse_incidence_group_control_honf,0644,preparation_plus_one_query,complete,62.015035189688206,69.0189752727747,61.99296188354492,30.97802734375,0.0,23.65869140625,86.0,8192,8192,32768,128
1501,/home/wanglz/Desktop/src/ModularDT/HONF_Proj/Trained_Results/ThermalChannel/HONF_Forward_Runs/Run_1501_20260922_211056_sparse_incidence_adaptive_honf/best_by_field_mse_model.pt,4689,sparse_incidence_group_control_honf,0644,prepared_p2_decode,complete,169.1657928749919,177.38491278141737,169.14022827148438,35.68212890625,0.0,24.7421875,86.0,8192,8192,32768,128
1501,/home/wanglz/Desktop/src/ModularDT/HONF_Proj/Trained_Results/ThermalChannel/HONF_Forward_Runs/Run_1501_20260922_211056_sparse_incidence_adaptive_honf/best_by_field_mse_model.pt,4689,sparse_incidence_group_control_honf,0645,application_evaluator,complete,235.55856756865978,238.03669987246394,235.53001403808594,39.86181640625,0.0,23.65869140625,86.0,8192,8192,32768,128
1501,/home/wanglz/Desktop/src/ModularDT/HONF_Proj/Trained_Results/ThermalChannel/HONF_Forward_Runs/Run_1501_20260922_211056_sparse_incidence_adaptive_honf/best_by_field_mse_model.pt,4689,sparse_incidence_group_control_honf,0645,full_forward,complete,233.20459015667439,238.08919368311763,233.17196655273438,39.55712890625,0.0,23.65869140625,86.0,8192,8192,32768,128
1501,/home/wanglz/Desktop/src/ModularDT/HONF_Proj/Trained_Results/ThermalChannel/HONF_Forward_Runs/Run_1501_20260922_211056_sparse_incidence_adaptive_honf/best_by_field_mse_model.pt,4689,sparse_incidence_group_control_honf,0645,preparation_plus_one_query,complete,62.83219438046217,63.61490739509463,62.80934524536133,30.97802734375,0.0,23.65869140625,86.0,8192,8192,32768,128
1501,/home/wanglz/Desktop/src/ModularDT/HONF_Proj/Trained_Results/ThermalChannel/HONF_Forward_Runs/Run_1501_20260922_211056_sparse_incidence_adaptive_honf/best_by_field_mse_model.pt,4689,sparse_incidence_group_control_honf,0645,prepared_p2_decode,complete,169.51416712254286,171.47434558719397,169.47007751464844,35.68212890625,0.0,24.7421875,86.0,8192,8192,32768,128
1501,/home/wanglz/Desktop/src/ModularDT/HONF_Proj/Trained_Results/ThermalChannel/HONF_Forward_Runs/Run_1501_20260922_211056_sparse_incidence_adaptive_honf/best_by_field_mse_model.pt,4689,sparse_incidence_group_control_honf,0646,application_evaluator,complete,227.02127136290073,233.03003646433353,226.9925079345703,39.86181640625,0.0,23.65869140625,86.0,8192,8192,32768,128
1501,/home/wanglz/Desktop/src/ModularDT/HONF_Proj/Trained_Results/ThermalChannel/HONF_Forward_Runs/Run_1501_20260922_211056_sparse_incidence_adaptive_honf/best_by_field_mse_model.pt,4689,sparse_incidence_group_control_honf,0646,full_forward,complete,221.12263459712267,225.87573863565922,221.09695434570312,39.55712890625,0.0,23.65869140625,86.0,8192,8192,32768,128
1501,/home/wanglz/Desktop/src/ModularDT/HONF_Proj/Trained_Results/ThermalChannel/HONF_Forward_Runs/Run_1501_20260922_211056_sparse_incidence_adaptive_honf/best_by_field_mse_model.pt,4689,sparse_incidence_group_control_honf,0646,preparation_plus_one_query,complete,67.00822990387678,67.62449508532882,66.97897338867188,30.97802734375,0.0,23.65869140625,86.0,8192,8192,32768,128
1501,/home/wanglz/Desktop/src/ModularDT/HONF_Proj/Trained_Results/ThermalChannel/HONF_Forward_Runs/Run_1501_20260922_211056_sparse_incidence_adaptive_honf/best_by_field_mse_model.pt,4689,sparse_incidence_group_control_honf,0646,prepared_p2_decode,complete,173.619800247252,176.67798958718777,173.5925750732422,35.68212890625,0.0,24.7421875,86.0,8192,8192,32768,128
1501,/home/wanglz/Desktop/src/ModularDT/HONF_Proj/Trained_Results/ThermalChannel/HONF_Forward_Runs/Run_1501_20260922_211056_sparse_incidence_adaptive_honf/best_by_field_mse_model.pt,4689,sparse_incidence_group_control_honf,0647,application_evaluator,complete,239.21105917543173,240.49261780455709,239.18569946289062,39.86181640625,0.0,23.65869140625,86.0,8192,8192,32768,128
1501,/home/wanglz/Desktop/src/ModularDT/HONF_Proj/Trained_Results/ThermalChannel/HONF_Forward_Runs/Run_1501_20260922_211056_sparse_incidence_adaptive_honf/best_by_field_mse_model.pt,4689,sparse_incidence_group_control_honf,0647,full_forward,complete,225.9375900030136,231.37560114264488,225.91282653808594,39.55712890625,0.0,23.65869140625,86.0,8192,8192,32768,128
1501,/home/wanglz/Desktop/src/ModularDT/HONF_Proj/Trained_Results/ThermalChannel/HONF_Forward_Runs/Run_1501_20260922_211056_sparse_incidence_adaptive_honf/best_by_field_mse_model.pt,4689,sparse_incidence_group_control_honf,0647,preparation_plus_one_query,complete,65.24428073316813,66.3410359993577,65.21446228027344,30.97802734375,0.0,23.65869140625,86.0,8192,8192,32768,128
1501,/home/wanglz/Desktop/src/ModularDT/HONF_Proj/Trained_Results/ThermalChannel/HONF_Forward_Runs/Run_1501_20260922_211056_sparse_incidence_adaptive_honf/best_by_field_mse_model.pt,4689,sparse_incidence_group_control_honf,0647,prepared_p2_decode,complete,167.5627576187253,173.9753250963986,167.5284423828125,35.68212890625,0.0,24.7421875,86.0,8192,8192,32768,128
1501,/home/wanglz/Desktop/src/ModularDT/HONF_Proj/Trained_Results/ThermalChannel/HONF_Forward_Runs/Run_1501_20260922_211056_sparse_incidence_adaptive_honf/best_by_field_mse_model.pt,4689,sparse_incidence_group_control_honf,0648,application_evaluator,complete,238.7626664713025,239.6449489519,238.7362518310547,39.86181640625,0.0,23.65869140625,86.0,8192,8192,32768,128
1501,/home/wanglz/Desktop/src/ModularDT/HONF_Proj/Trained_Results/ThermalChannel/HONF_Forward_Runs/Run_1501_20260922_211056_sparse_incidence_adaptive_honf/best_by_field_mse_model.pt,4689,sparse_incidence_group_control_honf,0648,full_forward,complete,237.78682481497526,239.35929164290428,237.75949096679688,39.55712890625,0.0,23.65869140625,86.0,8192,8192,32768,128
1501,/home/wanglz/Desktop/src/ModularDT/HONF_Proj/Trained_Results/ThermalChannel/HONF_Forward_Runs/Run_1501_20260922_211056_sparse_incidence_adaptive_honf/best_by_field_mse_model.pt,4689,sparse_incidence_group_control_honf,0648,preparation_plus_one_query,complete,63.17498069256544,63.82192028686404,63.15107345581055,30.97802734375,0.0,23.65869140625,86.0,8192,8192,32768,128
1501,/home/wanglz/Desktop/src/ModularDT/HONF_Proj/Trained_Results/ThermalChannel/HONF_Forward_Runs/Run_1501_20260922_211056_sparse_incidence_adaptive_honf/best_by_field_mse_model.pt,4689,sparse_incidence_group_control_honf,0648,prepared_p2_decode,complete,175.1926550641656,175.21578827872872,175.14703369140625,35.68212890625,0.0,24.7421875,86.0,8192,8192,32768,128
1501,/home/wanglz/Desktop/src/ModularDT/HONF_Proj/Trained_Results/ThermalChannel/HONF_Forward_Runs/Run_1501_20260922_211056_sparse_incidence_adaptive_honf/best_by_field_mse_model.pt,4689,sparse_incidence_group_control_honf,0649,application_evaluator,complete,225.55484622716904,233.46822280436754,225.52012634277344,39.86181640625,0.0,23.65869140625,86.0,8192,8192,32768,128
1501,/home/wanglz/Desktop/src/ModularDT/HONF_Proj/Trained_Results/ThermalChannel/HONF_Forward_Runs/Run_1501_20260922_211056_sparse_incidence_adaptive_honf/best_by_field_mse_model.pt,4689,sparse_incidence_group_control_honf,0649,full_forward,complete,229.45011593401432,231.52545001357794,229.4220733642578,39.55712890625,0.0,23.65869140625,86.0,8192,8192,32768,128
1501,/home/wanglz/Desktop/src/ModularDT/HONF_Proj/Trained_Results/ThermalChannel/HONF_Forward_Runs/Run_1501_20260922_211056_sparse_incidence_adaptive_honf/best_by_field_mse_model.pt,4689,sparse_incidence_group_control_honf,0649,preparation_plus_one_query,complete,61.80466618388891,61.82452877983451,61.78099060058594,30.97802734375,0.0,23.65869140625,86.0,8192,8192,32768,128
1501,/home/wanglz/Desktop/src/ModularDT/HONF_Proj/Trained_Results/ThermalChannel/HONF_Forward_Runs/Run_1501_20260922_211056_sparse_incidence_adaptive_honf/best_by_field_mse_model.pt,4689,sparse_incidence_group_control_honf,0649,prepared_p2_decode,complete,168.12289413064718,169.0280558541417,168.09866333007812,35.68212890625,0.0,24.7421875,86.0,8192,8192,32768,128
1501,/home/wanglz/Desktop/src/ModularDT/HONF_Proj/Trained_Results/ThermalChannel/HONF_Forward_Runs/Run_1501_20260922_211056_sparse_incidence_adaptive_honf/best_by_field_mse_model.pt,4689,sparse_incidence_group_control_honf,0650,application_evaluator,complete,248.9622151479125,251.5258344821632,248.93484497070312,39.86181640625,0.0,23.65869140625,86.0,8192,8192,32768,128
1501,/home/wanglz/Desktop/src/ModularDT/HONF_Proj/Trained_Results/ThermalChannel/HONF_Forward_Runs/Run_1501_20260922_211056_sparse_incidence_adaptive_honf/best_by_field_mse_model.pt,4689,sparse_incidence_group_control_honf,0650,full_forward,complete,233.92703291028738,241.88214801251888,233.8877410888672,39.55712890625,0.0,23.65869140625,86.0,8192,8192,32768,128
1501,/home/wanglz/Desktop/src/ModularDT/HONF_Proj/Trained_Results/ThermalChannel/HONF_Forward_Runs/Run_1501_20260922_211056_sparse_incidence_adaptive_honf/best_by_field_mse_model.pt,4689,sparse_incidence_group_control_honf,0650,preparation_plus_one_query,complete,61.17887422442436,62.35759612172842,61.15625762939453,30.97802734375,0.0,23.65869140625,86.0,8192,8192,32768,128
1501,/home/wanglz/Desktop/src/ModularDT/HONF_Proj/Trained_Results/ThermalChannel/HONF_Forward_Runs/Run_1501_20260922_211056_sparse_incidence_adaptive_honf/best_by_field_mse_model.pt,4689,sparse_incidence_group_control_honf,0650,prepared_p2_decode,complete,181.07005767524242,183.73676519840956,181.04217529296875,35.68212890625,0.0,24.7421875,86.0,8192,8192,32768,128
1501,/home/wanglz/Desktop/src/ModularDT/HONF_Proj/Trained_Results/ThermalChannel/HONF_Forward_Runs/Run_1501_20260922_211056_sparse_incidence_adaptive_honf/best_by_field_mse_model.pt,4689,sparse_incidence_group_control_honf,0651,application_evaluator,complete,236.37320194393396,242.12625864893198,236.34317016601562,39.86181640625,0.0,23.65869140625,86.0,8192,8192,32768,128
1501,/home/wanglz/Desktop/src/ModularDT/HONF_Proj/Trained_Results/ThermalChannel/HONF_Forward_Runs/Run_1501_20260922_211056_sparse_incidence_adaptive_honf/best_by_field_mse_model.pt,4689,sparse_incidence_group_control_honf,0651,full_forward,complete,240.60651008039713,243.7823704443872,240.56626892089844,39.55712890625,0.0,23.65869140625,86.0,8192,8192,32768,128
1501,/home/wanglz/Desktop/src/ModularDT/HONF_Proj/Trained_Results/ThermalChannel/HONF_Forward_Runs/Run_1501_20260922_211056_sparse_incidence_adaptive_honf/best_by_field_mse_model.pt,4689,sparse_incidence_group_control_honf,0651,preparation_plus_one_query,complete,63.281978480517864,63.76749770715833,63.257598876953125,30.97802734375,0.0,23.65869140625,86.0,8192,8192,32768,128
1501,/home/wanglz/Desktop/src/ModularDT/HONF_Proj/Trained_Results/ThermalChannel/HONF_Forward_Runs/Run_1501_20260922_211056_sparse_incidence_adaptive_honf/best_by_field_mse_model.pt,4689,sparse_incidence_group_control_honf,0651,prepared_p2_decode,complete,168.98363269865513,171.2379883043468,168.95794677734375,35.68212890625,0.0,24.7421875,86.0,8192,8192,32768,128
1501,/home/wanglz/Desktop/src/ModularDT/HONF_Proj/Trained_Results/ThermalChannel/HONF_Forward_Runs/Run_1501_20260922_211056_sparse_incidence_adaptive_honf/best_by_field_mse_model.pt,4689,sparse_incidence_group_control_honf,0652,application_evaluator,complete,236.64502799510956,244.71253352239728,236.60560607910156,39.86181640625,0.0,23.65869140625,86.0,8192,8192,32768,128
1501,/home/wanglz/Desktop/src/ModularDT/HONF_Proj/Trained_Results/ThermalChannel/HONF_Forward_Runs/Run_1501_20260922_211056_sparse_incidence_adaptive_honf/best_by_field_mse_model.pt,4689,sparse_incidence_group_control_honf,0652,full_forward,complete,220.02944443374872,230.58865843340755,220.00025939941406,39.55712890625,0.0,23.65869140625,86.0,8192,8192,32768,128
1501,/home/wanglz/Desktop/src/ModularDT/HONF_Proj/Trained_Results/ThermalChannel/HONF_Forward_Runs/Run_1501_20260922_211056_sparse_incidence_adaptive_honf/best_by_field_mse_model.pt,4689,sparse_incidence_group_control_honf,0652,preparation_plus_one_query,complete,64.93250094354153,66.47479627281427,64.90828704833984,30.97802734375,0.0,23.65869140625,86.0,8192,8192,32768,128
1501,/home/wanglz/Desktop/src/ModularDT/HONF_Proj/Trained_Results/ThermalChannel/HONF_Forward_Runs/Run_1501_20260922_211056_sparse_incidence_adaptive_honf/best_by_field_mse_model.pt,4689,sparse_incidence_group_control_honf,0652,prepared_p2_decode,complete,167.1506790444255,167.65731731429696,167.1157684326172,35.68212890625,0.0,24.7421875,86.0,8192,8192,32768,128
1501,/home/wanglz/Desktop/src/ModularDT/HONF_Proj/Trained_Results/ThermalChannel/HONF_Forward_Runs/Run_1501_20260922_211056_sparse_incidence_adaptive_honf/best_by_field_mse_model.pt,4689,sparse_incidence_group_control_honf,0653,application_evaluator,complete,226.6686912626028,226.68805178254843,226.6261444091797,39.86181640625,0.0,23.65869140625,86.0,8192,8192,32768,128
1501,/home/wanglz/Desktop/src/ModularDT/HONF_Proj/Trained_Results/ThermalChannel/HONF_Forward_Runs/Run_1501_20260922_211056_sparse_incidence_adaptive_honf/best_by_field_mse_model.pt,4689,sparse_incidence_group_control_honf,0653,full_forward,complete,225.13215336948633,230.39918709546328,225.10386657714844,39.55712890625,0.0,23.65869140625,86.0,8192,8192,32768,128
1501,/home/wanglz/Desktop/src/ModularDT/HONF_Proj/Trained_Results/ThermalChannel/HONF_Forward_Runs/Run_1501_20260922_211056_sparse_incidence_adaptive_honf/best_by_field_mse_model.pt,4689,sparse_incidence_group_control_honf,0653,preparation_plus_one_query,complete,60.74277497828007,62.70798174664378,60.71603012084961,30.97802734375,0.0,23.65869140625,86.0,8192,8192,32768,128
1501,/home/wanglz/Desktop/src/ModularDT/HONF_Proj/Trained_Results/ThermalChannel/HONF_Forward_Runs/Run_1501_20260922_211056_sparse_incidence_adaptive_honf/best_by_field_mse_model.pt,4689,sparse_incidence_group_control_honf,0653,prepared_p2_decode,complete,172.9557253420353,174.11709753796458,172.9300537109375,35.68212890625,0.0,24.7421875,86.0,8192,8192,32768,128
1501,/home/wanglz/Desktop/src/ModularDT/HONF_Proj/Trained_Results/ThermalChannel/HONF_Forward_Runs/Run_1501_20260922_211056_sparse_incidence_adaptive_honf/best_by_field_mse_model.pt,4689,sparse_incidence_group_control_honf,0654,application_evaluator,complete,233.55099093168974,239.13106191903353,233.5214080810547,39.86181640625,0.0,23.65869140625,86.0,8192,8192,32768,128
1501,/home/wanglz/Desktop/src/ModularDT/HONF_Proj/Trained_Results/ThermalChannel/HONF_Forward_Runs/Run_1501_20260922_211056_sparse_incidence_adaptive_honf/best_by_field_mse_model.pt,4689,sparse_incidence_group_control_honf,0654,full_forward,complete,225.7369877770543,228.56536712497473,225.7111053466797,39.55712890625,0.0,23.65869140625,86.0,8192,8192,32768,128
1501,/home/wanglz/Desktop/src/ModularDT/HONF_Proj/Trained_Results/ThermalChannel/HONF_Forward_Runs/Run_1501_20260922_211056_sparse_incidence_adaptive_honf/best_by_field_mse_model.pt,4689,sparse_incidence_group_control_honf,0654,preparation_plus_one_query,complete,64.51707519590855,64.85324231907725,64.49459075927734,30.97802734375,0.0,23.65869140625,86.0,8192,8192,32768,128
1501,/home/wanglz/Desktop/src/ModularDT/HONF_Proj/Trained_Results/ThermalChannel/HONF_Forward_Runs/Run_1501_20260922_211056_sparse_incidence_adaptive_honf/best_by_field_mse_model.pt,4689,sparse_incidence_group_control_honf,0654,prepared_p2_decode,complete,163.97953871637583,167.10083708167076,163.94854736328125,35.68212890625,0.0,24.7421875,86.0,8192,8192,32768,128
1501,/home/wanglz/Desktop/src/ModularDT/HONF_Proj/Trained_Results/ThermalChannel/HONF_Forward_Runs/Run_1501_20260922_211056_sparse_incidence_adaptive_honf/best_by_field_mse_model.pt,4689,sparse_incidence_group_control_honf,0655,application_evaluator,complete,225.97612719982862,226.0855001397431,225.9510040283203,39.86181640625,0.0,23.65869140625,86.0,8192,8192,32768,128
1501,/home/wanglz/Desktop/src/ModularDT/HONF_Proj/Trained_Results/ThermalChannel/HONF_Forward_Runs/Run_1501_20260922_211056_sparse_incidence_adaptive_honf/best_by_field_mse_model.pt,4689,sparse_incidence_group_control_honf,0655,full_forward,complete,229.39646523445845,233.0151013098657,229.3718719482422,39.55712890625,0.0,23.65869140625,86.0,8192,8192,32768,128
1501,/home/wanglz/Desktop/src/ModularDT/HONF_Proj/Trained_Results/ThermalChannel/HONF_Forward_Runs/Run_1501_20260922_211056_sparse_incidence_adaptive_honf/best_by_field_mse_model.pt,4689,sparse_incidence_group_control_honf,0655,preparation_plus_one_query,complete,62.48548999428749,63.30868508666754,62.46303939819336,30.97802734375,0.0,23.65869140625,86.0,8192,8192,32768,128
1501,/home/wanglz/Desktop/src/ModularDT/HONF_Proj/Trained_Results/ThermalChannel/HONF_Forward_Runs/Run_1501_20260922_211056_sparse_incidence_adaptive_honf/best_by_field_mse_model.pt,4689,sparse_incidence_group_control_honf,0655,prepared_p2_decode,complete,169.7340179234743,177.10404517129064,169.70751953125,35.68212890625,0.0,24.7421875,86.0,8192,8192,32768,128
1501,/home/wanglz/Desktop/src/ModularDT/HONF_Proj/Trained_Results/ThermalChannel/HONF_Forward_Runs/Run_1501_20260922_211056_sparse_incidence_adaptive_honf/best_by_field_mse_model.pt,4689,sparse_incidence_group_control_honf,0656,application_evaluator,complete,226.16106923669577,233.6769281886518,226.12342834472656,39.86181640625,0.0,23.65869140625,86.0,8192,8192,32768,128
1501,/home/wanglz/Desktop/src/ModularDT/HONF_Proj/Trained_Results/ThermalChannel/HONF_Forward_Runs/Run_1501_20260922_211056_sparse_incidence_adaptive_honf/best_by_field_mse_model.pt,4689,sparse_incidence_group_control_honf,0656,full_forward,complete,231.3182558864355,236.61521216854453,231.29087829589844,39.55712890625,0.0,23.65869140625,86.0,8192,8192,32768,128
1501,/home/wanglz/Desktop/src/ModularDT/HONF_Proj/Trained_Results/ThermalChannel/HONF_Forward_Runs/Run_1501_20260922_211056_sparse_incidence_adaptive_honf/best_by_field_mse_model.pt,4689,sparse_incidence_group_control_honf,0656,preparation_plus_one_query,complete,63.70801664888859,63.81563022732735,63.67436981201172,30.97802734375,0.0,23.65869140625,86.0,8192,8192,32768,128
1501,/home/wanglz/Desktop/src/ModularDT/HONF_Proj/Trained_Results/ThermalChannel/HONF_Forward_Runs/Run_1501_20260922_211056_sparse_incidence_adaptive_honf/best_by_field_mse_model.pt,4689,sparse_incidence_group_control_honf,0656,prepared_p2_decode,complete,164.54861406236887,172.13738886639476,164.52505493164062,35.68212890625,0.0,24.7421875,86.0,8192,8192,32768,128
1501,/home/wanglz/Desktop/src/ModularDT/HONF_Proj/Trained_Results/ThermalChannel/HONF_Forward_Runs/Run_1501_20260922_211056_sparse_incidence_adaptive_honf/best_by_field_mse_model.pt,4689,sparse_incidence_group_control_honf,0657,application_evaluator,complete,225.44895112514496,231.12607365474105,225.40902709960938,39.86181640625,0.0,23.65869140625,86.0,8192,8192,32768,128
1501,/home/wanglz/Desktop/src/ModularDT/HONF_Proj/Trained_Results/ThermalChannel/HONF_Forward_Runs/Run_1501_20260922_211056_sparse_incidence_adaptive_honf/best_by_field_mse_model.pt,4689,sparse_incidence_group_control_honf,0657,full_forward,complete,224.6549790725112,227.3689546622336,224.61337280273438,39.55712890625,0.0,23.65869140625,86.0,8192,8192,32768,128
1501,/home/wanglz/Desktop/src/ModularDT/HONF_Proj/Trained_Results/ThermalChannel/HONF_Forward_Runs/Run_1501_20260922_211056_sparse_incidence_adaptive_honf/best_by_field_mse_model.pt,4689,sparse_incidence_group_control_honf,0657,preparation_plus_one_query,complete,65.59935584664345,73.51977238431573,65.57376098632812,30.97802734375,0.0,23.65869140625,86.0,8192,8192,32768,128
1501,/home/wanglz/Desktop/src/ModularDT/HONF_Proj/Trained_Results/ThermalChannel/HONF_Forward_Runs/Run_1501_20260922_211056_sparse_incidence_adaptive_honf/best_by_field_mse_model.pt,4689,sparse_incidence_group_control_honf,0657,prepared_p2_decode,complete,168.99926960468292,170.44652169570327,168.91600036621094,35.68212890625,0.0,24.7421875,86.0,8192,8192,32768,128
1501,/home/wanglz/Desktop/src/ModularDT/HONF_Proj/Trained_Results/ThermalChannel/HONF_Forward_Runs/Run_1501_20260922_211056_sparse_incidence_adaptive_honf/best_by_field_mse_model.pt,4689,sparse_incidence_group_control_honf,0658,application_evaluator,complete,228.905045427382,230.8865960687399,228.87493896484375,39.86181640625,0.0,23.65869140625,86.0,8192,8192,32768,128
1501,/home/wanglz/Desktop/src/ModularDT/HONF_Proj/Trained_Results/ThermalChannel/HONF_Forward_Runs/Run_1501_20260922_211056_sparse_incidence_adaptive_honf/best_by_field_mse_model.pt,4689,sparse_incidence_group_control_honf,0658,full_forward,complete,228.34015917032957,230.31416526064277,228.3119659423828,39.55712890625,0.0,23.65869140625,86.0,8192,8192,32768,128
1501,/home/wanglz/Desktop/src/ModularDT/HONF_Proj/Trained_Results/ThermalChannel/HONF_Forward_Runs/Run_1501_20260922_211056_sparse_incidence_adaptive_honf/best_by_field_mse_model.pt,4689,sparse_incidence_group_control_honf,0658,preparation_plus_one_query,complete,62.48772330582142,64.14995193481445,62.453758239746094,30.97802734375,0.0,23.65869140625,86.0,8192,8192,32768,128
1501,/home/wanglz/Desktop/src/ModularDT/HONF_Proj/Trained_Results/ThermalChannel/HONF_Forward_Runs/Run_1501_20260922_211056_sparse_incidence_adaptive_honf/best_by_field_mse_model.pt,4689,sparse_incidence_group_control_honf,0658,prepared_p2_decode,complete,161.80909983813763,165.9092309884727,161.77670288085938,35.68212890625,0.0,24.7421875,86.0,8192,8192,32768,128
1501,/home/wanglz/Desktop/src/ModularDT/HONF_Proj/Trained_Results/ThermalChannel/HONF_Forward_Runs/Run_1501_20260922_211056_sparse_incidence_adaptive_honf/best_by_field_mse_model.pt,4689,sparse_incidence_group_control_honf,0659,application_evaluator,complete,239.72647450864315,242.2342762351036,239.68453979492188,39.86181640625,0.0,23.65869140625,86.0,8192,8192,32768,128
1501,/home/wanglz/Desktop/src/ModularDT/HONF_Proj/Trained_Results/ThermalChannel/HONF_Forward_Runs/Run_1501_20260922_211056_sparse_incidence_adaptive_honf/best_by_field_mse_model.pt,4689,sparse_incidence_group_control_honf,0659,full_forward,complete,236.9291353970766,237.30176044628024,236.88677978515625,39.55712890625,0.0,23.65869140625,86.0,8192,8192,32768,128
1501,/home/wanglz/Desktop/src/ModularDT/HONF_Proj/Trained_Results/ThermalChannel/HONF_Forward_Runs/Run_1501_20260922_211056_sparse_incidence_adaptive_honf/best_by_field_mse_model.pt,4689,sparse_incidence_group_control_honf,0659,preparation_plus_one_query,complete,63.720027916133404,63.935757987201214,63.685630798339844,30.97802734375,0.0,23.65869140625,86.0,8192,8192,32768,128
1501,/home/wanglz/Desktop/src/ModularDT/HONF_Proj/Trained_Results/ThermalChannel/HONF_Forward_Runs/Run_1501_20260922_211056_sparse_incidence_adaptive_honf/best_by_field_mse_model.pt,4689,sparse_incidence_group_control_honf,0659,prepared_p2_decode,complete,162.9603859037161,168.32623472437263,162.92364501953125,35.68212890625,0.0,24.7421875,86.0,8192,8192,32768,128
1501,/home/wanglz/Desktop/src/ModularDT/HONF_Proj/Trained_Results/ThermalChannel/HONF_Forward_Runs/Run_1501_20260922_211056_sparse_incidence_adaptive_honf/best_by_field_mse_model.pt,4689,sparse_incidence_group_control_honf,0660,application_evaluator,complete,232.87825472652912,236.13733984529972,232.84323120117188,39.86181640625,0.0,23.65869140625,86.0,8192,8192,32768,128
1501,/home/wanglz/Desktop/src/ModularDT/HONF_Proj/Trained_Results/ThermalChannel/HONF_Forward_Runs/Run_1501_20260922_211056_sparse_incidence_adaptive_honf/best_by_field_mse_model.pt,4689,sparse_incidence_group_control_honf,0660,full_forward,complete,233.46241936087608,234.87924933433533,233.433349609375,39.55712890625,0.0,23.65869140625,86.0,8192,8192,32768,128
1501,/home/wanglz/Desktop/src/ModularDT/HONF_Proj/Trained_Results/ThermalChannel/HONF_Forward_Runs/Run_1501_20260922_211056_sparse_incidence_adaptive_honf/best_by_field_mse_model.pt,4689,sparse_incidence_group_control_honf,0660,preparation_plus_one_query,complete,65.47503545880318,68.99913037195802,65.45305633544922,30.97802734375,0.0,23.65869140625,86.0,8192,8192,32768,128
1501,/home/wanglz/Desktop/src/ModularDT/HONF_Proj/Trained_Results/ThermalChannel/HONF_Forward_Runs/Run_1501_20260922_211056_sparse_incidence_adaptive_honf/best_by_field_mse_model.pt,4689,sparse_incidence_group_control_honf,0660,prepared_p2_decode,complete,169.12414506077766,172.04555263742805,169.09744262695312,35.68212890625,0.0,24.7421875,86.0,8192,8192,32768,128
1501,/home/wanglz/Desktop/src/ModularDT/HONF_Proj/Trained_Results/ThermalChannel/HONF_Forward_Runs/Run_1501_20260922_211056_sparse_incidence_adaptive_honf/best_by_field_mse_model.pt,4689,sparse_incidence_group_control_honf,0661,application_evaluator,complete,232.9212762415409,235.4926899075508,232.87753295898438,39.86181640625,0.0,23.65869140625,86.0,8192,8192,32768,128
1501,/home/wanglz/Desktop/src/ModularDT/HONF_Proj/Trained_Results/ThermalChannel/HONF_Forward_Runs/Run_1501_20260922_211056_sparse_incidence_adaptive_honf/best_by_field_mse_model.pt,4689,sparse_incidence_group_control_honf,0661,full_forward,complete,227.30955388396978,239.70373161137104,227.26885986328125,39.55712890625,0.0,23.65869140625,86.0,8192,8192,32768,128
1501,/home/wanglz/Desktop/src/ModularDT/HONF_Proj/Trained_Results/ThermalChannel/HONF_Forward_Runs/Run_1501_20260922_211056_sparse_incidence_adaptive_honf/best_by_field_mse_model.pt,4689,sparse_incidence_group_control_honf,0661,preparation_plus_one_query,complete,64.39275201410055,69.19890847057104,64.36863708496094,30.97802734375,0.0,23.65869140625,86.0,8192,8192,32768,128
1501,/home/wanglz/Desktop/src/ModularDT/HONF_Proj/Trained_Results/ThermalChannel/HONF_Forward_Runs/Run_1501_20260922_211056_sparse_incidence_adaptive_honf/best_by_field_mse_model.pt,4689,sparse_incidence_group_control_honf,0661,prepared_p2_decode,complete,166.8721353635192,167.0131885446608,166.8308868408203,35.68212890625,0.0,24.7421875,86.0,8192,8192,32768,128
1501,/home/wanglz/Desktop/src/ModularDT/HONF_Proj/Trained_Results/ThermalChannel/HONF_Forward_Runs/Run_1501_20260922_211056_sparse_incidence_adaptive_honf/best_by_field_mse_model.pt,4689,sparse_incidence_group_control_honf,0662,application_evaluator,complete,224.96618889272213,227.03649550676346,224.94137573242188,39.86181640625,0.0,23.65869140625,86.0,8192,8192,32768,128
1501,/home/wanglz/Desktop/src/ModularDT/HONF_Proj/Trained_Results/ThermalChannel/HONF_Forward_Runs/Run_1501_20260922_211056_sparse_incidence_adaptive_honf/best_by_field_mse_model.pt,4689,sparse_incidence_group_control_honf,0662,full_forward,complete,223.1511166319251,224.2325346916914,223.11013793945312,39.55712890625,0.0,23.65869140625,86.0,8192,8192,32768,128
1501,/home/wanglz/Desktop/src/ModularDT/HONF_Proj/Trained_Results/ThermalChannel/HONF_Forward_Runs/Run_1501_20260922_211056_sparse_incidence_adaptive_honf/best_by_field_mse_model.pt,4689,sparse_incidence_group_control_honf,0662,preparation_plus_one_query,complete,63.38757462799549,64.33900026604533,63.35897445678711,30.97802734375,0.0,23.65869140625,86.0,8192,8192,32768,128
1501,/home/wanglz/Desktop/src/ModularDT/HONF_Proj/Trained_Results/ThermalChannel/HONF_Forward_Runs/Run_1501_20260922_211056_sparse_incidence_adaptive_honf/best_by_field_mse_model.pt,4689,sparse_incidence_group_control_honf,0662,prepared_p2_decode,complete,163.10006845742464,167.97184934839606,163.0762176513672,35.68212890625,0.0,24.7421875,86.0,8192,8192,32768,128
1501,/home/wanglz/Desktop/src/ModularDT/HONF_Proj/Trained_Results/ThermalChannel/HONF_Forward_Runs/Run_1501_20260922_211056_sparse_incidence_adaptive_honf/best_by_field_mse_model.pt,4689,sparse_incidence_group_control_honf,0663,application_evaluator,complete,231.06150049716234,231.8952551111579,231.0182342529297,40.826171875,0.0,23.65869140625,98.0,8192,8192,32768,128
1501,/home/wanglz/Desktop/src/ModularDT/HONF_Proj/Trained_Results/ThermalChannel/HONF_Forward_Runs/Run_1501_20260922_211056_sparse_incidence_adaptive_honf/best_by_field_mse_model.pt,4689,sparse_incidence_group_control_honf,0663,full_forward,complete,227.65317652374506,229.33200132101774,227.62783813476562,40.521484375,0.0,23.65869140625,98.0,8192,8192,32768,128
1501,/home/wanglz/Desktop/src/ModularDT/HONF_Proj/Trained_Results/ThermalChannel/HONF_Forward_Runs/Run_1501_20260922_211056_sparse_incidence_adaptive_honf/best_by_field_mse_model.pt,4689,sparse_incidence_group_control_honf,0663,preparation_plus_one_query,complete,64.60423488169909,65.99994329735637,64.58175659179688,40.521484375,0.0,23.65869140625,98.0,8192,8192,32768,128
1501,/home/wanglz/Desktop/src/ModularDT/HONF_Proj/Trained_Results/ThermalChannel/HONF_Forward_Runs/Run_1501_20260922_211056_sparse_incidence_adaptive_honf/best_by_field_mse_model.pt,4689,sparse_incidence_group_control_honf,0663,prepared_p2_decode,complete,169.02580205351114,170.60027970001101,169.0030059814453,35.68212890625,0.0,24.7421875,98.0,8192,8192,32768,128
1501,/home/wanglz/Desktop/src/ModularDT/HONF_Proj/Trained_Results/ThermalChannel/HONF_Forward_Runs/Run_1501_20260922_211056_sparse_incidence_adaptive_honf/best_by_field_mse_model.pt,4689,sparse_incidence_group_control_honf,0664,application_evaluator,complete,230.44632468372583,233.05042441934347,230.4189453125,40.826171875,0.0,23.65869140625,98.0,8192,8192,32768,128
1501,/home/wanglz/Desktop/src/ModularDT/HONF_Proj/Trained_Results/ThermalChannel/HONF_Forward_Runs/Run_1501_20260922_211056_sparse_incidence_adaptive_honf/best_by_field_mse_model.pt,4689,sparse_incidence_group_control_honf,0664,full_forward,complete,230.0445893779397,232.1038318797946,230.01805114746094,40.521484375,0.0,23.65869140625,98.0,8192,8192,32768,128
1501,/home/wanglz/Desktop/src/ModularDT/HONF_Proj/Trained_Results/ThermalChannel/HONF_Forward_Runs/Run_1501_20260922_211056_sparse_incidence_adaptive_honf/best_by_field_mse_model.pt,4689,sparse_incidence_group_control_honf,0664,preparation_plus_one_query,complete,61.60937901586294,61.82812573388219,61.58643341064453,40.521484375,0.0,23.65869140625,98.0,8192,8192,32768,128
1501,/home/wanglz/Desktop/src/ModularDT/HONF_Proj/Trained_Results/ThermalChannel/HONF_Forward_Runs/Run_1501_20260922_211056_sparse_incidence_adaptive_honf/best_by_field_mse_model.pt,4689,sparse_incidence_group_control_honf,0664,prepared_p2_decode,complete,163.00815157592297,166.9375592842698,162.98597717285156,35.68212890625,0.0,24.7421875,98.0,8192,8192,32768,128
1501,/home/wanglz/Desktop/src/ModularDT/HONF_Proj/Trained_Results/ThermalChannel/HONF_Forward_Runs/Run_1501_20260922_211056_sparse_incidence_adaptive_honf/best_by_field_mse_model.pt,4689,sparse_incidence_group_control_honf,0665,application_evaluator,complete,228.5278830677271,233.57843402773142,228.4884796142578,40.826171875,0.0,23.65869140625,98.0,8192,8192,32768,128
1501,/home/wanglz/Desktop/src/ModularDT/HONF_Proj/Trained_Results/ThermalChannel/HONF_Forward_Runs/Run_1501_20260922_211056_sparse_incidence_adaptive_honf/best_by_field_mse_model.pt,4689,sparse_incidence_group_control_honf,0665,full_forward,complete,227.9968000948429,228.13584245741367,227.97100830078125,40.521484375,0.0,23.65869140625,98.0,8192,8192,32768,128
1501,/home/wanglz/Desktop/src/ModularDT/HONF_Proj/Trained_Results/ThermalChannel/HONF_Forward_Runs/Run_1501_20260922_211056_sparse_incidence_adaptive_honf/best_by_field_mse_model.pt,4689,sparse_incidence_group_control_honf,0665,preparation_plus_one_query,complete,63.96028399467468,65.20161284133792,63.874046325683594,40.521484375,0.0,23.65869140625,98.0,8192,8192,32768,128
1501,/home/wanglz/Desktop/src/ModularDT/HONF_Proj/Trained_Results/ThermalChannel/HONF_Forward_Runs/Run_1501_20260922_211056_sparse_incidence_adaptive_honf/best_by_field_mse_model.pt,4689,sparse_incidence_group_control_honf,0665,prepared_p2_decode,complete,168.07370353490114,170.42687255889177,168.04864501953125,35.68212890625,0.0,24.7421875,98.0,8192,8192,32768,128
1501,/home/wanglz/Desktop/src/ModularDT/HONF_Proj/Trained_Results/ThermalChannel/HONF_Forward_Runs/Run_1501_20260922_211056_sparse_incidence_adaptive_honf/best_by_field_mse_model.pt,4689,sparse_incidence_group_control_honf,0666,application_evaluator,complete,232.12534002959728,232.66843538731337,232.10202026367188,40.826171875,0.0,23.65869140625,98.0,8192,8192,32768,128
1501,/home/wanglz/Desktop/src/ModularDT/HONF_Proj/Trained_Results/ThermalChannel/HONF_Forward_Runs/Run_1501_20260922_211056_sparse_incidence_adaptive_honf/best_by_field_mse_model.pt,4689,sparse_incidence_group_control_honf,0666,full_forward,complete,230.32200150191784,234.70750963315368,230.28341674804688,40.521484375,0.0,23.65869140625,98.0,8192,8192,32768,128
1501,/home/wanglz/Desktop/src/ModularDT/HONF_Proj/Trained_Results/ThermalChannel/HONF_Forward_Runs/Run_1501_20260922_211056_sparse_incidence_adaptive_honf/best_by_field_mse_model.pt,4689,sparse_incidence_group_control_honf,0666,preparation_plus_one_query,complete,63.13194893300533,63.222966343164444,63.111167907714844,40.521484375,0.0,23.65869140625,98.0,8192,8192,32768,128
1501,/home/wanglz/Desktop/src/ModularDT/HONF_Proj/Trained_Results/ThermalChannel/HONF_Forward_Runs/Run_1501_20260922_211056_sparse_incidence_adaptive_honf/best_by_field_mse_model.pt,4689,sparse_incidence_group_control_honf,0666,prepared_p2_decode,complete,166.2080641835928,166.43686834722757,166.18162536621094,35.68212890625,0.0,24.7421875,98.0,8192,8192,32768,128
1501,/home/wanglz/Desktop/src/ModularDT/HONF_Proj/Trained_Results/ThermalChannel/HONF_Forward_Runs/Run_1501_20260922_211056_sparse_incidence_adaptive_honf/best_by_field_mse_model.pt,4689,sparse_incidence_group_control_honf,0667,application_evaluator,complete,229.94428873062134,233.16264199092984,229.91062927246094,40.826171875,0.0,23.65869140625,98.0,8192,8192,32768,128
1501,/home/wanglz/Desktop/src/ModularDT/HONF_Proj/Trained_Results/ThermalChannel/HONF_Forward_Runs/Run_1501_20260922_211056_sparse_incidence_adaptive_honf/best_by_field_mse_model.pt,4689,sparse_incidence_group_control_honf,0667,full_forward,complete,221.8436524271965,226.6563476063311,221.81800842285156,40.521484375,0.0,23.65869140625,98.0,8192,8192,32768,128
1501,/home/wanglz/Desktop/src/ModularDT/HONF_Proj/Trained_Results/ThermalChannel/HONF_Forward_Runs/Run_1501_20260922_211056_sparse_incidence_adaptive_honf/best_by_field_mse_model.pt,4689,sparse_incidence_group_control_honf,0667,preparation_plus_one_query,complete,61.5118769928813,64.9597879499197,61.48227310180664,40.521484375,0.0,23.65869140625,98.0,8192,8192,32768,128
1501,/home/wanglz/Desktop/src/ModularDT/HONF_Proj/Trained_Results/ThermalChannel/HONF_Forward_Runs/Run_1501_20260922_211056_sparse_incidence_adaptive_honf/best_by_field_mse_model.pt,4689,sparse_incidence_group_control_honf,0667,prepared_p2_decode,complete,170.89674342423677,172.13555686175823,170.8706817626953,35.68212890625,0.0,24.7421875,98.0,8192,8192,32768,128
1501,/home/wanglz/Desktop/src/ModularDT/HONF_Proj/Trained_Results/ThermalChannel/HONF_Forward_Runs/Run_1501_20260922_211056_sparse_incidence_adaptive_honf/best_by_field_mse_model.pt,4689,sparse_incidence_group_control_honf,0668,application_evaluator,complete,235.90718023478985,236.6914019919932,235.8780517578125,40.826171875,0.0,23.65869140625,98.0,8192,8192,32768,128
1501,/home/wanglz/Desktop/src/ModularDT/HONF_Proj/Trained_Results/ThermalChannel/HONF_Forward_Runs/Run_1501_20260922_211056_sparse_incidence_adaptive_honf/best_by_field_mse_model.pt,4689,sparse_incidence_group_control_honf,0668,full_forward,complete,226.65134444832802,266.620010510087,226.61209106445312,40.521484375,0.0,23.65869140625,98.0,8192,8192,32768,128
1501,/home/wanglz/Desktop/src/ModularDT/HONF_Proj/Trained_Results/ThermalChannel/HONF_Forward_Runs/Run_1501_20260922_211056_sparse_incidence_adaptive_honf/best_by_field_mse_model.pt,4689,sparse_incidence_group_control_honf,0668,preparation_plus_one_query,complete,63.52418381720781,63.70798218995333,63.494144439697266,40.521484375,0.0,23.65869140625,98.0,8192,8192,32768,128
1501,/home/wanglz/Desktop/src/ModularDT/HONF_Proj/Trained_Results/ThermalChannel/HONF_Forward_Runs/Run_1501_20260922_211056_sparse_incidence_adaptive_honf/best_by_field_mse_model.pt,4689,sparse_incidence_group_control_honf,0668,prepared_p2_decode,complete,171.88627365976572,178.00038922578096,171.85792541503906,35.68212890625,0.0,24.7421875,98.0,8192,8192,32768,128
1501,/home/wanglz/Desktop/src/ModularDT/HONF_Proj/Trained_Results/ThermalChannel/HONF_Forward_Runs/Run_1501_20260922_211056_sparse_incidence_adaptive_honf/best_by_field_mse_model.pt,4689,sparse_incidence_group_control_honf,0669,application_evaluator,complete,229.25619594752789,232.07552367821336,229.2276153564453,40.826171875,0.0,23.65869140625,98.0,8192,8192,32768,128
1501,/home/wanglz/Desktop/src/ModularDT/HONF_Proj/Trained_Results/ThermalChannel/HONF_Forward_Runs/Run_1501_20260922_211056_sparse_incidence_adaptive_honf/best_by_field_mse_model.pt,4689,sparse_incidence_group_control_honf,0669,full_forward,complete,222.70075976848602,224.64685663580894,222.67391967773438,40.521484375,0.0,23.65869140625,98.0,8192,8192,32768,128
1501,/home/wanglz/Desktop/src/ModularDT/HONF_Proj/Trained_Results/ThermalChannel/HONF_Forward_Runs/Run_1501_20260922_211056_sparse_incidence_adaptive_honf/best_by_field_mse_model.pt,4689,sparse_incidence_group_control_honf,0669,preparation_plus_one_query,complete,64.70424588769674,65.82890953868628,64.67680358886719,40.521484375,0.0,23.65869140625,98.0,8192,8192,32768,128
1501,/home/wanglz/Desktop/src/ModularDT/HONF_Proj/Trained_Results/ThermalChannel/HONF_Forward_Runs/Run_1501_20260922_211056_sparse_incidence_adaptive_honf/best_by_field_mse_model.pt,4689,sparse_incidence_group_control_honf,0669,prepared_p2_decode,complete,171.32222279906273,172.1836343407631,171.28346252441406,35.68212890625,0.0,24.7421875,98.0,8192,8192,32768,128
1501,/home/wanglz/Desktop/src/ModularDT/HONF_Proj/Trained_Results/ThermalChannel/HONF_Forward_Runs/Run_1501_20260922_211056_sparse_incidence_adaptive_honf/best_by_field_mse_model.pt,4689,sparse_incidence_group_control_honf,0670,application_evaluator,complete,222.4183138459921,227.96695437282324,222.39112854003906,40.826171875,0.0,23.65869140625,98.0,8192,8192,32768,128
1501,/home/wanglz/Desktop/src/ModularDT/HONF_Proj/Trained_Results/ThermalChannel/HONF_Forward_Runs/Run_1501_20260922_211056_sparse_incidence_adaptive_honf/best_by_field_mse_model.pt,4689,sparse_incidence_group_control_honf,0670,full_forward,complete,226.47002898156643,228.16293369978666,226.4442901611328,40.521484375,0.0,23.65869140625,98.0,8192,8192,32768,128
1501,/home/wanglz/Desktop/src/ModularDT/HONF_Proj/Trained_Results/ThermalChannel/HONF_Forward_Runs/Run_1501_20260922_211056_sparse_incidence_adaptive_honf/best_by_field_mse_model.pt,4689,sparse_incidence_group_control_honf,0670,preparation_plus_one_query,complete,59.119622223079205,60.242525674402714,59.09632110595703,40.521484375,0.0,23.65869140625,98.0,8192,8192,32768,128
1501,/home/wanglz/Desktop/src/ModularDT/HONF_Proj/Trained_Results/ThermalChannel/HONF_Forward_Runs/Run_1501_20260922_211056_sparse_incidence_adaptive_honf/best_by_field_mse_model.pt,4689,sparse_incidence_group_control_honf,0670,prepared_p2_decode,complete,165.51019065082073,168.47032010555267,165.48760986328125,35.68212890625,0.0,24.7421875,98.0,8192,8192,32768,128
1501,/home/wanglz/Desktop/src/ModularDT/HONF_Proj/Trained_Results/ThermalChannel/HONF_Forward_Runs/Run_1501_20260922_211056_sparse_incidence_adaptive_honf/best_by_field_mse_model.pt,4689,sparse_incidence_group_control_honf,0671,application_evaluator,complete,237.6646976917982,253.7250285036862,237.6373748779297,40.826171875,0.0,23.65869140625,98.0,8192,8192,32768,128
1501,/home/wanglz/Desktop/src/ModularDT/HONF_Proj/Trained_Results/ThermalChannel/HONF_Forward_Runs/Run_1501_20260922_211056_sparse_incidence_adaptive_honf/best_by_field_mse_model.pt,4689,sparse_incidence_group_control_honf,0671,full_forward,complete,250.72277151048183,254.44373972713947,250.69488525390625,40.521484375,0.0,23.65869140625,98.0,8192,8192,32768,128
1501,/home/wanglz/Desktop/src/ModularDT/HONF_Proj/Trained_Results/ThermalChannel/HONF_Forward_Runs/Run_1501_20260922_211056_sparse_incidence_adaptive_honf/best_by_field_mse_model.pt,4689,sparse_incidence_group_control_honf,0671,preparation_plus_one_query,complete,61.98121793568134,63.958744425326586,61.95711898803711,40.521484375,0.0,23.65869140625,98.0,8192,8192,32768,128
1501,/home/wanglz/Desktop/src/ModularDT/HONF_Proj/Trained_Results/ThermalChannel/HONF_Forward_Runs/Run_1501_20260922_211056_sparse_incidence_adaptive_honf/best_by_field_mse_model.pt,4689,sparse_incidence_group_control_honf,0671,prepared_p2_decode,complete,163.60599640756845,169.45711215958,163.56573486328125,35.68212890625,0.0,24.7421875,98.0,8192,8192,32768,128
1501,/home/wanglz/Desktop/src/ModularDT/HONF_Proj/Trained_Results/ThermalChannel/HONF_Forward_Runs/Run_1501_20260922_211056_sparse_incidence_adaptive_honf/best_by_field_mse_model.pt,4689,sparse_incidence_group_control_honf,0672,application_evaluator,complete,229.65485230088234,230.72646437212825,229.61546325683594,40.826171875,0.0,23.65869140625,98.0,8192,8192,32768,128
1501,/home/wanglz/Desktop/src/ModularDT/HONF_Proj/Trained_Results/ThermalChannel/HONF_Forward_Runs/Run_1501_20260922_211056_sparse_incidence_adaptive_honf/best_by_field_mse_model.pt,4689,sparse_incidence_group_control_honf,0672,full_forward,complete,221.8553777784109,227.88073820993304,221.81683349609375,40.521484375,0.0,23.65869140625,98.0,8192,8192,32768,128
1501,/home/wanglz/Desktop/src/ModularDT/HONF_Proj/Trained_Results/ThermalChannel/HONF_Forward_Runs/Run_1501_20260922_211056_sparse_incidence_adaptive_honf/best_by_field_mse_model.pt,4689,sparse_incidence_group_control_honf,0672,preparation_plus_one_query,complete,64.67546988278627,64.72097942605615,64.64307403564453,40.521484375,0.0,23.65869140625,98.0,8192,8192,32768,128
1501,/home/wanglz/Desktop/src/ModularDT/HONF_Proj/Trained_Results/ThermalChannel/HONF_Forward_Runs/Run_1501_20260922_211056_sparse_incidence_adaptive_honf/best_by_field_mse_model.pt,4689,sparse_incidence_group_control_honf,0672,prepared_p2_decode,complete,166.92464146763086,169.56318747252226,166.89971923828125,35.68212890625,0.0,24.7421875,98.0,8192,8192,32768,128
1501,/home/wanglz/Desktop/src/ModularDT/HONF_Proj/Trained_Results/ThermalChannel/HONF_Forward_Runs/Run_1501_20260922_211056_sparse_incidence_adaptive_honf/best_by_field_mse_model.pt,4689,sparse_incidence_group_control_honf,0673,application_evaluator,complete,235.47554295510054,242.5833247601986,235.4489288330078,40.826171875,0.0,23.65869140625,98.0,8192,8192,32768,128
1501,/home/wanglz/Desktop/src/ModularDT/HONF_Proj/Trained_Results/ThermalChannel/HONF_Forward_Runs/Run_1501_20260922_211056_sparse_incidence_adaptive_honf/best_by_field_mse_model.pt,4689,sparse_incidence_group_control_honf,0673,full_forward,complete,220.08639946579933,231.32071290165186,220.06051635742188,40.521484375,0.0,23.65869140625,98.0,8192,8192,32768,128
1501,/home/wanglz/Desktop/src/ModularDT/HONF_Proj/Trained_Results/ThermalChannel/HONF_Forward_Runs/Run_1501_20260922_211056_sparse_incidence_adaptive_honf/best_by_field_mse_model.pt,4689,sparse_incidence_group_control_honf,0673,preparation_plus_one_query,complete,65.0436794385314,66.82710032910109,65.01990509033203,40.521484375,0.0,23.65869140625,98.0,8192,8192,32768,128
1501,/home/wanglz/Desktop/src/ModularDT/HONF_Proj/Trained_Results/ThermalChannel/HONF_Forward_Runs/Run_1501_20260922_211056_sparse_incidence_adaptive_honf/best_by_field_mse_model.pt,4689,sparse_incidence_group_control_honf,0673,prepared_p2_decode,complete,164.58714567124844,166.26747669652104,164.56192016601562,35.68212890625,0.0,24.7421875,98.0,8192,8192,32768,128
1501,/home/wanglz/Desktop/src/ModularDT/HONF_Proj/Trained_Results/ThermalChannel/HONF_Forward_Runs/Run_1501_20260922_211056_sparse_incidence_adaptive_honf/best_by_field_mse_model.pt,4689,sparse_incidence_group_control_honf,0674,application_evaluator,complete,232.66171757131815,241.8742522597313,232.63580322265625,40.826171875,0.0,23.65869140625,98.0,8192,8192,32768,128
1501,/home/wanglz/Desktop/src/ModularDT/HONF_Proj/Trained_Results/ThermalChannel/HONF_Forward_Runs/Run_1501_20260922_211056_sparse_incidence_adaptive_honf/best_by_field_mse_model.pt,4689,sparse_incidence_group_control_honf,0674,full_forward,complete,233.4531769156456,233.67921505123377,233.42694091796875,40.521484375,0.0,23.65869140625,98.0,8192,8192,32768,128
1501,/home/wanglz/Desktop/src/ModularDT/HONF_Proj/Trained_Results/ThermalChannel/HONF_Forward_Runs/Run_1501_20260922_211056_sparse_incidence_adaptive_honf/best_by_field_mse_model.pt,4689,sparse_incidence_group_control_honf,0674,preparation_plus_one_query,complete,64.3896721303463,66.67394693940878,64.35430145263672,40.521484375,0.0,23.65869140625,98.0,8192,8192,32768,128
1501,/home/wanglz/Desktop/src/ModularDT/HONF_Proj/Trained_Results/ThermalChannel/HONF_Forward_Runs/Run_1501_20260922_211056_sparse_incidence_adaptive_honf/best_by_field_mse_model.pt,4689,sparse_incidence_group_control_honf,0674,prepared_p2_decode,complete,165.69736320525408,171.90576596185565,165.67295837402344,35.68212890625,0.0,24.7421875,98.0,8192,8192,32768,128
1501,/home/wanglz/Desktop/src/ModularDT/HONF_Proj/Trained_Results/ThermalChannel/HONF_Forward_Runs/Run_1501_20260922_211056_sparse_incidence_adaptive_honf/best_by_field_mse_model.pt,4689,sparse_incidence_group_control_honf,0675,application_evaluator,complete,235.6643946841359,246.95678716525435,235.62294006347656,40.826171875,0.0,23.65869140625,98.0,8192,8192,32768,128
1501,/home/wanglz/Desktop/src/ModularDT/HONF_Proj/Trained_Results/ThermalChannel/HONF_Forward_Runs/Run_1501_20260922_211056_sparse_incidence_adaptive_honf/best_by_field_mse_model.pt,4689,sparse_incidence_group_control_honf,0675,full_forward,complete,224.22723192721605,237.00911961495876,224.19888305664062,40.521484375,0.0,23.65869140625,98.0,8192,8192,32768,128
1501,/home/wanglz/Desktop/src/ModularDT/HONF_Proj/Trained_Results/ThermalChannel/HONF_Forward_Runs/Run_1501_20260922_211056_sparse_incidence_adaptive_honf/best_by_field_mse_model.pt,4689,sparse_incidence_group_control_honf,0675,preparation_plus_one_query,complete,61.23138498514891,62.5358228571713,61.19939041137695,40.521484375,0.0,23.65869140625,98.0,8192,8192,32768,128
1501,/home/wanglz/Desktop/src/ModularDT/HONF_Proj/Trained_Results/ThermalChannel/HONF_Forward_Runs/Run_1501_20260922_211056_sparse_incidence_adaptive_honf/best_by_field_mse_model.pt,4689,sparse_incidence_group_control_honf,0675,prepared_p2_decode,complete,165.672498755157,183.2524954341352,165.64837646484375,35.68212890625,0.0,24.7421875,98.0,8192,8192,32768,128
1501,/home/wanglz/Desktop/src/ModularDT/HONF_Proj/Trained_Results/ThermalChannel/HONF_Forward_Runs/Run_1501_20260922_211056_sparse_incidence_adaptive_honf/best_by_field_mse_model.pt,4689,sparse_incidence_group_control_honf,0676,application_evaluator,complete,233.4322202950716,235.49875421449542,233.40541076660156,40.826171875,0.0,23.65869140625,98.0,8192,8192,32768,128
1501,/home/wanglz/Desktop/src/ModularDT/HONF_Proj/Trained_Results/ThermalChannel/HONF_Forward_Runs/Run_1501_20260922_211056_sparse_incidence_adaptive_honf/best_by_field_mse_model.pt,4689,sparse_incidence_group_control_honf,0676,full_forward,complete,229.25702296197414,232.77458166703582,229.22854614257812,40.521484375,0.0,23.65869140625,98.0,8192,8192,32768,128
1501,/home/wanglz/Desktop/src/ModularDT/HONF_Proj/Trained_Results/ThermalChannel/HONF_Forward_Runs/Run_1501_20260922_211056_sparse_incidence_adaptive_honf/best_by_field_mse_model.pt,4689,sparse_incidence_group_control_honf,0676,preparation_plus_one_query,complete,62.029547058045864,62.53995718434453,62.00422286987305,40.521484375,0.0,23.65869140625,98.0,8192,8192,32768,128
1501,/home/wanglz/Desktop/src/ModularDT/HONF_Proj/Trained_Results/ThermalChannel/HONF_Forward_Runs/Run_1501_20260922_211056_sparse_incidence_adaptive_honf/best_by_field_mse_model.pt,4689,sparse_incidence_group_control_honf,0676,prepared_p2_decode,complete,163.66382036358118,163.88734644278884,163.6374969482422,35.68212890625,0.0,24.7421875,98.0,8192,8192,32768,128
1501,/home/wanglz/Desktop/src/ModularDT/HONF_Proj/Trained_Results/ThermalChannel/HONF_Forward_Runs/Run_1501_20260922_211056_sparse_incidence_adaptive_honf/best_by_field_mse_model.pt,4689,sparse_incidence_group_control_honf,0677,application_evaluator,complete,223.90511445701122,232.5069143436849,223.87939453125,40.826171875,0.0,23.65869140625,98.0,8192,8192,32768,128
1501,/home/wanglz/Desktop/src/ModularDT/HONF_Proj/Trained_Results/ThermalChannel/HONF_Forward_Runs/Run_1501_20260922_211056_sparse_incidence_adaptive_honf/best_by_field_mse_model.pt,4689,sparse_incidence_group_control_honf,0677,full_forward,complete,227.34389081597328,233.13139295205474,227.31980895996094,40.521484375,0.0,23.65869140625,98.0,8192,8192,32768,128
1501,/home/wanglz/Desktop/src/ModularDT/HONF_Proj/Trained_Results/ThermalChannel/HONF_Forward_Runs/Run_1501_20260922_211056_sparse_incidence_adaptive_honf/best_by_field_mse_model.pt,4689,sparse_incidence_group_control_honf,0677,preparation_plus_one_query,complete,66.91909488290548,67.28493059054017,66.89177703857422,40.521484375,0.0,23.65869140625,98.0,8192,8192,32768,128
1501,/home/wanglz/Desktop/src/ModularDT/HONF_Proj/Trained_Results/ThermalChannel/HONF_Forward_Runs/Run_1501_20260922_211056_sparse_incidence_adaptive_honf/best_by_field_mse_model.pt,4689,sparse_incidence_group_control_honf,0677,prepared_p2_decode,complete,163.01903128623962,165.85570788010955,162.9951934814453,35.68212890625,0.0,24.7421875,98.0,8192,8192,32768,128
1501,/home/wanglz/Desktop/src/ModularDT/HONF_Proj/Trained_Results/ThermalChannel/HONF_Forward_Runs/Run_1501_20260922_211056_sparse_incidence_adaptive_honf/best_by_field_mse_model.pt,4689,sparse_incidence_group_control_honf,0678,application_evaluator,complete,238.6218085885048,245.35319348797202,238.59561157226562,58.23486328125,0.0,23.65869140625,118.0,8192,8192,32768,128
1501,/home/wanglz/Desktop/src/ModularDT/HONF_Proj/Trained_Results/ThermalChannel/HONF_Forward_Runs/Run_1501_20260922_211056_sparse_incidence_adaptive_honf/best_by_field_mse_model.pt,4689,sparse_incidence_group_control_honf,0678,full_forward,complete,225.34834314137697,244.0668310970068,225.3086700439453,57.93017578125,0.0,23.65869140625,118.0,8192,8192,32768,128
1501,/home/wanglz/Desktop/src/ModularDT/HONF_Proj/Trained_Results/ThermalChannel/HONF_Forward_Runs/Run_1501_20260922_211056_sparse_incidence_adaptive_honf/best_by_field_mse_model.pt,4689,sparse_incidence_group_control_honf,0678,preparation_plus_one_query,complete,64.40224219113588,65.27446638792753,64.36351776123047,57.93017578125,0.0,23.65869140625,118.0,8192,8192,32768,128
1501,/home/wanglz/Desktop/src/ModularDT/HONF_Proj/Trained_Results/ThermalChannel/HONF_Forward_Runs/Run_1501_20260922_211056_sparse_incidence_adaptive_honf/best_by_field_mse_model.pt,4689,sparse_incidence_group_control_honf,0678,prepared_p2_decode,complete,174.41931646317244,187.47627139091492,174.38616943359375,35.68212890625,0.0,24.7421875,118.0,8192,8192,32768,128
1501,/home/wanglz/Desktop/src/ModularDT/HONF_Proj/Trained_Results/ThermalChannel/HONF_Forward_Runs/Run_1501_20260922_211056_sparse_incidence_adaptive_honf/best_by_field_mse_model.pt,4689,sparse_incidence_group_control_honf,0679,application_evaluator,complete,234.26529858261347,244.5783570408821,234.238525390625,58.23486328125,0.0,23.65869140625,118.0,8192,8192,32768,128
1501,/home/wanglz/Desktop/src/ModularDT/HONF_Proj/Trained_Results/ThermalChannel/HONF_Forward_Runs/Run_1501_20260922_211056_sparse_incidence_adaptive_honf/best_by_field_mse_model.pt,4689,sparse_incidence_group_control_honf,0679,full_forward,complete,232.91761428117752,237.08211174234748,232.8768310546875,57.93017578125,0.0,23.65869140625,118.0,8192,8192,32768,128
1501,/home/wanglz/Desktop/src/ModularDT/HONF_Proj/Trained_Results/ThermalChannel/HONF_Forward_Runs/Run_1501_20260922_211056_sparse_incidence_adaptive_honf/best_by_field_mse_model.pt,4689,sparse_incidence_group_control_honf,0679,preparation_plus_one_query,complete,63.73035628348589,65.24750674143434,63.70713424682617,57.93017578125,0.0,23.65869140625,118.0,8192,8192,32768,128
1501,/home/wanglz/Desktop/src/ModularDT/HONF_Proj/Trained_Results/ThermalChannel/HONF_Forward_Runs/Run_1501_20260922_211056_sparse_incidence_adaptive_honf/best_by_field_mse_model.pt,4689,sparse_incidence_group_control_honf,0679,prepared_p2_decode,complete,161.75403911620378,162.8671357408166,161.73056030273438,35.68212890625,0.0,24.7421875,118.0,8192,8192,32768,128
1501,/home/wanglz/Desktop/src/ModularDT/HONF_Proj/Trained_Results/ThermalChannel/HONF_Forward_Runs/Run_1501_20260922_211056_sparse_incidence_adaptive_honf/best_by_field_mse_model.pt,4689,sparse_incidence_group_control_honf,0680,application_evaluator,complete,241.48954823613167,251.60271590575576,241.46275329589844,58.23486328125,0.0,23.65869140625,118.0,8192,8192,32768,128
1501,/home/wanglz/Desktop/src/ModularDT/HONF_Proj/Trained_Results/ThermalChannel/HONF_Forward_Runs/Run_1501_20260922_211056_sparse_incidence_adaptive_honf/best_by_field_mse_model.pt,4689,sparse_incidence_group_control_honf,0680,full_forward,complete,230.95279838889837,231.1712944880128,230.92742919921875,57.93017578125,0.0,23.65869140625,118.0,8192,8192,32768,128
1501,/home/wanglz/Desktop/src/ModularDT/HONF_Proj/Trained_Results/ThermalChannel/HONF_Forward_Runs/Run_1501_20260922_211056_sparse_incidence_adaptive_honf/best_by_field_mse_model.pt,4689,sparse_incidence_group_control_honf,0680,preparation_plus_one_query,complete,65.10374136269093,66.73604911193252,65.08003234863281,57.93017578125,0.0,23.65869140625,118.0,8192,8192,32768,128
1501,/home/wanglz/Desktop/src/ModularDT/HONF_Proj/Trained_Results/ThermalChannel/HONF_Forward_Runs/Run_1501_20260922_211056_sparse_incidence_adaptive_honf/best_by_field_mse_model.pt,4689,sparse_incidence_group_control_honf,0680,prepared_p2_decode,complete,168.18403732031584,173.72714495286345,168.1427764892578,35.68212890625,0.0,24.7421875,118.0,8192,8192,32768,128
1501,/home/wanglz/Desktop/src/ModularDT/HONF_Proj/Trained_Results/ThermalChannel/HONF_Forward_Runs/Run_1501_20260922_211056_sparse_incidence_adaptive_honf/best_by_field_mse_model.pt,4689,sparse_incidence_group_control_honf,0681,application_evaluator,complete,236.15635745227337,254.89697195589542,236.1307830810547,58.23486328125,0.0,23.65869140625,118.0,8192,8192,32768,128
1501,/home/wanglz/Desktop/src/ModularDT/HONF_Proj/Trained_Results/ThermalChannel/HONF_Forward_Runs/Run_1501_20260922_211056_sparse_incidence_adaptive_honf/best_by_field_mse_model.pt,4689,sparse_incidence_group_control_honf,0681,full_forward,complete,250.66408514976501,253.7348465062678,250.63629150390625,57.93017578125,0.0,23.65869140625,118.0,8192,8192,32768,128
1501,/home/wanglz/Desktop/src/ModularDT/HONF_Proj/Trained_Results/ThermalChannel/HONF_Forward_Runs/Run_1501_20260922_211056_sparse_incidence_adaptive_honf/best_by_field_mse_model.pt,4689,sparse_incidence_group_control_honf,0681,preparation_plus_one_query,complete,64.09633066505194,74.1924000903964,64.07270050048828,57.93017578125,0.0,23.65869140625,118.0,8192,8192,32768,128
1501,/home/wanglz/Desktop/src/ModularDT/HONF_Proj/Trained_Results/ThermalChannel/HONF_Forward_Runs/Run_1501_20260922_211056_sparse_incidence_adaptive_honf/best_by_field_mse_model.pt,4689,sparse_incidence_group_control_honf,0681,prepared_p2_decode,complete,170.1806979253888,180.78265460208058,170.1591033935547,35.68212890625,0.0,24.7421875,118.0,8192,8192,32768,128
1501,/home/wanglz/Desktop/src/ModularDT/HONF_Proj/Trained_Results/ThermalChannel/HONF_Forward_Runs/Run_1501_20260922_211056_sparse_incidence_adaptive_honf/best_by_field_mse_model.pt,4689,sparse_incidence_group_control_honf,0682,application_evaluator,complete,242.77492985129356,255.50904320552945,242.75027465820312,58.23486328125,0.0,23.65869140625,118.0,8192,8192,32768,128
1501,/home/wanglz/Desktop/src/ModularDT/HONF_Proj/Trained_Results/ThermalChannel/HONF_Forward_Runs/Run_1501_20260922_211056_sparse_incidence_adaptive_honf/best_by_field_mse_model.pt,4689,sparse_incidence_group_control_honf,0682,full_forward,complete,231.22043162584305,235.92148907482624,231.18643188476562,57.93017578125,0.0,23.65869140625,118.0,8192,8192,32768,128
1501,/home/wanglz/Desktop/src/ModularDT/HONF_Proj/Trained_Results/ThermalChannel/HONF_Forward_Runs/Run_1501_20260922_211056_sparse_incidence_adaptive_honf/best_by_field_mse_model.pt,4689,sparse_incidence_group_control_honf,0682,preparation_plus_one_query,complete,65.99074322730303,67.6157595589757,65.96691131591797,57.93017578125,0.0,23.65869140625,118.0,8192,8192,32768,128
1501,/home/wanglz/Desktop/src/ModularDT/HONF_Proj/Trained_Results/ThermalChannel/HONF_Forward_Runs/Run_1501_20260922_211056_sparse_incidence_adaptive_honf/best_by_field_mse_model.pt,4689,sparse_incidence_group_control_honf,0682,prepared_p2_decode,complete,163.88842836022377,167.37355245277286,163.8461456298828,35.68212890625,0.0,24.7421875,118.0,8192,8192,32768,128
1501,/home/wanglz/Desktop/src/ModularDT/HONF_Proj/Trained_Results/ThermalChannel/HONF_Forward_Runs/Run_1501_20260922_211056_sparse_incidence_adaptive_honf/best_by_field_mse_model.pt,4689,sparse_incidence_group_control_honf,0683,application_evaluator,complete,217.76481345295906,246.71112345531583,217.73916625976562,58.23486328125,0.0,23.65869140625,118.0,8192,8192,32768,128
1501,/home/wanglz/Desktop/src/ModularDT/HONF_Proj/Trained_Results/ThermalChannel/HONF_Forward_Runs/Run_1501_20260922_211056_sparse_incidence_adaptive_honf/best_by_field_mse_model.pt,4689,sparse_incidence_group_control_honf,0683,full_forward,complete,250.4511997103691,251.65280252695084,250.35562133789062,57.93017578125,0.0,23.65869140625,118.0,8192,8192,32768,128
1501,/home/wanglz/Desktop/src/ModularDT/HONF_Proj/Trained_Results/ThermalChannel/HONF_Forward_Runs/Run_1501_20260922_211056_sparse_incidence_adaptive_honf/best_by_field_mse_model.pt,4689,sparse_incidence_group_control_honf,0683,preparation_plus_one_query,complete,64.61959145963192,65.84608433768153,64.58573150634766,57.93017578125,0.0,23.65869140625,118.0,8192,8192,32768,128
1501,/home/wanglz/Desktop/src/ModularDT/HONF_Proj/Trained_Results/ThermalChannel/HONF_Forward_Runs/Run_1501_20260922_211056_sparse_incidence_adaptive_honf/best_by_field_mse_model.pt,4689,sparse_incidence_group_control_honf,0683,prepared_p2_decode,complete,168.36394928395748,182.09550073370337,168.32598876953125,35.68212890625,0.0,24.7421875,118.0,8192,8192,32768,128
1501,/home/wanglz/Desktop/src/ModularDT/HONF_Proj/Trained_Results/ThermalChannel/HONF_Forward_Runs/Run_1501_20260922_211056_sparse_incidence_adaptive_honf/best_by_field_mse_model.pt,4689,sparse_incidence_group_control_honf,0684,application_evaluator,complete,230.30884098261595,247.61929996311665,230.28460693359375,58.23486328125,0.0,23.65869140625,118.0,8192,8192,32768,128
1501,/home/wanglz/Desktop/src/ModularDT/HONF_Proj/Trained_Results/ThermalChannel/HONF_Forward_Runs/Run_1501_20260922_211056_sparse_incidence_adaptive_honf/best_by_field_mse_model.pt,4689,sparse_incidence_group_control_honf,0684,full_forward,complete,232.15799685567617,243.20851024240255,232.1326141357422,57.93017578125,0.0,23.65869140625,118.0,8192,8192,32768,128
1501,/home/wanglz/Desktop/src/ModularDT/HONF_Proj/Trained_Results/ThermalChannel/HONF_Forward_Runs/Run_1501_20260922_211056_sparse_incidence_adaptive_honf/best_by_field_mse_model.pt,4689,sparse_incidence_group_control_honf,0684,preparation_plus_one_query,complete,64.05833456665277,65.95691107213497,64.0337905883789,57.93017578125,0.0,23.65869140625,118.0,8192,8192,32768,128
1501,/home/wanglz/Desktop/src/ModularDT/HONF_Proj/Trained_Results/ThermalChannel/HONF_Forward_Runs/Run_1501_20260922_211056_sparse_incidence_adaptive_honf/best_by_field_mse_model.pt,4689,sparse_incidence_group_control_honf,0684,prepared_p2_decode,complete,175.3825806081295,194.17423587292433,175.3559112548828,35.68212890625,0.0,24.7421875,118.0,8192,8192,32768,128
1501,/home/wanglz/Desktop/src/ModularDT/HONF_Proj/Trained_Results/ThermalChannel/HONF_Forward_Runs/Run_1501_20260922_211056_sparse_incidence_adaptive_honf/best_by_field_mse_model.pt,4689,sparse_incidence_group_control_honf,0685,application_evaluator,complete,225.12036468833685,227.6983137242496,225.0888671875,58.23486328125,0.0,23.65869140625,118.0,8192,8192,32768,128
1501,/home/wanglz/Desktop/src/ModularDT/HONF_Proj/Trained_Results/ThermalChannel/HONF_Forward_Runs/Run_1501_20260922_211056_sparse_incidence_adaptive_honf/best_by_field_mse_model.pt,4689,sparse_incidence_group_control_honf,0685,full_forward,complete,235.9132980927825,241.72166949138045,235.8863983154297,57.93017578125,0.0,23.65869140625,118.0,8192,8192,32768,128
1501,/home/wanglz/Desktop/src/ModularDT/HONF_Proj/Trained_Results/ThermalChannel/HONF_Forward_Runs/Run_1501_20260922_211056_sparse_incidence_adaptive_honf/best_by_field_mse_model.pt,4689,sparse_incidence_group_control_honf,0685,preparation_plus_one_query,complete,62.5268230214715,63.26201567426324,62.50400161743164,57.93017578125,0.0,23.65869140625,118.0,8192,8192,32768,128
1501,/home/wanglz/Desktop/src/ModularDT/HONF_Proj/Trained_Results/ThermalChannel/HONF_Forward_Runs/Run_1501_20260922_211056_sparse_incidence_adaptive_honf/best_by_field_mse_model.pt,4689,sparse_incidence_group_control_honf,0685,prepared_p2_decode,complete,169.61217392235994,170.90881830081344,169.58851623535156,35.68212890625,0.0,24.7421875,118.0,8192,8192,32768,128
1501,/home/wanglz/Desktop/src/ModularDT/HONF_Proj/Trained_Results/ThermalChannel/HONF_Forward_Runs/Run_1501_20260922_211056_sparse_incidence_adaptive_honf/best_by_field_mse_model.pt,4689,sparse_incidence_group_control_honf,0686,application_evaluator,complete,222.63871226459742,227.2286357358098,222.6095428466797,58.23486328125,0.0,23.65869140625,118.0,8192,8192,32768,128
1501,/home/wanglz/Desktop/src/ModularDT/HONF_Proj/Trained_Results/ThermalChannel/HONF_Forward_Runs/Run_1501_20260922_211056_sparse_incidence_adaptive_honf/best_by_field_mse_model.pt,4689,sparse_incidence_group_control_honf,0686,full_forward,complete,232.84217342734337,233.97915679961443,232.81365966796875,57.93017578125,0.0,23.65869140625,118.0,8192,8192,32768,128
1501,/home/wanglz/Desktop/src/ModularDT/HONF_Proj/Trained_Results/ThermalChannel/HONF_Forward_Runs/Run_1501_20260922_211056_sparse_incidence_adaptive_honf/best_by_field_mse_model.pt,4689,sparse_incidence_group_control_honf,0686,preparation_plus_one_query,complete,65.97733218222857,66.37359168380499,65.94544219970703,57.93017578125,0.0,23.65869140625,118.0,8192,8192,32768,128
1501,/home/wanglz/Desktop/src/ModularDT/HONF_Proj/Trained_Results/ThermalChannel/HONF_Forward_Runs/Run_1501_20260922_211056_sparse_incidence_adaptive_honf/best_by_field_mse_model.pt,4689,sparse_incidence_group_control_honf,0686,prepared_p2_decode,complete,165.68338219076395,172.56864374503493,165.6553955078125,35.68212890625,0.0,24.7421875,118.0,8192,8192,32768,128
1501,/home/wanglz/Desktop/src/ModularDT/HONF_Proj/Trained_Results/ThermalChannel/HONF_Forward_Runs/Run_1501_20260922_211056_sparse_incidence_adaptive_honf/best_by_field_mse_model.pt,4689,sparse_incidence_group_control_honf,0687,application_evaluator,complete,232.30410367250443,232.52435913309455,232.2799072265625,58.23486328125,0.0,23.65869140625,118.0,8192,8192,32768,128
1501,/home/wanglz/Desktop/src/ModularDT/HONF_Proj/Trained_Results/ThermalChannel/HONF_Forward_Runs/Run_1501_20260922_211056_sparse_incidence_adaptive_honf/best_by_field_mse_model.pt,4689,sparse_incidence_group_control_honf,0687,full_forward,complete,220.69317195564508,243.4547153301537,220.66680908203125,57.93017578125,0.0,23.65869140625,118.0,8192,8192,32768,128
1501,/home/wanglz/Desktop/src/ModularDT/HONF_Proj/Trained_Results/ThermalChannel/HONF_Forward_Runs/Run_1501_20260922_211056_sparse_incidence_adaptive_honf/best_by_field_mse_model.pt,4689,sparse_incidence_group_control_honf,0687,preparation_plus_one_query,complete,62.45195120573044,66.07586536556482,62.42639923095703,57.93017578125,0.0,23.65869140625,118.0,8192,8192,32768,128
1501,/home/wanglz/Desktop/src/ModularDT/HONF_Proj/Trained_Results/ThermalChannel/HONF_Forward_Runs/Run_1501_20260922_211056_sparse_incidence_adaptive_honf/best_by_field_mse_model.pt,4689,sparse_incidence_group_control_honf,0687,prepared_p2_decode,complete,169.82058342546225,170.01292882487178,169.7986602783203,35.68212890625,0.0,24.7421875,118.0,8192,8192,32768,128
1501,/home/wanglz/Desktop/src/ModularDT/HONF_Proj/Trained_Results/ThermalChannel/HONF_Forward_Runs/Run_1501_20260922_211056_sparse_incidence_adaptive_honf/best_by_field_mse_model.pt,4689,sparse_incidence_group_control_honf,0688,application_evaluator,complete,234.6117040142417,238.3417246863246,234.58534240722656,58.23486328125,0.0,23.65869140625,118.0,8192,8192,32768,128
1501,/home/wanglz/Desktop/src/ModularDT/HONF_Proj/Trained_Results/ThermalChannel/HONF_Forward_Runs/Run_1501_20260922_211056_sparse_incidence_adaptive_honf/best_by_field_mse_model.pt,4689,sparse_incidence_group_control_honf,0688,full_forward,complete,229.28130999207497,244.07969415187836,229.25619506835938,57.93017578125,0.0,23.65869140625,118.0,8192,8192,32768,128
1501,/home/wanglz/Desktop/src/ModularDT/HONF_Proj/Trained_Results/ThermalChannel/HONF_Forward_Runs/Run_1501_20260922_211056_sparse_incidence_adaptive_honf/best_by_field_mse_model.pt,4689,sparse_incidence_group_control_honf,0688,preparation_plus_one_query,complete,62.75786180049181,64.52544005587697,62.735233306884766,57.93017578125,0.0,23.65869140625,118.0,8192,8192,32768,128
1501,/home/wanglz/Desktop/src/ModularDT/HONF_Proj/Trained_Results/ThermalChannel/HONF_Forward_Runs/Run_1501_20260922_211056_sparse_incidence_adaptive_honf/best_by_field_mse_model.pt,4689,sparse_incidence_group_control_honf,0688,prepared_p2_decode,complete,166.96597076952457,170.72465335950255,166.93235778808594,35.68212890625,0.0,24.7421875,118.0,8192,8192,32768,128
1501,/home/wanglz/Desktop/src/ModularDT/HONF_Proj/Trained_Results/ThermalChannel/HONF_Forward_Runs/Run_1501_20260922_211056_sparse_incidence_adaptive_honf/best_by_field_mse_model.pt,4689,sparse_incidence_group_control_honf,0689,application_evaluator,complete,227.4659564718604,231.2384683638811,227.42909240722656,58.23486328125,0.0,23.65869140625,118.0,8192,8192,32768,128
1501,/home/wanglz/Desktop/src/ModularDT/HONF_Proj/Trained_Results/ThermalChannel/HONF_Forward_Runs/Run_1501_20260922_211056_sparse_incidence_adaptive_honf/best_by_field_mse_model.pt,4689,sparse_incidence_group_control_honf,0689,full_forward,complete,226.26214753836393,232.28423735126853,226.2353973388672,57.93017578125,0.0,23.65869140625,118.0,8192,8192,32768,128
1501,/home/wanglz/Desktop/src/ModularDT/HONF_Proj/Trained_Results/ThermalChannel/HONF_Forward_Runs/Run_1501_20260922_211056_sparse_incidence_adaptive_honf/best_by_field_mse_model.pt,4689,sparse_incidence_group_control_honf,0689,preparation_plus_one_query,complete,64.30334132164717,66.06538835912943,64.27648162841797,57.93017578125,0.0,23.65869140625,118.0,8192,8192,32768,128
1501,/home/wanglz/Desktop/src/ModularDT/HONF_Proj/Trained_Results/ThermalChannel/HONF_Forward_Runs/Run_1501_20260922_211056_sparse_incidence_adaptive_honf/best_by_field_mse_model.pt,4689,sparse_incidence_group_control_honf,0689,prepared_p2_decode,complete,165.01931380480528,165.14251688495278,164.99609375,35.68212890625,0.0,24.7421875,118.0,8192,8192,32768,128
1501,/home/wanglz/Desktop/src/ModularDT/HONF_Proj/Trained_Results/ThermalChannel/HONF_Forward_Runs/Run_1501_20260922_211056_sparse_incidence_adaptive_honf/best_by_field_mse_model.pt,4689,sparse_incidence_group_control_honf,0690,application_evaluator,complete,233.71631745249033,236.47530050948262,233.6886749267578,58.23486328125,0.0,23.65869140625,118.0,8192,8192,32768,128
1501,/home/wanglz/Desktop/src/ModularDT/HONF_Proj/Trained_Results/ThermalChannel/HONF_Forward_Runs/Run_1501_20260922_211056_sparse_incidence_adaptive_honf/best_by_field_mse_model.pt,4689,sparse_incidence_group_control_honf,0690,full_forward,complete,223.03653042763472,230.60795469209552,223.00775146484375,57.93017578125,0.0,23.65869140625,118.0,8192,8192,32768,128
1501,/home/wanglz/Desktop/src/ModularDT/HONF_Proj/Trained_Results/ThermalChannel/HONF_Forward_Runs/Run_1501_20260922_211056_sparse_incidence_adaptive_honf/best_by_field_mse_model.pt,4689,sparse_incidence_group_control_honf,0690,preparation_plus_one_query,complete,65.96559658646584,69.3292761221528,65.93746948242188,57.93017578125,0.0,23.65869140625,118.0,8192,8192,32768,128
1501,/home/wanglz/Desktop/src/ModularDT/HONF_Proj/Trained_Results/ThermalChannel/HONF_Forward_Runs/Run_1501_20260922_211056_sparse_incidence_adaptive_honf/best_by_field_mse_model.pt,4689,sparse_incidence_group_control_honf,0690,prepared_p2_decode,complete,165.9920820966363,169.12972265854478,165.96556091308594,35.68212890625,0.0,24.7421875,118.0,8192,8192,32768,128
1501,/home/wanglz/Desktop/src/ModularDT/HONF_Proj/Trained_Results/ThermalChannel/HONF_Forward_Runs/Run_1501_20260922_211056_sparse_incidence_adaptive_honf/best_by_field_mse_model.pt,4689,sparse_incidence_group_control_honf,0691,application_evaluator,complete,230.77677749097347,237.54889341071248,230.75071716308594,58.23486328125,0.0,23.65869140625,118.0,8192,8192,32768,128
1501,/home/wanglz/Desktop/src/ModularDT/HONF_Proj/Trained_Results/ThermalChannel/HONF_Forward_Runs/Run_1501_20260922_211056_sparse_incidence_adaptive_honf/best_by_field_mse_model.pt,4689,sparse_incidence_group_control_honf,0691,full_forward,complete,231.4799539744854,233.34483774378896,231.4517059326172,57.93017578125,0.0,23.65869140625,118.0,8192,8192,32768,128
1501,/home/wanglz/Desktop/src/ModularDT/HONF_Proj/Trained_Results/ThermalChannel/HONF_Forward_Runs/Run_1501_20260922_211056_sparse_incidence_adaptive_honf/best_by_field_mse_model.pt,4689,sparse_incidence_group_control_honf,0691,preparation_plus_one_query,complete,65.34064374864101,67.08031361922622,65.31584167480469,57.93017578125,0.0,23.65869140625,118.0,8192,8192,32768,128
1501,/home/wanglz/Desktop/src/ModularDT/HONF_Proj/Trained_Results/ThermalChannel/HONF_Forward_Runs/Run_1501_20260922_211056_sparse_incidence_adaptive_honf/best_by_field_mse_model.pt,4689,sparse_incidence_group_control_honf,0691,prepared_p2_decode,complete,166.04152973741293,169.26868231967092,166.00064086914062,35.68212890625,0.0,24.7421875,118.0,8192,8192,32768,128
1501,/home/wanglz/Desktop/src/ModularDT/HONF_Proj/Trained_Results/ThermalChannel/HONF_Forward_Runs/Run_1501_20260922_211056_sparse_incidence_adaptive_honf/best_by_field_mse_model.pt,4689,sparse_incidence_group_control_honf,0692,application_evaluator,complete,232.64911957085133,233.89924773946404,232.6229705810547,58.23486328125,0.0,23.65869140625,118.0,8192,8192,32768,128
1501,/home/wanglz/Desktop/src/ModularDT/HONF_Proj/Trained_Results/ThermalChannel/HONF_Forward_Runs/Run_1501_20260922_211056_sparse_incidence_adaptive_honf/best_by_field_mse_model.pt,4689,sparse_incidence_group_control_honf,0692,full_forward,complete,225.2030484378338,226.84440780431032,225.17657470703125,57.93017578125,0.0,23.65869140625,118.0,8192,8192,32768,128
1501,/home/wanglz/Desktop/src/ModularDT/HONF_Proj/Trained_Results/ThermalChannel/HONF_Forward_Runs/Run_1501_20260922_211056_sparse_incidence_adaptive_honf/best_by_field_mse_model.pt,4689,sparse_incidence_group_control_honf,0692,preparation_plus_one_query,complete,61.13024614751339,62.94987183064222,61.09779357910156,57.93017578125,0.0,23.65869140625,118.0,8192,8192,32768,128
1501,/home/wanglz/Desktop/src/ModularDT/HONF_Proj/Trained_Results/ThermalChannel/HONF_Forward_Runs/Run_1501_20260922_211056_sparse_incidence_adaptive_honf/best_by_field_mse_model.pt,4689,sparse_incidence_group_control_honf,0692,prepared_p2_decode,complete,173.97286649793386,175.78520076349378,173.92947387695312,35.68212890625,0.0,24.7421875,118.0,8192,8192,32768,128
1502,/home/wanglz/Desktop/src/ModularDT/HONF_Proj/Trained_Results/ThermalChannel/HONF_Forward_Runs/Run_1502_20260923_004751_sparse_incidence_environment_sparsemax/best_by_field_mse_model.pt,4794,sparse_incidence_group_control_honf,0273,application_evaluator,complete,224.44315813481808,248.7510167993605,224.41705322265625,39.86181640625,0.0,23.65869140625,86.0,8192,8192,32768,128
1502,/home/wanglz/Desktop/src/ModularDT/HONF_Proj/Trained_Results/ThermalChannel/HONF_Forward_Runs/Run_1502_20260923_004751_sparse_incidence_environment_sparsemax/best_by_field_mse_model.pt,4794,sparse_incidence_group_control_honf,0273,full_forward,complete,237.0679248124361,250.3428729251027,237.02525329589844,39.55712890625,0.0,23.65869140625,86.0,8192,8192,32768,128
1502,/home/wanglz/Desktop/src/ModularDT/HONF_Proj/Trained_Results/ThermalChannel/HONF_Forward_Runs/Run_1502_20260923_004751_sparse_incidence_environment_sparsemax/best_by_field_mse_model.pt,4794,sparse_incidence_group_control_honf,0273,preparation_plus_one_query,complete,64.07006364315748,64.69085421413183,64.03788757324219,30.97802734375,0.0,23.65869140625,86.0,8192,8192,32768,128
1502,/home/wanglz/Desktop/src/ModularDT/HONF_Proj/Trained_Results/ThermalChannel/HONF_Forward_Runs/Run_1502_20260923_004751_sparse_incidence_environment_sparsemax/best_by_field_mse_model.pt,4794,sparse_incidence_group_control_honf,0273,prepared_p2_decode,complete,170.14352977275848,170.82742853090167,170.11814880371094,35.68212890625,0.0,24.7421875,86.0,8192,8192,32768,128
1502,/home/wanglz/Desktop/src/ModularDT/HONF_Proj/Trained_Results/ThermalChannel/HONF_Forward_Runs/Run_1502_20260923_004751_sparse_incidence_environment_sparsemax/best_by_field_mse_model.pt,4794,sparse_incidence_group_control_honf,0274,application_evaluator,complete,235.23748572915792,257.8564638271928,235.21029663085938,39.86181640625,0.0,23.65869140625,86.0,8192,8192,32768,128
1502,/home/wanglz/Desktop/src/ModularDT/HONF_Proj/Trained_Results/ThermalChannel/HONF_Forward_Runs/Run_1502_20260923_004751_sparse_incidence_environment_sparsemax/best_by_field_mse_model.pt,4794,sparse_incidence_group_control_honf,0274,full_forward,complete,235.97893584519625,241.55020583420992,235.94802856445312,39.55712890625,0.0,23.65869140625,86.0,8192,8192,32768,128
1502,/home/wanglz/Desktop/src/ModularDT/HONF_Proj/Trained_Results/ThermalChannel/HONF_Forward_Runs/Run_1502_20260923_004751_sparse_incidence_environment_sparsemax/best_by_field_mse_model.pt,4794,sparse_incidence_group_control_honf,0274,preparation_plus_one_query,complete,63.081090338528156,64.64526075869799,63.048702239990234,30.97802734375,0.0,23.65869140625,86.0,8192,8192,32768,128
1502,/home/wanglz/Desktop/src/ModularDT/HONF_Proj/Trained_Results/ThermalChannel/HONF_Forward_Runs/Run_1502_20260923_004751_sparse_incidence_environment_sparsemax/best_by_field_mse_model.pt,4794,sparse_incidence_group_control_honf,0274,prepared_p2_decode,complete,168.04740857332945,169.88941309973598,168.0199737548828,35.68212890625,0.0,24.7421875,86.0,8192,8192,32768,128
1502,/home/wanglz/Desktop/src/ModularDT/HONF_Proj/Trained_Results/ThermalChannel/HONF_Forward_Runs/Run_1502_20260923_004751_sparse_incidence_environment_sparsemax/best_by_field_mse_model.pt,4794,sparse_incidence_group_control_honf,0275,application_evaluator,complete,235.16177479177713,244.7708179242909,235.13311767578125,39.86181640625,0.0,23.65869140625,86.0,8192,8192,32768,128
1502,/home/wanglz/Desktop/src/ModularDT/HONF_Proj/Trained_Results/ThermalChannel/HONF_Forward_Runs/Run_1502_20260923_004751_sparse_incidence_environment_sparsemax/best_by_field_mse_model.pt,4794,sparse_incidence_group_control_honf,0275,full_forward,complete,231.24164436012506,236.06011969968677,231.21510314941406,39.55712890625,0.0,23.65869140625,86.0,8192,8192,32768,128
1502,/home/wanglz/Desktop/src/ModularDT/HONF_Proj/Trained_Results/ThermalChannel/HONF_Forward_Runs/Run_1502_20260923_004751_sparse_incidence_environment_sparsemax/best_by_field_mse_model.pt,4794,sparse_incidence_group_control_honf,0275,preparation_plus_one_query,complete,63.53618577122688,63.67221064865589,63.51030349731445,30.97802734375,0.0,23.65869140625,86.0,8192,8192,32768,128
1502,/home/wanglz/Desktop/src/ModularDT/HONF_Proj/Trained_Results/ThermalChannel/HONF_Forward_Runs/Run_1502_20260923_004751_sparse_incidence_environment_sparsemax/best_by_field_mse_model.pt,4794,sparse_incidence_group_control_honf,0275,prepared_p2_decode,complete,162.8918992355466,185.65017115324736,162.86924743652344,35.68212890625,0.0,24.7421875,86.0,8192,8192,32768,128
1502,/home/wanglz/Desktop/src/ModularDT/HONF_Proj/Trained_Results/ThermalChannel/HONF_Forward_Runs/Run_1502_20260923_004751_sparse_incidence_environment_sparsemax/best_by_field_mse_model.pt,4794,sparse_incidence_group_control_honf,0276,application_evaluator,complete,238.2848598062992,247.3653887398541,238.2445831298828,39.86181640625,0.0,23.65869140625,86.0,8192,8192,32768,128
1502,/home/wanglz/Desktop/src/ModularDT/HONF_Proj/Trained_Results/ThermalChannel/HONF_Forward_Runs/Run_1502_20260923_004751_sparse_incidence_environment_sparsemax/best_by_field_mse_model.pt,4794,sparse_incidence_group_control_honf,0276,full_forward,complete,229.47741579264402,246.40795746818185,229.44869995117188,39.55712890625,0.0,23.65869140625,86.0,8192,8192,32768,128
1502,/home/wanglz/Desktop/src/ModularDT/HONF_Proj/Trained_Results/ThermalChannel/HONF_Forward_Runs/Run_1502_20260923_004751_sparse_incidence_environment_sparsemax/best_by_field_mse_model.pt,4794,sparse_incidence_group_control_honf,0276,preparation_plus_one_query,complete,65.24816993623972,65.73393978178501,65.20832061767578,30.97802734375,0.0,23.65869140625,86.0,8192,8192,32768,128
1502,/home/wanglz/Desktop/src/ModularDT/HONF_Proj/Trained_Results/ThermalChannel/HONF_Forward_Runs/Run_1502_20260923_004751_sparse_incidence_environment_sparsemax/best_by_field_mse_model.pt,4794,sparse_incidence_group_control_honf,0276,prepared_p2_decode,complete,175.95108691602945,176.18667874485254,175.92300415039062,35.68212890625,0.0,24.7421875,86.0,8192,8192,32768,128
1502,/home/wanglz/Desktop/src/ModularDT/HONF_Proj/Trained_Results/ThermalChannel/HONF_Forward_Runs/Run_1502_20260923_004751_sparse_incidence_environment_sparsemax/best_by_field_mse_model.pt,4794,sparse_incidence_group_control_honf,0277,application_evaluator,complete,231.67298920452595,246.88573526218534,231.6445770263672,39.86181640625,0.0,23.65869140625,86.0,8192,8192,32768,128
1502,/home/wanglz/Desktop/src/ModularDT/HONF_Proj/Trained_Results/ThermalChannel/HONF_Forward_Runs/Run_1502_20260923_004751_sparse_incidence_environment_sparsemax/best_by_field_mse_model.pt,4794,sparse_incidence_group_control_honf,0277,full_forward,complete,226.09563078731298,228.94789520651102,226.06874084472656,39.55712890625,0.0,23.65869140625,86.0,8192,8192,32768,128
1502,/home/wanglz/Desktop/src/ModularDT/HONF_Proj/Trained_Results/ThermalChannel/HONF_Forward_Runs/Run_1502_20260923_004751_sparse_incidence_environment_sparsemax/best_by_field_mse_model.pt,4794,sparse_incidence_group_control_honf,0277,preparation_plus_one_query,complete,63.30710183829069,64.11470491439104,63.285438537597656,30.97802734375,0.0,23.65869140625,86.0,8192,8192,32768,128
1502,/home/wanglz/Desktop/src/ModularDT/HONF_Proj/Trained_Results/ThermalChannel/HONF_Forward_Runs/Run_1502_20260923_004751_sparse_incidence_environment_sparsemax/best_by_field_mse_model.pt,4794,sparse_incidence_group_control_honf,0277,prepared_p2_decode,complete,161.30535025149584,162.867758795619,161.26361083984375,35.68212890625,0.0,24.7421875,86.0,8192,8192,32768,128
1502,/home/wanglz/Desktop/src/ModularDT/HONF_Proj/Trained_Results/ThermalChannel/HONF_Forward_Runs/Run_1502_20260923_004751_sparse_incidence_environment_sparsemax/best_by_field_mse_model.pt,4794,sparse_incidence_group_control_honf,0278,application_evaluator,complete,223.2999661937356,225.31923037022352,223.26956176757812,39.86181640625,0.0,23.65869140625,86.0,8192,8192,32768,128
1502,/home/wanglz/Desktop/src/ModularDT/HONF_Proj/Trained_Results/ThermalChannel/HONF_Forward_Runs/Run_1502_20260923_004751_sparse_incidence_environment_sparsemax/best_by_field_mse_model.pt,4794,sparse_incidence_group_control_honf,0278,full_forward,complete,221.7874526977539,230.30979800969362,221.75027465820312,39.55712890625,0.0,23.65869140625,86.0,8192,8192,32768,128
1502,/home/wanglz/Desktop/src/ModularDT/HONF_Proj/Trained_Results/ThermalChannel/HONF_Forward_Runs/Run_1502_20260923_004751_sparse_incidence_environment_sparsemax/best_by_field_mse_model.pt,4794,sparse_incidence_group_control_honf,0278,preparation_plus_one_query,complete,62.84613907337189,65.27901077643037,62.823486328125,30.97802734375,0.0,23.65869140625,86.0,8192,8192,32768,128
1502,/home/wanglz/Desktop/src/ModularDT/HONF_Proj/Trained_Results/ThermalChannel/HONF_Forward_Runs/Run_1502_20260923_004751_sparse_incidence_environment_sparsemax/best_by_field_mse_model.pt,4794,sparse_incidence_group_control_honf,0278,prepared_p2_decode,complete,171.84098158031702,178.93744613975286,171.81301879882812,35.68212890625,0.0,24.7421875,86.0,8192,8192,32768,128
1502,/home/wanglz/Desktop/src/ModularDT/HONF_Proj/Trained_Results/ThermalChannel/HONF_Forward_Runs/Run_1502_20260923_004751_sparse_incidence_environment_sparsemax/best_by_field_mse_model.pt,4794,sparse_incidence_group_control_honf,0279,application_evaluator,complete,227.40336321294308,232.47930714860559,227.37510681152344,39.86181640625,0.0,23.65869140625,86.0,8192,8192,32768,128
1502,/home/wanglz/Desktop/src/ModularDT/HONF_Proj/Trained_Results/ThermalChannel/HONF_Forward_Runs/Run_1502_20260923_004751_sparse_incidence_environment_sparsemax/best_by_field_mse_model.pt,4794,sparse_incidence_group_control_honf,0279,full_forward,complete,225.99784936755896,231.08938112854958,225.970458984375,39.55712890625,0.0,23.65869140625,86.0,8192,8192,32768,128
1502,/home/wanglz/Desktop/src/ModularDT/HONF_Proj/Trained_Results/ThermalChannel/HONF_Forward_Runs/Run_1502_20260923_004751_sparse_incidence_environment_sparsemax/best_by_field_mse_model.pt,4794,sparse_incidence_group_control_honf,0279,preparation_plus_one_query,complete,60.857017524540424,60.99254032596946,60.828670501708984,30.97802734375,0.0,23.65869140625,86.0,8192,8192,32768,128
1502,/home/wanglz/Desktop/src/ModularDT/HONF_Proj/Trained_Results/ThermalChannel/HONF_Forward_Runs/Run_1502_20260923_004751_sparse_incidence_environment_sparsemax/best_by_field_mse_model.pt,4794,sparse_incidence_group_control_honf,0279,prepared_p2_decode,complete,165.6403448432684,166.42481805756688,165.61561584472656,35.68212890625,0.0,24.7421875,86.0,8192,8192,32768,128
1502,/home/wanglz/Desktop/src/ModularDT/HONF_Proj/Trained_Results/ThermalChannel/HONF_Forward_Runs/Run_1502_20260923_004751_sparse_incidence_environment_sparsemax/best_by_field_mse_model.pt,4794,sparse_incidence_group_control_honf,0280,application_evaluator,complete,219.61171086877584,232.6347199268639,219.58700561523438,39.86181640625,0.0,23.65869140625,86.0,8192,8192,32768,128
1502,/home/wanglz/Desktop/src/ModularDT/HONF_Proj/Trained_Results/ThermalChannel/HONF_Forward_Runs/Run_1502_20260923_004751_sparse_incidence_environment_sparsemax/best_by_field_mse_model.pt,4794,sparse_incidence_group_control_honf,0280,full_forward,complete,223.06668851524591,235.05001971498132,223.03744506835938,39.55712890625,0.0,23.65869140625,86.0,8192,8192,32768,128
1502,/home/wanglz/Desktop/src/ModularDT/HONF_Proj/Trained_Results/ThermalChannel/HONF_Forward_Runs/Run_1502_20260923_004751_sparse_incidence_environment_sparsemax/best_by_field_mse_model.pt,4794,sparse_incidence_group_control_honf,0280,preparation_plus_one_query,complete,64.0287147834897,67.32098637148738,64.00614166259766,30.97802734375,0.0,23.65869140625,86.0,8192,8192,32768,128
1502,/home/wanglz/Desktop/src/ModularDT/HONF_Proj/Trained_Results/ThermalChannel/HONF_Forward_Runs/Run_1502_20260923_004751_sparse_incidence_environment_sparsemax/best_by_field_mse_model.pt,4794,sparse_incidence_group_control_honf,0280,prepared_p2_decode,complete,169.27886940538883,171.32403030991554,169.24998474121094,35.68212890625,0.0,24.7421875,86.0,8192,8192,32768,128
1502,/home/wanglz/Desktop/src/ModularDT/HONF_Proj/Trained_Results/ThermalChannel/HONF_Forward_Runs/Run_1502_20260923_004751_sparse_incidence_environment_sparsemax/best_by_field_mse_model.pt,4794,sparse_incidence_group_control_honf,0281,application_evaluator,complete,230.94131238758564,234.5036245882511,230.898681640625,39.86181640625,0.0,23.65869140625,86.0,8192,8192,32768,128
1502,/home/wanglz/Desktop/src/ModularDT/HONF_Proj/Trained_Results/ThermalChannel/HONF_Forward_Runs/Run_1502_20260923_004751_sparse_incidence_environment_sparsemax/best_by_field_mse_model.pt,4794,sparse_incidence_group_control_honf,0281,full_forward,complete,232.90975857526064,233.31330949440598,232.88316345214844,39.55712890625,0.0,23.65869140625,86.0,8192,8192,32768,128
1502,/home/wanglz/Desktop/src/ModularDT/HONF_Proj/Trained_Results/ThermalChannel/HONF_Forward_Runs/Run_1502_20260923_004751_sparse_incidence_environment_sparsemax/best_by_field_mse_model.pt,4794,sparse_incidence_group_control_honf,0281,preparation_plus_one_query,complete,63.57278022915125,67.06519573926926,63.547393798828125,30.97802734375,0.0,23.65869140625,86.0,8192,8192,32768,128
1502,/home/wanglz/Desktop/src/ModularDT/HONF_Proj/Trained_Results/ThermalChannel/HONF_Forward_Runs/Run_1502_20260923_004751_sparse_incidence_environment_sparsemax/best_by_field_mse_model.pt,4794,sparse_incidence_group_control_honf,0281,prepared_p2_decode,complete,175.0341858714819,175.8093568496406,175.00466918945312,35.68212890625,0.0,24.7421875,86.0,8192,8192,32768,128
1502,/home/wanglz/Desktop/src/ModularDT/HONF_Proj/Trained_Results/ThermalChannel/HONF_Forward_Runs/Run_1502_20260923_004751_sparse_incidence_environment_sparsemax/best_by_field_mse_model.pt,4794,sparse_incidence_group_control_honf,0282,application_evaluator,complete,237.1659716591239,263.9672973193228,237.14035034179688,39.86181640625,0.0,23.65869140625,86.0,8192,8192,32768,128
1502,/home/wanglz/Desktop/src/ModularDT/HONF_Proj/Trained_Results/ThermalChannel/HONF_Forward_Runs/Run_1502_20260923_004751_sparse_incidence_environment_sparsemax/best_by_field_mse_model.pt,4794,sparse_incidence_group_control_honf,0282,full_forward,complete,234.74634252488613,254.62368559092283,234.7070770263672,39.55712890625,0.0,23.65869140625,86.0,8192,8192,32768,128
1502,/home/wanglz/Desktop/src/ModularDT/HONF_Proj/Trained_Results/ThermalChannel/HONF_Forward_Runs/Run_1502_20260923_004751_sparse_incidence_environment_sparsemax/best_by_field_mse_model.pt,4794,sparse_incidence_group_control_honf,0282,preparation_plus_one_query,complete,62.52569891512394,63.58750332146883,62.50406265258789,30.97802734375,0.0,23.65869140625,86.0,8192,8192,32768,128
1502,/home/wanglz/Desktop/src/ModularDT/HONF_Proj/Trained_Results/ThermalChannel/HONF_Forward_Runs/Run_1502_20260923_004751_sparse_incidence_environment_sparsemax/best_by_field_mse_model.pt,4794,sparse_incidence_group_control_honf,0282,prepared_p2_decode,complete,169.97338272631168,171.0545484907925,169.9450225830078,35.68212890625,0.0,24.7421875,86.0,8192,8192,32768,128
1502,/home/wanglz/Desktop/src/ModularDT/HONF_Proj/Trained_Results/ThermalChannel/HONF_Forward_Runs/Run_1502_20260923_004751_sparse_incidence_environment_sparsemax/best_by_field_mse_model.pt,4794,sparse_incidence_group_control_honf,0283,application_evaluator,complete,223.3549952507019,224.83845381066203,223.31893920898438,39.86181640625,0.0,23.65869140625,88.0,8192,8192,32768,128
1502,/home/wanglz/Desktop/src/ModularDT/HONF_Proj/Trained_Results/ThermalChannel/HONF_Forward_Runs/Run_1502_20260923_004751_sparse_incidence_environment_sparsemax/best_by_field_mse_model.pt,4794,sparse_incidence_group_control_honf,0283,full_forward,complete,228.32975164055824,230.96528016030788,228.3038787841797,39.55712890625,0.0,23.65869140625,86.0,8192,8192,32768,128
1502,/home/wanglz/Desktop/src/ModularDT/HONF_Proj/Trained_Results/ThermalChannel/HONF_Forward_Runs/Run_1502_20260923_004751_sparse_incidence_environment_sparsemax/best_by_field_mse_model.pt,4794,sparse_incidence_group_control_honf,0283,preparation_plus_one_query,complete,65.96559099853039,66.97082342579961,65.94441223144531,30.97802734375,0.0,23.65869140625,86.0,8192,8192,32768,128
1502,/home/wanglz/Desktop/src/ModularDT/HONF_Proj/Trained_Results/ThermalChannel/HONF_Forward_Runs/Run_1502_20260923_004751_sparse_incidence_environment_sparsemax/best_by_field_mse_model.pt,4794,sparse_incidence_group_control_honf,0283,prepared_p2_decode,complete,172.6008653640747,176.9297981634736,172.57472229003906,35.68212890625,0.0,24.7421875,88.0,8192,8192,32768,128
1502,/home/wanglz/Desktop/src/ModularDT/HONF_Proj/Trained_Results/ThermalChannel/HONF_Forward_Runs/Run_1502_20260923_004751_sparse_incidence_environment_sparsemax/best_by_field_mse_model.pt,4794,sparse_incidence_group_control_honf,0284,application_evaluator,complete,230.17024341970682,232.89980767294765,230.1463623046875,39.86181640625,0.0,23.65869140625,88.0,8192,8192,32768,128
1502,/home/wanglz/Desktop/src/ModularDT/HONF_Proj/Trained_Results/ThermalChannel/HONF_Forward_Runs/Run_1502_20260923_004751_sparse_incidence_environment_sparsemax/best_by_field_mse_model.pt,4794,sparse_incidence_group_control_honf,0284,full_forward,complete,233.62773843109608,237.24109223112464,233.59779357910156,39.55712890625,0.0,23.65869140625,86.0,8192,8192,32768,128
1502,/home/wanglz/Desktop/src/ModularDT/HONF_Proj/Trained_Results/ThermalChannel/HONF_Forward_Runs/Run_1502_20260923_004751_sparse_incidence_environment_sparsemax/best_by_field_mse_model.pt,4794,sparse_incidence_group_control_honf,0284,preparation_plus_one_query,complete,67.45659280568361,69.5477670058608,67.42630767822266,30.97802734375,0.0,23.65869140625,86.0,8192,8192,32768,128
1502,/home/wanglz/Desktop/src/ModularDT/HONF_Proj/Trained_Results/ThermalChannel/HONF_Forward_Runs/Run_1502_20260923_004751_sparse_incidence_environment_sparsemax/best_by_field_mse_model.pt,4794,sparse_incidence_group_control_honf,0284,prepared_p2_decode,complete,172.2301384434104,172.65732549130917,172.20506286621094,35.68212890625,0.0,24.7421875,88.0,8192,8192,32768,128
1502,/home/wanglz/Desktop/src/ModularDT/HONF_Proj/Trained_Results/ThermalChannel/HONF_Forward_Runs/Run_1502_20260923_004751_sparse_incidence_environment_sparsemax/best_by_field_mse_model.pt,4794,sparse_incidence_group_control_honf,0285,application_evaluator,complete,233.00613556057215,240.49332840368152,232.9781494140625,39.86181640625,0.0,23.65869140625,88.0,8192,8192,32768,128
1502,/home/wanglz/Desktop/src/ModularDT/HONF_Proj/Trained_Results/ThermalChannel/HONF_Forward_Runs/Run_1502_20260923_004751_sparse_incidence_environment_sparsemax/best_by_field_mse_model.pt,4794,sparse_incidence_group_control_honf,0285,full_forward,complete,233.73417649418116,235.0190032273531,233.70729064941406,39.55712890625,0.0,23.65869140625,86.0,8192,8192,32768,128
1502,/home/wanglz/Desktop/src/ModularDT/HONF_Proj/Trained_Results/ThermalChannel/HONF_Forward_Runs/Run_1502_20260923_004751_sparse_incidence_environment_sparsemax/best_by_field_mse_model.pt,4794,sparse_incidence_group_control_honf,0285,preparation_plus_one_query,complete,65.19201211631298,66.33477816358209,65.14380645751953,30.97802734375,0.0,23.65869140625,86.0,8192,8192,32768,128
1502,/home/wanglz/Desktop/src/ModularDT/HONF_Proj/Trained_Results/ThermalChannel/HONF_Forward_Runs/Run_1502_20260923_004751_sparse_incidence_environment_sparsemax/best_by_field_mse_model.pt,4794,sparse_incidence_group_control_honf,0285,prepared_p2_decode,complete,166.8539261445403,170.0883693061769,166.8271942138672,35.68212890625,0.0,24.7421875,88.0,8192,8192,32768,128
1502,/home/wanglz/Desktop/src/ModularDT/HONF_Proj/Trained_Results/ThermalChannel/HONF_Forward_Runs/Run_1502_20260923_004751_sparse_incidence_environment_sparsemax/best_by_field_mse_model.pt,4794,sparse_incidence_group_control_honf,0286,application_evaluator,complete,228.45183219760656,238.78927696496248,228.4248046875,39.86181640625,0.0,23.65869140625,88.0,8192,8192,32768,128
1502,/home/wanglz/Desktop/src/ModularDT/HONF_Proj/Trained_Results/ThermalChannel/HONF_Forward_Runs/Run_1502_20260923_004751_sparse_incidence_environment_sparsemax/best_by_field_mse_model.pt,4794,sparse_incidence_group_control_honf,0286,full_forward,complete,230.14761321246624,237.59658792987466,230.12118530273438,39.55712890625,0.0,23.65869140625,86.0,8192,8192,32768,128
1502,/home/wanglz/Desktop/src/ModularDT/HONF_Proj/Trained_Results/ThermalChannel/HONF_Forward_Runs/Run_1502_20260923_004751_sparse_incidence_environment_sparsemax/best_by_field_mse_model.pt,4794,sparse_incidence_group_control_honf,0286,preparation_plus_one_query,complete,65.9465929493308,67.6631304435432,65.92189025878906,30.97802734375,0.0,23.65869140625,86.0,8192,8192,32768,128
1502,/home/wanglz/Desktop/src/ModularDT/HONF_Proj/Trained_Results/ThermalChannel/HONF_Forward_Runs/Run_1502_20260923_004751_sparse_incidence_environment_sparsemax/best_by_field_mse_model.pt,4794,sparse_incidence_group_control_honf,0286,prepared_p2_decode,complete,166.88046511262655,167.19450568780303,166.8546600341797,35.68212890625,0.0,24.7421875,88.0,8192,8192,32768,128
1502,/home/wanglz/Desktop/src/ModularDT/HONF_Proj/Trained_Results/ThermalChannel/HONF_Forward_Runs/Run_1502_20260923_004751_sparse_incidence_environment_sparsemax/best_by_field_mse_model.pt,4794,sparse_incidence_group_control_honf,0287,application_evaluator,complete,237.1492013335228,241.47361125797033,237.11561584472656,39.86181640625,0.0,23.65869140625,88.0,8192,8192,32768,128
1502,/home/wanglz/Desktop/src/ModularDT/HONF_Proj/Trained_Results/ThermalChannel/HONF_Forward_Runs/Run_1502_20260923_004751_sparse_incidence_environment_sparsemax/best_by_field_mse_model.pt,4794,sparse_incidence_group_control_honf,0287,full_forward,complete,231.99229687452316,236.95585038512945,231.95135498046875,39.55712890625,0.0,23.65869140625,86.0,8192,8192,32768,128
1502,/home/wanglz/Desktop/src/ModularDT/HONF_Proj/Trained_Results/ThermalChannel/HONF_Forward_Runs/Run_1502_20260923_004751_sparse_incidence_environment_sparsemax/best_by_field_mse_model.pt,4794,sparse_incidence_group_control_honf,0287,preparation_plus_one_query,complete,63.61077260226011,67.01317317783833,63.579200744628906,30.97802734375,0.0,23.65869140625,86.0,8192,8192,32768,128
1502,/home/wanglz/Desktop/src/ModularDT/HONF_Proj/Trained_Results/ThermalChannel/HONF_Forward_Runs/Run_1502_20260923_004751_sparse_incidence_environment_sparsemax/best_by_field_mse_model.pt,4794,sparse_incidence_group_control_honf,0287,prepared_p2_decode,complete,171.95970565080643,172.54479015246034,171.91964721679688,35.68212890625,0.0,24.7421875,88.0,8192,8192,32768,128
1502,/home/wanglz/Desktop/src/ModularDT/HONF_Proj/Trained_Results/ThermalChannel/HONF_Forward_Runs/Run_1502_20260923_004751_sparse_incidence_environment_sparsemax/best_by_field_mse_model.pt,4794,sparse_incidence_group_control_honf,0288,application_evaluator,complete,233.113968744874,241.29260489717126,233.08636474609375,39.86181640625,0.0,23.65869140625,88.0,8192,8192,32768,128
1502,/home/wanglz/Desktop/src/ModularDT/HONF_Proj/Trained_Results/ThermalChannel/HONF_Forward_Runs/Run_1502_20260923_004751_sparse_incidence_environment_sparsemax/best_by_field_mse_model.pt,4794,sparse_incidence_group_control_honf,0288,full_forward,complete,228.51133532822132,236.04403855279088,228.4779510498047,39.55712890625,0.0,23.65869140625,86.0,8192,8192,32768,128
1502,/home/wanglz/Desktop/src/ModularDT/HONF_Proj/Trained_Results/ThermalChannel/HONF_Forward_Runs/Run_1502_20260923_004751_sparse_incidence_environment_sparsemax/best_by_field_mse_model.pt,4794,sparse_incidence_group_control_honf,0288,preparation_plus_one_query,complete,66.58271979540586,73.13985917717218,66.55693054199219,30.97802734375,0.0,23.65869140625,86.0,8192,8192,32768,128
1502,/home/wanglz/Desktop/src/ModularDT/HONF_Proj/Trained_Results/ThermalChannel/HONF_Forward_Runs/Run_1502_20260923_004751_sparse_incidence_environment_sparsemax/best_by_field_mse_model.pt,4794,sparse_incidence_group_control_honf,0288,prepared_p2_decode,complete,165.58027174323797,169.55895833671093,165.55416870117188,35.68212890625,0.0,24.7421875,88.0,8192,8192,32768,128
1502,/home/wanglz/Desktop/src/ModularDT/HONF_Proj/Trained_Results/ThermalChannel/HONF_Forward_Runs/Run_1502_20260923_004751_sparse_incidence_environment_sparsemax/best_by_field_mse_model.pt,4794,sparse_incidence_group_control_honf,0289,application_evaluator,complete,228.42053789645433,231.41285050660372,228.39517211914062,39.86181640625,0.0,23.65869140625,88.0,8192,8192,32768,128
1502,/home/wanglz/Desktop/src/ModularDT/HONF_Proj/Trained_Results/ThermalChannel/HONF_Forward_Runs/Run_1502_20260923_004751_sparse_incidence_environment_sparsemax/best_by_field_mse_model.pt,4794,sparse_incidence_group_control_honf,0289,full_forward,complete,224.15873687714338,229.5110061764717,224.11978149414062,39.55712890625,0.0,23.65869140625,86.0,8192,8192,32768,128
1502,/home/wanglz/Desktop/src/ModularDT/HONF_Proj/Trained_Results/ThermalChannel/HONF_Forward_Runs/Run_1502_20260923_004751_sparse_incidence_environment_sparsemax/best_by_field_mse_model.pt,4794,sparse_incidence_group_control_honf,0289,preparation_plus_one_query,complete,64.74222429096699,69.71281692385674,64.71782684326172,30.97802734375,0.0,23.65869140625,86.0,8192,8192,32768,128
1502,/home/wanglz/Desktop/src/ModularDT/HONF_Proj/Trained_Results/ThermalChannel/HONF_Forward_Runs/Run_1502_20260923_004751_sparse_incidence_environment_sparsemax/best_by_field_mse_model.pt,4794,sparse_incidence_group_control_honf,0289,prepared_p2_decode,complete,169.2900350317359,169.66819129884243,169.2650909423828,35.68212890625,0.0,24.7421875,88.0,8192,8192,32768,128
1502,/home/wanglz/Desktop/src/ModularDT/HONF_Proj/Trained_Results/ThermalChannel/HONF_Forward_Runs/Run_1502_20260923_004751_sparse_incidence_environment_sparsemax/best_by_field_mse_model.pt,4794,sparse_incidence_group_control_honf,0290,application_evaluator,complete,237.45036032050848,240.89701399207115,237.42108154296875,39.86181640625,0.0,23.65869140625,88.0,8192,8192,32768,128
1502,/home/wanglz/Desktop/src/ModularDT/HONF_Proj/Trained_Results/ThermalChannel/HONF_Forward_Runs/Run_1502_20260923_004751_sparse_incidence_environment_sparsemax/best_by_field_mse_model.pt,4794,sparse_incidence_group_control_honf,0290,full_forward,complete,226.22663900256157,234.08972499892116,226.1853790283203,39.55712890625,0.0,23.65869140625,86.0,8192,8192,32768,128
1502,/home/wanglz/Desktop/src/ModularDT/HONF_Proj/Trained_Results/ThermalChannel/HONF_Forward_Runs/Run_1502_20260923_004751_sparse_incidence_environment_sparsemax/best_by_field_mse_model.pt,4794,sparse_incidence_group_control_honf,0290,preparation_plus_one_query,complete,64.15023654699326,64.27167942747474,64.12902069091797,30.97802734375,0.0,23.65869140625,86.0,8192,8192,32768,128
1502,/home/wanglz/Desktop/src/ModularDT/HONF_Proj/Trained_Results/ThermalChannel/HONF_Forward_Runs/Run_1502_20260923_004751_sparse_incidence_environment_sparsemax/best_by_field_mse_model.pt,4794,sparse_incidence_group_control_honf,0290,prepared_p2_decode,complete,164.611691609025,165.24429814890027,164.572998046875,35.68212890625,0.0,24.7421875,88.0,8192,8192,32768,128
1502,/home/wanglz/Desktop/src/ModularDT/HONF_Proj/Trained_Results/ThermalChannel/HONF_Forward_Runs/Run_1502_20260923_004751_sparse_incidence_environment_sparsemax/best_by_field_mse_model.pt,4794,sparse_incidence_group_control_honf,0291,application_evaluator,complete,222.21235930919647,223.02549444139004,222.18771362304688,39.86181640625,0.0,23.65869140625,88.0,8192,8192,32768,128
1502,/home/wanglz/Desktop/src/ModularDT/HONF_Proj/Trained_Results/ThermalChannel/HONF_Forward_Runs/Run_1502_20260923_004751_sparse_incidence_environment_sparsemax/best_by_field_mse_model.pt,4794,sparse_incidence_group_control_honf,0291,full_forward,complete,222.03635517507792,223.55727832764387,222.01040649414062,39.55712890625,0.0,23.65869140625,86.0,8192,8192,32768,128
1502,/home/wanglz/Desktop/src/ModularDT/HONF_Proj/Trained_Results/ThermalChannel/HONF_Forward_Runs/Run_1502_20260923_004751_sparse_incidence_environment_sparsemax/best_by_field_mse_model.pt,4794,sparse_incidence_group_control_honf,0291,preparation_plus_one_query,complete,66.87885150313377,67.0777347870171,66.8569564819336,30.97802734375,0.0,23.65869140625,86.0,8192,8192,32768,128
1502,/home/wanglz/Desktop/src/ModularDT/HONF_Proj/Trained_Results/ThermalChannel/HONF_Forward_Runs/Run_1502_20260923_004751_sparse_incidence_environment_sparsemax/best_by_field_mse_model.pt,4794,sparse_incidence_group_control_honf,0291,prepared_p2_decode,complete,168.47566701471806,169.36071468517184,168.45106506347656,35.68212890625,0.0,24.7421875,88.0,8192,8192,32768,128
1502,/home/wanglz/Desktop/src/ModularDT/HONF_Proj/Trained_Results/ThermalChannel/HONF_Forward_Runs/Run_1502_20260923_004751_sparse_incidence_environment_sparsemax/best_by_field_mse_model.pt,4794,sparse_incidence_group_control_honf,0292,application_evaluator,complete,233.39109867811203,234.1071831062436,233.36288452148438,39.86181640625,0.0,23.65869140625,88.0,8192,8192,32768,128
1502,/home/wanglz/Desktop/src/ModularDT/HONF_Proj/Trained_Results/ThermalChannel/HONF_Forward_Runs/Run_1502_20260923_004751_sparse_incidence_environment_sparsemax/best_by_field_mse_model.pt,4794,sparse_incidence_group_control_honf,0292,full_forward,complete,222.35176339745522,227.66279792413116,222.3238067626953,39.55712890625,0.0,23.65869140625,86.0,8192,8192,32768,128
1502,/home/wanglz/Desktop/src/ModularDT/HONF_Proj/Trained_Results/ThermalChannel/HONF_Forward_Runs/Run_1502_20260923_004751_sparse_incidence_environment_sparsemax/best_by_field_mse_model.pt,4794,sparse_incidence_group_control_honf,0292,preparation_plus_one_query,complete,64.73942939192057,65.82939447835088,64.70861053466797,30.97802734375,0.0,23.65869140625,86.0,8192,8192,32768,128
1502,/home/wanglz/Desktop/src/ModularDT/HONF_Proj/Trained_Results/ThermalChannel/HONF_Forward_Runs/Run_1502_20260923_004751_sparse_incidence_environment_sparsemax/best_by_field_mse_model.pt,4794,sparse_incidence_group_control_honf,0292,prepared_p2_decode,complete,169.00088358670473,172.00727611780167,168.9628143310547,35.68212890625,0.0,24.7421875,88.0,8192,8192,32768,128
1502,/home/wanglz/Desktop/src/ModularDT/HONF_Proj/Trained_Results/ThermalChannel/HONF_Forward_Runs/Run_1502_20260923_004751_sparse_incidence_environment_sparsemax/best_by_field_mse_model.pt,4794,sparse_incidence_group_control_honf,0293,application_evaluator,complete,246.86989933252335,247.67473973333836,246.84335327148438,40.826171875,0.0,23.65869140625,100.0,8192,8192,32768,128
1502,/home/wanglz/Desktop/src/ModularDT/HONF_Proj/Trained_Results/ThermalChannel/HONF_Forward_Runs/Run_1502_20260923_004751_sparse_incidence_environment_sparsemax/best_by_field_mse_model.pt,4794,sparse_incidence_group_control_honf,0293,full_forward,complete,237.4863950535655,249.0659230388701,237.45843505859375,40.521484375,0.0,23.65869140625,98.0,8192,8192,32768,128
1502,/home/wanglz/Desktop/src/ModularDT/HONF_Proj/Trained_Results/ThermalChannel/HONF_Forward_Runs/Run_1502_20260923_004751_sparse_incidence_environment_sparsemax/best_by_field_mse_model.pt,4794,sparse_incidence_group_control_honf,0293,preparation_plus_one_query,complete,62.37818766385317,66.63345191627741,62.355743408203125,40.521484375,0.0,23.65869140625,98.0,8192,8192,32768,128
1502,/home/wanglz/Desktop/src/ModularDT/HONF_Proj/Trained_Results/ThermalChannel/HONF_Forward_Runs/Run_1502_20260923_004751_sparse_incidence_environment_sparsemax/best_by_field_mse_model.pt,4794,sparse_incidence_group_control_honf,0293,prepared_p2_decode,complete,176.99619568884373,178.73913450166583,176.9564208984375,35.68212890625,0.0,24.7421875,100.0,8192,8192,32768,128
1502,/home/wanglz/Desktop/src/ModularDT/HONF_Proj/Trained_Results/ThermalChannel/HONF_Forward_Runs/Run_1502_20260923_004751_sparse_incidence_environment_sparsemax/best_by_field_mse_model.pt,4794,sparse_incidence_group_control_honf,0294,application_evaluator,complete,236.7907604202628,253.00924014300108,236.74928283691406,40.826171875,0.0,23.65869140625,100.0,8192,8192,32768,128
1502,/home/wanglz/Desktop/src/ModularDT/HONF_Proj/Trained_Results/ThermalChannel/HONF_Forward_Runs/Run_1502_20260923_004751_sparse_incidence_environment_sparsemax/best_by_field_mse_model.pt,4794,sparse_incidence_group_control_honf,0294,full_forward,complete,232.96952713280916,240.36368923261762,232.94342041015625,40.521484375,0.0,23.65869140625,98.0,8192,8192,32768,128
1502,/home/wanglz/Desktop/src/ModularDT/HONF_Proj/Trained_Results/ThermalChannel/HONF_Forward_Runs/Run_1502_20260923_004751_sparse_incidence_environment_sparsemax/best_by_field_mse_model.pt,4794,sparse_incidence_group_control_honf,0294,preparation_plus_one_query,complete,67.40658078342676,70.69985903799534,67.38508605957031,40.521484375,0.0,23.65869140625,98.0,8192,8192,32768,128
1502,/home/wanglz/Desktop/src/ModularDT/HONF_Proj/Trained_Results/ThermalChannel/HONF_Forward_Runs/Run_1502_20260923_004751_sparse_incidence_environment_sparsemax/best_by_field_mse_model.pt,4794,sparse_incidence_group_control_honf,0294,prepared_p2_decode,complete,172.1192179247737,180.46304462477565,172.09426879882812,35.68212890625,0.0,24.7421875,100.0,8192,8192,32768,128
1502,/home/wanglz/Desktop/src/ModularDT/HONF_Proj/Trained_Results/ThermalChannel/HONF_Forward_Runs/Run_1502_20260923_004751_sparse_incidence_environment_sparsemax/best_by_field_mse_model.pt,4794,sparse_incidence_group_control_honf,0295,application_evaluator,complete,255.51223196089268,258.79570422694087,255.48634338378906,40.826171875,0.0,23.65869140625,100.0,8192,8192,32768,128
1502,/home/wanglz/Desktop/src/ModularDT/HONF_Proj/Trained_Results/ThermalChannel/HONF_Forward_Runs/Run_1502_20260923_004751_sparse_incidence_environment_sparsemax/best_by_field_mse_model.pt,4794,sparse_incidence_group_control_honf,0295,full_forward,complete,247.02718388289213,249.6486308053136,247.00099182128906,40.521484375,0.0,23.65869140625,98.0,8192,8192,32768,128
1502,/home/wanglz/Desktop/src/ModularDT/HONF_Proj/Trained_Results/ThermalChannel/HONF_Forward_Runs/Run_1502_20260923_004751_sparse_incidence_environment_sparsemax/best_by_field_mse_model.pt,4794,sparse_incidence_group_control_honf,0295,preparation_plus_one_query,complete,58.98159649223089,63.563976250588894,58.95270538330078,40.521484375,0.0,23.65869140625,98.0,8192,8192,32768,128
1502,/home/wanglz/Desktop/src/ModularDT/HONF_Proj/Trained_Results/ThermalChannel/HONF_Forward_Runs/Run_1502_20260923_004751_sparse_incidence_environment_sparsemax/best_by_field_mse_model.pt,4794,sparse_incidence_group_control_honf,0295,prepared_p2_decode,complete,180.17710745334625,182.32032908126712,180.15408325195312,35.68212890625,0.0,24.7421875,100.0,8192,8192,32768,128
1502,/home/wanglz/Desktop/src/ModularDT/HONF_Proj/Trained_Results/ThermalChannel/HONF_Forward_Runs/Run_1502_20260923_004751_sparse_incidence_environment_sparsemax/best_by_field_mse_model.pt,4794,sparse_incidence_group_control_honf,0296,application_evaluator,complete,234.3588350340724,241.65820619091392,234.3197784423828,40.826171875,0.0,23.65869140625,100.0,8192,8192,32768,128
1502,/home/wanglz/Desktop/src/ModularDT/HONF_Proj/Trained_Results/ThermalChannel/HONF_Forward_Runs/Run_1502_20260923_004751_sparse_incidence_environment_sparsemax/best_by_field_mse_model.pt,4794,sparse_incidence_group_control_honf,0296,full_forward,complete,227.9176628217101,236.2270432524383,227.89222717285156,40.521484375,0.0,23.65869140625,98.0,8192,8192,32768,128
1502,/home/wanglz/Desktop/src/ModularDT/HONF_Proj/Trained_Results/ThermalChannel/HONF_Forward_Runs/Run_1502_20260923_004751_sparse_incidence_environment_sparsemax/best_by_field_mse_model.pt,4794,sparse_incidence_group_control_honf,0296,preparation_plus_one_query,complete,64.045749604702,65.58075184002519,64.02156829833984,40.521484375,0.0,23.65869140625,98.0,8192,8192,32768,128
1502,/home/wanglz/Desktop/src/ModularDT/HONF_Proj/Trained_Results/ThermalChannel/HONF_Forward_Runs/Run_1502_20260923_004751_sparse_incidence_environment_sparsemax/best_by_field_mse_model.pt,4794,sparse_incidence_group_control_honf,0296,prepared_p2_decode,complete,175.66079925745726,177.96745290979743,175.62623596191406,35.68212890625,0.0,24.7421875,100.0,8192,8192,32768,128
1502,/home/wanglz/Desktop/src/ModularDT/HONF_Proj/Trained_Results/ThermalChannel/HONF_Forward_Runs/Run_1502_20260923_004751_sparse_incidence_environment_sparsemax/best_by_field_mse_model.pt,4794,sparse_incidence_group_control_honf,0297,application_evaluator,complete,230.21017760038376,232.68654802814126,230.1861114501953,40.826171875,0.0,23.65869140625,100.0,8192,8192,32768,128
1502,/home/wanglz/Desktop/src/ModularDT/HONF_Proj/Trained_Results/ThermalChannel/HONF_Forward_Runs/Run_1502_20260923_004751_sparse_incidence_environment_sparsemax/best_by_field_mse_model.pt,4794,sparse_incidence_group_control_honf,0297,full_forward,complete,233.09579864144325,243.4669361449778,233.05616760253906,40.521484375,0.0,23.65869140625,98.0,8192,8192,32768,128
1502,/home/wanglz/Desktop/src/ModularDT/HONF_Proj/Trained_Results/ThermalChannel/HONF_Forward_Runs/Run_1502_20260923_004751_sparse_incidence_environment_sparsemax/best_by_field_mse_model.pt,4794,sparse_incidence_group_control_honf,0297,preparation_plus_one_query,complete,65.4342221096158,70.44831262901425,65.39981079101562,40.521484375,0.0,23.65869140625,98.0,8192,8192,32768,128
1502,/home/wanglz/Desktop/src/ModularDT/HONF_Proj/Trained_Results/ThermalChannel/HONF_Forward_Runs/Run_1502_20260923_004751_sparse_incidence_environment_sparsemax/best_by_field_mse_model.pt,4794,sparse_incidence_group_control_honf,0297,prepared_p2_decode,complete,157.39218518137932,168.9938380382955,157.36822509765625,35.68212890625,0.0,24.7421875,100.0,8192,8192,32768,128
1502,/home/wanglz/Desktop/src/ModularDT/HONF_Proj/Trained_Results/ThermalChannel/HONF_Forward_Runs/Run_1502_20260923_004751_sparse_incidence_environment_sparsemax/best_by_field_mse_model.pt,4794,sparse_incidence_group_control_honf,0298,application_evaluator,complete,224.23695027828217,227.97853462398052,224.19488525390625,40.826171875,0.0,23.65869140625,100.0,8192,8192,32768,128
1502,/home/wanglz/Desktop/src/ModularDT/HONF_Proj/Trained_Results/ThermalChannel/HONF_Forward_Runs/Run_1502_20260923_004751_sparse_incidence_environment_sparsemax/best_by_field_mse_model.pt,4794,sparse_incidence_group_control_honf,0298,full_forward,complete,230.7644486427307,260.55406108498573,230.7368927001953,40.521484375,0.0,23.65869140625,98.0,8192,8192,32768,128
1502,/home/wanglz/Desktop/src/ModularDT/HONF_Proj/Trained_Results/ThermalChannel/HONF_Forward_Runs/Run_1502_20260923_004751_sparse_incidence_environment_sparsemax/best_by_field_mse_model.pt,4794,sparse_incidence_group_control_honf,0298,preparation_plus_one_query,complete,65.84936659783125,67.32603749260306,65.82681274414062,40.521484375,0.0,23.65869140625,98.0,8192,8192,32768,128
1502,/home/wanglz/Desktop/src/ModularDT/HONF_Proj/Trained_Results/ThermalChannel/HONF_Forward_Runs/Run_1502_20260923_004751_sparse_incidence_environment_sparsemax/best_by_field_mse_model.pt,4794,sparse_incidence_group_control_honf,0298,prepared_p2_decode,complete,169.71411183476448,171.44975839182734,169.67782592773438,35.68212890625,0.0,24.7421875,100.0,8192,8192,32768,128
1502,/home/wanglz/Desktop/src/ModularDT/HONF_Proj/Trained_Results/ThermalChannel/HONF_Forward_Runs/Run_1502_20260923_004751_sparse_incidence_environment_sparsemax/best_by_field_mse_model.pt,4794,sparse_incidence_group_control_honf,0299,application_evaluator,complete,228.38616278022528,230.04964953288436,228.34471130371094,40.826171875,0.0,23.65869140625,100.0,8192,8192,32768,128
1502,/home/wanglz/Desktop/src/ModularDT/HONF_Proj/Trained_Results/ThermalChannel/HONF_Forward_Runs/Run_1502_20260923_004751_sparse_incidence_environment_sparsemax/best_by_field_mse_model.pt,4794,sparse_incidence_group_control_honf,0299,full_forward,complete,232.0657568052411,242.30363378301263,232.036376953125,40.521484375,0.0,23.65869140625,98.0,8192,8192,32768,128
1502,/home/wanglz/Desktop/src/ModularDT/HONF_Proj/Trained_Results/ThermalChannel/HONF_Forward_Runs/Run_1502_20260923_004751_sparse_incidence_environment_sparsemax/best_by_field_mse_model.pt,4794,sparse_incidence_group_control_honf,0299,preparation_plus_one_query,complete,63.606297597289085,66.72985991463065,63.58118438720703,40.521484375,0.0,23.65869140625,98.0,8192,8192,32768,128
1502,/home/wanglz/Desktop/src/ModularDT/HONF_Proj/Trained_Results/ThermalChannel/HONF_Forward_Runs/Run_1502_20260923_004751_sparse_incidence_environment_sparsemax/best_by_field_mse_model.pt,4794,sparse_incidence_group_control_honf,0299,prepared_p2_decode,complete,163.80011104047298,168.6628377996385,163.77565002441406,35.68212890625,0.0,24.7421875,100.0,8192,8192,32768,128
1502,/home/wanglz/Desktop/src/ModularDT/HONF_Proj/Trained_Results/ThermalChannel/HONF_Forward_Runs/Run_1502_20260923_004751_sparse_incidence_environment_sparsemax/best_by_field_mse_model.pt,4794,sparse_incidence_group_control_honf,0300,application_evaluator,complete,244.99223940074444,254.13059759885073,244.9514923095703,40.826171875,0.0,23.65869140625,100.0,8192,8192,32768,128
1502,/home/wanglz/Desktop/src/ModularDT/HONF_Proj/Trained_Results/ThermalChannel/HONF_Forward_Runs/Run_1502_20260923_004751_sparse_incidence_environment_sparsemax/best_by_field_mse_model.pt,4794,sparse_incidence_group_control_honf,0300,full_forward,complete,229.8260387033224,235.21702904254198,229.79994201660156,40.521484375,0.0,23.65869140625,98.0,8192,8192,32768,128
1502,/home/wanglz/Desktop/src/ModularDT/HONF_Proj/Trained_Results/ThermalChannel/HONF_Forward_Runs/Run_1502_20260923_004751_sparse_incidence_environment_sparsemax/best_by_field_mse_model.pt,4794,sparse_incidence_group_control_honf,0300,preparation_plus_one_query,complete,62.81093042343855,65.56764869019389,62.785377502441406,40.521484375,0.0,23.65869140625,98.0,8192,8192,32768,128
1502,/home/wanglz/Desktop/src/ModularDT/HONF_Proj/Trained_Results/ThermalChannel/HONF_Forward_Runs/Run_1502_20260923_004751_sparse_incidence_environment_sparsemax/best_by_field_mse_model.pt,4794,sparse_incidence_group_control_honf,0300,prepared_p2_decode,complete,169.82893086969852,171.90904263406992,169.8007049560547,35.68212890625,0.0,24.7421875,100.0,8192,8192,32768,128
1502,/home/wanglz/Desktop/src/ModularDT/HONF_Proj/Trained_Results/ThermalChannel/HONF_Forward_Runs/Run_1502_20260923_004751_sparse_incidence_environment_sparsemax/best_by_field_mse_model.pt,4794,sparse_incidence_group_control_honf,0301,application_evaluator,complete,233.97692944854498,237.09973488003016,233.94793701171875,40.826171875,0.0,23.65869140625,100.0,8192,8192,32768,128
1502,/home/wanglz/Desktop/src/ModularDT/HONF_Proj/Trained_Results/ThermalChannel/HONF_Forward_Runs/Run_1502_20260923_004751_sparse_incidence_environment_sparsemax/best_by_field_mse_model.pt,4794,sparse_incidence_group_control_honf,0301,full_forward,complete,241.38947390019894,244.96083771809936,241.35696411132812,40.521484375,0.0,23.65869140625,98.0,8192,8192,32768,128
1502,/home/wanglz/Desktop/src/ModularDT/HONF_Proj/Trained_Results/ThermalChannel/HONF_Forward_Runs/Run_1502_20260923_004751_sparse_incidence_environment_sparsemax/best_by_field_mse_model.pt,4794,sparse_incidence_group_control_honf,0301,preparation_plus_one_query,complete,65.7169446349144,65.91784041374922,65.68441772460938,40.521484375,0.0,23.65869140625,98.0,8192,8192,32768,128
1502,/home/wanglz/Desktop/src/ModularDT/HONF_Proj/Trained_Results/ThermalChannel/HONF_Forward_Runs/Run_1502_20260923_004751_sparse_incidence_environment_sparsemax/best_by_field_mse_model.pt,4794,sparse_incidence_group_control_honf,0301,prepared_p2_decode,complete,170.04683893173933,170.7239500246942,170.01699829101562,35.68212890625,0.0,24.7421875,100.0,8192,8192,32768,128
1502,/home/wanglz/Desktop/src/ModularDT/HONF_Proj/Trained_Results/ThermalChannel/HONF_Forward_Runs/Run_1502_20260923_004751_sparse_incidence_environment_sparsemax/best_by_field_mse_model.pt,4794,sparse_incidence_group_control_honf,0302,application_evaluator,complete,229.63410895317793,231.0914176516235,229.60716247558594,40.826171875,0.0,23.65869140625,100.0,8192,8192,32768,128
1502,/home/wanglz/Desktop/src/ModularDT/HONF_Proj/Trained_Results/ThermalChannel/HONF_Forward_Runs/Run_1502_20260923_004751_sparse_incidence_environment_sparsemax/best_by_field_mse_model.pt,4794,sparse_incidence_group_control_honf,0302,full_forward,complete,228.17411832511425,232.30441929772496,228.1327362060547,40.521484375,0.0,23.65869140625,98.0,8192,8192,32768,128
1502,/home/wanglz/Desktop/src/ModularDT/HONF_Proj/Trained_Results/ThermalChannel/HONF_Forward_Runs/Run_1502_20260923_004751_sparse_incidence_environment_sparsemax/best_by_field_mse_model.pt,4794,sparse_incidence_group_control_honf,0302,preparation_plus_one_query,complete,63.124941661953926,64.45200899615884,63.08745574951172,40.521484375,0.0,23.65869140625,98.0,8192,8192,32768,128
1502,/home/wanglz/Desktop/src/ModularDT/HONF_Proj/Trained_Results/ThermalChannel/HONF_Forward_Runs/Run_1502_20260923_004751_sparse_incidence_environment_sparsemax/best_by_field_mse_model.pt,4794,sparse_incidence_group_control_honf,0302,prepared_p2_decode,complete,167.28162672370672,170.94526775181293,167.20384216308594,35.68212890625,0.0,24.7421875,100.0,8192,8192,32768,128
1502,/home/wanglz/Desktop/src/ModularDT/HONF_Proj/Trained_Results/ThermalChannel/HONF_Forward_Runs/Run_1502_20260923_004751_sparse_incidence_environment_sparsemax/best_by_field_mse_model.pt,4794,sparse_incidence_group_control_honf,0633,application_evaluator,complete,225.97463056445122,231.3020072877407,225.9476776123047,39.86181640625,0.0,23.65869140625,86.0,8192,8192,32768,128
1502,/home/wanglz/Desktop/src/ModularDT/HONF_Proj/Trained_Results/ThermalChannel/HONF_Forward_Runs/Run_1502_20260923_004751_sparse_incidence_environment_sparsemax/best_by_field_mse_model.pt,4794,sparse_incidence_group_control_honf,0633,full_forward,complete,231.49807006120682,236.91193964332342,231.45779418945312,39.55712890625,0.0,23.65869140625,86.0,8192,8192,32768,128
1502,/home/wanglz/Desktop/src/ModularDT/HONF_Proj/Trained_Results/ThermalChannel/HONF_Forward_Runs/Run_1502_20260923_004751_sparse_incidence_environment_sparsemax/best_by_field_mse_model.pt,4794,sparse_incidence_group_control_honf,0633,preparation_plus_one_query,complete,64.34411462396383,65.34985080361366,64.31027221679688,30.97802734375,0.0,23.65869140625,86.0,8192,8192,32768,128
1502,/home/wanglz/Desktop/src/ModularDT/HONF_Proj/Trained_Results/ThermalChannel/HONF_Forward_Runs/Run_1502_20260923_004751_sparse_incidence_environment_sparsemax/best_by_field_mse_model.pt,4794,sparse_incidence_group_control_honf,0633,prepared_p2_decode,complete,163.1765505298972,163.33243967965245,163.13241577148438,35.68212890625,0.0,24.7421875,86.0,8192,8192,32768,128
1502,/home/wanglz/Desktop/src/ModularDT/HONF_Proj/Trained_Results/ThermalChannel/HONF_Forward_Runs/Run_1502_20260923_004751_sparse_incidence_environment_sparsemax/best_by_field_mse_model.pt,4794,sparse_incidence_group_control_honf,0634,application_evaluator,complete,230.99380359053612,237.09232797846198,230.96771240234375,39.86181640625,0.0,23.65869140625,86.0,8192,8192,32768,128
1502,/home/wanglz/Desktop/src/ModularDT/HONF_Proj/Trained_Results/ThermalChannel/HONF_Forward_Runs/Run_1502_20260923_004751_sparse_incidence_environment_sparsemax/best_by_field_mse_model.pt,4794,sparse_incidence_group_control_honf,0634,full_forward,complete,230.148708447814,232.42468684911728,230.12278747558594,39.55712890625,0.0,23.65869140625,86.0,8192,8192,32768,128
1502,/home/wanglz/Desktop/src/ModularDT/HONF_Proj/Trained_Results/ThermalChannel/HONF_Forward_Runs/Run_1502_20260923_004751_sparse_incidence_environment_sparsemax/best_by_field_mse_model.pt,4794,sparse_incidence_group_control_honf,0634,preparation_plus_one_query,complete,62.37902119755745,64.72766399383545,62.3554573059082,30.97802734375,0.0,23.65869140625,86.0,8192,8192,32768,128
1502,/home/wanglz/Desktop/src/ModularDT/HONF_Proj/Trained_Results/ThermalChannel/HONF_Forward_Runs/Run_1502_20260923_004751_sparse_incidence_environment_sparsemax/best_by_field_mse_model.pt,4794,sparse_incidence_group_control_honf,0634,prepared_p2_decode,complete,174.35417603701353,182.56097119301558,174.3278045654297,35.68212890625,0.0,24.7421875,86.0,8192,8192,32768,128
1502,/home/wanglz/Desktop/src/ModularDT/HONF_Proj/Trained_Results/ThermalChannel/HONF_Forward_Runs/Run_1502_20260923_004751_sparse_incidence_environment_sparsemax/best_by_field_mse_model.pt,4794,sparse_incidence_group_control_honf,0635,application_evaluator,complete,227.92100440710783,234.47814295068383,227.8928985595703,39.86181640625,0.0,23.65869140625,86.0,8192,8192,32768,128
1502,/home/wanglz/Desktop/src/ModularDT/HONF_Proj/Trained_Results/ThermalChannel/HONF_Forward_Runs/Run_1502_20260923_004751_sparse_incidence_environment_sparsemax/best_by_field_mse_model.pt,4794,sparse_incidence_group_control_honf,0635,full_forward,complete,227.64135338366032,234.88113591447473,227.61468505859375,39.55712890625,0.0,23.65869140625,86.0,8192,8192,32768,128
1502,/home/wanglz/Desktop/src/ModularDT/HONF_Proj/Trained_Results/ThermalChannel/HONF_Forward_Runs/Run_1502_20260923_004751_sparse_incidence_environment_sparsemax/best_by_field_mse_model.pt,4794,sparse_incidence_group_control_honf,0635,preparation_plus_one_query,complete,61.373285949230194,62.248778250068426,61.351646423339844,30.97802734375,0.0,23.65869140625,86.0,8192,8192,32768,128
1502,/home/wanglz/Desktop/src/ModularDT/HONF_Proj/Trained_Results/ThermalChannel/HONF_Forward_Runs/Run_1502_20260923_004751_sparse_incidence_environment_sparsemax/best_by_field_mse_model.pt,4794,sparse_incidence_group_control_honf,0635,prepared_p2_decode,complete,167.3307940363884,169.19316239655018,167.30624389648438,35.68212890625,0.0,24.7421875,86.0,8192,8192,32768,128
1502,/home/wanglz/Desktop/src/ModularDT/HONF_Proj/Trained_Results/ThermalChannel/HONF_Forward_Runs/Run_1502_20260923_004751_sparse_incidence_environment_sparsemax/best_by_field_mse_model.pt,4794,sparse_incidence_group_control_honf,0636,application_evaluator,complete,225.641337223351,227.2060088813305,225.6017303466797,39.86181640625,0.0,23.65869140625,86.0,8192,8192,32768,128
1502,/home/wanglz/Desktop/src/ModularDT/HONF_Proj/Trained_Results/ThermalChannel/HONF_Forward_Runs/Run_1502_20260923_004751_sparse_incidence_environment_sparsemax/best_by_field_mse_model.pt,4794,sparse_incidence_group_control_honf,0636,full_forward,complete,234.349325299263,238.26439827680588,234.32199096679688,39.55712890625,0.0,23.65869140625,86.0,8192,8192,32768,128
1502,/home/wanglz/Desktop/src/ModularDT/HONF_Proj/Trained_Results/ThermalChannel/HONF_Forward_Runs/Run_1502_20260923_004751_sparse_incidence_environment_sparsemax/best_by_field_mse_model.pt,4794,sparse_incidence_group_control_honf,0636,preparation_plus_one_query,complete,62.0694775134325,64.38367320224643,62.03919982910156,30.97802734375,0.0,23.65869140625,86.0,8192,8192,32768,128
1502,/home/wanglz/Desktop/src/ModularDT/HONF_Proj/Trained_Results/ThermalChannel/HONF_Forward_Runs/Run_1502_20260923_004751_sparse_incidence_environment_sparsemax/best_by_field_mse_model.pt,4794,sparse_incidence_group_control_honf,0636,prepared_p2_decode,complete,167.6059728488326,173.9149467088282,167.58140563964844,35.68212890625,0.0,24.7421875,86.0,8192,8192,32768,128
1502,/home/wanglz/Desktop/src/ModularDT/HONF_Proj/Trained_Results/ThermalChannel/HONF_Forward_Runs/Run_1502_20260923_004751_sparse_incidence_environment_sparsemax/best_by_field_mse_model.pt,4794,sparse_incidence_group_control_honf,0637,application_evaluator,complete,226.2883586809039,232.75925666093826,226.26214599609375,39.86181640625,0.0,23.65869140625,86.0,8192,8192,32768,128
1502,/home/wanglz/Desktop/src/ModularDT/HONF_Proj/Trained_Results/ThermalChannel/HONF_Forward_Runs/Run_1502_20260923_004751_sparse_incidence_environment_sparsemax/best_by_field_mse_model.pt,4794,sparse_incidence_group_control_honf,0637,full_forward,complete,227.58268378674984,230.16264447942376,227.55654907226562,39.55712890625,0.0,23.65869140625,86.0,8192,8192,32768,128
1502,/home/wanglz/Desktop/src/ModularDT/HONF_Proj/Trained_Results/ThermalChannel/HONF_Forward_Runs/Run_1502_20260923_004751_sparse_incidence_environment_sparsemax/best_by_field_mse_model.pt,4794,sparse_incidence_group_control_honf,0637,preparation_plus_one_query,complete,63.246188685297966,64.69846908003092,63.19001770019531,30.97802734375,0.0,23.65869140625,86.0,8192,8192,32768,128
1502,/home/wanglz/Desktop/src/ModularDT/HONF_Proj/Trained_Results/ThermalChannel/HONF_Forward_Runs/Run_1502_20260923_004751_sparse_incidence_environment_sparsemax/best_by_field_mse_model.pt,4794,sparse_incidence_group_control_honf,0637,prepared_p2_decode,complete,170.96428759396076,187.40427922457457,170.93836975097656,35.68212890625,0.0,24.7421875,86.0,8192,8192,32768,128
1502,/home/wanglz/Desktop/src/ModularDT/HONF_Proj/Trained_Results/ThermalChannel/HONF_Forward_Runs/Run_1502_20260923_004751_sparse_incidence_environment_sparsemax/best_by_field_mse_model.pt,4794,sparse_incidence_group_control_honf,0638,application_evaluator,complete,234.95555575937033,235.92282067984343,234.93011474609375,39.86181640625,0.0,23.65869140625,86.0,8192,8192,32768,128
1502,/home/wanglz/Desktop/src/ModularDT/HONF_Proj/Trained_Results/ThermalChannel/HONF_Forward_Runs/Run_1502_20260923_004751_sparse_incidence_environment_sparsemax/best_by_field_mse_model.pt,4794,sparse_incidence_group_control_honf,0638,full_forward,complete,235.73667649179697,243.35863776504993,235.70924377441406,39.55712890625,0.0,23.65869140625,86.0,8192,8192,32768,128
1502,/home/wanglz/Desktop/src/ModularDT/HONF_Proj/Trained_Results/ThermalChannel/HONF_Forward_Runs/Run_1502_20260923_004751_sparse_incidence_environment_sparsemax/best_by_field_mse_model.pt,4794,sparse_incidence_group_control_honf,0638,preparation_plus_one_query,complete,65.18166698515415,65.47232456505299,65.15103912353516,30.97802734375,0.0,23.65869140625,86.0,8192,8192,32768,128
1502,/home/wanglz/Desktop/src/ModularDT/HONF_Proj/Trained_Results/ThermalChannel/HONF_Forward_Runs/Run_1502_20260923_004751_sparse_incidence_environment_sparsemax/best_by_field_mse_model.pt,4794,sparse_incidence_group_control_honf,0638,prepared_p2_decode,complete,162.67759259790182,162.79626861214638,162.65318298339844,35.68212890625,0.0,24.7421875,86.0,8192,8192,32768,128
1502,/home/wanglz/Desktop/src/ModularDT/HONF_Proj/Trained_Results/ThermalChannel/HONF_Forward_Runs/Run_1502_20260923_004751_sparse_incidence_environment_sparsemax/best_by_field_mse_model.pt,4794,sparse_incidence_group_control_honf,0639,application_evaluator,complete,232.72757325321436,233.14621075987816,232.70144653320312,39.86181640625,0.0,23.65869140625,86.0,8192,8192,32768,128
1502,/home/wanglz/Desktop/src/ModularDT/HONF_Proj/Trained_Results/ThermalChannel/HONF_Forward_Runs/Run_1502_20260923_004751_sparse_incidence_environment_sparsemax/best_by_field_mse_model.pt,4794,sparse_incidence_group_control_honf,0639,full_forward,complete,226.99265088886023,231.36231638491154,226.95423889160156,39.55712890625,0.0,23.65869140625,86.0,8192,8192,32768,128
1502,/home/wanglz/Desktop/src/ModularDT/HONF_Proj/Trained_Results/ThermalChannel/HONF_Forward_Runs/Run_1502_20260923_004751_sparse_incidence_environment_sparsemax/best_by_field_mse_model.pt,4794,sparse_incidence_group_control_honf,0639,preparation_plus_one_query,complete,62.434894032776356,65.49836145713925,62.40972900390625,30.97802734375,0.0,23.65869140625,86.0,8192,8192,32768,128
1502,/home/wanglz/Desktop/src/ModularDT/HONF_Proj/Trained_Results/ThermalChannel/HONF_Forward_Runs/Run_1502_20260923_004751_sparse_incidence_environment_sparsemax/best_by_field_mse_model.pt,4794,sparse_incidence_group_control_honf,0639,prepared_p2_decode,complete,170.5793123692274,177.83242044970393,170.55340576171875,35.68212890625,0.0,24.7421875,86.0,8192,8192,32768,128
1502,/home/wanglz/Desktop/src/ModularDT/HONF_Proj/Trained_Results/ThermalChannel/HONF_Forward_Runs/Run_1502_20260923_004751_sparse_incidence_environment_sparsemax/best_by_field_mse_model.pt,4794,sparse_incidence_group_control_honf,0640,application_evaluator,complete,226.70797165483236,237.84773973748088,226.6827850341797,39.86181640625,0.0,23.65869140625,86.0,8192,8192,32768,128
1502,/home/wanglz/Desktop/src/ModularDT/HONF_Proj/Trained_Results/ThermalChannel/HONF_Forward_Runs/Run_1502_20260923_004751_sparse_incidence_environment_sparsemax/best_by_field_mse_model.pt,4794,sparse_incidence_group_control_honf,0640,full_forward,complete,233.3466587588191,239.17765710502863,233.3053436279297,39.55712890625,0.0,23.65869140625,86.0,8192,8192,32768,128
1502,/home/wanglz/Desktop/src/ModularDT/HONF_Proj/Trained_Results/ThermalChannel/HONF_Forward_Runs/Run_1502_20260923_004751_sparse_incidence_environment_sparsemax/best_by_field_mse_model.pt,4794,sparse_incidence_group_control_honf,0640,preparation_plus_one_query,complete,60.80113351345062,62.00675796717405,60.77747344970703,30.97802734375,0.0,23.65869140625,86.0,8192,8192,32768,128
1502,/home/wanglz/Desktop/src/ModularDT/HONF_Proj/Trained_Results/ThermalChannel/HONF_Forward_Runs/Run_1502_20260923_004751_sparse_incidence_environment_sparsemax/best_by_field_mse_model.pt,4794,sparse_incidence_group_control_honf,0640,prepared_p2_decode,complete,168.1398469954729,169.21900026500225,168.0465850830078,35.68212890625,0.0,24.7421875,86.0,8192,8192,32768,128
1502,/home/wanglz/Desktop/src/ModularDT/HONF_Proj/Trained_Results/ThermalChannel/HONF_Forward_Runs/Run_1502_20260923_004751_sparse_incidence_environment_sparsemax/best_by_field_mse_model.pt,4794,sparse_incidence_group_control_honf,0641,application_evaluator,complete,234.20683946460485,238.44751920551062,234.17587280273438,39.86181640625,0.0,23.65869140625,86.0,8192,8192,32768,128
1502,/home/wanglz/Desktop/src/ModularDT/HONF_Proj/Trained_Results/ThermalChannel/HONF_Forward_Runs/Run_1502_20260923_004751_sparse_incidence_environment_sparsemax/best_by_field_mse_model.pt,4794,sparse_incidence_group_control_honf,0641,full_forward,complete,226.69539786875248,230.67483799532056,226.6676788330078,39.55712890625,0.0,23.65869140625,86.0,8192,8192,32768,128
1502,/home/wanglz/Desktop/src/ModularDT/HONF_Proj/Trained_Results/ThermalChannel/HONF_Forward_Runs/Run_1502_20260923_004751_sparse_incidence_environment_sparsemax/best_by_field_mse_model.pt,4794,sparse_incidence_group_control_honf,0641,preparation_plus_one_query,complete,64.38629887998104,64.67368751764297,64.36557006835938,30.97802734375,0.0,23.65869140625,86.0,8192,8192,32768,128
1502,/home/wanglz/Desktop/src/ModularDT/HONF_Proj/Trained_Results/ThermalChannel/HONF_Forward_Runs/Run_1502_20260923_004751_sparse_incidence_environment_sparsemax/best_by_field_mse_model.pt,4794,sparse_incidence_group_control_honf,0641,prepared_p2_decode,complete,162.79883589595556,163.2436224259436,162.75875854492188,35.68212890625,0.0,24.7421875,86.0,8192,8192,32768,128
1502,/home/wanglz/Desktop/src/ModularDT/HONF_Proj/Trained_Results/ThermalChannel/HONF_Forward_Runs/Run_1502_20260923_004751_sparse_incidence_environment_sparsemax/best_by_field_mse_model.pt,4794,sparse_incidence_group_control_honf,0642,application_evaluator,complete,226.55822429805994,231.81696077808738,226.53347778320312,39.86181640625,0.0,23.65869140625,86.0,8192,8192,32768,128
1502,/home/wanglz/Desktop/src/ModularDT/HONF_Proj/Trained_Results/ThermalChannel/HONF_Forward_Runs/Run_1502_20260923_004751_sparse_incidence_environment_sparsemax/best_by_field_mse_model.pt,4794,sparse_incidence_group_control_honf,0642,full_forward,complete,226.2852806597948,233.5393937304616,226.26010131835938,39.55712890625,0.0,23.65869140625,86.0,8192,8192,32768,128
1502,/home/wanglz/Desktop/src/ModularDT/HONF_Proj/Trained_Results/ThermalChannel/HONF_Forward_Runs/Run_1502_20260923_004751_sparse_incidence_environment_sparsemax/best_by_field_mse_model.pt,4794,sparse_incidence_group_control_honf,0642,preparation_plus_one_query,complete,64.67293296009302,64.98244730755687,64.64128112792969,30.97802734375,0.0,23.65869140625,86.0,8192,8192,32768,128
1502,/home/wanglz/Desktop/src/ModularDT/HONF_Proj/Trained_Results/ThermalChannel/HONF_Forward_Runs/Run_1502_20260923_004751_sparse_incidence_environment_sparsemax/best_by_field_mse_model.pt,4794,sparse_incidence_group_control_honf,0642,prepared_p2_decode,complete,166.68376419693232,167.4300209619105,166.65286254882812,35.68212890625,0.0,24.7421875,86.0,8192,8192,32768,128
1502,/home/wanglz/Desktop/src/ModularDT/HONF_Proj/Trained_Results/ThermalChannel/HONF_Forward_Runs/Run_1502_20260923_004751_sparse_incidence_environment_sparsemax/best_by_field_mse_model.pt,4794,sparse_incidence_group_control_honf,0643,application_evaluator,complete,228.95969543606043,231.18186620995402,228.9192657470703,39.86181640625,0.0,23.65869140625,86.0,8192,8192,32768,128
1502,/home/wanglz/Desktop/src/ModularDT/HONF_Proj/Trained_Results/ThermalChannel/HONF_Forward_Runs/Run_1502_20260923_004751_sparse_incidence_environment_sparsemax/best_by_field_mse_model.pt,4794,sparse_incidence_group_control_honf,0643,full_forward,complete,232.51217510551214,233.80429157987237,232.47177124023438,39.55712890625,0.0,23.65869140625,86.0,8192,8192,32768,128
1502,/home/wanglz/Desktop/src/ModularDT/HONF_Proj/Trained_Results/ThermalChannel/HONF_Forward_Runs/Run_1502_20260923_004751_sparse_incidence_environment_sparsemax/best_by_field_mse_model.pt,4794,sparse_incidence_group_control_honf,0643,preparation_plus_one_query,complete,59.5163069665432,59.95179042220116,59.495296478271484,30.97802734375,0.0,23.65869140625,86.0,8192,8192,32768,128
1502,/home/wanglz/Desktop/src/ModularDT/HONF_Proj/Trained_Results/ThermalChannel/HONF_Forward_Runs/Run_1502_20260923_004751_sparse_incidence_environment_sparsemax/best_by_field_mse_model.pt,4794,sparse_incidence_group_control_honf,0643,prepared_p2_decode,complete,169.56156305968761,170.53385628387332,169.51805114746094,35.68212890625,0.0,24.7421875,86.0,8192,8192,32768,128
1502,/home/wanglz/Desktop/src/ModularDT/HONF_Proj/Trained_Results/ThermalChannel/HONF_Forward_Runs/Run_1502_20260923_004751_sparse_incidence_environment_sparsemax/best_by_field_mse_model.pt,4794,sparse_incidence_group_control_honf,0644,application_evaluator,complete,224.4540024548769,227.10335943847895,224.4286651611328,39.86181640625,0.0,23.65869140625,86.0,8192,8192,32768,128
1502,/home/wanglz/Desktop/src/ModularDT/HONF_Proj/Trained_Results/ThermalChannel/HONF_Forward_Runs/Run_1502_20260923_004751_sparse_incidence_environment_sparsemax/best_by_field_mse_model.pt,4794,sparse_incidence_group_control_honf,0644,full_forward,complete,230.36325443536043,234.37537979334593,230.32115173339844,39.55712890625,0.0,23.65869140625,86.0,8192,8192,32768,128
1502,/home/wanglz/Desktop/src/ModularDT/HONF_Proj/Trained_Results/ThermalChannel/HONF_Forward_Runs/Run_1502_20260923_004751_sparse_incidence_environment_sparsemax/best_by_field_mse_model.pt,4794,sparse_incidence_group_control_honf,0644,preparation_plus_one_query,complete,63.889856450259686,64.2597146332264,63.86588668823242,30.97802734375,0.0,23.65869140625,86.0,8192,8192,32768,128
1502,/home/wanglz/Desktop/src/ModularDT/HONF_Proj/Trained_Results/ThermalChannel/HONF_Forward_Runs/Run_1502_20260923_004751_sparse_incidence_environment_sparsemax/best_by_field_mse_model.pt,4794,sparse_incidence_group_control_honf,0644,prepared_p2_decode,complete,169.18441094458103,169.61587024852633,169.14451599121094,35.68212890625,0.0,24.7421875,86.0,8192,8192,32768,128
1502,/home/wanglz/Desktop/src/ModularDT/HONF_Proj/Trained_Results/ThermalChannel/HONF_Forward_Runs/Run_1502_20260923_004751_sparse_incidence_environment_sparsemax/best_by_field_mse_model.pt,4794,sparse_incidence_group_control_honf,0645,application_evaluator,complete,232.61134792119265,233.77800071612,232.5854034423828,39.86181640625,0.0,23.65869140625,86.0,8192,8192,32768,128
1502,/home/wanglz/Desktop/src/ModularDT/HONF_Proj/Trained_Results/ThermalChannel/HONF_Forward_Runs/Run_1502_20260923_004751_sparse_incidence_environment_sparsemax/best_by_field_mse_model.pt,4794,sparse_incidence_group_control_honf,0645,full_forward,complete,227.70531848073006,235.22595092654228,227.67922973632812,39.55712890625,0.0,23.65869140625,86.0,8192,8192,32768,128
1502,/home/wanglz/Desktop/src/ModularDT/HONF_Proj/Trained_Results/ThermalChannel/HONF_Forward_Runs/Run_1502_20260923_004751_sparse_incidence_environment_sparsemax/best_by_field_mse_model.pt,4794,sparse_incidence_group_control_honf,0645,preparation_plus_one_query,complete,62.62402608990669,65.96708865836263,62.60224151611328,30.97802734375,0.0,23.65869140625,86.0,8192,8192,32768,128
1502,/home/wanglz/Desktop/src/ModularDT/HONF_Proj/Trained_Results/ThermalChannel/HONF_Forward_Runs/Run_1502_20260923_004751_sparse_incidence_environment_sparsemax/best_by_field_mse_model.pt,4794,sparse_incidence_group_control_honf,0645,prepared_p2_decode,complete,167.9775295779109,169.99000357463956,167.9431610107422,35.68212890625,0.0,24.7421875,86.0,8192,8192,32768,128
1502,/home/wanglz/Desktop/src/ModularDT/HONF_Proj/Trained_Results/ThermalChannel/HONF_Forward_Runs/Run_1502_20260923_004751_sparse_incidence_environment_sparsemax/best_by_field_mse_model.pt,4794,sparse_incidence_group_control_honf,0646,application_evaluator,complete,232.44735691696405,232.86498775705695,232.4218292236328,39.86181640625,0.0,23.65869140625,86.0,8192,8192,32768,128
1502,/home/wanglz/Desktop/src/ModularDT/HONF_Proj/Trained_Results/ThermalChannel/HONF_Forward_Runs/Run_1502_20260923_004751_sparse_incidence_environment_sparsemax/best_by_field_mse_model.pt,4794,sparse_incidence_group_control_honf,0646,full_forward,complete,239.46710489690304,246.69481748715043,239.429443359375,39.55712890625,0.0,23.65869140625,86.0,8192,8192,32768,128
1502,/home/wanglz/Desktop/src/ModularDT/HONF_Proj/Trained_Results/ThermalChannel/HONF_Forward_Runs/Run_1502_20260923_004751_sparse_incidence_environment_sparsemax/best_by_field_mse_model.pt,4794,sparse_incidence_group_control_honf,0646,preparation_plus_one_query,complete,61.56353373080492,62.60572783648968,61.54240036010742,30.97802734375,0.0,23.65869140625,86.0,8192,8192,32768,128
1502,/home/wanglz/Desktop/src/ModularDT/HONF_Proj/Trained_Results/ThermalChannel/HONF_Forward_Runs/Run_1502_20260923_004751_sparse_incidence_environment_sparsemax/best_by_field_mse_model.pt,4794,sparse_incidence_group_control_honf,0646,prepared_p2_decode,complete,164.97093997895718,165.10696485638618,164.9469451904297,35.68212890625,0.0,24.7421875,86.0,8192,8192,32768,128
1502,/home/wanglz/Desktop/src/ModularDT/HONF_Proj/Trained_Results/ThermalChannel/HONF_Forward_Runs/Run_1502_20260923_004751_sparse_incidence_environment_sparsemax/best_by_field_mse_model.pt,4794,sparse_incidence_group_control_honf,0647,application_evaluator,complete,225.61478521674871,229.2107893154025,225.5813751220703,39.86181640625,0.0,23.65869140625,86.0,8192,8192,32768,128
1502,/home/wanglz/Desktop/src/ModularDT/HONF_Proj/Trained_Results/ThermalChannel/HONF_Forward_Runs/Run_1502_20260923_004751_sparse_incidence_environment_sparsemax/best_by_field_mse_model.pt,4794,sparse_incidence_group_control_honf,0647,full_forward,complete,227.35945601016283,232.2246965020895,227.31800842285156,39.55712890625,0.0,23.65869140625,86.0,8192,8192,32768,128
1502,/home/wanglz/Desktop/src/ModularDT/HONF_Proj/Trained_Results/ThermalChannel/HONF_Forward_Runs/Run_1502_20260923_004751_sparse_incidence_environment_sparsemax/best_by_field_mse_model.pt,4794,sparse_incidence_group_control_honf,0647,preparation_plus_one_query,complete,64.39104583114386,69.29048197343946,64.35968017578125,30.97802734375,0.0,23.65869140625,86.0,8192,8192,32768,128
1502,/home/wanglz/Desktop/src/ModularDT/HONF_Proj/Trained_Results/ThermalChannel/HONF_Forward_Runs/Run_1502_20260923_004751_sparse_incidence_environment_sparsemax/best_by_field_mse_model.pt,4794,sparse_incidence_group_control_honf,0647,prepared_p2_decode,complete,170.9391362965107,178.98476254194975,170.8607940673828,35.68212890625,0.0,24.7421875,86.0,8192,8192,32768,128
1502,/home/wanglz/Desktop/src/ModularDT/HONF_Proj/Trained_Results/ThermalChannel/HONF_Forward_Runs/Run_1502_20260923_004751_sparse_incidence_environment_sparsemax/best_by_field_mse_model.pt,4794,sparse_incidence_group_control_honf,0648,application_evaluator,complete,230.0425311550498,233.72301645576954,230.0166778564453,39.86181640625,0.0,23.65869140625,88.0,8192,8192,32768,128
1502,/home/wanglz/Desktop/src/ModularDT/HONF_Proj/Trained_Results/ThermalChannel/HONF_Forward_Runs/Run_1502_20260923_004751_sparse_incidence_environment_sparsemax/best_by_field_mse_model.pt,4794,sparse_incidence_group_control_honf,0648,full_forward,complete,228.77753991633654,229.09610671922565,228.73497009277344,39.55712890625,0.0,23.65869140625,86.0,8192,8192,32768,128
1502,/home/wanglz/Desktop/src/ModularDT/HONF_Proj/Trained_Results/ThermalChannel/HONF_Forward_Runs/Run_1502_20260923_004751_sparse_incidence_environment_sparsemax/best_by_field_mse_model.pt,4794,sparse_incidence_group_control_honf,0648,preparation_plus_one_query,complete,60.8539329841733,61.91598800942302,60.83350372314453,30.97802734375,0.0,23.65869140625,86.0,8192,8192,32768,128
1502,/home/wanglz/Desktop/src/ModularDT/HONF_Proj/Trained_Results/ThermalChannel/HONF_Forward_Runs/Run_1502_20260923_004751_sparse_incidence_environment_sparsemax/best_by_field_mse_model.pt,4794,sparse_incidence_group_control_honf,0648,prepared_p2_decode,complete,166.99777264147997,168.5961370356381,166.972412109375,35.68212890625,0.0,24.7421875,88.0,8192,8192,32768,128
1502,/home/wanglz/Desktop/src/ModularDT/HONF_Proj/Trained_Results/ThermalChannel/HONF_Forward_Runs/Run_1502_20260923_004751_sparse_incidence_environment_sparsemax/best_by_field_mse_model.pt,4794,sparse_incidence_group_control_honf,0649,application_evaluator,complete,230.0338689237833,231.05846103280783,230.00799560546875,39.86181640625,0.0,23.65869140625,88.0,8192,8192,32768,128
1502,/home/wanglz/Desktop/src/ModularDT/HONF_Proj/Trained_Results/ThermalChannel/HONF_Forward_Runs/Run_1502_20260923_004751_sparse_incidence_environment_sparsemax/best_by_field_mse_model.pt,4794,sparse_incidence_group_control_honf,0649,full_forward,complete,224.30649027228355,229.27406542003155,224.27027893066406,39.55712890625,0.0,23.65869140625,86.0,8192,8192,32768,128
1502,/home/wanglz/Desktop/src/ModularDT/HONF_Proj/Trained_Results/ThermalChannel/HONF_Forward_Runs/Run_1502_20260923_004751_sparse_incidence_environment_sparsemax/best_by_field_mse_model.pt,4794,sparse_incidence_group_control_honf,0649,preparation_plus_one_query,complete,64.61174786090851,66.21539201587439,64.58035278320312,30.97802734375,0.0,23.65869140625,86.0,8192,8192,32768,128
1502,/home/wanglz/Desktop/src/ModularDT/HONF_Proj/Trained_Results/ThermalChannel/HONF_Forward_Runs/Run_1502_20260923_004751_sparse_incidence_environment_sparsemax/best_by_field_mse_model.pt,4794,sparse_incidence_group_control_honf,0649,prepared_p2_decode,complete,168.9301785081625,171.35374965146184,168.89447021484375,35.68212890625,0.0,24.7421875,88.0,8192,8192,32768,128
1502,/home/wanglz/Desktop/src/ModularDT/HONF_Proj/Trained_Results/ThermalChannel/HONF_Forward_Runs/Run_1502_20260923_004751_sparse_incidence_environment_sparsemax/best_by_field_mse_model.pt,4794,sparse_incidence_group_control_honf,0650,application_evaluator,complete,231.07843566685915,232.52719566226006,231.040283203125,39.86181640625,0.0,23.65869140625,88.0,8192,8192,32768,128
1502,/home/wanglz/Desktop/src/ModularDT/HONF_Proj/Trained_Results/ThermalChannel/HONF_Forward_Runs/Run_1502_20260923_004751_sparse_incidence_environment_sparsemax/best_by_field_mse_model.pt,4794,sparse_incidence_group_control_honf,0650,full_forward,complete,220.95012944191694,230.51340822130442,220.82447814941406,39.55712890625,0.0,23.65869140625,86.0,8192,8192,32768,128
1502,/home/wanglz/Desktop/src/ModularDT/HONF_Proj/Trained_Results/ThermalChannel/HONF_Forward_Runs/Run_1502_20260923_004751_sparse_incidence_environment_sparsemax/best_by_field_mse_model.pt,4794,sparse_incidence_group_control_honf,0650,preparation_plus_one_query,complete,63.22271656244993,64.8522574454546,63.20230484008789,30.97802734375,0.0,23.65869140625,86.0,8192,8192,32768,128
1502,/home/wanglz/Desktop/src/ModularDT/HONF_Proj/Trained_Results/ThermalChannel/HONF_Forward_Runs/Run_1502_20260923_004751_sparse_incidence_environment_sparsemax/best_by_field_mse_model.pt,4794,sparse_incidence_group_control_honf,0650,prepared_p2_decode,complete,168.92570909112692,170.4302883706987,168.89651489257812,35.68212890625,0.0,24.7421875,88.0,8192,8192,32768,128
1502,/home/wanglz/Desktop/src/ModularDT/HONF_Proj/Trained_Results/ThermalChannel/HONF_Forward_Runs/Run_1502_20260923_004751_sparse_incidence_environment_sparsemax/best_by_field_mse_model.pt,4794,sparse_incidence_group_control_honf,0651,application_evaluator,complete,232.85635001957417,235.3576121851802,232.83135986328125,39.86181640625,0.0,23.65869140625,88.0,8192,8192,32768,128
1502,/home/wanglz/Desktop/src/ModularDT/HONF_Proj/Trained_Results/ThermalChannel/HONF_Forward_Runs/Run_1502_20260923_004751_sparse_incidence_environment_sparsemax/best_by_field_mse_model.pt,4794,sparse_incidence_group_control_honf,0651,full_forward,complete,228.59343234449625,234.819180611521,228.55372619628906,39.55712890625,0.0,23.65869140625,86.0,8192,8192,32768,128
1502,/home/wanglz/Desktop/src/ModularDT/HONF_Proj/Trained_Results/ThermalChannel/HONF_Forward_Runs/Run_1502_20260923_004751_sparse_incidence_environment_sparsemax/best_by_field_mse_model.pt,4794,sparse_incidence_group_control_honf,0651,preparation_plus_one_query,complete,63.324686139822006,64.98364582657814,63.30265426635742,30.97802734375,0.0,23.65869140625,86.0,8192,8192,32768,128
1502,/home/wanglz/Desktop/src/ModularDT/HONF_Proj/Trained_Results/ThermalChannel/HONF_Forward_Runs/Run_1502_20260923_004751_sparse_incidence_environment_sparsemax/best_by_field_mse_model.pt,4794,sparse_incidence_group_control_honf,0651,prepared_p2_decode,complete,167.02626552432775,172.41071797907352,166.99317932128906,35.68212890625,0.0,24.7421875,88.0,8192,8192,32768,128
1502,/home/wanglz/Desktop/src/ModularDT/HONF_Proj/Trained_Results/ThermalChannel/HONF_Forward_Runs/Run_1502_20260923_004751_sparse_incidence_environment_sparsemax/best_by_field_mse_model.pt,4794,sparse_incidence_group_control_honf,0652,application_evaluator,complete,224.23776146024466,229.05397368595004,224.19827270507812,39.86181640625,0.0,23.65869140625,88.0,8192,8192,32768,128
1502,/home/wanglz/Desktop/src/ModularDT/HONF_Proj/Trained_Results/ThermalChannel/HONF_Forward_Runs/Run_1502_20260923_004751_sparse_incidence_environment_sparsemax/best_by_field_mse_model.pt,4794,sparse_incidence_group_control_honf,0652,full_forward,complete,225.8312925696373,226.59741109237075,225.80723571777344,39.55712890625,0.0,23.65869140625,86.0,8192,8192,32768,128
1502,/home/wanglz/Desktop/src/ModularDT/HONF_Proj/Trained_Results/ThermalChannel/HONF_Forward_Runs/Run_1502_20260923_004751_sparse_incidence_environment_sparsemax/best_by_field_mse_model.pt,4794,sparse_incidence_group_control_honf,0652,preparation_plus_one_query,complete,63.60349804162979,65.52193546667695,63.52873611450195,30.97802734375,0.0,23.65869140625,86.0,8192,8192,32768,128
1502,/home/wanglz/Desktop/src/ModularDT/HONF_Proj/Trained_Results/ThermalChannel/HONF_Forward_Runs/Run_1502_20260923_004751_sparse_incidence_environment_sparsemax/best_by_field_mse_model.pt,4794,sparse_incidence_group_control_honf,0652,prepared_p2_decode,complete,172.259159386158,173.84495176374912,172.23167419433594,35.68212890625,0.0,24.7421875,88.0,8192,8192,32768,128
1502,/home/wanglz/Desktop/src/ModularDT/HONF_Proj/Trained_Results/ThermalChannel/HONF_Forward_Runs/Run_1502_20260923_004751_sparse_incidence_environment_sparsemax/best_by_field_mse_model.pt,4794,sparse_incidence_group_control_honf,0653,application_evaluator,complete,236.91560328006744,236.96614280343056,236.8897247314453,39.86181640625,0.0,23.65869140625,88.0,8192,8192,32768,128
1502,/home/wanglz/Desktop/src/ModularDT/HONF_Proj/Trained_Results/ThermalChannel/HONF_Forward_Runs/Run_1502_20260923_004751_sparse_incidence_environment_sparsemax/best_by_field_mse_model.pt,4794,sparse_incidence_group_control_honf,0653,full_forward,complete,233.64221770316362,237.09917943924665,233.61126708984375,39.55712890625,0.0,23.65869140625,86.0,8192,8192,32768,128
1502,/home/wanglz/Desktop/src/ModularDT/HONF_Proj/Trained_Results/ThermalChannel/HONF_Forward_Runs/Run_1502_20260923_004751_sparse_incidence_environment_sparsemax/best_by_field_mse_model.pt,4794,sparse_incidence_group_control_honf,0653,preparation_plus_one_query,complete,65.62334764748812,68.49723486229777,65.58624267578125,30.97802734375,0.0,23.65869140625,86.0,8192,8192,32768,128
1502,/home/wanglz/Desktop/src/ModularDT/HONF_Proj/Trained_Results/ThermalChannel/HONF_Forward_Runs/Run_1502_20260923_004751_sparse_incidence_environment_sparsemax/best_by_field_mse_model.pt,4794,sparse_incidence_group_control_honf,0653,prepared_p2_decode,complete,168.71673800051212,176.6801436431706,168.67840576171875,35.68212890625,0.0,24.7421875,88.0,8192,8192,32768,128
1502,/home/wanglz/Desktop/src/ModularDT/HONF_Proj/Trained_Results/ThermalChannel/HONF_Forward_Runs/Run_1502_20260923_004751_sparse_incidence_environment_sparsemax/best_by_field_mse_model.pt,4794,sparse_incidence_group_control_honf,0654,application_evaluator,complete,233.22902712970972,238.360536377877,233.2033233642578,39.86181640625,0.0,23.65869140625,88.0,8192,8192,32768,128
1502,/home/wanglz/Desktop/src/ModularDT/HONF_Proj/Trained_Results/ThermalChannel/HONF_Forward_Runs/Run_1502_20260923_004751_sparse_incidence_environment_sparsemax/best_by_field_mse_model.pt,4794,sparse_incidence_group_control_honf,0654,full_forward,complete,224.38526712357998,237.74871556088328,224.3592987060547,39.55712890625,0.0,23.65869140625,86.0,8192,8192,32768,128
1502,/home/wanglz/Desktop/src/ModularDT/HONF_Proj/Trained_Results/ThermalChannel/HONF_Forward_Runs/Run_1502_20260923_004751_sparse_incidence_environment_sparsemax/best_by_field_mse_model.pt,4794,sparse_incidence_group_control_honf,0654,preparation_plus_one_query,complete,62.77097295969725,66.54046652838588,62.74969482421875,30.97802734375,0.0,23.65869140625,86.0,8192,8192,32768,128
1502,/home/wanglz/Desktop/src/ModularDT/HONF_Proj/Trained_Results/ThermalChannel/HONF_Forward_Runs/Run_1502_20260923_004751_sparse_incidence_environment_sparsemax/best_by_field_mse_model.pt,4794,sparse_incidence_group_control_honf,0654,prepared_p2_decode,complete,163.21452986449003,166.37002220377326,163.12728881835938,35.68212890625,0.0,24.7421875,88.0,8192,8192,32768,128
1502,/home/wanglz/Desktop/src/ModularDT/HONF_Proj/Trained_Results/ThermalChannel/HONF_Forward_Runs/Run_1502_20260923_004751_sparse_incidence_environment_sparsemax/best_by_field_mse_model.pt,4794,sparse_incidence_group_control_honf,0655,application_evaluator,complete,236.61555908620358,239.28553219884634,236.5758056640625,39.86181640625,0.0,23.65869140625,88.0,8192,8192,32768,128
1502,/home/wanglz/Desktop/src/ModularDT/HONF_Proj/Trained_Results/ThermalChannel/HONF_Forward_Runs/Run_1502_20260923_004751_sparse_incidence_environment_sparsemax/best_by_field_mse_model.pt,4794,sparse_incidence_group_control_honf,0655,full_forward,complete,224.91271793842316,232.61815374717116,224.87362670898438,39.55712890625,0.0,23.65869140625,86.0,8192,8192,32768,128
1502,/home/wanglz/Desktop/src/ModularDT/HONF_Proj/Trained_Results/ThermalChannel/HONF_Forward_Runs/Run_1502_20260923_004751_sparse_incidence_environment_sparsemax/best_by_field_mse_model.pt,4794,sparse_incidence_group_control_honf,0655,preparation_plus_one_query,complete,64.71008528023958,67.09744744002819,64.68915557861328,30.97802734375,0.0,23.65869140625,86.0,8192,8192,32768,128
1502,/home/wanglz/Desktop/src/ModularDT/HONF_Proj/Trained_Results/ThermalChannel/HONF_Forward_Runs/Run_1502_20260923_004751_sparse_incidence_environment_sparsemax/best_by_field_mse_model.pt,4794,sparse_incidence_group_control_honf,0655,prepared_p2_decode,complete,173.68813883513212,179.6757790260017,173.66018676757812,35.68212890625,0.0,24.7421875,88.0,8192,8192,32768,128
1502,/home/wanglz/Desktop/src/ModularDT/HONF_Proj/Trained_Results/ThermalChannel/HONF_Forward_Runs/Run_1502_20260923_004751_sparse_incidence_environment_sparsemax/best_by_field_mse_model.pt,4794,sparse_incidence_group_control_honf,0656,application_evaluator,complete,231.90005775541067,236.01653026416898,231.87001037597656,39.86181640625,0.0,23.65869140625,88.0,8192,8192,32768,128
1502,/home/wanglz/Desktop/src/ModularDT/HONF_Proj/Trained_Results/ThermalChannel/HONF_Forward_Runs/Run_1502_20260923_004751_sparse_incidence_environment_sparsemax/best_by_field_mse_model.pt,4794,sparse_incidence_group_control_honf,0656,full_forward,complete,231.14799242466688,234.2340893112123,231.10861206054688,39.55712890625,0.0,23.65869140625,86.0,8192,8192,32768,128
1502,/home/wanglz/Desktop/src/ModularDT/HONF_Proj/Trained_Results/ThermalChannel/HONF_Forward_Runs/Run_1502_20260923_004751_sparse_incidence_environment_sparsemax/best_by_field_mse_model.pt,4794,sparse_incidence_group_control_honf,0656,preparation_plus_one_query,complete,64.56313468515873,66.04407951235771,64.53887939453125,30.97802734375,0.0,23.65869140625,86.0,8192,8192,32768,128
1502,/home/wanglz/Desktop/src/ModularDT/HONF_Proj/Trained_Results/ThermalChannel/HONF_Forward_Runs/Run_1502_20260923_004751_sparse_incidence_environment_sparsemax/best_by_field_mse_model.pt,4794,sparse_incidence_group_control_honf,0656,prepared_p2_decode,complete,163.39667793363333,167.33588995411992,163.3679656982422,35.68212890625,0.0,24.7421875,88.0,8192,8192,32768,128
1502,/home/wanglz/Desktop/src/ModularDT/HONF_Proj/Trained_Results/ThermalChannel/HONF_Forward_Runs/Run_1502_20260923_004751_sparse_incidence_environment_sparsemax/best_by_field_mse_model.pt,4794,sparse_incidence_group_control_honf,0657,application_evaluator,complete,224.4609734043479,227.1090722642839,224.43312072753906,39.86181640625,0.0,23.65869140625,88.0,8192,8192,32768,128
1502,/home/wanglz/Desktop/src/ModularDT/HONF_Proj/Trained_Results/ThermalChannel/HONF_Forward_Runs/Run_1502_20260923_004751_sparse_incidence_environment_sparsemax/best_by_field_mse_model.pt,4794,sparse_incidence_group_control_honf,0657,full_forward,complete,224.2240672931075,232.94579880312085,224.2004852294922,39.55712890625,0.0,23.65869140625,86.0,8192,8192,32768,128
1502,/home/wanglz/Desktop/src/ModularDT/HONF_Proj/Trained_Results/ThermalChannel/HONF_Forward_Runs/Run_1502_20260923_004751_sparse_incidence_environment_sparsemax/best_by_field_mse_model.pt,4794,sparse_incidence_group_control_honf,0657,preparation_plus_one_query,complete,67.78763141483068,68.0478660389781,67.76115417480469,30.97802734375,0.0,23.65869140625,86.0,8192,8192,32768,128
1502,/home/wanglz/Desktop/src/ModularDT/HONF_Proj/Trained_Results/ThermalChannel/HONF_Forward_Runs/Run_1502_20260923_004751_sparse_incidence_environment_sparsemax/best_by_field_mse_model.pt,4794,sparse_incidence_group_control_honf,0657,prepared_p2_decode,complete,170.9279539063573,175.49298396334052,170.8974151611328,35.68212890625,0.0,24.7421875,88.0,8192,8192,32768,128
1502,/home/wanglz/Desktop/src/ModularDT/HONF_Proj/Trained_Results/ThermalChannel/HONF_Forward_Runs/Run_1502_20260923_004751_sparse_incidence_environment_sparsemax/best_by_field_mse_model.pt,4794,sparse_incidence_group_control_honf,0658,application_evaluator,complete,225.3021588549018,227.9789213091135,225.27821350097656,39.86181640625,0.0,23.65869140625,88.0,8192,8192,32768,128
1502,/home/wanglz/Desktop/src/ModularDT/HONF_Proj/Trained_Results/ThermalChannel/HONF_Forward_Runs/Run_1502_20260923_004751_sparse_incidence_environment_sparsemax/best_by_field_mse_model.pt,4794,sparse_incidence_group_control_honf,0658,full_forward,complete,219.0235797315836,219.76103466004133,218.9916229248047,39.55712890625,0.0,23.65869140625,86.0,8192,8192,32768,128
1502,/home/wanglz/Desktop/src/ModularDT/HONF_Proj/Trained_Results/ThermalChannel/HONF_Forward_Runs/Run_1502_20260923_004751_sparse_incidence_environment_sparsemax/best_by_field_mse_model.pt,4794,sparse_incidence_group_control_honf,0658,preparation_plus_one_query,complete,62.98608612269163,66.25572992488742,62.958656311035156,30.97802734375,0.0,23.65869140625,86.0,8192,8192,32768,128
1502,/home/wanglz/Desktop/src/ModularDT/HONF_Proj/Trained_Results/ThermalChannel/HONF_Forward_Runs/Run_1502_20260923_004751_sparse_incidence_environment_sparsemax/best_by_field_mse_model.pt,4794,sparse_incidence_group_control_honf,0658,prepared_p2_decode,complete,168.16776990890503,169.91498349234462,168.14378356933594,35.68212890625,0.0,24.7421875,88.0,8192,8192,32768,128
1502,/home/wanglz/Desktop/src/ModularDT/HONF_Proj/Trained_Results/ThermalChannel/HONF_Forward_Runs/Run_1502_20260923_004751_sparse_incidence_environment_sparsemax/best_by_field_mse_model.pt,4794,sparse_incidence_group_control_honf,0659,application_evaluator,complete,234.28169172257185,234.49817532673478,234.25494384765625,39.86181640625,0.0,23.65869140625,88.0,8192,8192,32768,128
1502,/home/wanglz/Desktop/src/ModularDT/HONF_Proj/Trained_Results/ThermalChannel/HONF_Forward_Runs/Run_1502_20260923_004751_sparse_incidence_environment_sparsemax/best_by_field_mse_model.pt,4794,sparse_incidence_group_control_honf,0659,full_forward,complete,226.14697366952896,231.8223343230784,226.12173461914062,39.55712890625,0.0,23.65869140625,86.0,8192,8192,32768,128
1502,/home/wanglz/Desktop/src/ModularDT/HONF_Proj/Trained_Results/ThermalChannel/HONF_Forward_Runs/Run_1502_20260923_004751_sparse_incidence_environment_sparsemax/best_by_field_mse_model.pt,4794,sparse_incidence_group_control_honf,0659,preparation_plus_one_query,complete,65.39705581963062,66.429443936795,65.37420654296875,30.97802734375,0.0,23.65869140625,86.0,8192,8192,32768,128
1502,/home/wanglz/Desktop/src/ModularDT/HONF_Proj/Trained_Results/ThermalChannel/HONF_Forward_Runs/Run_1502_20260923_004751_sparse_incidence_environment_sparsemax/best_by_field_mse_model.pt,4794,sparse_incidence_group_control_honf,0659,prepared_p2_decode,complete,167.88169462233782,216.23565517365932,167.80288696289062,35.68212890625,0.0,24.7421875,88.0,8192,8192,32768,128
1502,/home/wanglz/Desktop/src/ModularDT/HONF_Proj/Trained_Results/ThermalChannel/HONF_Forward_Runs/Run_1502_20260923_004751_sparse_incidence_environment_sparsemax/best_by_field_mse_model.pt,4794,sparse_incidence_group_control_honf,0660,application_evaluator,complete,219.18058488518,235.4651877656579,219.14419555664062,39.86181640625,0.0,23.65869140625,88.0,8192,8192,32768,128
1502,/home/wanglz/Desktop/src/ModularDT/HONF_Proj/Trained_Results/ThermalChannel/HONF_Forward_Runs/Run_1502_20260923_004751_sparse_incidence_environment_sparsemax/best_by_field_mse_model.pt,4794,sparse_incidence_group_control_honf,0660,full_forward,complete,223.8251231610775,225.06016474217176,223.79827880859375,39.55712890625,0.0,23.65869140625,86.0,8192,8192,32768,128
1502,/home/wanglz/Desktop/src/ModularDT/HONF_Proj/Trained_Results/ThermalChannel/HONF_Forward_Runs/Run_1502_20260923_004751_sparse_incidence_environment_sparsemax/best_by_field_mse_model.pt,4794,sparse_incidence_group_control_honf,0660,preparation_plus_one_query,complete,63.85660544037819,64.93927743285894,63.82284927368164,30.97802734375,0.0,23.65869140625,86.0,8192,8192,32768,128
1502,/home/wanglz/Desktop/src/ModularDT/HONF_Proj/Trained_Results/ThermalChannel/HONF_Forward_Runs/Run_1502_20260923_004751_sparse_incidence_environment_sparsemax/best_by_field_mse_model.pt,4794,sparse_incidence_group_control_honf,0660,prepared_p2_decode,complete,167.32211410999298,168.91796309500933,167.2857666015625,35.68212890625,0.0,24.7421875,88.0,8192,8192,32768,128
1502,/home/wanglz/Desktop/src/ModularDT/HONF_Proj/Trained_Results/ThermalChannel/HONF_Forward_Runs/Run_1502_20260923_004751_sparse_incidence_environment_sparsemax/best_by_field_mse_model.pt,4794,sparse_incidence_group_control_honf,0661,application_evaluator,complete,226.5224466100335,230.05559230223298,226.4949188232422,39.86181640625,0.0,23.65869140625,88.0,8192,8192,32768,128
1502,/home/wanglz/Desktop/src/ModularDT/HONF_Proj/Trained_Results/ThermalChannel/HONF_Forward_Runs/Run_1502_20260923_004751_sparse_incidence_environment_sparsemax/best_by_field_mse_model.pt,4794,sparse_incidence_group_control_honf,0661,full_forward,complete,230.17633706331253,233.96745342761278,230.14828491210938,39.55712890625,0.0,23.65869140625,86.0,8192,8192,32768,128
1502,/home/wanglz/Desktop/src/ModularDT/HONF_Proj/Trained_Results/ThermalChannel/HONF_Forward_Runs/Run_1502_20260923_004751_sparse_incidence_environment_sparsemax/best_by_field_mse_model.pt,4794,sparse_incidence_group_control_honf,0661,preparation_plus_one_query,complete,66.47514645010233,68.01894968375564,66.45043182373047,30.97802734375,0.0,23.65869140625,86.0,8192,8192,32768,128
1502,/home/wanglz/Desktop/src/ModularDT/HONF_Proj/Trained_Results/ThermalChannel/HONF_Forward_Runs/Run_1502_20260923_004751_sparse_incidence_environment_sparsemax/best_by_field_mse_model.pt,4794,sparse_incidence_group_control_honf,0661,prepared_p2_decode,complete,173.19616209715605,173.4765107743442,173.1655731201172,35.68212890625,0.0,24.7421875,88.0,8192,8192,32768,128
1502,/home/wanglz/Desktop/src/ModularDT/HONF_Proj/Trained_Results/ThermalChannel/HONF_Forward_Runs/Run_1502_20260923_004751_sparse_incidence_environment_sparsemax/best_by_field_mse_model.pt,4794,sparse_incidence_group_control_honf,0662,application_evaluator,complete,221.5468529611826,226.68515155091882,221.5175323486328,39.86181640625,0.0,23.65869140625,88.0,8192,8192,32768,128
1502,/home/wanglz/Desktop/src/ModularDT/HONF_Proj/Trained_Results/ThermalChannel/HONF_Forward_Runs/Run_1502_20260923_004751_sparse_incidence_environment_sparsemax/best_by_field_mse_model.pt,4794,sparse_incidence_group_control_honf,0662,full_forward,complete,230.29422853142023,232.38012297078967,230.26585388183594,39.55712890625,0.0,23.65869140625,86.0,8192,8192,32768,128
1502,/home/wanglz/Desktop/src/ModularDT/HONF_Proj/Trained_Results/ThermalChannel/HONF_Forward_Runs/Run_1502_20260923_004751_sparse_incidence_environment_sparsemax/best_by_field_mse_model.pt,4794,sparse_incidence_group_control_honf,0662,preparation_plus_one_query,complete,64.75953105837107,66.44539330154657,64.72396850585938,30.97802734375,0.0,23.65869140625,86.0,8192,8192,32768,128
1502,/home/wanglz/Desktop/src/ModularDT/HONF_Proj/Trained_Results/ThermalChannel/HONF_Forward_Runs/Run_1502_20260923_004751_sparse_incidence_environment_sparsemax/best_by_field_mse_model.pt,4794,sparse_incidence_group_control_honf,0662,prepared_p2_decode,complete,163.77214901149273,163.91093991696835,163.73536682128906,35.68212890625,0.0,24.7421875,88.0,8192,8192,32768,128
1502,/home/wanglz/Desktop/src/ModularDT/HONF_Proj/Trained_Results/ThermalChannel/HONF_Forward_Runs/Run_1502_20260923_004751_sparse_incidence_environment_sparsemax/best_by_field_mse_model.pt,4794,sparse_incidence_group_control_honf,0663,application_evaluator,complete,226.14529449492693,227.88194688037038,226.11903381347656,40.826171875,0.0,23.65869140625,100.0,8192,8192,32768,128
1502,/home/wanglz/Desktop/src/ModularDT/HONF_Proj/Trained_Results/ThermalChannel/HONF_Forward_Runs/Run_1502_20260923_004751_sparse_incidence_environment_sparsemax/best_by_field_mse_model.pt,4794,sparse_incidence_group_control_honf,0663,full_forward,complete,228.7912154570222,232.76462061330676,228.7615966796875,40.521484375,0.0,23.65869140625,98.0,8192,8192,32768,128
1502,/home/wanglz/Desktop/src/ModularDT/HONF_Proj/Trained_Results/ThermalChannel/HONF_Forward_Runs/Run_1502_20260923_004751_sparse_incidence_environment_sparsemax/best_by_field_mse_model.pt,4794,sparse_incidence_group_control_honf,0663,preparation_plus_one_query,complete,65.79460017383099,71.03020260110497,65.76557159423828,40.521484375,0.0,23.65869140625,98.0,8192,8192,32768,128
1502,/home/wanglz/Desktop/src/ModularDT/HONF_Proj/Trained_Results/ThermalChannel/HONF_Forward_Runs/Run_1502_20260923_004751_sparse_incidence_environment_sparsemax/best_by_field_mse_model.pt,4794,sparse_incidence_group_control_honf,0663,prepared_p2_decode,complete,168.30074694007635,172.8748277761042,168.27699279785156,35.68212890625,0.0,24.7421875,100.0,8192,8192,32768,128
1502,/home/wanglz/Desktop/src/ModularDT/HONF_Proj/Trained_Results/ThermalChannel/HONF_Forward_Runs/Run_1502_20260923_004751_sparse_incidence_environment_sparsemax/best_by_field_mse_model.pt,4794,sparse_incidence_group_control_honf,0664,application_evaluator,complete,231.43657390028238,234.68409199267626,231.4071044921875,40.826171875,0.0,23.65869140625,100.0,8192,8192,32768,128
1502,/home/wanglz/Desktop/src/ModularDT/HONF_Proj/Trained_Results/ThermalChannel/HONF_Forward_Runs/Run_1502_20260923_004751_sparse_incidence_environment_sparsemax/best_by_field_mse_model.pt,4794,sparse_incidence_group_control_honf,0664,full_forward,complete,232.0352653041482,237.95954585075378,232.00665283203125,40.521484375,0.0,23.65869140625,98.0,8192,8192,32768,128
1502,/home/wanglz/Desktop/src/ModularDT/HONF_Proj/Trained_Results/ThermalChannel/HONF_Forward_Runs/Run_1502_20260923_004751_sparse_incidence_environment_sparsemax/best_by_field_mse_model.pt,4794,sparse_incidence_group_control_honf,0664,preparation_plus_one_query,complete,64.79836348444223,65.20794853568077,64.76697540283203,40.521484375,0.0,23.65869140625,98.0,8192,8192,32768,128
1502,/home/wanglz/Desktop/src/ModularDT/HONF_Proj/Trained_Results/ThermalChannel/HONF_Forward_Runs/Run_1502_20260923_004751_sparse_incidence_environment_sparsemax/best_by_field_mse_model.pt,4794,sparse_incidence_group_control_honf,0664,prepared_p2_decode,complete,158.36995467543602,169.56101497635245,158.33395385742188,35.68212890625,0.0,24.7421875,100.0,8192,8192,32768,128
1502,/home/wanglz/Desktop/src/ModularDT/HONF_Proj/Trained_Results/ThermalChannel/HONF_Forward_Runs/Run_1502_20260923_004751_sparse_incidence_environment_sparsemax/best_by_field_mse_model.pt,4794,sparse_incidence_group_control_honf,0665,application_evaluator,complete,227.88018360733986,231.2426058575511,227.85565185546875,40.826171875,0.0,23.65869140625,100.0,8192,8192,32768,128
1502,/home/wanglz/Desktop/src/ModularDT/HONF_Proj/Trained_Results/ThermalChannel/HONF_Forward_Runs/Run_1502_20260923_004751_sparse_incidence_environment_sparsemax/best_by_field_mse_model.pt,4794,sparse_incidence_group_control_honf,0665,full_forward,complete,225.30885692685843,228.2181954011321,225.26873779296875,40.521484375,0.0,23.65869140625,98.0,8192,8192,32768,128
1502,/home/wanglz/Desktop/src/ModularDT/HONF_Proj/Trained_Results/ThermalChannel/HONF_Forward_Runs/Run_1502_20260923_004751_sparse_incidence_environment_sparsemax/best_by_field_mse_model.pt,4794,sparse_incidence_group_control_honf,0665,preparation_plus_one_query,complete,64.29661251604557,65.10874349623919,64.26834869384766,40.521484375,0.0,23.65869140625,98.0,8192,8192,32768,128
1502,/home/wanglz/Desktop/src/ModularDT/HONF_Proj/Trained_Results/ThermalChannel/HONF_Forward_Runs/Run_1502_20260923_004751_sparse_incidence_environment_sparsemax/best_by_field_mse_model.pt,4794,sparse_incidence_group_control_honf,0665,prepared_p2_decode,complete,169.77386642247438,172.9187992401421,169.7136688232422,35.68212890625,0.0,24.7421875,100.0,8192,8192,32768,128
1502,/home/wanglz/Desktop/src/ModularDT/HONF_Proj/Trained_Results/ThermalChannel/HONF_Forward_Runs/Run_1502_20260923_004751_sparse_incidence_environment_sparsemax/best_by_field_mse_model.pt,4794,sparse_incidence_group_control_honf,0666,application_evaluator,complete,229.24379166215658,230.90073969215155,229.21673583984375,40.826171875,0.0,23.65869140625,100.0,8192,8192,32768,128
1502,/home/wanglz/Desktop/src/ModularDT/HONF_Proj/Trained_Results/ThermalChannel/HONF_Forward_Runs/Run_1502_20260923_004751_sparse_incidence_environment_sparsemax/best_by_field_mse_model.pt,4794,sparse_incidence_group_control_honf,0666,full_forward,complete,226.89037304371595,230.85900219157338,226.86412048339844,40.521484375,0.0,23.65869140625,98.0,8192,8192,32768,128
1502,/home/wanglz/Desktop/src/ModularDT/HONF_Proj/Trained_Results/ThermalChannel/HONF_Forward_Runs/Run_1502_20260923_004751_sparse_incidence_environment_sparsemax/best_by_field_mse_model.pt,4794,sparse_incidence_group_control_honf,0666,preparation_plus_one_query,complete,63.5842178016901,65.97183058038354,63.56070327758789,40.521484375,0.0,23.65869140625,98.0,8192,8192,32768,128
1502,/home/wanglz/Desktop/src/ModularDT/HONF_Proj/Trained_Results/ThermalChannel/HONF_Forward_Runs/Run_1502_20260923_004751_sparse_incidence_environment_sparsemax/best_by_field_mse_model.pt,4794,sparse_incidence_group_control_honf,0666,prepared_p2_decode,complete,164.9494133889675,165.4962814413011,164.91407775878906,35.68212890625,0.0,24.7421875,100.0,8192,8192,32768,128
1502,/home/wanglz/Desktop/src/ModularDT/HONF_Proj/Trained_Results/ThermalChannel/HONF_Forward_Runs/Run_1502_20260923_004751_sparse_incidence_environment_sparsemax/best_by_field_mse_model.pt,4794,sparse_incidence_group_control_honf,0667,application_evaluator,complete,228.630012832582,231.23587109148502,228.603515625,40.826171875,0.0,23.65869140625,100.0,8192,8192,32768,128
1502,/home/wanglz/Desktop/src/ModularDT/HONF_Proj/Trained_Results/ThermalChannel/HONF_Forward_Runs/Run_1502_20260923_004751_sparse_incidence_environment_sparsemax/best_by_field_mse_model.pt,4794,sparse_incidence_group_control_honf,0667,full_forward,complete,221.71167843043804,231.3124201260507,221.67222595214844,40.521484375,0.0,23.65869140625,98.0,8192,8192,32768,128
1502,/home/wanglz/Desktop/src/ModularDT/HONF_Proj/Trained_Results/ThermalChannel/HONF_Forward_Runs/Run_1502_20260923_004751_sparse_incidence_environment_sparsemax/best_by_field_mse_model.pt,4794,sparse_incidence_group_control_honf,0667,preparation_plus_one_query,complete,63.40570002794266,65.42948791757226,63.37843322753906,40.521484375,0.0,23.65869140625,98.0,8192,8192,32768,128
1502,/home/wanglz/Desktop/src/ModularDT/HONF_Proj/Trained_Results/ThermalChannel/HONF_Forward_Runs/Run_1502_20260923_004751_sparse_incidence_environment_sparsemax/best_by_field_mse_model.pt,4794,sparse_incidence_group_control_honf,0667,prepared_p2_decode,complete,161.0130788758397,168.17617285996675,160.9893798828125,35.68212890625,0.0,24.7421875,100.0,8192,8192,32768,128
1502,/home/wanglz/Desktop/src/ModularDT/HONF_Proj/Trained_Results/ThermalChannel/HONF_Forward_Runs/Run_1502_20260923_004751_sparse_incidence_environment_sparsemax/best_by_field_mse_model.pt,4794,sparse_incidence_group_control_honf,0668,application_evaluator,complete,232.63618908822536,235.6818038970232,232.60829162597656,40.826171875,0.0,23.65869140625,100.0,8192,8192,32768,128
1502,/home/wanglz/Desktop/src/ModularDT/HONF_Proj/Trained_Results/ThermalChannel/HONF_Forward_Runs/Run_1502_20260923_004751_sparse_incidence_environment_sparsemax/best_by_field_mse_model.pt,4794,sparse_incidence_group_control_honf,0668,full_forward,complete,229.8106336966157,233.93012201413512,229.7825927734375,40.521484375,0.0,23.65869140625,98.0,8192,8192,32768,128
1502,/home/wanglz/Desktop/src/ModularDT/HONF_Proj/Trained_Results/ThermalChannel/HONF_Forward_Runs/Run_1502_20260923_004751_sparse_incidence_environment_sparsemax/best_by_field_mse_model.pt,4794,sparse_incidence_group_control_honf,0668,preparation_plus_one_query,complete,64.7084042429924,65.87907951325178,64.68505859375,40.521484375,0.0,23.65869140625,98.0,8192,8192,32768,128
1502,/home/wanglz/Desktop/src/ModularDT/HONF_Proj/Trained_Results/ThermalChannel/HONF_Forward_Runs/Run_1502_20260923_004751_sparse_incidence_environment_sparsemax/best_by_field_mse_model.pt,4794,sparse_incidence_group_control_honf,0668,prepared_p2_decode,complete,173.0642942711711,177.06284346058965,173.03858947753906,35.68212890625,0.0,24.7421875,100.0,8192,8192,32768,128
1502,/home/wanglz/Desktop/src/ModularDT/HONF_Proj/Trained_Results/ThermalChannel/HONF_Forward_Runs/Run_1502_20260923_004751_sparse_incidence_environment_sparsemax/best_by_field_mse_model.pt,4794,sparse_incidence_group_control_honf,0669,application_evaluator,complete,227.60164830833673,235.17508003860712,227.55416870117188,40.826171875,0.0,23.65869140625,100.0,8192,8192,32768,128
1502,/home/wanglz/Desktop/src/ModularDT/HONF_Proj/Trained_Results/ThermalChannel/HONF_Forward_Runs/Run_1502_20260923_004751_sparse_incidence_environment_sparsemax/best_by_field_mse_model.pt,4794,sparse_incidence_group_control_honf,0669,full_forward,complete,231.0814894735813,231.6831718198955,231.05638122558594,40.521484375,0.0,23.65869140625,98.0,8192,8192,32768,128
1502,/home/wanglz/Desktop/src/ModularDT/HONF_Proj/Trained_Results/ThermalChannel/HONF_Forward_Runs/Run_1502_20260923_004751_sparse_incidence_environment_sparsemax/best_by_field_mse_model.pt,4794,sparse_incidence_group_control_honf,0669,preparation_plus_one_query,complete,61.29198055714369,61.44962823018432,61.270015716552734,40.521484375,0.0,23.65869140625,98.0,8192,8192,32768,128
1502,/home/wanglz/Desktop/src/ModularDT/HONF_Proj/Trained_Results/ThermalChannel/HONF_Forward_Runs/Run_1502_20260923_004751_sparse_incidence_environment_sparsemax/best_by_field_mse_model.pt,4794,sparse_incidence_group_control_honf,0669,prepared_p2_decode,complete,159.9645996466279,165.88988518342376,159.94061279296875,35.68212890625,0.0,24.7421875,100.0,8192,8192,32768,128
1502,/home/wanglz/Desktop/src/ModularDT/HONF_Proj/Trained_Results/ThermalChannel/HONF_Forward_Runs/Run_1502_20260923_004751_sparse_incidence_environment_sparsemax/best_by_field_mse_model.pt,4794,sparse_incidence_group_control_honf,0670,application_evaluator,complete,223.99664763361216,224.3617281317711,223.9547882080078,40.826171875,0.0,23.65869140625,100.0,8192,8192,32768,128
1502,/home/wanglz/Desktop/src/ModularDT/HONF_Proj/Trained_Results/ThermalChannel/HONF_Forward_Runs/Run_1502_20260923_004751_sparse_incidence_environment_sparsemax/best_by_field_mse_model.pt,4794,sparse_incidence_group_control_honf,0670,full_forward,complete,217.54346322268248,227.9872626066208,217.50473022460938,40.521484375,0.0,23.65869140625,98.0,8192,8192,32768,128
1502,/home/wanglz/Desktop/src/ModularDT/HONF_Proj/Trained_Results/ThermalChannel/HONF_Forward_Runs/Run_1502_20260923_004751_sparse_incidence_environment_sparsemax/best_by_field_mse_model.pt,4794,sparse_incidence_group_control_honf,0670,preparation_plus_one_query,complete,67.14647263288498,69.89313513040543,67.12499237060547,40.521484375,0.0,23.65869140625,98.0,8192,8192,32768,128
1502,/home/wanglz/Desktop/src/ModularDT/HONF_Proj/Trained_Results/ThermalChannel/HONF_Forward_Runs/Run_1502_20260923_004751_sparse_incidence_environment_sparsemax/best_by_field_mse_model.pt,4794,sparse_incidence_group_control_honf,0670,prepared_p2_decode,complete,172.0426334068179,177.45247967541218,172.0207061767578,35.68212890625,0.0,24.7421875,100.0,8192,8192,32768,128
1502,/home/wanglz/Desktop/src/ModularDT/HONF_Proj/Trained_Results/ThermalChannel/HONF_Forward_Runs/Run_1502_20260923_004751_sparse_incidence_environment_sparsemax/best_by_field_mse_model.pt,4794,sparse_incidence_group_control_honf,0671,application_evaluator,complete,229.97937072068453,237.3825835995376,229.95388793945312,40.826171875,0.0,23.65869140625,100.0,8192,8192,32768,128
1502,/home/wanglz/Desktop/src/ModularDT/HONF_Proj/Trained_Results/ThermalChannel/HONF_Forward_Runs/Run_1502_20260923_004751_sparse_incidence_environment_sparsemax/best_by_field_mse_model.pt,4794,sparse_incidence_group_control_honf,0671,full_forward,complete,229.2032791301608,233.064042404294,229.147705078125,40.521484375,0.0,23.65869140625,98.0,8192,8192,32768,128
1502,/home/wanglz/Desktop/src/ModularDT/HONF_Proj/Trained_Results/ThermalChannel/HONF_Forward_Runs/Run_1502_20260923_004751_sparse_incidence_environment_sparsemax/best_by_field_mse_model.pt,4794,sparse_incidence_group_control_honf,0671,preparation_plus_one_query,complete,60.657248832285404,63.68526499718428,60.633087158203125,40.521484375,0.0,23.65869140625,98.0,8192,8192,32768,128
1502,/home/wanglz/Desktop/src/ModularDT/HONF_Proj/Trained_Results/ThermalChannel/HONF_Forward_Runs/Run_1502_20260923_004751_sparse_incidence_environment_sparsemax/best_by_field_mse_model.pt,4794,sparse_incidence_group_control_honf,0671,prepared_p2_decode,complete,168.07836201041937,169.96210338547826,168.04249572753906,35.68212890625,0.0,24.7421875,100.0,8192,8192,32768,128
1502,/home/wanglz/Desktop/src/ModularDT/HONF_Proj/Trained_Results/ThermalChannel/HONF_Forward_Runs/Run_1502_20260923_004751_sparse_incidence_environment_sparsemax/best_by_field_mse_model.pt,4794,sparse_incidence_group_control_honf,0672,application_evaluator,complete,226.39560140669346,241.5316555649042,226.3514862060547,40.826171875,0.0,23.65869140625,100.0,8192,8192,32768,128
1502,/home/wanglz/Desktop/src/ModularDT/HONF_Proj/Trained_Results/ThermalChannel/HONF_Forward_Runs/Run_1502_20260923_004751_sparse_incidence_environment_sparsemax/best_by_field_mse_model.pt,4794,sparse_incidence_group_control_honf,0672,full_forward,complete,226.9202610477805,238.4610646404326,226.8816680908203,40.521484375,0.0,23.65869140625,98.0,8192,8192,32768,128
1502,/home/wanglz/Desktop/src/ModularDT/HONF_Proj/Trained_Results/ThermalChannel/HONF_Forward_Runs/Run_1502_20260923_004751_sparse_incidence_environment_sparsemax/best_by_field_mse_model.pt,4794,sparse_incidence_group_control_honf,0672,preparation_plus_one_query,complete,63.42385709285736,65.55626522749662,63.40095901489258,40.521484375,0.0,23.65869140625,98.0,8192,8192,32768,128
1502,/home/wanglz/Desktop/src/ModularDT/HONF_Proj/Trained_Results/ThermalChannel/HONF_Forward_Runs/Run_1502_20260923_004751_sparse_incidence_environment_sparsemax/best_by_field_mse_model.pt,4794,sparse_incidence_group_control_honf,0672,prepared_p2_decode,complete,169.76855415850878,174.40474070608616,169.7454071044922,35.68212890625,0.0,24.7421875,100.0,8192,8192,32768,128
1502,/home/wanglz/Desktop/src/ModularDT/HONF_Proj/Trained_Results/ThermalChannel/HONF_Forward_Runs/Run_1502_20260923_004751_sparse_incidence_environment_sparsemax/best_by_field_mse_model.pt,4794,sparse_incidence_group_control_honf,0673,application_evaluator,complete,222.88726270198822,226.1574094183743,222.8455047607422,40.826171875,0.0,23.65869140625,100.0,8192,8192,32768,128
1502,/home/wanglz/Desktop/src/ModularDT/HONF_Proj/Trained_Results/ThermalChannel/HONF_Forward_Runs/Run_1502_20260923_004751_sparse_incidence_environment_sparsemax/best_by_field_mse_model.pt,4794,sparse_incidence_group_control_honf,0673,full_forward,complete,226.82527266442776,230.64656220376492,226.80152893066406,40.521484375,0.0,23.65869140625,98.0,8192,8192,32768,128
1502,/home/wanglz/Desktop/src/ModularDT/HONF_Proj/Trained_Results/ThermalChannel/HONF_Forward_Runs/Run_1502_20260923_004751_sparse_incidence_environment_sparsemax/best_by_field_mse_model.pt,4794,sparse_incidence_group_control_honf,0673,preparation_plus_one_query,complete,67.86138191819191,69.08410293981433,67.75296020507812,40.521484375,0.0,23.65869140625,98.0,8192,8192,32768,128
1502,/home/wanglz/Desktop/src/ModularDT/HONF_Proj/Trained_Results/ThermalChannel/HONF_Forward_Runs/Run_1502_20260923_004751_sparse_incidence_environment_sparsemax/best_by_field_mse_model.pt,4794,sparse_incidence_group_control_honf,0673,prepared_p2_decode,complete,165.1659207418561,166.58048843964934,165.14031982421875,35.68212890625,0.0,24.7421875,100.0,8192,8192,32768,128
1502,/home/wanglz/Desktop/src/ModularDT/HONF_Proj/Trained_Results/ThermalChannel/HONF_Forward_Runs/Run_1502_20260923_004751_sparse_incidence_environment_sparsemax/best_by_field_mse_model.pt,4794,sparse_incidence_group_control_honf,0674,application_evaluator,complete,235.4961009696126,239.37572184950113,235.39369201660156,40.826171875,0.0,23.65869140625,100.0,8192,8192,32768,128
1502,/home/wanglz/Desktop/src/ModularDT/HONF_Proj/Trained_Results/ThermalChannel/HONF_Forward_Runs/Run_1502_20260923_004751_sparse_incidence_environment_sparsemax/best_by_field_mse_model.pt,4794,sparse_incidence_group_control_honf,0674,full_forward,complete,232.29786567389965,247.33133455738425,232.268798828125,40.521484375,0.0,23.65869140625,98.0,8192,8192,32768,128
1502,/home/wanglz/Desktop/src/ModularDT/HONF_Proj/Trained_Results/ThermalChannel/HONF_Forward_Runs/Run_1502_20260923_004751_sparse_incidence_environment_sparsemax/best_by_field_mse_model.pt,4794,sparse_incidence_group_control_honf,0674,preparation_plus_one_query,complete,62.28123139590025,62.87209941074252,62.25920104980469,40.521484375,0.0,23.65869140625,98.0,8192,8192,32768,128
1502,/home/wanglz/Desktop/src/ModularDT/HONF_Proj/Trained_Results/ThermalChannel/HONF_Forward_Runs/Run_1502_20260923_004751_sparse_incidence_environment_sparsemax/best_by_field_mse_model.pt,4794,sparse_incidence_group_control_honf,0674,prepared_p2_decode,complete,163.66178914904594,171.0325657390058,163.6249542236328,35.68212890625,0.0,24.7421875,100.0,8192,8192,32768,128
1502,/home/wanglz/Desktop/src/ModularDT/HONF_Proj/Trained_Results/ThermalChannel/HONF_Forward_Runs/Run_1502_20260923_004751_sparse_incidence_environment_sparsemax/best_by_field_mse_model.pt,4794,sparse_incidence_group_control_honf,0675,application_evaluator,complete,227.3099785670638,233.05599195882678,227.27734375,40.826171875,0.0,23.65869140625,100.0,8192,8192,32768,128
1502,/home/wanglz/Desktop/src/ModularDT/HONF_Proj/Trained_Results/ThermalChannel/HONF_Forward_Runs/Run_1502_20260923_004751_sparse_incidence_environment_sparsemax/best_by_field_mse_model.pt,4794,sparse_incidence_group_control_honf,0675,full_forward,complete,223.35437033325434,227.51056803390384,223.31494140625,40.521484375,0.0,23.65869140625,98.0,8192,8192,32768,128
1502,/home/wanglz/Desktop/src/ModularDT/HONF_Proj/Trained_Results/ThermalChannel/HONF_Forward_Runs/Run_1502_20260923_004751_sparse_incidence_environment_sparsemax/best_by_field_mse_model.pt,4794,sparse_incidence_group_control_honf,0675,preparation_plus_one_query,complete,64.87183459103107,65.01037487760186,64.8427505493164,40.521484375,0.0,23.65869140625,98.0,8192,8192,32768,128
1502,/home/wanglz/Desktop/src/ModularDT/HONF_Proj/Trained_Results/ThermalChannel/HONF_Forward_Runs/Run_1502_20260923_004751_sparse_incidence_environment_sparsemax/best_by_field_mse_model.pt,4794,sparse_incidence_group_control_honf,0675,prepared_p2_decode,complete,167.87385940551758,173.70611503720284,167.84793090820312,35.68212890625,0.0,24.7421875,100.0,8192,8192,32768,128
1502,/home/wanglz/Desktop/src/ModularDT/HONF_Proj/Trained_Results/ThermalChannel/HONF_Forward_Runs/Run_1502_20260923_004751_sparse_incidence_environment_sparsemax/best_by_field_mse_model.pt,4794,sparse_incidence_group_control_honf,0676,application_evaluator,complete,231.52037523686886,231.88520427793264,231.4943084716797,40.826171875,0.0,23.65869140625,100.0,8192,8192,32768,128
1502,/home/wanglz/Desktop/src/ModularDT/HONF_Proj/Trained_Results/ThermalChannel/HONF_Forward_Runs/Run_1502_20260923_004751_sparse_incidence_environment_sparsemax/best_by_field_mse_model.pt,4794,sparse_incidence_group_control_honf,0676,full_forward,complete,221.98293823748827,228.19410366937518,221.95730590820312,40.521484375,0.0,23.65869140625,98.0,8192,8192,32768,128
1502,/home/wanglz/Desktop/src/ModularDT/HONF_Proj/Trained_Results/ThermalChannel/HONF_Forward_Runs/Run_1502_20260923_004751_sparse_incidence_environment_sparsemax/best_by_field_mse_model.pt,4794,sparse_incidence_group_control_honf,0676,preparation_plus_one_query,complete,63.347588293254375,67.01248493045568,63.32611083984375,40.521484375,0.0,23.65869140625,98.0,8192,8192,32768,128
1502,/home/wanglz/Desktop/src/ModularDT/HONF_Proj/Trained_Results/ThermalChannel/HONF_Forward_Runs/Run_1502_20260923_004751_sparse_incidence_environment_sparsemax/best_by_field_mse_model.pt,4794,sparse_incidence_group_control_honf,0676,prepared_p2_decode,complete,168.0638324469328,168.65470046177506,168.0384063720703,35.68212890625,0.0,24.7421875,100.0,8192,8192,32768,128
1502,/home/wanglz/Desktop/src/ModularDT/HONF_Proj/Trained_Results/ThermalChannel/HONF_Forward_Runs/Run_1502_20260923_004751_sparse_incidence_environment_sparsemax/best_by_field_mse_model.pt,4794,sparse_incidence_group_control_honf,0677,application_evaluator,complete,247.16680869460106,263.89418644830585,247.14297485351562,40.826171875,0.0,23.65869140625,100.0,8192,8192,32768,128
1502,/home/wanglz/Desktop/src/ModularDT/HONF_Proj/Trained_Results/ThermalChannel/HONF_Forward_Runs/Run_1502_20260923_004751_sparse_incidence_environment_sparsemax/best_by_field_mse_model.pt,4794,sparse_incidence_group_control_honf,0677,full_forward,complete,236.09618563205004,251.49272503331304,236.06886291503906,40.521484375,0.0,23.65869140625,98.0,8192,8192,32768,128
1502,/home/wanglz/Desktop/src/ModularDT/HONF_Proj/Trained_Results/ThermalChannel/HONF_Forward_Runs/Run_1502_20260923_004751_sparse_incidence_environment_sparsemax/best_by_field_mse_model.pt,4794,sparse_incidence_group_control_honf,0677,preparation_plus_one_query,complete,63.8568801805377,64.33837693184614,63.81977462768555,40.521484375,0.0,23.65869140625,98.0,8192,8192,32768,128
1502,/home/wanglz/Desktop/src/ModularDT/HONF_Proj/Trained_Results/ThermalChannel/HONF_Forward_Runs/Run_1502_20260923_004751_sparse_incidence_environment_sparsemax/best_by_field_mse_model.pt,4794,sparse_incidence_group_control_honf,0677,prepared_p2_decode,complete,167.2058841213584,172.24159659817815,167.18130493164062,35.68212890625,0.0,24.7421875,100.0,8192,8192,32768,128
1502,/home/wanglz/Desktop/src/ModularDT/HONF_Proj/Trained_Results/ThermalChannel/HONF_Forward_Runs/Run_1502_20260923_004751_sparse_incidence_environment_sparsemax/best_by_field_mse_model.pt,4794,sparse_incidence_group_control_honf,0678,application_evaluator,complete,234.38084870576859,237.19791248440742,234.35157775878906,58.23486328125,0.0,23.65869140625,118.0,8192,8192,32768,128
1502,/home/wanglz/Desktop/src/ModularDT/HONF_Proj/Trained_Results/ThermalChannel/HONF_Forward_Runs/Run_1502_20260923_004751_sparse_incidence_environment_sparsemax/best_by_field_mse_model.pt,4794,sparse_incidence_group_control_honf,0678,full_forward,complete,233.66817459464073,241.8256883509457,233.5477752685547,57.93017578125,0.0,23.65869140625,118.0,8192,8192,32768,128
1502,/home/wanglz/Desktop/src/ModularDT/HONF_Proj/Trained_Results/ThermalChannel/HONF_Forward_Runs/Run_1502_20260923_004751_sparse_incidence_environment_sparsemax/best_by_field_mse_model.pt,4794,sparse_incidence_group_control_honf,0678,preparation_plus_one_query,complete,66.45586621016264,68.69513439014554,66.43097686767578,57.93017578125,0.0,23.65869140625,118.0,8192,8192,32768,128
1502,/home/wanglz/Desktop/src/ModularDT/HONF_Proj/Trained_Results/ThermalChannel/HONF_Forward_Runs/Run_1502_20260923_004751_sparse_incidence_environment_sparsemax/best_by_field_mse_model.pt,4794,sparse_incidence_group_control_honf,0678,prepared_p2_decode,complete,167.2159405425191,171.3095312938094,167.17724609375,35.68212890625,0.0,24.7421875,118.0,8192,8192,32768,128
1502,/home/wanglz/Desktop/src/ModularDT/HONF_Proj/Trained_Results/ThermalChannel/HONF_Forward_Runs/Run_1502_20260923_004751_sparse_incidence_environment_sparsemax/best_by_field_mse_model.pt,4794,sparse_incidence_group_control_honf,0679,application_evaluator,complete,230.91190215200186,235.4583260603249,230.8844451904297,58.23486328125,0.0,23.65869140625,118.0,8192,8192,32768,128
1502,/home/wanglz/Desktop/src/ModularDT/HONF_Proj/Trained_Results/ThermalChannel/HONF_Forward_Runs/Run_1502_20260923_004751_sparse_incidence_environment_sparsemax/best_by_field_mse_model.pt,4794,sparse_incidence_group_control_honf,0679,full_forward,complete,220.95485124737024,228.6710980348289,220.92697143554688,57.93017578125,0.0,23.65869140625,118.0,8192,8192,32768,128
1502,/home/wanglz/Desktop/src/ModularDT/HONF_Proj/Trained_Results/ThermalChannel/HONF_Forward_Runs/Run_1502_20260923_004751_sparse_incidence_environment_sparsemax/best_by_field_mse_model.pt,4794,sparse_incidence_group_control_honf,0679,preparation_plus_one_query,complete,63.79765458405018,65.82672223448753,63.77267074584961,57.93017578125,0.0,23.65869140625,118.0,8192,8192,32768,128
1502,/home/wanglz/Desktop/src/ModularDT/HONF_Proj/Trained_Results/ThermalChannel/HONF_Forward_Runs/Run_1502_20260923_004751_sparse_incidence_environment_sparsemax/best_by_field_mse_model.pt,4794,sparse_incidence_group_control_honf,0679,prepared_p2_decode,complete,162.8060732036829,175.07528010755777,162.78118896484375,35.68212890625,0.0,24.7421875,118.0,8192,8192,32768,128
1502,/home/wanglz/Desktop/src/ModularDT/HONF_Proj/Trained_Results/ThermalChannel/HONF_Forward_Runs/Run_1502_20260923_004751_sparse_incidence_environment_sparsemax/best_by_field_mse_model.pt,4794,sparse_incidence_group_control_honf,0680,application_evaluator,complete,234.47583243250847,246.42571983858943,234.4393310546875,58.23486328125,0.0,23.65869140625,118.0,8192,8192,32768,128
1502,/home/wanglz/Desktop/src/ModularDT/HONF_Proj/Trained_Results/ThermalChannel/HONF_Forward_Runs/Run_1502_20260923_004751_sparse_incidence_environment_sparsemax/best_by_field_mse_model.pt,4794,sparse_incidence_group_control_honf,0680,full_forward,complete,230.516592040658,243.8802894204855,230.49119567871094,57.93017578125,0.0,23.65869140625,118.0,8192,8192,32768,128
1502,/home/wanglz/Desktop/src/ModularDT/HONF_Proj/Trained_Results/ThermalChannel/HONF_Forward_Runs/Run_1502_20260923_004751_sparse_incidence_environment_sparsemax/best_by_field_mse_model.pt,4794,sparse_incidence_group_control_honf,0680,preparation_plus_one_query,complete,65.4786266386509,67.56024630740285,65.4540786743164,57.93017578125,0.0,23.65869140625,118.0,8192,8192,32768,128
1502,/home/wanglz/Desktop/src/ModularDT/HONF_Proj/Trained_Results/ThermalChannel/HONF_Forward_Runs/Run_1502_20260923_004751_sparse_incidence_environment_sparsemax/best_by_field_mse_model.pt,4794,sparse_incidence_group_control_honf,0680,prepared_p2_decode,complete,160.12942232191563,166.05973532423377,160.09011840820312,35.68212890625,0.0,24.7421875,118.0,8192,8192,32768,128
1502,/home/wanglz/Desktop/src/ModularDT/HONF_Proj/Trained_Results/ThermalChannel/HONF_Forward_Runs/Run_1502_20260923_004751_sparse_incidence_environment_sparsemax/best_by_field_mse_model.pt,4794,sparse_incidence_group_control_honf,0681,application_evaluator,complete,228.52914780378342,228.87537237256765,228.50547790527344,58.23486328125,0.0,23.65869140625,118.0,8192,8192,32768,128
1502,/home/wanglz/Desktop/src/ModularDT/HONF_Proj/Trained_Results/ThermalChannel/HONF_Forward_Runs/Run_1502_20260923_004751_sparse_incidence_environment_sparsemax/best_by_field_mse_model.pt,4794,sparse_incidence_group_control_honf,0681,full_forward,complete,222.04076405614614,229.93125384673476,222.0011444091797,57.93017578125,0.0,23.65869140625,118.0,8192,8192,32768,128
1502,/home/wanglz/Desktop/src/ModularDT/HONF_Proj/Trained_Results/ThermalChannel/HONF_Forward_Runs/Run_1502_20260923_004751_sparse_incidence_environment_sparsemax/best_by_field_mse_model.pt,4794,sparse_incidence_group_control_honf,0681,preparation_plus_one_query,complete,63.433353789150715,66.95266934111714,63.40902328491211,57.93017578125,0.0,23.65869140625,118.0,8192,8192,32768,128
1502,/home/wanglz/Desktop/src/ModularDT/HONF_Proj/Trained_Results/ThermalChannel/HONF_Forward_Runs/Run_1502_20260923_004751_sparse_incidence_environment_sparsemax/best_by_field_mse_model.pt,4794,sparse_incidence_group_control_honf,0681,prepared_p2_decode,complete,167.34165512025356,172.1910571679473,167.30316162109375,35.68212890625,0.0,24.7421875,118.0,8192,8192,32768,128
1502,/home/wanglz/Desktop/src/ModularDT/HONF_Proj/Trained_Results/ThermalChannel/HONF_Forward_Runs/Run_1502_20260923_004751_sparse_incidence_environment_sparsemax/best_by_field_mse_model.pt,4794,sparse_incidence_group_control_honf,0682,application_evaluator,complete,236.44288163632154,238.42920660972595,236.41737365722656,58.23486328125,0.0,23.65869140625,118.0,8192,8192,32768,128
1502,/home/wanglz/Desktop/src/ModularDT/HONF_Proj/Trained_Results/ThermalChannel/HONF_Forward_Runs/Run_1502_20260923_004751_sparse_incidence_environment_sparsemax/best_by_field_mse_model.pt,4794,sparse_incidence_group_control_honf,0682,full_forward,complete,232.8308979049325,233.30660946667194,232.80458068847656,57.93017578125,0.0,23.65869140625,118.0,8192,8192,32768,128
1502,/home/wanglz/Desktop/src/ModularDT/HONF_Proj/Trained_Results/ThermalChannel/HONF_Forward_Runs/Run_1502_20260923_004751_sparse_incidence_environment_sparsemax/best_by_field_mse_model.pt,4794,sparse_incidence_group_control_honf,0682,preparation_plus_one_query,complete,66.15302711725235,67.6576055586338,66.11456298828125,57.93017578125,0.0,23.65869140625,118.0,8192,8192,32768,128
1502,/home/wanglz/Desktop/src/ModularDT/HONF_Proj/Trained_Results/ThermalChannel/HONF_Forward_Runs/Run_1502_20260923_004751_sparse_incidence_environment_sparsemax/best_by_field_mse_model.pt,4794,sparse_incidence_group_control_honf,0682,prepared_p2_decode,complete,170.89217621833086,171.14411359652877,170.86566162109375,35.68212890625,0.0,24.7421875,118.0,8192,8192,32768,128
1502,/home/wanglz/Desktop/src/ModularDT/HONF_Proj/Trained_Results/ThermalChannel/HONF_Forward_Runs/Run_1502_20260923_004751_sparse_incidence_environment_sparsemax/best_by_field_mse_model.pt,4794,sparse_incidence_group_control_honf,0683,application_evaluator,complete,244.39795967191458,258.33392227068543,244.37330627441406,58.23486328125,0.0,23.65869140625,118.0,8192,8192,32768,128
1502,/home/wanglz/Desktop/src/ModularDT/HONF_Proj/Trained_Results/ThermalChannel/HONF_Forward_Runs/Run_1502_20260923_004751_sparse_incidence_environment_sparsemax/best_by_field_mse_model.pt,4794,sparse_incidence_group_control_honf,0683,full_forward,complete,228.85014303028584,252.69887540489435,228.8250274658203,57.93017578125,0.0,23.65869140625,118.0,8192,8192,32768,128
1502,/home/wanglz/Desktop/src/ModularDT/HONF_Proj/Trained_Results/ThermalChannel/HONF_Forward_Runs/Run_1502_20260923_004751_sparse_incidence_environment_sparsemax/best_by_field_mse_model.pt,4794,sparse_incidence_group_control_honf,0683,preparation_plus_one_query,complete,68.86320188641548,70.08189959451556,68.83948516845703,57.93017578125,0.0,23.65869140625,118.0,8192,8192,32768,128
1502,/home/wanglz/Desktop/src/ModularDT/HONF_Proj/Trained_Results/ThermalChannel/HONF_Forward_Runs/Run_1502_20260923_004751_sparse_incidence_environment_sparsemax/best_by_field_mse_model.pt,4794,sparse_incidence_group_control_honf,0683,prepared_p2_decode,complete,178.03009785711765,182.8176448121667,177.9937286376953,35.68212890625,0.0,24.7421875,118.0,8192,8192,32768,128
1502,/home/wanglz/Desktop/src/ModularDT/HONF_Proj/Trained_Results/ThermalChannel/HONF_Forward_Runs/Run_1502_20260923_004751_sparse_incidence_environment_sparsemax/best_by_field_mse_model.pt,4794,sparse_incidence_group_control_honf,0684,application_evaluator,complete,225.46249255537987,245.7142141647637,225.4271697998047,58.23486328125,0.0,23.65869140625,118.0,8192,8192,32768,128
1502,/home/wanglz/Desktop/src/ModularDT/HONF_Proj/Trained_Results/ThermalChannel/HONF_Forward_Runs/Run_1502_20260923_004751_sparse_incidence_environment_sparsemax/best_by_field_mse_model.pt,4794,sparse_incidence_group_control_honf,0684,full_forward,complete,242.0992972329259,246.7809916473925,242.07452392578125,57.93017578125,0.0,23.65869140625,118.0,8192,8192,32768,128
1502,/home/wanglz/Desktop/src/ModularDT/HONF_Proj/Trained_Results/ThermalChannel/HONF_Forward_Runs/Run_1502_20260923_004751_sparse_incidence_environment_sparsemax/best_by_field_mse_model.pt,4794,sparse_incidence_group_control_honf,0684,preparation_plus_one_query,complete,66.10525492578745,69.91221057251096,66.07052612304688,57.93017578125,0.0,23.65869140625,118.0,8192,8192,32768,128
1502,/home/wanglz/Desktop/src/ModularDT/HONF_Proj/Trained_Results/ThermalChannel/HONF_Forward_Runs/Run_1502_20260923_004751_sparse_incidence_environment_sparsemax/best_by_field_mse_model.pt,4794,sparse_incidence_group_control_honf,0684,prepared_p2_decode,complete,170.0887056067586,177.31088446453214,170.05465698242188,35.68212890625,0.0,24.7421875,118.0,8192,8192,32768,128
1502,/home/wanglz/Desktop/src/ModularDT/HONF_Proj/Trained_Results/ThermalChannel/HONF_Forward_Runs/Run_1502_20260923_004751_sparse_incidence_environment_sparsemax/best_by_field_mse_model.pt,4794,sparse_incidence_group_control_honf,0685,application_evaluator,complete,241.14664271473885,243.91140677034855,241.114501953125,58.23486328125,0.0,23.65869140625,118.0,8192,8192,32768,128
1502,/home/wanglz/Desktop/src/ModularDT/HONF_Proj/Trained_Results/ThermalChannel/HONF_Forward_Runs/Run_1502_20260923_004751_sparse_incidence_environment_sparsemax/best_by_field_mse_model.pt,4794,sparse_incidence_group_control_honf,0685,full_forward,complete,234.51969120651484,243.8795587979257,234.47830200195312,57.93017578125,0.0,23.65869140625,118.0,8192,8192,32768,128
1502,/home/wanglz/Desktop/src/ModularDT/HONF_Proj/Trained_Results/ThermalChannel/HONF_Forward_Runs/Run_1502_20260923_004751_sparse_incidence_environment_sparsemax/best_by_field_mse_model.pt,4794,sparse_incidence_group_control_honf,0685,preparation_plus_one_query,complete,64.72655944526196,66.02219715714455,64.68828582763672,57.93017578125,0.0,23.65869140625,118.0,8192,8192,32768,128
1502,/home/wanglz/Desktop/src/ModularDT/HONF_Proj/Trained_Results/ThermalChannel/HONF_Forward_Runs/Run_1502_20260923_004751_sparse_incidence_environment_sparsemax/best_by_field_mse_model.pt,4794,sparse_incidence_group_control_honf,0685,prepared_p2_decode,complete,169.15923729538918,181.1843036673963,169.1340789794922,35.68212890625,0.0,24.7421875,118.0,8192,8192,32768,128
1502,/home/wanglz/Desktop/src/ModularDT/HONF_Proj/Trained_Results/ThermalChannel/HONF_Forward_Runs/Run_1502_20260923_004751_sparse_incidence_environment_sparsemax/best_by_field_mse_model.pt,4794,sparse_incidence_group_control_honf,0686,application_evaluator,complete,233.3195125684142,233.8608494028449,233.27516174316406,58.23486328125,0.0,23.65869140625,118.0,8192,8192,32768,128
1502,/home/wanglz/Desktop/src/ModularDT/HONF_Proj/Trained_Results/ThermalChannel/HONF_Forward_Runs/Run_1502_20260923_004751_sparse_incidence_environment_sparsemax/best_by_field_mse_model.pt,4794,sparse_incidence_group_control_honf,0686,full_forward,complete,240.22080842405558,244.13940012454987,240.18124389648438,57.93017578125,0.0,23.65869140625,118.0,8192,8192,32768,128
1502,/home/wanglz/Desktop/src/ModularDT/HONF_Proj/Trained_Results/ThermalChannel/HONF_Forward_Runs/Run_1502_20260923_004751_sparse_incidence_environment_sparsemax/best_by_field_mse_model.pt,4794,sparse_incidence_group_control_honf,0686,preparation_plus_one_query,complete,63.60041629523039,70.47662287950516,63.57686233520508,57.93017578125,0.0,23.65869140625,118.0,8192,8192,32768,128
1502,/home/wanglz/Desktop/src/ModularDT/HONF_Proj/Trained_Results/ThermalChannel/HONF_Forward_Runs/Run_1502_20260923_004751_sparse_incidence_environment_sparsemax/best_by_field_mse_model.pt,4794,sparse_incidence_group_control_honf,0686,prepared_p2_decode,complete,163.3441373705864,164.13162723183632,163.31773376464844,35.68212890625,0.0,24.7421875,118.0,8192,8192,32768,128
1502,/home/wanglz/Desktop/src/ModularDT/HONF_Proj/Trained_Results/ThermalChannel/HONF_Forward_Runs/Run_1502_20260923_004751_sparse_incidence_environment_sparsemax/best_by_field_mse_model.pt,4794,sparse_incidence_group_control_honf,0687,application_evaluator,complete,250.21724868565798,255.53205339238048,250.18701171875,58.23486328125,0.0,23.65869140625,118.0,8192,8192,32768,128
1502,/home/wanglz/Desktop/src/ModularDT/HONF_Proj/Trained_Results/ThermalChannel/HONF_Forward_Runs/Run_1502_20260923_004751_sparse_incidence_environment_sparsemax/best_by_field_mse_model.pt,4794,sparse_incidence_group_control_honf,0687,full_forward,complete,241.60704389214516,251.87534214928746,241.56568908691406,57.93017578125,0.0,23.65869140625,118.0,8192,8192,32768,128
1502,/home/wanglz/Desktop/src/ModularDT/HONF_Proj/Trained_Results/ThermalChannel/HONF_Forward_Runs/Run_1502_20260923_004751_sparse_incidence_environment_sparsemax/best_by_field_mse_model.pt,4794,sparse_incidence_group_control_honf,0687,preparation_plus_one_query,complete,65.11935405433178,67.54116248339415,65.0956802368164,57.93017578125,0.0,23.65869140625,118.0,8192,8192,32768,128
1502,/home/wanglz/Desktop/src/ModularDT/HONF_Proj/Trained_Results/ThermalChannel/HONF_Forward_Runs/Run_1502_20260923_004751_sparse_incidence_environment_sparsemax/best_by_field_mse_model.pt,4794,sparse_incidence_group_control_honf,0687,prepared_p2_decode,complete,169.94929779320955,170.50773119553924,169.91845703125,35.68212890625,0.0,24.7421875,118.0,8192,8192,32768,128
1502,/home/wanglz/Desktop/src/ModularDT/HONF_Proj/Trained_Results/ThermalChannel/HONF_Forward_Runs/Run_1502_20260923_004751_sparse_incidence_environment_sparsemax/best_by_field_mse_model.pt,4794,sparse_incidence_group_control_honf,0688,application_evaluator,complete,223.1870163232088,223.9088817499578,223.15000915527344,58.23486328125,0.0,23.65869140625,118.0,8192,8192,32768,128
1502,/home/wanglz/Desktop/src/ModularDT/HONF_Proj/Trained_Results/ThermalChannel/HONF_Forward_Runs/Run_1502_20260923_004751_sparse_incidence_environment_sparsemax/best_by_field_mse_model.pt,4794,sparse_incidence_group_control_honf,0688,full_forward,complete,238.87787107378244,248.8824151456356,238.84994506835938,57.93017578125,0.0,23.65869140625,118.0,8192,8192,32768,128
1502,/home/wanglz/Desktop/src/ModularDT/HONF_Proj/Trained_Results/ThermalChannel/HONF_Forward_Runs/Run_1502_20260923_004751_sparse_incidence_environment_sparsemax/best_by_field_mse_model.pt,4794,sparse_incidence_group_control_honf,0688,preparation_plus_one_query,complete,64.48853481560946,66.232227999717,64.46297454833984,57.93017578125,0.0,23.65869140625,118.0,8192,8192,32768,128
1502,/home/wanglz/Desktop/src/ModularDT/HONF_Proj/Trained_Results/ThermalChannel/HONF_Forward_Runs/Run_1502_20260923_004751_sparse_incidence_environment_sparsemax/best_by_field_mse_model.pt,4794,sparse_incidence_group_control_honf,0688,prepared_p2_decode,complete,169.01843436062336,185.55522356182337,168.9845733642578,35.68212890625,0.0,24.7421875,118.0,8192,8192,32768,128
1502,/home/wanglz/Desktop/src/ModularDT/HONF_Proj/Trained_Results/ThermalChannel/HONF_Forward_Runs/Run_1502_20260923_004751_sparse_incidence_environment_sparsemax/best_by_field_mse_model.pt,4794,sparse_incidence_group_control_honf,0689,application_evaluator,complete,228.39811723679304,230.2873881533742,228.3730926513672,58.23486328125,0.0,23.65869140625,118.0,8192,8192,32768,128
1502,/home/wanglz/Desktop/src/ModularDT/HONF_Proj/Trained_Results/ThermalChannel/HONF_Forward_Runs/Run_1502_20260923_004751_sparse_incidence_environment_sparsemax/best_by_field_mse_model.pt,4794,sparse_incidence_group_control_honf,0689,full_forward,complete,232.985382899642,239.89503076300025,232.94053649902344,57.93017578125,0.0,23.65869140625,118.0,8192,8192,32768,128
1502,/home/wanglz/Desktop/src/ModularDT/HONF_Proj/Trained_Results/ThermalChannel/HONF_Forward_Runs/Run_1502_20260923_004751_sparse_incidence_environment_sparsemax/best_by_field_mse_model.pt,4794,sparse_incidence_group_control_honf,0689,preparation_plus_one_query,complete,70.61764784157276,70.86128713563085,70.59174346923828,57.93017578125,0.0,23.65869140625,118.0,8192,8192,32768,128
1502,/home/wanglz/Desktop/src/ModularDT/HONF_Proj/Trained_Results/ThermalChannel/HONF_Forward_Runs/Run_1502_20260923_004751_sparse_incidence_environment_sparsemax/best_by_field_mse_model.pt,4794,sparse_incidence_group_control_honf,0689,prepared_p2_decode,complete,167.49111376702785,168.55367170646787,167.41888427734375,35.68212890625,0.0,24.7421875,118.0,8192,8192,32768,128
1502,/home/wanglz/Desktop/src/ModularDT/HONF_Proj/Trained_Results/ThermalChannel/HONF_Forward_Runs/Run_1502_20260923_004751_sparse_incidence_environment_sparsemax/best_by_field_mse_model.pt,4794,sparse_incidence_group_control_honf,0690,application_evaluator,complete,231.81537725031376,237.9375352524221,231.78192138671875,58.23486328125,0.0,23.65869140625,118.0,8192,8192,32768,128
1502,/home/wanglz/Desktop/src/ModularDT/HONF_Proj/Trained_Results/ThermalChannel/HONF_Forward_Runs/Run_1502_20260923_004751_sparse_incidence_environment_sparsemax/best_by_field_mse_model.pt,4794,sparse_incidence_group_control_honf,0690,full_forward,complete,240.38032349199057,251.12383207306266,240.35414123535156,57.93017578125,0.0,23.65869140625,118.0,8192,8192,32768,128
1502,/home/wanglz/Desktop/src/ModularDT/HONF_Proj/Trained_Results/ThermalChannel/HONF_Forward_Runs/Run_1502_20260923_004751_sparse_incidence_environment_sparsemax/best_by_field_mse_model.pt,4794,sparse_incidence_group_control_honf,0690,preparation_plus_one_query,complete,65.15539158135653,65.29720081016421,65.1256332397461,57.93017578125,0.0,23.65869140625,118.0,8192,8192,32768,128
1502,/home/wanglz/Desktop/src/ModularDT/HONF_Proj/Trained_Results/ThermalChannel/HONF_Forward_Runs/Run_1502_20260923_004751_sparse_incidence_environment_sparsemax/best_by_field_mse_model.pt,4794,sparse_incidence_group_control_honf,0690,prepared_p2_decode,complete,166.38033464550972,168.23968635872006,166.3436737060547,35.68212890625,0.0,24.7421875,118.0,8192,8192,32768,128
1502,/home/wanglz/Desktop/src/ModularDT/HONF_Proj/Trained_Results/ThermalChannel/HONF_Forward_Runs/Run_1502_20260923_004751_sparse_incidence_environment_sparsemax/best_by_field_mse_model.pt,4794,sparse_incidence_group_control_honf,0691,application_evaluator,complete,230.11764138936996,232.48664885759354,230.08934020996094,58.23486328125,0.0,23.65869140625,118.0,8192,8192,32768,128
1502,/home/wanglz/Desktop/src/ModularDT/HONF_Proj/Trained_Results/ThermalChannel/HONF_Forward_Runs/Run_1502_20260923_004751_sparse_incidence_environment_sparsemax/best_by_field_mse_model.pt,4794,sparse_incidence_group_control_honf,0691,full_forward,complete,237.08766140043736,242.43791652843356,237.05906677246094,57.93017578125,0.0,23.65869140625,118.0,8192,8192,32768,128
1502,/home/wanglz/Desktop/src/ModularDT/HONF_Proj/Trained_Results/ThermalChannel/HONF_Forward_Runs/Run_1502_20260923_004751_sparse_incidence_environment_sparsemax/best_by_field_mse_model.pt,4794,sparse_incidence_group_control_honf,0691,preparation_plus_one_query,complete,60.089283622801304,63.987259194254875,60.054527282714844,57.93017578125,0.0,23.65869140625,118.0,8192,8192,32768,128
1502,/home/wanglz/Desktop/src/ModularDT/HONF_Proj/Trained_Results/ThermalChannel/HONF_Forward_Runs/Run_1502_20260923_004751_sparse_incidence_environment_sparsemax/best_by_field_mse_model.pt,4794,sparse_incidence_group_control_honf,0691,prepared_p2_decode,complete,167.61654894798994,170.35089004784822,167.5714569091797,35.68212890625,0.0,24.7421875,118.0,8192,8192,32768,128
1502,/home/wanglz/Desktop/src/ModularDT/HONF_Proj/Trained_Results/ThermalChannel/HONF_Forward_Runs/Run_1502_20260923_004751_sparse_incidence_environment_sparsemax/best_by_field_mse_model.pt,4794,sparse_incidence_group_control_honf,0692,application_evaluator,complete,227.49714273959398,232.7141398563981,227.4571533203125,58.23486328125,0.0,23.65869140625,118.0,8192,8192,32768,128
1502,/home/wanglz/Desktop/src/ModularDT/HONF_Proj/Trained_Results/ThermalChannel/HONF_Forward_Runs/Run_1502_20260923_004751_sparse_incidence_environment_sparsemax/best_by_field_mse_model.pt,4794,sparse_incidence_group_control_honf,0692,full_forward,complete,229.906995780766,231.05604657903314,229.86668395996094,57.93017578125,0.0,23.65869140625,118.0,8192,8192,32768,128
1502,/home/wanglz/Desktop/src/ModularDT/HONF_Proj/Trained_Results/ThermalChannel/HONF_Forward_Runs/Run_1502_20260923_004751_sparse_incidence_environment_sparsemax/best_by_field_mse_model.pt,4794,sparse_incidence_group_control_honf,0692,preparation_plus_one_query,complete,65.24423137307167,65.33751441165805,65.21651458740234,57.93017578125,0.0,23.65869140625,118.0,8192,8192,32768,128
1502,/home/wanglz/Desktop/src/ModularDT/HONF_Proj/Trained_Results/ThermalChannel/HONF_Forward_Runs/Run_1502_20260923_004751_sparse_incidence_environment_sparsemax/best_by_field_mse_model.pt,4794,sparse_incidence_group_control_honf,0692,prepared_p2_decode,complete,164.1012281179428,167.54234805703163,164.07225036621094,35.68212890625,0.0,24.7421875,118.0,8192,8192,32768,128
