{
  "case_id": "inv001",
  "seed": 42,
  "dataset": {
    "packed_h5_path": "./Data_Saved/Processed_Inert_Dataset/packed_dataset.h5",
    "train_split": "train",
    "val_split": "test",
    "max_num_cylinders": 8,
    "sort_centers": true,
    "require_inert": true,
    "train_max_cases": 2,
    "val_max_cases": 1
  },
  "forward_model": {
    "run_dir": "./Saved_Model/Case0010_20260428_084416",
    "checkpoint_name": "best_model.pt",
    "config_name": "resolved_train_config.json",
    "query_batch_size": 32768,
    "freeze": true,
    "rebuild_latent_cache": false,
    "checkpoint_path": "/home/wanglz/Desktop/src/ModularDT/0_Demo_MultiCylinder/Saved_Model/Case0010_20260428_084416/best_model.pt"
  },
  "target_kpis": {
    "names": [
      "mean_abs_omega",
      "enstrophy",
      "max_abs_omega",
      "kinetic_energy",
      "pressure_range",
      "wake_deficit",
      "wake_mixing",
      "fluctuation_energy",
      "downstream_omega_area",
      "phase_signal_amplitude"
    ],
    "normalize": true,
    "target_noise_std": 0.02,
    "stats": {
      "names": [
        "mean_abs_omega",
        "enstrophy",
        "max_abs_omega",
        "kinetic_energy",
        "pressure_range",
        "wake_deficit",
        "wake_mixing",
        "fluctuation_energy",
        "downstream_omega_area",
        "phase_signal_amplitude"
      ],
      "mean": [
        0.04278317838907242,
        0.06209354102611542,
        7.696750640869141,
        0.9906483888626099,
        0.013088537380099297,
        1.5955556591507047e-05,
        0.03743452578783035,
        0.00018325369455851614,
        0.0,
        0.0013363456819206476
      ],
      "std": [
        7.444992661476135e-06,
        0.00016911141574382782,
        0.050756216049194336,
        0.0001487135887145996,
        0.0006064004264771938,
        7.772808203299064e-06,
        0.004733122885227203,
        3.50417394656688e-07,
        1.0,
        3.208534326404333e-05
      ],
      "per_kpi": {
        "mean_abs_omega": {
          "mean": 0.04278317838907242,
          "std": 7.444992661476135e-06
        },
        "enstrophy": {
          "mean": 0.06209354102611542,
          "std": 0.00016911141574382782
        },
        "max_abs_omega": {
          "mean": 7.696750640869141,
          "std": 0.050756216049194336
        },
        "kinetic_energy": {
          "mean": 0.9906483888626099,
          "std": 0.0001487135887145996
        },
        "pressure_range": {
          "mean": 0.013088537380099297,
          "std": 0.0006064004264771938
        },
        "wake_deficit": {
          "mean": 1.5955556591507047e-05,
          "std": 7.772808203299064e-06
        },
        "wake_mixing": {
          "mean": 0.03743452578783035,
          "std": 0.004733122885227203
        },
        "fluctuation_energy": {
          "mean": 0.00018325369455851614,
          "std": 3.50417394656688e-07
        },
        "downstream_omega_area": {
          "mean": 0.0,
          "std": 1.0
        },
        "phase_signal_amplitude": {
          "mean": 0.0013363456819206476,
          "std": 3.208534326404333e-05
        }
      }
    }
  },
  "inverse_model": {
    "target_dim": 75,
    "design_dim": 24,
    "hidden_dim": 256,
    "target_embed_dim": 128,
    "behavior_latent_dim": 72,
    "organization_latent_dim": 384,
    "num_layers": 4,
    "dropout": 0.05,
    "use_count_head": true,
    "generate_re": false,
    "ode_solver": "heun",
    "domain_length_x": 24.0,
    "domain_length_y": 12.0,
    "min_num_cylinders": 1,
    "min_center_distance": 1.1,
    "re_scale": 200.0,
    "max_num_cylinders": 8
  },
  "loss": {
    "flow_weight": 1.0,
    "count_weight": 0.1,
    "behavior_align_weight": 0.1,
    "organization_align_weight": 0.1,
    "validity_prior_weight": 0.0
  },
  "training": {
    "epochs": 1,
    "batch_size": 64,
    "learning_rate": 0.0001,
    "weight_decay": 1e-05,
    "gradient_clip_norm": 1.0,
    "scheduler_min_lr": 1e-06,
    "num_workers": 2
  },
  "validation": {
    "forward_verify_every_epochs": 0,
    "forward_verify_num_targets": 8,
    "forward_verify_num_samples": 8,
    "forward_verify_phase_bins": 12,
    "forward_verify_nx": 96,
    "forward_verify_ny": 48,
    "forward_verify_ode_steps": 16
  },
  "paths": {
    "saved_model_dir": "./Saved_Model_Inverse",
    "config_train_dir": "./Config_Train"
  }
}