case_id,kmax,active_module_count,M_active,M_padded,active_module_source_ids,query_source_count,query_selection,query_domain_bounds,active_mask,module_mass,environment_mass,kappa,module_source_degree_mean,environment_source_degree_mean,query_degree_mean,module_effective_groups_mean,environment_effective_groups_mean,query_effective_groups_mean,module_assignment_numerical_rank,environment_assignment_numerical_rank,query_assignment_numerical_rank,joint_source_assignment_numerical_rank,module_entropy_mean,environment_entropy_mean,query_entropy_mean,module_empty_columns,environment_empty_columns,proposal_module_empty_columns,proposal_environment_empty_columns,proposal_assignments_available,proposal_active_mask,proposal_vs_refined_module_max_abs,proposal_vs_refined_environment_max_abs,p1_p2_assignment_refresh_observed,module_radius_mean,environment_radius_mean,module_radius_shuffled_mass_preserving_mean,environment_radius_shuffled_mass_preserving_mean,joint_centre_separation_mean,query_to_joint_centre_mean,query_source_empty_positive_entries,module_logical_paths,environment_logical_paths,module_unique_pairs,environment_unique_pairs,module_RM_support,environment_RE_support,module_multiplicity,environment_multiplicity,module_dense_valid_pairs,environment_dense_valid_pairs,proposal_normalized,refined_normalized,inactive_module_rows_zero,phase_ledger,p2_module_actual_rows,p2_module_padded_rows,p2_module_geometry_rows,p2_module_content_rows,p2_environment_actual_rows,p2_environment_padded_rows,p2_environment_geometry_rows,p2_environment_content_rows,registered_capacity,occupied_source_groups,pi,pi_sum,kappa_from_pi,kappa_formula_max_abs,query_count,query_degree_median,query_degree_p95,query_degree_min,query_degree_max,query_degree_histogram,module_source_degree_histogram,environment_source_degree_histogram,no_empty_query_support
0273,12,3,3,12,"[0, 1, 2]",8192,deterministic_linspace_subset,"[0.046875, 11.953125, 0.046875, 5.953125]","[true, true, true, true, true, true, true, true, true, true, true, true]","[0.02051500976085663, 0.18415137628714243, 0.05176494518915812, 0.08059623837471008, 0.04275877773761749, 0.026242340294023354, 0.0008018712457366443, 0.040527919928232826, 0.22366641322150826, 0.019328460097312927, 0.2387133774658044, 0.0709332600235939]","[0.041226177887362304, 0.08238777931273943, 0.06387890978582315, 0.14895125811411467, 0.02779936557387863, 0.1327501698991303, 0.1254969075602996, 0.04251715533924619, 0.07411437977907553, 0.01972063824102103, 0.1109747281690948, 0.13018253235239996]",8.949482917785645,7.333333333333333,4.588541666666667,3.5654296875,3.369235850422001,2.289124625020251,2.5747600270304583,3,12,11,12,0.5793947308728761,0.3634567229229111,0.4127840796787714,[],[],[],[],False,"[true, true, true, true, true, true, true, true, true, true, true, true]",,,,0.46524860727572787,1.8705775589617861,0.5014993213280321,3.810129734883784,3.1985694512793863,1.303701865632406,0,7614,277743,3033,138872,0.9873046875,0.7063395182291666,2.5103857566765577,1.9999927991243736,3072,196608,True,True,True,"{""P0"": {""reason"": ""explicit phase ledger missing"", ""status"": ""unavailable""}, ""P1"": {""reason"": ""explicit phase ledger missing"", ""status"": ""unavailable""}, ""P2"": {""actual_rows"": 208896.0, ""content_rows"": 786432.0, ""environment"": {""actual_rows"": 196608.0, ""content_rows"": 786432.0, ""geometry_rows"": 196608.0, ""logical_paths"": 277743.0, ""padded_rows"": 0.0, ""unique_pairs"": 138872.0}, ""geometry_rows"": 196608.0, ""logical_paths"": 285357.0, ""module"": {""actual_rows"": 12288.0, ""content_rows"": null, ""geometry_rows"": null, ""logical_paths"": 7614.0, ""padded_rows"": 9216.0, ""unique_pairs"": 3033.0}, ""padded_rows"": 9216.0, ""status"": ""available"", ""unique_pairs"": 141905.0}, ""P2_consistency"": {""reason"": ""explicit phase ledger missing"", ""status"": ""unavailable""}}",12288.0,9216.0,,,196608.0,0.0,196608.0,786432.0,12,12,"[0.030870594084262848, 0.13326957821846008, 0.05782192945480347, 0.11477374285459518, 0.03527907282114029, 0.07949626445770264, 0.06314940005540848, 0.041522540152072906, 0.1488903909921646, 0.019524550065398216, 0.17484405636787415, 0.10055789351463318]",1.000000013038516,8.949483709322076,7.915364310662198e-07,1024,4.0,5.0,2,6,"{""2"": 120, ""3"": 353, ""4"": 413, ""5"": 128, ""6"": 10}","{""0"": 9, ""6"": 1, ""8"": 2}","{""1"": 5, ""2"": 33, ""3"": 19, ""4"": 31, ""5"": 38, ""6"": 34, ""7"": 22, ""8"": 9, ""9"": 1}",True
0274,12,3,3,12,"[0, 1, 2]",8192,deterministic_linspace_subset,"[0.046875, 11.953125, 0.046875, 5.953125]","[true, true, true, true, true, true, true, true, true, true, true, true]","[0.03838194410006205, 0.15751963108778, 0.11833111445109049, 0.1479470736036698, 0.017287710060675938, 0.0001117143256124109, 0.14447200298309326, 0.11479815263434527, 0.11935981114705402, 0.0, 0.034188978374004364, 0.10760187109311421]","[0.060668612579528734, 0.06537385564577865, 0.06661592601432172, 0.1310205761919102, 0.048415131721634225, 0.10762888262581781, 0.13475957025972699, 0.06315998123458427, 0.08371433414952396, 0.011848213966004552, 0.10421820117541832, 0.12257672551307526]",9.74176025390625,5.0,4.208333333333333,3.42578125,3.108387049988823,2.205202661479871,2.513127846497958,3,12,11,12,0.49891732449802584,0.3500209945123469,0.4042648219770299,[9],[],[9],[],False,"[true, true, true, true, true, true, true, true, true, true, true, true]",,,,0.32603766595843603,1.6744680251752884,0.414218101570621,3.807064571194619,3.968720186767555,1.1735768591067344,0,5042,246826,2282,128032,0.7428385416666666,0.6512044270833334,2.2094653812445224,1.9278461634591353,3072,196608,True,True,True,"{""P0"": {""reason"": ""explicit phase ledger missing"", ""status"": ""unavailable""}, ""P1"": {""reason"": ""explicit phase ledger missing"", ""status"": ""unavailable""}, ""P2"": {""actual_rows"": 208896.0, ""content_rows"": 786432.0, ""environment"": {""actual_rows"": 196608.0, ""content_rows"": 786432.0, ""geometry_rows"": 196608.0, ""logical_paths"": 246826.0, ""padded_rows"": 0.0, ""unique_pairs"": 128032.0}, ""geometry_rows"": 196608.0, ""logical_paths"": 251868.0, ""module"": {""actual_rows"": 12288.0, ""content_rows"": null, ""geometry_rows"": null, ""logical_paths"": 5042.0, ""padded_rows"": 9216.0, ""unique_pairs"": 2282.0}, ""padded_rows"": 9216.0, ""status"": ""available"", ""unique_pairs"": 130314.0}, ""P2_consistency"": {""reason"": ""explicit phase ledger missing"", ""status"": ""unavailable""}}",12288.0,9216.0,,,196608.0,0.0,196608.0,786432.0,12,12,"[0.04952527955174446, 0.11144675314426422, 0.09247353672981262, 0.13948382437229156, 0.03285142406821251, 0.053870297968387604, 0.13961580395698547, 0.08897906541824341, 0.10153708606958389, 0.005924107041209936, 0.06920360028743744, 0.1150892972946167]",1.0000000759027898,9.741759994267365,2.596388846143327e-07,1024,3.0,5.0,2,6,"{""2"": 130, ""3"": 445, ""4"": 340, ""5"": 101, ""6"": 8}","{""0"": 9, ""5"": 3}","{""1"": 2, ""2"": 32, ""3"": 44, ""4"": 33, ""5"": 37, ""6"": 27, ""7"": 7, ""8"": 8, ""9"": 2}",True
0275,12,3,3,12,"[0, 1, 2]",8192,deterministic_linspace_subset,"[0.046875, 11.953125, 0.046875, 5.953125]","[true, true, true, true, true, true, true, true, true, true, true, true]","[0.0, 0.08805566405256589, 0.05127175982731084, 0.0, 0.02956177790959676, 0.030652672052383423, 0.08277536431948343, 0.2239353756109873, 0.25215837856133777, 0.0, 0.05964724253863096, 0.1819417789764349]","[0.030243815450679296, 0.05252596055731828, 0.05401833876631675, 0.09587086900031255, 0.07955267643682377, 0.10235904823514376, 0.14170697783796032, 0.08805467841291184, 0.09544672345800242, 0.048410010036150176, 0.0897881315441822, 0.12202277739075383]",8.768438339233398,6.0,4.734375,3.73828125,3.327071513322734,2.40757235037426,2.6048219965946844,3,12,12,12,0.5589931972975059,0.3865064337931304,0.4192546910642432,"[0, 3, 9]",[],"[0, 3, 9]",[],False,"[true, true, true, true, true, true, true, true, true, true, true, true]",,,,0.5415662974827946,1.7446686098583817,0.9680463464977113,3.813964930065418,3.7604712572929206,1.1788764502074822,0,7037,303572,2742,132638,0.892578125,0.6746317545572916,2.566374908825675,2.288725704549224,3072,196608,True,True,True,"{""P0"": {""reason"": ""explicit phase ledger missing"", ""status"": ""unavailable""}, ""P1"": {""reason"": ""explicit phase ledger missing"", ""status"": ""unavailable""}, ""P2"": {""actual_rows"": 208896.0, ""content_rows"": 786432.0, ""environment"": {""actual_rows"": 196608.0, ""content_rows"": 786432.0, ""geometry_rows"": 196608.0, ""logical_paths"": 303572.0, ""padded_rows"": 0.0, ""unique_pairs"": 132638.0}, ""geometry_rows"": 196608.0, ""logical_paths"": 310609.0, ""module"": {""actual_rows"": 12288.0, ""content_rows"": null, ""geometry_rows"": null, ""logical_paths"": 7037.0, ""padded_rows"": 9216.0, ""unique_pairs"": 2742.0}, ""padded_rows"": 9216.0, ""status"": ""available"", ""unique_pairs"": 135380.0}, ""P2_consistency"": {""reason"": ""explicit phase ledger missing"", ""status"": ""unavailable""}}",12288.0,9216.0,,,196608.0,0.0,196608.0,786432.0,12,12,"[0.015121906995773315, 0.07029081881046295, 0.05264504998922348, 0.04793544486165047, 0.054557230323553085, 0.06650586426258087, 0.11224117130041122, 0.15599504113197327, 0.17380253970623016, 0.024205008521676064, 0.0747176855802536, 0.15198227763175964]",1.0000000391155481,8.768439009330965,6.700975667683906e-07,1024,4.0,6.0,1,7,"{""1"": 20, ""2"": 59, ""3"": 369, ""4"": 365, ""5"": 144, ""6"": 66, ""7"": 1}","{""0"": 9, ""6"": 3}","{""2"": 29, ""3"": 17, ""4"": 49, ""5"": 31, ""6"": 32, ""7"": 20, ""8"": 9, ""9"": 5}",True
0276,12,3,3,12,"[0, 1, 2]",8192,deterministic_linspace_subset,"[0.046875, 11.953125, 0.046875, 5.953125]","[true, true, true, true, true, true, true, true, true, true, true, true]","[0.033530448873837784, 0.1103812555472056, 0.0036669650580734015, 0.013014983385801315, 0.004891177134898801, 0.1887032650411129, 0.07346712549527486, 0.16074632604916889, 0.11888807515303293, 0.0026648401593168574, 0.22244780262311298, 0.06759772441970804]","[0.0513889578286353, 0.07253780333536142, 0.0767855574137949, 0.10545222088937105, 0.047197211701283506, 0.1075280537011925, 0.13751678666756104, 0.07914720213066553, 0.06704213674845506, 0.04265628485065775, 0.10898073180348436, 0.10376706478834664]",9.31224536895752,7.333333333333333,4.494791666666667,3.44921875,3.3271510625689644,2.310656353086847,2.5089139626356065,3,12,10,12,0.5560424446390329,0.36915659648451377,0.4039000172460891,[],[],[],[],False,"[true, true, true, true, true, true, true, true, true, true, true, true]",,,,0.8365381524641297,1.6401761758778244,1.1433916942489541,3.808090709007762,3.766137353513285,1.1941157031038414,0,6693,259874,2599,129068,0.8460286458333334,0.6564737955729166,2.575221238938053,2.013465769981715,3072,196608,True,True,True,"{""P0"": {""reason"": ""explicit phase ledger missing"", ""status"": ""unavailable""}, ""P1"": {""reason"": ""explicit phase ledger missing"", ""status"": ""unavailable""}, ""P2"": {""actual_rows"": 208896.0, ""content_rows"": 786432.0, ""environment"": {""actual_rows"": 196608.0, ""content_rows"": 786432.0, ""geometry_rows"": 196608.0, ""logical_paths"": 259874.0, ""padded_rows"": 0.0, ""unique_pairs"": 129068.0}, ""geometry_rows"": 196608.0, ""logical_paths"": 266567.0, ""module"": {""actual_rows"": 12288.0, ""content_rows"": null, ""geometry_rows"": null, ""logical_paths"": 6693.0, ""padded_rows"": 9216.0, ""unique_pairs"": 2599.0}, ""padded_rows"": 9216.0, ""status"": ""available"", ""unique_pairs"": 131667.0}, ""P2_consistency"": {""reason"": ""explicit phase ledger missing"", ""status"": ""unavailable""}}",12288.0,9216.0,,,196608.0,0.0,196608.0,786432.0,12,12,"[0.04245970770716667, 0.09145952761173248, 0.040226276963949203, 0.05923360586166382, 0.026044193655252457, 0.14811566472053528, 0.10549196600914001, 0.11994677037000656, 0.09296512603759766, 0.02266056276857853, 0.16571427881717682, 0.08568239957094193]",1.0000000800937414,9.312245094969125,2.7398839463899094e-07,1024,3.0,5.0,2,6,"{""2"": 83, ""3"": 512, ""4"": 326, ""5"": 92, ""6"": 11}","{""0"": 9, ""10"": 1, ""6"": 2}","{""1"": 1, ""2"": 34, ""3"": 31, ""4"": 22, ""5"": 51, ""6"": 25, ""7"": 18, ""8"": 8, ""9"": 2}",True
0277,12,3,3,12,"[0, 1, 2]",8192,deterministic_linspace_subset,"[0.046875, 11.953125, 0.046875, 5.953125]","[true, true, true, true, true, true, true, true, true, true, true, true]","[0.0866785446802775, 0.11745874087015788, 0.002242784481495619, 0.0031049180154999094, 0.0, 0.08146593968073526, 0.18510157863299048, 0.25793329874674475, 0.10072682301203409, 0.0, 0.1609093149503072, 0.004378061178916444]","[0.04402880402764235, 0.07444807609835875, 0.06811760275706677, 0.10455901777406022, 0.06558640631336667, 0.10432392396319298, 0.13439631254702059, 0.0560492749172911, 0.08516522784740226, 0.037908130027858526, 0.10600424738696526, 0.11941297940941105]",9.248594284057617,5.0,4.723958333333333,3.68359375,3.0661871327648504,2.3431359530094484,2.6457004520312966,3,12,12,12,0.4833345796903059,0.3794187372176512,0.42733312490568415,"[4, 9]",[],"[4, 9]",[],False,"[true, true, true, true, true, true, true, true, true, true, true, true]",,,,0.2872951479457994,1.7085116501905893,0.8361222262892847,3.812082440868921,4.2619342573917995,1.1744034393329463,0,5748,291262,2333,134928,0.7594401041666666,0.686279296875,2.463780540077154,2.1586475750029646,3072,196608,True,True,True,"{""P0"": {""reason"": ""explicit phase ledger missing"", ""status"": ""unavailable""}, ""P1"": {""reason"": ""explicit phase ledger missing"", ""status"": ""unavailable""}, ""P2"": {""actual_rows"": 208896.0, ""content_rows"": 786432.0, ""environment"": {""actual_rows"": 196608.0, ""content_rows"": 786432.0, ""geometry_rows"": 196608.0, ""logical_paths"": 291262.0, ""padded_rows"": 0.0, ""unique_pairs"": 134928.0}, ""geometry_rows"": 196608.0, ""logical_paths"": 297010.0, ""module"": {""actual_rows"": 12288.0, ""content_rows"": null, ""geometry_rows"": null, ""logical_paths"": 5748.0, ""padded_rows"": 9216.0, ""unique_pairs"": 2333.0}, ""padded_rows"": 9216.0, ""status"": ""available"", ""unique_pairs"": 137261.0}, ""P2_consistency"": {""reason"": ""explicit phase ledger missing"", ""status"": ""unavailable""}}",12288.0,9216.0,,,196608.0,0.0,196608.0,786432.0,12,12,"[0.06535367667675018, 0.09595341980457306, 0.03518019616603851, 0.05383196473121643, 0.03279319778084755, 0.09289493411779404, 0.15974894165992737, 0.15699130296707153, 0.09294603765010834, 0.018954064697027206, 0.1334567815065384, 0.06189551576972008]",1.0000000335276127,9.248594728950367,4.4489275019543584e-07,1024,4.0,5.0,2,7,"{""2"": 94, ""3"": 321, ""4"": 435, ""5"": 165, ""6"": 7, ""7"": 2}","{""0"": 9, ""4"": 1, ""5"": 1, ""6"": 1}","{""1"": 2, ""2"": 23, ""3"": 32, ""4"": 34, ""5"": 37, ""6"": 30, ""7"": 14, ""8"": 16, ""9"": 4}",True
0278,12,3,3,12,"[0, 1, 2]",8192,deterministic_linspace_subset,"[0.046875, 11.953125, 0.046875, 5.953125]","[true, true, true, true, true, true, true, true, true, true, true, true]","[0.10406141821295023, 0.2732726236184438, 0.0, 0.1838457683722178, 0.0020842021331191063, 0.18650241980018714, 0.0032505920777718225, 0.04267226656277974, 0.02575103441874186, 0.03188954728345076, 0.13407200202345848, 0.012598137749591842]","[0.05760240979286854, 0.07735594813299969, 0.043662620158803137, 0.1566626149948813, 0.04673612128317472, 0.13584128540790155, 0.11638638446379446, 0.04438182275151803, 0.07085119461013772, 0.009146943253654175, 0.13922867601862282, 0.10214399016935412]",8.097440719604492,6.666666666666667,4.338541666666667,3.3427734375,2.843983273094555,2.1594322772027614,2.4116684451984804,3,12,12,12,0.5127774081786408,0.3395140134838295,0.385390501757618,[2],[],[2],[],False,"[true, true, true, true, true, true, true, true, true, true, true, true]",,,,0.8089395820728512,1.6501872119912768,1.0834819114289003,3.8032693747993473,4.181136659784042,1.1084904913681974,0,5620,246624,2320,128685,0.7552083333333334,0.6545257568359375,2.4224137931034484,1.9164937638419397,3072,196608,True,True,True,"{""P0"": {""reason"": ""explicit phase ledger missing"", ""status"": ""unavailable""}, ""P1"": {""reason"": ""explicit phase ledger missing"", ""status"": ""unavailable""}, ""P2"": {""actual_rows"": 208896.0, ""content_rows"": 786432.0, ""environment"": {""actual_rows"": 196608.0, ""content_rows"": 786432.0, ""geometry_rows"": 196608.0, ""logical_paths"": 246624.0, ""padded_rows"": 0.0, ""unique_pairs"": 128685.0}, ""geometry_rows"": 196608.0, ""logical_paths"": 252244.0, ""module"": {""actual_rows"": 12288.0, ""content_rows"": null, ""geometry_rows"": null, ""logical_paths"": 5620.0, ""padded_rows"": 9216.0, ""unique_pairs"": 2320.0}, ""padded_rows"": 9216.0, ""status"": ""available"", ""unique_pairs"": 131005.0}, ""P2_consistency"": {""reason"": ""explicit phase ledger missing"", ""status"": ""unavailable""}}",12288.0,9216.0,,,196608.0,0.0,196608.0,786432.0,12,12,"[0.08083191514015198, 0.1753142774105072, 0.021831320598721504, 0.1702542006969452, 0.02441016212105751, 0.16117185354232788, 0.05981848016381264, 0.04352704435586929, 0.04830112308263779, 0.020518245175480843, 0.13665033876895905, 0.057371050119400024]",1.000000011175871,8.09744007973635,6.398681424713004e-07,1024,3.0,5.0,2,6,"{""2"": 146, ""3"": 476, ""4"": 316, ""5"": 77, ""6"": 9}","{""0"": 9, ""10"": 1, ""5"": 2}","{""1"": 5, ""2"": 31, ""3"": 28, ""4"": 39, ""5"": 35, ""6"": 32, ""7"": 17, ""8"": 5}",True
0279,12,3,3,12,"[0, 1, 2]",8192,deterministic_linspace_subset,"[0.046875, 11.953125, 0.046875, 5.953125]","[true, true, true, true, true, true, true, true, true, true, true, true]","[0.0, 0.1858594293395678, 0.029394003252188362, 0.014980518569548924, 0.07009001572926839, 0.03729412718287979, 0.055984973907470696, 0.18277709186077118, 0.18540004392464954, 0.0025547007098793983, 0.07142235587040582, 0.16424272333582243]","[0.03849493384776301, 0.08213365605403548, 0.05249504366007804, 0.12242442604216795, 0.06309355757163833, 0.10540544928636802, 0.13137462118568996, 0.07057430529645599, 0.0965759992599639, 0.022761654594736076, 0.11107485231961674, 0.10359150440569917]",9.490557670593262,7.0,4.53125,3.626953125,3.5328879227593446,2.327319457772058,2.5273033952338415,3,12,12,12,0.6057895839448105,0.37834988184489626,0.4137813374634611,[0],[],[0],[],False,"[true, true, true, true, true, true, true, true, true, true, true, true]",,,,0.8069593765120122,1.7396816150040397,1.0205982316031688,3.806654650933135,3.564422851085953,1.2376409197989398,0,7419,276784,2800,131599,0.9114583333333334,0.6693471272786459,2.649642857142857,2.103237866549138,3072,196608,True,True,True,"{""P0"": {""reason"": ""explicit phase ledger missing"", ""status"": ""unavailable""}, ""P1"": {""reason"": ""explicit phase ledger missing"", ""status"": ""unavailable""}, ""P2"": {""actual_rows"": 208896.0, ""content_rows"": 786432.0, ""environment"": {""actual_rows"": 196608.0, ""content_rows"": 786432.0, ""geometry_rows"": 196608.0, ""logical_paths"": 276784.0, ""padded_rows"": 0.0, ""unique_pairs"": 131599.0}, ""geometry_rows"": 196608.0, ""logical_paths"": 284203.0, ""module"": {""actual_rows"": 12288.0, ""content_rows"": null, ""geometry_rows"": null, ""logical_paths"": 7419.0, ""padded_rows"": 9216.0, ""unique_pairs"": 2800.0}, ""padded_rows"": 9216.0, ""status"": ""available"", ""unique_pairs"": 134399.0}, ""P2_consistency"": {""reason"": ""explicit phase ledger missing"", ""status"": ""unavailable""}}",12288.0,9216.0,,,196608.0,0.0,196608.0,786432.0,12,12,"[0.019247472286224365, 0.13399654626846313, 0.040944524109363556, 0.06870246678590775, 0.0665917843580246, 0.07134978473186493, 0.09367978572845459, 0.12667571008205414, 0.1409880369901657, 0.012658176943659782, 0.09124861657619476, 0.13391712307929993]",1.0000000279396772,9.490558241145736,5.705524745991397e-07,1024,4.0,5.0,2,6,"{""2"": 27, ""3"": 438, ""4"": 462, ""5"": 84, ""6"": 13}","{""0"": 9, ""6"": 2, ""9"": 1}","{""10"": 1, ""2"": 34, ""3"": 29, ""4"": 34, ""5"": 40, ""6"": 23, ""7"": 21, ""8"": 6, ""9"": 4}",True
0280,12,3,3,12,"[0, 1, 2]",8192,deterministic_linspace_subset,"[0.046875, 11.953125, 0.046875, 5.953125]","[true, true, true, true, true, true, true, true, true, true, true, true]","[0.09549862643082936, 0.10558049551521738, 0.05731137593587239, 0.17165692647298175, 0.01958827550212542, 0.12518396973609924, 0.0, 0.010175065447886784, 0.1242061357673568, 0.003720683356126149, 0.16625680650273958, 0.12082167303500076]","[0.052742649655979246, 0.07746513410673589, 0.06005269982540537, 0.1648946294348927, 0.025897479875311546, 0.132019443489393, 0.11666571136220225, 0.02961691820971169, 0.07961894199102088, 0.01596216274471848, 0.13070537996351564, 0.11435885135889497]",8.861952781677246,5.666666666666667,4.859375,3.2138671875,2.8866639972594323,2.2301422372195723,2.376454126589191,3,12,12,12,0.47806974956331566,0.35518411675372913,0.37156617431715033,[6],[],[6],[],False,"[true, true, true, true, true, true, true, true, true, true, true, true]",,,,0.3850778048085534,1.7987581760388327,0.4296326994206371,3.8092965584666407,3.7367428897263175,1.244194729995737,0,5195,271714,2446,133161,0.7962239583333334,0.6772918701171875,2.123875715453802,2.0404923363447254,3072,196608,True,True,True,"{""P0"": {""reason"": ""explicit phase ledger missing"", ""status"": ""unavailable""}, ""P1"": {""reason"": ""explicit phase ledger missing"", ""status"": ""unavailable""}, ""P2"": {""actual_rows"": 208896.0, ""content_rows"": 786432.0, ""environment"": {""actual_rows"": 196608.0, ""content_rows"": 786432.0, ""geometry_rows"": 196608.0, ""logical_paths"": 271714.0, ""padded_rows"": 0.0, ""unique_pairs"": 133161.0}, ""geometry_rows"": 196608.0, ""logical_paths"": 276909.0, ""module"": {""actual_rows"": 12288.0, ""content_rows"": null, ""geometry_rows"": null, ""logical_paths"": 5195.0, ""padded_rows"": 9216.0, ""unique_pairs"": 2446.0}, ""padded_rows"": 9216.0, ""status"": ""available"", ""unique_pairs"": 135607.0}, ""P2_consistency"": {""reason"": ""explicit phase ledger missing"", ""status"": ""unavailable""}}",12288.0,9216.0,,,196608.0,0.0,196608.0,786432.0,12,12,"[0.07412064075469971, 0.09152281284332275, 0.05868203938007355, 0.16827577352523804, 0.022742878645658493, 0.12860171496868134, 0.058332864195108414, 0.019895989447832108, 0.10191254317760468, 0.00984142255038023, 0.1484811007976532, 0.11759025603532791]",1.0000000363215804,8.861952406786012,3.748912345002964e-07,1024,3.0,5.0,1,6,"{""1"": 14, ""2"": 237, ""3"": 378, ""4"": 309, ""5"": 83, ""6"": 3}","{""0"": 9, ""5"": 1, ""6"": 2}","{""1"": 6, ""2"": 27, ""3"": 15, ""4"": 26, ""5"": 50, ""6"": 31, ""7"": 17, ""8"": 11, ""9"": 9}",True
0281,12,3,3,12,"[0, 1, 2]",8192,deterministic_linspace_subset,"[0.046875, 11.953125, 0.046875, 5.953125]","[true, true, true, true, true, true, true, true, true, true, true, true]","[0.07511145683626333, 0.12964139382044473, 0.06556578973929086, 0.1699878970781962, 0.004172798711806536, 0.21554237604141235, 0.003696699316302935, 0.11928978562355042, 0.13551348447799683, 0.006608782336115837, 0.0653391828139623, 0.009530356153845787]","[0.04237821659253172, 0.09258540190512106, 0.03877553547253379, 0.1518421911468598, 0.03047928143314494, 0.15010539244023377, 0.12539569969184566, 0.062445137681303706, 0.07936513043431118, 0.001840059229948565, 0.10875538525810198, 0.11603257264858749]",8.799699783325195,5.333333333333333,4.161458333333333,3.1640625,2.506558637658317,2.1010146159961636,2.3033340288156827,3,12,10,12,0.4328861095113627,0.329718034577598,0.3651775521146824,[],[],[],[],False,"[true, true, true, true, true, true, true, true, true, true, true, true]",,,,0.9715195522067116,1.6810147521805832,0.818970648896098,3.7965688661828962,4.311952429953883,1.1682635292525732,0,4100,242904,1982,130280,0.6451822916666666,0.6626383463541666,2.0686175580221997,1.864476512127725,3072,196608,True,True,True,"{""P0"": {""reason"": ""explicit phase ledger missing"", ""status"": ""unavailable""}, ""P1"": {""reason"": ""explicit phase ledger missing"", ""status"": ""unavailable""}, ""P2"": {""actual_rows"": 208896.0, ""content_rows"": 786432.0, ""environment"": {""actual_rows"": 196608.0, ""content_rows"": 786432.0, ""geometry_rows"": 196608.0, ""logical_paths"": 242904.0, ""padded_rows"": 0.0, ""unique_pairs"": 130280.0}, ""geometry_rows"": 196608.0, ""logical_paths"": 247004.0, ""module"": {""actual_rows"": 12288.0, ""content_rows"": null, ""geometry_rows"": null, ""logical_paths"": 4100.0, ""padded_rows"": 9216.0, ""unique_pairs"": 1982.0}, ""padded_rows"": 9216.0, ""status"": ""available"", ""unique_pairs"": 132262.0}, ""P2_consistency"": {""reason"": ""explicit phase ledger missing"", ""status"": ""unavailable""}}",12288.0,9216.0,,,196608.0,0.0,196608.0,786432.0,12,12,"[0.05874484032392502, 0.11111339926719666, 0.05217066407203674, 0.16091503202915192, 0.01732603833079338, 0.18282389640808105, 0.06454619765281677, 0.09086746722459793, 0.1074393093585968, 0.004224420990794897, 0.087047278881073, 0.06278146058320999]",1.0000000051222742,8.799699987322327,2.039971320755285e-07,1024,3.0,5.0,2,6,"{""2"": 266, ""3"": 399, ""4"": 286, ""5"": 71, ""6"": 2}","{""0"": 9, ""4"": 1, ""6"": 2}","{""1"": 10, ""2"": 19, ""3"": 46, ""4"": 48, ""5"": 26, ""6"": 21, ""7"": 13, ""8"": 7, ""9"": 2}",True
0282,12,3,3,12,"[0, 1, 2]",8192,deterministic_linspace_subset,"[0.046875, 11.953125, 0.046875, 5.953125]","[true, true, true, true, true, true, true, true, true, true, true, true]","[0.011038555453221003, 0.06430387496948242, 0.004351687928040822, 0.00711458238462607, 0.004225129504144812, 0.17043590483566123, 0.14497880140940347, 0.10916471481323242, 0.13181645618169568, 0.0, 0.19226515293121338, 0.16030513246854144]","[0.033532272484332985, 0.09271357922671088, 0.05285253705415014, 0.10570082912736585, 0.057163871683428624, 0.11576166146583589, 0.13441507175193604, 0.07411010028696785, 0.09011145169999202, 0.030920828730870657, 0.10403323248595107, 0.10868456904390204]",8.882468223571777,6.0,4.307291666666667,3.6064453125,3.068668910964433,2.2195716463593183,2.5088087469986453,3,12,12,12,0.5038094729982947,0.35500144144975837,0.4099123681414176,[9],[],[9],[],False,"[true, true, true, true, true, true, true, true, true, true, true, true]",,,,0.545620960267062,1.6793402681936185,0.8728965547161325,3.8051558551497497,4.022883794301557,1.1730427323032044,0,6438,262946,2426,125422,0.7897135416666666,0.6379292805989584,2.6537510305028853,2.0964902489196473,3072,196608,True,True,True,"{""P0"": {""reason"": ""explicit phase ledger missing"", ""status"": ""unavailable""}, ""P1"": {""reason"": ""explicit phase ledger missing"", ""status"": ""unavailable""}, ""P2"": {""actual_rows"": 208896.0, ""content_rows"": 786432.0, ""environment"": {""actual_rows"": 196608.0, ""content_rows"": 786432.0, ""geometry_rows"": 196608.0, ""logical_paths"": 262946.0, ""padded_rows"": 0.0, ""unique_pairs"": 125422.0}, ""geometry_rows"": 196608.0, ""logical_paths"": 269384.0, ""module"": {""actual_rows"": 12288.0, ""content_rows"": null, ""geometry_rows"": null, ""logical_paths"": 6438.0, ""padded_rows"": 9216.0, ""unique_pairs"": 2426.0}, ""padded_rows"": 9216.0, ""status"": ""available"", ""unique_pairs"": 127848.0}, ""P2_consistency"": {""reason"": ""explicit phase ledger missing"", ""status"": ""unavailable""}}",12288.0,9216.0,,,196608.0,0.0,196608.0,786432.0,12,12,"[0.022285418584942818, 0.07850872725248337, 0.028602102771401405, 0.05640770122408867, 0.030694501474499702, 0.14309880137443542, 0.13969695568084717, 0.09163740277290344, 0.11096396297216415, 0.015460414811968803, 0.14814920723438263, 0.1344948410987854]",1.000000037252903,8.882468486176837,2.6260505947561796e-07,1024,4.0,5.0,2,7,"{""2"": 62, ""3"": 435, ""4"": 410, ""5"": 82, ""6"": 31, ""7"": 4}","{""0"": 9, ""5"": 1, ""6"": 1, ""7"": 1}","{""1"": 3, ""2"": 34, ""3"": 19, ""4"": 45, ""5"": 45, ""6"": 33, ""7"": 9, ""8"": 3, ""9"": 1}",True
0283,12,5,5,12,"[0, 1, 2, 3, 4]",8192,deterministic_linspace_subset,"[0.046875, 11.953125, 0.046875, 5.953125]","[true, true, true, true, true, true, true, true, true, true, true, true]","[0.08462953418493271, 0.2180967926979065, 0.0024852238566381857, 0.11970452954992652, 0.03497810810804367, 0.21695443026255817, 0.0709337592124939, 0.018534195539541543, 0.0645387020194903, 0.00013922053622081876, 0.12497559487819672, 0.04402991905808449]","[0.06636018727797577, 0.09648285388322782, 0.08780930751648458, 0.11509978621567521, 0.06504269377440626, 0.1152313926717312, 0.11119126240252326, 0.07415287184085174, 0.06305458225018036, 0.04719812970441712, 0.09863607673412389, 0.05974086104364079]",9.379809379577637,6.2,4.09375,3.4580078125,3.029213821147612,2.1967759713630888,2.3897966210113895,5,12,11,12,0.5050209761662786,0.34337914527545044,0.38861550628199504,[],[],[],[],False,"[true, true, true, true, true, true, true, true, true, true, true, true]",,,,0.8363260523137969,1.557220032801933,1.500147321987015,3.8031180776766287,4.0192543441527375,1.1488854549924739,0,9923,236034,3978,119711,0.776953125,0.6088816324869791,2.494469582704877,1.9716985072382656,5120,196608,True,True,True,"{""P0"": {""reason"": ""explicit phase ledger missing"", ""status"": ""unavailable""}, ""P1"": {""reason"": ""explicit phase ledger missing"", ""status"": ""unavailable""}, ""P2"": {""actual_rows"": 208896.0, ""content_rows"": 786432.0, ""environment"": {""actual_rows"": 196608.0, ""content_rows"": 786432.0, ""geometry_rows"": 196608.0, ""logical_paths"": 236034.0, ""padded_rows"": 0.0, ""unique_pairs"": 119711.0}, ""geometry_rows"": 196608.0, ""logical_paths"": 245957.0, ""module"": {""actual_rows"": 12288.0, ""content_rows"": null, ""geometry_rows"": null, ""logical_paths"": 9923.0, ""padded_rows"": 7168.0, ""unique_pairs"": 3978.0}, ""padded_rows"": 7168.0, ""status"": ""available"", ""unique_pairs"": 123689.0}, ""P2_consistency"": {""reason"": ""explicit phase ledger missing"", ""status"": ""unavailable""}}",12288.0,7168.0,,,196608.0,0.0,196608.0,786432.0,12,12,"[0.07549486309289932, 0.15728981792926788, 0.04514726251363754, 0.11740216612815857, 0.05001039803028107, 0.1660929173231125, 0.091062530875206, 0.04634353518486023, 0.06379663944244385, 0.023668671026825905, 0.11180584877729416, 0.051885392516851425]",1.0000000428408384,9.379809882939252,5.033616155003529e-07,1024,3.0,5.0,2,6,"{""2"": 116, ""3"": 454, ""4"": 345, ""5"": 87, ""6"": 22}","{""0"": 7, ""6"": 4, ""7"": 1}","{""1"": 6, ""2"": 28, ""3"": 47, ""4"": 30, ""5"": 37, ""6"": 32, ""7"": 10, ""8"": 2}",True
0284,12,5,5,12,"[0, 1, 2, 3, 4]",8192,deterministic_linspace_subset,"[0.046875, 11.953125, 0.046875, 5.953125]","[true, true, true, true, true, true, true, true, true, true, true, true]","[0.017398417927324772, 0.2032630566507578, 0.012897292245179414, 0.05850739385932684, 0.02660595774650574, 0.09025020897388458, 0.1148326598107815, 0.1615440182387829, 0.10938929163385183, 0.0009155453182756901, 0.12485866360366345, 0.07953750847373159]","[0.06272236981264237, 0.06354425589660195, 0.05970523519271491, 0.10879133991643639, 0.06289808625994435, 0.11028856211463749, 0.14659349553949144, 0.06505870390833478, 0.07991882460112266, 0.034804305610615906, 0.09308800800651325, 0.11258682009681324]",9.992238998413086,6.0,4.291666666666667,3.4580078125,2.9852816786950394,2.286824580839561,2.4847627771373717,5,12,11,12,0.5060185678982637,0.3575806960557668,0.403598994555743,[],[],[],[],False,"[true, true, true, true, true, true, true, true, true, true, true, true]",,,,0.8901725013708662,1.6235072384403113,1.3421042134053722,3.8104144807793134,4.05455015565553,1.1870185337911139,0,10046,245957,4210,127833,0.822265625,0.6501922607421875,2.3862232779097385,1.9240493456306274,5120,196608,True,True,True,"{""P0"": {""reason"": ""explicit phase ledger missing"", ""status"": ""unavailable""}, ""P1"": {""reason"": ""explicit phase ledger missing"", ""status"": ""unavailable""}, ""P2"": {""actual_rows"": 208896.0, ""content_rows"": 786432.0, ""environment"": {""actual_rows"": 196608.0, ""content_rows"": 786432.0, ""geometry_rows"": 196608.0, ""logical_paths"": 245957.0, ""padded_rows"": 0.0, ""unique_pairs"": 127833.0}, ""geometry_rows"": 196608.0, ""logical_paths"": 256003.0, ""module"": {""actual_rows"": 12288.0, ""content_rows"": null, ""geometry_rows"": null, ""logical_paths"": 10046.0, ""padded_rows"": 7168.0, ""unique_pairs"": 4210.0}, ""padded_rows"": 7168.0, ""status"": ""available"", ""unique_pairs"": 132043.0}, ""P2_consistency"": {""reason"": ""explicit phase ledger missing"", ""status"": ""unavailable""}}",12288.0,7168.0,,,196608.0,0.0,196608.0,786432.0,12,12,"[0.04006039723753929, 0.13340365886688232, 0.03630125895142555, 0.08364936709403992, 0.044752027839422226, 0.1002693921327591, 0.1307130753993988, 0.1133013591170311, 0.09465406835079193, 0.01785992458462715, 0.10897333920001984, 0.09606215357780457]",1.0000000223517418,9.992239401059699,4.026466129403161e-07,1024,3.0,5.0,2,7,"{""2"": 40, ""3"": 583, ""4"": 304, ""5"": 88, ""6"": 7, ""7"": 2}","{""0"": 7, ""5"": 2, ""6"": 1, ""7"": 2}","{""1"": 5, ""2"": 36, ""3"": 25, ""4"": 45, ""5"": 29, ""6"": 23, ""7"": 23, ""8"": 6}",True
0285,12,5,5,12,"[0, 1, 2, 3, 4]",8192,deterministic_linspace_subset,"[0.046875, 11.953125, 0.046875, 5.953125]","[true, true, true, true, true, true, true, true, true, true, true, true]","[0.02647250629961491, 0.1566369891166687, 0.09105744678527117, 0.05074899196624756, 0.02765253931283951, 0.13314842294494159, 4.47094462288078e-06, 0.005095109762623907, 0.1722999632358551, 0.014586820080876351, 0.15366441188380126, 0.16863232329487804]","[0.05763609547080741, 0.08437853483792424, 0.05851491606826543, 0.1300549014456654, 0.06511474183866994, 0.1259421498616575, 0.11738111592524329, 0.06965200154100633, 0.07001188517866318, 0.03174848935655916, 0.10135748080517715, 0.08820769691286989]",9.823429107666016,6.6,4.083333333333333,3.36328125,2.8303682384785107,2.167844667817819,2.38002238452758,5,12,11,12,0.5080992300359942,0.33917918124612695,0.3832325289461979,[],[],[],[],False,"[true, true, true, true, true, true, true, true, true, true, true, true]",,,,1.1130213867093497,1.5916410308118085,1.4183126190157465,3.8023424381965567,3.917883152419588,1.1137704350460167,0,9322,231486,4119,119828,0.8044921875,0.6094767252604166,2.263170672493324,1.9318189404813566,5120,196608,True,True,True,"{""P0"": {""reason"": ""explicit phase ledger missing"", ""status"": ""unavailable""}, ""P1"": {""reason"": ""explicit phase ledger missing"", ""status"": ""unavailable""}, ""P2"": {""actual_rows"": 208896.0, ""content_rows"": 786432.0, ""environment"": {""actual_rows"": 196608.0, ""content_rows"": 786432.0, ""geometry_rows"": 196608.0, ""logical_paths"": 231486.0, ""padded_rows"": 0.0, ""unique_pairs"": 119828.0}, ""geometry_rows"": 196608.0, ""logical_paths"": 240808.0, ""module"": {""actual_rows"": 12288.0, ""content_rows"": null, ""geometry_rows"": null, ""logical_paths"": 9322.0, ""padded_rows"": 7168.0, ""unique_pairs"": 4119.0}, ""padded_rows"": 7168.0, ""status"": ""available"", ""unique_pairs"": 123947.0}, ""P2_consistency"": {""reason"": ""explicit phase ledger missing"", ""status"": ""unavailable""}}",12288.0,7168.0,,,196608.0,0.0,196608.0,786432.0,12,12,"[0.042054302990436554, 0.12050774693489075, 0.07478618621826172, 0.09040194004774094, 0.04638364166021347, 0.12954528629779816, 0.058692798018455505, 0.037373557686805725, 0.12115593254566193, 0.023167656734585762, 0.1275109350681305, 0.12842001020908356]",0.9999999944120646,9.823428340573967,7.670920485480792e-07,1024,3.0,5.0,2,6,"{""2"": 55, ""3"": 610, ""4"": 300, ""5"": 50, ""6"": 9}","{""0"": 7, ""6"": 3, ""7"": 1, ""8"": 1}","{""1"": 7, ""2"": 34, ""3"": 45, ""4"": 26, ""5"": 36, ""6"": 20, ""7"": 22, ""8"": 2}",True
0286,12,5,5,12,"[0, 1, 2, 3, 4]",8192,deterministic_linspace_subset,"[0.046875, 11.953125, 0.046875, 5.953125]","[true, true, true, true, true, true, true, true, true, true, true, true]","[0.0501426637172699, 0.06516984067857266, 0.10980588234961033, 0.0, 0.052827128132412325, 0.12486097349319608, 0.004847269877791405, 0.03689043521881104, 0.21857653856277465, 0.00031373987440019846, 0.15834646215662362, 0.17821906358003617]","[0.055484620694907484, 0.08999682658088656, 0.0869072550527174, 0.11588672925639307, 0.06306170594480183, 0.10176117925240646, 0.11459094479957345, 0.09021661008860823, 0.06173874429187739, 0.043798153302615134, 0.09865965438730954, 0.07789757717724424]",10.13326358795166,6.2,4.708333333333333,3.2490234375,3.2775980545070404,2.4283211344471303,2.3674704272618126,5,12,11,12,0.5204992698573128,0.39548463112973137,0.3701713872004642,[3],[],[3],[],False,"[true, true, true, true, true, true, true, true, true, true, true, true]",,,,0.5975461334011146,1.7713051333733365,0.8010197454374491,3.811411108987071,3.922022610503302,1.1376693296932672,0,9373,247902,4012,125337,0.78359375,0.6374969482421875,2.3362412761714855,1.9778836257449914,5120,196608,True,True,True,"{""P0"": {""reason"": ""explicit phase ledger missing"", ""status"": ""unavailable""}, ""P1"": {""reason"": ""explicit phase ledger missing"", ""status"": ""unavailable""}, ""P2"": {""actual_rows"": 208896.0, ""content_rows"": 786432.0, ""environment"": {""actual_rows"": 196608.0, ""content_rows"": 786432.0, ""geometry_rows"": 196608.0, ""logical_paths"": 247902.0, ""padded_rows"": 0.0, ""unique_pairs"": 125337.0}, ""geometry_rows"": 196608.0, ""logical_paths"": 257275.0, ""module"": {""actual_rows"": 12288.0, ""content_rows"": null, ""geometry_rows"": null, ""logical_paths"": 9373.0, ""padded_rows"": 7168.0, ""unique_pairs"": 4012.0}, ""padded_rows"": 7168.0, ""status"": ""available"", ""unique_pairs"": 129349.0}, ""P2_consistency"": {""reason"": ""explicit phase ledger missing"", ""status"": ""unavailable""}}",12288.0,7168.0,,,196608.0,0.0,196608.0,786432.0,12,12,"[0.05281364172697067, 0.07758332788944244, 0.09835658967494965, 0.05794336274266243, 0.05794442445039749, 0.11331108212471008, 0.05971911549568176, 0.06355353444814682, 0.14015765488147736, 0.02205594815313816, 0.12850306928157806, 0.1280583292245865]",1.0000000800937414,10.133263022295868,5.656557924282879e-07,1024,3.0,5.0,1,6,"{""1"": 40, ""2"": 161, ""3"": 415, ""4"": 336, ""5"": 56, ""6"": 16}","{""0"": 7, ""5"": 2, ""6"": 1, ""7"": 1, ""8"": 1}","{""1"": 1, ""10"": 1, ""2"": 23, ""3"": 39, ""4"": 28, ""5"": 33, ""6"": 30, ""7"": 25, ""8"": 10, ""9"": 2}",True
0287,12,5,5,12,"[0, 1, 2, 3, 4]",8192,deterministic_linspace_subset,"[0.046875, 11.953125, 0.046875, 5.953125]","[true, true, true, true, true, true, true, true, true, true, true, true]","[0.08463276475667954, 0.11664720624685289, 0.033850615783012475, 0.011902841180562973, 0.007762350514531136, 0.20223264284431935, 0.0, 0.01531422482803464, 0.19642438883893193, 3.337292837386485e-05, 0.19864056557416918, 0.13255906142294407]","[0.0619810312914524, 0.07828832728758547, 0.08562834736024648, 0.09793323595069171, 0.049036621525980706, 0.11265280554799165, 0.12891687845224928, 0.09311013539324145, 0.06218305002496058, 0.06325825577559147, 0.09136171658157956, 0.07564960086286496]",9.640299797058105,6.2,4.625,3.3486328125,3.170154970506485,2.384965007362529,2.367359543374813,5,12,11,12,0.5276799406392675,0.38527560453394855,0.37736736105760094,[6],[],[6],[],False,"[true, true, true, true, true, true, true, true, true, true, true, true]",,,,0.7084712990559537,1.7141571148748993,1.0937000300693556,3.81031103357585,3.86472366274059,1.132917648804388,0,9875,250863,4179,127790,0.8162109375,0.6499735514322916,2.3630055037090214,1.9630878785507473,5120,196608,True,True,True,"{""P0"": {""reason"": ""explicit phase ledger missing"", ""status"": ""unavailable""}, ""P1"": {""reason"": ""explicit phase ledger missing"", ""status"": ""unavailable""}, ""P2"": {""actual_rows"": 208896.0, ""content_rows"": 786432.0, ""environment"": {""actual_rows"": 196608.0, ""content_rows"": 786432.0, ""geometry_rows"": 196608.0, ""logical_paths"": 250863.0, ""padded_rows"": 0.0, ""unique_pairs"": 127790.0}, ""geometry_rows"": 196608.0, ""logical_paths"": 260738.0, ""module"": {""actual_rows"": 12288.0, ""content_rows"": null, ""geometry_rows"": null, ""logical_paths"": 9875.0, ""padded_rows"": 7168.0, ""unique_pairs"": 4179.0}, ""padded_rows"": 7168.0, ""status"": ""available"", ""unique_pairs"": 131969.0}, ""P2_consistency"": {""reason"": ""explicit phase ledger missing"", ""status"": ""unavailable""}}",12288.0,7168.0,,,196608.0,0.0,196608.0,786432.0,12,12,"[0.07330690324306488, 0.09746776521205902, 0.05973949655890465, 0.054918039590120316, 0.02839948795735836, 0.15744271874427795, 0.0644584521651268, 0.05421218276023865, 0.1293037235736847, 0.03164581581950188, 0.1450011432170868, 0.10410432517528534]",1.0000000540167093,9.64029997991484,1.8285673419882187e-07,1024,3.0,5.0,1,6,"{""1"": 12, ""2"": 134, ""3"": 437, ""4"": 377, ""5"": 54, ""6"": 10}","{""0"": 7, ""4"": 1, ""6"": 1, ""7"": 3}","{""1"": 5, ""2"": 17, ""3"": 37, ""4"": 26, ""5"": 44, ""6"": 34, ""7"": 22, ""8"": 7}",True
0288,12,5,5,12,"[0, 1, 2, 3, 4]",8192,deterministic_linspace_subset,"[0.046875, 11.953125, 0.046875, 5.953125]","[true, true, true, true, true, true, true, true, true, true, true, true]","[0.0460682213306427, 0.13322448767721654, 0.06597224005963653, 0.014929435355588794, 0.014188309758901597, 0.11847325563430787, 0.1041977032320574, 0.15619562163483353, 0.1832442283630371, 0.002068869210779667, 0.06378089971840381, 0.09765672497451305]","[0.041988075913574584, 0.06959152382424824, 0.059300792268724464, 0.10876064827819695, 0.07094966505816085, 0.10972217324312324, 0.12644225770580303, 0.07598635767101314, 0.08389433117775329, 0.059641342026803094, 0.0918728940619052, 0.10184994214137079]",10.375923156738281,6.2,4.390625,3.29296875,2.8894716647853196,2.2448919906294367,2.3370392867793437,5,12,12,12,0.494146536293863,0.3576526707504146,0.37814377506469543,[],[],[],[],False,"[true, true, true, true, true, true, true, true, true, true, true, true]",,,,0.9892426840592718,1.6492569102957058,1.3498290892770664,3.8072989089125047,4.113278619004093,1.094213387764273,0,9680,239254,4278,124474,0.835546875,0.6331075032552084,2.262739597942964,1.9221202821472758,5120,196608,True,True,True,"{""P0"": {""reason"": ""explicit phase ledger missing"", ""status"": ""unavailable""}, ""P1"": {""reason"": ""explicit phase ledger missing"", ""status"": ""unavailable""}, ""P2"": {""actual_rows"": 208896.0, ""content_rows"": 786432.0, ""environment"": {""actual_rows"": 196608.0, ""content_rows"": 786432.0, ""geometry_rows"": 196608.0, ""logical_paths"": 239254.0, ""padded_rows"": 0.0, ""unique_pairs"": 124474.0}, ""geometry_rows"": 196608.0, ""logical_paths"": 248934.0, ""module"": {""actual_rows"": 12288.0, ""content_rows"": null, ""geometry_rows"": null, ""logical_paths"": 9680.0, ""padded_rows"": 7168.0, ""unique_pairs"": 4278.0}, ""padded_rows"": 7168.0, ""status"": ""available"", ""unique_pairs"": 128752.0}, ""P2_consistency"": {""reason"": ""explicit phase ledger missing"", ""status"": ""unavailable""}}",12288.0,7168.0,,,196608.0,0.0,196608.0,786432.0,12,12,"[0.0440281480550766, 0.10140800476074219, 0.06263651698827744, 0.061845045536756516, 0.04256899654865265, 0.1140977144241333, 0.11531998217105865, 0.11609099805355072, 0.13356928527355194, 0.03085511177778244, 0.07782690227031708, 0.09975333511829376]",1.0000000409781933,10.37592207810312,1.0786351616332013e-06,1024,3.0,5.0,2,6,"{""2"": 133, ""3"": 538, ""4"": 286, ""5"": 54, ""6"": 13}","{""0"": 7, ""5"": 1, ""6"": 3, ""8"": 1}","{""10"": 1, ""2"": 32, ""3"": 28, ""4"": 42, ""5"": 40, ""6"": 36, ""7"": 6, ""8"": 4, ""9"": 3}",True
0289,12,5,5,12,"[0, 1, 2, 3, 4]",8192,deterministic_linspace_subset,"[0.046875, 11.953125, 0.046875, 5.953125]","[true, true, true, true, true, true, true, true, true, true, true, true]","[0.02701247073709965, 0.15858598798513412, 0.03861359655857086, 0.02009311765432358, 0.02316049337387085, 0.1695378839969635, 0.04506576349958777, 0.1356008891016245, 0.15790996849536898, 0.0007292391266673804, 0.13612512648105624, 0.08756547294324264]","[0.03333215418641444, 0.07455319918967739, 0.04661913067620234, 0.11211428798962214, 0.0789022363436137, 0.1281065892464805, 0.13611029071759143, 0.0636904118766143, 0.06491055734475046, 0.06974419280248867, 0.08765415570553617, 0.1042628045529289]",10.106616973876953,6.2,4.510416666666667,3.498046875,3.2313181745872854,2.2999632347460692,2.4553846244738295,5,12,12,12,0.5281680124243137,0.3661789762215258,0.402546678272497,[],[],[],[],False,"[true, true, true, true, true, true, true, true, true, true, true, true]",,,,0.7724731210821103,1.644583692719367,1.358172560403526,3.8077413812780385,3.833974612758982,1.1942247728762894,0,10722,265347,4477,132179,0.8744140625,0.6722971598307291,2.394907303998213,2.0074822778202286,5120,196608,True,True,True,"{""P0"": {""reason"": ""explicit phase ledger missing"", ""status"": ""unavailable""}, ""P1"": {""reason"": ""explicit phase ledger missing"", ""status"": ""unavailable""}, ""P2"": {""actual_rows"": 208896.0, ""content_rows"": 786432.0, ""environment"": {""actual_rows"": 196608.0, ""content_rows"": 786432.0, ""geometry_rows"": 196608.0, ""logical_paths"": 265347.0, ""padded_rows"": 0.0, ""unique_pairs"": 132179.0}, ""geometry_rows"": 196608.0, ""logical_paths"": 276069.0, ""module"": {""actual_rows"": 12288.0, ""content_rows"": null, ""geometry_rows"": null, ""logical_paths"": 10722.0, ""padded_rows"": 7168.0, ""unique_pairs"": 4477.0}, ""padded_rows"": 7168.0, ""status"": ""available"", ""unique_pairs"": 136656.0}, ""P2_consistency"": {""reason"": ""explicit phase ledger missing"", ""status"": ""unavailable""}}",12288.0,7168.0,,,196608.0,0.0,196608.0,786432.0,12,12,"[0.030172312632203102, 0.11656959354877472, 0.04261636361479759, 0.06610370427370071, 0.05103137344121933, 0.14882224798202515, 0.09058801084756851, 0.09964564442634583, 0.11141026020050049, 0.035236719995737076, 0.11188963800668716, 0.09591414779424667]",1.0000000167638063,10.10661622646287,7.474140826246867e-07,1024,3.0,5.0,2,6,"{""2"": 12, ""3"": 561, ""4"": 389, ""5"": 53, ""6"": 9}","{""0"": 7, ""5"": 2, ""6"": 1, ""7"": 1, ""8"": 1}","{""1"": 3, ""2"": 31, ""3"": 26, ""4"": 33, ""5"": 36, ""6"": 39, ""7"": 16, ""8"": 7, ""9"": 1}",True
0290,12,5,5,12,"[0, 1, 2, 3, 4]",8192,deterministic_linspace_subset,"[0.046875, 11.953125, 0.046875, 5.953125]","[true, true, true, true, true, true, true, true, true, true, true, true]","[0.05064039677381516, 0.14534005464520305, 0.025992688536643983, 0.08206948190927506, 0.0011772466823458672, 0.13366341097155326, 0.09165576733648778, 0.11527205109596253, 0.1316852938383818, 0.002639336511492729, 0.12286564111709594, 0.09699863810092212]","[0.08509262060946791, 0.07106996867529836, 0.054921855962346534, 0.10969788978069031, 0.07306023094474769, 0.10749318375201254, 0.12648499063319224, 0.06826591119496091, 0.07895049200605325, 0.05732966087271052, 0.0803022780661043, 0.08733092230866174]",10.617507934570312,5.6,4.052083333333333,3.18359375,2.7705326653832127,2.17992603852514,2.3032564309518184,5,12,11,12,0.462825264907455,0.3426088944211809,0.3677669466145205,[],[],[],[],False,"[true, true, true, true, true, true, true, true, true, true, true, true]",,,,0.850810053083428,1.5737504617796187,1.1300393873346348,3.80521071090159,4.0010399111375055,1.1076081576384906,0,8714,210511,4141,119212,0.8087890625,0.6063435872395834,2.10432262738469,1.7658541086467805,5120,196608,True,True,True,"{""P0"": {""reason"": ""explicit phase ledger missing"", ""status"": ""unavailable""}, ""P1"": {""reason"": ""explicit phase ledger missing"", ""status"": ""unavailable""}, ""P2"": {""actual_rows"": 208896.0, ""content_rows"": 786432.0, ""environment"": {""actual_rows"": 196608.0, ""content_rows"": 786432.0, ""geometry_rows"": 196608.0, ""logical_paths"": 210511.0, ""padded_rows"": 0.0, ""unique_pairs"": 119212.0}, ""geometry_rows"": 196608.0, ""logical_paths"": 219225.0, ""module"": {""actual_rows"": 12288.0, ""content_rows"": null, ""geometry_rows"": null, ""logical_paths"": 8714.0, ""padded_rows"": 7168.0, ""unique_pairs"": 4141.0}, ""padded_rows"": 7168.0, ""status"": ""available"", ""unique_pairs"": 123353.0}, ""P2_consistency"": {""reason"": ""explicit phase ledger missing"", ""status"": ""unavailable""}}",12288.0,7168.0,,,196608.0,0.0,196608.0,786432.0,12,12,"[0.0678665041923523, 0.10820502042770386, 0.04045727103948593, 0.09588368237018585, 0.03711872920393944, 0.12057830393314362, 0.10907036066055298, 0.09176898002624512, 0.10531789809465408, 0.0299844928085804, 0.10158396512269974, 0.0921647846698761]",0.9999999925494194,10.617508357237373,4.2266706046234503e-07,1024,3.0,4.0,2,5,"{""2"": 162, ""3"": 549, ""4"": 276, ""5"": 37}","{""0"": 7, ""5"": 3, ""6"": 1, ""7"": 1}","{""1"": 6, ""2"": 38, ""3"": 26, ""4"": 35, ""5"": 50, ""6"": 32, ""7"": 4, ""8"": 1}",True
0291,12,5,5,12,"[0, 1, 2, 3, 4]",8192,deterministic_linspace_subset,"[0.046875, 11.953125, 0.046875, 5.953125]","[true, true, true, true, true, true, true, true, true, true, true, true]","[0.05580758707146743, 0.20062863677740098, 0.001367046218365431, 0.11487140059471132, 0.0018763931468129158, 0.1314733436855022, 0.04077175594866276, 0.012245998531579972, 0.1309420466423035, 0.005793335288763047, 0.22988138236105443, 0.07434108704328538]","[0.07465391704545253, 0.07908308598071774, 0.05580013456333906, 0.10846671201943535, 0.08296682801058826, 0.11187962694900001, 0.10993316284096487, 0.07567078315181422, 0.07035341806871048, 0.06485014653647644, 0.08543820540496136, 0.08090398172801846]",9.6547212600708,6.4,3.984375,3.36328125,3.0245897189836244,2.2116253182443915,2.38629680857215,5,12,11,12,0.51903696705813,0.3459206979545966,0.3861905493083029,[],[],[],[],False,"[true, true, true, true, true, true, true, true, true, true, true, true]",,,,0.7475162554319236,1.5574756295823293,1.1480284228646442,3.804982724319788,3.9766854726991276,1.1254237279491122,0,10258,218156,4240,116110,0.828125,0.5905659993489584,2.4193396226415094,1.8788734820428903,5120,196608,True,True,True,"{""P0"": {""reason"": ""explicit phase ledger missing"", ""status"": ""unavailable""}, ""P1"": {""reason"": ""explicit phase ledger missing"", ""status"": ""unavailable""}, ""P2"": {""actual_rows"": 208896.0, ""content_rows"": 786432.0, ""environment"": {""actual_rows"": 196608.0, ""content_rows"": 786432.0, ""geometry_rows"": 196608.0, ""logical_paths"": 218156.0, ""padded_rows"": 0.0, ""unique_pairs"": 116110.0}, ""geometry_rows"": 196608.0, ""logical_paths"": 228414.0, ""module"": {""actual_rows"": 12288.0, ""content_rows"": null, ""geometry_rows"": null, ""logical_paths"": 10258.0, ""padded_rows"": 7168.0, ""unique_pairs"": 4240.0}, ""padded_rows"": 7168.0, ""status"": ""available"", ""unique_pairs"": 120350.0}, ""P2_consistency"": {""reason"": ""explicit phase ledger missing"", ""status"": ""unavailable""}}",12288.0,7168.0,,,196608.0,0.0,196608.0,786432.0,12,12,"[0.06523075699806213, 0.13985586166381836, 0.028583591803908348, 0.11166904866695404, 0.042421605437994, 0.1216764971613884, 0.07535245269536972, 0.0439583882689476, 0.10064773261547089, 0.03532174602150917, 0.15765979886054993, 0.07762253284454346]",1.000000013038516,9.654721287167607,2.7096806576309973e-08,1024,3.0,5.0,2,6,"{""2"": 100, ""3"": 520, ""4"": 346, ""5"": 48, ""6"": 10}","{""0"": 7, ""5"": 2, ""6"": 1, ""7"": 1, ""9"": 1}","{""1"": 5, ""2"": 32, ""3"": 44, ""4"": 38, ""5"": 38, ""6"": 24, ""7"": 10, ""8"": 1}",True
0292,12,5,5,12,"[0, 1, 2, 3, 4]",8192,deterministic_linspace_subset,"[0.046875, 11.953125, 0.046875, 5.953125]","[true, true, true, true, true, true, true, true, true, true, true, true]","[0.055065106227993973, 0.18756427820771934, 0.020106443483382464, 0.06886377886112315, 0.0, 0.025480628106743102, 0.07349951490759851, 0.15524203572422268, 0.15548228584229945, 0.007523740828037262, 0.19224945064634086, 0.058922736626118424]","[0.07114065563223447, 0.07440946914531803, 0.05442859878333668, 0.11584696929836957, 0.10422674057023563, 0.10723523923422817, 0.10524937376192864, 0.06320991598052692, 0.06851268428548946, 0.04167208374091777, 0.07952725899667713, 0.11454101391018409]",10.284707069396973,7.0,4.739583333333333,3.478515625,3.343806152980727,2.561810129246498,2.457163892606267,5,12,12,12,0.5472691378841458,0.4054174094093364,0.39476358530677225,[4],[],[4],[],False,"[true, true, true, true, true, true, true, true, true, true, true, true]",,,,0.6148274698161675,1.7554285231633786,0.8397883875756839,3.8172476926290964,3.5416104446879215,1.1986192540323226,0,11928,273075,4830,135014,0.943359375,0.6867167154947916,2.4695652173913043,2.022568029982076,5120,196608,True,True,True,"{""P0"": {""reason"": ""explicit phase ledger missing"", ""status"": ""unavailable""}, ""P1"": {""reason"": ""explicit phase ledger missing"", ""status"": ""unavailable""}, ""P2"": {""actual_rows"": 208896.0, ""content_rows"": 786432.0, ""environment"": {""actual_rows"": 196608.0, ""content_rows"": 786432.0, ""geometry_rows"": 196608.0, ""logical_paths"": 273075.0, ""padded_rows"": 0.0, ""unique_pairs"": 135014.0}, ""geometry_rows"": 196608.0, ""logical_paths"": 285003.0, ""module"": {""actual_rows"": 12288.0, ""content_rows"": null, ""geometry_rows"": null, ""logical_paths"": 11928.0, ""padded_rows"": 7168.0, ""unique_pairs"": 4830.0}, ""padded_rows"": 7168.0, ""status"": ""available"", ""unique_pairs"": 139844.0}, ""P2_consistency"": {""reason"": ""explicit phase ledger missing"", ""status"": ""unavailable""}}",12288.0,7168.0,,,196608.0,0.0,196608.0,786432.0,12,12,"[0.06310287863016129, 0.13098688423633575, 0.037267521023750305, 0.09235537052154541, 0.0521133691072464, 0.06635794043540955, 0.08937445282936096, 0.10922597348690033, 0.11199748516082764, 0.02459791488945484, 0.13588833808898926, 0.08673186600208282]",0.9999999944120646,10.284705704345825,1.3650511476726024e-06,1024,3.0,5.0,2,6,"{""2"": 124, ""3"": 409, ""4"": 373, ""5"": 113, ""6"": 5}","{""0"": 7, ""5"": 1, ""6"": 1, ""7"": 1, ""8"": 1, ""9"": 1}","{""1"": 2, ""10"": 1, ""2"": 25, ""3"": 33, ""4"": 23, ""5"": 41, ""6"": 33, ""7"": 19, ""8"": 14, ""9"": 1}",True
0293,12,7,7,12,"[0, 1, 2, 3, 4, 5, 6]",8192,deterministic_linspace_subset,"[0.046875, 11.953125, 0.046875, 5.953125]","[true, true, true, true, true, true, true, true, true, true, true, true]","[0.0692626455732222, 0.07631754063602005, 0.024201757710086116, 0.09511160850524902, 0.003928686960534833, 0.18486445510227764, 0.015128338975565774, 0.006161244132921898, 0.16468519398144313, 5.199908212359462e-05, 0.21652048866131474, 0.14376603532582521]","[0.09092490277301597, 0.062416800761032704, 0.07179365396351993, 0.10882327338087332, 0.07813515653583636, 0.10195320179267481, 0.10232734193089736, 0.08276775412900858, 0.04898564856641012, 0.0985294798686785, 0.07941501290702037, 0.07392778424249023]",10.081742286682129,5.857142857142857,3.8177083333333335,3.2685546875,2.723298868782045,2.135855042828057,2.358981374493092,7,12,11,12,0.47223358934113174,0.3341901086059062,0.3782114467094445,[],[],[],[],False,"[true, true, true, true, true, true, true, true, true, true, true, true]",,,,0.6594843264407085,1.5370436616170116,1.0624020203882476,3.8035540955329723,3.959311234613567,1.1214892086955193,0,12238,192476,5561,111204,0.7758091517857143,0.56561279296875,2.2006833303362705,1.7308370202510701,7168,196608,True,True,True,"{""P0"": {""reason"": ""explicit phase ledger missing"", ""status"": ""unavailable""}, ""P1"": {""reason"": ""explicit phase ledger missing"", ""status"": ""unavailable""}, ""P2"": {""actual_rows"": 208896.0, ""content_rows"": 786432.0, ""environment"": {""actual_rows"": 196608.0, ""content_rows"": 786432.0, ""geometry_rows"": 196608.0, ""logical_paths"": 192476.0, ""padded_rows"": 0.0, ""unique_pairs"": 111204.0}, ""geometry_rows"": 196608.0, ""logical_paths"": 204714.0, ""module"": {""actual_rows"": 12288.0, ""content_rows"": null, ""geometry_rows"": null, ""logical_paths"": 12238.0, ""padded_rows"": 5120.0, ""unique_pairs"": 5561.0}, ""padded_rows"": 5120.0, ""status"": ""available"", ""unique_pairs"": 116765.0}, ""P2_consistency"": {""reason"": ""explicit phase ledger missing"", ""status"": ""unavailable""}}",12288.0,5120.0,,,196608.0,0.0,196608.0,786432.0,12,12,"[0.08009377121925354, 0.0693671777844429, 0.04799770936369896, 0.10196744650602341, 0.04103192687034607, 0.14340883493423462, 0.05872783437371254, 0.044464487582445145, 0.10683541744947433, 0.049290746450424194, 0.14796774089336395, 0.10884691774845123]",1.000000011175871,10.081741967945524,3.1873660510939317e-07,1024,3.0,5.0,2,6,"{""2"": 167, ""3"": 473, ""4"": 327, ""5"": 56, ""6"": 1}","{""0"": 5, ""4"": 1, ""6"": 5, ""7"": 1}","{""1"": 8, ""2"": 40, ""3"": 36, ""4"": 35, ""5"": 45, ""6"": 24, ""7"": 4}",True
0294,12,7,7,12,"[0, 1, 2, 3, 4, 5, 6]",8192,deterministic_linspace_subset,"[0.046875, 11.953125, 0.046875, 5.953125]","[true, true, true, true, true, true, true, true, true, true, true, true]","[0.03181737448487963, 0.09979661790254925, 0.11880228349140712, 0.08260093682578631, 0.09266036748886107, 0.03963005053810775, 0.008559893816709518, 0.08350927702018192, 0.16244031621941496, 0.007148511657890465, 0.13071476987430028, 0.1423196006300194]","[0.10116647600077992, 0.07207922464870836, 0.07236650657281037, 0.1156492357977944, 0.07374753383912018, 0.10165041368528213, 0.11262556761615389, 0.06830175877824254, 0.05563642592267549, 0.06385117990178497, 0.08120970726779811, 0.08171597604947084]",11.230867385864258,5.428571428571429,4.03125,3.1279296875,2.9378024930955426,2.188370088308016,2.3094451898359836,7,12,10,12,0.5018237290690901,0.34100122762734814,0.36733277465756453,[],[],[],[],False,"[true, true, true, true, true, true, true, true, true, true, true, true]",,,,1.0266394164831019,1.558755138787723,1.571056209488486,3.8059831338890664,3.940022016142221,1.0990238845996092,0,11325,195651,5681,113740,0.7925502232142857,0.5785115559895834,1.9934870621369478,1.7201600140671707,7168,196608,True,True,True,"{""P0"": {""reason"": ""explicit phase ledger missing"", ""status"": ""unavailable""}, ""P1"": {""reason"": ""explicit phase ledger missing"", ""status"": ""unavailable""}, ""P2"": {""actual_rows"": 208896.0, ""content_rows"": 786432.0, ""environment"": {""actual_rows"": 196608.0, ""content_rows"": 786432.0, ""geometry_rows"": 196608.0, ""logical_paths"": 195651.0, ""padded_rows"": 0.0, ""unique_pairs"": 113740.0}, ""geometry_rows"": 196608.0, ""logical_paths"": 206976.0, ""module"": {""actual_rows"": 12288.0, ""content_rows"": null, ""geometry_rows"": null, ""logical_paths"": 11325.0, ""padded_rows"": 5120.0, ""unique_pairs"": 5681.0}, ""padded_rows"": 5120.0, ""status"": ""available"", ""unique_pairs"": 119421.0}, ""P2_consistency"": {""reason"": ""explicit phase ledger missing"", ""status"": ""unavailable""}}",12288.0,5120.0,,,196608.0,0.0,196608.0,786432.0,12,12,"[0.06649192422628403, 0.08593792468309402, 0.09558440744876862, 0.09912507981061935, 0.08320395648479462, 0.07064023613929749, 0.06059274077415466, 0.07590550929307938, 0.10903836786746979, 0.03549984470009804, 0.10596224665641785, 0.11201778799295425]",1.000000026077032,11.230867299493212,8.637104542685847e-08,1024,3.0,4.849999999999909,2,6,"{""2"": 219, ""3"": 518, ""4"": 235, ""5"": 41, ""6"": 11}","{""0"": 5, ""4"": 1, ""5"": 3, ""6"": 2, ""7"": 1}","{""1"": 7, ""2"": 37, ""3"": 37, ""4"": 31, ""5"": 40, ""6"": 25, ""7"": 12, ""8"": 3}",True
0295,12,7,7,12,"[0, 1, 2, 3, 4, 5, 6]",8192,deterministic_linspace_subset,"[0.046875, 11.953125, 0.046875, 5.953125]","[true, true, true, true, true, true, true, true, true, true, true, true]","[0.09102369711867399, 0.14831477709646734, 0.007936679184370275, 0.13944453958954128, 0.023884449154138565, 0.16869136371782847, 0.0010590526009244578, 4.192150559642219e-06, 0.050418775546079674, 0.005431767070799001, 0.2134244279669864, 0.15036628262272903]","[0.06284799455780407, 0.05378504728363017, 0.06438496801971874, 0.11333244442446264, 0.08459304515186733, 0.12606210016167074, 0.10219714201062402, 0.06402941646458281, 0.05509884544032197, 0.07634336466215547, 0.10001013416664743, 0.097315503528345]",9.423622131347656,6.0,4.109375,3.3623046875,2.732091690893799,2.285760003972959,2.382678314487081,7,12,12,12,0.47643192386257877,0.36113167359024106,0.3845670258164364,[],[],[],[],False,"[true, true, true, true, true, true, true, true, true, true, true, true]",,,,0.9080557350272201,1.6157975166045742,1.606766846683436,3.8127083786444467,4.0183826208089295,1.1451709469775193,0,12933,220091,5719,116409,0.7978515625,0.5920867919921875,2.26140933729673,1.8906699653806835,7168,196608,True,True,True,"{""P0"": {""reason"": ""explicit phase ledger missing"", ""status"": ""unavailable""}, ""P1"": {""reason"": ""explicit phase ledger missing"", ""status"": ""unavailable""}, ""P2"": {""actual_rows"": 208896.0, ""content_rows"": 786432.0, ""environment"": {""actual_rows"": 196608.0, ""content_rows"": 786432.0, ""geometry_rows"": 196608.0, ""logical_paths"": 220091.0, ""padded_rows"": 0.0, ""unique_pairs"": 116409.0}, ""geometry_rows"": 196608.0, ""logical_paths"": 233024.0, ""module"": {""actual_rows"": 12288.0, ""content_rows"": null, ""geometry_rows"": null, ""logical_paths"": 12933.0, ""padded_rows"": 5120.0, ""unique_pairs"": 5719.0}, ""padded_rows"": 5120.0, ""status"": ""available"", ""unique_pairs"": 122128.0}, ""P2_consistency"": {""reason"": ""explicit phase ledger missing"", ""status"": ""unavailable""}}",12288.0,5120.0,,,196608.0,0.0,196608.0,786432.0,12,12,"[0.07693585008382797, 0.10104991495609283, 0.03616083040833473, 0.12638850510120392, 0.05423875153064728, 0.14737674593925476, 0.05162809416651726, 0.0320168100297451, 0.05275880917906761, 0.04088756442070007, 0.15671728551387787, 0.12384089827537537]",1.0000000596046448,9.423621671103188,4.602444683143858e-07,1024,3.0,5.0,2,7,"{""2"": 128, ""3"": 476, ""4"": 357, ""5"": 53, ""6"": 4, ""7"": 6}","{""0"": 5, ""5"": 2, ""6"": 3, ""7"": 2}","{""1"": 8, ""2"": 29, ""3"": 35, ""4"": 44, ""5"": 36, ""6"": 23, ""7"": 12, ""8"": 5}",True
0296,12,7,7,12,"[0, 1, 2, 3, 4, 5, 6]",8192,deterministic_linspace_subset,"[0.046875, 11.953125, 0.046875, 5.953125]","[true, true, true, true, true, true, true, true, true, true, true, true]","[0.04982782953551837, 0.13808613323739594, 0.03976705680335206, 0.10835483856499195, 0.04948288415159498, 0.14943527353794445, 0.059768363633858304, 0.09989130943631608, 0.09078458590166907, 0.0038264974885221037, 0.11038913501293532, 0.10038609323757036]","[0.0979368721500675, 0.05970991294769116, 0.06978094815470591, 0.11082486189229712, 0.07493745019807345, 0.10164131122653446, 0.11740407537463204, 0.06502649585066439, 0.061510432431532536, 0.07371785088942792, 0.08410715585844845, 0.08340263561331086]",11.14454174041748,5.714285714285714,3.8333333333333335,3.095703125,2.7209894262739267,2.1506098566299,2.2490216838742647,7,12,11,12,0.47842788568589306,0.3352829046062827,0.3597589181628048,[],[],[],[],False,"[true, true, true, true, true, true, true, true, true, true, true, true]",,,,1.398751332079269,1.5427864994639622,2.1370751743187637,3.8060332027000943,4.0423840102731035,1.1091569493761217,0,11094,185874,5092,107702,0.7103794642857143,0.5478006998697916,2.178711704634721,1.7258175335648362,7168,196608,True,True,True,"{""P0"": {""reason"": ""explicit phase ledger missing"", ""status"": ""unavailable""}, ""P1"": {""reason"": ""explicit phase ledger missing"", ""status"": ""unavailable""}, ""P2"": {""actual_rows"": 208896.0, ""content_rows"": 786432.0, ""environment"": {""actual_rows"": 196608.0, ""content_rows"": 786432.0, ""geometry_rows"": 196608.0, ""logical_paths"": 185874.0, ""padded_rows"": 0.0, ""unique_pairs"": 107702.0}, ""geometry_rows"": 196608.0, ""logical_paths"": 196968.0, ""module"": {""actual_rows"": 12288.0, ""content_rows"": null, ""geometry_rows"": null, ""logical_paths"": 11094.0, ""padded_rows"": 5120.0, ""unique_pairs"": 5092.0}, ""padded_rows"": 5120.0, ""status"": ""available"", ""unique_pairs"": 112794.0}, ""P2_consistency"": {""reason"": ""explicit phase ledger missing"", ""status"": ""unavailable""}}",12288.0,5120.0,,,196608.0,0.0,196608.0,786432.0,12,12,"[0.07388235628604889, 0.0988980308175087, 0.054774004966020584, 0.10958985984325409, 0.06221017241477966, 0.12553830444812775, 0.0885862186551094, 0.08245891332626343, 0.07614751160144806, 0.03877217322587967, 0.0972481518983841, 0.09189437329769135]",1.0000000707805157,11.144542527149143,7.867316629273091e-07,1024,3.0,4.0,2,6,"{""2"": 236, ""3"": 503, ""4"": 244, ""5"": 33, ""6"": 8}","{""0"": 5, ""4"": 1, ""5"": 1, ""6"": 4, ""7"": 1}","{""1"": 8, ""2"": 43, ""3"": 35, ""4"": 35, ""5"": 43, ""6"": 15, ""7"": 12, ""8"": 1}",True
0297,12,7,7,12,"[0, 1, 2, 3, 4, 5, 6]",8192,deterministic_linspace_subset,"[0.046875, 11.953125, 0.046875, 5.953125]","[true, true, true, true, true, true, true, true, true, true, true, true]","[0.03518930736130902, 0.10148028776166029, 0.06750511963452611, 0.04282957315444946, 0.05841874217497076, 0.14683074184826442, 0.012444392911025455, 0.08000837628995733, 0.15058491946443348, 0.0004206046994243349, 0.1215506194692872, 0.1827372933205749]","[0.08589044650681939, 0.05187926491014027, 0.06214172103591411, 0.114828974778599, 0.07315878745022057, 0.10189131621207062, 0.1217565553991638, 0.08136577957005403, 0.0663612413687093, 0.0832632471353918, 0.07795417829440507, 0.07950849101408626]",10.937495231628418,6.285714285714286,4.192708333333333,3.1845703125,2.9436691635278613,2.249638677962499,2.3197408618007955,7,12,11,12,0.49658967575626406,0.35825288694181245,0.3720333231222946,[],[],[],[],False,"[true, true, true, true, true, true, true, true, true, true, true, true]",,,,0.9182503691228264,1.5975019553554028,1.275505824606228,3.807864598627563,3.8835722141967537,1.1244934558911452,0,12748,211594,5916,116735,0.8253348214285714,0.5937449137369791,2.154834347532116,1.8126011907311432,7168,196608,True,True,True,"{""P0"": {""reason"": ""explicit phase ledger missing"", ""status"": ""unavailable""}, ""P1"": {""reason"": ""explicit phase ledger missing"", ""status"": ""unavailable""}, ""P2"": {""actual_rows"": 208896.0, ""content_rows"": 786432.0, ""environment"": {""actual_rows"": 196608.0, ""content_rows"": 786432.0, ""geometry_rows"": 196608.0, ""logical_paths"": 211594.0, ""padded_rows"": 0.0, ""unique_pairs"": 116735.0}, ""geometry_rows"": 196608.0, ""logical_paths"": 224342.0, ""module"": {""actual_rows"": 12288.0, ""content_rows"": null, ""geometry_rows"": null, ""logical_paths"": 12748.0, ""padded_rows"": 5120.0, ""unique_pairs"": 5916.0}, ""padded_rows"": 5120.0, ""status"": ""available"", ""unique_pairs"": 122651.0}, ""P2_consistency"": {""reason"": ""explicit phase ledger missing"", ""status"": ""unavailable""}}",12288.0,5120.0,,,196608.0,0.0,196608.0,786432.0,12,12,"[0.060539886355400085, 0.0766797810792923, 0.06482342630624771, 0.07882928103208542, 0.06578876823186874, 0.12436102330684662, 0.06710046529769897, 0.08068708330392838, 0.10847307741641998, 0.04184192791581154, 0.09975240379571915, 0.1311229020357132]",1.000000026077032,10.937494695694435,5.359339834143384e-07,1024,3.0,4.0,2,6,"{""2"": 182, ""3"": 514, ""4"": 291, ""5"": 31, ""6"": 6}","{""0"": 5, ""5"": 1, ""6"": 3, ""7"": 3}","{""1"": 2, ""2"": 29, ""3"": 37, ""4"": 45, ""5"": 38, ""6"": 28, ""7"": 8, ""8"": 5}",True
0298,12,7,7,12,"[0, 1, 2, 3, 4, 5, 6]",8192,deterministic_linspace_subset,"[0.046875, 11.953125, 0.046875, 5.953125]","[true, true, true, true, true, true, true, true, true, true, true, true]","[0.065506635433329, 0.1632468806845801, 0.06090393762237259, 0.09029661577993205, 0.010299780539103916, 0.1251398001664451, 0.048186612847660265, 0.0761421535363687, 0.06337484365401126, 0.018395065729107176, 0.1880696837657264, 0.09043799552429325]","[0.08346747005483242, 0.06443132128515573, 0.06001403515991949, 0.10124345514566353, 0.0815861933921648, 0.1098631642676082, 0.1094893356459276, 0.07237641813480879, 0.06907084694041794, 0.07478642574261347, 0.0773804322240418, 0.09629090684648392]",10.88481616973877,6.571428571428571,3.96875,3.142578125,2.925081437309655,2.1990280315481736,2.277026790306885,7,12,12,12,0.505731543276157,0.346905857773806,0.36406392428116896,[],[],[],[],False,"[true, true, true, true, true, true, true, true, true, true, true, true]",,,,1.2170526507225523,1.5582585149861166,1.7198572542099357,3.80771804749525,3.998423974277503,1.137891247241797,0,13019,197873,5960,112609,0.8314732142857143,0.5727589925130209,2.1843959731543623,1.7571686099690078,7168,196608,True,True,True,"{""P0"": {""reason"": ""explicit phase ledger missing"", ""status"": ""unavailable""}, ""P1"": {""reason"": ""explicit phase ledger missing"", ""status"": ""unavailable""}, ""P2"": {""actual_rows"": 208896.0, ""content_rows"": 786432.0, ""environment"": {""actual_rows"": 196608.0, ""content_rows"": 786432.0, ""geometry_rows"": 196608.0, ""logical_paths"": 197873.0, ""padded_rows"": 0.0, ""unique_pairs"": 112609.0}, ""geometry_rows"": 196608.0, ""logical_paths"": 210892.0, ""module"": {""actual_rows"": 12288.0, ""content_rows"": null, ""geometry_rows"": null, ""logical_paths"": 13019.0, ""padded_rows"": 5120.0, ""unique_pairs"": 5960.0}, ""padded_rows"": 5120.0, ""status"": ""available"", ""unique_pairs"": 118569.0}, ""P2_consistency"": {""reason"": ""explicit phase ledger missing"", ""status"": ""unavailable""}}",12288.0,5120.0,,,196608.0,0.0,196608.0,786432.0,12,12,"[0.07448706030845642, 0.11383909732103348, 0.060458991676568985, 0.09577004611492157, 0.0459429994225502, 0.11750149726867676, 0.07883797585964203, 0.07425928860902786, 0.06622285395860672, 0.04659074544906616, 0.1327250450849533, 0.09336446225643158]",1.000000063329935,10.884814910340703,1.2593980667219284e-06,1024,3.0,4.0,2,6,"{""2"": 207, ""3"": 505, ""4"": 273, ""5"": 37, ""6"": 2}","{""0"": 5, ""5"": 1, ""6"": 3, ""7"": 2, ""9"": 1}","{""1"": 6, ""2"": 28, ""3"": 43, ""4"": 47, ""5"": 35, ""6"": 24, ""7"": 8, ""8"": 1}",True
0299,12,7,7,12,"[0, 1, 2, 3, 4, 5, 6]",8192,deterministic_linspace_subset,"[0.046875, 11.953125, 0.046875, 5.953125]","[true, true, true, true, true, true, true, true, true, true, true, true]","[0.01591227629355022, 0.12929300591349602, 0.06538149208894797, 0.04251830758793013, 0.07610207104257175, 0.013342418574861115, 0.07250317222704844, 0.11797569718744073, 0.17340669874101877, 0.0026665406434663703, 0.13966048635276299, 0.1512378230690956]","[0.08147133783632415, 0.059054824667176334, 0.049172632539769744, 0.10951134076399664, 0.09307687292736472, 0.10350970466381187, 0.10425372654056751, 0.07367011521637325, 0.06939342226147954, 0.09045740659560883, 0.07541684155118372, 0.09101178007954519]",10.988759994506836,6.0,3.640625,3.23046875,2.988665897225222,2.072821314061089,2.306818396781529,7,12,12,12,0.5078652491075287,0.32184774370504815,0.3718814720549774,[],[],[],[],False,"[true, true, true, true, true, true, true, true, true, true, true, true]",,,,1.1982558768194898,1.5102884531580545,1.647544480949703,3.80265398745899,3.9157891240424036,1.0927345082256357,0,13203,186053,5886,109843,0.8211495535714286,0.5586903889973959,2.243119266055046,1.6938084356763745,7168,196608,True,True,True,"{""P0"": {""reason"": ""explicit phase ledger missing"", ""status"": ""unavailable""}, ""P1"": {""reason"": ""explicit phase ledger missing"", ""status"": ""unavailable""}, ""P2"": {""actual_rows"": 208896.0, ""content_rows"": 786432.0, ""environment"": {""actual_rows"": 196608.0, ""content_rows"": 786432.0, ""geometry_rows"": 196608.0, ""logical_paths"": 186053.0, ""padded_rows"": 0.0, ""unique_pairs"": 109843.0}, ""geometry_rows"": 196608.0, ""logical_paths"": 199256.0, ""module"": {""actual_rows"": 12288.0, ""content_rows"": null, ""geometry_rows"": null, ""logical_paths"": 13203.0, ""padded_rows"": 5120.0, ""unique_pairs"": 5886.0}, ""padded_rows"": 5120.0, ""status"": ""available"", ""unique_pairs"": 115729.0}, ""P2_consistency"": {""reason"": ""explicit phase ledger missing"", ""status"": ""unavailable""}}",12288.0,5120.0,,,196608.0,0.0,196608.0,786432.0,12,12,"[0.04869181290268898, 0.09417391568422318, 0.05727706477046013, 0.07601483166217804, 0.08458948135375977, 0.05842607095837593, 0.08837844431400299, 0.09582290798425674, 0.12140006572008133, 0.046561963856220245, 0.10753867030143738, 0.12112480401992798]",1.0000000335276127,10.988760149222156,1.547153196668205e-07,1024,3.0,5.0,2,6,"{""2"": 149, ""3"": 554, ""4"": 259, ""5"": 60, ""6"": 2}","{""0"": 5, ""5"": 3, ""6"": 1, ""7"": 3}","{""1"": 6, ""2"": 36, ""3"": 54, ""4"": 45, ""5"": 32, ""6"": 15, ""7"": 3, ""8"": 1}",True
0300,12,7,7,12,"[0, 1, 2, 3, 4, 5, 6]",8192,deterministic_linspace_subset,"[0.046875, 11.953125, 0.046875, 5.953125]","[true, true, true, true, true, true, true, true, true, true, true, true]","[0.050375941076448986, 0.17238385918816285, 0.08276803152901785, 0.13383960032037326, 0.005774723365902901, 0.10252585687807628, 0.06189740395971707, 0.07744297252169677, 0.13563051181180136, 0.005816890074389188, 0.11963426055236985, 0.05190995402101959]","[0.08417018187598538, 0.06515198024012155, 0.06298488679647107, 0.10959022342645615, 0.08187233032655662, 0.12243522955714066, 0.10434113670332108, 0.06298453643982307, 0.06673979158911907, 0.06859303367782488, 0.08010133429744805, 0.09103534093371005]",10.884624481201172,6.285714285714286,3.9947916666666665,3.302734375,2.8843550986925797,2.2162445754057547,2.3086259827211073,7,12,12,12,0.5044885212109571,0.3485816272074658,0.3697887304910641,[],[],[],[],False,"[true, true, true, true, true, true, true, true, true, true, true, true]",,,,1.496459605814299,1.57605934582596,2.0386275513823757,3.809202007947424,4.062150517766102,1.0931000528694588,0,13541,213259,6036,116489,0.8420758928571429,0.5924936930338541,2.243373094764745,1.8307222141146375,7168,196608,True,True,True,"{""P0"": {""reason"": ""explicit phase ledger missing"", ""status"": ""unavailable""}, ""P1"": {""reason"": ""explicit phase ledger missing"", ""status"": ""unavailable""}, ""P2"": {""actual_rows"": 208896.0, ""content_rows"": 786432.0, ""environment"": {""actual_rows"": 196608.0, ""content_rows"": 786432.0, ""geometry_rows"": 196608.0, ""logical_paths"": 213259.0, ""padded_rows"": 0.0, ""unique_pairs"": 116489.0}, ""geometry_rows"": 196608.0, ""logical_paths"": 226800.0, ""module"": {""actual_rows"": 12288.0, ""content_rows"": null, ""geometry_rows"": null, ""logical_paths"": 13541.0, ""padded_rows"": 5120.0, ""unique_pairs"": 6036.0}, ""padded_rows"": 5120.0, ""status"": ""available"", ""unique_pairs"": 122525.0}, ""P2_consistency"": {""reason"": ""explicit phase ledger missing"", ""status"": ""unavailable""}}",12288.0,5120.0,,,196608.0,0.0,196608.0,786432.0,12,12,"[0.06727305799722672, 0.11876793205738068, 0.0728764683008194, 0.12171491980552673, 0.04382352530956268, 0.11248055100440979, 0.08311927318572998, 0.07021376490592957, 0.1011851578950882, 0.03720496594905853, 0.0998678058385849, 0.0714726448059082]",1.0000000670552254,10.884624722407432,2.412062602985543e-07,1024,3.0,5.0,2,5,"{""2"": 149, ""3"": 474, ""4"": 343, ""5"": 58}","{""0"": 5, ""5"": 1, ""6"": 4, ""7"": 1, ""8"": 1}","{""1"": 9, ""2"": 32, ""3"": 44, ""4"": 32, ""5"": 33, ""6"": 29, ""7"": 9, ""8"": 4}",True
0301,12,7,7,12,"[0, 1, 2, 3, 4, 5, 6]",8192,deterministic_linspace_subset,"[0.046875, 11.953125, 0.046875, 5.953125]","[true, true, true, true, true, true, true, true, true, true, true, true]","[0.028461677687508718, 0.0596645250916481, 0.10035257986081497, 0.027374129210199626, 0.0720068406912365, 0.1500541056905474, 0.05984919784324509, 0.10219729382411707, 0.17534574227673666, 0.0, 0.03790984561367493, 0.18678404603685647]","[0.0845562323315363, 0.06513155552859946, 0.06123073080785464, 0.10385310044586049, 0.07126111226231541, 0.09614402378883823, 0.12212095281211079, 0.06619181172531323, 0.06559489586400483, 0.09795399916300755, 0.07865657344594487, 0.08730502119573202]",10.792024612426758,5.857142857142857,4.348958333333333,3.4345703125,3.0777019740225353,2.229869317252371,2.4170512512964866,7,12,11,12,0.5180090301207892,0.35964153470629334,0.39564282547223595,[9],[],[9],[],False,"[true, true, true, true, true, true, true, true, true, true, true, true]",,,,0.8564489984715693,1.6056506139709585,1.6277548279625775,3.8075981249782975,3.969078047421656,1.147124428997506,0,13297,228412,5531,115460,0.7716238839285714,0.5872599283854166,2.40408606038691,1.9782781915815,7168,196608,True,True,True,"{""P0"": {""reason"": ""explicit phase ledger missing"", ""status"": ""unavailable""}, ""P1"": {""reason"": ""explicit phase ledger missing"", ""status"": ""unavailable""}, ""P2"": {""actual_rows"": 208896.0, ""content_rows"": 786432.0, ""environment"": {""actual_rows"": 196608.0, ""content_rows"": 786432.0, ""geometry_rows"": 196608.0, ""logical_paths"": 228412.0, ""padded_rows"": 0.0, ""unique_pairs"": 115460.0}, ""geometry_rows"": 196608.0, ""logical_paths"": 241709.0, ""module"": {""actual_rows"": 12288.0, ""content_rows"": null, ""geometry_rows"": null, ""logical_paths"": 13297.0, ""padded_rows"": 5120.0, ""unique_pairs"": 5531.0}, ""padded_rows"": 5120.0, ""status"": ""available"", ""unique_pairs"": 120991.0}, ""P2_consistency"": {""reason"": ""explicit phase ledger missing"", ""status"": ""unavailable""}}",12288.0,5120.0,,,196608.0,0.0,196608.0,786432.0,12,12,"[0.05650895833969116, 0.062398046255111694, 0.0807916522026062, 0.06561361998319626, 0.07163397967815399, 0.12309907376766205, 0.09098508208990097, 0.08419455587863922, 0.120470330119133, 0.04897700995206833, 0.058283209800720215, 0.1370445340871811]",1.0000000521540642,10.792024642074713,2.964795520199459e-08,1024,3.0,5.0,2,6,"{""2"": 30, ""3"": 586, ""4"": 344, ""5"": 61, ""6"": 3}","{""0"": 5, ""5"": 1, ""6"": 6}","{""2"": 28, ""3"": 28, ""4"": 40, ""5"": 53, ""6"": 33, ""7"": 8, ""8"": 2}",True
0302,12,7,7,12,"[0, 1, 2, 3, 4, 5, 6]",8192,deterministic_linspace_subset,"[0.046875, 11.953125, 0.046875, 5.953125]","[true, true, true, true, true, true, true, true, true, true, true, true]","[0.03736882603594235, 0.1723738013700183, 0.0679050577538354, 0.07563903089612722, 0.04815790057182312, 0.08954854898287783, 0.08522507545006061, 0.08359498424189431, 0.14204102861029763, 0.000845803546586207, 0.09895254591745989, 0.09834743184702736]","[0.07677079390770795, 0.06399867400917476, 0.056344204304726496, 0.10551914895349529, 0.08195837696500047, 0.10752312403443888, 0.10793500305893146, 0.07436377774075709, 0.06732291678230239, 0.08291542018018089, 0.08222759533225556, 0.09312097395301558]",11.251096725463867,5.285714285714286,3.78125,3.111328125,3.088075852886366,2.1222905326462818,2.2767656510021776,7,12,12,12,0.5031895592330445,0.33018839836658914,0.36102749558406205,[],[],[],[],False,"[true, true, true, true, true, true, true, true, true, true, true, true]",,,,1.167892185802297,1.5266573866905524,1.5665288212821387,3.804097590915096,3.930821289171882,1.1202077366480019,0,11265,188273,5360,110229,0.7477678571428571,0.5606536865234375,2.1016791044776117,1.7080169465385697,7168,196608,True,True,True,"{""P0"": {""reason"": ""explicit phase ledger missing"", ""status"": ""unavailable""}, ""P1"": {""reason"": ""explicit phase ledger missing"", ""status"": ""unavailable""}, ""P2"": {""actual_rows"": 208896.0, ""content_rows"": 786432.0, ""environment"": {""actual_rows"": 196608.0, ""content_rows"": 786432.0, ""geometry_rows"": 196608.0, ""logical_paths"": 188273.0, ""padded_rows"": 0.0, ""unique_pairs"": 110229.0}, ""geometry_rows"": 196608.0, ""logical_paths"": 199538.0, ""module"": {""actual_rows"": 12288.0, ""content_rows"": null, ""geometry_rows"": null, ""logical_paths"": 11265.0, ""padded_rows"": 5120.0, ""unique_pairs"": 5360.0}, ""padded_rows"": 5120.0, ""status"": ""available"", ""unique_pairs"": 115589.0}, ""P2_consistency"": {""reason"": ""explicit phase ledger missing"", ""status"": ""unavailable""}}",12288.0,5120.0,,,196608.0,0.0,196608.0,786432.0,12,12,"[0.0570698119699955, 0.11818623542785645, 0.06212463602423668, 0.09057909995317459, 0.0650581419467926, 0.09853584319353104, 0.09658005833625793, 0.07897938787937164, 0.10468197613954544, 0.04188061133027077, 0.09059007465839386, 0.09573420882225037]",1.0000000856816769,11.251097119312234,3.938483672527582e-07,1024,3.0,4.849999999999909,2,6,"{""2"": 219, ""3"": 533, ""4"": 220, ""5"": 43, ""6"": 9}","{""0"": 5, ""3"": 1, ""5"": 3, ""6"": 2, ""7"": 1}","{""1"": 6, ""2"": 38, ""3"": 44, ""4"": 44, ""5"": 36, ""6"": 14, ""7"": 8, ""8"": 2}",True
0633,12,3,3,12,"[0, 1, 2]",8192,deterministic_linspace_subset,"[0.046875, 11.953125, 0.046875, 5.953125]","[true, true, true, true, true, true, true, true, true, true, true, true]","[0.01530166467030843, 0.18683491072927913, 0.05381867289543152, 0.07679685950279236, 0.030768302579720814, 0.02702673276265462, 0.000343985853154057, 0.04265673955281575, 0.23097100178711114, 0.027652534345785774, 0.23520029336214063, 0.07262832423051198]","[0.04031557790119679, 0.08661029101681093, 0.06553500708332646, 0.13505149922260293, 0.028900597956559675, 0.1335617487950268, 0.13487445225473496, 0.04281727133790506, 0.0795678214795418, 0.019496175875178302, 0.11066459760240831, 0.12260496672336291]",8.922091484069824,7.333333333333333,4.567708333333333,3.5517578125,3.3113993333882745,2.2906743153949782,2.5494826030073217,3,12,11,12,0.5745646601425615,0.36395994814443844,0.40937785353461265,[],[],[],[],False,"[true, true, true, true, true, true, true, true, true, true, true, true]",,,,0.5046312653663584,1.8037005841074374,0.5336231423568011,3.8087996746905812,3.260435479693616,1.2989879451476654,0,7570,278577,3027,139385,0.9853515625,0.7089487711588541,2.500825900231252,1.9986153459841447,3072,196608,True,True,True,"{""P0"": {""reason"": ""explicit phase ledger missing"", ""status"": ""unavailable""}, ""P1"": {""reason"": ""explicit phase ledger missing"", ""status"": ""unavailable""}, ""P2"": {""actual_rows"": 208896.0, ""content_rows"": 786432.0, ""environment"": {""actual_rows"": 196608.0, ""content_rows"": 786432.0, ""geometry_rows"": 196608.0, ""logical_paths"": 278577.0, ""padded_rows"": 0.0, ""unique_pairs"": 139385.0}, ""geometry_rows"": 196608.0, ""logical_paths"": 286147.0, ""module"": {""actual_rows"": 12288.0, ""content_rows"": null, ""geometry_rows"": null, ""logical_paths"": 7570.0, ""padded_rows"": 9216.0, ""unique_pairs"": 3027.0}, ""padded_rows"": 9216.0, ""status"": ""available"", ""unique_pairs"": 142412.0}, ""P2_consistency"": {""reason"": ""explicit phase ledger missing"", ""status"": ""unavailable""}}",12288.0,9216.0,,,196608.0,0.0,196608.0,786432.0,12,12,"[0.027808625251054764, 0.1367226094007492, 0.05967683717608452, 0.10592418164014816, 0.029834453016519547, 0.08029424399137497, 0.06760920584201813, 0.04273700714111328, 0.15526941418647766, 0.023574355989694595, 0.1729324460029602, 0.09761664271354675]",1.0000000223517418,8.922091244597244,2.3947258043222064e-07,1024,4.0,5.0,2,6,"{""2"": 104, ""3"": 392, ""4"": 395, ""5"": 125, ""6"": 8}","{""0"": 9, ""6"": 1, ""8"": 2}","{""1"": 6, ""2"": 32, ""3"": 22, ""4"": 27, ""5"": 42, ""6"": 32, ""7"": 19, ""8"": 10, ""9"": 2}",True
0634,12,3,3,12,"[0, 1, 2]",8192,deterministic_linspace_subset,"[0.046875, 11.953125, 0.046875, 5.953125]","[true, true, true, true, true, true, true, true, true, true, true, true]","[0.03195330252250035, 0.15996442238489786, 0.11535564064979553, 0.150081230327487, 0.01726914942264557, 0.0003195187503782411, 0.14762307206789652, 0.1144681175549825, 0.11974891275167464, 0.0, 0.03220367431640625, 0.11101298530896504]","[0.0623940986187872, 0.06825661031427899, 0.0670440495529678, 0.12588952037413037, 0.051202883800291005, 0.10933108523492288, 0.13552678898607456, 0.06258051687454842, 0.0853787042802097, 0.011217417150874095, 0.10559848778979129, 0.11557984295441295]",9.727993965148926,4.666666666666667,4.260416666666667,3.4287109375,3.0486192823925933,2.2396120012017113,2.5158995597484504,3,12,11,12,0.49221125918002095,0.3569087435180269,0.40474623016148314,[9],[],[9],[],False,"[true, true, true, true, true, true, true, true, true, true, true, true]",,,,0.31542888788352247,1.6804015384023294,0.3978006637255408,3.807837103653122,3.9649783369982288,1.1711837727488388,0,4699,251562,2076,129993,0.67578125,0.6611785888671875,2.2634874759152215,1.935196510581339,3072,196608,True,True,True,"{""P0"": {""reason"": ""explicit phase ledger missing"", ""status"": ""unavailable""}, ""P1"": {""reason"": ""explicit phase ledger missing"", ""status"": ""unavailable""}, ""P2"": {""actual_rows"": 208896.0, ""content_rows"": 786432.0, ""environment"": {""actual_rows"": 196608.0, ""content_rows"": 786432.0, ""geometry_rows"": 196608.0, ""logical_paths"": 251562.0, ""padded_rows"": 0.0, ""unique_pairs"": 129993.0}, ""geometry_rows"": 196608.0, ""logical_paths"": 256261.0, ""module"": {""actual_rows"": 12288.0, ""content_rows"": null, ""geometry_rows"": null, ""logical_paths"": 4699.0, ""padded_rows"": 9216.0, ""unique_pairs"": 2076.0}, ""padded_rows"": 9216.0, ""status"": ""available"", ""unique_pairs"": 132069.0}, ""P2_consistency"": {""reason"": ""explicit phase ledger missing"", ""status"": ""unavailable""}}",12288.0,9216.0,,,196608.0,0.0,196608.0,786432.0,12,12,"[0.04717370867729187, 0.11411052942276001, 0.0911998376250267, 0.13798537850379944, 0.034236013889312744, 0.0548253059387207, 0.1415749490261078, 0.08852432668209076, 0.10256381332874298, 0.005608709063380957, 0.06890108436346054, 0.11329641938209534]",1.0000000759027898,9.72799365334544,3.1180348614157083e-07,1024,3.0,5.0,2,6,"{""2"": 127, ""3"": 444, ""4"": 352, ""5"": 89, ""6"": 12}","{""0"": 9, ""4"": 1, ""5"": 2}","{""1"": 2, ""2"": 33, ""3"": 38, ""4"": 38, ""5"": 38, ""6"": 20, ""7"": 13, ""8"": 7, ""9"": 3}",True
0635,12,3,3,12,"[0, 1, 2]",8192,deterministic_linspace_subset,"[0.046875, 11.953125, 0.046875, 5.953125]","[true, true, true, true, true, true, true, true, true, true, true, true]","[0.0, 0.08416871478160222, 0.051528214399392404, 0.0, 0.03524854530890782, 0.02898615598678589, 0.08390624324480692, 0.22247481842835742, 0.25619808336098987, 0.0, 0.05809806721905867, 0.17939113701383272]","[0.03197140566805956, 0.05982589195355103, 0.05307847525601045, 0.0966689386341386, 0.08455119510168886, 0.10344108147955923, 0.13988839901473207, 0.08550214630933321, 0.09032202891153206, 0.04587252487112891, 0.09282883843481218, 0.11604908141149889]",8.866992950439453,5.666666666666667,4.625,3.732421875,3.3077337032280365,2.392436094418023,2.5956901967564363,3,12,12,12,0.5577182358330515,0.3844633436487947,0.41761629355943536,"[0, 3, 9]",[],"[0, 3, 9]",[],False,"[true, true, true, true, true, true, true, true, true, true, true, true]",,,,0.5416838820298986,1.7360204594354938,0.9633441885050236,3.813192570426285,3.7507962722212205,1.1783532017564349,0,6558,295635,2504,131402,0.8151041666666666,0.6683451334635416,2.619009584664537,2.2498516004322613,3072,196608,True,True,True,"{""P0"": {""reason"": ""explicit phase ledger missing"", ""status"": ""unavailable""}, ""P1"": {""reason"": ""explicit phase ledger missing"", ""status"": ""unavailable""}, ""P2"": {""actual_rows"": 208896.0, ""content_rows"": 786432.0, ""environment"": {""actual_rows"": 196608.0, ""content_rows"": 786432.0, ""geometry_rows"": 196608.0, ""logical_paths"": 295635.0, ""padded_rows"": 0.0, ""unique_pairs"": 131402.0}, ""geometry_rows"": 196608.0, ""logical_paths"": 302193.0, ""module"": {""actual_rows"": 12288.0, ""content_rows"": null, ""geometry_rows"": null, ""logical_paths"": 6558.0, ""padded_rows"": 9216.0, ""unique_pairs"": 2504.0}, ""padded_rows"": 9216.0, ""status"": ""available"", ""unique_pairs"": 133906.0}, ""P2_consistency"": {""reason"": ""explicit phase ledger missing"", ""status"": ""unavailable""}}",12288.0,9216.0,,,196608.0,0.0,196608.0,786432.0,12,12,"[0.015985703095793724, 0.07199730724096298, 0.05230334773659706, 0.04833446815609932, 0.05989988520741463, 0.06621362268924713, 0.11189731955528259, 0.15398848056793213, 0.17326006293296814, 0.022936265915632248, 0.0754634439945221, 0.1477201133966446]",1.0000000204890966,8.86699306868199,1.1824253753900393e-07,1024,4.0,6.0,1,7,"{""1"": 22, ""2"": 60, ""3"": 359, ""4"": 379, ""5"": 138, ""6"": 65, ""7"": 1}","{""0"": 9, ""5"": 1, ""6"": 2}","{""2"": 34, ""3"": 17, ""4"": 44, ""5"": 39, ""6"": 27, ""7"": 17, ""8"": 9, ""9"": 5}",True
0636,12,3,3,12,"[0, 1, 2]",8192,deterministic_linspace_subset,"[0.046875, 11.953125, 0.046875, 5.953125]","[true, true, true, true, true, true, true, true, true, true, true, true]","[0.03459825925529003, 0.11199509104092915, 0.0037232969819645705, 0.012170759961009026, 0.003932094744717081, 0.19198541343212125, 0.07265994449456532, 0.15798649191856384, 0.12286400794982909, 0.003117394944032033, 0.22080286343892414, 0.06416442454792559]","[0.05864971815615644, 0.07327163065686665, 0.0711649112258783, 0.1062106539886069, 0.04805832450652285, 0.10924553138935757, 0.13753962696796398, 0.08169953176607632, 0.06877102708691987, 0.04118170238448826, 0.10413286822816774, 0.10007447741095157]",9.324841499328613,7.333333333333333,4.427083333333333,3.431640625,3.341996549368774,2.317610425393596,2.5019480275456694,3,12,10,12,0.5548815612450942,0.37056039274756775,0.40221999717961243,[],[],[],[],False,"[true, true, true, true, true, true, true, true, true, true, true, true]",,,,0.8223515922474328,1.6429477115237379,1.1139886730272117,3.80812550659622,3.779867355114405,1.1914364336595074,0,6645,256022,2545,128622,0.8284505208333334,0.654205322265625,2.611001964636542,1.9904992925005054,3072,196608,True,True,True,"{""P0"": {""reason"": ""explicit phase ledger missing"", ""status"": ""unavailable""}, ""P1"": {""reason"": ""explicit phase ledger missing"", ""status"": ""unavailable""}, ""P2"": {""actual_rows"": 208896.0, ""content_rows"": 786432.0, ""environment"": {""actual_rows"": 196608.0, ""content_rows"": 786432.0, ""geometry_rows"": 196608.0, ""logical_paths"": 256022.0, ""padded_rows"": 0.0, ""unique_pairs"": 128622.0}, ""geometry_rows"": 196608.0, ""logical_paths"": 262667.0, ""module"": {""actual_rows"": 12288.0, ""content_rows"": null, ""geometry_rows"": null, ""logical_paths"": 6645.0, ""padded_rows"": 9216.0, ""unique_pairs"": 2545.0}, ""padded_rows"": 9216.0, ""status"": ""available"", ""unique_pairs"": 131167.0}, ""P2_consistency"": {""reason"": ""explicit phase ledger missing"", ""status"": ""unavailable""}}",12288.0,9216.0,,,196608.0,0.0,196608.0,786432.0,12,12,"[0.046623989939689636, 0.09263336658477783, 0.0374440960586071, 0.05919071286916733, 0.02599520795047283, 0.15061548352241516, 0.10509978234767914, 0.1198429986834526, 0.09581752121448517, 0.022149544209241867, 0.1624678671360016, 0.08211946487426758]",1.0000000353902578,9.324840934477006,5.64851607265382e-07,1024,3.0,5.0,2,6,"{""2"": 86, ""3"": 521, ""4"": 317, ""5"": 89, ""6"": 11}","{""0"": 9, ""10"": 1, ""5"": 1, ""7"": 1}","{""1"": 2, ""2"": 35, ""3"": 28, ""4"": 28, ""5"": 49, ""6"": 24, ""7"": 18, ""8"": 5, ""9"": 3}",True
0637,12,3,3,12,"[0, 1, 2]",8192,deterministic_linspace_subset,"[0.046875, 11.953125, 0.046875, 5.953125]","[true, true, true, true, true, true, true, true, true, true, true, true]","[0.08389902114868164, 0.11503337882459162, 0.0033268242453535395, 0.003640083906551202, 0.0, 0.08815883596738179, 0.18711131314436594, 0.24991963307062784, 0.10729001959164937, 0.0, 0.15664551655451456, 0.00497538751612107]","[0.05422531253957291, 0.07701448927127784, 0.0656948349274273, 0.10709450956755973, 0.06996380475944382, 0.10558857697772811, 0.13356143988164595, 0.05444730504893871, 0.08162532400368629, 0.036605692170383015, 0.10546837097381477, 0.10871033974503]",9.312129974365234,5.0,4.770833333333333,3.70703125,3.1248201832660456,2.3982399469780047,2.656104524905788,3,12,12,12,0.48996445772231106,0.3883807598523659,0.4281916038972076,"[4, 9]",[],"[4, 9]",[],False,"[true, true, true, true, true, true, true, true, true, true, true, true]",,,,0.32881598720310734,1.7221342769222356,0.8792724182392049,3.8131306550133806,4.241695322115689,1.1794185104006027,0,5760,294884,2339,135156,0.7613932291666666,0.68743896484375,2.4625908507909364,2.181804729349788,3072,196608,True,True,True,"{""P0"": {""reason"": ""explicit phase ledger missing"", ""status"": ""unavailable""}, ""P1"": {""reason"": ""explicit phase ledger missing"", ""status"": ""unavailable""}, ""P2"": {""actual_rows"": 208896.0, ""content_rows"": 786432.0, ""environment"": {""actual_rows"": 196608.0, ""content_rows"": 786432.0, ""geometry_rows"": 196608.0, ""logical_paths"": 294884.0, ""padded_rows"": 0.0, ""unique_pairs"": 135156.0}, ""geometry_rows"": 196608.0, ""logical_paths"": 300644.0, ""module"": {""actual_rows"": 12288.0, ""content_rows"": null, ""geometry_rows"": null, ""logical_paths"": 5760.0, ""padded_rows"": 9216.0, ""unique_pairs"": 2339.0}, ""padded_rows"": 9216.0, ""status"": ""available"", ""unique_pairs"": 137495.0}, ""P2_consistency"": {""reason"": ""explicit phase ledger missing"", ""status"": ""unavailable""}}",12288.0,9216.0,,,196608.0,0.0,196608.0,786432.0,12,12,"[0.06906217336654663, 0.09602393209934235, 0.03451082482933998, 0.05536729842424393, 0.03498190641403198, 0.0968737080693245, 0.16033637523651123, 0.15218347311019897, 0.09445767104625702, 0.01830284669995308, 0.13105696439743042, 0.0568428635597229]",1.000000037252903,9.312130538814763,5.644495288947837e-07,1024,4.0,5.0,2,7,"{""2"": 96, ""3"": 293, ""4"": 461, ""5"": 164, ""6"": 9, ""7"": 1}","{""0"": 9, ""4"": 1, ""5"": 1, ""6"": 1}","{""1"": 2, ""2"": 25, ""3"": 29, ""4"": 33, ""5"": 35, ""6"": 30, ""7"": 20, ""8"": 12, ""9"": 6}",True
0638,12,3,3,12,"[0, 1, 2]",8192,deterministic_linspace_subset,"[0.046875, 11.953125, 0.046875, 5.953125]","[true, true, true, true, true, true, true, true, true, true, true, true]","[0.09921425829331079, 0.26389585932095844, 0.0, 0.18190941959619522, 0.0016312139729658761, 0.19009262412631261, 0.004480278119444847, 0.036443372567494706, 0.02891824146111806, 0.04149695734182993, 0.13382832271357376, 0.01808950778407355]","[0.05060438058095921, 0.07892445741085413, 0.04960487812926129, 0.1586206376478003, 0.044441289643051114, 0.13709845739233872, 0.11759514315574886, 0.04379975717497092, 0.06856571827801378, 0.00742973869726408, 0.14262877988310396, 0.1006867664004905]",8.140933990478516,6.666666666666667,4.333333333333333,3.373046875,2.8540054540627042,2.137040682204678,2.396134975370116,3,12,12,12,0.5191891147441053,0.3345919171930157,0.38271544909411936,[2],[],[2],[],False,"[true, true, true, true, true, true, true, true, true, true, true, true]",,,,0.7978462981589757,1.6190902534836387,1.0768414490347884,3.8030970926372545,4.217802187185334,1.1081538552226058,0,5659,252619,2326,130137,0.7571614583333334,0.6619110107421875,2.432932072226999,1.941177374612908,3072,196608,True,True,True,"{""P0"": {""reason"": ""explicit phase ledger missing"", ""status"": ""unavailable""}, ""P1"": {""reason"": ""explicit phase ledger missing"", ""status"": ""unavailable""}, ""P2"": {""actual_rows"": 208896.0, ""content_rows"": 786432.0, ""environment"": {""actual_rows"": 196608.0, ""content_rows"": 786432.0, ""geometry_rows"": 196608.0, ""logical_paths"": 252619.0, ""padded_rows"": 0.0, ""unique_pairs"": 130137.0}, ""geometry_rows"": 196608.0, ""logical_paths"": 258278.0, ""module"": {""actual_rows"": 12288.0, ""content_rows"": null, ""geometry_rows"": null, ""logical_paths"": 5659.0, ""padded_rows"": 9216.0, ""unique_pairs"": 2326.0}, ""padded_rows"": 9216.0, ""status"": ""available"", ""unique_pairs"": 132463.0}, ""P2_consistency"": {""reason"": ""explicit phase ledger missing"", ""status"": ""unavailable""}}",12288.0,9216.0,,,196608.0,0.0,196608.0,786432.0,12,12,"[0.07490932196378708, 0.17141015827655792, 0.024802444502711296, 0.17026503384113312, 0.023036252707242966, 0.1635955572128296, 0.06103771552443504, 0.04012156277894974, 0.04874197393655777, 0.02446334809064865, 0.13822853565216064, 0.05938813462853432]",1.0000000391155481,8.140934311224605,3.2074608924403947e-07,1024,3.0,5.0,2,6,"{""2"": 131, ""3"": 483, ""4"": 318, ""5"": 81, ""6"": 11}","{""0"": 9, ""10"": 1, ""5"": 2}","{""1"": 6, ""2"": 31, ""3"": 23, ""4"": 38, ""5"": 43, ""6"": 34, ""7"": 13, ""8"": 3, ""9"": 1}",True
0639,12,3,3,12,"[0, 1, 2]",8192,deterministic_linspace_subset,"[0.046875, 11.953125, 0.046875, 5.953125]","[true, true, true, true, true, true, true, true, true, true, true, true]","[0.0, 0.20066111783186594, 0.03350363237162431, 0.01595619072516759, 0.05098051329453786, 0.03539164577766011, 0.05294148251414299, 0.1820058934390545, 0.17996778587500253, 0.00023106852313503623, 0.07375988860925038, 0.1746008110543092]","[0.04331023635442872, 0.086770492623297, 0.06504315029131175, 0.11873717028602009, 0.0514922309891972, 0.10699288297720719, 0.1338934836206438, 0.07371385703021364, 0.0871533848162282, 0.020889036297694785, 0.1150421216043469, 0.09696195986025205]",9.42034912109375,7.0,4.526041666666667,3.6298828125,3.324949115866474,2.319613860997111,2.512709935232186,3,12,12,12,0.5901575092658695,0.3777977962221833,0.41185973019358646,[0],[],[0],[],False,"[true, true, true, true, true, true, true, true, true, true, true, true]",,,,0.787945308073803,1.7383529505187365,0.9852156221950313,3.805464035997586,3.6231345093540503,1.2233762835731112,0,7386,278763,2782,131193,0.9055989583333334,0.6672821044921875,2.654924514737599,2.1248313553314584,3072,196608,True,True,True,"{""P0"": {""reason"": ""explicit phase ledger missing"", ""status"": ""unavailable""}, ""P1"": {""reason"": ""explicit phase ledger missing"", ""status"": ""unavailable""}, ""P2"": {""actual_rows"": 208896.0, ""content_rows"": 786432.0, ""environment"": {""actual_rows"": 196608.0, ""content_rows"": 786432.0, ""geometry_rows"": 196608.0, ""logical_paths"": 278763.0, ""padded_rows"": 0.0, ""unique_pairs"": 131193.0}, ""geometry_rows"": 196608.0, ""logical_paths"": 286149.0, ""module"": {""actual_rows"": 12288.0, ""content_rows"": null, ""geometry_rows"": null, ""logical_paths"": 7386.0, ""padded_rows"": 9216.0, ""unique_pairs"": 2782.0}, ""padded_rows"": 9216.0, ""status"": ""available"", ""unique_pairs"": 133975.0}, ""P2_consistency"": {""reason"": ""explicit phase ledger missing"", ""status"": ""unavailable""}}",12288.0,9216.0,,,196608.0,0.0,196608.0,786432.0,12,12,"[0.021655119955539703, 0.14371581375598907, 0.04927339404821396, 0.06734668463468552, 0.051236383616924286, 0.07119226455688477, 0.09341749548912048, 0.12785987555980682, 0.13356058299541473, 0.01056005246937275, 0.09440100193023682, 0.135781392455101]",1.00000006146729,9.420348602238395,5.188553551249697e-07,1024,4.0,5.0,2,6,"{""2"": 29, ""3"": 443, ""4"": 447, ""5"": 88, ""6"": 17}","{""0"": 9, ""6"": 2, ""9"": 1}","{""2"": 36, ""3"": 26, ""4"": 35, ""5"": 36, ""6"": 35, ""7"": 11, ""8"": 5, ""9"": 8}",True
0640,12,3,3,12,"[0, 1, 2]",8192,deterministic_linspace_subset,"[0.046875, 11.953125, 0.046875, 5.953125]","[true, true, true, true, true, true, true, true, true, true, true, true]","[0.08985292663176854, 0.1033195819084843, 0.05266803006331126, 0.1768431266148885, 0.02684404452641805, 0.13109264771143594, 0.0, 0.005030082228283087, 0.1263375134282493, 0.003418003829816977, 0.1636738482241829, 0.12092025484889744]","[0.04579601278682806, 0.07637989498660623, 0.06745563929658258, 0.1690484496340711, 0.023735313021404636, 0.1305169096667526, 0.11961566565598027, 0.030175326815803292, 0.07115605676104528, 0.014364675118542893, 0.1374307806543129, 0.11432528677679105]",8.759774208068848,5.666666666666667,4.807291666666667,3.26171875,2.8551502752089952,2.2150286736544342,2.3792234439320983,3,12,12,12,0.4756624914295227,0.35234399232725994,0.3740204152028245,[6],[],[6],[],False,"[true, true, true, true, true, true, true, true, true, true, true, true]",,,,0.4101314246264283,1.807400725852683,0.4515014503347744,3.807962589133817,3.6640232851515244,1.3110951433566047,0,5239,273976,2437,132333,0.7932942708333334,0.6730804443359375,2.149774312679524,2.070352822047411,3072,196608,True,True,True,"{""P0"": {""reason"": ""explicit phase ledger missing"", ""status"": ""unavailable""}, ""P1"": {""reason"": ""explicit phase ledger missing"", ""status"": ""unavailable""}, ""P2"": {""actual_rows"": 208896.0, ""content_rows"": 786432.0, ""environment"": {""actual_rows"": 196608.0, ""content_rows"": 786432.0, ""geometry_rows"": 196608.0, ""logical_paths"": 273976.0, ""padded_rows"": 0.0, ""unique_pairs"": 132333.0}, ""geometry_rows"": 196608.0, ""logical_paths"": 279215.0, ""module"": {""actual_rows"": 12288.0, ""content_rows"": null, ""geometry_rows"": null, ""logical_paths"": 5239.0, ""padded_rows"": 9216.0, ""unique_pairs"": 2437.0}, ""padded_rows"": 9216.0, ""status"": ""available"", ""unique_pairs"": 134770.0}, ""P2_consistency"": {""reason"": ""explicit phase ledger missing"", ""status"": ""unavailable""}}",12288.0,9216.0,,,196608.0,0.0,196608.0,786432.0,12,12,"[0.06782446801662445, 0.08984974771738052, 0.06006183475255966, 0.1729457974433899, 0.02528967894613743, 0.13080477714538574, 0.05980784073472023, 0.01760270446538925, 0.09874679148197174, 0.008891339413821697, 0.15055228769779205, 0.11762279272079468]",1.0000000605359674,8.759773984564477,2.2350437056672945e-07,1024,3.0,5.0,1,6,"{""1"": 8, ""2"": 220, ""3"": 401, ""4"": 291, ""5"": 99, ""6"": 5}","{""0"": 9, ""5"": 1, ""6"": 2}","{""1"": 6, ""10"": 2, ""2"": 29, ""3"": 13, ""4"": 33, ""5"": 36, ""6"": 44, ""7"": 13, ""8"": 11, ""9"": 5}",True
0641,12,3,3,12,"[0, 1, 2]",8192,deterministic_linspace_subset,"[0.046875, 11.953125, 0.046875, 5.953125]","[true, true, true, true, true, true, true, true, true, true, true, true]","[0.0625686173637708, 0.12137996157010396, 0.06953604022661844, 0.16665581862131754, 0.008338579713987807, 0.20771326621373493, 0.0051829827328523, 0.10641664266586304, 0.13696666558583576, 0.02952864517768224, 0.0741435761253039, 0.011569251927236715]","[0.03074168193749453, 0.09525973263883948, 0.04194510896172689, 0.14942964434794703, 0.032879595207228836, 0.1466380561466471, 0.12840195996906797, 0.06319455358922858, 0.08457065832582583, 0.0003849851624314245, 0.1178717194451887, 0.10868230885732069]",9.02612018585205,5.333333333333333,4.28125,3.2236328125,2.674297111252635,2.0804243918462637,2.3337372861366354,3,12,11,12,0.46831561778030734,0.3295916257924358,0.37204979545012495,[],[],[],[],False,"[true, true, true, true, true, true, true, true, true, true, true, true]",,,,0.9574685812338468,1.5991224361869572,0.7918275428274147,3.7516740517084832,4.304296466037037,1.2092201193046184,0,4228,257462,1973,133514,0.6422526041666666,0.6790873209635416,2.142929548910289,1.928352082927633,3072,196608,True,True,True,"{""P0"": {""reason"": ""explicit phase ledger missing"", ""status"": ""unavailable""}, ""P1"": {""reason"": ""explicit phase ledger missing"", ""status"": ""unavailable""}, ""P2"": {""actual_rows"": 208896.0, ""content_rows"": 786432.0, ""environment"": {""actual_rows"": 196608.0, ""content_rows"": 786432.0, ""geometry_rows"": 196608.0, ""logical_paths"": 257462.0, ""padded_rows"": 0.0, ""unique_pairs"": 133514.0}, ""geometry_rows"": 196608.0, ""logical_paths"": 261690.0, ""module"": {""actual_rows"": 12288.0, ""content_rows"": null, ""geometry_rows"": null, ""logical_paths"": 4228.0, ""padded_rows"": 9216.0, ""unique_pairs"": 1973.0}, ""padded_rows"": 9216.0, ""status"": ""available"", ""unique_pairs"": 135487.0}, ""P2_consistency"": {""reason"": ""explicit phase ledger missing"", ""status"": ""unavailable""}}",12288.0,9216.0,,,196608.0,0.0,196608.0,786432.0,12,12,"[0.04665515199303627, 0.10831985622644424, 0.05574057251214981, 0.15804274380207062, 0.020609088242053986, 0.17717565596103668, 0.06679247319698334, 0.08480560034513474, 0.11076866090297699, 0.014956815168261528, 0.09600764513015747, 0.06012577936053276]",1.0000000428408384,9.026120705279318,5.194272674202693e-07,1024,3.0,5.0,2,6,"{""2"": 241, ""3"": 406, ""4"": 286, ""5"": 89, ""6"": 2}","{""0"": 9, ""4"": 1, ""6"": 2}","{""1"": 8, ""2"": 19, ""3"": 34, ""4"": 51, ""5"": 35, ""6"": 26, ""7"": 13, ""8"": 6}",True
0642,12,3,3,12,"[0, 1, 2]",8192,deterministic_linspace_subset,"[0.046875, 11.953125, 0.046875, 5.953125]","[true, true, true, true, true, true, true, true, true, true, true, true]","[0.014165754119555155, 0.06581551457444827, 0.002443788107484579, 0.005735134705901146, 0.004008480192472537, 0.17062863847240806, 0.14858017365137735, 0.11065959930419922, 0.12428606088118005, 0.0, 0.19222953915596008, 0.16144734621047974]","[0.03428413956925702, 0.09519572698051584, 0.05551571877741426, 0.10497397217735245, 0.054151047791178186, 0.11664452038348826, 0.13996513622131115, 0.06832725510917234, 0.08955323123211653, 0.02716428173583078, 0.1082412200689943, 0.10598375111213916]",8.82304573059082,6.0,4.296875,3.62890625,3.056630451714234,2.228519995138404,2.500278249006737,3,12,12,12,0.5025927125620144,0.35429674409877193,0.4109266941541052,[9],[],[9],[],False,"[true, true, true, true, true, true, true, true, true, true, true, true]",,,,0.5852578156013054,1.684516929791689,0.9460300513891245,3.805018461593775,4.0366290405209,1.171298183320749,0,6459,263616,2406,124262,0.783203125,0.6320292154947916,2.6845386533665834,2.1214530588595064,3072,196608,True,True,True,"{""P0"": {""reason"": ""explicit phase ledger missing"", ""status"": ""unavailable""}, ""P1"": {""reason"": ""explicit phase ledger missing"", ""status"": ""unavailable""}, ""P2"": {""actual_rows"": 208896.0, ""content_rows"": 786432.0, ""environment"": {""actual_rows"": 196608.0, ""content_rows"": 786432.0, ""geometry_rows"": 196608.0, ""logical_paths"": 263616.0, ""padded_rows"": 0.0, ""unique_pairs"": 124262.0}, ""geometry_rows"": 196608.0, ""logical_paths"": 270075.0, ""module"": {""actual_rows"": 12288.0, ""content_rows"": null, ""geometry_rows"": null, ""logical_paths"": 6459.0, ""padded_rows"": 9216.0, ""unique_pairs"": 2406.0}, ""padded_rows"": 9216.0, ""status"": ""available"", ""unique_pairs"": 126668.0}, ""P2_consistency"": {""reason"": ""explicit phase ledger missing"", ""status"": ""unavailable""}}",12288.0,9216.0,,,196608.0,0.0,196608.0,786432.0,12,12,"[0.024224944412708282, 0.0805056244134903, 0.02897975966334343, 0.05535455793142319, 0.029079759493470192, 0.1436365842819214, 0.14427265524864197, 0.08949343115091324, 0.10691964626312256, 0.013582142069935799, 0.1502353996038437, 0.13371556997299194]",1.000000074505806,8.823045802703092,7.211227170955681e-08,1024,4.0,5.0,2,7,"{""2"": 35, ""3"": 457, ""4"": 423, ""5"": 77, ""6"": 26, ""7"": 6}","{""0"": 9, ""5"": 1, ""6"": 1, ""7"": 1}","{""1"": 4, ""2"": 36, ""3"": 22, ""4"": 43, ""5"": 37, ""6"": 29, ""7"": 17, ""8"": 3, ""9"": 1}",True
0643,12,3,3,12,"[0, 1, 2]",8192,deterministic_linspace_subset,"[0.046875, 11.953125, 0.046875, 5.953125]","[true, true, true, true, true, true, true, true, true, true, true, true]","[0.2005983640750249, 0.09761000672976175, 0.0, 0.07072568933169046, 0.023135482644041378, 0.32644427816073096, 0.12611729900042215, 0.029173359274864197, 0.009706996381282806, 0.0, 0.09639448920885721, 0.02009408331165711]","[0.04320852074609623, 0.12853413715783266, 0.05610003288762992, 0.1176500012586909, 0.0501106059652822, 0.10525773103565447, 0.11228913649239304, 0.07606521496048423, 0.09110534095547487, 0.013845088138926561, 0.12518767879140097, 0.08064651510911364]",8.360118865966797,5.0,4.416666666666667,3.689453125,3.002035519455358,2.2914463707216552,2.588801902653236,3,12,12,12,0.49983951259256426,0.36788344139446827,0.4200295532091842,"[2, 9]",[],"[2, 9]",[],False,"[true, true, true, true, true, true, true, true, true, true, true, true]",,,,0.20855231623900972,1.7798157805226829,1.1268074054725137,3.8067018466916527,4.217669106494973,1.2396267822951206,0,4809,277043,1724,128464,0.5611979166666666,0.6534016927083334,2.789443155452436,2.1565808319840576,3072,196608,True,True,True,"{""P0"": {""reason"": ""explicit phase ledger missing"", ""status"": ""unavailable""}, ""P1"": {""reason"": ""explicit phase ledger missing"", ""status"": ""unavailable""}, ""P2"": {""actual_rows"": 208896.0, ""content_rows"": 786432.0, ""environment"": {""actual_rows"": 196608.0, ""content_rows"": 786432.0, ""geometry_rows"": 196608.0, ""logical_paths"": 277043.0, ""padded_rows"": 0.0, ""unique_pairs"": 128464.0}, ""geometry_rows"": 196608.0, ""logical_paths"": 281852.0, ""module"": {""actual_rows"": 12288.0, ""content_rows"": null, ""geometry_rows"": null, ""logical_paths"": 4809.0, ""padded_rows"": 9216.0, ""unique_pairs"": 1724.0}, ""padded_rows"": 9216.0, ""status"": ""available"", ""unique_pairs"": 130188.0}, ""P2_consistency"": {""reason"": ""explicit phase ledger missing"", ""status"": ""unavailable""}}",12288.0,9216.0,,,196608.0,0.0,196608.0,786432.0,12,12,"[0.1219034492969513, 0.11307208240032196, 0.028050018474459648, 0.09418784081935883, 0.0366230383515358, 0.21585100889205933, 0.11920321732759476, 0.05261927470564842, 0.05040615797042847, 0.006922543048858643, 0.11079107969999313, 0.05037030577659607]",1.0000000167638063,8.360118236604556,6.29362240545106e-07,1024,4.0,5.0,2,7,"{""2"": 59, ""3"": 368, ""4"": 461, ""5"": 107, ""6"": 26, ""7"": 3}","{""0"": 9, ""5"": 3}","{""1"": 1, ""2"": 24, ""3"": 43, ""4"": 40, ""5"": 23, ""6"": 35, ""7"": 23, ""8"": 3}",True
0644,12,3,3,12,"[0, 1, 2]",8192,deterministic_linspace_subset,"[0.046875, 11.953125, 0.046875, 5.953125]","[true, true, true, true, true, true, true, true, true, true, true, true]","[0.0, 0.23407438086966673, 0.041151367127895355, 0.03181915730237961, 6.273168764892034e-06, 0.0, 0.14809915951142708, 0.21808352693915367, 0.227953960498174, 0.0, 0.06835464544807716, 0.030457544179322817]","[0.041430344056228335, 0.06449067012963164, 0.06058804153482988, 0.10117385496899566, 0.09877711921922126, 0.10996172202961436, 0.12589425868933787, 0.07011162166622854, 0.07372259485646072, 0.022612048816123814, 0.10309322798761635, 0.12814449646068243]",8.989910125732422,7.0,5.416666666666667,3.5009765625,3.7232366095513085,2.754777794999279,2.5036729179297805,3,12,12,12,0.5873627747633549,0.4371803457013424,0.38720030204878747,"[0, 5, 9]",[],"[0, 5, 9]",[],False,"[true, true, true, true, true, true, true, true, true, true, true, true]",,,,0.44047471380590547,1.8935670741624255,0.5926528016416623,3.8172080025183384,3.7161121739364638,1.1695710702261526,0,7834,326856,2783,148673,0.9059244791666666,0.7561899820963541,2.8149478979518507,2.19848930202525,3072,196608,True,True,True,"{""P0"": {""reason"": ""explicit phase ledger missing"", ""status"": ""unavailable""}, ""P1"": {""reason"": ""explicit phase ledger missing"", ""status"": ""unavailable""}, ""P2"": {""actual_rows"": 208896.0, ""content_rows"": 786432.0, ""environment"": {""actual_rows"": 196608.0, ""content_rows"": 786432.0, ""geometry_rows"": 196608.0, ""logical_paths"": 326856.0, ""padded_rows"": 0.0, ""unique_pairs"": 148673.0}, ""geometry_rows"": 196608.0, ""logical_paths"": 334690.0, ""module"": {""actual_rows"": 12288.0, ""content_rows"": null, ""geometry_rows"": null, ""logical_paths"": 7834.0, ""padded_rows"": 9216.0, ""unique_pairs"": 2783.0}, ""padded_rows"": 9216.0, ""status"": ""available"", ""unique_pairs"": 151456.0}, ""P2_consistency"": {""reason"": ""explicit phase ledger missing"", ""status"": ""unavailable""}}",12288.0,9216.0,,,196608.0,0.0,196608.0,786432.0,12,12,"[0.020715173333883286, 0.1492825299501419, 0.05086970329284668, 0.06649650633335114, 0.04939168691635132, 0.054980866611003876, 0.13699671626091003, 0.14409758150577545, 0.15083828568458557, 0.01130602601915598, 0.08572393655776978, 0.07930102199316025]",1.0000000344589353,8.989910555124386,4.2939196376323707e-07,1024,4.0,5.0,1,6,"{""1"": 79, ""2"": 107, ""3"": 250, ""4"": 426, ""5"": 134, ""6"": 28}","{""0"": 9, ""7"": 3}","{""10"": 4, ""11"": 5, ""12"": 1, ""2"": 13, ""3"": 29, ""4"": 30, ""5"": 33, ""6"": 34, ""7"": 23, ""8"": 10, ""9"": 10}",True
0645,12,3,3,12,"[0, 1, 2]",8192,deterministic_linspace_subset,"[0.046875, 11.953125, 0.046875, 5.953125]","[true, true, true, true, true, true, true, true, true, true, true, true]","[0.0232338085770607, 0.19823426504929859, 0.08520676692326863, 0.07228508591651917, 0.02523374060789744, 0.04473708011209965, 0.0, 0.017382000883420307, 0.16304879094241187, 0.025602859755357105, 0.25506124800692, 0.089974378546079]","[0.048680797087229166, 0.08279682113940603, 0.05351703427918152, 0.1492951632106975, 0.03970018888737747, 0.1298598878178533, 0.11315798568072445, 0.043599703778852535, 0.0905468727098461, 0.023622738590650744, 0.10739754534462644, 0.11782527134846535]",8.988616943359375,6.333333333333333,4.859375,3.3369140625,3.3724413039425225,2.3319073525129386,2.3924184839659164,3,12,11,12,0.5685933843948906,0.37595139113591086,0.3773482862433798,[6],[],[6],[],False,"[true, true, true, true, true, true, true, true, true, true, true, true]",,,,0.41306187128806077,1.7395439457102035,0.6106203870692328,3.811604385433372,3.431913191278496,1.2496006244367135,0,6074,281532,2662,142459,0.8665364583333334,0.7245839436848959,2.2817430503380915,1.9762317579092932,3072,196608,True,True,True,"{""P0"": {""reason"": ""explicit phase ledger missing"", ""status"": ""unavailable""}, ""P1"": {""reason"": ""explicit phase ledger missing"", ""status"": ""unavailable""}, ""P2"": {""actual_rows"": 208896.0, ""content_rows"": 786432.0, ""environment"": {""actual_rows"": 196608.0, ""content_rows"": 786432.0, ""geometry_rows"": 196608.0, ""logical_paths"": 281532.0, ""padded_rows"": 0.0, ""unique_pairs"": 142459.0}, ""geometry_rows"": 196608.0, ""logical_paths"": 287606.0, ""module"": {""actual_rows"": 12288.0, ""content_rows"": null, ""geometry_rows"": null, ""logical_paths"": 6074.0, ""padded_rows"": 9216.0, ""unique_pairs"": 2662.0}, ""padded_rows"": 9216.0, ""status"": ""available"", ""unique_pairs"": 145121.0}, ""P2_consistency"": {""reason"": ""explicit phase ledger missing"", ""status"": ""unavailable""}}",12288.0,9216.0,,,196608.0,0.0,196608.0,786432.0,12,12,"[0.03595730662345886, 0.1405155509710312, 0.06936189532279968, 0.11079012602567673, 0.03246696665883064, 0.08729848265647888, 0.05657898634672165, 0.030490856617689133, 0.12679782509803772, 0.024612799286842346, 0.18122941255569458, 0.10389982908964157]",1.000000037252903,8.988616321233557,6.221258175287403e-07,1024,3.0,5.0,1,6,"{""1"": 27, ""2"": 109, ""3"": 486, ""4"": 301, ""5"": 96, ""6"": 5}","{""0"": 9, ""6"": 2, ""7"": 1}","{""1"": 4, ""10"": 1, ""2"": 28, ""3"": 15, ""4"": 33, ""5"": 37, ""6"": 36, ""7"": 22, ""8"": 13, ""9"": 3}",True
0646,12,3,3,12,"[0, 1, 2]",8192,deterministic_linspace_subset,"[0.046875, 11.953125, 0.046875, 5.953125]","[true, true, true, true, true, true, true, true, true, true, true, true]","[0.004020811679462591, 0.07701898117860158, 0.11019262671470642, 0.0, 0.07764501964993542, 0.024312006309628483, 0.0, 0.0, 0.24072064210971195, 0.0, 0.2145080864429474, 0.2515818327665329]","[0.040533191424780554, 0.08744160082536112, 0.05834455904278002, 0.12080045198016859, 0.06993186187279811, 0.11583326574357972, 0.11822468298407784, 0.0777440765037909, 0.06667422174222302, 0.04242281092592747, 0.09889431216667316, 0.1031549692071015]",8.814041137695312,6.0,4.614583333333333,3.359375,3.6555396310382666,2.4217935833529634,2.3610593328773035,3,12,12,12,0.5565895913000652,0.38990599732167447,0.3757825924473006,"[3, 6, 7, 9]",[],"[3, 6, 7, 9]",[],False,"[true, true, true, true, true, true, true, true, true, true, true, true]",,,,0.3869862557870521,1.7262799626910663,0.673077106324291,3.809095468452192,3.8136494809071877,1.153991357686615,0,6106,266769,2262,127051,0.736328125,0.6462148030598959,2.6993810786914234,2.0997001204240817,3072,196608,True,True,True,"{""P0"": {""reason"": ""explicit phase ledger missing"", ""status"": ""unavailable""}, ""P1"": {""reason"": ""explicit phase ledger missing"", ""status"": ""unavailable""}, ""P2"": {""actual_rows"": 208896.0, ""content_rows"": 786432.0, ""environment"": {""actual_rows"": 196608.0, ""content_rows"": 786432.0, ""geometry_rows"": 196608.0, ""logical_paths"": 266769.0, ""padded_rows"": 0.0, ""unique_pairs"": 127051.0}, ""geometry_rows"": 196608.0, ""logical_paths"": 272875.0, ""module"": {""actual_rows"": 12288.0, ""content_rows"": null, ""geometry_rows"": null, ""logical_paths"": 6106.0, ""padded_rows"": 9216.0, ""unique_pairs"": 2262.0}, ""padded_rows"": 9216.0, ""status"": ""available"", ""unique_pairs"": 129313.0}, ""P2_consistency"": {""reason"": ""explicit phase ledger missing"", ""status"": ""unavailable""}}",12288.0,9216.0,,,196608.0,0.0,196608.0,786432.0,12,12,"[0.022277001291513443, 0.08223029226064682, 0.08426859974861145, 0.06040022149682045, 0.07378844171762466, 0.07007264345884323, 0.059112343937158585, 0.03887203335762024, 0.1536974310874939, 0.021211404353380203, 0.1567012071609497, 0.1773684024810791]",1.0000000223517418,8.814041955508712,8.178133992231551e-07,1024,3.0,5.0,2,7,"{""2"": 193, ""3"": 382, ""4"": 363, ""5"": 61, ""6"": 24, ""7"": 1}","{""0"": 9, ""6"": 3}","{""1"": 3, ""10"": 2, ""2"": 29, ""3"": 30, ""4"": 31, ""5"": 42, ""6"": 23, ""7"": 17, ""8"": 11, ""9"": 4}",True
0647,12,3,3,12,"[0, 1, 2]",8192,deterministic_linspace_subset,"[0.046875, 11.953125, 0.046875, 5.953125]","[true, true, true, true, true, true, true, true, true, true, true, true]","[0.12614594896634418, 0.12386835925281048, 0.05942439536253611, 0.02670744309822718, 0.026449923714001972, 0.15413560957434433, 0.0010459229039649167, 0.036693148625393704, 0.23731655875841776, 0.0002107029625525077, 0.13031262066215277, 0.07768936455249786]","[0.03701840003528408, 0.09215762464039774, 0.05817727764657358, 0.11308529186953815, 0.03517428285188848, 0.13801619746104166, 0.14030661503822253, 0.07719101260850417, 0.07048475335409676, 0.023994766230667656, 0.1176886370596956, 0.09670515300275423]",9.61520004272461,6.333333333333333,4.536458333333333,3.705078125,3.3950390187866,2.3305930489233,2.5709233186462987,3,12,12,12,0.542476881944006,0.3738100150573247,0.4218374315492522,[],[],[],[],False,"[true, true, true, true, true, true, true, true, true, true, true, true]",,,,0.3775694293832623,1.782764134055596,0.5909152115199433,3.80513955032101,3.6341813109093457,1.2504955212423672,0,6592,288843,2496,134513,0.8125,0.6841684977213541,2.641025641025641,2.147324050463524,3072,196608,True,True,True,"{""P0"": {""reason"": ""explicit phase ledger missing"", ""status"": ""unavailable""}, ""P1"": {""reason"": ""explicit phase ledger missing"", ""status"": ""unavailable""}, ""P2"": {""actual_rows"": 208896.0, ""content_rows"": 786432.0, ""environment"": {""actual_rows"": 196608.0, ""content_rows"": 786432.0, ""geometry_rows"": 196608.0, ""logical_paths"": 288843.0, ""padded_rows"": 0.0, ""unique_pairs"": 134513.0}, ""geometry_rows"": 196608.0, ""logical_paths"": 295435.0, ""module"": {""actual_rows"": 12288.0, ""content_rows"": null, ""geometry_rows"": null, ""logical_paths"": 6592.0, ""padded_rows"": 9216.0, ""unique_pairs"": 2496.0}, ""padded_rows"": 9216.0, ""status"": ""available"", ""unique_pairs"": 137009.0}, ""P2_consistency"": {""reason"": ""explicit phase ledger missing"", ""status"": ""unavailable""}}",12288.0,9216.0,,,196608.0,0.0,196608.0,786432.0,12,12,"[0.08158218115568161, 0.10801298916339874, 0.0588008388876915, 0.06989637017250061, 0.030812107026576996, 0.14607590436935425, 0.0706762745976448, 0.05694207549095154, 0.1539006531238556, 0.012102736160159111, 0.12400062382221222, 0.08719726651906967]",1.0000000204890966,9.615200067568855,2.4844245771760143e-08,1024,4.0,5.0,2,6,"{""2"": 1, ""3"": 432, ""4"": 468, ""5"": 114, ""6"": 9}","{""0"": 9, ""3"": 1, ""7"": 1, ""9"": 1}","{""1"": 2, ""10"": 1, ""2"": 28, ""3"": 31, ""4"": 35, ""5"": 48, ""6"": 17, ""7"": 16, ""8"": 10, ""9"": 4}",True
0648,12,5,5,12,"[0, 1, 2, 3, 4]",8192,deterministic_linspace_subset,"[0.046875, 11.953125, 0.046875, 5.953125]","[true, true, true, true, true, true, true, true, true, true, true, true]","[0.05525886416435242, 0.14079418517649175, 0.06486352160573006, 0.012906573317013682, 0.014624008536338808, 0.10840734243392945, 0.10896782670170069, 0.15097461212426425, 0.1852908864617348, 0.000620993645861745, 0.0608356386423111, 0.09645554386079311]","[0.044109465554204995, 0.07646552062108469, 0.06598756971167556, 0.10926148835793957, 0.07393505888388556, 0.10216329012647897, 0.1371962793811576, 0.07026765880487111, 0.09115781361697375, 0.04103159406014356, 0.09559188418502156, 0.09283238886753152]",10.274620056152344,5.8,4.390625,3.3203125,2.933102619576859,2.239135577281026,2.3861970714695495,5,12,11,12,0.4961567954868923,0.35790270537348395,0.3852063912400009,[],[],[],[],False,"[true, true, true, true, true, true, true, true, true, true, true, true]",,,,0.9665755273034929,1.6463298767681371,1.3299217471221185,3.8073028012492096,4.126056261602233,1.0935136941937271,0,9167,245382,4008,124592,0.7828125,0.6337076822916666,2.2871756487025947,1.9694843970720433,5120,196608,True,True,True,"{""P0"": {""reason"": ""explicit phase ledger missing"", ""status"": ""unavailable""}, ""P1"": {""reason"": ""explicit phase ledger missing"", ""status"": ""unavailable""}, ""P2"": {""actual_rows"": 208896.0, ""content_rows"": 786432.0, ""environment"": {""actual_rows"": 196608.0, ""content_rows"": 786432.0, ""geometry_rows"": 196608.0, ""logical_paths"": 245382.0, ""padded_rows"": 0.0, ""unique_pairs"": 124592.0}, ""geometry_rows"": 196608.0, ""logical_paths"": 254549.0, ""module"": {""actual_rows"": 12288.0, ""content_rows"": null, ""geometry_rows"": null, ""logical_paths"": 9167.0, ""padded_rows"": 7168.0, ""unique_pairs"": 4008.0}, ""padded_rows"": 7168.0, ""status"": ""available"", ""unique_pairs"": 128600.0}, ""P2_consistency"": {""reason"": ""explicit phase ledger missing"", ""status"": ""unavailable""}}",12288.0,7168.0,,,196608.0,0.0,196608.0,786432.0,12,12,"[0.04968416690826416, 0.10862985253334045, 0.06542554497718811, 0.06108403578400612, 0.044279541820287704, 0.10528530180454254, 0.12308207154273987, 0.1106211394071579, 0.13822436332702637, 0.020826295018196106, 0.07821375876665115, 0.0946439653635025]",1.000000037252903,10.274619040984327,1.0151680172043598e-06,1024,3.0,5.0,2,6,"{""2"": 135, ""3"": 511, ""4"": 309, ""5"": 53, ""6"": 16}","{""0"": 7, ""5"": 3, ""6"": 1, ""8"": 1}","{""10"": 1, ""2"": 36, ""3"": 30, ""4"": 32, ""5"": 40, ""6"": 36, ""7"": 10, ""8"": 6, ""9"": 1}",True
0649,12,5,5,12,"[0, 1, 2, 3, 4]",8192,deterministic_linspace_subset,"[0.046875, 11.953125, 0.046875, 5.953125]","[true, true, true, true, true, true, true, true, true, true, true, true]","[0.03266017809510231, 0.17407724894583226, 0.03836303055286408, 0.02100285664200783, 0.018745745718479156, 0.166053307056427, 0.04720710515975953, 0.12851988933980465, 0.14679941395297647, 0.0006780421826988459, 0.13713258095085623, 0.08876065481454135]","[0.03003305809755356, 0.08684584177764756, 0.048101209164267765, 0.10420891226662357, 0.07600794379120636, 0.12370584030468441, 0.12986685553634436, 0.059562835539679775, 0.07016559626398099, 0.07305307326509099, 0.09977856403374122, 0.09867027189391328]",10.035080909729004,6.0,4.432291666666667,3.5263671875,3.210080190635348,2.25250953968318,2.4577717870721627,5,12,12,12,0.533257338043061,0.35695345666091294,0.40312919824517957,[],[],[],[],False,"[true, true, true, true, true, true, true, true, true, true, true, true]",,,,0.7954996939122646,1.615136574752469,1.396332569899048,3.80649766100166,3.9057436108445347,1.1701385450469775,0,10364,261727,4298,129178,0.839453125,0.6570332845052084,2.411354118194509,2.026095774822338,5120,196608,True,True,True,"{""P0"": {""reason"": ""explicit phase ledger missing"", ""status"": ""unavailable""}, ""P1"": {""reason"": ""explicit phase ledger missing"", ""status"": ""unavailable""}, ""P2"": {""actual_rows"": 208896.0, ""content_rows"": 786432.0, ""environment"": {""actual_rows"": 196608.0, ""content_rows"": 786432.0, ""geometry_rows"": 196608.0, ""logical_paths"": 261727.0, ""padded_rows"": 0.0, ""unique_pairs"": 129178.0}, ""geometry_rows"": 196608.0, ""logical_paths"": 272091.0, ""module"": {""actual_rows"": 12288.0, ""content_rows"": null, ""geometry_rows"": null, ""logical_paths"": 10364.0, ""padded_rows"": 7168.0, ""unique_pairs"": 4298.0}, ""padded_rows"": 7168.0, ""status"": ""available"", ""unique_pairs"": 133476.0}, ""P2_consistency"": {""reason"": ""explicit phase ledger missing"", ""status"": ""unavailable""}}",12288.0,7168.0,,,196608.0,0.0,196608.0,786432.0,12,12,"[0.03134661912918091, 0.13046154379844666, 0.04323212057352066, 0.06260588020086288, 0.0473768413066864, 0.14487957954406738, 0.08853697776794434, 0.0940413624048233, 0.10848250985145569, 0.036865558475255966, 0.11845557391643524, 0.09371547400951385]",1.0000000409781933,10.035081967335564,1.0576065605505391e-06,1024,3.0,5.0,2,6,"{""2"": 19, ""3"": 529, ""4"": 406, ""5"": 58, ""6"": 12}","{""0"": 7, ""5"": 2, ""6"": 2, ""8"": 1}","{""1"": 5, ""2"": 31, ""3"": 23, ""4"": 29, ""5"": 52, ""6"": 34, ""7"": 11, ""8"": 5, ""9"": 2}",True
0650,12,5,5,12,"[0, 1, 2, 3, 4]",8192,deterministic_linspace_subset,"[0.046875, 11.953125, 0.046875, 5.953125]","[true, true, true, true, true, true, true, true, true, true, true, true]","[0.04397539924830199, 0.15622107761446388, 0.021170468739001084, 0.08091873601078987, 0.0006940443068742752, 0.13294595828192543, 0.09369403421878816, 0.11362742483615876, 0.13704836764372888, 0.001868285983800888, 0.12212444841861725, 0.09571179123595358]","[0.0885499309838445, 0.07490282264128231, 0.06334649320870687, 0.11323355442315612, 0.07303689642879861, 0.10190812301410307, 0.12836087055014408, 0.06637688481165563, 0.06784628371004452, 0.053291159687706965, 0.09079186249005036, 0.07835512663716758]",10.5602445602417,5.8,4.135416666666667,3.2412109375,2.8051879877561054,2.2323560507487983,2.323655843344736,5,12,11,12,0.4690689855151321,0.3503204638496726,0.3728041046363104,[],[],[],[],False,"[true, true, true, true, true, true, true, true, true, true, true, true]",,,,0.8913205548071425,1.5970416139709025,1.199631359482292,3.8071632532413355,3.9987754613196578,1.1040484284595888,0,9057,218206,4144,120852,0.809375,0.61468505859375,2.185569498069498,1.805563830139344,5120,196608,True,True,True,"{""P0"": {""reason"": ""explicit phase ledger missing"", ""status"": ""unavailable""}, ""P1"": {""reason"": ""explicit phase ledger missing"", ""status"": ""unavailable""}, ""P2"": {""actual_rows"": 208896.0, ""content_rows"": 786432.0, ""environment"": {""actual_rows"": 196608.0, ""content_rows"": 786432.0, ""geometry_rows"": 196608.0, ""logical_paths"": 218206.0, ""padded_rows"": 0.0, ""unique_pairs"": 120852.0}, ""geometry_rows"": 196608.0, ""logical_paths"": 227263.0, ""module"": {""actual_rows"": 12288.0, ""content_rows"": null, ""geometry_rows"": null, ""logical_paths"": 9057.0, ""padded_rows"": 7168.0, ""unique_pairs"": 4144.0}, ""padded_rows"": 7168.0, ""status"": ""available"", ""unique_pairs"": 124996.0}, ""P2_consistency"": {""reason"": ""explicit phase ledger missing"", ""status"": ""unavailable""}}",12288.0,7168.0,,,196608.0,0.0,196608.0,786432.0,12,12,"[0.06626267731189728, 0.11556194722652435, 0.042258474975824356, 0.09707614779472351, 0.0368654690682888, 0.1174270510673523, 0.11102744936943054, 0.0900021493434906, 0.10244733840227127, 0.027579722926020622, 0.1064581573009491, 0.0870334580540657]",1.0000000428408384,10.560244175447586,3.847941130175059e-07,1024,3.0,5.0,2,6,"{""2"": 147, ""3"": 537, ""4"": 287, ""5"": 52, ""6"": 1}","{""0"": 7, ""5"": 2, ""6"": 2, ""7"": 1}","{""1"": 5, ""2"": 40, ""3"": 31, ""4"": 34, ""5"": 31, ""6"": 34, ""7"": 15, ""8"": 2}",True
0651,12,5,5,12,"[0, 1, 2, 3, 4]",8192,deterministic_linspace_subset,"[0.046875, 11.953125, 0.046875, 5.953125]","[true, true, true, true, true, true, true, true, true, true, true, true]","[0.04829686209559441, 0.208874099701643, 0.00027690422721207144, 0.12013202458620073, 0.001800544559955597, 0.13262502141296864, 0.04146040007472039, 0.01168156845960766, 0.12546114027500152, 0.006566341791767627, 0.22244139090180398, 0.08038374409079552]","[0.08263478190813578, 0.07099389250470266, 0.07665228353997589, 0.10689516920585145, 0.07415850239582747, 0.11162901966630065, 0.10741438754550357, 0.07489271753812926, 0.06754447850269626, 0.07839172789135775, 0.0795957301694822, 0.0691973133310692]",9.850099563598633,6.2,3.984375,3.35546875,2.85777763790755,2.230504855359243,2.3916819421912967,5,12,11,12,0.5031050973643385,0.34740724752793845,0.38667323033965106,[],[],[],[],False,"[true, true, true, true, true, true, true, true, true, true, true, true]",,,,0.7333046892018341,1.5563926530613486,1.1441192873878068,3.805252982482423,4.0039311822684835,1.1243681235537717,0,10073,214129,4224,115418,0.825,0.5870463053385416,2.3847064393939394,1.85524788161292,5120,196608,True,True,True,"{""P0"": {""reason"": ""explicit phase ledger missing"", ""status"": ""unavailable""}, ""P1"": {""reason"": ""explicit phase ledger missing"", ""status"": ""unavailable""}, ""P2"": {""actual_rows"": 208896.0, ""content_rows"": 786432.0, ""environment"": {""actual_rows"": 196608.0, ""content_rows"": 786432.0, ""geometry_rows"": 196608.0, ""logical_paths"": 214129.0, ""padded_rows"": 0.0, ""unique_pairs"": 115418.0}, ""geometry_rows"": 196608.0, ""logical_paths"": 224202.0, ""module"": {""actual_rows"": 12288.0, ""content_rows"": null, ""geometry_rows"": null, ""logical_paths"": 10073.0, ""padded_rows"": 7168.0, ""unique_pairs"": 4224.0}, ""padded_rows"": 7168.0, ""status"": ""available"", ""unique_pairs"": 119642.0}, ""P2_consistency"": {""reason"": ""explicit phase ledger missing"", ""status"": ""unavailable""}}",12288.0,7168.0,,,196608.0,0.0,196608.0,786432.0,12,12,"[0.06546583026647568, 0.1399340033531189, 0.03846460208296776, 0.11351360380649567, 0.037979524582624435, 0.12212702631950378, 0.07443740218877792, 0.043287139385938644, 0.09650281071662903, 0.042479030787944794, 0.15101855993270874, 0.07479052245616913]",1.0000000558793545,9.850100147432954,5.83834321332688e-07,1024,3.0,5.0,2,6,"{""2"": 105, ""3"": 523, ""4"": 334, ""5"": 51, ""6"": 11}","{""0"": 7, ""5"": 2, ""6"": 1, ""7"": 1, ""8"": 1}","{""1"": 6, ""2"": 32, ""3"": 47, ""4"": 31, ""5"": 41, ""6"": 21, ""7"": 13, ""8"": 1}",True
0652,12,5,5,12,"[0, 1, 2, 3, 4]",8192,deterministic_linspace_subset,"[0.046875, 11.953125, 0.046875, 5.953125]","[true, true, true, true, true, true, true, true, true, true, true, true]","[0.056051505729556084, 0.19965867698192596, 0.019880040735006335, 0.0606869560549967, 0.0, 0.024683390400605278, 0.07405546829104424, 0.1457578805508092, 0.1515636719763279, 0.012742999196052552, 0.1953187253326178, 0.05960070407018066]","[0.06731318763646262, 0.07425374110319655, 0.06205068690550775, 0.09885828967699695, 0.0908041966483163, 0.1181344698967699, 0.11916808874050398, 0.052703851885325996, 0.07545806677926235, 0.050252458238560394, 0.08782636549843419, 0.10317660419985589]",10.257625579833984,7.0,4.546875,3.505859375,3.3832676490730322,2.5095086633729777,2.4645124713928697,5,12,12,12,0.5535949929365701,0.394129916702265,0.39672605288568885,[4],[],[4],[],False,"[true, true, true, true, true, true, true, true, true, true, true, true]",,,,0.6104599153170354,1.7327664776656853,0.8295662332956502,3.817226443333864,3.6188136494244763,1.1728934071930857,0,12140,266219,4855,133066,0.9482421875,0.6768086751302084,2.500514933058702,2.000653810890836,5120,196608,True,True,True,"{""P0"": {""reason"": ""explicit phase ledger missing"", ""status"": ""unavailable""}, ""P1"": {""reason"": ""explicit phase ledger missing"", ""status"": ""unavailable""}, ""P2"": {""actual_rows"": 208896.0, ""content_rows"": 786432.0, ""environment"": {""actual_rows"": 196608.0, ""content_rows"": 786432.0, ""geometry_rows"": 196608.0, ""logical_paths"": 266219.0, ""padded_rows"": 0.0, ""unique_pairs"": 133066.0}, ""geometry_rows"": 196608.0, ""logical_paths"": 278359.0, ""module"": {""actual_rows"": 12288.0, ""content_rows"": null, ""geometry_rows"": null, ""logical_paths"": 12140.0, ""padded_rows"": 7168.0, ""unique_pairs"": 4855.0}, ""padded_rows"": 7168.0, ""status"": ""available"", ""unique_pairs"": 137921.0}, ""P2_consistency"": {""reason"": ""explicit phase ledger missing"", ""status"": ""unavailable""}}",12288.0,7168.0,,,196608.0,0.0,196608.0,786432.0,12,12,"[0.06168234720826149, 0.13695620000362396, 0.04096536338329315, 0.07977262139320374, 0.04540209099650383, 0.07140892744064331, 0.09661176800727844, 0.09923087060451508, 0.1135108694434166, 0.03149772807955742, 0.14157253503799438, 0.08138865232467651]",0.9999999739229679,10.257625522922694,5.691128990292782e-08,1024,3.0,5.0,2,6,"{""2"": 110, ""3"": 416, ""4"": 376, ""5"": 114, ""6"": 8}","{""0"": 7, ""5"": 1, ""6"": 1, ""7"": 1, ""8"": 1, ""9"": 1}","{""1"": 5, ""2"": 21, ""3"": 39, ""4"": 29, ""5"": 35, ""6"": 35, ""7"": 19, ""8"": 6, ""9"": 3}",True
0653,12,5,5,12,"[0, 1, 2, 3, 4]",8192,deterministic_linspace_subset,"[0.046875, 11.953125, 0.046875, 5.953125]","[true, true, true, true, true, true, true, true, true, true, true, true]","[0.016034297310397964, 0.10267762602306904, 0.028429060801863672, 0.11681624650955201, 0.010768342165101787, 0.13577278014272454, 0.027552986145019533, 0.010316045419313014, 0.1982881724834442, 0.0018475843593478204, 0.15855430290102962, 0.19294255822896958]","[0.07223532342504771, 0.07880096270542461, 0.06752175538040696, 0.12167098535185993, 0.08007724150598484, 0.1043289350567799, 0.11087864378375452, 0.07515454143746564, 0.059905840552867545, 0.053782690843320324, 0.0919745241645842, 0.08366856043088929]",9.798727035522461,6.2,3.9739583333333335,3.2958984375,2.689085129709725,2.19197583881173,2.3500549061738645,5,12,12,12,0.4750371894441865,0.34232800546249925,0.37780164754137563,[],[],[],[],False,"[true, true, true, true, true, true, true, true, true, true, true, true]",,,,0.6278755150299344,1.561584168825845,0.9774369102283076,3.805689098536145,3.915839288805323,1.1201570504558793,0,9336,213823,4038,116860,0.788671875,0.5943806966145834,2.3120356612184247,1.8297364367619373,5120,196608,True,True,True,"{""P0"": {""reason"": ""explicit phase ledger missing"", ""status"": ""unavailable""}, ""P1"": {""reason"": ""explicit phase ledger missing"", ""status"": ""unavailable""}, ""P2"": {""actual_rows"": 208896.0, ""content_rows"": 786432.0, ""environment"": {""actual_rows"": 196608.0, ""content_rows"": 786432.0, ""geometry_rows"": 196608.0, ""logical_paths"": 213823.0, ""padded_rows"": 0.0, ""unique_pairs"": 116860.0}, ""geometry_rows"": 196608.0, ""logical_paths"": 223159.0, ""module"": {""actual_rows"": 12288.0, ""content_rows"": null, ""geometry_rows"": null, ""logical_paths"": 9336.0, ""padded_rows"": 7168.0, ""unique_pairs"": 4038.0}, ""padded_rows"": 7168.0, ""status"": ""available"", ""unique_pairs"": 120898.0}, ""P2_consistency"": {""reason"": ""explicit phase ledger missing"", ""status"": ""unavailable""}}",12288.0,7168.0,,,196608.0,0.0,196608.0,786432.0,12,12,"[0.04413481056690216, 0.09073929488658905, 0.04797540232539177, 0.11924362182617188, 0.04542278125882149, 0.12005085498094559, 0.0692158192396164, 0.04273529723286629, 0.12909699976444244, 0.027815133333206177, 0.12526440620422363, 0.13830555975437164]",0.9999999813735485,9.798727270263887,2.347414262970915e-07,1024,3.0,5.0,2,6,"{""2"": 120, ""3"": 540, ""4"": 309, ""5"": 51, ""6"": 4}","{""0"": 7, ""5"": 1, ""6"": 2, ""7"": 2}","{""1"": 2, ""2"": 41, ""3"": 35, ""4"": 38, ""5"": 45, ""6"": 22, ""7"": 7, ""8"": 2}",True
0654,12,5,5,12,"[0, 1, 2, 3, 4]",8192,deterministic_linspace_subset,"[0.046875, 11.953125, 0.046875, 5.953125]","[true, true, true, true, true, true, true, true, true, true, true, true]","[0.0519863486289978, 0.12174799763743067, 0.05770168453454971, 0.11759114339947702, 0.09771931171417236, 0.05468343547545374, 0.013445483148097993, 0.09673471450805665, 0.09846285693347454, 0.01456296481192112, 0.17004479020833968, 0.10531927086412907]","[0.06458653941431436, 0.09258980804891807, 0.06788634631212423, 0.12250634265562137, 0.06006959660311395, 0.10828656380090251, 0.12321837600844297, 0.06294232419016642, 0.07625756006547876, 0.02514302720192418, 0.1015075596896698, 0.09500596662191897]",10.679365158081055,5.6,3.9947916666666665,3.142578125,3.0237118391484894,2.1053103528546537,2.3014701839611673,5,12,12,12,0.5111007073117275,0.32567395061597204,0.36666520057049046,[],[],[],[],False,"[true, true, true, true, true, true, true, true, true, true, true, true]",,,,1.0786366220819492,1.542790848998142,1.4219061836617266,3.8043178038278875,4.007810766403959,1.1181326016004483,0,8175,211306,4127,120338,0.8060546875,0.6120707194010416,1.9808577659316695,1.7559374428692516,5120,196608,True,True,True,"{""P0"": {""reason"": ""explicit phase ledger missing"", ""status"": ""unavailable""}, ""P1"": {""reason"": ""explicit phase ledger missing"", ""status"": ""unavailable""}, ""P2"": {""actual_rows"": 208896.0, ""content_rows"": 786432.0, ""environment"": {""actual_rows"": 196608.0, ""content_rows"": 786432.0, ""geometry_rows"": 196608.0, ""logical_paths"": 211306.0, ""padded_rows"": 0.0, ""unique_pairs"": 120338.0}, ""geometry_rows"": 196608.0, ""logical_paths"": 219481.0, ""module"": {""actual_rows"": 12288.0, ""content_rows"": null, ""geometry_rows"": null, ""logical_paths"": 8175.0, ""padded_rows"": 7168.0, ""unique_pairs"": 4127.0}, ""padded_rows"": 7168.0, ""status"": ""available"", ""unique_pairs"": 124465.0}, ""P2_consistency"": {""reason"": ""explicit phase ledger missing"", ""status"": ""unavailable""}}",12288.0,7168.0,,,196608.0,0.0,196608.0,786432.0,12,12,"[0.05828644335269928, 0.10716889798641205, 0.06279401481151581, 0.12004876136779785, 0.07889445871114731, 0.08148500323295593, 0.06833192706108093, 0.07983852177858353, 0.0873602032661438, 0.01985299587249756, 0.13577617704868317, 0.10016262531280518]",1.0000000298023224,10.679364906260492,2.5182056262451624e-07,1024,3.0,4.0,2,6,"{""2"": 203, ""3"": 522, ""4"": 252, ""5"": 44, ""6"": 3}","{""0"": 7, ""5"": 3, ""6"": 1, ""7"": 1}","{""1"": 6, ""2"": 35, ""3"": 37, ""4"": 39, ""5"": 41, ""6"": 23, ""7"": 7, ""8"": 4}",True
0655,12,5,5,12,"[0, 1, 2, 3, 4]",8192,deterministic_linspace_subset,"[0.046875, 11.953125, 0.046875, 5.953125]","[true, true, true, true, true, true, true, true, true, true, true, true]","[0.11273004561662675, 0.19563152343034745, 0.00777404084801674, 0.16662838533520702, 0.030848175287246704, 0.07838299901341089, 0.0005691918078809977, 0.0, 0.07357151862233878, 0.018900959007442, 0.18157683257013557, 0.13338634669780733]","[0.05923908441521538, 0.06284962343683749, 0.0697145316360945, 0.12565639572979612, 0.06058990600189892, 0.13208059649150525, 0.10946625327039786, 0.05900599293252877, 0.06273580440136091, 0.04014885881112682, 0.10587868106658029, 0.11263427635589097]",9.494657516479492,6.0,4.541666666666667,3.3583984375,3.205957444102156,2.376135270658696,2.4071548286224536,5,12,12,12,0.538801054732892,0.3749444803384731,0.38657277729014955,[7],[],[7],[],False,"[true, true, true, true, true, true, true, true, true, true, true, true]",,,,0.8134136006782823,1.690567936993677,1.5226310921840518,3.8144063309938003,3.9352309715659017,1.197240283097337,0,8861,253250,3977,124893,0.7767578125,0.6352386474609375,2.228061352778476,2.0277357417949764,5120,196608,True,True,True,"{""P0"": {""reason"": ""explicit phase ledger missing"", ""status"": ""unavailable""}, ""P1"": {""reason"": ""explicit phase ledger missing"", ""status"": ""unavailable""}, ""P2"": {""actual_rows"": 208896.0, ""content_rows"": 786432.0, ""environment"": {""actual_rows"": 196608.0, ""content_rows"": 786432.0, ""geometry_rows"": 196608.0, ""logical_paths"": 253250.0, ""padded_rows"": 0.0, ""unique_pairs"": 124893.0}, ""geometry_rows"": 196608.0, ""logical_paths"": 262111.0, ""module"": {""actual_rows"": 12288.0, ""content_rows"": null, ""geometry_rows"": null, ""logical_paths"": 8861.0, ""padded_rows"": 7168.0, ""unique_pairs"": 3977.0}, ""padded_rows"": 7168.0, ""status"": ""available"", ""unique_pairs"": 128870.0}, ""P2_consistency"": {""reason"": ""explicit phase ledger missing"", ""status"": ""unavailable""}}",12288.0,7168.0,,,196608.0,0.0,196608.0,786432.0,12,12,"[0.08598455786705017, 0.12924058735370636, 0.03874428942799568, 0.1461423933506012, 0.04571904242038727, 0.10523180663585663, 0.055017709732055664, 0.029502995312213898, 0.06815366446971893, 0.02952491119503975, 0.14372776448726654, 0.1230103150010109]",1.000000037252903,9.494658026823224,5.103437317188764e-07,1024,3.0,5.0,2,6,"{""2"": 127, ""3"": 485, ""4"": 337, ""5"": 68, ""6"": 7}","{""0"": 7, ""5"": 2, ""6"": 1, ""7"": 2}","{""1"": 4, ""2"": 31, ""3"": 28, ""4"": 26, ""5"": 43, ""6"": 34, ""7"": 12, ""8"": 11, ""9"": 3}",True
0656,12,5,5,12,"[0, 1, 2, 3, 4]",8192,deterministic_linspace_subset,"[0.046875, 11.953125, 0.046875, 5.953125]","[true, true, true, true, true, true, true, true, true, true, true, true]","[0.06829793974757195, 0.11867513358592988, 0.03453071918338537, 0.07042039409279824, 0.05996285900473595, 0.1950498910679016, 0.06824342012405396, 0.08629820942878724, 0.03090257892617956, 0.0002455029869452119, 0.14081512985285372, 0.12655823603272437]","[0.07318354266446173, 0.08554766995954803, 0.05947326160177604, 0.10032010384297982, 0.06089448092041631, 0.09920385926151691, 0.13668517703141939, 0.07272804586062873, 0.08741159947743422, 0.03257941893378795, 0.08689976907529251, 0.10507307436488607]",10.288787841796875,5.6,4.072916666666667,3.099609375,2.8415974234058083,2.1506417478226285,2.2999307809533356,5,12,11,12,0.4881080964032238,0.33779613757066623,0.366332392347276,[],[],[],[],False,"[true, true, true, true, true, true, true, true, true, true, true, true]",,,,0.9683233079847593,1.5990777405806795,1.3309715806023696,3.8062310910790242,3.960449037832354,1.168157838997205,0,7589,205998,3342,114921,0.652734375,0.5845184326171875,2.2707959305804906,1.7925183386848356,5120,196608,True,True,True,"{""P0"": {""reason"": ""explicit phase ledger missing"", ""status"": ""unavailable""}, ""P1"": {""reason"": ""explicit phase ledger missing"", ""status"": ""unavailable""}, ""P2"": {""actual_rows"": 208896.0, ""content_rows"": 786432.0, ""environment"": {""actual_rows"": 196608.0, ""content_rows"": 786432.0, ""geometry_rows"": 196608.0, ""logical_paths"": 205998.0, ""padded_rows"": 0.0, ""unique_pairs"": 114921.0}, ""geometry_rows"": 196608.0, ""logical_paths"": 213587.0, ""module"": {""actual_rows"": 12288.0, ""content_rows"": null, ""geometry_rows"": null, ""logical_paths"": 7589.0, ""padded_rows"": 7168.0, ""unique_pairs"": 3342.0}, ""padded_rows"": 7168.0, ""status"": ""available"", ""unique_pairs"": 118263.0}, ""P2_consistency"": {""reason"": ""explicit phase ledger missing"", ""status"": ""unavailable""}}",12288.0,7168.0,,,196608.0,0.0,196608.0,786432.0,12,12,"[0.0707407295703888, 0.10211139917373657, 0.04700198769569397, 0.08537024259567261, 0.0604286715388298, 0.14712688326835632, 0.10246430337429047, 0.07951313257217407, 0.05915708467364311, 0.016412463039159775, 0.1138574555516243, 0.1158156543970108]",1.0000000074505806,10.28878719457954,6.472173357252586e-07,1024,3.0,4.0,2,6,"{""2"": 234, ""3"": 499, ""4"": 253, ""5"": 31, ""6"": 7}","{""0"": 7, ""4"": 1, ""5"": 1, ""6"": 2, ""7"": 1}","{""1"": 7, ""2"": 38, ""3"": 36, ""4"": 37, ""5"": 27, ""6"": 23, ""7"": 22, ""8"": 2}",True
0657,12,5,5,12,"[0, 1, 2, 3, 4]",8192,deterministic_linspace_subset,"[0.046875, 11.953125, 0.046875, 5.953125]","[true, true, true, true, true, true, true, true, true, true, true, true]","[0.04829686097800732, 0.11026703789830208, 0.08141428707167507, 0.06034015417098999, 0.03727696910500527, 0.16030733062652872, 0.015789276361465456, 0.10049571748822929, 0.13632892891764642, 0.0013837531208992005, 0.10972720682621004, 0.13837245367467405]","[0.06123032926436642, 0.07515077045651236, 0.06306608970155264, 0.10946861866912627, 0.05656762745446523, 0.10919933663740265, 0.13627571315009848, 0.06980152845517294, 0.08556004633176897, 0.04430878729494719, 0.0896151158377544, 0.09975604142005066]",10.598380088806152,5.4,4.177083333333333,3.173828125,2.9777963961753,2.174101427962753,2.323980083467503,5,12,12,12,0.49377388643219866,0.34301295738267995,0.37084740796695026,[],[],[],[],False,"[true, true, true, true, true, true, true, true, true, true, true, true]",,,,0.8599504873631106,1.593847712616329,1.1199181642869331,3.806409178974026,3.8474861416099735,1.1520489245394296,0,7702,216019,3597,118802,0.7025390625,0.6042582194010416,2.1412288017792607,1.8183111395431053,5120,196608,True,True,True,"{""P0"": {""reason"": ""explicit phase ledger missing"", ""status"": ""unavailable""}, ""P1"": {""reason"": ""explicit phase ledger missing"", ""status"": ""unavailable""}, ""P2"": {""actual_rows"": 208896.0, ""content_rows"": 786432.0, ""environment"": {""actual_rows"": 196608.0, ""content_rows"": 786432.0, ""geometry_rows"": 196608.0, ""logical_paths"": 216019.0, ""padded_rows"": 0.0, ""unique_pairs"": 118802.0}, ""geometry_rows"": 196608.0, ""logical_paths"": 223721.0, ""module"": {""actual_rows"": 12288.0, ""content_rows"": null, ""geometry_rows"": null, ""logical_paths"": 7702.0, ""padded_rows"": 7168.0, ""unique_pairs"": 3597.0}, ""padded_rows"": 7168.0, ""status"": ""available"", ""unique_pairs"": 122399.0}, ""P2_consistency"": {""reason"": ""explicit phase ledger missing"", ""status"": ""unavailable""}}",12288.0,7168.0,,,196608.0,0.0,196608.0,786432.0,12,12,"[0.05476359277963638, 0.09270891547203064, 0.0722401887178421, 0.08490438759326935, 0.04692229628562927, 0.13475333154201508, 0.07603248208761215, 0.0851486325263977, 0.11094449460506439, 0.022846268489956856, 0.09967115521430969, 0.11906424909830093]",0.9999999944120646,10.59837900264563,1.0861605215239933e-06,1024,3.0,4.0,2,6,"{""2"": 199, ""3"": 485, ""4"": 304, ""5"": 35, ""6"": 1}","{""0"": 7, ""3"": 1, ""6"": 4}","{""1"": 3, ""2"": 40, ""3"": 24, ""4"": 48, ""5"": 28, ""6"": 32, ""7"": 13, ""8"": 4}",True
0658,12,5,5,12,"[0, 1, 2, 3, 4]",8192,deterministic_linspace_subset,"[0.046875, 11.953125, 0.046875, 5.953125]","[true, true, true, true, true, true, true, true, true, true, true, true]","[0.06428100913763046, 0.11515384446829557, 0.08158667227253318, 0.03781080394983292, 0.017159589380025864, 0.1354684680700302, 0.06219725757837296, 0.10639641960151494, 0.08624513925751671, 0.012439177930355073, 0.17265628539025785, 0.1086053286679089]","[0.07224611449018663, 0.06824914132655144, 0.05203738853727676, 0.09748414933862172, 0.08572020673333708, 0.10599624865380976, 0.12859179733283105, 0.08434557096957936, 0.08034166435224202, 0.06265607840744751, 0.07856049065467612, 0.08377115646180758]",11.000557899475098,6.8,3.7916666666666665,3.203125,3.0463541856459546,2.101580450595327,2.3231969176128837,5,12,12,12,0.5231328800651533,0.32654538476445866,0.3730400293550824,[],[],[],[],False,"[true, true, true, true, true, true, true, true, true, true, true, true]",,,,0.9146464591724196,1.5256303907941673,1.3014127000055131,3.8022124811527123,3.913447366785212,1.1450651832315044,0,10371,198063,4515,113696,0.8818359375,0.5782877604166666,2.2970099667774084,1.7420401773149452,5120,196608,True,True,True,"{""P0"": {""reason"": ""explicit phase ledger missing"", ""status"": ""unavailable""}, ""P1"": {""reason"": ""explicit phase ledger missing"", ""status"": ""unavailable""}, ""P2"": {""actual_rows"": 208896.0, ""content_rows"": 786432.0, ""environment"": {""actual_rows"": 196608.0, ""content_rows"": 786432.0, ""geometry_rows"": 196608.0, ""logical_paths"": 198063.0, ""padded_rows"": 0.0, ""unique_pairs"": 113696.0}, ""geometry_rows"": 196608.0, ""logical_paths"": 208434.0, ""module"": {""actual_rows"": 12288.0, ""content_rows"": null, ""geometry_rows"": null, ""logical_paths"": 10371.0, ""padded_rows"": 7168.0, ""unique_pairs"": 4515.0}, ""padded_rows"": 7168.0, ""status"": ""available"", ""unique_pairs"": 118211.0}, ""P2_consistency"": {""reason"": ""explicit phase ledger missing"", ""status"": ""unavailable""}}",12288.0,7168.0,,,196608.0,0.0,196608.0,786432.0,12,12,"[0.06826356053352356, 0.09170150756835938, 0.06681203097105026, 0.06764747202396393, 0.05143989995121956, 0.1207323670387268, 0.09539452195167542, 0.09537099301815033, 0.08329340815544128, 0.037547629326581955, 0.1256083995103836, 0.0961882472038269]",1.000000037252903,11.000557674320634,2.2515446396198513e-07,1024,3.0,4.0,2,6,"{""2"": 183, ""3"": 492, ""4"": 311, ""5"": 34, ""6"": 4}","{""0"": 7, ""6"": 2, ""7"": 2, ""8"": 1}","{""1"": 6, ""2"": 35, ""3"": 51, ""4"": 32, ""5"": 43, ""6"": 20, ""7"": 4, ""8"": 1}",True
0659,12,5,5,12,"[0, 1, 2, 3, 4]",8192,deterministic_linspace_subset,"[0.046875, 11.953125, 0.046875, 5.953125]","[true, true, true, true, true, true, true, true, true, true, true, true]","[0.0, 0.09628188386559487, 0.08483828594908119, 0.04799187779426575, 0.010780188441276551, 0.019691465049982072, 0.08238183856010438, 0.14136216193437579, 0.21450808718800546, 0.0030111974105238915, 0.12659375933435513, 0.17255928330123424]","[0.0642895719154867, 0.06992000873943503, 0.04751009213661444, 0.11375870592170638, 0.09829834015257197, 0.09027552298296845, 0.1080399063130244, 0.06982482402347996, 0.08021419457869193, 0.058111388743706485, 0.09921931064820559, 0.10053814250228992]",10.089346885681152,6.0,4.229166666666667,3.552734375,3.1863319545643427,2.2691122706797024,2.4924782264641254,5,12,12,12,0.5307114772446585,0.36078772438928414,0.40521315153137694,[0],[],[0],[],False,"[true, true, true, true, true, true, true, true, true, true, true, true]",,,,0.6819175820687953,1.6306197220629197,1.1047285733656953,3.8103256277746613,3.829159082121727,1.1400814547559286,0,10984,250087,4684,126893,0.91484375,0.6454111735026041,2.345004269854825,1.9708494558407477,5120,196608,True,True,True,"{""P0"": {""reason"": ""explicit phase ledger missing"", ""status"": ""unavailable""}, ""P1"": {""reason"": ""explicit phase ledger missing"", ""status"": ""unavailable""}, ""P2"": {""actual_rows"": 208896.0, ""content_rows"": 786432.0, ""environment"": {""actual_rows"": 196608.0, ""content_rows"": 786432.0, ""geometry_rows"": 196608.0, ""logical_paths"": 250087.0, ""padded_rows"": 0.0, ""unique_pairs"": 126893.0}, ""geometry_rows"": 196608.0, ""logical_paths"": 261071.0, ""module"": {""actual_rows"": 12288.0, ""content_rows"": null, ""geometry_rows"": null, ""logical_paths"": 10984.0, ""padded_rows"": 7168.0, ""unique_pairs"": 4684.0}, ""padded_rows"": 7168.0, ""status"": ""available"", ""unique_pairs"": 131577.0}, ""P2_consistency"": {""reason"": ""explicit phase ledger missing"", ""status"": ""unavailable""}}",12288.0,7168.0,,,196608.0,0.0,196608.0,786432.0,12,12,"[0.032144784927368164, 0.08310094475746155, 0.06617418676614761, 0.08087529242038727, 0.0545392706990242, 0.05498349666595459, 0.09521088004112244, 0.1055934950709343, 0.147361159324646, 0.03056129440665245, 0.1129065454006195, 0.1365486979484558]",1.0000000484287739,10.089346829488434,5.619271803425363e-08,1024,3.0,5.0,2,6,"{""2"": 71, ""3"": 468, ""4"": 346, ""5"": 126, ""6"": 13}","{""0"": 7, ""5"": 1, ""6"": 3, ""7"": 1}","{""10"": 2, ""2"": 34, ""3"": 35, ""4"": 42, ""5"": 39, ""6"": 28, ""7"": 8, ""8"": 4}",True
0660,12,5,5,12,"[0, 1, 2, 3, 4]",8192,deterministic_linspace_subset,"[0.046875, 11.953125, 0.046875, 5.953125]","[true, true, true, true, true, true, true, true, true, true, true, true]","[0.05965265184640885, 0.14421230354346337, 0.10463711619377136, 0.15492916703224183, 0.01141797909513116, 0.12555911540985107, 0.06526257093064487, 0.08054305054247379, 0.14668222605250775, 0.0071382284164428714, 0.04265732727944851, 0.057308289362117654]","[0.07429908256008134, 0.07503935865580996, 0.06076572453412154, 0.12066065467115553, 0.05353425327590836, 0.11957087452274584, 0.11459387384972311, 0.06112135504489895, 0.07365445016501582, 0.03421991566331901, 0.09852164979778166, 0.11401881350609717]",10.373710632324219,5.6,3.953125,3.228515625,2.8628163400222997,2.125760512503194,2.3975757077483117,5,12,12,12,0.47448052869123425,0.330978441825651,0.38107603449282107,[],[],[],[],False,"[true, true, true, true, true, true, true, true, true, true, true, true]",,,,1.1578607914935377,1.5706138634084221,1.6491371267135624,3.8066627561039352,4.278297748944024,1.0883202824801033,0,8500,215980,3810,117863,0.744140625,0.5994822184244791,2.2309711286089238,1.8324665077250706,5120,196608,True,True,True,"{""P0"": {""reason"": ""explicit phase ledger missing"", ""status"": ""unavailable""}, ""P1"": {""reason"": ""explicit phase ledger missing"", ""status"": ""unavailable""}, ""P2"": {""actual_rows"": 208896.0, ""content_rows"": 786432.0, ""environment"": {""actual_rows"": 196608.0, ""content_rows"": 786432.0, ""geometry_rows"": 196608.0, ""logical_paths"": 215980.0, ""padded_rows"": 0.0, ""unique_pairs"": 117863.0}, ""geometry_rows"": 196608.0, ""logical_paths"": 224480.0, ""module"": {""actual_rows"": 12288.0, ""content_rows"": null, ""geometry_rows"": null, ""logical_paths"": 8500.0, ""padded_rows"": 7168.0, ""unique_pairs"": 3810.0}, ""padded_rows"": 7168.0, ""status"": ""available"", ""unique_pairs"": 121673.0}, ""P2_consistency"": {""reason"": ""explicit phase ledger missing"", ""status"": ""unavailable""}}",12288.0,7168.0,,,196608.0,0.0,196608.0,786432.0,12,12,"[0.06697587668895721, 0.10962583124637604, 0.0827014148235321, 0.13779491186141968, 0.032476119697093964, 0.12256501615047455, 0.08992822468280792, 0.07083220779895782, 0.11016834527254105, 0.02067907340824604, 0.07058949023485184, 0.08566354960203171]",1.00000006146729,10.373709813655516,8.186687026068284e-07,1024,3.0,5.0,2,6,"{""2"": 235, ""3"": 392, ""4"": 338, ""5"": 46, ""6"": 13}","{""0"": 7, ""5"": 2, ""6"": 3}","{""1"": 8, ""2"": 36, ""3"": 25, ""4"": 51, ""5"": 45, ""6"": 18, ""7"": 5, ""8"": 4}",True
0661,12,5,5,12,"[0, 1, 2, 3, 4]",8192,deterministic_linspace_subset,"[0.046875, 11.953125, 0.046875, 5.953125]","[true, true, true, true, true, true, true, true, true, true, true, true]","[0.0, 0.08030564337968826, 0.10237991698086261, 0.033479660749435425, 0.10336308446712793, 0.08408955782651902, 0.07652551531791688, 0.05774679211899639, 0.1769594021141529, 0.0, 0.03080461807549, 0.25434584468603133]","[0.05844870184956838, 0.08060491583099368, 0.06341876798079821, 0.1073181535859173, 0.0741512050341934, 0.10597455043671289, 0.12423957296596203, 0.06389559168437131, 0.07544095216033969, 0.06129680523213211, 0.09029618208263439, 0.09491461225139616]",9.913935661315918,6.0,4.380208333333333,3.6015625,3.3779151965107146,2.3048926343014844,2.5116867757919623,5,12,12,12,0.5532843097400217,0.3679259847623557,0.41462596785702777,"[0, 9]",[],"[0, 9]",[],False,"[true, true, true, true, true, true, true, true, true, true, true, true]",,,,0.8288627180598657,1.6549249680278322,1.5808139516230486,3.810056766045986,3.8574267244655602,1.1867374629273213,0,10136,253056,4062,120824,0.793359375,0.6145426432291666,2.4953225012309206,2.0944183274846058,5120,196608,True,True,True,"{""P0"": {""reason"": ""explicit phase ledger missing"", ""status"": ""unavailable""}, ""P1"": {""reason"": ""explicit phase ledger missing"", ""status"": ""unavailable""}, ""P2"": {""actual_rows"": 208896.0, ""content_rows"": 786432.0, ""environment"": {""actual_rows"": 196608.0, ""content_rows"": 786432.0, ""geometry_rows"": 196608.0, ""logical_paths"": 253056.0, ""padded_rows"": 0.0, ""unique_pairs"": 120824.0}, ""geometry_rows"": 196608.0, ""logical_paths"": 263192.0, ""module"": {""actual_rows"": 12288.0, ""content_rows"": null, ""geometry_rows"": null, ""logical_paths"": 10136.0, ""padded_rows"": 7168.0, ""unique_pairs"": 4062.0}, ""padded_rows"": 7168.0, ""status"": ""available"", ""unique_pairs"": 124886.0}, ""P2_consistency"": {""reason"": ""explicit phase ledger missing"", ""status"": ""unavailable""}}",12288.0,7168.0,,,196608.0,0.0,196608.0,786432.0,12,12,"[0.029224351048469543, 0.08045528829097748, 0.08289933949708939, 0.07039891183376312, 0.08875715732574463, 0.09503206610679626, 0.10038255900144577, 0.06082119047641754, 0.12620016932487488, 0.030648404732346535, 0.06055039167404175, 0.17463023960590363]",1.0000000689178705,9.913936789621468,1.1283055503241712e-06,1024,3.5,5.0,3,6,"{""3"": 512, ""4"": 423, ""5"": 74, ""6"": 15}","{""0"": 7, ""6"": 5}","{""1"": 1, ""2"": 32, ""3"": 28, ""4"": 46, ""5"": 32, ""6"": 32, ""7"": 13, ""8"": 7, ""9"": 1}",True
0662,12,5,5,12,"[0, 1, 2, 3, 4]",8192,deterministic_linspace_subset,"[0.046875, 11.953125, 0.046875, 5.953125]","[true, true, true, true, true, true, true, true, true, true, true, true]","[0.04528567790985108, 0.09765768637880684, 0.08156340420246125, 0.0027833865955471993, 0.06480415938422085, 0.12424907740205526, 0.09643221683800221, 0.10999206751585007, 0.19419539272785188, 0.0, 0.05045050671906211, 0.13258642926812172]","[0.04264009168925397, 0.06689474643694616, 0.06123376292762321, 0.10642108244246629, 0.07167008913281353, 0.10478488399712657, 0.12006233195461388, 0.07621934439522232, 0.08397492174898011, 0.06636383417052609, 0.10032374416713688, 0.09941117705466239]",10.579487800598145,5.4,4.145833333333333,3.396484375,2.939032676940132,2.1792351098768905,2.3747721596186557,5,12,12,12,0.4912721413218783,0.34736021853761584,0.3888429514705852,[9],[],[9],[],False,"[true, true, true, true, true, true, true, true, true, true, true, true]",,,,0.8859542725639679,1.6086121654822765,1.2889812461943075,3.806323125113856,4.075956374180251,1.1164347787319802,0,9045,230542,3894,118127,0.760546875,0.6008249918619791,2.322804314329738,1.9516452631489838,5120,196608,True,True,True,"{""P0"": {""reason"": ""explicit phase ledger missing"", ""status"": ""unavailable""}, ""P1"": {""reason"": ""explicit phase ledger missing"", ""status"": ""unavailable""}, ""P2"": {""actual_rows"": 208896.0, ""content_rows"": 786432.0, ""environment"": {""actual_rows"": 196608.0, ""content_rows"": 786432.0, ""geometry_rows"": 196608.0, ""logical_paths"": 230542.0, ""padded_rows"": 0.0, ""unique_pairs"": 118127.0}, ""geometry_rows"": 196608.0, ""logical_paths"": 239587.0, ""module"": {""actual_rows"": 12288.0, ""content_rows"": null, ""geometry_rows"": null, ""logical_paths"": 9045.0, ""padded_rows"": 7168.0, ""unique_pairs"": 3894.0}, ""padded_rows"": 7168.0, ""status"": ""available"", ""unique_pairs"": 122021.0}, ""P2_consistency"": {""reason"": ""explicit phase ledger missing"", ""status"": ""unavailable""}}",12288.0,7168.0,,,196608.0,0.0,196608.0,786432.0,12,12,"[0.04396288841962814, 0.08227622509002686, 0.07139858603477478, 0.054602231830358505, 0.06823713332414627, 0.11451698839664459, 0.1082472875714302, 0.09310570359230042, 0.13908515870571136, 0.03318191319704056, 0.0753871276974678, 0.11599881947040558]",1.000000063329935,10.579487764643822,3.595432218617134e-08,1024,3.0,5.0,2,6,"{""2"": 41, ""3"": 606, ""4"": 321, ""5"": 42, ""6"": 14}","{""0"": 7, ""3"": 1, ""5"": 1, ""6"": 2, ""7"": 1}","{""1"": 2, ""2"": 34, ""3"": 35, ""4"": 34, ""5"": 52, ""6"": 25, ""7"": 6, ""8"": 3, ""9"": 1}",True
0663,12,7,7,12,"[0, 1, 2, 3, 4, 5, 6]",8192,deterministic_linspace_subset,"[0.046875, 11.953125, 0.046875, 5.953125]","[true, true, true, true, true, true, true, true, true, true, true, true]","[0.04225741592901094, 0.1086936917854473, 0.053772917815617154, 0.028470011694090705, 0.01059655100107193, 0.17037401241915565, 0.09308205012764248, 0.12063814267250043, 0.10650728336934531, 0.010797518193222848, 0.14297946808593612, 0.11183093015902808]","[0.05997121028055595, 0.06309370426955968, 0.051904576763983336, 0.10695010559356885, 0.07669319318680816, 0.11010470057293276, 0.12793771355503242, 0.07336601071379316, 0.08316808165019059, 0.080983424246521, 0.07873633080162773, 0.08709095485306127]",10.656111717224121,5.857142857142857,4.104166666666667,3.2001953125,2.8005635575604373,2.1451120976687363,2.284083245884321,7,12,12,12,0.48186403433979497,0.3351002123774082,0.36679313586729456,[],[],[],[],False,"[true, true, true, true, true, true, true, true, true, true, true, true]",,,,1.2297095472838615,1.566269095634053,1.9151206390897373,3.8047964675879937,4.07144782297662,1.0905528586442017,0,12006,216294,5709,118999,0.7964564732142857,0.6052602132161459,2.1029952706253283,1.8176119127051489,7168,196608,True,True,True,"{""P0"": {""reason"": ""explicit phase ledger missing"", ""status"": ""unavailable""}, ""P1"": {""reason"": ""explicit phase ledger missing"", ""status"": ""unavailable""}, ""P2"": {""actual_rows"": 208896.0, ""content_rows"": 786432.0, ""environment"": {""actual_rows"": 196608.0, ""content_rows"": 786432.0, ""geometry_rows"": 196608.0, ""logical_paths"": 216294.0, ""padded_rows"": 0.0, ""unique_pairs"": 118999.0}, ""geometry_rows"": 196608.0, ""logical_paths"": 228300.0, ""module"": {""actual_rows"": 12288.0, ""content_rows"": null, ""geometry_rows"": null, ""logical_paths"": 12006.0, ""padded_rows"": 5120.0, ""unique_pairs"": 5709.0}, ""padded_rows"": 5120.0, ""status"": ""available"", ""unique_pairs"": 124708.0}, ""P2_consistency"": {""reason"": ""explicit phase ledger missing"", ""status"": ""unavailable""}}",12288.0,5120.0,,,196608.0,0.0,196608.0,786432.0,12,12,"[0.051114313304424286, 0.08589369803667068, 0.052838750183582306, 0.06771006435155869, 0.043644871562719345, 0.14023937284946442, 0.11050988733768463, 0.09700208157300949, 0.09483768045902252, 0.04589046537876129, 0.11085790395736694, 0.09946094453334808]",1.0000000335276127,10.656112050010373,3.327862518887059e-07,1024,3.0,4.0,2,6,"{""2"": 177, ""3"": 518, ""4"": 280, ""5"": 45, ""6"": 4}","{""0"": 5, ""4"": 1, ""5"": 2, ""6"": 1, ""7"": 3}","{""1"": 5, ""2"": 34, ""3"": 38, ""4"": 34, ""5"": 38, ""6"": 27, ""7"": 15, ""8"": 1}",True
0664,12,7,7,12,"[0, 1, 2, 3, 4, 5, 6]",8192,deterministic_linspace_subset,"[0.046875, 11.953125, 0.046875, 5.953125]","[true, true, true, true, true, true, true, true, true, true, true, true]","[0.048747485935954106, 0.1537913119287363, 0.04608690658850329, 0.10083353482852024, 0.06562882236071994, 0.09136014175601304, 0.09533296206167766, 0.11567532124796084, 0.06015137529798916, 0.011199887841939926, 0.1581463398677962, 0.053045910184404674]","[0.08495070109195993, 0.060010788730475426, 0.07079261924156972, 0.10135057942079584, 0.0826368635674347, 0.10394828762764517, 0.12130305070549244, 0.07508070126300483, 0.0599489704120515, 0.0704279071366424, 0.08120401915286422, 0.0883455139404153]",11.112956047058105,5.428571428571429,3.7604166666666665,3.2490234375,2.802269468398386,2.1221109238322815,2.364703064080791,7,12,12,12,0.4732873712700343,0.32944934858409497,0.3792290486725257,[],[],[],[],False,"[true, true, true, true, true, true, true, true, true, true, true, true]",,,,0.9385784677048584,1.509966031423439,1.8909665607711934,3.805940793116825,4.070501299362976,1.1830586708384436,0,11163,195216,5215,113896,0.7275390625,0.5793050130208334,2.140556088207095,1.713984687785348,7168,196608,True,True,True,"{""P0"": {""reason"": ""explicit phase ledger missing"", ""status"": ""unavailable""}, ""P1"": {""reason"": ""explicit phase ledger missing"", ""status"": ""unavailable""}, ""P2"": {""actual_rows"": 208896.0, ""content_rows"": 786432.0, ""environment"": {""actual_rows"": 196608.0, ""content_rows"": 786432.0, ""geometry_rows"": 196608.0, ""logical_paths"": 195216.0, ""padded_rows"": 0.0, ""unique_pairs"": 113896.0}, ""geometry_rows"": 196608.0, ""logical_paths"": 206379.0, ""module"": {""actual_rows"": 12288.0, ""content_rows"": null, ""geometry_rows"": null, ""logical_paths"": 11163.0, ""padded_rows"": 5120.0, ""unique_pairs"": 5215.0}, ""padded_rows"": 5120.0, ""status"": ""available"", ""unique_pairs"": 119111.0}, ""P2_consistency"": {""reason"": ""explicit phase ledger missing"", ""status"": ""unavailable""}}",12288.0,5120.0,,,196608.0,0.0,196608.0,786432.0,12,12,"[0.06684909760951996, 0.10690104961395264, 0.058439768850803375, 0.10109207034111023, 0.07413285225629807, 0.09765422344207764, 0.10831800103187561, 0.09537801146507263, 0.060050174593925476, 0.04081390053033829, 0.1196751594543457, 0.07069572061300278]",1.0000000298023224,11.112956141390876,9.433277092796288e-08,1024,3.0,5.0,2,6,"{""2"": 140, ""3"": 572, ""4"": 234, ""5"": 73, ""6"": 5}","{""0"": 5, ""3"": 1, ""4"": 1, ""5"": 1, ""6"": 3, ""8"": 1}","{""1"": 5, ""2"": 39, ""3"": 49, ""4"": 33, ""5"": 43, ""6"": 18, ""7"": 3, ""8"": 2}",True
0665,12,7,7,12,"[0, 1, 2, 3, 4, 5, 6]",8192,deterministic_linspace_subset,"[0.046875, 11.953125, 0.046875, 5.953125]","[true, true, true, true, true, true, true, true, true, true, true, true]","[0.033160039622868814, 0.11203979587090931, 0.037194094221506796, 0.0912478928055082, 0.06111421010323933, 0.16326602296404807, 0.07810078348432269, 0.04914513873102675, 0.08497827766197068, 0.006037087545597127, 0.14319425262510777, 0.14052241588277475]","[0.0859837881138314, 0.07898032214325214, 0.06236750831847833, 0.11811639093055724, 0.07489358830984354, 0.12044328306169896, 0.12228344723030199, 0.06843590067505073, 0.07514412092483742, 0.04476082052255714, 0.07962693540017086, 0.06896390032856442]",10.549872398376465,5.857142857142857,3.8958333333333335,3.05078125,2.6420976690189293,2.108552497479565,2.212264666715371,7,12,12,12,0.4640257068356587,0.3253215778695377,0.3501369583196109,[],[],[],[],False,"[true, true, true, true, true, true, true, true, true, true, true, true]",,,,1.2467770887525018,1.5353814630560925,1.8321231463481618,3.802275405855164,4.0737873161032825,1.1137515030705043,0,11434,187814,5380,109982,0.7505580357142857,0.5593973795572916,2.125278810408922,1.7076794384535652,7168,196608,True,True,True,"{""P0"": {""reason"": ""explicit phase ledger missing"", ""status"": ""unavailable""}, ""P1"": {""reason"": ""explicit phase ledger missing"", ""status"": ""unavailable""}, ""P2"": {""actual_rows"": 208896.0, ""content_rows"": 786432.0, ""environment"": {""actual_rows"": 196608.0, ""content_rows"": 786432.0, ""geometry_rows"": 196608.0, ""logical_paths"": 187814.0, ""padded_rows"": 0.0, ""unique_pairs"": 109982.0}, ""geometry_rows"": 196608.0, ""logical_paths"": 199248.0, ""module"": {""actual_rows"": 12288.0, ""content_rows"": null, ""geometry_rows"": null, ""logical_paths"": 11434.0, ""padded_rows"": 5120.0, ""unique_pairs"": 5380.0}, ""padded_rows"": 5120.0, ""status"": ""available"", ""unique_pairs"": 115362.0}, ""P2_consistency"": {""reason"": ""explicit phase ledger missing"", ""status"": ""unavailable""}}",12288.0,5120.0,,,196608.0,0.0,196608.0,786432.0,12,12,"[0.059571921825408936, 0.09551005065441132, 0.04978080838918686, 0.10468213260173798, 0.06800390779972076, 0.1418546736240387, 0.1001921147108078, 0.05879051610827446, 0.08006118983030319, 0.02539895661175251, 0.11141060292720795, 0.10474316775798798]",1.0000000428408384,10.549871909273685,4.891027796105618e-07,1024,3.0,4.0,2,6,"{""2"": 231, ""3"": 539, ""4"": 232, ""5"": 15, ""6"": 7}","{""0"": 5, ""4"": 1, ""5"": 3, ""7"": 2, ""8"": 1}","{""1"": 10, ""2"": 36, ""3"": 44, ""4"": 31, ""5"": 31, ""6"": 28, ""7"": 9, ""8"": 3}",True
0666,12,7,7,12,"[0, 1, 2, 3, 4, 5, 6]",8192,deterministic_linspace_subset,"[0.046875, 11.953125, 0.046875, 5.953125]","[true, true, true, true, true, true, true, true, true, true, true, true]","[0.061973359660149586, 0.09443898971325583, 0.05635807171971204, 0.003262980441961969, 0.007959521309073483, 0.1758402432980282, 0.04756260437092611, 0.09430188805397066, 0.17493442445993423, 0.0, 0.17838500732822077, 0.10498289214280833]","[0.08409089314606416, 0.06417691400335455, 0.0689212304238159, 0.10305838569100464, 0.07824970598879112, 0.10204319774432709, 0.11985004264700665, 0.07617780865852333, 0.050893720451442824, 0.09724420687113405, 0.0733295480452701, 0.08196435131966827]",10.695222854614258,5.714285714285714,4.041666666666667,3.291015625,2.940444503497188,2.159931316210752,2.355402177625426,7,12,11,12,0.49196965261509285,0.3404176633868807,0.3791762797542486,[9],[],[9],[],False,"[true, true, true, true, true, true, true, true, true, true, true, true]",,,,1.1162352756642369,1.557195299974044,1.6225158710851786,3.8053300245771435,3.8889943927229123,1.1140101479935425,0,12628,209479,5738,115318,0.8005022321428571,0.5865376790364584,2.200766817706518,1.8165334119565029,7168,196608,True,True,True,"{""P0"": {""reason"": ""explicit phase ledger missing"", ""status"": ""unavailable""}, ""P1"": {""reason"": ""explicit phase ledger missing"", ""status"": ""unavailable""}, ""P2"": {""actual_rows"": 208896.0, ""content_rows"": 786432.0, ""environment"": {""actual_rows"": 196608.0, ""content_rows"": 786432.0, ""geometry_rows"": 196608.0, ""logical_paths"": 209479.0, ""padded_rows"": 0.0, ""unique_pairs"": 115318.0}, ""geometry_rows"": 196608.0, ""logical_paths"": 222107.0, ""module"": {""actual_rows"": 12288.0, ""content_rows"": null, ""geometry_rows"": null, ""logical_paths"": 12628.0, ""padded_rows"": 5120.0, ""unique_pairs"": 5738.0}, ""padded_rows"": 5120.0, ""status"": ""available"", ""unique_pairs"": 121056.0}, ""P2_consistency"": {""reason"": ""explicit phase ledger missing"", ""status"": ""unavailable""}}",12288.0,5120.0,,,196608.0,0.0,196608.0,786432.0,12,12,"[0.07303212583065033, 0.07930795848369598, 0.06263965368270874, 0.053160667419433594, 0.043104615062475204, 0.13894173502922058, 0.0837063193321228, 0.08523984253406525, 0.112914077937603, 0.04862210527062416, 0.12585727870464325, 0.09347362816333771]",1.0000000074505806,10.695222561523453,2.9309080495920625e-07,1024,3.0,5.0,2,6,"{""2"": 156, ""3"": 479, ""4"": 329, ""5"": 55, ""6"": 5}","{""0"": 5, ""3"": 1, ""6"": 5, ""7"": 1}","{""1"": 5, ""2"": 35, ""3"": 39, ""4"": 32, ""5"": 44, ""6"": 25, ""7"": 10, ""8"": 2}",True
0667,12,7,7,12,"[0, 1, 2, 3, 4, 5, 6]",8192,deterministic_linspace_subset,"[0.046875, 11.953125, 0.046875, 5.953125]","[true, true, true, true, true, true, true, true, true, true, true, true]","[0.06570035964250565, 0.14844716154038906, 0.07430581535611833, 0.11631047512803759, 0.09310495312664507, 0.0983105536018099, 0.08477331910814558, 0.04736549087933131, 0.030942286231688088, 0.00392132243333825, 0.12724591153008596, 0.1095723644165056]","[0.06451329389008718, 0.08354574311397538, 0.06710412190007749, 0.11919043494585439, 0.06679410808427141, 0.1176487662766021, 0.12235675098327192, 0.07267705699256533, 0.07911785700338214, 0.03624951338585684, 0.0887384010754507, 0.0820639596685018]",10.728070259094238,4.857142857142857,3.8645833333333335,3.0654296875,2.6207952763418936,2.0296724177564456,2.2323745135458846,7,12,11,12,0.44934733922679276,0.314508484668725,0.3521800660009562,[],[],[],[],False,"[true, true, true, true, true, true, true, true, true, true, true, true]",,,,1.2292837051848446,1.4959571660229798,2.1013168927634016,3.799739224334239,4.268079126643783,1.1201557221205585,0,8878,195350,4448,110862,0.6205357142857143,0.563873291015625,1.995953237410072,1.762100629611589,7168,196608,True,True,True,"{""P0"": {""reason"": ""explicit phase ledger missing"", ""status"": ""unavailable""}, ""P1"": {""reason"": ""explicit phase ledger missing"", ""status"": ""unavailable""}, ""P2"": {""actual_rows"": 208896.0, ""content_rows"": 786432.0, ""environment"": {""actual_rows"": 196608.0, ""content_rows"": 786432.0, ""geometry_rows"": 196608.0, ""logical_paths"": 195350.0, ""padded_rows"": 0.0, ""unique_pairs"": 110862.0}, ""geometry_rows"": 196608.0, ""logical_paths"": 204228.0, ""module"": {""actual_rows"": 12288.0, ""content_rows"": null, ""geometry_rows"": null, ""logical_paths"": 8878.0, ""padded_rows"": 5120.0, ""unique_pairs"": 4448.0}, ""padded_rows"": 5120.0, ""status"": ""available"", ""unique_pairs"": 115310.0}, ""P2_consistency"": {""reason"": ""explicit phase ledger missing"", ""status"": ""unavailable""}}",12288.0,5120.0,,,196608.0,0.0,196608.0,786432.0,12,12,"[0.0651068240404129, 0.11599645018577576, 0.07070495933294296, 0.11775045096874237, 0.07994954288005829, 0.1079796701669693, 0.10356505215167999, 0.060021281242370605, 0.05503007024526596, 0.020085420459508896, 0.10799215734004974, 0.0958181694149971]",1.0000000484287739,10.728070346921786,8.782754790104264e-08,1024,3.0,4.0,2,6,"{""2"": 258, ""3"": 491, ""4"": 234, ""5"": 32, ""6"": 9}","{""0"": 5, ""4"": 3, ""5"": 3, ""7"": 1}","{""1"": 8, ""2"": 34, ""3"": 54, ""4"": 28, ""5"": 33, ""6"": 21, ""7"": 11, ""8"": 3}",True
0668,12,7,7,12,"[0, 1, 2, 3, 4, 5, 6]",8192,deterministic_linspace_subset,"[0.046875, 11.953125, 0.046875, 5.953125]","[true, true, true, true, true, true, true, true, true, true, true, true]","[0.03611072472163609, 0.15237354380743845, 0.08064395076196108, 0.09995099369968687, 0.026504903100430962, 0.1256836942380427, 0.020835357526915944, 0.07595333430383887, 0.13197326367454867, 0.025950652148042406, 0.06933117511549167, 0.15468841498451574]","[0.07560049053396274, 0.0728579583885297, 0.059116641428772675, 0.11955926753052397, 0.06970511015970261, 0.12551634950690033, 0.10566014551295667, 0.0662489569023895, 0.06991743581879935, 0.061201250638193955, 0.08559275916816962, 0.08902364108848818]",10.774144172668457,6.142857142857143,3.84375,3.2255859375,2.882252282893924,2.160643658257285,2.2963962994542433,7,12,12,12,0.49729586491598293,0.33571651116948037,0.36982927442290037,[],[],[],[],False,"[true, true, true, true, true, true, true, true, true, true, true, true]",,,,1.3553545040453079,1.5683740730384532,2.0476695915248504,3.806965329889517,3.954550440588828,1.1137980882397813,0,12445,199486,5425,112692,0.7568359375,0.57318115234375,2.2940092165898616,1.770187768430767,7168,196608,True,True,True,"{""P0"": {""reason"": ""explicit phase ledger missing"", ""status"": ""unavailable""}, ""P1"": {""reason"": ""explicit phase ledger missing"", ""status"": ""unavailable""}, ""P2"": {""actual_rows"": 208896.0, ""content_rows"": 786432.0, ""environment"": {""actual_rows"": 196608.0, ""content_rows"": 786432.0, ""geometry_rows"": 196608.0, ""logical_paths"": 199486.0, ""padded_rows"": 0.0, ""unique_pairs"": 112692.0}, ""geometry_rows"": 196608.0, ""logical_paths"": 211931.0, ""module"": {""actual_rows"": 12288.0, ""content_rows"": null, ""geometry_rows"": null, ""logical_paths"": 12445.0, ""padded_rows"": 5120.0, ""unique_pairs"": 5425.0}, ""padded_rows"": 5120.0, ""status"": ""available"", ""unique_pairs"": 118117.0}, ""P2_consistency"": {""reason"": ""explicit phase ledger missing"", ""status"": ""unavailable""}}",12288.0,5120.0,,,196608.0,0.0,196608.0,786432.0,12,12,"[0.055855609476566315, 0.11261574923992157, 0.06988029927015305, 0.10975514352321625, 0.04810500517487526, 0.12560002505779266, 0.06324775516986847, 0.07110114395618439, 0.1009453535079956, 0.0435759536921978, 0.07746197283267975, 0.12185603380203247]",1.0000000447034836,10.77414479913474,6.264662832933254e-07,1024,3.0,4.0,2,6,"{""2"": 195, ""3"": 439, ""4"": 355, ""5"": 34, ""6"": 1}","{""0"": 5, ""4"": 1, ""5"": 1, ""6"": 3, ""7"": 1, ""9"": 1}","{""1"": 10, ""2"": 32, ""3"": 38, ""4"": 40, ""5"": 48, ""6"": 19, ""7"": 4, ""8"": 1}",True
0669,12,7,7,12,"[0, 1, 2, 3, 4, 5, 6]",8192,deterministic_linspace_subset,"[0.046875, 11.953125, 0.046875, 5.953125]","[true, true, true, true, true, true, true, true, true, true, true, true]","[0.04351140399064336, 0.17601639205323796, 0.0595682366568196, 0.10185251012444496, 0.010855962123189653, 0.06948665915323153, 0.07239592014177884, 0.1033348041985716, 0.14758031575807504, 0.012820700715695108, 0.14593976631710703, 0.05663735352988754]","[0.07860331564843853, 0.06006708130432041, 0.06157389949612476, 0.09760670644213099, 0.07909071556006593, 0.12235360592664314, 0.11124476918634225, 0.059161725337077094, 0.06422910269979336, 0.07860065959395496, 0.08551029811283568, 0.10195813106308076]",11.04753589630127,6.0,4.296875,3.267578125,3.1294222960041487,2.323042977257734,2.3283314240840385,7,12,12,12,0.5180640346490756,0.36981382502505583,0.3731883325604357,[],[],[],[],False,"[true, true, true, true, true, true, true, true, true, true, true, true]",,,,1.0391444887089407,1.6257144396127092,1.397511765416132,3.8117703724539655,3.835767793094071,1.1371603796406369,0,13291,230007,6134,124557,0.8557477678571429,0.6335296630859375,2.1667753505053797,1.8466003516462342,7168,196608,True,True,True,"{""P0"": {""reason"": ""explicit phase ledger missing"", ""status"": ""unavailable""}, ""P1"": {""reason"": ""explicit phase ledger missing"", ""status"": ""unavailable""}, ""P2"": {""actual_rows"": 208896.0, ""content_rows"": 786432.0, ""environment"": {""actual_rows"": 196608.0, ""content_rows"": 786432.0, ""geometry_rows"": 196608.0, ""logical_paths"": 230007.0, ""padded_rows"": 0.0, ""unique_pairs"": 124557.0}, ""geometry_rows"": 196608.0, ""logical_paths"": 243298.0, ""module"": {""actual_rows"": 12288.0, ""content_rows"": null, ""geometry_rows"": null, ""logical_paths"": 13291.0, ""padded_rows"": 5120.0, ""unique_pairs"": 6134.0}, ""padded_rows"": 5120.0, ""status"": ""available"", ""unique_pairs"": 130691.0}, ""P2_consistency"": {""reason"": ""explicit phase ledger missing"", ""status"": ""unavailable""}}",12288.0,5120.0,,,196608.0,0.0,196608.0,786432.0,12,12,"[0.06105736643075943, 0.11804173141717911, 0.06057106703519821, 0.09972961246967316, 0.04497334733605385, 0.0959201380610466, 0.09182035177946091, 0.08124826848506927, 0.1059047132730484, 0.04571068286895752, 0.11572504043579102, 0.079297736287117]",1.0000000558793545,11.047535503620058,3.9268121199143025e-07,1024,3.0,4.0,2,6,"{""2"": 187, ""3"": 435, ""4"": 352, ""5"": 41, ""6"": 9}","{""0"": 5, ""5"": 2, ""6"": 3, ""7"": 2}","{""1"": 5, ""2"": 19, ""3"": 49, ""4"": 35, ""5"": 38, ""6"": 24, ""7"": 16, ""8"": 5, ""9"": 1}",True
0670,12,7,7,12,"[0, 1, 2, 3, 4, 5, 6]",8192,deterministic_linspace_subset,"[0.046875, 11.953125, 0.046875, 5.953125]","[true, true, true, true, true, true, true, true, true, true, true, true]","[0.08415406356964791, 0.12218922117192829, 0.052237553388944695, 0.01313588661806924, 0.0003690265252121857, 0.16727653840955878, 0.009414413977148275, 0.10497879981994629, 0.1402116334065795, 0.005137588828802109, 0.2394565333213125, 0.061438758875218415]","[0.08841746428157646, 0.048688363191258084, 0.06425606190985417, 0.10425529648594532, 0.07831943270268012, 0.10293583090242461, 0.11739325733045314, 0.0765295960570711, 0.0716789682628587, 0.0969410396258657, 0.07406978033964152, 0.07651491182181756]",10.330277442932129,6.0,3.8541666666666665,3.400390625,2.903141868307677,2.1129146239909855,2.431125719140088,7,12,11,12,0.4893825554089508,0.33090948550329974,0.39142595025644844,[],[],[],[],False,"[true, true, true, true, true, true, true, true, true, true, true, true]",,,,0.9635417318593649,1.5169756665923637,1.2343356689101666,3.8035722945857815,3.954062858172416,1.090468806212752,0,13586,206278,5998,117353,0.8367745535714286,0.5968882242838541,2.265088362787596,1.7577565124027508,7168,196608,True,True,True,"{""P0"": {""reason"": ""explicit phase ledger missing"", ""status"": ""unavailable""}, ""P1"": {""reason"": ""explicit phase ledger missing"", ""status"": ""unavailable""}, ""P2"": {""actual_rows"": 208896.0, ""content_rows"": 786432.0, ""environment"": {""actual_rows"": 196608.0, ""content_rows"": 786432.0, ""geometry_rows"": 196608.0, ""logical_paths"": 206278.0, ""padded_rows"": 0.0, ""unique_pairs"": 117353.0}, ""geometry_rows"": 196608.0, ""logical_paths"": 219864.0, ""module"": {""actual_rows"": 12288.0, ""content_rows"": null, ""geometry_rows"": null, ""logical_paths"": 13586.0, ""padded_rows"": 5120.0, ""unique_pairs"": 5998.0}, ""padded_rows"": 5120.0, ""status"": ""available"", ""unique_pairs"": 123351.0}, ""P2_consistency"": {""reason"": ""explicit phase ledger missing"", ""status"": ""unavailable""}}",12288.0,5120.0,,,196608.0,0.0,196608.0,786432.0,12,12,"[0.08628576993942261, 0.0854388028383255, 0.05824680253863335, 0.05869559943675995, 0.03934423252940178, 0.1351061910390854, 0.06340382993221283, 0.09075421094894409, 0.10594530403614044, 0.05103932321071625, 0.15676316618919373, 0.06897683441638947]",1.0000000670552254,10.330277099878474,3.430536548165719e-07,1024,3.0,5.0,2,6,"{""2"": 96, ""3"": 494, ""4"": 364, ""5"": 68, ""6"": 2}","{""0"": 5, ""5"": 2, ""6"": 4, ""8"": 1}","{""1"": 5, ""2"": 42, ""3"": 40, ""4"": 39, ""5"": 35, ""6"": 21, ""7"": 6, ""8"": 4}",True
0671,12,7,7,12,"[0, 1, 2, 3, 4, 5, 6]",8192,deterministic_linspace_subset,"[0.046875, 11.953125, 0.046875, 5.953125]","[true, true, true, true, true, true, true, true, true, true, true, true]","[0.030602606146463325, 0.12549123992877345, 0.04650318117013999, 0.06601040783737387, 0.05429497786930629, 0.08533009221511227, 0.07802582359547776, 0.13015691936016083, 0.16629653437329187, 0.0011702591021146092, 0.12806628617857183, 0.0880516751536301]","[0.05692481187961451, 0.06458293109881197, 0.046236779421879745, 0.10213712949762528, 0.09883161671685531, 0.11066437590958833, 0.1200635017272968, 0.06750423593878924, 0.06036724927740049, 0.0865677928611035, 0.08383658963738108, 0.1022829975601193]",11.07913589477539,5.571428571428571,3.890625,3.2451171875,3.037395129900546,2.1371718807278204,2.2906833198572896,7,12,12,12,0.5109005905699837,0.3357024433349706,0.37024672256885766,[],[],[],[],False,"[true, true, true, true, true, true, true, true, true, true, true, true]",,,,1.0266380405572628,1.5430679366989037,1.4473040153848074,3.8058089036928213,3.886169371382212,1.1250174291157737,0,12271,208613,5593,113813,0.7802734375,0.5788828531901041,2.1939924906132666,1.8329452698725102,7168,196608,True,True,True,"{""P0"": {""reason"": ""explicit phase ledger missing"", ""status"": ""unavailable""}, ""P1"": {""reason"": ""explicit phase ledger missing"", ""status"": ""unavailable""}, ""P2"": {""actual_rows"": 208896.0, ""content_rows"": 786432.0, ""environment"": {""actual_rows"": 196608.0, ""content_rows"": 786432.0, ""geometry_rows"": 196608.0, ""logical_paths"": 208613.0, ""padded_rows"": 0.0, ""unique_pairs"": 113813.0}, ""geometry_rows"": 196608.0, ""logical_paths"": 220884.0, ""module"": {""actual_rows"": 12288.0, ""content_rows"": null, ""geometry_rows"": null, ""logical_paths"": 12271.0, ""padded_rows"": 5120.0, ""unique_pairs"": 5593.0}, ""padded_rows"": 5120.0, ""status"": ""available"", ""unique_pairs"": 119406.0}, ""P2_consistency"": {""reason"": ""explicit phase ledger missing"", ""status"": ""unavailable""}}",12288.0,5120.0,,,196608.0,0.0,196608.0,786432.0,12,12,"[0.04376371204853058, 0.09503708779811859, 0.04636998474597931, 0.08407377451658249, 0.07656330615282059, 0.09799723327159882, 0.09904466569423676, 0.09883058071136475, 0.11333189904689789, 0.043869029730558395, 0.10595144331455231, 0.09516733884811401]",1.0000000558793545,11.079134943267453,9.515079373301205e-07,1024,3.0,4.0,2,6,"{""2"": 107, ""3"": 597, ""4"": 286, ""5"": 30, ""6"": 4}","{""0"": 5, ""3"": 1, ""5"": 2, ""6"": 2, ""7"": 2}","{""1"": 7, ""2"": 36, ""3"": 38, ""4"": 39, ""5"": 42, ""6"": 24, ""7"": 4, ""8"": 2}",True
0672,12,7,7,12,"[0, 1, 2, 3, 4, 5, 6]",8192,deterministic_linspace_subset,"[0.046875, 11.953125, 0.046875, 5.953125]","[true, true, true, true, true, true, true, true, true, true, true, true]","[0.04816024431160518, 0.14732732602195547, 0.060728258453309536, 0.05614206434360572, 0.019708629165376936, 0.11503288414886419, 0.023122708946337816, 0.04751769739336201, 0.16063423720853667, 0.01396542867379529, 0.18804187114749635, 0.11961864014821391]","[0.06054852198224124, 0.06148461841947876, 0.05427626104298963, 0.11068961404839683, 0.08833292970113385, 0.1226297724180464, 0.11166310643455071, 0.06169808311989299, 0.0686614325813769, 0.08942664623388433, 0.08373703351791541, 0.08685199228640886]",10.68116283416748,6.285714285714286,4.244791666666667,3.3662109375,3.1108587074562464,2.271499484889621,2.379440078966913,7,12,12,12,0.5299666184972134,0.3599408185454889,0.38627414121427817,[],[],[],[],False,"[true, true, true, true, true, true, true, true, true, true, true, true]",,,,0.890669339238554,1.6091006683780453,1.3415033732217536,3.8100462058496865,3.757822209846593,1.1701493921726493,0,14153,229420,6224,118360,0.8683035714285714,0.6020100911458334,2.273939588688946,1.9383237580263604,7168,196608,True,True,True,"{""P0"": {""reason"": ""explicit phase ledger missing"", ""status"": ""unavailable""}, ""P1"": {""reason"": ""explicit phase ledger missing"", ""status"": ""unavailable""}, ""P2"": {""actual_rows"": 208896.0, ""content_rows"": 786432.0, ""environment"": {""actual_rows"": 196608.0, ""content_rows"": 786432.0, ""geometry_rows"": 196608.0, ""logical_paths"": 229420.0, ""padded_rows"": 0.0, ""unique_pairs"": 118360.0}, ""geometry_rows"": 196608.0, ""logical_paths"": 243573.0, ""module"": {""actual_rows"": 12288.0, ""content_rows"": null, ""geometry_rows"": null, ""logical_paths"": 14153.0, ""padded_rows"": 5120.0, ""unique_pairs"": 6224.0}, ""padded_rows"": 5120.0, ""status"": ""available"", ""unique_pairs"": 124584.0}, ""P2_consistency"": {""reason"": ""explicit phase ledger missing"", ""status"": ""unavailable""}}",12288.0,5120.0,,,196608.0,0.0,196608.0,786432.0,12,12,"[0.054354388266801834, 0.10440598428249359, 0.05750226974487305, 0.08341584354639053, 0.05402078479528427, 0.1188313364982605, 0.06739291548728943, 0.05460789427161217, 0.11464782804250717, 0.051696039736270905, 0.1358894556760788, 0.10323532670736313]",1.0000000670552254,10.681162992930297,1.5876281622695387e-07,1024,3.0,4.0,2,6,"{""2"": 67, ""3"": 561, ""4"": 355, ""5"": 36, ""6"": 5}","{""0"": 5, ""5"": 2, ""6"": 3, ""7"": 1, ""9"": 1}","{""1"": 6, ""2"": 30, ""3"": 37, ""4"": 38, ""5"": 28, ""6"": 32, ""7"": 15, ""8"": 5, ""9"": 1}",True
0673,12,7,7,12,"[0, 1, 2, 3, 4, 5, 6]",8192,deterministic_linspace_subset,"[0.046875, 11.953125, 0.046875, 5.953125]","[true, true, true, true, true, true, true, true, true, true, true, true]","[0.035358182553734095, 0.1054010401879038, 0.008316491996603352, 0.0771399814839242, 0.02577078981058938, 0.16636402339541484, 0.06799910749707903, 0.064551442861557, 0.07818122221423046, 0.0036187962229762755, 0.22564473322459627, 0.14165419286915235]","[0.10090160236582804, 0.05504421267687574, 0.056548748919150654, 0.10189085647063222, 0.08325870709048408, 0.10120646195078581, 0.11370505146442156, 0.06664456860676182, 0.06483519951039324, 0.09331229389116899, 0.07650222531568808, 0.08615007535574466]",10.327483177185059,5.571428571428571,3.7552083333333335,3.0849609375,2.6765150263926216,2.0836747465194154,2.272255152957823,7,12,12,12,0.46824665622002953,0.3267937036215755,0.3581871272782884,[],[],[],[],False,"[true, true, true, true, true, true, true, true, true, true, true, true]",,,,0.9673048728493403,1.515363777286564,1.307013434801735,3.804537007043031,3.975598816501495,1.140196720438348,0,11449,180254,5316,108771,0.7416294642857143,0.5532379150390625,2.153686982693755,1.6571880372525765,7168,196608,True,True,True,"{""P0"": {""reason"": ""explicit phase ledger missing"", ""status"": ""unavailable""}, ""P1"": {""reason"": ""explicit phase ledger missing"", ""status"": ""unavailable""}, ""P2"": {""actual_rows"": 208896.0, ""content_rows"": 786432.0, ""environment"": {""actual_rows"": 196608.0, ""content_rows"": 786432.0, ""geometry_rows"": 196608.0, ""logical_paths"": 180254.0, ""padded_rows"": 0.0, ""unique_pairs"": 108771.0}, ""geometry_rows"": 196608.0, ""logical_paths"": 191703.0, ""module"": {""actual_rows"": 12288.0, ""content_rows"": null, ""geometry_rows"": null, ""logical_paths"": 11449.0, ""padded_rows"": 5120.0, ""unique_pairs"": 5316.0}, ""padded_rows"": 5120.0, ""status"": ""available"", ""unique_pairs"": 114087.0}, ""P2_consistency"": {""reason"": ""explicit phase ledger missing"", ""status"": ""unavailable""}}",12288.0,5120.0,,,196608.0,0.0,196608.0,786432.0,12,12,"[0.06812989711761475, 0.08022262156009674, 0.032432619482278824, 0.08951541781425476, 0.05451475456357002, 0.13378524780273438, 0.09085208177566528, 0.0655980110168457, 0.07150821387767792, 0.0484655387699604, 0.15107348561286926, 0.11390213668346405]",1.000000026077032,10.327482889110659,2.8807439989009254e-07,1024,3.0,4.0,2,5,"{""2"": 262, ""3"": 449, ""4"": 277, ""5"": 36}","{""0"": 5, ""4"": 1, ""5"": 2, ""6"": 3, ""7"": 1}","{""1"": 7, ""2"": 38, ""3"": 40, ""4"": 44, ""5"": 44, ""6"": 12, ""7"": 6, ""8"": 1}",True
0674,12,7,7,12,"[0, 1, 2, 3, 4, 5, 6]",8192,deterministic_linspace_subset,"[0.046875, 11.953125, 0.046875, 5.953125]","[true, true, true, true, true, true, true, true, true, true, true, true]","[0.05710085267855902, 0.07756984499948365, 0.018079419250300686, 0.07911018814359393, 0.04401477186807565, 0.18834286129900388, 0.00804521409528596, 0.08319744893482753, 0.07127210464594619, 0.0020041669319782935, 0.228374434368951, 0.14288867245029124]","[0.10060993707492116, 0.06612499460975958, 0.06640735868588384, 0.10358639265674202, 0.07764547255324791, 0.10274885820359238, 0.1174109027403271, 0.07842470752699172, 0.05560646092726527, 0.08228985013625116, 0.06704509327654347, 0.08209998162647028]",10.295220375061035,5.857142857142857,3.8541666666666665,3.142578125,2.7684087167877074,2.1098107632502447,2.300878427856338,7,12,12,12,0.4854125316230674,0.32717724398661735,0.36398724990327,[],[],[],[],False,"[true, true, true, true, true, true, true, true, true, true, true, true]",,,,0.9496105898287488,1.51471955182066,1.1821907028016314,3.8043750735242585,3.8949962532811147,1.1429174523000576,0,11899,187641,5599,111722,0.7811104910714286,0.5682474772135416,2.1252009287372746,1.67953491702619,7168,196608,True,True,True,"{""P0"": {""reason"": ""explicit phase ledger missing"", ""status"": ""unavailable""}, ""P1"": {""reason"": ""explicit phase ledger missing"", ""status"": ""unavailable""}, ""P2"": {""actual_rows"": 208896.0, ""content_rows"": 786432.0, ""environment"": {""actual_rows"": 196608.0, ""content_rows"": 786432.0, ""geometry_rows"": 196608.0, ""logical_paths"": 187641.0, ""padded_rows"": 0.0, ""unique_pairs"": 111722.0}, ""geometry_rows"": 196608.0, ""logical_paths"": 199540.0, ""module"": {""actual_rows"": 12288.0, ""content_rows"": null, ""geometry_rows"": null, ""logical_paths"": 11899.0, ""padded_rows"": 5120.0, ""unique_pairs"": 5599.0}, ""padded_rows"": 5120.0, ""status"": ""available"", ""unique_pairs"": 117321.0}, ""P2_consistency"": {""reason"": ""explicit phase ledger missing"", ""status"": ""unavailable""}}",12288.0,5120.0,,,196608.0,0.0,196608.0,786432.0,12,12,"[0.07885539531707764, 0.07184741646051407, 0.04224339500069618, 0.09134829044342041, 0.06083012372255325, 0.1455458700656891, 0.06272804737091064, 0.08081109076738358, 0.063439279794693, 0.042147014290094376, 0.14770977199077606, 0.1124943345785141]",1.0000000298023224,10.295220718850787,3.437897522218236e-07,1024,3.0,4.0,2,6,"{""2"": 235, ""3"": 453, ""4"": 292, ""5"": 43, ""6"": 1}","{""0"": 5, ""5"": 2, ""6"": 4, ""7"": 1}","{""1"": 5, ""2"": 36, ""3"": 46, ""4"": 40, ""5"": 39, ""6"": 13, ""7"": 12, ""8"": 1}",True
0675,12,7,7,12,"[0, 1, 2, 3, 4, 5, 6]",8192,deterministic_linspace_subset,"[0.046875, 11.953125, 0.046875, 5.953125]","[true, true, true, true, true, true, true, true, true, true, true, true]","[0.04892248660326004, 0.20629705496997172, 0.04289921772267137, 0.07132915886385101, 0.0719300593648638, 0.039080746609085636, 0.060894274019769254, 0.11502092970269066, 0.11427744943648577, 0.006353617346446428, 0.1700614102716957, 0.05293360073119402]","[0.07742931374444122, 0.062292149619248484, 0.05408374381458239, 0.11063606183601372, 0.07413470770188722, 0.11702835398333392, 0.1052952416697129, 0.06605506115597756, 0.07976955597325738, 0.07391934447675358, 0.07695766867036014, 0.102398798115928]",10.929590225219727,6.285714285714286,4.015625,3.2646484375,3.03871853650176,2.2015895901602636,2.35253176780637,7,12,12,12,0.521611055047957,0.34713848436760136,0.377523418638715,[],[],[],[],False,"[true, true, true, true, true, true, true, true, true, true, true, true]",,,,1.1545722734563546,1.5632342190271098,1.6788432483813693,3.807444273668219,3.883500353272747,1.1655476193921173,0,13367,210518,6139,118609,0.8564453125,0.6032765706380209,2.1773904544714124,1.774890606952255,7168,196608,True,True,True,"{""P0"": {""reason"": ""explicit phase ledger missing"", ""status"": ""unavailable""}, ""P1"": {""reason"": ""explicit phase ledger missing"", ""status"": ""unavailable""}, ""P2"": {""actual_rows"": 208896.0, ""content_rows"": 786432.0, ""environment"": {""actual_rows"": 196608.0, ""content_rows"": 786432.0, ""geometry_rows"": 196608.0, ""logical_paths"": 210518.0, ""padded_rows"": 0.0, ""unique_pairs"": 118609.0}, ""geometry_rows"": 196608.0, ""logical_paths"": 223885.0, ""module"": {""actual_rows"": 12288.0, ""content_rows"": null, ""geometry_rows"": null, ""logical_paths"": 13367.0, ""padded_rows"": 5120.0, ""unique_pairs"": 6139.0}, ""padded_rows"": 5120.0, ""status"": ""available"", ""unique_pairs"": 124748.0}, ""P2_consistency"": {""reason"": ""explicit phase ledger missing"", ""status"": ""unavailable""}}",12288.0,5120.0,,,196608.0,0.0,196608.0,786432.0,12,12,"[0.06317590177059174, 0.13429461419582367, 0.04849148169159889, 0.09098261594772339, 0.07303238660097122, 0.07805455476045609, 0.0830947607755661, 0.09053799510002136, 0.09702350199222565, 0.04013647884130478, 0.12350954115390778, 0.07766620814800262]",1.0000000409781933,10.929588555020324,1.6701994027812361e-06,1024,3.0,5.0,2,6,"{""2"": 100, ""3"": 622, ""4"": 244, ""5"": 47, ""6"": 11}","{""0"": 5, ""5"": 1, ""6"": 3, ""7"": 3}","{""1"": 7, ""2"": 30, ""3"": 38, ""4"": 41, ""5"": 44, ""6"": 19, ""7"": 12, ""8"": 1}",True
0676,12,7,7,12,"[0, 1, 2, 3, 4, 5, 6]",8192,deterministic_linspace_subset,"[0.046875, 11.953125, 0.046875, 5.953125]","[true, true, true, true, true, true, true, true, true, true, true, true]","[0.06625907974583761, 0.18526600407702584, 0.05586708975689751, 0.09407193985368524, 0.08347107639669307, 0.03741957275529525, 0.07595289817878179, 0.083250483098839, 0.10172184674801038, 0.00637436135938125, 0.15705949174506323, 0.05328616712774549]","[0.08785206331202704, 0.058720186232070155, 0.05832083706294121, 0.09879917979977887, 0.08325024140746486, 0.10077696338407093, 0.11539305869087002, 0.07183903444092724, 0.07154879825229915, 0.0798763022763751, 0.07045596968691825, 0.10316736577839936]",11.274564743041992,5.571428571428571,3.7291666666666665,3.17578125,2.8419823697017432,2.086816247773659,2.311887089382518,7,12,12,12,0.4823590827295891,0.326157643819087,0.3693745257044346,[],[],[],[],False,"[true, true, true, true, true, true, true, true, true, true, true, true]",,,,1.1244387863824155,1.5035536886543965,1.7393854506845563,3.804013834820728,4.061042572856241,1.1476622797259055,0,11391,189084,5434,109282,0.7580915178571429,0.5558369954427084,2.096245859403754,1.7302391976720777,7168,196608,True,True,True,"{""P0"": {""reason"": ""explicit phase ledger missing"", ""status"": ""unavailable""}, ""P1"": {""reason"": ""explicit phase ledger missing"", ""status"": ""unavailable""}, ""P2"": {""actual_rows"": 208896.0, ""content_rows"": 786432.0, ""environment"": {""actual_rows"": 196608.0, ""content_rows"": 786432.0, ""geometry_rows"": 196608.0, ""logical_paths"": 189084.0, ""padded_rows"": 0.0, ""unique_pairs"": 109282.0}, ""geometry_rows"": 196608.0, ""logical_paths"": 200475.0, ""module"": {""actual_rows"": 12288.0, ""content_rows"": null, ""geometry_rows"": null, ""logical_paths"": 11391.0, ""padded_rows"": 5120.0, ""unique_pairs"": 5434.0}, ""padded_rows"": 5120.0, ""status"": ""available"", ""unique_pairs"": 114716.0}, ""P2_consistency"": {""reason"": ""explicit phase ledger missing"", ""status"": ""unavailable""}}",12288.0,5120.0,,,196608.0,0.0,196608.0,786432.0,12,12,"[0.07705557346343994, 0.12199310213327408, 0.05709396302700043, 0.0964355617761612, 0.08336065709590912, 0.06909826397895813, 0.09567297250032425, 0.07754476368427277, 0.08663532137870789, 0.043125323951244354, 0.11375772953033447, 0.07822677493095398]",1.0000000074505806,11.274565291773195,5.487312026986046e-07,1024,3.0,4.849999999999909,2,6,"{""2"": 199, ""3"": 506, ""4"": 267, ""5"": 44, ""6"": 8}","{""0"": 5, ""3"": 1, ""5"": 2, ""6"": 2, ""7"": 2}","{""1"": 5, ""2"": 35, ""3"": 46, ""4"": 51, ""5"": 36, ""6"": 15, ""7"": 3, ""8"": 1}",True
0677,12,7,7,12,"[0, 1, 2, 3, 4, 5, 6]",8192,deterministic_linspace_subset,"[0.046875, 11.953125, 0.046875, 5.953125]","[true, true, true, true, true, true, true, true, true, true, true, true]","[0.022317444373454363, 0.09966048864381653, 0.018222187512687275, 0.0907353258558682, 0.0024950352630444934, 0.12278425856493412, 0.10269457915897615, 0.10277500149926967, 0.12458475892032894, 0.008467444883925574, 0.1633501023586307, 0.1419133873922484]","[0.0712709962169118, 0.06652219220719263, 0.0527453921601282, 0.10446731833634595, 0.10094712423403963, 0.10644979702951068, 0.10266526071989787, 0.07027515364301054, 0.07282262932706848, 0.06378389838840803, 0.09088648419674425, 0.09716376163972501]",10.502338409423828,5.285714285714286,4.177083333333333,3.2021484375,2.7417663931254332,2.238529800373619,2.3119462988838357,7,12,12,12,0.47193441922879026,0.3563215210150021,0.3685479796464819,[],[],[],[],False,"[true, true, true, true, true, true, true, true, true, true, true, true]",,,,1.120417902348088,1.6172009810990262,1.750664933194435,3.810505758233261,4.0486744672176975,1.115599925487614,0,11500,221244,5406,123080,0.7541852678571429,0.6260172526041666,2.1272660007399185,1.7975625609359767,7168,196608,True,True,True,"{""P0"": {""reason"": ""explicit phase ledger missing"", ""status"": ""unavailable""}, ""P1"": {""reason"": ""explicit phase ledger missing"", ""status"": ""unavailable""}, ""P2"": {""actual_rows"": 208896.0, ""content_rows"": 786432.0, ""environment"": {""actual_rows"": 196608.0, ""content_rows"": 786432.0, ""geometry_rows"": 196608.0, ""logical_paths"": 221244.0, ""padded_rows"": 0.0, ""unique_pairs"": 123080.0}, ""geometry_rows"": 196608.0, ""logical_paths"": 232744.0, ""module"": {""actual_rows"": 12288.0, ""content_rows"": null, ""geometry_rows"": null, ""logical_paths"": 11500.0, ""padded_rows"": 5120.0, ""unique_pairs"": 5406.0}, ""padded_rows"": 5120.0, ""status"": ""available"", ""unique_pairs"": 128486.0}, ""P2_consistency"": {""reason"": ""explicit phase ledger missing"", ""status"": ""unavailable""}}",12288.0,5120.0,,,196608.0,0.0,196608.0,786432.0,12,12,"[0.04679422453045845, 0.08309133350849152, 0.03548378497362137, 0.09760132431983948, 0.05172108858823776, 0.11461703479290009, 0.10267993807792664, 0.0865250676870346, 0.09870369732379913, 0.03612567111849785, 0.1271182894706726, 0.1195385754108429]",1.0000000298023224,10.502337972575484,4.3684834416524154e-07,1024,3.0,5.0,2,5,"{""2"": 237, ""3"": 402, ""4"": 326, ""5"": 59}","{""0"": 5, ""4"": 1, ""5"": 3, ""6"": 3}","{""1"": 2, ""2"": 28, ""3"": 43, ""4"": 33, ""5"": 45, ""6"": 31, ""7"": 8, ""8"": 2}",True
0678,12,10,10,12,"[0, 1, 2, 3, 4, 5, 6, 7, 8, 9]",8192,deterministic_linspace_subset,"[0.046875, 11.953125, 0.046875, 5.953125]","[true, true, true, true, true, true, true, true, true, true, true, true]","[0.038281950959935786, 0.18155573669500882, 0.027428871412018906, 0.0931365966796875, 0.04397633820772171, 0.13031093993922696, 0.04527137912809849, 0.08032897431403399, 0.07969658549409361, 0.011446541059558512, 0.13022372154518963, 0.13834236431866884]","[0.07614365991389604, 0.045853334284250494, 0.07299628325262117, 0.10049176957666836, 0.0892050087786629, 0.120738902358615, 0.09913545525362599, 0.07048359076615422, 0.05242082565685753, 0.11003981170370024, 0.08985172237657933, 0.07263964430344078]",11.052566528320312,6.3,3.8020833333333335,3.1416015625,2.9039179834308557,2.1204209252259947,2.2479270282986175,10,12,12,12,0.4936683654656068,0.3295842911691456,0.3593860046595565,[],[],[],[],False,"[true, true, true, true, true, true, true, true, true, true, true, true]",,,,1.362393492484901,1.521753147789454,2.388269525194576,3.8052843187608847,3.9974851512144602,1.1169408346646632,0,17587,186211,8007,107604,0.78193359375,0.54730224609375,2.1964531035344073,1.7305211702167205,10240,196608,True,True,True,"{""P0"": {""reason"": ""explicit phase ledger missing"", ""status"": ""unavailable""}, ""P1"": {""reason"": ""explicit phase ledger missing"", ""status"": ""unavailable""}, ""P2"": {""actual_rows"": 208896.0, ""content_rows"": 786432.0, ""environment"": {""actual_rows"": 196608.0, ""content_rows"": 786432.0, ""geometry_rows"": 196608.0, ""logical_paths"": 186211.0, ""padded_rows"": 0.0, ""unique_pairs"": 107604.0}, ""geometry_rows"": 196608.0, ""logical_paths"": 203798.0, ""module"": {""actual_rows"": 12288.0, ""content_rows"": null, ""geometry_rows"": null, ""logical_paths"": 17587.0, ""padded_rows"": 2048.0, ""unique_pairs"": 8007.0}, ""padded_rows"": 2048.0, ""status"": ""available"", ""unique_pairs"": 115611.0}, ""P2_consistency"": {""reason"": ""explicit phase ledger missing"", ""status"": ""unavailable""}}",12288.0,2048.0,,,196608.0,0.0,196608.0,786432.0,12,12,"[0.05721281096339226, 0.11370454728603363, 0.050212569534778595, 0.09681418538093567, 0.06659066677093506, 0.12552493810653687, 0.07220342010259628, 0.0754062831401825, 0.0660587027668953, 0.060743171721696854, 0.11003771424293518, 0.10549100488424301]",1.0000000149011612,11.052566570987814,4.2667501531923335e-08,1024,3.0,4.0,1,6,"{""1"": 2, ""2"": 162, ""3"": 585, ""4"": 242, ""5"": 30, ""6"": 3}","{""0"": 2, ""4"": 2, ""6"": 4, ""7"": 1, ""8"": 3}","{""1"": 11, ""2"": 25, ""3"": 49, ""4"": 48, ""5"": 32, ""6"": 22, ""7"": 2, ""8"": 3}",True
0679,12,10,10,12,"[0, 1, 2, 3, 4, 5, 6, 7, 8, 9]",8192,deterministic_linspace_subset,"[0.046875, 11.953125, 0.046875, 5.953125]","[true, true, true, true, true, true, true, true, true, true, true, true]","[0.041332902386784554, 0.1388721910887398, 0.04561791531741619, 0.07663195729255676, 0.04458769075572491, 0.11509963497519493, 0.060015099332667896, 0.0872964456677437, 0.10378857704345137, 0.018451514909975233, 0.16455721282400193, 0.10374886062927545]","[0.07535386753806961, 0.05255425086739271, 0.046404488510878146, 0.10519600804006282, 0.10174029459395703, 0.12103874967004438, 0.10069880615628791, 0.06476151203478499, 0.06700243071789674, 0.11304876623855385, 0.07650382694809343, 0.07569700554987926]",11.277568817138672,5.9,3.8072916666666665,3.0517578125,2.7845564305740327,2.100481225559996,2.2283574336722047,10,12,12,12,0.4790834986737509,0.3237608290234737,0.3523604860637012,[],[],[],[],False,"[true, true, true, true, true, true, true, true, true, true, true, true]",,,,1.3066710066234435,1.5246190978721792,2.0160826951311583,3.8046368635531915,3.889444008456964,1.1285886120807165,0,16578,182939,8179,107481,0.79873046875,0.5466766357421875,2.026898153808534,1.7020589685618854,10240,196608,True,True,True,"{""P0"": {""reason"": ""explicit phase ledger missing"", ""status"": ""unavailable""}, ""P1"": {""reason"": ""explicit phase ledger missing"", ""status"": ""unavailable""}, ""P2"": {""actual_rows"": 208896.0, ""content_rows"": 786432.0, ""environment"": {""actual_rows"": 196608.0, ""content_rows"": 786432.0, ""geometry_rows"": 196608.0, ""logical_paths"": 182939.0, ""padded_rows"": 0.0, ""unique_pairs"": 107481.0}, ""geometry_rows"": 196608.0, ""logical_paths"": 199517.0, ""module"": {""actual_rows"": 12288.0, ""content_rows"": null, ""geometry_rows"": null, ""logical_paths"": 16578.0, ""padded_rows"": 2048.0, ""unique_pairs"": 8179.0}, ""padded_rows"": 2048.0, ""status"": ""available"", ""unique_pairs"": 115660.0}, ""P2_consistency"": {""reason"": ""explicit phase ledger missing"", ""status"": ""unavailable""}}",12288.0,2048.0,,,196608.0,0.0,196608.0,786432.0,12,12,"[0.05834338068962097, 0.09571322798728943, 0.04601120203733444, 0.09091398119926453, 0.07316400110721588, 0.11806920170783997, 0.08035695552825928, 0.0760289877653122, 0.08539550006389618, 0.0657501369714737, 0.12053053081035614, 0.08972293138504028]",1.000000037252903,11.27756868635427,1.3078440197489272e-07,1024,3.0,4.0,2,6,"{""2"": 269, ""3"": 464, ""4"": 266, ""5"": 19, ""6"": 6}","{""0"": 2, ""5"": 4, ""6"": 4, ""7"": 1, ""8"": 1}","{""1"": 6, ""2"": 38, ""3"": 52, ""4"": 30, ""5"": 36, ""6"": 20, ""7"": 7, ""8"": 3}",True
0680,12,10,10,12,"[0, 1, 2, 3, 4, 5, 6, 7, 8, 9]",8192,deterministic_linspace_subset,"[0.046875, 11.953125, 0.046875, 5.953125]","[true, true, true, true, true, true, true, true, true, true, true, true]","[0.024134805146604776, 0.16878497302532197, 0.051440812973305584, 0.07390466403448955, 0.07358434647321702, 0.06553753866464831, 0.05880319271236658, 0.10182861683629199, 0.13396729044616223, 0.006571880355477334, 0.14126475686207415, 0.10017710633255775]","[0.09506241017637268, 0.044741442353332175, 0.0558896074611918, 0.10255149672533055, 0.0946862169734383, 0.10955493771083032, 0.10156770747729146, 0.06807662320738926, 0.045676046540393124, 0.120841335930398, 0.07347308380652369, 0.08787909490469303]",11.56067943572998,6.0,3.625,3.1181640625,2.774925864026266,2.047401383661374,2.245397112180285,10,12,11,12,0.47637827264734584,0.3181715642939601,0.35587477938599976,[],[],[],[],False,"[true, true, true, true, true, true, true, true, true, true, true, true]",,,,1.315213370417927,1.4927264722378368,1.983838349611705,3.802807117425345,3.921905158338331,1.1199054940821633,0,17462,176906,8216,105282,0.80234375,0.535491943359375,2.125365141187926,1.6803062251856917,10240,196608,True,True,True,"{""P0"": {""reason"": ""explicit phase ledger missing"", ""status"": ""unavailable""}, ""P1"": {""reason"": ""explicit phase ledger missing"", ""status"": ""unavailable""}, ""P2"": {""actual_rows"": 208896.0, ""content_rows"": 786432.0, ""environment"": {""actual_rows"": 196608.0, ""content_rows"": 786432.0, ""geometry_rows"": 196608.0, ""logical_paths"": 176906.0, ""padded_rows"": 0.0, ""unique_pairs"": 105282.0}, ""geometry_rows"": 196608.0, ""logical_paths"": 194368.0, ""module"": {""actual_rows"": 12288.0, ""content_rows"": null, ""geometry_rows"": null, ""logical_paths"": 17462.0, ""padded_rows"": 2048.0, ""unique_pairs"": 8216.0}, ""padded_rows"": 2048.0, ""status"": ""available"", ""unique_pairs"": 113498.0}, ""P2_consistency"": {""reason"": ""explicit phase ledger missing"", ""status"": ""unavailable""}}",12288.0,2048.0,,,196608.0,0.0,196608.0,786432.0,12,12,"[0.05959860980510712, 0.10676321387290955, 0.05366521701216698, 0.08822808414697647, 0.08413528650999069, 0.08754624426364899, 0.08018545061349869, 0.08495262265205383, 0.08982166647911072, 0.06370660662651062, 0.10736893117427826, 0.09402809292078018]",1.000000026077032,11.56067927169428,1.640357005783244e-07,1024,3.0,4.0,2,6,"{""2"": 214, ""3"": 519, ""4"": 256, ""5"": 26, ""6"": 9}","{""0"": 2, ""4"": 1, ""5"": 2, ""6"": 4, ""7"": 2, ""8"": 1}","{""1"": 7, ""2"": 36, ""3"": 50, ""4"": 47, ""5"": 39, ""6"": 7, ""7"": 6}",True
0681,12,10,10,12,"[0, 1, 2, 3, 4, 5, 6, 7, 8, 9]",8192,deterministic_linspace_subset,"[0.046875, 11.953125, 0.046875, 5.953125]","[true, true, true, true, true, true, true, true, true, true, true, true]","[0.026846916228532792, 0.10696200938082258, 0.05524631632724777, 0.058098032476846126, 0.06367163012910168, 0.07486349549144508, 0.09199543595314026, 0.10124714609701188, 0.16335705909878018, 0.0032762975431978704, 0.09623328773304819, 0.15820237295702103]","[0.09247332116486477, 0.050294578110424495, 0.06035584598074212, 0.10838942099962873, 0.10082533402017661, 0.10873852760876918, 0.1057550887724877, 0.07182258675955687, 0.04267909538975801, 0.10857046358952023, 0.06522306317795784, 0.0848726799686119]",11.428882598876953,6.0,3.5885416666666665,3.02734375,2.7778972721206374,2.0102321785801887,2.1973549306018425,10,12,12,12,0.477998910499862,0.3126116360852962,0.3438835668958243,[],[],[],[],False,"[true, true, true, true, true, true, true, true, true, true, true, true]",,,,1.459098576425309,1.4978551532309268,2.0694289945369135,3.8019709674973585,3.9883409622985213,1.0811950385779143,0,17379,169688,8165,104999,0.79736328125,0.5340525309244791,2.128475199020208,1.616091581824589,10240,196608,True,True,True,"{""P0"": {""reason"": ""explicit phase ledger missing"", ""status"": ""unavailable""}, ""P1"": {""reason"": ""explicit phase ledger missing"", ""status"": ""unavailable""}, ""P2"": {""actual_rows"": 208896.0, ""content_rows"": 786432.0, ""environment"": {""actual_rows"": 196608.0, ""content_rows"": 786432.0, ""geometry_rows"": 196608.0, ""logical_paths"": 169688.0, ""padded_rows"": 0.0, ""unique_pairs"": 104999.0}, ""geometry_rows"": 196608.0, ""logical_paths"": 187067.0, ""module"": {""actual_rows"": 12288.0, ""content_rows"": null, ""geometry_rows"": null, ""logical_paths"": 17379.0, ""padded_rows"": 2048.0, ""unique_pairs"": 8165.0}, ""padded_rows"": 2048.0, ""status"": ""available"", ""unique_pairs"": 113164.0}, ""P2_consistency"": {""reason"": ""explicit phase ledger missing"", ""status"": ""unavailable""}}",12288.0,2048.0,,,196608.0,0.0,196608.0,786432.0,12,12,"[0.05966012179851532, 0.0786282941699028, 0.057801082730293274, 0.083243727684021, 0.08224847912788391, 0.09180101752281189, 0.0988752692937851, 0.08653486520051956, 0.10301807522773743, 0.055923379957675934, 0.08072817325592041, 0.12153753638267517]",1.0000000223517418,11.428882031938606,5.669383469353306e-07,1024,3.0,4.0,1,6,"{""1"": 4, ""2"": 283, ""3"": 447, ""4"": 264, ""5"": 23, ""6"": 3}","{""0"": 2, ""5"": 3, ""6"": 6, ""9"": 1}","{""1"": 6, ""2"": 35, ""3"": 63, ""4"": 36, ""5"": 38, ""6"": 9, ""7"": 4, ""8"": 1}",True
0682,12,10,10,12,"[0, 1, 2, 3, 4, 5, 6, 7, 8, 9]",8192,deterministic_linspace_subset,"[0.046875, 11.953125, 0.046875, 5.953125]","[true, true, true, true, true, true, true, true, true, true, true, true]","[0.03797260969877243, 0.15454092066502198, 0.04487722538178787, 0.06404361631721259, 0.06258056908845902, 0.09035424999892712, 0.03494975846260786, 0.07249519238248468, 0.11209633797407151, 0.005815944785717875, 0.19699020050466062, 0.12328337319777348]","[0.10639706640790796, 0.043267379126026156, 0.0697762795086116, 0.09671593412834528, 0.08884095597143944, 0.10906147892910664, 0.09969821913364287, 0.07682770793379251, 0.04211661576194579, 0.12689912073468196, 0.06963097925928234, 0.0707682701374021]",11.356534957885742,5.7,3.65625,3.1328125,2.7994735700891136,2.0254673918052895,2.2623153189064977,10,12,11,12,0.4838618248466949,0.31282755761341646,0.3590073740117099,[],[],[],[],False,"[true, true, true, true, true, true, true, true, true, true, true, true]",,,,1.1580102116348574,1.4957444368669126,1.8440749892506871,3.8002204836387556,3.966543952555555,1.1173990455844725,0,17084,173813,8273,105738,0.80791015625,0.537811279296875,2.065030823159676,1.6438082808451078,10240,196608,True,True,True,"{""P0"": {""reason"": ""explicit phase ledger missing"", ""status"": ""unavailable""}, ""P1"": {""reason"": ""explicit phase ledger missing"", ""status"": ""unavailable""}, ""P2"": {""actual_rows"": 208896.0, ""content_rows"": 786432.0, ""environment"": {""actual_rows"": 196608.0, ""content_rows"": 786432.0, ""geometry_rows"": 196608.0, ""logical_paths"": 173813.0, ""padded_rows"": 0.0, ""unique_pairs"": 105738.0}, ""geometry_rows"": 196608.0, ""logical_paths"": 190897.0, ""module"": {""actual_rows"": 12288.0, ""content_rows"": null, ""geometry_rows"": null, ""logical_paths"": 17084.0, ""padded_rows"": 2048.0, ""unique_pairs"": 8273.0}, ""padded_rows"": 2048.0, ""status"": ""available"", ""unique_pairs"": 114011.0}, ""P2_consistency"": {""reason"": ""explicit phase ledger missing"", ""status"": ""unavailable""}}",12288.0,2048.0,,,196608.0,0.0,196608.0,786432.0,12,12,"[0.07218484580516815, 0.09890415519475937, 0.057326748967170715, 0.08037976920604706, 0.07571075856685638, 0.09970787167549133, 0.06732399761676788, 0.07466144859790802, 0.07710647583007812, 0.06635751575231552, 0.13331058621406555, 0.09702581912279129]",0.9999999925494194,11.356534785987963,1.718977795661658e-07,1024,3.0,4.0,1,6,"{""1"": 5, ""2"": 195, ""3"": 527, ""4"": 261, ""5"": 28, ""6"": 8}","{""0"": 2, ""4"": 1, ""5"": 3, ""6"": 5, ""8"": 1}","{""1"": 7, ""2"": 40, ""3"": 47, ""4"": 45, ""5"": 30, ""6"": 18, ""7"": 4, ""8"": 1}",True
0683,12,10,10,12,"[0, 1, 2, 3, 4, 5, 6, 7, 8, 9]",8192,deterministic_linspace_subset,"[0.046875, 11.953125, 0.046875, 5.953125]","[true, true, true, true, true, true, true, true, true, true, true, true]","[0.041546365618705755, 0.1798040632158518, 0.04708242155611515, 0.07416366934776307, 0.09354635179042817, 0.039666657475754624, 0.06040913159667981, 0.12173050724668429, 0.13107118806801737, 0.012522486224770547, 0.11596838613040746, 0.08248878184240312]","[0.09477070960741212, 0.05402870875392787, 0.06385336077073589, 0.0929293458663475, 0.09023392375962183, 0.10970258291310483, 0.10545042941779074, 0.07322702780227529, 0.04845041828147364, 0.11742259639388128, 0.06022759835832403, 0.08970330273737895]",11.597563743591309,5.8,3.6041666666666665,3.09765625,2.7475966640884786,1.990205979609037,2.265569823966231,10,12,12,12,0.4799369883960245,0.30841874084543025,0.35952937092600656,[],[],[],[],False,"[true, true, true, true, true, true, true, true, true, true, true, true]",,,,1.2378024532265093,1.4756370847025746,2.1553704408664363,3.801994228164489,4.013605441472503,1.1177883260711197,0,17196,171974,8261,105387,0.80673828125,0.5360260009765625,2.0815881854497036,1.6318331483010238,10240,196608,True,True,True,"{""P0"": {""reason"": ""explicit phase ledger missing"", ""status"": ""unavailable""}, ""P1"": {""reason"": ""explicit phase ledger missing"", ""status"": ""unavailable""}, ""P2"": {""actual_rows"": 208896.0, ""content_rows"": 786432.0, ""environment"": {""actual_rows"": 196608.0, ""content_rows"": 786432.0, ""geometry_rows"": 196608.0, ""logical_paths"": 171974.0, ""padded_rows"": 0.0, ""unique_pairs"": 105387.0}, ""geometry_rows"": 196608.0, ""logical_paths"": 189170.0, ""module"": {""actual_rows"": 12288.0, ""content_rows"": null, ""geometry_rows"": null, ""logical_paths"": 17196.0, ""padded_rows"": 2048.0, ""unique_pairs"": 8261.0}, ""padded_rows"": 2048.0, ""status"": ""available"", ""unique_pairs"": 113648.0}, ""P2_consistency"": {""reason"": ""explicit phase ledger missing"", ""status"": ""unavailable""}}",12288.0,2048.0,,,196608.0,0.0,196608.0,786432.0,12,12,"[0.06815852224826813, 0.11691638827323914, 0.05546789616346359, 0.08354651182889938, 0.09189014136791229, 0.07468461990356445, 0.08292977511882782, 0.09747876971960068, 0.08976080268621445, 0.06497254222631454, 0.08809798955917358, 0.08609604835510254]",1.0000000074505806,11.597564501698276,7.5810696742451e-07,1024,3.0,4.0,2,6,"{""2"": 228, ""3"": 516, ""4"": 236, ""5"": 40, ""6"": 4}","{""0"": 2, ""5"": 4, ""6"": 5, ""8"": 1}","{""1"": 5, ""2"": 32, ""3"": 58, ""4"": 55, ""5"": 28, ""6"": 10, ""7"": 3, ""8"": 1}",True
0684,12,10,10,12,"[0, 1, 2, 3, 4, 5, 6, 7, 8, 9]",8192,deterministic_linspace_subset,"[0.046875, 11.953125, 0.046875, 5.953125]","[true, true, true, true, true, true, true, true, true, true, true, true]","[0.05878006387501955, 0.10988018959760666, 0.04588155006058514, 0.07535919509828092, 0.022553284466266633, 0.1439798661042005, 0.07843257524073124, 0.07701534535735846, 0.09436845304444434, 0.008252480253577233, 0.13412467671987544, 0.15137231272528878]","[0.09329385584715053, 0.06301754679376852, 0.06286825942534811, 0.10514927361570393, 0.09052741152481758, 0.11134506405444945, 0.10458189436394606, 0.07452210557524572, 0.054482416331969326, 0.09953313819217631, 0.0640091741897398, 0.07666986380523638]",11.207606315612793,5.5,3.7135416666666665,3.1142578125,2.6861891551210113,2.010506317556869,2.2246473517266536,10,12,12,12,0.471983887835398,0.3122986901462124,0.3555526568532385,[],[],[],[],False,"[true, true, true, true, true, true, true, true, true, true, true, true]",,,,1.32746122882522,1.4871304318294138,2.249816441221984,3.8006815039610915,4.038001519954626,1.1168114511557348,0,15904,180745,7737,108051,0.75556640625,0.5495758056640625,2.0555770970660463,1.6727748933374056,10240,196608,True,True,True,"{""P0"": {""reason"": ""explicit phase ledger missing"", ""status"": ""unavailable""}, ""P1"": {""reason"": ""explicit phase ledger missing"", ""status"": ""unavailable""}, ""P2"": {""actual_rows"": 208896.0, ""content_rows"": 786432.0, ""environment"": {""actual_rows"": 196608.0, ""content_rows"": 786432.0, ""geometry_rows"": 196608.0, ""logical_paths"": 180745.0, ""padded_rows"": 0.0, ""unique_pairs"": 108051.0}, ""geometry_rows"": 196608.0, ""logical_paths"": 196649.0, ""module"": {""actual_rows"": 12288.0, ""content_rows"": null, ""geometry_rows"": null, ""logical_paths"": 15904.0, ""padded_rows"": 2048.0, ""unique_pairs"": 7737.0}, ""padded_rows"": 2048.0, ""status"": ""available"", ""unique_pairs"": 115788.0}, ""P2_consistency"": {""reason"": ""explicit phase ledger missing"", ""status"": ""unavailable""}}",12288.0,2048.0,,,196608.0,0.0,196608.0,786432.0,12,12,"[0.0760369524359703, 0.08644887059926987, 0.054374903440475464, 0.09025422483682632, 0.0565403588116169, 0.12766246497631073, 0.09150724112987518, 0.07576873153448105, 0.07442544400691986, 0.05389280617237091, 0.09906692802906036, 0.11402109265327454]",1.0000000186264515,11.20760602668872,2.88924072222585e-07,1024,3.0,4.0,2,6,"{""2"": 220, ""3"": 496, ""4"": 284, ""5"": 19, ""6"": 5}","{""0"": 2, ""4"": 1, ""5"": 5, ""6"": 2, ""7"": 2}","{""1"": 5, ""2"": 34, ""3"": 55, ""4"": 39, ""5"": 41, ""6"": 13, ""7"": 4, ""8"": 1}",True
0685,12,10,10,12,"[0, 1, 2, 3, 4, 5, 6, 7, 8, 9]",8192,deterministic_linspace_subset,"[0.046875, 11.953125, 0.046875, 5.953125]","[true, true, true, true, true, true, true, true, true, true, true, true]","[0.026352420449256897, 0.15389003125019374, 0.0691224324516952, 0.050046811089760015, 0.0735611635260284, 0.04977191640064121, 0.056270215806580384, 0.1270429566502571, 0.17730024407728706, 0.0036945069557987155, 0.10981061105412665, 0.10313669219613075]","[0.0907996747913368, 0.041977885841740566, 0.05888843631782946, 0.10280614418282613, 0.10372172779778811, 0.10602119087055446, 0.10151327979111538, 0.06702141536212972, 0.05052543736299716, 0.1413509559928533, 0.06162957132022484, 0.07374429041126734]",11.637434959411621,6.2,3.703125,3.154296875,3.1630582711314332,2.0387024778829534,2.2545038004368934,10,12,12,12,0.5249527314739171,0.31525122302290237,0.36018151061524506,[],[],[],[],False,"[true, true, true, true, true, true, true, true, true, true, true, true]",,,,1.1888124458388365,1.493278397007327,1.8800781610864714,3.800798369344509,3.855314967654757,1.113047758640307,0,18452,178448,8586,108195,0.8384765625,0.5503082275390625,2.1490798975075704,1.6493183603678543,10240,196608,True,True,True,"{""P0"": {""reason"": ""explicit phase ledger missing"", ""status"": ""unavailable""}, ""P1"": {""reason"": ""explicit phase ledger missing"", ""status"": ""unavailable""}, ""P2"": {""actual_rows"": 208896.0, ""content_rows"": 786432.0, ""environment"": {""actual_rows"": 196608.0, ""content_rows"": 786432.0, ""geometry_rows"": 196608.0, ""logical_paths"": 178448.0, ""padded_rows"": 0.0, ""unique_pairs"": 108195.0}, ""geometry_rows"": 196608.0, ""logical_paths"": 196900.0, ""module"": {""actual_rows"": 12288.0, ""content_rows"": null, ""geometry_rows"": null, ""logical_paths"": 18452.0, ""padded_rows"": 2048.0, ""unique_pairs"": 8586.0}, ""padded_rows"": 2048.0, ""status"": ""available"", ""unique_pairs"": 116781.0}, ""P2_consistency"": {""reason"": ""explicit phase ledger missing"", ""status"": ""unavailable""}}",12288.0,2048.0,,,196608.0,0.0,196608.0,786432.0,12,12,"[0.058576054871082306, 0.09793396294116974, 0.06400543451309204, 0.07642647624015808, 0.0886414498090744, 0.07789655029773712, 0.07889175415039062, 0.09703219681978226, 0.11391284316778183, 0.07252272218465805, 0.08572009205818176, 0.08844049274921417]",1.0000000298023224,11.637434991826968,3.241534685116676e-08,1024,3.0,4.0,2,6,"{""2"": 183, ""3"": 548, ""4"": 252, ""5"": 34, ""6"": 7}","{""0"": 2, ""5"": 1, ""6"": 7, ""7"": 1, ""8"": 1}","{""1"": 7, ""2"": 29, ""3"": 52, ""4"": 50, ""5"": 38, ""6"": 12, ""7"": 4}",True
0686,12,10,10,12,"[0, 1, 2, 3, 4, 5, 6, 7, 8, 9]",8192,deterministic_linspace_subset,"[0.046875, 11.953125, 0.046875, 5.953125]","[true, true, true, true, true, true, true, true, true, true, true, true]","[0.05118830928113312, 0.08913315493846313, 0.07824346825946124, 0.03672559056431055, 0.05898742119206873, 0.11109416368417444, 0.0927596777677536, 0.09077110330108554, 0.1294113447191194, 0.0005098910070955754, 0.1355754194300971, 0.12560046846047046]","[0.10474749277235182, 0.05029698937294452, 0.05636439944381283, 0.09275216766839849, 0.08911938042960327, 0.09763317538392376, 0.111816139901966, 0.07136414362258847, 0.05260586461614974, 0.13921716951078147, 0.061318710432487926, 0.07276437042519035]",11.660035133361816,6.1,3.6875,3.072265625,3.0440118901856104,2.0505452749874054,2.2252320610818126,10,12,11,12,0.5063256384938827,0.3214389298517523,0.3548085009237124,[],[],[],[],False,"[true, true, true, true, true, true, true, true, true, true, true, true]",,,,1.3508143875882075,1.523922431893826,2.1717585763906753,3.8015705392677925,3.9790584384130634,1.1090471933897939,0,17846,170450,8278,104617,0.8083984375,0.5321095784505209,2.1558347426914715,1.6292763126451724,10240,196608,True,True,True,"{""P0"": {""reason"": ""explicit phase ledger missing"", ""status"": ""unavailable""}, ""P1"": {""reason"": ""explicit phase ledger missing"", ""status"": ""unavailable""}, ""P2"": {""actual_rows"": 208896.0, ""content_rows"": 786432.0, ""environment"": {""actual_rows"": 196608.0, ""content_rows"": 786432.0, ""geometry_rows"": 196608.0, ""logical_paths"": 170450.0, ""padded_rows"": 0.0, ""unique_pairs"": 104617.0}, ""geometry_rows"": 196608.0, ""logical_paths"": 188296.0, ""module"": {""actual_rows"": 12288.0, ""content_rows"": null, ""geometry_rows"": null, ""logical_paths"": 17846.0, ""padded_rows"": 2048.0, ""unique_pairs"": 8278.0}, ""padded_rows"": 2048.0, ""status"": ""available"", ""unique_pairs"": 112895.0}, ""P2_consistency"": {""reason"": ""explicit phase ledger missing"", ""status"": ""unavailable""}}",12288.0,2048.0,,,196608.0,0.0,196608.0,786432.0,12,12,"[0.07796789705753326, 0.06971507519483566, 0.06730393320322037, 0.06473887711763382, 0.07405339926481247, 0.10436367243528366, 0.1022879034280777, 0.08106762170791626, 0.09100860357284546, 0.06986353546380997, 0.09844706207513809, 0.09918242692947388]",1.0000000074505806,11.660034409895669,7.234661474342374e-07,1024,3.0,4.0,2,6,"{""2"": 226, ""3"": 527, ""4"": 243, ""5"": 27, ""6"": 1}","{""0"": 2, ""3"": 1, ""6"": 5, ""7"": 4}","{""1"": 3, ""2"": 34, ""3"": 51, ""4"": 53, ""5"": 37, ""6"": 11, ""7"": 3}",True
0687,12,10,10,12,"[0, 1, 2, 3, 4, 5, 6, 7, 8, 9]",8192,deterministic_linspace_subset,"[0.046875, 11.953125, 0.046875, 5.953125]","[true, true, true, true, true, true, true, true, true, true, true, true]","[0.05099848434329033, 0.14538532663312934, 0.05859255082905293, 0.09220923576503992, 0.03662548372521997, 0.09196752198040485, 0.007199765951372684, 0.09753873720765115, 0.17866661101579664, 0.008409270462288988, 0.12893699546111748, 0.10346999815665185]","[0.09824575164600445, 0.05307156386434759, 0.06405138567398659, 0.10296546209792724, 0.09914896605429627, 0.10945967542646429, 0.10447274708728096, 0.06627907956681155, 0.043913151493751926, 0.1128426158123451, 0.06353744170765671, 0.08201216468762831]",11.467820167541504,6.1,3.5677083333333335,3.1337890625,3.0061291687059493,2.0371918580210404,2.234011518676498,10,12,12,12,0.506588737706989,0.31366541725197583,0.3553281255731552,[],[],[],[],False,"[true, true, true, true, true, true, true, true, true, true, true, true]",,,,1.3964133082518497,1.4906697651447347,1.9438523362391993,3.8021620330354127,3.954821755293204,1.0936388097500558,0,18322,170759,8771,104212,0.85654296875,0.5300496419270834,2.088929426519211,1.6385732929029286,10240,196608,True,True,True,"{""P0"": {""reason"": ""explicit phase ledger missing"", ""status"": ""unavailable""}, ""P1"": {""reason"": ""explicit phase ledger missing"", ""status"": ""unavailable""}, ""P2"": {""actual_rows"": 208896.0, ""content_rows"": 786432.0, ""environment"": {""actual_rows"": 196608.0, ""content_rows"": 786432.0, ""geometry_rows"": 196608.0, ""logical_paths"": 170759.0, ""padded_rows"": 0.0, ""unique_pairs"": 104212.0}, ""geometry_rows"": 196608.0, ""logical_paths"": 189081.0, ""module"": {""actual_rows"": 12288.0, ""content_rows"": null, ""geometry_rows"": null, ""logical_paths"": 18322.0, ""padded_rows"": 2048.0, ""unique_pairs"": 8771.0}, ""padded_rows"": 2048.0, ""status"": ""available"", ""unique_pairs"": 112983.0}, ""P2_consistency"": {""reason"": ""explicit phase ledger missing"", ""status"": ""unavailable""}}",12288.0,2048.0,,,196608.0,0.0,196608.0,786432.0,12,12,"[0.07462211698293686, 0.09922845661640167, 0.06132197380065918, 0.09758734703063965, 0.06788721680641174, 0.10071360319852829, 0.05583625286817551, 0.08190891146659851, 0.11128988862037659, 0.060625944286584854, 0.09623721241950989, 0.09274107217788696]",0.9999999962747097,11.467819594677376,5.72864127690309e-07,1024,3.0,4.0,2,6,"{""2"": 180, ""3"": 555, ""4"": 264, ""5"": 22, ""6"": 3}","{""0"": 2, ""5"": 3, ""6"": 4, ""7"": 2, ""8"": 1}","{""1"": 6, ""2"": 35, ""3"": 56, ""4"": 57, ""5"": 23, ""6"": 9, ""7"": 4, ""8"": 2}",True
0688,12,10,10,12,"[0, 1, 2, 3, 4, 5, 6, 7, 8, 9]",8192,deterministic_linspace_subset,"[0.046875, 11.953125, 0.046875, 5.953125]","[true, true, true, true, true, true, true, true, true, true, true, true]","[0.05591715447662864, 0.1184876266284846, 0.059865440412541916, 0.07209076434373857, 0.034875502437353136, 0.12024781219661236, 0.11475092337932438, 0.10753861944540405, 0.10929397549480199, 0.0028244251850992443, 0.12112929488066584, 0.0829784613872107]","[0.08557467799801091, 0.052987918502594766, 0.046725418428119746, 0.09916529580112186, 0.09430272493333783, 0.10001482862619299, 0.10617686574573781, 0.06904062999758656, 0.048849666598812284, 0.12653247560988373, 0.07143141193023439, 0.09919809118162466]",11.516870498657227,5.9,3.6458333333333335,3.048828125,2.7938739941655997,2.017438729504254,2.19610337529865,10,12,12,12,0.46838924793464703,0.31409386321183785,0.3481753942861483,[],[],[],[],False,"[true, true, true, true, true, true, true, true, true, true, true, true]",,,,1.3846328135340462,1.4969267527914356,2.3824087735820445,3.8032484931037187,4.126847547387957,1.0879930863418876,0,17185,175515,8082,106196,0.7892578125,0.5401407877604166,2.1263301163078445,1.6527458661343177,10240,196608,True,True,True,"{""P0"": {""reason"": ""explicit phase ledger missing"", ""status"": ""unavailable""}, ""P1"": {""reason"": ""explicit phase ledger missing"", ""status"": ""unavailable""}, ""P2"": {""actual_rows"": 208896.0, ""content_rows"": 786432.0, ""environment"": {""actual_rows"": 196608.0, ""content_rows"": 786432.0, ""geometry_rows"": 196608.0, ""logical_paths"": 175515.0, ""padded_rows"": 0.0, ""unique_pairs"": 106196.0}, ""geometry_rows"": 196608.0, ""logical_paths"": 192700.0, ""module"": {""actual_rows"": 12288.0, ""content_rows"": null, ""geometry_rows"": null, ""logical_paths"": 17185.0, ""padded_rows"": 2048.0, ""unique_pairs"": 8082.0}, ""padded_rows"": 2048.0, ""status"": ""available"", ""unique_pairs"": 114278.0}, ""P2_consistency"": {""reason"": ""explicit phase ledger missing"", ""status"": ""unavailable""}}",12288.0,2048.0,,,196608.0,0.0,196608.0,786432.0,12,12,"[0.07074591517448425, 0.08573777228593826, 0.05329543352127075, 0.08562804013490677, 0.06458912044763565, 0.11013132333755493, 0.11046388745307922, 0.08828963339328766, 0.07907181233167648, 0.06467846035957336, 0.09628035128116608, 0.09108826518058777]",1.0000000149011612,11.516870936539851,4.3788262438226866e-07,1024,3.0,4.0,2,6,"{""2"": 249, ""3"": 506, ""4"": 243, ""5"": 22, ""6"": 4}","{""0"": 2, ""4"": 1, ""5"": 3, ""6"": 4, ""7"": 1, ""9"": 1}","{""1"": 5, ""2"": 33, ""3"": 55, ""4"": 50, ""5"": 34, ""6"": 11, ""7"": 4}",True
0689,12,10,10,12,"[0, 1, 2, 3, 4, 5, 6, 7, 8, 9]",8192,deterministic_linspace_subset,"[0.046875, 11.953125, 0.046875, 5.953125]","[true, true, true, true, true, true, true, true, true, true, true, true]","[0.042143390886485575, 0.06892916954529939, 0.0645687640993856, 0.002953295872430317, 0.06374819974589627, 0.1535087913973257, 0.06990180909633636, 0.0853981314226985, 0.13422296848148108, 0.0015579364262521267, 0.13393037701025606, 0.17913716095499696]","[0.1027571094560926, 0.04914472671077874, 0.05104411851120479, 0.10611004712745853, 0.08160386212282826, 0.08049752974384372, 0.1077896741159445, 0.07759472829911827, 0.04902241521972427, 0.1504070870745563, 0.059270250169190866, 0.08475845258768307]",11.177383422851562,6.0,4.015625,3.224609375,2.7571012552280405,2.1225403276794546,2.2678837676032453,10,12,11,12,0.4660818849513889,0.3380023841549604,0.3678687463310693,[],[],[],[],False,"[true, true, true, true, true, true, true, true, true, true, true, true]",,,,0.9963158124402535,1.529339267349026,1.711386590028305,3.800923968958812,4.063793898989641,1.1076287497582795,0,17937,196172,8029,110557,0.78408203125,0.5623219807942709,2.234026653381492,1.7743969174272094,10240,196608,True,True,True,"{""P0"": {""reason"": ""explicit phase ledger missing"", ""status"": ""unavailable""}, ""P1"": {""reason"": ""explicit phase ledger missing"", ""status"": ""unavailable""}, ""P2"": {""actual_rows"": 208896.0, ""content_rows"": 786432.0, ""environment"": {""actual_rows"": 196608.0, ""content_rows"": 786432.0, ""geometry_rows"": 196608.0, ""logical_paths"": 196172.0, ""padded_rows"": 0.0, ""unique_pairs"": 110557.0}, ""geometry_rows"": 196608.0, ""logical_paths"": 214109.0, ""module"": {""actual_rows"": 12288.0, ""content_rows"": null, ""geometry_rows"": null, ""logical_paths"": 17937.0, ""padded_rows"": 2048.0, ""unique_pairs"": 8029.0}, ""padded_rows"": 2048.0, ""status"": ""available"", ""unique_pairs"": 118586.0}, ""P2_consistency"": {""reason"": ""explicit phase ledger missing"", ""status"": ""unavailable""}}",12288.0,2048.0,,,196608.0,0.0,196608.0,786432.0,12,12,"[0.07245025783777237, 0.059036947786808014, 0.05780643969774246, 0.054531678557395935, 0.07267603278160095, 0.11700315773487091, 0.08884574472904205, 0.08149644732475281, 0.09162269532680511, 0.07598250359296799, 0.09660030901432037, 0.1319478154182434]",1.0000000298023224,11.177383520457443,9.760588071117127e-08,1024,3.0,4.0,2,5,"{""2"": 108, ""3"": 613, ""4"": 268, ""5"": 35}","{""0"": 2, ""5"": 3, ""6"": 5, ""7"": 1, ""8"": 1}","{""2"": 29, ""3"": 38, ""4"": 57, ""5"": 46, ""6"": 15, ""7"": 5, ""8"": 2}",True
0690,12,10,10,12,"[0, 1, 2, 3, 4, 5, 6, 7, 8, 9]",8192,deterministic_linspace_subset,"[0.046875, 11.953125, 0.046875, 5.953125]","[true, true, true, true, true, true, true, true, true, true, true, true]","[0.04008426330983639, 0.16412793598137795, 0.05093050755094737, 0.08850671164691448, 0.014775988552719355, 0.0878744214773178, 0.07904409172479064, 0.10920157348737121, 0.1336583900032565, 0.008720829337835311, 0.14389342269860209, 0.07918188515322981]","[0.08980137975314997, 0.05340447746692184, 0.057173773204186, 0.09930394066919253, 0.09720415793026406, 0.11042771040047226, 0.09855229947991502, 0.0669395709773942, 0.053284556965081706, 0.11269969496061095, 0.06900218696233651, 0.09220625653968757]",11.42959976196289,5.8,3.8020833333333335,3.1005859375,2.8925720153558454,2.0878090715538877,2.2410828057805396,10,12,12,12,0.49203334233251617,0.32874389757605654,0.3567601475965697,[],[],[],[],False,"[true, true, true, true, true, true, true, true, true, true, true, true]",,,,1.2791046012510614,1.5230103845185365,1.9254768854560882,3.8043495919010675,3.939876908197185,1.1132875250563923,0,17176,185557,8282,109122,0.8087890625,0.555023193359375,2.0738951943974886,1.7004545371235864,10240,196608,True,True,True,"{""P0"": {""reason"": ""explicit phase ledger missing"", ""status"": ""unavailable""}, ""P1"": {""reason"": ""explicit phase ledger missing"", ""status"": ""unavailable""}, ""P2"": {""actual_rows"": 208896.0, ""content_rows"": 786432.0, ""environment"": {""actual_rows"": 196608.0, ""content_rows"": 786432.0, ""geometry_rows"": 196608.0, ""logical_paths"": 185557.0, ""padded_rows"": 0.0, ""unique_pairs"": 109122.0}, ""geometry_rows"": 196608.0, ""logical_paths"": 202733.0, ""module"": {""actual_rows"": 12288.0, ""content_rows"": null, ""geometry_rows"": null, ""logical_paths"": 17176.0, ""padded_rows"": 2048.0, ""unique_pairs"": 8282.0}, ""padded_rows"": 2048.0, ""status"": ""available"", ""unique_pairs"": 117404.0}, ""P2_consistency"": {""reason"": ""explicit phase ledger missing"", ""status"": ""unavailable""}}",12288.0,2048.0,,,196608.0,0.0,196608.0,786432.0,12,12,"[0.06494282931089401, 0.10876621305942535, 0.05405213683843613, 0.09390532970428467, 0.055990070104599, 0.09915107488632202, 0.08879819512367249, 0.0880705714225769, 0.0934714674949646, 0.06071026623249054, 0.10644780099391937, 0.08569405972957611]",1.0000000149011612,11.429599294881957,4.6708093393021954e-07,1024,3.0,4.0,2,6,"{""2"": 221, ""3"": 506, ""4"": 272, ""5"": 23, ""6"": 2}","{""0"": 2, ""5"": 4, ""6"": 4, ""7"": 2}","{""1"": 6, ""2"": 26, ""3"": 55, ""4"": 44, ""5"": 42, ""6"": 13, ""7"": 5, ""8"": 1}",True
0691,12,10,10,12,"[0, 1, 2, 3, 4, 5, 6, 7, 8, 9]",8192,deterministic_linspace_subset,"[0.046875, 11.953125, 0.046875, 5.953125]","[true, true, true, true, true, true, true, true, true, true, true, true]","[0.0406806081533432, 0.14444197472184897, 0.040098237246274954, 0.10928655478928703, 0.04896215638145805, 0.036545387702062726, 0.10144262693065684, 0.07449631821364164, 0.13299006195738913, 0.009533708915114403, 0.12811629343777894, 0.13340607266873122]","[0.08478222788459296, 0.06164426140677887, 0.0504543203992777, 0.1002525778958443, 0.10193248770944291, 0.11084321338557855, 0.09715511553167748, 0.06956839723622467, 0.05545568339365067, 0.10518517229653906, 0.06759291828292675, 0.0951336294920111]",11.292675971984863,5.5,3.9166666666666665,3.1455078125,2.8440729459688763,2.1145166404530165,2.2761487508505747,10,12,12,12,0.48837729677905006,0.3351477029693293,0.3623971955694511,[],[],[],[],False,"[true, true, true, true, true, true, true, true, true, true, true, true]",,,,1.2285353031116377,1.5445428532507073,2.036881458721555,3.8043568022089715,3.9502875244794287,1.1266962684640507,0,16322,197472,7828,114165,0.764453125,0.5806732177734375,2.0850792028615226,1.729707003021942,10240,196608,True,True,True,"{""P0"": {""reason"": ""explicit phase ledger missing"", ""status"": ""unavailable""}, ""P1"": {""reason"": ""explicit phase ledger missing"", ""status"": ""unavailable""}, ""P2"": {""actual_rows"": 208896.0, ""content_rows"": 786432.0, ""environment"": {""actual_rows"": 196608.0, ""content_rows"": 786432.0, ""geometry_rows"": 196608.0, ""logical_paths"": 197472.0, ""padded_rows"": 0.0, ""unique_pairs"": 114165.0}, ""geometry_rows"": 196608.0, ""logical_paths"": 213794.0, ""module"": {""actual_rows"": 12288.0, ""content_rows"": null, ""geometry_rows"": null, ""logical_paths"": 16322.0, ""padded_rows"": 2048.0, ""unique_pairs"": 7828.0}, ""padded_rows"": 2048.0, ""status"": ""available"", ""unique_pairs"": 121993.0}, ""P2_consistency"": {""reason"": ""explicit phase ledger missing"", ""status"": ""unavailable""}}",12288.0,2048.0,,,196608.0,0.0,196608.0,786432.0,12,12,"[0.06273141503334045, 0.10304310917854309, 0.04527628421783447, 0.10476957261562347, 0.07544732093811035, 0.07369430363178253, 0.0992988720536232, 0.07203235477209091, 0.09422287344932556, 0.05735944211483002, 0.0978546142578125, 0.11426984518766403]",1.0000000074505806,11.29267584228409,1.2970077278851022e-07,1024,3.0,4.0,2,6,"{""2"": 219, ""3"": 472, ""4"": 302, ""5"": 27, ""6"": 4}","{""0"": 2, ""5"": 6, ""6"": 3, ""7"": 1}","{""1"": 5, ""2"": 26, ""3"": 49, ""4"": 44, ""5"": 43, ""6"": 19, ""7"": 5, ""8"": 1}",True
0692,12,10,10,12,"[0, 1, 2, 3, 4, 5, 6, 7, 8, 9]",8192,deterministic_linspace_subset,"[0.046875, 11.953125, 0.046875, 5.953125]","[true, true, true, true, true, true, true, true, true, true, true, true]","[0.034695275803096594, 0.13324715283233673, 0.09232929553836584, 0.06862258352339269, 0.04046166327316314, 0.03531470710368012, 0.08455944154411554, 0.07456847466528417, 0.1441044016275555, 0.008713342342525722, 0.11893669837372728, 0.1644469775259495]","[0.09915134389196588, 0.06340580237144876, 0.05930821250331062, 0.09697312027996456, 0.10135793481059824, 0.08962688692190567, 0.10050532187233326, 0.06175174999043522, 0.05251044027064229, 0.11569264467038091, 0.0713771977288813, 0.08833934747902579]",11.434676170349121,6.0,3.7083333333333335,3.134765625,2.9227319664978877,2.1028758662745135,2.2422158771718834,10,12,11,12,0.5051238489918182,0.33083815693181456,0.3584973557005775,[],[],[],[],False,"[true, true, true, true, true, true, true, true, true, true, true, true]",,,,1.314466786687068,1.5289509005211295,2.0315600761194266,3.804656817426638,3.979241139852698,1.1042043586782473,0,17246,179457,7995,107370,0.78076171875,0.546112060546875,2.157098186366479,1.6713886560491757,10240,196608,True,True,True,"{""P0"": {""reason"": ""explicit phase ledger missing"", ""status"": ""unavailable""}, ""P1"": {""reason"": ""explicit phase ledger missing"", ""status"": ""unavailable""}, ""P2"": {""actual_rows"": 208896.0, ""content_rows"": 786432.0, ""environment"": {""actual_rows"": 196608.0, ""content_rows"": 786432.0, ""geometry_rows"": 196608.0, ""logical_paths"": 179457.0, ""padded_rows"": 0.0, ""unique_pairs"": 107370.0}, ""geometry_rows"": 196608.0, ""logical_paths"": 196703.0, ""module"": {""actual_rows"": 12288.0, ""content_rows"": null, ""geometry_rows"": null, ""logical_paths"": 17246.0, ""padded_rows"": 2048.0, ""unique_pairs"": 7995.0}, ""padded_rows"": 2048.0, ""status"": ""available"", ""unique_pairs"": 115365.0}, ""P2_consistency"": {""reason"": ""explicit phase ledger missing"", ""status"": ""unavailable""}}",12288.0,2048.0,,,196608.0,0.0,196608.0,786432.0,12,12,"[0.06692331284284592, 0.09832647442817688, 0.07581876218318939, 0.08279785513877869, 0.07090981304645538, 0.06247079744935036, 0.09253238141536713, 0.06816010922193527, 0.09830742329359055, 0.06220300495624542, 0.0951569527387619, 0.1263931542634964]",1.0000000409781933,11.434677218310359,1.0479612377878311e-06,1024,3.0,4.0,2,6,"{""2"": 196, ""3"": 544, ""4"": 238, ""5"": 42, ""6"": 4}","{""0"": 2, ""4"": 1, ""5"": 3, ""6"": 3, ""7"": 2, ""9"": 1}","{""1"": 3, ""2"": 30, ""3"": 54, ""4"": 55, ""5"": 36, ""6"": 12, ""7"": 1, ""8"": 1}",True
