additive_omega_edge_map_cosine,additive_omega_effective_rank,additive_omega_largest_energy_fraction,additive_p_edge_map_cosine,additive_p_effective_rank,additive_p_largest_energy_fraction,additive_temperature_edge_map_cosine,additive_temperature_effective_rank,additive_temperature_largest_energy_fraction,additive_u_edge_map_cosine,additive_u_effective_rank,additive_u_largest_energy_fraction,additive_v_edge_map_cosine,additive_v_effective_rank,additive_v_largest_energy_fraction,base_to_final_alignment_cost,base_to_final_environment_assignment_l1,base_to_final_module_assignment_l1,base_to_provisional_alignment_cost,base_to_provisional_environment_assignment_l1,base_to_provisional_module_assignment_l1,candidate_edge_count,case_id,checkpoint,edge_count,environment_centered_effective_rank,environment_edge_column_cosine,environment_effective_rank,environment_largest_dominant_occupancy,environment_neighbor_dominant_agreement,environment_neighbor_l1,environment_row_cosine,environment_row_effective_edges,environment_row_entropy_norm,environment_row_max,environment_spatial_smoothness,hard_selected_edge_count,module_centered_effective_rank,module_edge_column_cosine,module_effective_rank,module_largest_dominant_occupancy,module_row_cosine,module_row_effective_edges,module_row_entropy_norm,module_row_max,normalized_field_mse,pairwise_edge_map_cosine,pairwise_edge_map_cv,pairwise_edge_map_effective_rank,pass,post_fallback_zero_support_environment_rows,post_fallback_zero_support_module_rows,provisional_to_final_alignment_cost,provisional_to_final_environment_assignment_l1,provisional_to_final_module_assignment_l1,query_centered_effective_rank,query_edge_column_cosine,query_effective_rank,query_entropy_norm_direct,query_global_mean_route_l1,query_largest_dominant_occupancy,query_neighbor_l1,query_per_edge_spatial_std,query_row_cosine,query_row_effective_edges,query_row_entropy_norm,query_row_max,region_scale_normalized,region_separation_normalized,representation,selected_edge_count,selection_transition_fraction,source_scale_normalized,source_separation_normalized,viable_selected_edge_count
,,,,,,,,,,,,,,,,,,,,,6.0,0273,stage1_1005_best,6,3.1436995361645748,0.0895674551770777,3.4545884550787536,0.4791666666666667,0.6732954545454546,0.5645087198869841,0.4246203995730391,1.6712080724242664,0.2476901888198946,0.8187933273667092,0.717745640056508,6.0,1.4283483817089377,0.8625260753625875,1.524033941631511,0.3333333333333333,0.8198661535395787,5.2021911255918445,0.9191963426086065,0.2792903421298539,,,,,base,0.0,0.0,,,,,,,,,,,,,,,,0.16932309363378967,0.26183013278282247,candidate,6.0,0.0,0.09648929295848165,0.031278351842507796,6.0
,,,,,,,,,,,,,,,,,,,,,6.0,0273,stage1_1005_best,6,3.1436995361645748,0.0895674551770777,3.4545884550787536,0.4791666666666667,0.6732954545454546,0.5645087198869841,0.4246203995730391,1.6712080724242664,0.2476901888198946,0.8187933273667092,0.717745640056508,6.0,1.4283483817089377,0.8625260753625875,1.524033941631511,0.3333333333333333,0.8198661535395787,5.2021911255918445,0.9191963426086065,0.2792903421298539,,,,,base,0.0,0.0,,,,,,,,,,,,,,,,0.16932309363378967,0.26183013278282247,selected,6.0,0.0,0.09648929295848165,0.031278351842507796,6.0
,,,,,,,,,,,,,,,,,,,,,6.0,0273,stage1_1005_best,6,3.108706422693325,0.08939409210749034,3.4472362708215263,0.4739583333333333,0.6704545454545454,0.5713120457222174,0.42681619547681754,1.6727114920397226,0.248814675859171,0.8177431310465441,0.7143439771388913,6.0,1.3788845956381406,0.6425936730420513,2.1327778903903085,0.3333333333333333,0.5154235769502621,3.5591604331244464,0.7012793872275627,0.46708709178162683,,,,,provisional,0.0,0.0,,,,,,,,,,,,,,,,0.17101978209632976,0.26188511461571234,candidate,6.0,0.0,0.08316426674183075,0.07324399013306795,6.0
,,,,,,,,,,,,,,,,,,,,,6.0,0273,stage1_1005_best,6,3.108706422693325,0.08939409210749034,3.4472362708215263,0.4739583333333333,0.6704545454545454,0.5713120457222174,0.42681619547681754,1.6727114920397226,0.248814675859171,0.8177431310465441,0.7143439771388913,6.0,1.3788845956381406,0.6425936730420513,2.1327778903903085,0.3333333333333333,0.5154235769502621,3.5591604331244464,0.7012793872275627,0.46708709178162683,,,,,provisional,0.0,0.0,,,,,,,,,,,,,,,,0.17101978209632976,0.26188511461571234,selected,6.0,0.0,0.08316426674183075,0.07324399013306795,6.0
,,,,,,,,,,,,,,,,,,,,,6.0,0273,stage1_1005_best,6,3.1068245701366743,0.08949608815857472,3.4472530927456635,0.4739583333333333,0.6704545454545454,0.5718395975114933,0.42694996458905504,1.6737216843208174,0.24913235261051664,0.8174504638037833,0.7140802012442534,6.0,1.3771045601392924,0.6434624657299486,2.1318781054404927,0.3333333333333333,0.516606193833398,3.5636069402517503,0.7019603731262621,0.47120410183865485,,,,,final,0.0,0.0,,,,,,,,,,,,,,,,0.17106215388860757,0.2619663594069584,candidate,6.0,0.0,0.08347233815226465,0.07337917647446102,6.0
0.20521211739136097,3.940886983557706,0.3025958529344878,0.2745586523337186,3.64513353636537,0.37899238831877463,0.15372938528768945,3.6122072752774526,0.49276185705664216,0.1506039229449604,3.5153201684099753,0.5119985843388176,0.2149123174797341,4.179126471402515,0.41420779347397335,0.033676761213589146,0.03127288650099332,0.1448702769138218,0.03324838086245399,0.02939959929706434,0.14266776890173757,6.0,0273,stage1_1005_best,6,3.1068245701366743,0.08949608815857472,3.4472530927456635,0.4739583333333333,0.6704545454545454,0.5718395975114933,0.42694996458905504,1.6737216843208174,0.24913235261051664,0.8174504638037833,0.7140802012442534,6.0,1.3771045601392924,0.6434624657299486,2.1318781054404927,0.3333333333333333,0.516606193833398,3.5636069402517503,0.7019603731262621,0.47120410183865485,0.15090546011924744,0.29199360888161346,2.9611824980354826,3.7544605438649032,final,0.0,0.0,0.0003942743839012059,0.0025732422796075163,0.005088459052681173,3.6539960439220613,0.1553402609307791,4.404294705680639,0.31057473314727524,1.2720365716618227,0.3133544921875,0.042782319240410795,0.2626953256535775,0.3137260717243519,1.8801739844738874,0.31057473314727524,0.7791612206445557,0.17106215388860757,0.2619663594069584,selected,6.0,0.0,0.08347233815226465,0.07337917647446102,6.0
,,,,,,,,,,,,,,,,,,,,,6.0,0274,stage1_1005_best,6,2.970362153666448,0.08987701562641429,3.2946520529826238,0.4895833333333333,0.6704545454545454,0.5589963906394604,0.4482108164809493,1.659057805768222,0.24555166296643866,0.8173476571568861,0.7205018046802698,6.0,1.9543722312683571,0.7301867294252022,1.9641726513616145,0.3333333333333333,0.65406095448776,4.29991771704496,0.8116687081692826,0.37979847036249176,,,,,base,0.0,0.0,,,,,,,,,,,,,,,,0.1709566352899025,0.2630077340280178,candidate,6.0,0.0,0.1745893323765065,0.10514268432436882,6.0
,,,,,,,,,,,,,,,,,,,,,6.0,0274,stage1_1005_best,6,2.970362153666448,0.08987701562641429,3.2946520529826238,0.4895833333333333,0.6704545454545454,0.5589963906394604,0.4482108164809493,1.659057805768222,0.24555166296643866,0.8173476571568861,0.7205018046802698,6.0,1.9543722312683571,0.7301867294252022,1.9641726513616145,0.3333333333333333,0.65406095448776,4.29991771704496,0.8116687081692826,0.37979847036249176,,,,,base,0.0,0.0,,,,,,,,,,,,,,,,0.1709566352899025,0.2630077340280178,selected,6.0,0.0,0.1745893323765065,0.10514268432436882,6.0
,,,,,,,,,,,,,,,,,,,,,6.0,0274,stage1_1005_best,6,2.941004888757202,0.08943406368153115,3.2870653225040387,0.484375,0.6789772727272727,0.5529224026522459,0.4470999460510949,1.6506440951043502,0.242507899728652,0.8198875898917999,0.723538798673877,6.0,1.5438479533038625,0.570601918417108,2.3101125634467214,0.6666666666666666,0.41236916765011405,3.066327524894876,0.6249249942786789,0.5411416706880514,,,,,provisional,0.0,0.0,,,,,,,,,,,,,,,,0.17077546240755578,0.26352736583776454,candidate,6.0,0.0,0.1527148699570769,0.14362664268069927,6.0
,,,,,,,,,,,,,,,,,,,,,6.0,0274,stage1_1005_best,6,2.941004888757202,0.08943406368153115,3.2870653225040387,0.484375,0.6789772727272727,0.5529224026522459,0.4470999460510949,1.6506440951043502,0.242507899728652,0.8198875898917999,0.723538798673877,6.0,1.5438479533038625,0.570601918417108,2.3101125634467214,0.6666666666666666,0.41236916765011405,3.066327524894876,0.6249249942786789,0.5411416706880514,,,,,provisional,0.0,0.0,,,,,,,,,,,,,,,,0.17077546240755578,0.26352736583776454,selected,6.0,0.0,0.1527148699570769,0.14362664268069927,6.0
,,,,,,,,,,,,,,,,,,,,,6.0,0274,stage1_1005_best,6,2.9426618931318345,0.08943592266937721,3.2885000992033357,0.484375,0.6789772727272727,0.5529625404089258,0.44693023803221993,1.6507036227047687,0.24250841734686546,0.8199047732018924,0.7235187297955371,6.0,1.559188474437967,0.5697409866592728,2.3312853142676198,0.6666666666666666,0.4078132723026871,3.0600459112316725,0.623598880526544,0.5384713660328146,,,,,final,0.0,0.0,,,,,,,,,,,,,,,,0.1707768671658358,0.2635388078231418,candidate,6.0,0.0,0.1527085942112994,0.1436690549044321,6.0
0.23260209389143566,3.76428007327408,0.35351642011767315,0.27572015134859196,3.4194665301313796,0.37006089190398833,0.17357349961081356,4.523067318516914,0.24134462797928777,0.2508049277670439,4.022756333416946,0.3468162188756397,0.25435226482501005,4.228544317904563,0.33482104708813754,0.009980201230331665,0.02232368866002792,0.12491018841959305,0.009943576204434841,0.02230722899308075,0.12320621390469016,6.0,0274,stage1_1005_best,6,2.9426618931318345,0.08943592266937721,3.2885000992033357,0.484375,0.6789772727272727,0.5529625404089258,0.44693023803221993,1.6507036227047687,0.24250841734686546,0.8199047732018924,0.7235187297955371,6.0,1.559188474437967,0.5697409866592728,2.3312853142676198,0.6666666666666666,0.4078132723026871,3.0600459112316725,0.623598880526544,0.5384713660328146,0.10949347168207169,0.29371735989414927,2.4735633096713463,3.761543964732285,final,0.0,0.0,7.016250953568748e-05,0.0007783693248650907,0.005078131612629932,3.683109893530447,0.2270408984460733,4.479551826677889,0.4524864286092137,1.1604764425961145,0.237060546875,0.03831469551618222,0.23486189085613962,0.3455988252555776,2.341780252814917,0.4524864286092137,0.6773065486248554,0.1707768671658358,0.2635388078231418,selected,6.0,0.0,0.1527085942112994,0.1436690549044321,6.0
,,,,,,,,,,,,,,,,,,,,,6.0,0275,stage1_1005_best,6,3.1270544476134563,0.0914698268753852,3.3634457063911887,0.4791666666666667,0.6732954545454546,0.5582858524677744,0.4403952996046018,1.6719562153002652,0.24840274389546932,0.8147322391258914,0.7208570737661127,6.0,1.1294188868834452,0.8726847948918357,1.5124509156764623,0.6666666666666666,0.8043741967996265,4.637425787840986,0.8548592992544773,0.3597110366385419,,,,,base,0.0,0.0,,,,,,,,,,,,,,,,0.16941804534183222,0.26133602390043015,candidate,6.0,0.0,0.151740616809822,0.06465404053564702,6.0
,,,,,,,,,,,,,,,,,,,,,6.0,0275,stage1_1005_best,6,3.1270544476134563,0.0914698268753852,3.3634457063911887,0.4791666666666667,0.6732954545454546,0.5582858524677744,0.4403952996046018,1.6719562153002652,0.24840274389546932,0.8147322391258914,0.7208570737661127,6.0,1.1294188868834452,0.8726847948918357,1.5124509156764623,0.6666666666666666,0.8043741967996265,4.637425787840986,0.8548592992544773,0.3597110366385419,,,,,base,0.0,0.0,,,,,,,,,,,,,,,,0.16941804534183222,0.26133602390043015,selected,6.0,0.0,0.151740616809822,0.06465404053564702,6.0
,,,,,,,,,,,,,,,,,,,,,6.0,0275,stage1_1005_best,6,3.0742072306598804,0.09038376906912973,3.3442563540796058,0.5,0.6931818181818182,0.5479992289129677,0.4363818797637285,1.6558042120232745,0.2426075554187142,0.8223762826423954,0.7260003855435162,6.0,1.2151705312480108,0.6472737385101233,1.687891846035989,0.6666666666666666,0.7312236165352769,3.647952949033622,0.7159398687337158,0.5113119964698879,,,,,provisional,0.0,0.0,,,,,,,,,,,,,,,,0.16773031629032875,0.2613385838277867,candidate,6.0,0.0,0.12735713384913108,0.11094123615748647,6.0
,,,,,,,,,,,,,,,,,,,,,6.0,0275,stage1_1005_best,6,3.0742072306598804,0.09038376906912973,3.3442563540796058,0.5,0.6931818181818182,0.5479992289129677,0.4363818797637285,1.6558042120232745,0.2426075554187142,0.8223762826423954,0.7260003855435162,6.0,1.2151705312480108,0.6472737385101233,1.687891846035989,0.6666666666666666,0.7312236165352769,3.647952949033622,0.7159398687337158,0.5113119964698879,,,,,provisional,0.0,0.0,,,,,,,,,,,,,,,,0.16773031629032875,0.2613385838277867,selected,6.0,0.0,0.12735713384913108,0.11094123615748647,6.0
,,,,,,,,,,,,,,,,,,,,,6.0,0275,stage1_1005_best,6,3.0753149945664373,0.09035322710460823,3.345312176192835,0.4947916666666667,0.6875,0.548122674268555,0.4363261868730218,1.6561588565206387,0.24273203939587013,0.8222796449479025,0.7259386628657225,6.0,1.1837189792406737,0.6468010675473773,1.669001435720511,0.6666666666666666,0.7343950660097186,3.6431695025777326,0.716123083535129,0.5107526218781219,,,,,final,0.0,0.0,,,,,,,,,,,,,,,,0.16766771120096813,0.26137090726057793,candidate,6.0,0.0,0.12812251454105347,0.11193683751291762,6.0
0.20547832296854313,4.610744414215477,0.2924117266341697,0.18498187362402774,4.254020490756214,0.28478544656825555,0.16633074785557256,4.577202094434768,0.3267141024643051,0.23166154813438253,3.754647116175038,0.5011161109200324,0.1807001914342416,4.895245663992252,0.3178377732095122,0.02886139515963168,0.037128738588127604,0.11599466581712199,0.028575556682587672,0.03702223323583184,0.11647926411066752,6.0,0275,stage1_1005_best,6,3.0753149945664373,0.09035322710460823,3.345312176192835,0.4947916666666667,0.6875,0.548122674268555,0.4363261868730218,1.6561588565206387,0.24273203939587013,0.8222796449479025,0.7259386628657225,6.0,1.1837189792406737,0.6468010675473773,1.669001435720511,0.6666666666666666,0.7343950660097186,3.6431695025777326,0.716123083535129,0.5107526218781219,0.1377410739660263,0.2196267185593414,2.7461232165711214,3.7654820696236224,final,0.0,0.0,0.00015197173687011404,0.001244276459671885,0.005555589135477612,3.596552683685123,0.18745548653702956,4.250930662817289,0.40053468441685375,1.1880867028844515,0.306884765625,0.03867105554127329,0.24388468713675895,0.34333154662439225,2.208776464786872,0.4005346844168537,0.7116090710456618,0.16766771120096813,0.26137090726057793,selected,6.0,0.0,0.12812251454105347,0.11193683751291762,6.0
,,,,,,,,,,,,,,,,,,,,,6.0,0276,stage1_1005_best,6,2.915616464076915,0.09019837157853224,3.298311256168994,0.4791666666666667,0.6789772727272727,0.5508174406825586,0.4384542437565235,1.649473326475751,0.24082459984723764,0.8236706939823994,0.7245912796587207,6.0,1.342801469262714,0.7868427334956619,1.7187239199271065,0.6666666666666666,0.7172787939154895,4.580460135468511,0.8489025296607354,0.3471256665530677,,,,,base,0.0,0.0,,,,,,,,,,,,,,,,0.1687020108595761,0.2626403056086625,candidate,6.0,0.0,0.1514780613273337,0.09704938208058102,6.0
,,,,,,,,,,,,,,,,,,,,,6.0,0276,stage1_1005_best,6,2.915616464076915,0.09019837157853224,3.298311256168994,0.4791666666666667,0.6789772727272727,0.5508174406825586,0.4384542437565235,1.649473326475751,0.24082459984723764,0.8236706939823994,0.7245912796587207,6.0,1.342801469262714,0.7868427334956619,1.7187239199271065,0.6666666666666666,0.7172787939154895,4.580460135468511,0.8489025296607354,0.3471256665530677,,,,,base,0.0,0.0,,,,,,,,,,,,,,,,0.1687020108595761,0.2626403056086625,selected,6.0,0.0,0.1514780613273337,0.09704938208058102,6.0
,,,,,,,,,,,,,,,,,,,,,6.0,0276,stage1_1005_best,6,2.8917629806719196,0.08927288230855256,3.292521021231748,0.484375,0.6875,0.5407327084136212,0.4337804761063034,1.631824109739205,0.23456236409164832,0.829322053238421,0.7296336457931893,6.0,1.3040974566073553,0.6314052584224482,1.973890059516823,0.3333333333333333,0.5838367112252795,3.8770200262342684,0.7539710327990071,0.43138047628374254,,,,,provisional,0.0,0.0,,,,,,,,,,,,,,,,0.1670276462532972,0.2627865599625149,candidate,6.0,0.0,0.12839641959693124,0.13762487880911195,6.0
,,,,,,,,,,,,,,,,,,,,,6.0,0276,stage1_1005_best,6,2.8917629806719196,0.08927288230855256,3.292521021231748,0.484375,0.6875,0.5407327084136212,0.4337804761063034,1.631824109739205,0.23456236409164832,0.829322053238421,0.7296336457931893,6.0,1.3040974566073553,0.6314052584224482,1.973890059516823,0.3333333333333333,0.5838367112252795,3.8770200262342684,0.7539710327990071,0.43138047628374254,,,,,provisional,0.0,0.0,,,,,,,,,,,,,,,,0.1670276462532972,0.2627865599625149,selected,6.0,0.0,0.12839641959693124,0.13762487880911195,6.0
,,,,,,,,,,,,,,,,,,,,,6.0,0276,stage1_1005_best,6,2.894253043042314,0.0892771345673024,3.2933259153476624,0.484375,0.6875,0.5412230991033012,0.433993691108469,1.6326808209959338,0.2348844798243634,0.829070944880545,0.7293884504483493,6.0,1.3458733135724317,0.6305015457676026,1.9872582176790623,0.3333333333333333,0.5829235424613438,3.8780778523394033,0.7545156133348276,0.4356611335521194,,,,,final,0.0,0.0,,,,,,,,,,,,,,,,0.167099607372918,0.26276710933559855,candidate,6.0,0.0,0.1287668383209156,0.13616287065072233,6.0
0.19481756386918478,4.389679251442745,0.3530134054793611,0.22397556497319637,3.656232243282375,0.37165896831049183,0.10429898494956079,4.797891870036325,0.3504751455948883,0.21881792751196277,3.805427333445542,0.485508475627739,0.19188423374843025,4.0740948960309025,0.3705613760757885,0.017961628515028298,0.03142686789905843,0.10020982362829052,0.01797481239182436,0.033093203423255446,0.10254350990162749,6.0,0276,stage1_1005_best,6,2.894253043042314,0.0892771345673024,3.2933259153476624,0.484375,0.6875,0.5412230991033012,0.433993691108469,1.6326808209959338,0.2348844798243634,0.829070944880545,0.7293884504483493,6.0,1.3458733135724317,0.6305015457676026,1.9872582176790623,0.3333333333333333,0.5829235424613438,3.8780778523394033,0.7545156133348276,0.4356611335521194,0.1616990864276886,0.2483133692085395,2.931872470336968,3.574023092191913,final,0.0,0.0,0.00016676458546514706,0.0018816176410578688,0.0064286423984863,3.8832027849450714,0.1638941151408397,4.589451275089145,0.39665162771415796,1.2139397283514144,0.2869873046875,0.037517340323272794,0.2520385919956232,0.3260335948829697,2.163537738694645,0.39665162771415796,0.7090324480783248,0.167099607372918,0.26276710933559855,selected,6.0,0.0,0.1287668383209156,0.13616287065072233,6.0
,,,,,,,,,,,,,,,,,,,,,6.0,0277,stage1_1005_best,6,3.004724829340081,0.09193543183997918,3.318091657304088,0.4791666666666667,0.6704545454545454,0.5663234637348705,0.4479316270224658,1.6792503554799796,0.25207940067805185,0.8107559957903864,0.7168382681325647,6.0,1.3200036753844675,0.7480719358922858,1.7076684980972408,0.6666666666666666,0.6993024271102707,4.577514857535739,0.8442612300060435,0.3320041580632451,,,,,base,0.0,0.0,,,,,,,,,,,,,,,,0.16953277757919677,0.26444927805097995,candidate,6.0,0.0,0.17893428210886014,0.13174201629939938,6.0
,,,,,,,,,,,,,,,,,,,,,6.0,0277,stage1_1005_best,6,3.004724829340081,0.09193543183997918,3.318091657304088,0.4791666666666667,0.6704545454545454,0.5663234637348705,0.4479316270224658,1.6792503554799796,0.25207940067805185,0.8107559957903864,0.7168382681325647,6.0,1.3200036753844675,0.7480719358922858,1.7076684980972408,0.6666666666666666,0.6993024271102707,4.577514857535739,0.8442612300060435,0.3320041580632451,,,,,base,0.0,0.0,,,,,,,,,,,,,,,,0.16953277757919677,0.26444927805097995,selected,6.0,0.0,0.17893428210886014,0.13174201629939938,6.0
,,,,,,,,,,,,,,,,,,,,,6.0,0277,stage1_1005_best,6,2.9255969778456197,0.0887369726465622,3.2263124054119476,0.5052083333333334,0.7017045454545454,0.5262466025931084,0.44339097581517806,1.6172820246619122,0.22969786216847246,0.831305034587991,0.7368766987034457,6.0,1.0387611588892824,0.6074298971081383,1.8067092487824798,0.6666666666666666,0.5675631307775953,3.780986673475301,0.7375611426977342,0.43852230885954757,,,,,provisional,0.0,0.0,,,,,,,,,,,,,,,,0.16480381747050127,0.26316648869894244,candidate,6.0,0.0,0.1448410490152054,0.17438694511290445,6.0
,,,,,,,,,,,,,,,,,,,,,6.0,0277,stage1_1005_best,6,2.9255969778456197,0.0887369726465622,3.2263124054119476,0.5052083333333334,0.7017045454545454,0.5262466025931084,0.44339097581517806,1.6172820246619122,0.22969786216847246,0.831305034587991,0.7368766987034457,6.0,1.0387611588892824,0.6074298971081383,1.8067092487824798,0.6666666666666666,0.5675631307775953,3.780986673475301,0.7375611426977342,0.43852230885954757,,,,,provisional,0.0,0.0,,,,,,,,,,,,,,,,0.16480381747050127,0.26316648869894244,selected,6.0,0.0,0.1448410490152054,0.17438694511290445,6.0
,,,,,,,,,,,,,,,,,,,,,6.0,0277,stage1_1005_best,6,2.931746048027642,0.08867786334761857,3.233392363253376,0.5052083333333334,0.7017045454545454,0.5280547500991114,0.44313148290967386,1.6198049736681313,0.23070237855181686,0.8306269127305144,0.7359726249504444,6.0,1.0310801770829001,0.6188728142250353,1.794793908383739,0.6666666666666666,0.5751148268425694,3.7946263289417175,0.7398096616289891,0.4440459986618371,,,,,final,0.0,0.0,,,,,,,,,,,,,,,,0.164830009520247,0.26338069201106046,candidate,6.0,0.0,0.14709135384643754,0.17221378404279863,6.0
0.24642507703544947,3.8251261668835976,0.3780912749915604,0.26698937486903956,2.9217680509289505,0.4819670314059419,0.14619258680694805,4.343691762731625,0.3111879333206033,0.3129679356697918,4.0564443432558965,0.3003056228772365,0.23609234752996974,3.933894129773254,0.3846991178012466,0.05291517934020965,0.11835359407078565,0.09920312518982904,0.05588656225330748,0.12284719519443693,0.0962754367332898,6.0,0277,stage1_1005_best,6,2.931746048027642,0.08867786334761857,3.233392363253376,0.5052083333333334,0.7017045454545454,0.5280547500991114,0.44313148290967386,1.6198049736681313,0.23070237855181686,0.8306269127305144,0.7359726249504444,6.0,1.0310801770829001,0.6188728142250353,1.794793908383739,0.6666666666666666,0.5751148268425694,3.7946263289417175,0.7398096616289891,0.4440459986618371,0.13919872045516968,0.26439619840240947,2.58341756391218,3.3380778284327213,final,0.0,0.0,0.00036038382831012793,0.005125111573532087,0.006820107837661425,3.520313970451688,0.2419006893753451,4.174699625126278,0.5109617552052731,1.0922401318442683,0.320068359375,0.03625921410137117,0.2187208860856543,0.3871759059405468,2.6067556165511063,0.5109617552052731,0.6220255853026899,0.164830009520247,0.26338069201106046,selected,6.0,0.0,0.14709135384643754,0.17221378404279863,6.0
,,,,,,,,,,,,,,,,,,,,,6.0,0278,stage1_1005_best,6,3.5659769543461124,0.07740626721850961,3.969774079478936,0.4635416666666667,0.6136363636363636,0.6995753827797859,0.37928972772486674,1.6080231194167027,0.23555698460687016,0.8279798217553306,0.650212308610107,6.0,1.7241340138501051,0.830547937847124,1.7197629296705141,0.3333333333333333,0.7574848289092194,4.3687042700313485,0.8176392247411352,0.38178464962130504,,,,,base,0.0,0.0,,,,,,,,,,,,,,,,0.16577679644055632,0.3054360451640986,candidate,6.0,0.0,0.19485726924976493,0.09708513954759933,6.0
,,,,,,,,,,,,,,,,,,,,,6.0,0278,stage1_1005_best,6,3.5659769543461124,0.07740626721850961,3.969774079478936,0.4635416666666667,0.6136363636363636,0.6995753827797859,0.37928972772486674,1.6080231194167027,0.23555698460687016,0.8279798217553306,0.650212308610107,6.0,1.7241340138501051,0.830547937847124,1.7197629296705141,0.3333333333333333,0.7574848289092194,4.3687042700313485,0.8176392247411352,0.38178464962130504,,,,,base,0.0,0.0,,,,,,,,,,,,,,,,0.16577679644055632,0.3054360451640986,selected,6.0,0.0,0.19485726924976493,0.09708513954759933,6.0
,,,,,,,,,,,,,,,,,,,,,6.0,0278,stage1_1005_best,6,3.3858699037902373,0.0739428782358465,3.7482106776127964,0.5,0.6022727272727273,0.7007837635926157,0.3932352854283383,1.5628070489947212,0.2222717506136404,0.8460397379093201,0.649608118203692,6.0,1.2360069126931439,0.5810650442703428,1.596828612181005,0.6666666666666666,0.7508092713077602,3.3361562870013635,0.6625526598874394,0.5139167281283948,,,,,provisional,0.0,0.0,,,,,,,,,,,,,,,,0.16757635906975368,0.30534322304532885,candidate,6.0,0.0,0.152654401230604,0.17927585746757788,6.0
,,,,,,,,,,,,,,,,,,,,,6.0,0278,stage1_1005_best,6,3.3858699037902373,0.0739428782358465,3.7482106776127964,0.5,0.6022727272727273,0.7007837635926157,0.3932352854283383,1.5628070489947212,0.2222717506136404,0.8460397379093201,0.649608118203692,6.0,1.2360069126931439,0.5810650442703428,1.596828612181005,0.6666666666666666,0.7508092713077602,3.3361562870013635,0.6625526598874394,0.5139167281283948,,,,,provisional,0.0,0.0,,,,,,,,,,,,,,,,0.16757635906975368,0.30534322304532885,selected,6.0,0.0,0.152654401230604,0.17927585746757788,6.0
,,,,,,,,,,,,,,,,,,,,,6.0,0278,stage1_1005_best,6,3.3800805193038137,0.07396200219375011,3.7450242445014172,0.5,0.6022727272727273,0.7003455588242009,0.39336992599862475,1.5620059876278205,0.22198502445374027,0.8461549356824097,0.6498272205878995,6.0,1.2516503632718141,0.5816471253656432,1.5938615139938626,0.6666666666666666,0.7522665583026106,3.347211673602582,0.6650418605300764,0.5094405444857831,,,,,final,0.0,0.0,,,,,,,,,,,,,,,,0.16759702989096809,0.30534582402198107,candidate,6.0,0.0,0.1520891527941213,0.18062841710278582,6.0
0.2126342218598362,3.1793397870343045,0.5961093708367817,0.21755285388025192,3.8714070307141015,0.3748824847590777,0.092296690850099,4.518563794621746,0.290409255092827,0.22466721843649276,4.02937547763872,0.3504847851025065,0.21503483867659945,4.351062447555511,0.31069045222939584,0.057744796011614995,0.08875335084511893,0.15947550962001952,0.057029301782643926,0.08816483113129474,0.16064380741483034,6.0,0278,stage1_1005_best,6,3.3800805193038137,0.07396200219375011,3.7450242445014172,0.5,0.6022727272727273,0.7003455588242009,0.39336992599862475,1.5620059876278205,0.22198502445374027,0.8461549356824097,0.6498272205878995,6.0,1.2516503632718141,0.5816471253656432,1.5938615139938626,0.6666666666666666,0.7522665583026106,3.347211673602582,0.6650418605300764,0.5094405444857831,0.11095432937145233,0.22561570064891462,2.6058153681310796,2.860762104141066,final,0.0,0.0,0.00015181633834537433,0.0021691131265723696,0.004373661118892159,3.3356667399900544,0.2064469003530288,3.9547495730359272,0.4082182623899888,1.161302818044275,0.3765869140625,0.03961781446976937,0.2357162738070178,0.36079669436761624,2.218460369932533,0.4082182623899888,0.7126601693469985,0.16759702989096809,0.30534582402198107,selected,6.0,0.0,0.1520891527941213,0.18062841710278582,6.0
,,,,,,,,,,,,,,,,,,,,,6.0,0279,stage1_1005_best,6,3.4355044216343944,0.07644695431666891,3.715773442979315,0.515625,0.6051136363636364,0.6972092828162819,0.4054763605241033,1.5928156563446063,0.2308447572741594,0.835609599151017,0.6513953585918589,6.0,1.8365552192239563,0.8581396857559273,1.6063496615037964,0.3333333333333333,0.8021031705410842,4.744686906053711,0.8675507931594739,0.31982952957254973,,,,,base,0.0,0.0,,,,,,,,,,,,,,,,0.16444544591889512,0.3071664044732363,candidate,6.0,0.0,0.15187416210229301,0.05764332691512149,6.0
,,,,,,,,,,,,,,,,,,,,,6.0,0279,stage1_1005_best,6,3.4355044216343944,0.07644695431666891,3.715773442979315,0.515625,0.6051136363636364,0.6972092828162819,0.4054763605241033,1.5928156563446063,0.2308447572741594,0.835609599151017,0.6513953585918589,6.0,1.8365552192239563,0.8581396857559273,1.6063496615037964,0.3333333333333333,0.8021031705410842,4.744686906053711,0.8675507931594739,0.31982952957254973,,,,,base,0.0,0.0,,,,,,,,,,,,,,,,0.16444544591889512,0.3071664044732363,selected,6.0,0.0,0.15187416210229301,0.05764332691512149,6.0
,,,,,,,,,,,,,,,,,,,,,6.0,0279,stage1_1005_best,6,3.411989751228506,0.07636594355728828,3.706760875874151,0.5104166666666666,0.6079545454545454,0.6982828715898196,0.4046595078703912,1.5888869787451494,0.22926879242951986,0.8366637694918325,0.6508585642050903,6.0,1.957349044136578,0.6757554780997332,2.100317001517112,0.3333333333333333,0.5771068486542165,3.540537334820982,0.6875714383659,0.5184700940122892,,,,,provisional,0.0,0.0,,,,,,,,,,,,,,,,0.16563002758732107,0.3061639031463423,candidate,6.0,0.0,0.11726568100997838,0.09117717314004532,6.0
,,,,,,,,,,,,,,,,,,,,,6.0,0279,stage1_1005_best,6,3.411989751228506,0.07636594355728828,3.706760875874151,0.5104166666666666,0.6079545454545454,0.6982828715898196,0.4046595078703912,1.5888869787451494,0.22926879242951986,0.8366637694918325,0.6508585642050903,6.0,1.957349044136578,0.6757554780997332,2.100317001517112,0.3333333333333333,0.5771068486542165,3.540537334820982,0.6875714383659,0.5184700940122892,,,,,provisional,0.0,0.0,,,,,,,,,,,,,,,,0.16563002758732107,0.3061639031463423,selected,6.0,0.0,0.11726568100997838,0.09117717314004532,6.0
,,,,,,,,,,,,,,,,,,,,,6.0,0279,stage1_1005_best,6,3.406671947399909,0.07639100925283762,3.705174795282615,0.5104166666666666,0.6079545454545454,0.69780941342739,0.4046060307056645,1.5883746560779202,0.22913288772759505,0.8367502779451468,0.6510952932863051,6.0,1.9507022746897422,0.6711720059593793,2.113681812820182,0.3333333333333333,0.5664410731035769,3.5443521382366043,0.6860119055694042,0.5201166166404515,,,,,final,0.0,0.0,,,,,,,,,,,,,,,,0.16564353259658582,0.3061239580929929,candidate,6.0,0.0,0.11464565183842564,0.09236655618794835,6.0
0.18361903246821493,4.267079330210519,0.3434036971564478,0.2444094130705142,3.77431433606351,0.3465024203117776,0.08566071897831287,4.379799685389385,0.4177000243199365,0.17746082588372863,3.4933987422714368,0.5540604223841428,0.18251962735927066,4.463789257239935,0.3006378254710321,0.025481936128879574,0.02951584601038222,0.13886492452825305,0.0241062165991025,0.028322723707377928,0.13765442175262535,6.0,0279,stage1_1005_best,6,3.406671947399909,0.07639100925283762,3.705174795282615,0.5104166666666666,0.6079545454545454,0.69780941342739,0.4046060307056645,1.5883746560779202,0.22913288772759505,0.8367502779451468,0.6510952932863051,6.0,1.9507022746897422,0.6711720059593793,2.113681812820182,0.3333333333333333,0.5664410731035769,3.5443521382366043,0.6860119055694042,0.5201166166404515,0.15704162418842316,0.25207416986996495,2.951512334514478,3.7357924951261507,final,0.0,0.0,0.0002920268708719984,0.0024948812949744732,0.0053027341435205565,3.626644298302631,0.1560038270365906,4.37818537976034,0.34171986120298936,1.2475640850475531,0.29296875,0.04057189266739079,0.2576849237257,0.3218617081535797,1.9925533803347566,0.34171986120298936,0.7532037593110236,0.16564353259658582,0.3061239580929929,selected,6.0,0.0,0.11464565183842564,0.09236655618794835,6.0
,,,,,,,,,,,,,,,,,,,,,6.0,0280,stage1_1005_best,6,3.312875480720319,0.07823821926760435,3.654565147474122,0.515625,0.6193181818181818,0.6929969794009107,0.4041516214070982,1.580670936865203,0.22695215420522283,0.8418997418506885,0.6535015102995447,6.0,1.8136433894900164,0.6774581081508441,2.1408815616007275,0.3333333333333333,0.5797433619626587,4.375855376603857,0.8235278999835339,0.396066381953006,,,,,base,0.0,0.0,,,,,,,,,,,,,,,,0.16542944013474203,0.30629119050216036,candidate,6.0,0.0,0.172319331565145,0.12896196581248826,6.0
,,,,,,,,,,,,,,,,,,,,,6.0,0280,stage1_1005_best,6,3.312875480720319,0.07823821926760435,3.654565147474122,0.515625,0.6193181818181818,0.6929969794009107,0.4041516214070982,1.580670936865203,0.22695215420522283,0.8418997418506885,0.6535015102995447,6.0,1.8136433894900164,0.6774581081508441,2.1408815616007275,0.3333333333333333,0.5797433619626587,4.375855376603857,0.8235278999835339,0.396066381953006,,,,,base,0.0,0.0,,,,,,,,,,,,,,,,0.16542944013474203,0.30629119050216036,selected,6.0,0.0,0.172319331565145,0.12896196581248826,6.0
,,,,,,,,,,,,,,,,,,,,,6.0,0280,stage1_1005_best,6,3.2254421585241873,0.07666484713095918,3.516033979474938,0.5260416666666666,0.625,0.6841381009385125,0.41585458065619085,1.5579794732232262,0.21932756522240243,0.8508237002560782,0.6579309495307438,6.0,1.3721941507686342,0.5301417946159356,2.1949360836400307,0.6666666666666666,0.46008521933237906,3.0809941622294446,0.6195682800125446,0.5395928610887855,,,,,provisional,0.0,0.0,,,,,,,,,,,,,,,,0.16539649903242315,0.3078577278751661,candidate,6.0,0.0,0.13583926408435512,0.18937560278256158,6.0
,,,,,,,,,,,,,,,,,,,,,6.0,0280,stage1_1005_best,6,3.2254421585241873,0.07666484713095918,3.516033979474938,0.5260416666666666,0.625,0.6841381009385125,0.41585458065619085,1.5579794732232262,0.21932756522240243,0.8508237002560782,0.6579309495307438,6.0,1.3721941507686342,0.5301417946159356,2.1949360836400307,0.6666666666666666,0.46008521933237906,3.0809941622294446,0.6195682800125446,0.5395928610887855,,,,,provisional,0.0,0.0,,,,,,,,,,,,,,,,0.16539649903242315,0.3078577278751661,selected,6.0,0.0,0.13583926408435512,0.18937560278256158,6.0
,,,,,,,,,,,,,,,,,,,,,6.0,0280,stage1_1005_best,6,3.2262942775325327,0.0767495111771727,3.518273725310042,0.5260416666666666,0.625,0.6845185331324366,0.4156386479836378,1.5585321625367214,0.21950626451227026,0.8506623504832701,0.6577407334337817,6.0,1.3706423015645604,0.5333227579538481,2.1922577032430484,0.6666666666666666,0.4636430832546172,3.1072771389209577,0.6244533450342649,0.534240437590492,,,,,final,0.0,0.0,,,,,,,,,,,,,,,,0.1654287048951197,0.30776739826830346,candidate,6.0,0.0,0.1373563981918468,0.18808513871199134,6.0
0.2009430703831299,3.747901176306875,0.3552178919100962,0.19843864121801275,3.5073876694663912,0.4066107705242657,0.13358681928443739,4.026428839456169,0.37344069255984086,0.24900535933027548,4.085485751433889,0.30135436309849695,0.19951663679769424,4.050011871156155,0.3737253904050663,0.01640406619195306,0.054067674224442745,0.11367769580602884,0.01698351376542434,0.05514483893493612,0.11383688780801281,6.0,0280,stage1_1005_best,6,3.2262942775325327,0.0767495111771727,3.518273725310042,0.5260416666666666,0.625,0.6845185331324366,0.4156386479836378,1.5585321625367214,0.21950626451227026,0.8506623504832701,0.6577407334337817,6.0,1.3706423015645604,0.5333227579538481,2.1922577032430484,0.6666666666666666,0.4636430832546172,3.1072771389209577,0.6244533450342649,0.534240437590492,0.11773519217967987,0.2372335199921898,2.626364381949385,2.8905946705212173,final,0.0,0.0,0.00012438959776190744,0.0016499615615870988,0.0031202378036113212,3.7578903453444776,0.19713039413824698,4.467388598430942,0.45911791795329554,1.1491753893109213,0.241943359375,0.03886284484908961,0.2349854479487773,0.3575169059220299,2.3858213059758677,0.45911791795329554,0.655013266278078,0.1654287048951197,0.30776739826830346,selected,6.0,0.0,0.1373563981918468,0.18808513871199134,6.0
,,,,,,,,,,,,,,,,,,,,,6.0,0281,stage1_1005_best,6,3.7054536771773354,0.07696089035327604,4.037567352154192,0.484375,0.5880681818181818,0.7188516115410583,0.37515322875396334,1.6242653125291608,0.24075154338314814,0.8275992731094396,0.6405741942294708,6.0,1.7481297111733098,0.7972068270853073,1.8404531224986131,0.3333333333333333,0.7019675424857855,4.665082063042701,0.8585581301653289,0.3454359107590171,,,,,base,0.0,0.0,,,,,,,,,,,,,,,,0.1666207251139302,0.30579919366745667,candidate,6.0,0.0,0.2453570696170695,0.10113785548383802,6.0
,,,,,,,,,,,,,,,,,,,,,6.0,0281,stage1_1005_best,6,3.7054536771773354,0.07696089035327604,4.037567352154192,0.484375,0.5880681818181818,0.7188516115410583,0.37515322875396334,1.6242653125291608,0.24075154338314814,0.8275992731094396,0.6405741942294708,6.0,1.7481297111733098,0.7972068270853073,1.8404531224986131,0.3333333333333333,0.7019675424857855,4.665082063042701,0.8585581301653289,0.3454359107590171,,,,,base,0.0,0.0,,,,,,,,,,,,,,,,0.1666207251139302,0.30579919366745667,selected,6.0,0.0,0.2453570696170695,0.10113785548383802,6.0
,,,,,,,,,,,,,,,,,,,,,6.0,0281,stage1_1005_best,6,3.590067456174994,0.07457322320221116,4.003850158496506,0.46875,0.6022727272727273,0.7117798801458582,0.3736690350830107,1.6001702677711076,0.23440291199450944,0.8331466474494603,0.6441100599270709,6.0,1.8187678980753545,0.4468114265553932,2.6451707665075817,0.3333333333333333,0.3035323677208043,2.8220025385099574,0.5743133889363075,0.6000899209748216,,,,,provisional,0.0,0.0,,,,,,,,,,,,,,,,0.16778784744285108,0.30079815970691515,candidate,6.0,0.0,0.17387550734752827,0.24433703923595326,6.0
,,,,,,,,,,,,,,,,,,,,,6.0,0281,stage1_1005_best,6,3.590067456174994,0.07457322320221116,4.003850158496506,0.46875,0.6022727272727273,0.7117798801458582,0.3736690350830107,1.6001702677711076,0.23440291199450944,0.8331466474494603,0.6441100599270709,6.0,1.8187678980753545,0.4468114265553932,2.6451707665075817,0.3333333333333333,0.3035323677208043,2.8220025385099574,0.5743133889363075,0.6000899209748216,,,,,provisional,0.0,0.0,,,,,,,,,,,,,,,,0.16778784744285108,0.30079815970691515,selected,6.0,0.0,0.17387550734752827,0.24433703923595326,6.0
,,,,,,,,,,,,,,,,,,,,,6.0,0281,stage1_1005_best,6,3.5897772397568333,0.07459807843525319,4.0052453703834034,0.46875,0.6022727272727273,0.7114698608756853,0.37352847757992796,1.6002149189822867,0.2344083874028328,0.8330138292333213,0.6442650695621573,6.0,1.813018936964218,0.4494280342792398,2.635456377323815,0.3333333333333333,0.3084246119493106,2.8359876724525415,0.5770965051056814,0.5977909086355083,,,,,final,0.0,0.0,,,,,,,,,,,,,,,,0.16777997089018187,0.3007865414636751,candidate,6.0,0.0,0.17421259658781763,0.24388817504306826,6.0
0.22083531347746116,3.6666208456268508,0.3293772431550485,0.19269522145835383,3.4830600689499316,0.3552299274349916,0.13072316728836242,4.194690512401477,0.2842851492533457,0.28067130956775466,3.5593255147963005,0.46259482629661436,0.19787938246717646,3.8981149346955153,0.4495972751013667,0.04300351807621903,0.10006841202906631,0.1481446427742335,0.04341776113651219,0.09892881366656346,0.1488497730930545,6.0,0281,stage1_1005_best,6,3.5897772397568333,0.07459807843525319,4.0052453703834034,0.46875,0.6022727272727273,0.7114698608756853,0.37352847757992796,1.6002149189822867,0.2344083874028328,0.8330138292333213,0.6442650695621573,6.0,1.813018936964218,0.4494280342792398,2.635456377323815,0.3333333333333333,0.3084246119493106,2.8359876724525415,0.5770965051056814,0.5977909086355083,0.09918542206287384,0.24804894068057964,2.8679413354528314,3.170438194289932,final,0.0,0.0,5.258864441016819e-05,0.0015036103051393312,0.0019568543274614244,3.3649936682780446,0.2190333767100002,4.076118056331709,0.4345212135187603,1.1612506042460928,0.2921142578125,0.036453554372065995,0.23411019887201645,0.35926789225067934,2.3555289271756434,0.4345212135187603,0.6783644406145424,0.16777997089018187,0.3007865414636751,selected,6.0,0.0,0.17421259658781763,0.24388817504306826,6.0
,,,,,,,,,,,,,,,,,,,,,6.0,0282,stage1_1005_best,6,3.44076163829495,0.07697398284910748,3.788038632095892,0.5104166666666666,0.6079545454545454,0.6979712045873611,0.3963834970674368,1.5959612142163782,0.23188993903949054,0.833652910084032,0.6510143977063194,6.0,1.5245566630289002,0.7094064017029361,1.8589536963866382,0.6666666666666666,0.6663428303738735,4.472745370373648,0.8358539867124333,0.364319790927194,,,,,base,0.0,0.0,,,,,,,,,,,,,,,,0.16451885733384566,0.30620857940696816,candidate,6.0,0.0,0.19440667830286962,0.11686617864293854,6.0
,,,,,,,,,,,,,,,,,,,,,6.0,0282,stage1_1005_best,6,3.44076163829495,0.07697398284910748,3.788038632095892,0.5104166666666666,0.6079545454545454,0.6979712045873611,0.3963834970674368,1.5959612142163782,0.23188993903949054,0.833652910084032,0.6510143977063194,6.0,1.5245566630289002,0.7094064017029361,1.8589536963866382,0.6666666666666666,0.6663428303738735,4.472745370373648,0.8358539867124333,0.364319790927194,,,,,base,0.0,0.0,,,,,,,,,,,,,,,,0.16451885733384566,0.30620857940696816,selected,6.0,0.0,0.19440667830286962,0.11686617864293854,6.0
,,,,,,,,,,,,,,,,,,,,,6.0,0282,stage1_1005_best,6,3.421287834363976,0.07546750702257048,3.827859477693225,0.4791666666666667,0.6221590909090909,0.6897269138349656,0.3898929327555399,1.5836318691797684,0.22814614509933426,0.834798185209423,0.6551365430825171,6.0,1.6087808157261603,0.6623617379268596,2.0536385664978205,0.3333333333333333,0.5768169302982055,3.940760196810911,0.762952318127149,0.46722240477416105,,,,,provisional,0.0,0.0,,,,,,,,,,,,,,,,0.16497494775166985,0.30501280992234764,candidate,6.0,0.0,0.176304021154967,0.16869541124325882,6.0
,,,,,,,,,,,,,,,,,,,,,6.0,0282,stage1_1005_best,6,3.421287834363976,0.07546750702257048,3.827859477693225,0.4791666666666667,0.6221590909090909,0.6897269138349656,0.3898929327555399,1.5836318691797684,0.22814614509933426,0.834798185209423,0.6551365430825171,6.0,1.6087808157261603,0.6623617379268596,2.0536385664978205,0.3333333333333333,0.5768169302982055,3.940760196810911,0.762952318127149,0.46722240477416105,,,,,provisional,0.0,0.0,,,,,,,,,,,,,,,,0.16497494775166985,0.30501280992234764,selected,6.0,0.0,0.176304021154967,0.16869541124325882,6.0
,,,,,,,,,,,,,,,,,,,,,6.0,0282,stage1_1005_best,6,3.4160501121016917,0.07550757138577192,3.82167235744612,0.4791666666666667,0.6221590909090909,0.6896651204891485,0.3904571671248963,1.583137467181837,0.22798117033529774,0.8350277863725187,0.6551674397554258,6.0,1.5569678188350258,0.6657273206149656,2.013736464694745,0.3333333333333333,0.5886772587079925,3.926034119983079,0.7611087506719175,0.46257822457034464,,,,,final,0.0,0.0,,,,,,,,,,,,,,,,0.16497614642563496,0.30502041472475316,candidate,6.0,0.0,0.1753005271042211,0.17083772266067346,6.0
0.25338386057707635,3.8481003248781263,0.36707039966970473,0.25512761016581637,3.144971410195175,0.5756213684255211,0.16379983675184917,4.179503193728335,0.3309208497755055,0.2319853577550017,4.059081420383248,0.4468858869629283,0.2336454494335303,3.6220654271721844,0.42583501888520714,0.02684291642784856,0.062075104875892295,0.11580142929666287,0.026756656006437132,0.06302622810387133,0.11548617462335348,6.0,0282,stage1_1005_best,6,3.4160501121016917,0.07550757138577192,3.82167235744612,0.4791666666666667,0.6221590909090909,0.6896651204891485,0.3904571671248963,1.583137467181837,0.22798117033529774,0.8350277863725187,0.6551674397554258,6.0,1.5569678188350258,0.6657273206149656,2.013736464694745,0.3333333333333333,0.5886772587079925,3.926034119983079,0.7611087506719175,0.46257822457034464,0.1666923463344574,0.2957154011665688,2.772533991076219,2.404648735673755,final,0.0,0.0,0.00029664261986768426,0.0036123767742617815,0.006481570554936045,3.177086781784875,0.1975682847308625,3.943681842879283,0.3589688545614461,1.212542334260606,0.281982421875,0.036658289929576086,0.24522725446295143,0.34479440509040293,2.0944106051042564,0.3589688545614461,0.7416536761372196,0.16497614642563496,0.30502041472475316,selected,6.0,0.0,0.1753005271042211,0.17083772266067346,6.0
,,,,,,,,,,,,,,,,,,,,,6.0,0283,stage1_1005_best,6,2.8920399476492067,0.09068426911594697,3.303418490212928,0.4791666666666667,0.6789772727272727,0.5497378245802985,0.4323894547195725,1.6387977707708525,0.23571745438676825,0.8278991841646569,0.7251310877098507,6.0,2.1227438197944317,0.7965460941373274,1.876955727560746,0.4,0.7590353612979174,4.460172029566003,0.8309209005505547,0.40178276241446936,,,,,base,0.0,0.0,,,,,,,,,,,,,,,,0.17023394616951656,0.26208991771506535,candidate,6.0,0.0,0.20578680538639357,0.08822027764099086,6.0
,,,,,,,,,,,,,,,,,,,,,6.0,0283,stage1_1005_best,6,2.8920399476492067,0.09068426911594697,3.303418490212928,0.4791666666666667,0.6789772727272727,0.5497378245802985,0.4323894547195725,1.6387977707708525,0.23571745438676825,0.8278991841646569,0.7251310877098507,6.0,2.1227438197944317,0.7965460941373274,1.876955727560746,0.4,0.7590353612979174,4.460172029566003,0.8309209005505547,0.40178276241446936,,,,,base,0.0,0.0,,,,,,,,,,,,,,,,0.17023394616951656,0.26208991771506535,selected,6.0,0.0,0.20578680538639357,0.08822027764099086,6.0
,,,,,,,,,,,,,,,,,,,,,6.0,0283,stage1_1005_best,6,2.8363419460258315,0.0915604882402187,3.2572254772097042,0.484375,0.6931818181818182,0.5414177534135665,0.43411929978764513,1.6189820019878975,0.2293035140014024,0.832384552843593,0.7292911232932169,6.0,2.2033155486844334,0.6280429046605024,1.9805091252227216,0.4,0.732280485962488,3.890333010625106,0.7501712164377223,0.44518804654437893,,,,,provisional,0.0,0.0,,,,,,,,,,,,,,,,0.17194428081095148,0.26022174502104145,candidate,6.0,0.0,0.1770644997285871,0.163291640750638,6.0
,,,,,,,,,,,,,,,,,,,,,6.0,0283,stage1_1005_best,6,2.8363419460258315,0.0915604882402187,3.2572254772097042,0.484375,0.6931818181818182,0.5414177534135665,0.43411929978764513,1.6189820019878975,0.2293035140014024,0.832384552843593,0.7292911232932169,6.0,2.2033155486844334,0.6280429046605024,1.9805091252227216,0.4,0.732280485962488,3.890333010625106,0.7501712164377223,0.44518804654437893,,,,,provisional,0.0,0.0,,,,,,,,,,,,,,,,0.17194428081095148,0.26022174502104145,selected,6.0,0.0,0.1770644997285871,0.163291640750638,6.0
,,,,,,,,,,,,,,,,,,,,,6.0,0283,stage1_1005_best,6,2.8346380448052715,0.09154054792813282,3.257138043504097,0.484375,0.6931818181818182,0.541403363125196,0.4339714890081664,1.61838210087598,0.22910423101611835,0.8325210083008378,0.729298318437402,6.0,2.215761014445768,0.6347827321298001,1.9666506269688557,0.4,0.736649740602735,3.907965341511562,0.7530795605953536,0.4429502983280777,,,,,final,0.0,0.0,,,,,,,,,,,,,,,,0.17192035560101734,0.26030888856120254,candidate,6.0,0.0,0.1776935269433055,0.16199594606090723,6.0
0.12805791367854855,4.644493188872088,0.3487895912235446,0.1201594481169969,4.1809558156390665,0.33380773699809413,0.056936268857066166,3.775523277830414,0.5488546568824724,0.1286541076586211,4.691936090678055,0.3614377834634986,0.12595928453081356,4.361028481113521,0.35972452304229857,0.03585150109959641,0.0389561966734044,0.2012453690399869,0.03674494247183178,0.03922328264815799,0.20479055622442813,6.0,0283,stage1_1005_best,6,2.8346380448052715,0.09154054792813282,3.257138043504097,0.484375,0.6931818181818182,0.541403363125196,0.4339714890081664,1.61838210087598,0.22910423101611835,0.8325210083008378,0.729298318437402,6.0,2.215761014445768,0.6347827321298001,1.9666506269688557,0.4,0.736649740602735,3.907965341511562,0.7530795605953536,0.4429502983280777,0.21250200271606445,0.1378644052493932,2.7007170817835493,3.9045369860755974,final,0.0,0.0,0.00017920812683541623,0.001606088681190149,0.009302970904047561,4.056246162319675,0.13149144611840097,4.828996891611427,0.3443584562499874,1.263781255718571,0.244140625,0.04245826326489415,0.2660554048161755,0.3058550367031494,1.9660627330088754,0.3443584562499874,0.7495170781061622,0.17192035560101734,0.26030888856120254,selected,6.0,0.0,0.1776935269433055,0.16199594606090723,6.0
,,,,,,,,,,,,,,,,,,,,,6.0,0284,stage1_1005_best,6,3.148172487245207,0.09068610680302859,3.430659356379104,0.4895833333333333,0.6903409090909091,0.559169816356756,0.42571667720804457,1.6628405967310869,0.2437385208311363,0.8225704549158152,0.720415091821622,6.0,2.7382429445725047,0.7153903417035843,2.076304693664173,0.4,0.7216234570292294,4.483189385019089,0.8357829813285832,0.4110258158967822,,,,,base,0.0,0.0,,,,,,,,,,,,,,,,0.1725708206264393,0.2603154820718213,candidate,6.0,0.0,0.2109508340383115,0.10759333799059291,6.0
,,,,,,,,,,,,,,,,,,,,,6.0,0284,stage1_1005_best,6,3.148172487245207,0.09068610680302859,3.430659356379104,0.4895833333333333,0.6903409090909091,0.559169816356756,0.42571667720804457,1.6628405967310869,0.2437385208311363,0.8225704549158152,0.720415091821622,6.0,2.7382429445725047,0.7153903417035843,2.076304693664173,0.4,0.7216234570292294,4.483189385019089,0.8357829813285832,0.4110258158967822,,,,,base,0.0,0.0,,,,,,,,,,,,,,,,0.1725708206264393,0.2603154820718213,selected,6.0,0.0,0.2109508340383115,0.10759333799059291,6.0
,,,,,,,,,,,,,,,,,,,,,6.0,0284,stage1_1005_best,6,3.1070931893222418,0.08852962818468917,3.3969966713402493,0.4947916666666667,0.6960227272727273,0.5452416614723236,0.423006824738581,1.6305319636186777,0.23259038709336075,0.8318859278370078,0.7273791692638383,6.0,2.4522983461937233,0.502803530871346,2.9797364857760926,0.4,0.48797026962306383,3.6541947778808797,0.6971747747802765,0.5276039002158116,,,,,provisional,0.0,0.0,,,,,,,,,,,,,,,,0.17152382932371976,0.25995511458917697,candidate,6.0,0.0,0.17159497991018952,0.16923392262824632,6.0
,,,,,,,,,,,,,,,,,,,,,6.0,0284,stage1_1005_best,6,3.1070931893222418,0.08852962818468917,3.3969966713402493,0.4947916666666667,0.6960227272727273,0.5452416614723236,0.423006824738581,1.6305319636186777,0.23259038709336075,0.8318859278370078,0.7273791692638383,6.0,2.4522983461937233,0.502803530871346,2.9797364857760926,0.4,0.48797026962306383,3.6541947778808797,0.6971747747802765,0.5276039002158116,,,,,provisional,0.0,0.0,,,,,,,,,,,,,,,,0.17152382932371976,0.25995511458917697,selected,6.0,0.0,0.17159497991018952,0.16923392262824632,6.0
,,,,,,,,,,,,,,,,,,,,,6.0,0284,stage1_1005_best,6,3.111820954116467,0.08839818874408305,3.3987261332685716,0.4947916666666667,0.6960227272727273,0.5455419338609722,0.42287545098613455,1.6307520633742378,0.23269134160561897,0.8319013027546461,0.7272290330695138,6.0,2.4608095279213877,0.5090083758624897,2.940656554531295,0.4,0.501921397181615,3.7079672206325,0.7083482805645874,0.5141156798771617,,,,,final,0.0,0.0,,,,,,,,,,,,,,,,0.17136404568345276,0.25997479963510456,candidate,6.0,0.0,0.17380445808376557,0.1656926265265466,6.0
0.16873017991701575,4.409363248390972,0.3127166127073129,0.12117292198067348,4.474140055109324,0.32948815214149574,0.10740882888261186,5.477921773976744,0.21887530812991196,0.14733090607332264,4.527528726134247,0.3172340003929812,0.1513306536730753,4.616735504028787,0.295929800978572,0.04930767486393773,0.05508946495408612,0.24265610725617184,0.04975667731617952,0.05555665645174659,0.24702231214260303,6.0,0284,stage1_1005_best,6,3.111820954116467,0.08839818874408305,3.3987261332685716,0.4947916666666667,0.6960227272727273,0.5455419338609722,0.42287545098613455,1.6307520633742378,0.23269134160561897,0.8319013027546461,0.7272290330695138,6.0,2.4608095279213877,0.5090083758624897,2.940656554531295,0.4,0.501921397181615,3.7079672206325,0.7083482805645874,0.5141156798771617,0.21761147677898407,0.12903375119573196,3.0523036777668793,4.772051142194677,final,0.0,0.0,0.0003818418251840575,0.0023802044933387235,0.01627040091333238,3.9935251615413576,0.1474139163116052,4.774516816333639,0.3662503109055681,1.2450996803057617,0.237060546875,0.04443683822657611,0.2587474095446957,0.3163564279958493,2.0434694254321197,0.3662503109055681,0.7284989530011292,0.17136404568345276,0.25997479963510456,selected,6.0,0.0,0.17380445808376557,0.1656926265265466,6.0
,,,,,,,,,,,,,,,,,,,,,6.0,0285,stage1_1005_best,6,3.2538650679542225,0.08667965698893071,3.576903322533257,0.4583333333333333,0.6789772727272727,0.5613145639765791,0.4027198138553397,1.6507423481097583,0.238647636694156,0.8284246147386175,0.7193427180117106,6.0,1.948596020281518,0.789367690993149,1.7088274097654783,0.6,0.8045843293325172,4.7841940965003165,0.8709360269297597,0.3365287666935438,,,,,base,0.0,0.0,,,,,,,,,,,,,,,,0.1689814581972488,0.2627120489677783,candidate,6.0,0.0,0.16781926388970453,0.07043797919937135,6.0
,,,,,,,,,,,,,,,,,,,,,6.0,0285,stage1_1005_best,6,3.2538650679542225,0.08667965698893071,3.576903322533257,0.4583333333333333,0.6789772727272727,0.5613145639765791,0.4027198138553397,1.6507423481097583,0.238647636694156,0.8284246147386175,0.7193427180117106,6.0,1.948596020281518,0.789367690993149,1.7088274097654783,0.6,0.8045843293325172,4.7841940965003165,0.8709360269297597,0.3365287666935438,,,,,base,0.0,0.0,,,,,,,,,,,,,,,,0.1689814581972488,0.2627120489677783,selected,6.0,0.0,0.16781926388970453,0.07043797919937135,6.0
,,,,,,,,,,,,,,,,,,,,,6.0,0285,stage1_1005_best,6,3.1160155022030125,0.08847962957317629,3.456810890969079,0.46875,0.6704545454545454,0.5651827787844522,0.41973623083938616,1.656481649061784,0.24109601453002302,0.8236814037049465,0.7174086106077738,6.0,1.734303318397735,0.5628838011709768,2.3366045988828734,0.6,0.5543210630907889,3.175397949164455,0.6411680040420141,0.5078064199556233,,,,,provisional,0.0,0.0,,,,,,,,,,,,,,,,0.17228816271611502,0.2612452139421732,candidate,6.0,0.0,0.14419905954280263,0.12651200947483657,6.0
,,,,,,,,,,,,,,,,,,,,,6.0,0285,stage1_1005_best,6,3.1160155022030125,0.08847962957317629,3.456810890969079,0.46875,0.6704545454545454,0.5651827787844522,0.41973623083938616,1.656481649061784,0.24109601453002302,0.8236814037049465,0.7174086106077738,6.0,1.734303318397735,0.5628838011709768,2.3366045988828734,0.6,0.5543210630907889,3.175397949164455,0.6411680040420141,0.5078064199556233,,,,,provisional,0.0,0.0,,,,,,,,,,,,,,,,0.17228816271611502,0.2612452139421732,selected,6.0,0.0,0.14419905954280263,0.12651200947483657,6.0
,,,,,,,,,,,,,,,,,,,,,6.0,0285,stage1_1005_best,6,3.1158062043910806,0.08849175539946644,3.4559768666859454,0.46875,0.6704545454545454,0.5648008049657581,0.4196555189314547,1.6562695135128525,0.24101113134394048,0.8237932060343134,0.7175995975171209,6.0,1.7519773373739898,0.5636639042389002,2.344665377704473,0.4,0.5561328457011252,3.1984446767401744,0.6451431400723098,0.5027356037146655,,,,,final,0.0,0.0,,,,,,,,,,,,,,,,0.17219683588532803,0.2612135561035651,candidate,6.0,0.0,0.14468505445210075,0.12513207705163432,6.0
0.1621190682761859,4.332717543405181,0.32536709800006514,0.19100715009961233,4.4259517121810985,0.3298698951030655,0.12039347049091918,2.5893780541236957,0.7228605034728222,0.17469002296650343,3.5940386196554757,0.5472494930386128,0.16728675469239607,4.662080684709096,0.25905068888618465,0.03721167721869682,0.05670119341070228,0.2266858626720086,0.03685014713354671,0.057440113270544296,0.22974999376223937,6.0,0285,stage1_1005_best,6,3.1158062043910806,0.08849175539946644,3.4559768666859454,0.46875,0.6704545454545454,0.5648008049657581,0.4196555189314547,1.6562695135128525,0.24101113134394048,0.8237932060343134,0.7175995975171209,6.0,1.7519773373739898,0.5636639042389002,2.344665377704473,0.4,0.5561328457011252,3.1984446767401744,0.6451431400723098,0.5027356037146655,0.2236167937517166,0.21782318045261684,2.9164769164428375,4.089245556777812,final,0.0,0.0,0.0002911052820022387,0.0019850520522102714,0.009922750202169232,3.7063892242625176,0.1481922197192044,4.388574583769127,0.33757415567018983,1.2423917020414998,0.345703125,0.03825233795688452,0.25864534633786906,0.32281854680831473,1.9639579137280605,0.33757415567018983,0.7600142663254871,0.17219683588532803,0.2612135561035651,selected,6.0,0.0,0.14468505445210075,0.12513207705163432,6.0
,,,,,,,,,,,,,,,,,,,,,6.0,0286,stage1_1005_best,6,2.992842042005166,0.08802475320697746,3.3733993630892676,0.484375,0.6875,0.5580529487777862,0.4280310001371926,1.642719113575211,0.23940402806394737,0.827331692604795,0.720973525611107,6.0,2.351610536538748,0.8520579037435093,1.5197808173754053,0.4,0.8701572629806842,4.915746786223627,0.8883559458494168,0.3284475779838745,,,,,base,0.0,0.0,,,,,,,,,,,,,,,,0.16854200640269884,0.26443033983758263,candidate,6.0,0.0,0.14313821715272732,0.0420617953986452,6.0
,,,,,,,,,,,,,,,,,,,,,6.0,0286,stage1_1005_best,6,2.992842042005166,0.08802475320697746,3.3733993630892676,0.484375,0.6875,0.5580529487777862,0.4280310001371926,1.642719113575211,0.23940402806394737,0.827331692604795,0.720973525611107,6.0,2.351610536538748,0.8520579037435093,1.5197808173754053,0.4,0.8701572629806842,4.915746786223627,0.8883559458494168,0.3284475779838745,,,,,base,0.0,0.0,,,,,,,,,,,,,,,,0.16854200640269884,0.26443033983758263,selected,6.0,0.0,0.14313821715272732,0.0420617953986452,6.0
,,,,,,,,,,,,,,,,,,,,,6.0,0286,stage1_1005_best,6,2.952276627629435,0.08680435889914341,3.3646663133276906,0.4791666666666667,0.6846590909090909,0.5505531053548199,0.4246714529626328,1.6285125863649978,0.23404669111103338,0.8325515480943162,0.7247234473225901,6.0,1.6599454586639713,0.6896115647999111,1.775806183803453,0.6,0.7670230346411324,3.5134870210546767,0.6959083629819859,0.43788411185472,,,,,provisional,0.0,0.0,,,,,,,,,,,,,,,,0.16695265487883712,0.265229025646219,candidate,6.0,0.0,0.12852362481228768,0.07907488111785027,6.0
,,,,,,,,,,,,,,,,,,,,,6.0,0286,stage1_1005_best,6,2.952276627629435,0.08680435889914341,3.3646663133276906,0.4791666666666667,0.6846590909090909,0.5505531053548199,0.4246714529626328,1.6285125863649978,0.23404669111103338,0.8325515480943162,0.7247234473225901,6.0,1.6599454586639713,0.6896115647999111,1.775806183803453,0.6,0.7670230346411324,3.5134870210546767,0.6959083629819859,0.43788411185472,,,,,provisional,0.0,0.0,,,,,,,,,,,,,,,,0.16695265487883712,0.265229025646219,selected,6.0,0.0,0.12852362481228768,0.07907488111785027,6.0
,,,,,,,,,,,,,,,,,,,,,6.0,0286,stage1_1005_best,6,2.9411997679699304,0.08690377540867715,3.3579740095888537,0.4791666666666667,0.6846590909090909,0.5498985807152578,0.4250663930176424,1.6279052413037156,0.233751624052195,0.8327918832976708,0.7250507096423712,6.0,1.7437658369793894,0.6597834134914577,1.8395457801122332,0.4,0.7503096433185059,3.520434843909294,0.6962135586002779,0.43857761055362987,,,,,final,0.0,0.0,,,,,,,,,,,,,,,,0.16688940812204942,0.2651646876557869,candidate,6.0,0.0,0.12689222284813198,0.083952816759441,6.0
0.1634863557137431,4.612797005026076,0.2684594233896849,0.1524796790371333,4.549782466226464,0.3510016513142881,0.10372622088340072,4.285145483432,0.3946337229911369,0.16604534213806596,3.738593452110407,0.5612091099964542,0.15185094348810546,4.652803778702089,0.3426218830013394,0.038368285510749035,0.031013274873492494,0.20763389297717857,0.032186929306440244,0.02889403511132672,0.20587586451029774,6.0,0286,stage1_1005_best,6,2.9411997679699304,0.08690377540867715,3.3579740095888537,0.4791666666666667,0.6846590909090909,0.5498985807152578,0.4250663930176424,1.6279052413037156,0.233751624052195,0.8327918832976708,0.7250507096423712,6.0,1.7437658369793894,0.6597834134914577,1.8395457801122332,0.4,0.7503096433185059,3.520434843909294,0.6962135586002779,0.43857761055362987,0.20832224190235138,0.1719700978173881,2.639032351613965,3.5909704428269325,final,0.0,0.0,0.0008249416462698132,0.003555026172754163,0.015621563622180645,3.9375699418764962,0.13282306861616372,4.705725257764627,0.33656317912914924,1.2696800160850112,0.28125,0.040824177793955446,0.26622791183687,0.30602803589638716,1.9527279273890676,0.33656317912914924,0.755985999146501,0.16688940812204942,0.2651646876557869,selected,6.0,0.0,0.12689222284813198,0.083952816759441,6.0
,,,,,,,,,,,,,,,,,,,,,6.0,0287,stage1_1005_best,6,2.9812837618274224,0.0867448471719106,3.395146796691804,0.46875,0.6818181818181818,0.5545938164274914,0.4225406927771699,1.6328259184497613,0.2354738672940776,0.8303876937393797,0.7227030917862542,6.0,2.2665565486910215,0.7997502210773516,1.677351684993201,0.4,0.8288127666348523,4.873441083604744,0.8823696209516142,0.3109311239808772,,,,,base,0.0,0.0,,,,,,,,,,,,,,,,0.16685294285953325,0.2662288060046766,candidate,6.0,0.0,0.13348765689210967,0.05052679062289295,6.0
,,,,,,,,,,,,,,,,,,,,,6.0,0287,stage1_1005_best,6,2.9812837618274224,0.0867448471719106,3.395146796691804,0.46875,0.6818181818181818,0.5545938164274914,0.4225406927771699,1.6328259184497613,0.2354738672940776,0.8303876937393797,0.7227030917862542,6.0,2.2665565486910215,0.7997502210773516,1.677351684993201,0.4,0.8288127666348523,4.873441083604744,0.8823696209516142,0.3109311239808772,,,,,base,0.0,0.0,,,,,,,,,,,,,,,,0.16685294285953325,0.2662288060046766,selected,6.0,0.0,0.13348765689210967,0.05052679062289295,6.0
,,,,,,,,,,,,,,,,,,,,,6.0,0287,stage1_1005_best,6,2.9926454785854095,0.08623772992806078,3.3820308899744966,0.4635416666666667,0.6846590909090909,0.5501018093560239,0.4250677018789038,1.6292962562392692,0.2344618661198101,0.8303445746464467,0.724949095321988,6.0,1.9949235381935624,0.7274512563756449,1.7506667028091583,0.4,0.8012013052332815,3.8890642693458304,0.7543911330344447,0.3991378679132084,,,,,provisional,0.0,0.0,,,,,,,,,,,,,,,,0.16696750799685753,0.265382273291076,candidate,6.0,0.0,0.12764728225725094,0.07423338951941363,6.0
,,,,,,,,,,,,,,,,,,,,,6.0,0287,stage1_1005_best,6,2.9926454785854095,0.08623772992806078,3.3820308899744966,0.4635416666666667,0.6846590909090909,0.5501018093560239,0.4250677018789038,1.6292962562392692,0.2344618661198101,0.8303445746464467,0.724949095321988,6.0,1.9949235381935624,0.7274512563756449,1.7506667028091583,0.4,0.8012013052332815,3.8890642693458304,0.7543911330344447,0.3991378679132084,,,,,provisional,0.0,0.0,,,,,,,,,,,,,,,,0.16696750799685753,0.265382273291076,selected,6.0,0.0,0.12764728225725094,0.07423338951941363,6.0
,,,,,,,,,,,,,,,,,,,,,6.0,0287,stage1_1005_best,6,2.972405175942582,0.08631889615541369,3.368460040599449,0.4635416666666667,0.6846590909090909,0.5487549695496182,0.4259303401900614,1.6274826624958785,0.233822861863802,0.8310665598935968,0.7256225152251908,6.0,2.004801784872906,0.7232948513448002,1.772902724923136,0.4,0.7958714357095761,3.916075949733739,0.7574067329722748,0.40063687294791317,,,,,final,0.0,0.0,,,,,,,,,,,,,,,,0.16694955229347458,0.2651133354941021,candidate,6.0,0.0,0.1270462102656779,0.0759569488569005,6.0
0.17163497683118742,4.690057259224343,0.31194786538019226,0.19277338459961724,4.571759791892702,0.283878410119164,0.11589404578202153,4.369382067527487,0.32269607899982233,0.1512372453536296,3.6600817799276264,0.5650450414707443,0.16409873280462017,4.757056587165152,0.2731353604434766,0.03184165654905211,0.03061529613906912,0.19851876362551357,0.031710930211887124,0.03250755414309343,0.19597717519334149,6.0,0287,stage1_1005_best,6,2.972405175942582,0.08631889615541369,3.368460040599449,0.4635416666666667,0.6846590909090909,0.5487549695496182,0.4259303401900614,1.6274826624958785,0.233822861863802,0.8310665598935968,0.7256225152251908,6.0,2.004801784872906,0.7232948513448002,1.772902724923136,0.4,0.7958714357095761,3.916075949733739,0.7574067329722748,0.40063687294791317,0.22309811413288116,0.23537051488516264,2.470963863837961,3.8224131380840185,final,0.0,0.0,0.0012793786889503563,0.005146392285061203,0.01345074581095704,3.9306204959488413,0.13622342682621866,4.695189176123338,0.343005127483616,1.2598364016233528,0.270751953125,0.04158881735626103,0.2640584506835824,0.3104093477146545,1.9749089476281931,0.343005127483616,0.7514319622229871,0.16694955229347458,0.2651133354941021,selected,6.0,0.0,0.1270462102656779,0.0759569488569005,6.0
,,,,,,,,,,,,,,,,,,,,,6.0,0288,stage1_1005_best,6,3.5774596288445,0.076388599307143,4.001676883800051,0.4739583333333333,0.59375,0.7195628044875684,0.37027723996811135,1.5963095016479067,0.23167618448697677,0.8353188096620184,0.6402185977562158,6.0,1.8425700258815683,0.7711243108825212,1.8071939156794274,0.4,0.7780251488496465,4.647919599429724,0.8543183481614739,0.3476671782375057,,,,,base,0.0,0.0,,,,,,,,,,,,,,,,0.16752372437463597,0.3048835617366093,candidate,6.0,0.0,0.198456452085027,0.10376642402611148,6.0
,,,,,,,,,,,,,,,,,,,,,6.0,0288,stage1_1005_best,6,3.5774596288445,0.076388599307143,4.001676883800051,0.4739583333333333,0.59375,0.7195628044875684,0.37027723996811135,1.5963095016479067,0.23167618448697677,0.8353188096620184,0.6402185977562158,6.0,1.8425700258815683,0.7711243108825212,1.8071939156794274,0.4,0.7780251488496465,4.647919599429724,0.8543183481614739,0.3476671782375057,,,,,base,0.0,0.0,,,,,,,,,,,,,,,,0.16752372437463597,0.3048835617366093,selected,6.0,0.0,0.198456452085027,0.10376642402611148,6.0
,,,,,,,,,,,,,,,,,,,,,6.0,0288,stage1_1005_best,6,3.527996987834622,0.07700962445492636,3.9668742114422595,0.46875,0.5795454545454546,0.7129098300322881,0.3729422596516069,1.5944377094407438,0.23067600870441216,0.8347404509559556,0.643545084983856,6.0,2.470462615994046,0.4613322411517918,2.603650972382938,0.4,0.5381117119646919,3.3196418975964073,0.6657485815680008,0.5100658521709437,,,,,provisional,0.0,0.0,,,,,,,,,,,,,,,,0.16667643294181264,0.30438808256153493,candidate,6.0,0.0,0.1630448439857028,0.18615466587740032,6.0
,,,,,,,,,,,,,,,,,,,,,6.0,0288,stage1_1005_best,6,3.527996987834622,0.07700962445492636,3.9668742114422595,0.46875,0.5795454545454546,0.7129098300322881,0.3729422596516069,1.5944377094407438,0.23067600870441216,0.8347404509559556,0.643545084983856,6.0,2.470462615994046,0.4613322411517918,2.603650972382938,0.4,0.5381117119646919,3.3196418975964073,0.6657485815680008,0.5100658521709437,,,,,provisional,0.0,0.0,,,,,,,,,,,,,,,,0.16667643294181264,0.30438808256153493,selected,6.0,0.0,0.1630448439857028,0.18615466587740032,6.0
,,,,,,,,,,,,,,,,,,,,,6.0,0288,stage1_1005_best,6,3.530722307766606,0.07702953088471862,3.970088367514745,0.46875,0.5795454545454546,0.7129436237129877,0.37272577803966733,1.5950803428732356,0.23084178737572955,0.8345790776216032,0.6435281881435061,6.0,2.464140608881306,0.464566761839937,2.5787294823228457,0.4,0.5440432725838193,3.3383511404410378,0.66788326514572,0.5062301362345227,,,,,final,0.0,0.0,,,,,,,,,,,,,,,,0.1666390903641839,0.30439172893692906,candidate,6.0,0.0,0.16361295907212,0.18564138917960246,6.0
0.16220979718629147,4.699888436896771,0.28767604381128636,0.14772096778053226,4.723007691950965,0.29311139922100027,0.11742478612161437,4.786243525904455,0.2945800422889128,0.1477638918343012,4.56464375737628,0.33649929722038174,0.16086017796343918,4.9260413119825905,0.27774714119858307,0.037806676275212704,0.03368201319050803,0.20902436302684643,0.03729069440117912,0.033477550330945335,0.21356067458554084,6.0,0288,stage1_1005_best,6,3.530722307766606,0.07702953088471862,3.970088367514745,0.46875,0.5795454545454546,0.7129436237129877,0.37272577803966733,1.5950803428732356,0.23084178737572955,0.8345790776216032,0.6435281881435061,6.0,2.464140608881306,0.464566761839937,2.5787294823228457,0.4,0.5440432725838193,3.3383511404410378,0.66788326514572,0.5062301362345227,0.20589327812194824,0.16600590139593485,2.8984331984627976,4.373292154596084,final,0.0,0.0,0.00028186108614980756,0.001408785403570365,0.010663950152441405,4.030547783618578,0.14393834277668022,4.805787937376374,0.35862700095006567,1.2512793643308973,0.2569580078125,0.04554032754353376,0.2616499800872766,0.3111299618769586,2.007171893932678,0.35862700095006567,0.7375904500900862,0.1666390903641839,0.30439172893692906,selected,6.0,0.0,0.16361295907212,0.18564138917960246,6.0
,,,,,,,,,,,,,,,,,,,,,6.0,0289,stage1_1005_best,6,3.8771606522269897,0.07615846230423892,4.378101040903124,0.40625,0.5568181818181818,0.7277725688856896,0.33813100365598237,1.6329209125546928,0.24210704653547607,0.8227659090777788,0.6361137155571551,6.0,2.4108108135607136,0.7616071801693156,1.8851027943989789,0.4,0.7719575028439738,4.508119078450405,0.8363399905284792,0.37140409857154466,,,,,base,0.0,0.0,,,,,,,,,,,,,,,,0.16721484723138258,0.30533499293024136,candidate,6.0,0.0,0.1731585522422029,0.08701486534862962,6.0
,,,,,,,,,,,,,,,,,,,,,6.0,0289,stage1_1005_best,6,3.8771606522269897,0.07615846230423892,4.378101040903124,0.40625,0.5568181818181818,0.7277725688856896,0.33813100365598237,1.6329209125546928,0.24210704653547607,0.8227659090777788,0.6361137155571551,6.0,2.4108108135607136,0.7616071801693156,1.8851027943989789,0.4,0.7719575028439738,4.508119078450405,0.8363399905284792,0.37140409857154466,,,,,base,0.0,0.0,,,,,,,,,,,,,,,,0.16721484723138258,0.30533499293024136,selected,6.0,0.0,0.1731585522422029,0.08701486534862962,6.0
,,,,,,,,,,,,,,,,,,,,,6.0,0289,stage1_1005_best,6,3.862301800102633,0.07667755688401295,4.4072908144646465,0.390625,0.5795454545454546,0.7216336131059463,0.3364940742622106,1.6349197723555404,0.2423836223113938,0.818959465908302,0.6391831934470268,6.0,2.209000717602271,0.5159834126960852,2.6153235542915017,0.4,0.5563742519970605,3.554788027503321,0.6865813790230438,0.489247873389159,,,,,provisional,0.0,0.0,,,,,,,,,,,,,,,,0.16722540193591545,0.3032762058108954,candidate,6.0,0.0,0.14127708760653884,0.15030705197859423,6.0
,,,,,,,,,,,,,,,,,,,,,6.0,0289,stage1_1005_best,6,3.862301800102633,0.07667755688401295,4.4072908144646465,0.390625,0.5795454545454546,0.7216336131059463,0.3364940742622106,1.6349197723555404,0.2423836223113938,0.818959465908302,0.6391831934470268,6.0,2.209000717602271,0.5159834126960852,2.6153235542915017,0.4,0.5563742519970605,3.554788027503321,0.6865813790230438,0.489247873389159,,,,,provisional,0.0,0.0,,,,,,,,,,,,,,,,0.16722540193591545,0.3032762058108954,selected,6.0,0.0,0.14127708760653884,0.15030705197859423,6.0
,,,,,,,,,,,,,,,,,,,,,6.0,0289,stage1_1005_best,6,3.8654649906671694,0.0766755225660522,4.4112369349801375,0.390625,0.5795454545454546,0.7214778950415524,0.33620975440354633,1.6352749760432517,0.24251468475108473,0.8187617564624389,0.6392610524792238,6.0,2.1813948733633444,0.5153441645171989,2.6090471445921373,0.4,0.5561460335399678,3.5586342042207795,0.6870899600269028,0.4887725263053374,,,,,final,0.0,0.0,,,,,,,,,,,,,,,,0.1671525630898299,0.30329066994786924,candidate,6.0,0.0,0.1407498181166654,0.1510267878801979,6.0
0.16003129781977396,4.671341599835017,0.31683591928015514,0.1253774001838025,4.801618274590503,0.2990042724305131,0.06827314537702228,3.7131938871724075,0.534677488561232,0.13688919892566342,3.993572736532238,0.5056080960182131,0.13668422610169256,4.912703366880174,0.27159928527406885,0.02692105162294356,0.06387974448011982,0.19107033145672694,0.02648295007811279,0.06350865039702937,0.18667057139220114,6.0,0289,stage1_1005_best,6,3.8654649906671694,0.0766755225660522,4.4112369349801375,0.390625,0.5795454545454546,0.7214778950415524,0.33620975440354633,1.6352749760432517,0.24251468475108473,0.8187617564624389,0.6392610524792238,6.0,2.1813948733633444,0.5153441645171989,2.6090471445921373,0.4,0.5561460335399678,3.5586342042207795,0.6870899600269028,0.4887725263053374,0.21738335490226746,0.15619133626621118,2.9949523966644302,4.413947715805803,final,0.0,0.0,0.00011081763943795806,0.002247558218374478,0.010524532147977357,3.775003714725293,0.1385970933959923,4.502727351851094,0.3260939794894535,1.2720801098964385,0.2840576171875,0.04030699467797474,0.2660484709635968,0.3078755917300964,1.930952205729208,0.3260939794894535,0.7695804729991981,0.1671525630898299,0.30329066994786924,selected,6.0,0.0,0.1407498181166654,0.1510267878801979,6.0
,,,,,,,,,,,,,,,,,,,,,6.0,0290,stage1_1005_best,6,3.2946149828977727,0.07510023351977425,3.6232270550532166,0.5104166666666666,0.6051136363636364,0.6930740328705768,0.4078992042321798,1.5621059976654612,0.2214325141951741,0.8447427928531503,0.6534629835647117,6.0,2.9905137550982097,0.720354286252755,2.346854149783188,0.2,0.6797524565226969,4.60463540907354,0.8515989426527575,0.3920396296029815,,,,,base,0.0,0.0,,,,,,,,,,,,,,,,0.16402527463940897,0.30820323226143437,candidate,6.0,0.0,0.19902029647169428,0.096261101627008,6.0
,,,,,,,,,,,,,,,,,,,,,6.0,0290,stage1_1005_best,6,3.2946149828977727,0.07510023351977425,3.6232270550532166,0.5104166666666666,0.6051136363636364,0.6930740328705768,0.4078992042321798,1.5621059976654612,0.2214325141951741,0.8447427928531503,0.6534629835647117,6.0,2.9905137550982097,0.720354286252755,2.346854149783188,0.2,0.6797524565226969,4.60463540907354,0.8515989426527575,0.3920396296029815,,,,,base,0.0,0.0,,,,,,,,,,,,,,,,0.16402527463940897,0.30820323226143437,selected,6.0,0.0,0.19902029647169428,0.096261101627008,6.0
,,,,,,,,,,,,,,,,,,,,,6.0,0290,stage1_1005_best,6,3.292805460891355,0.07308899332797668,3.6862884079520835,0.4895833333333333,0.6136363636363636,0.6902734704533935,0.3987286950722999,1.551158320670034,0.21813810793359836,0.8448890075994777,0.6548632647733033,6.0,2.512644920604975,0.5352168883142525,2.755788235932835,0.2,0.5518127906904655,3.783780486158572,0.732360451180013,0.4623138513843637,,,,,provisional,0.0,0.0,,,,,,,,,,,,,,,,0.16491732685813676,0.3063599910080595,candidate,6.0,0.0,0.1817454281072867,0.15362925907236555,6.0
,,,,,,,,,,,,,,,,,,,,,6.0,0290,stage1_1005_best,6,3.292805460891355,0.07308899332797668,3.6862884079520835,0.4895833333333333,0.6136363636363636,0.6902734704533935,0.3987286950722999,1.551158320670034,0.21813810793359836,0.8448890075994777,0.6548632647733033,6.0,2.512644920604975,0.5352168883142525,2.755788235932835,0.2,0.5518127906904655,3.783780486158572,0.732360451180013,0.4623138513843637,,,,,provisional,0.0,0.0,,,,,,,,,,,,,,,,0.16491732685813676,0.3063599910080595,selected,6.0,0.0,0.1817454281072867,0.15362925907236555,6.0
,,,,,,,,,,,,,,,,,,,,,6.0,0290,stage1_1005_best,6,3.2920890649823895,0.07306949605862788,3.685341165958883,0.4895833333333333,0.6136363636363636,0.6903417252742425,0.398810669172078,1.5511363501411062,0.21813001197877072,0.8449496949013079,0.6548291373628787,6.0,2.5294286427754744,0.533080988915059,2.7766499225791463,0.2,0.5464873622713677,3.7769637736947295,0.7318058387331708,0.46410399017965726,,,,,final,0.0,0.0,,,,,,,,,,,,,,,,0.16494061157557527,0.3063134535223112,candidate,6.0,0.0,0.1815614562429254,0.15427318076859198,6.0
0.16192904456699533,4.539934787242714,0.33760436241204894,0.14136665773124504,4.636668371544921,0.271742619572663,0.11639973107200746,5.311169249533211,0.2625935063583891,0.16589125367067523,4.592607330309488,0.34984579328151366,0.1705671891250905,4.592942364725299,0.27089782240516824,0.04222226546890364,0.06485668027261689,0.17450873066332762,0.041943416183502086,0.06466209657072126,0.17519177927014498,6.0,0290,stage1_1005_best,6,3.2920890649823895,0.07306949605862788,3.685341165958883,0.4895833333333333,0.6136363636363636,0.6903417252742425,0.398810669172078,1.5511363501411062,0.21813001197877072,0.8449496949013079,0.6548291373628787,6.0,2.5294286427754744,0.533080988915059,2.7766499225791463,0.2,0.5464873622713677,3.7769637736947295,0.7318058387331708,0.46410399017965726,0.23482970893383026,0.14144833779112237,3.006102952930666,4.377940997476081,final,0.0,0.0,4.60968888870551e-05,0.0007057715597373395,0.005189738375206472,3.8916903318632285,0.14948267371821983,4.66596481248655,0.36254282571454544,1.2368174590834005,0.2791748046875,0.04411131840510052,0.25694976957956933,0.3198616620946,2.0281496619789867,0.36254282571454544,0.7349122787297986,0.16494061157557527,0.3063134535223112,selected,6.0,0.0,0.1815614562429254,0.15427318076859198,6.0
,,,,,,,,,,,,,,,,,,,,,6.0,0291,stage1_1005_best,6,3.0398358784035087,0.07430473141631935,3.422948944238342,0.5208333333333334,0.625,0.6790172192740372,0.4216041649649083,1.524265370056181,0.20932675103595003,0.8567636600133758,0.6604913903629813,6.0,1.4715126334138182,0.849337160333288,1.6099430791581921,0.6,0.8257276681918944,4.67674423625168,0.8578543425265317,0.3424097524240709,,,,,base,0.0,0.0,,,,,,,,,,,,,,,,0.16387656619174118,0.3066244606693241,candidate,6.0,0.0,0.1681473982423202,0.07676931658713691,6.0
,,,,,,,,,,,,,,,,,,,,,6.0,0291,stage1_1005_best,6,3.0398358784035087,0.07430473141631935,3.422948944238342,0.5208333333333334,0.625,0.6790172192740372,0.4216041649649083,1.524265370056181,0.20932675103595003,0.8567636600133758,0.6604913903629813,6.0,1.4715126334138182,0.849337160333288,1.6099430791581921,0.6,0.8257276681918944,4.67674423625168,0.8578543425265317,0.3424097524240709,,,,,base,0.0,0.0,,,,,,,,,,,,,,,,0.16387656619174118,0.3066244606693241,selected,6.0,0.0,0.1681473982423202,0.07676931658713691,6.0
,,,,,,,,,,,,,,,,,,,,,6.0,0291,stage1_1005_best,6,3.0099680107095224,0.07376935212688271,3.433145949972997,0.5104166666666666,0.6136363636363636,0.6791403533935694,0.4184080979031533,1.516294017949285,0.20609889433066192,0.8574901643042688,0.6604298233032153,6.0,1.834272567263579,0.69049147446832,1.7658750930828124,0.6,0.7736490766033501,3.9707963131190964,0.7676999760175913,0.41488237847119935,,,,,provisional,0.0,0.0,,,,,,,,,,,,,,,,0.16534035496427735,0.30480823118939,candidate,6.0,0.0,0.15042233188496193,0.13197720412262068,6.0
,,,,,,,,,,,,,,,,,,,,,6.0,0291,stage1_1005_best,6,3.0099680107095224,0.07376935212688271,3.433145949972997,0.5104166666666666,0.6136363636363636,0.6791403533935694,0.4184080979031533,1.516294017949285,0.20609889433066192,0.8574901643042688,0.6604298233032153,6.0,1.834272567263579,0.69049147446832,1.7658750930828124,0.6,0.7736490766033501,3.9707963131190964,0.7676999760175913,0.41488237847119935,,,,,provisional,0.0,0.0,,,,,,,,,,,,,,,,0.16534035496427735,0.30480823118939,selected,6.0,0.0,0.15042233188496193,0.13197720412262068,6.0
,,,,,,,,,,,,,,,,,,,,,6.0,0291,stage1_1005_best,6,3.0102915861048265,0.07375548749341602,3.4300478427455245,0.5104166666666666,0.6136363636363636,0.6791748223489089,0.4187892476430145,1.516139207038491,0.20608551463435218,0.8576805557903437,0.6604125888255455,6.0,1.7616926575820961,0.7011781250673274,1.7691454997800666,0.6,0.7709155682202655,3.9795071639875252,0.7686959665146924,0.4125620993100446,,,,,final,0.0,0.0,,,,,,,,,,,,,,,,0.16529695298394365,0.3049379177476621,candidate,6.0,0.0,0.15062862907945046,0.13005074885536502,6.0
0.2113295253618532,3.989803836312598,0.413674224644918,0.24830144654832573,3.827121803161786,0.4760762663359141,0.14294234830675073,3.6586793899877055,0.4668667739784807,0.15686472866483692,4.104248991118552,0.40264728670576544,0.21788579750399667,4.15533238416637,0.326736481574014,0.029073054156484035,0.04253180795041985,0.18158523065218213,0.030820897041916043,0.04517339592254791,0.1796332027191204,6.0,0291,stage1_1005_best,6,3.0102915861048265,0.07375548749341602,3.4300478427455245,0.5104166666666666,0.6136363636363636,0.6791748223489089,0.4187892476430145,1.516139207038491,0.20608551463435218,0.8576805557903437,0.6604125888255455,6.0,1.7616926575820961,0.7011781250673274,1.7691454997800666,0.6,0.7709155682202655,3.9795071639875252,0.7686959665146924,0.4125620993100446,0.23766064643859863,0.27128353653331255,2.524547603201754,3.056895674104302,final,0.0,0.0,0.0004898503209422356,0.0028243276434276724,0.016890081774869625,3.495921052332163,0.16740879044875856,4.230109869741137,0.3571812983517933,1.2289632194355689,0.326171875,0.04306064470244988,0.2516530501970919,0.3318123266173258,2.0448433910998833,0.3571812983517933,0.7411524594478549,0.16529695298394365,0.3049379177476621,selected,6.0,0.0,0.15062862907945046,0.13005074885536502,6.0
,,,,,,,,,,,,,,,,,,,,,6.0,0292,stage1_1005_best,6,3.8145543412127663,0.07648588329022467,4.252114868295115,0.4375,0.5738636363636364,0.7260152991782053,0.3508486884967425,1.6283368322140925,0.23998399166413867,0.824961984600824,0.6369923504108974,6.0,2.0114264400062942,0.7992307923173686,1.8620331503048102,0.4,0.7717675031102817,4.8908651160331384,0.8838304471331939,0.31694429590875267,,,,,base,0.0,0.0,,,,,,,,,,,,,,,,0.16668083793979996,0.30711866373688296,candidate,6.0,0.0,0.10841734452637336,0.051862619617843095,6.0
,,,,,,,,,,,,,,,,,,,,,6.0,0292,stage1_1005_best,6,3.8145543412127663,0.07648588329022467,4.252114868295115,0.4375,0.5738636363636364,0.7260152991782053,0.3508486884967425,1.6283368322140925,0.23998399166413867,0.824961984600824,0.6369923504108974,6.0,2.0114264400062942,0.7992307923173686,1.8620331503048102,0.4,0.7717675031102817,4.8908651160331384,0.8838304471331939,0.31694429590875267,,,,,base,0.0,0.0,,,,,,,,,,,,,,,,0.16668083793979996,0.30711866373688296,selected,6.0,0.0,0.10841734452637336,0.051862619617843095,6.0
,,,,,,,,,,,,,,,,,,,,,6.0,0292,stage1_1005_best,6,3.82878212271116,0.07644920525298785,4.286193675187868,0.4322916666666667,0.5625,0.7254467324714846,0.34892480727801434,1.6301914019956054,0.24070803388167974,0.8223170861556711,0.6372766337642578,6.0,1.5752234747120881,0.636952207644646,2.285294240872722,0.4,0.562395474511394,3.6830820599988585,0.7112415458755328,0.5088173202941826,,,,,provisional,0.0,0.0,,,,,,,,,,,,,,,,0.16665147722512363,0.30655399786799736,candidate,6.0,0.0,0.09890482820846254,0.07482378178073613,6.0
,,,,,,,,,,,,,,,,,,,,,6.0,0292,stage1_1005_best,6,3.82878212271116,0.07644920525298785,4.286193675187868,0.4322916666666667,0.5625,0.7254467324714846,0.34892480727801434,1.6301914019956054,0.24070803388167974,0.8223170861556711,0.6372766337642578,6.0,1.5752234747120881,0.636952207644646,2.285294240872722,0.4,0.562395474511394,3.6830820599988585,0.7112415458755328,0.5088173202941826,,,,,provisional,0.0,0.0,,,,,,,,,,,,,,,,0.16665147722512363,0.30655399786799736,selected,6.0,0.0,0.09890482820846254,0.07482378178073613,6.0
,,,,,,,,,,,,,,,,,,,,,6.0,0292,stage1_1005_best,6,3.8233910604312484,0.07651707342605205,4.281506051951611,0.4322916666666667,0.5625,0.7253419960128222,0.3491940332769975,1.6300485334746917,0.24062846379023936,0.822286074465664,0.6373290019935888,6.0,1.6331632198911712,0.6235358694750898,2.323410697331391,0.4,0.5565141737495587,3.646001724532507,0.7070163182961293,0.5088059817352015,,,,,final,0.0,0.0,,,,,,,,,,,,,,,,0.16666654014647989,0.30645760428857394,candidate,6.0,0.0,0.09795962784691468,0.07713129654147886,6.0
0.16032652518638,4.243365338278114,0.3463110253664539,0.20238686835114242,3.906124866033387,0.3914363478308684,0.1390784183414158,3.6587252719880086,0.5044398997577922,0.12812774516081585,3.996965316640083,0.46363443629694406,0.15852168234476763,4.491634595409005,0.3450372862643181,0.027576712572521204,0.02579572031240222,0.2180319649795326,0.02688278669013246,0.025031886183220952,0.21969181413165584,6.0,0292,stage1_1005_best,6,3.8233910604312484,0.07651707342605205,4.281506051951611,0.4322916666666667,0.5625,0.7253419960128222,0.3491940332769975,1.6300485334746917,0.24062846379023936,0.822286074465664,0.6373290019935888,6.0,1.6331632198911712,0.6235358694750898,2.323410697331391,0.4,0.5565141737495587,3.646001724532507,0.7070163182961293,0.5088059817352015,0.20353499054908752,0.2146568437741652,2.5750686373502396,4.156859179856734,final,0.0,0.0,0.0004106953119477201,0.0023722972147646316,0.00941253948655761,3.735338393895643,0.14454316187253277,4.47766640730635,0.3390845705053662,1.2541072525280348,0.2864990234375,0.04086827444380934,0.26088867906740215,0.31543333573243,1.9701469880609555,0.3390845705053662,0.7577248849072445,0.16666654014647989,0.30645760428857394,selected,6.0,0.0,0.09795962784691468,0.07713129654147886,6.0
,,,,,,,,,,,,,,,,,,,,,6.0,0293,stage1_1005_best,6,2.9843986146830717,0.09287272367682123,3.353424524304423,0.4791666666666667,0.6676136363636364,0.5635996199915868,0.4337267255676643,1.6705965083460352,0.2449579657145248,0.8175384745547533,0.7182001900042067,6.0,2.3930003008381817,0.7670338462130636,1.996166709133523,0.42857142857142855,0.7809390651814777,4.716982752408479,0.8600721042982443,0.3322591183584298,,,,,base,0.0,0.0,,,,,,,,,,,,,,,,0.1735307316511545,0.2620273019779687,candidate,6.0,0.0,0.15071698874499326,0.07104915107416719,6.0
,,,,,,,,,,,,,,,,,,,,,6.0,0293,stage1_1005_best,6,2.9843986146830717,0.09287272367682123,3.353424524304423,0.4791666666666667,0.6676136363636364,0.5635996199915868,0.4337267255676643,1.6705965083460352,0.2449579657145248,0.8175384745547533,0.7182001900042067,6.0,2.3930003008381817,0.7670338462130636,1.996166709133523,0.42857142857142855,0.7809390651814777,4.716982752408479,0.8600721042982443,0.3322591183584298,,,,,base,0.0,0.0,,,,,,,,,,,,,,,,0.1735307316511545,0.2620273019779687,selected,6.0,0.0,0.15071698874499326,0.07104915107416719,6.0
,,,,,,,,,,,,,,,,,,,,,6.0,0293,stage1_1005_best,6,2.8785241733614675,0.09484929856378237,3.3085980396642403,0.484375,0.6931818181818182,0.548425923587968,0.43304076591398416,1.6513113857806676,0.23758310534232646,0.8217513269730391,0.725787038206016,6.0,1.904925967365265,0.5484940180456227,2.1714292016595858,0.42857142857142855,0.7020741672662842,3.5330162573611026,0.6974904144062212,0.4373178918210248,,,,,provisional,0.0,0.0,,,,,,,,,,,,,,,,0.17217030393805013,0.26211422741608786,candidate,6.0,0.0,0.13804100993490165,0.15191994962580202,6.0
,,,,,,,,,,,,,,,,,,,,,6.0,0293,stage1_1005_best,6,2.8785241733614675,0.09484929856378237,3.3085980396642403,0.484375,0.6931818181818182,0.548425923587968,0.43304076591398416,1.6513113857806676,0.23758310534232646,0.8217513269730391,0.725787038206016,6.0,1.904925967365265,0.5484940180456227,2.1714292016595858,0.42857142857142855,0.7020741672662842,3.5330162573611026,0.6974904144062212,0.4373178918210248,,,,,provisional,0.0,0.0,,,,,,,,,,,,,,,,0.17217030393805013,0.26211422741608786,selected,6.0,0.0,0.13804100993490165,0.15191994962580202,6.0
,,,,,,,,,,,,,,,,,,,,,6.0,0293,stage1_1005_best,6,2.8755053884934165,0.09487619892519622,3.305947121687784,0.484375,0.6875,0.5488685784952029,0.4334066456402287,1.6517620592872335,0.23773652817458313,0.8216011687264931,0.7255657107523986,6.0,1.9317797618288386,0.5490391735944297,2.1899239620037507,0.5714285714285714,0.700106284631358,3.5643495996612415,0.7014770656249262,0.43972399236972315,,,,,final,0.0,0.0,,,,,,,,,,,,,,,,0.17227917920196076,0.26208301656526806,candidate,6.0,0.0,0.13705727177143348,0.1505575845270388,6.0
0.14490006574134934,4.714455193951052,0.27962820876148403,0.14015381850529143,4.898295029628972,0.3545271623368665,0.08144140520028167,4.977756992267647,0.2984456480726386,0.12315073371569828,4.432485574507508,0.42233770055179476,0.14264132105230212,4.680424752789048,0.31511227471855724,0.03382036260697865,0.04371163199338781,0.22482363853236098,0.034348609818499826,0.044597529667711154,0.2276950253961922,6.0,0293,stage1_1005_best,6,2.8755053884934165,0.09487619892519622,3.305947121687784,0.484375,0.6875,0.5488685784952029,0.4334066456402287,1.6517620592872335,0.23773652817458313,0.8216011687264931,0.7255657107523986,6.0,1.9317797618288386,0.5490391735944297,2.1899239620037507,0.5714285714285714,0.700106284631358,3.5643495996612415,0.7014770656249262,0.43972399236972315,0.3112102448940277,0.14302100822498315,2.9404551735434867,4.052604084215282,final,0.0,0.0,0.00036960461770375197,0.0018394542895087459,0.016915850774617987,4.1235751410330685,0.12279588419236567,4.92525382647381,0.32732976107036216,1.2908098312106095,0.2554931640625,0.044253319934343366,0.2726206161699633,0.2942516577727257,1.9177605946887892,0.32732976107036216,0.7629484460140792,0.17227917920196076,0.26208301656526806,selected,6.0,0.0,0.13705727177143348,0.1505575845270388,6.0
,,,,,,,,,,,,,,,,,,,,,6.0,0294,stage1_1005_best,6,3.0297696253248634,0.09027983335449222,3.3594335733651723,0.4895833333333333,0.6761363636363636,0.5626850117061367,0.4345822977252658,1.6569213794274251,0.24245520238852225,0.8225216116363409,0.7186574941469316,6.0,2.743613471938603,0.7542654178957913,2.1196908990975483,0.42857142857142855,0.7559578129798763,4.577515428438717,0.8459328373916895,0.371944262518618,,,,,base,0.0,0.0,,,,,,,,,,,,,,,,0.1733522638311302,0.2627581243906737,candidate,6.0,0.0,0.18361823743370634,0.07672848013788305,6.0
,,,,,,,,,,,,,,,,,,,,,6.0,0294,stage1_1005_best,6,3.0297696253248634,0.09027983335449222,3.3594335733651723,0.4895833333333333,0.6761363636363636,0.5626850117061367,0.4345822977252658,1.6569213794274251,0.24245520238852225,0.8225216116363409,0.7186574941469316,6.0,2.743613471938603,0.7542654178957913,2.1196908990975483,0.42857142857142855,0.7559578129798763,4.577515428438717,0.8459328373916895,0.371944262518618,,,,,base,0.0,0.0,,,,,,,,,,,,,,,,0.1733522638311302,0.2627581243906737,selected,6.0,0.0,0.18361823743370634,0.07672848013788305,6.0
,,,,,,,,,,,,,,,,,,,,,6.0,0294,stage1_1005_best,6,2.956981932928171,0.09096028301409408,3.33804471655944,0.484375,0.6875,0.5586708239617484,0.43555441282619284,1.6470187536196308,0.23899713646872187,0.8233510516982748,0.7206645880191258,6.0,2.351262085911754,0.47154115290352056,2.6391420261173892,0.5714285714285714,0.5577216508120603,3.2085315164410333,0.6427570788785363,0.5240995269460725,,,,,provisional,0.0,0.0,,,,,,,,,,,,,,,,0.17368082258612016,0.26307349908902417,candidate,6.0,0.0,0.15117008930802212,0.16267161303644492,6.0
,,,,,,,,,,,,,,,,,,,,,6.0,0294,stage1_1005_best,6,2.956981932928171,0.09096028301409408,3.33804471655944,0.484375,0.6875,0.5586708239617484,0.43555441282619284,1.6470187536196308,0.23899713646872187,0.8233510516982748,0.7206645880191258,6.0,2.351262085911754,0.47154115290352056,2.6391420261173892,0.5714285714285714,0.5577216508120603,3.2085315164410333,0.6427570788785363,0.5240995269460725,,,,,provisional,0.0,0.0,,,,,,,,,,,,,,,,0.17368082258612016,0.26307349908902417,selected,6.0,0.0,0.15117008930802212,0.16267161303644492,6.0
,,,,,,,,,,,,,,,,,,,,,6.0,0294,stage1_1005_best,6,2.9539544597062632,0.09107964267526894,3.3356630093056863,0.484375,0.6875,0.5587155630925317,0.43578543037554945,1.6473836275485632,0.23910800752683734,0.8232411210621687,0.7206422184537341,6.0,2.367305502917673,0.4752536807114723,2.6377008861603617,0.5714285714285714,0.5590035780817261,3.223281814273972,0.6454061480678369,0.5206973217949028,,,,,final,0.0,0.0,,,,,,,,,,,,,,,,0.17372777010813853,0.26308753711621924,candidate,6.0,0.0,0.151012598289084,0.16175808963050517,6.0
0.1523595815636482,4.771024911420148,0.3074322379236754,0.1735506465680279,4.49222656434201,0.36198701751685036,0.08698315390346728,4.723144910142912,0.28539974845111143,0.15133950977710198,4.169296342299924,0.49983657951417404,0.1523156334766335,5.23816345565688,0.22035743635175586,0.040437327035232264,0.03398613899190802,0.29257102907573934,0.04109169661431244,0.03368023284889201,0.29497012521632254,6.0,0294,stage1_1005_best,6,2.9539544597062632,0.09107964267526894,3.3356630093056863,0.484375,0.6875,0.5587155630925317,0.43578543037554945,1.6473836275485632,0.23910800752683734,0.8232411210621687,0.7206422184537341,6.0,2.367305502917673,0.4752536807114723,2.6377008861603617,0.5714285714285714,0.5590035780817261,3.223281814273972,0.6454061480678369,0.5206973217949028,0.2526499629020691,0.17302792362898392,2.6644964186432927,4.43005608575731,final,0.0,0.0,0.00019986501376988456,0.0017120347912573664,0.010659273198588786,4.0615054087284115,0.13486632359181777,4.808144166048037,0.34906036536997553,1.2699212035559255,0.2584228515625,0.04199783360385904,0.26700118991717287,0.3029067924977224,1.992195441702369,0.34906036536997553,0.7503941565998944,0.17372777010813853,0.26308753711621924,selected,6.0,0.0,0.151012598289084,0.16175808963050517,6.0
,,,,,,,,,,,,,,,,,,,,,6.0,0295,stage1_1005_best,6,3.266074129740268,0.09105471974799073,3.6321990327268967,0.4635416666666667,0.6647727272727273,0.5857416758419333,0.40560153678532357,1.7009238170396437,0.2524033353425759,0.8130187156384836,0.7071291620790333,6.0,1.4465418807376953,0.759957029269078,1.7948829634308239,0.42857142857142855,0.7751361426691,4.720361482875821,0.8592579391885123,0.3304742608593655,,,,,base,0.0,0.0,,,,,,,,,,,,,,,,0.1765120408413474,0.26291427381864757,candidate,6.0,0.0,0.18191024899286556,0.11332807480210834,6.0
,,,,,,,,,,,,,,,,,,,,,6.0,0295,stage1_1005_best,6,3.266074129740268,0.09105471974799073,3.6321990327268967,0.4635416666666667,0.6647727272727273,0.5857416758419333,0.40560153678532357,1.7009238170396437,0.2524033353425759,0.8130187156384836,0.7071291620790333,6.0,1.4465418807376953,0.759957029269078,1.7948829634308239,0.42857142857142855,0.7751361426691,4.720361482875821,0.8592579391885123,0.3304742608593655,,,,,base,0.0,0.0,,,,,,,,,,,,,,,,0.1765120408413474,0.26291427381864757,selected,6.0,0.0,0.18191024899286556,0.11332807480210834,6.0
,,,,,,,,,,,,,,,,,,,,,6.0,0295,stage1_1005_best,6,3.1400349868896886,0.09120952660709841,3.5401243502857773,0.4583333333333333,0.6761363636363636,0.5598801084692653,0.40760000798722285,1.6719266399645651,0.24214761830988968,0.818848086097765,0.7200599457653674,6.0,1.8545603384207672,0.5593091658327943,2.2834165541610836,0.5714285714285714,0.6378129969393618,3.1636216970146243,0.6352063756353481,0.4951448364858474,,,,,provisional,0.0,0.0,,,,,,,,,,,,,,,,0.17427338509428555,0.2620320908234825,candidate,6.0,0.0,0.1478126703517972,0.18983928520061047,6.0
,,,,,,,,,,,,,,,,,,,,,6.0,0295,stage1_1005_best,6,3.1400349868896886,0.09120952660709841,3.5401243502857773,0.4583333333333333,0.6761363636363636,0.5598801084692653,0.40760000798722285,1.6719266399645651,0.24214761830988968,0.818848086097765,0.7200599457653674,6.0,1.8545603384207672,0.5593091658327943,2.2834165541610836,0.5714285714285714,0.6378129969393618,3.1636216970146243,0.6352063756353481,0.4951448364858474,,,,,provisional,0.0,0.0,,,,,,,,,,,,,,,,0.17427338509428555,0.2620320908234825,selected,6.0,0.0,0.1478126703517972,0.18983928520061047,6.0
,,,,,,,,,,,,,,,,,,,,,6.0,0295,stage1_1005_best,6,3.1409129132783664,0.09141783279757472,3.543124291422583,0.4635416666666667,0.6789772727272727,0.5613539246274285,0.40783724569310653,1.6743945881582223,0.24300511521608728,0.8180072238990306,0.7193230376862858,6.0,1.871763650210371,0.5589859485956878,2.2983857406028223,0.5714285714285714,0.6352164221201393,3.1748787911341445,0.6370449636717787,0.49506305844774745,,,,,final,0.0,0.0,,,,,,,,,,,,,,,,0.1744258214238794,0.26221052460356714,candidate,6.0,0.0,0.14708432580988345,0.18985466598038703,6.0
0.14709995811119192,4.449220472595168,0.3724274563301949,0.1587271831487206,4.544245312753184,0.32950393789383425,0.10528571154186904,3.010043022012343,0.6409858629609201,0.17192760565034032,4.492379994995451,0.3702319592711989,0.1528491190952059,4.38451675074375,0.34337228730681524,0.0477494048943782,0.05681598286067491,0.2860543258171571,0.04909384882416354,0.0606258434920083,0.29124943174729595,6.0,0295,stage1_1005_best,6,3.1409129132783664,0.09141783279757472,3.543124291422583,0.4635416666666667,0.6789772727272727,0.5613539246274285,0.40783724569310653,1.6743945881582223,0.24300511521608728,0.8180072238990306,0.7193230376862858,6.0,1.871763650210371,0.5589859485956878,2.2983857406028223,0.5714285714285714,0.6352164221201393,3.1748787911341445,0.6370449636717787,0.49506305844774745,0.27651548385620117,0.16742313929605818,2.649478274208778,4.244544132633897,final,0.0,0.0,0.0005416654076070861,0.004804166821647489,0.015667418951093106,3.9160319596272664,0.15097153594239915,4.642118103194687,0.3802344672323796,1.2170931990426626,0.314208984375,0.042387267777416526,0.25463040916935237,0.3302206667095263,2.093860434741769,0.3802344672323796,0.7245324494427163,0.1744258214238794,0.26221052460356714,selected,6.0,0.0,0.14708432580988345,0.18985466598038703,6.0
,,,,,,,,,,,,,,,,,,,,,6.0,0296,stage1_1005_best,6,2.9484003282884776,0.09176246671399617,3.35852579724326,0.4739583333333333,0.6846590909090909,0.5579591185999919,0.42733413855851005,1.6485593356531953,0.2383079610098336,0.8252520427960507,0.721020440700004,6.0,2.514360819335797,0.6953767627217932,2.241886679417666,0.2857142857142857,0.7181332694511151,4.403783837362613,0.817170013077984,0.38206348431883436,,,,,base,0.0,0.0,,,,,,,,,,,,,,,,0.17263245688841086,0.2617425563727798,candidate,6.0,0.0,0.2119434148591095,0.1167324825109656,6.0
,,,,,,,,,,,,,,,,,,,,,6.0,0296,stage1_1005_best,6,2.9484003282884776,0.09176246671399617,3.35852579724326,0.4739583333333333,0.6846590909090909,0.5579591185999919,0.42733413855851005,1.6485593356531953,0.2383079610098336,0.8252520427960507,0.721020440700004,6.0,2.514360819335797,0.6953767627217932,2.241886679417666,0.2857142857142857,0.7181332694511151,4.403783837362613,0.817170013077984,0.38206348431883436,,,,,base,0.0,0.0,,,,,,,,,,,,,,,,0.17263245688841086,0.2617425563727798,selected,6.0,0.0,0.2119434148591095,0.1167324825109656,6.0
,,,,,,,,,,,,,,,,,,,,,6.0,0296,stage1_1005_best,6,2.8983081317003037,0.09203071511565732,3.3258071244112988,0.4791666666666667,0.7017045454545454,0.5428548970764451,0.4256349600990727,1.6207091617783256,0.22874481572247723,0.8328028759597622,0.7285725514617774,6.0,2.3962652760298995,0.4888780579721557,2.8565211801429147,0.42857142857142855,0.5144152386595673,3.2130952419891403,0.6469415782836122,0.5246210106195718,,,,,provisional,0.0,0.0,,,,,,,,,,,,,,,,0.17189012628582334,0.26085750672001284,candidate,6.0,0.0,0.1868274986075516,0.1958535280427972,6.0
,,,,,,,,,,,,,,,,,,,,,6.0,0296,stage1_1005_best,6,2.8983081317003037,0.09203071511565732,3.3258071244112988,0.4791666666666667,0.7017045454545454,0.5428548970764451,0.4256349600990727,1.6207091617783256,0.22874481572247723,0.8328028759597622,0.7285725514617774,6.0,2.3962652760298995,0.4888780579721557,2.8565211801429147,0.42857142857142855,0.5144152386595673,3.2130952419891403,0.6469415782836122,0.5246210106195718,,,,,provisional,0.0,0.0,,,,,,,,,,,,,,,,0.17189012628582334,0.26085750672001284,selected,6.0,0.0,0.1868274986075516,0.1958535280427972,6.0
,,,,,,,,,,,,,,,,,,,,,6.0,0296,stage1_1005_best,6,2.897418521519648,0.09214537326102065,3.326575328154419,0.4739583333333333,0.6931818181818182,0.5437130713270361,0.425824846957609,1.6220616257247047,0.22923383120544014,0.83234784413245,0.7281434643364819,6.0,2.4019909445008327,0.49235522853790104,2.8543223569365392,0.42857142857142855,0.5173533192394912,3.2367018711002333,0.6511833905929939,0.518202873946019,,,,,final,0.0,0.0,,,,,,,,,,,,,,,,0.17202596405303652,0.26090221874688224,candidate,6.0,0.0,0.18683269325000482,0.19505448482077098,6.0
0.16699909953752112,4.484407481287268,0.2677378608377708,0.17292221737049915,4.712134842886291,0.27699276629061653,0.10287062282973564,4.244800221596888,0.38671503480817226,0.20209436075347773,4.489727559137937,0.3055168893447179,0.171564403740272,4.734847787634931,0.2664043968362133,0.03920233727360605,0.04677453042239351,0.30873563238713403,0.04072723775471004,0.048580000053811224,0.30949125234205815,6.0,0296,stage1_1005_best,6,2.897418521519648,0.09214537326102065,3.326575328154419,0.4739583333333333,0.6931818181818182,0.5437130713270361,0.425824846957609,1.6220616257247047,0.22923383120544014,0.83234784413245,0.7281434643364819,6.0,2.4019909445008327,0.49235522853790104,2.8543223569365392,0.42857142857142855,0.5173533192394912,3.2367018711002333,0.6511833905929939,0.518202873946019,0.2982921004295349,0.17946931235699878,2.5698905245617416,4.732030935268779,final,0.0,0.0,0.00020514728287153967,0.002902200289016214,0.011392262047192967,3.9105639950797,0.17228611696138982,4.720095051003419,0.3900585058936749,1.2123366668710298,0.236328125,0.040351743557813055,0.25018773080275875,0.3287899305910161,2.113936766148634,0.3900585058936749,0.7171945587713271,0.17202596405303652,0.26090221874688224,selected,6.0,0.0,0.18683269325000482,0.19505448482077098,6.0
,,,,,,,,,,,,,,,,,,,,,6.0,0297,stage1_1005_best,6,3.2019269617599906,0.08923621741930955,3.520821248657817,0.4583333333333333,0.6761363636363636,0.5613614353760578,0.4100073291033002,1.661948838074647,0.24095148075527653,0.8254379038555214,0.7193192823119712,6.0,2.688236720159542,0.7955300508063623,1.7492897017462063,0.42857142857142855,0.8278677842312818,4.881771651215254,0.883951381408907,0.3268214608935193,,,,,base,0.0,0.0,,,,,,,,,,,,,,,,0.17159439278500463,0.26107840702513035,candidate,6.0,0.0,0.17808507011139366,0.06188545805568871,6.0
,,,,,,,,,,,,,,,,,,,,,6.0,0297,stage1_1005_best,6,3.2019269617599906,0.08923621741930955,3.520821248657817,0.4583333333333333,0.6761363636363636,0.5613614353760578,0.4100073291033002,1.661948838074647,0.24095148075527653,0.8254379038555214,0.7193192823119712,6.0,2.688236720159542,0.7955300508063623,1.7492897017462063,0.42857142857142855,0.8278677842312818,4.881771651215254,0.883951381408907,0.3268214608935193,,,,,base,0.0,0.0,,,,,,,,,,,,,,,,0.17159439278500463,0.26107840702513035,selected,6.0,0.0,0.17808507011139366,0.06188545805568871,6.0
,,,,,,,,,,,,,,,,,,,,,6.0,0297,stage1_1005_best,6,3.1352084013420924,0.08773804023044371,3.4908037888135817,0.4791666666666667,0.6761363636363636,0.5528602348464804,0.40975965834901545,1.6429912857726656,0.23416015530168593,0.8299486794872853,0.7235698825767597,6.0,2.2243684517707454,0.5733479360060377,2.3929891690410674,0.42857142857142855,0.6355531245443311,3.3231666474975023,0.6629412566745216,0.5058787325347792,,,,,provisional,0.0,0.0,,,,,,,,,,,,,,,,0.1710459464264003,0.2614442779014139,candidate,6.0,0.0,0.15706165311618683,0.12124849165878286,6.0
,,,,,,,,,,,,,,,,,,,,,6.0,0297,stage1_1005_best,6,3.1352084013420924,0.08773804023044371,3.4908037888135817,0.4791666666666667,0.6761363636363636,0.5528602348464804,0.40975965834901545,1.6429912857726656,0.23416015530168593,0.8299486794872853,0.7235698825767597,6.0,2.2243684517707454,0.5733479360060377,2.3929891690410674,0.42857142857142855,0.6355531245443311,3.3231666474975023,0.6629412566745216,0.5058787325347792,,,,,provisional,0.0,0.0,,,,,,,,,,,,,,,,0.1710459464264003,0.2614442779014139,selected,6.0,0.0,0.15706165311618683,0.12124849165878286,6.0
,,,,,,,,,,,,,,,,,,,,,6.0,0297,stage1_1005_best,6,3.134670003292921,0.08769825220175703,3.4888141683205234,0.4791666666666667,0.6761363636363636,0.5529962161288823,0.41003004887252287,1.6428997681482358,0.23419094740295832,0.8299615070105996,0.7235018919355588,6.0,2.2369642775787306,0.5718561116946038,2.4077455645751438,0.42857142857142855,0.6351567781183688,3.395161715694546,0.6738945783946705,0.5045497235925539,,,,,final,0.0,0.0,,,,,,,,,,,,,,,,0.17104409392723466,0.2613437923106521,candidate,6.0,0.0,0.15583086194282011,0.12239593000626847,6.0
0.12866768600444412,5.010122739029494,0.2756659341793951,0.10004279945670191,5.464120043357466,0.2383385880735432,0.08292343017315325,5.1540445041892164,0.2502395377448065,0.12340616235166227,3.933776672804964,0.5358082751031255,0.11799830588436006,5.428550360729717,0.24050641961861358,0.041455294044127476,0.039962185903936236,0.3177921719292666,0.03797238486526371,0.03995659267211619,0.32472674520700323,6.0,0297,stage1_1005_best,6,3.134670003292921,0.08769825220175703,3.4888141683205234,0.4791666666666667,0.6761363636363636,0.5529962161288823,0.41003004887252287,1.6428997681482358,0.23419094740295832,0.8299615070105996,0.7235018919355588,6.0,2.2369642775787306,0.5718561116946038,2.4077455645751438,0.42857142857142855,0.6351567781183688,3.395161715694546,0.6738945783946705,0.5045497235925539,0.29751163721084595,0.1037090202060446,2.978432002727901,5.087345623862512,final,0.0,0.0,0.0012141031898635641,0.001773847842471632,0.023923493071926472,4.031991573400705,0.11811672665664158,4.858708358644017,0.3065402203153146,1.303966174749404,0.2537841796875,0.041547445517937785,0.2748482640294059,0.2933934233033576,1.8607733005209008,0.3065402203153146,0.7787561118898438,0.17104409392723466,0.2613437923106521,selected,6.0,0.0,0.15583086194282011,0.12239593000626847,6.0
,,,,,,,,,,,,,,,,,,,,,6.0,0298,stage1_1005_best,6,3.415248949682638,0.07681263659105148,3.879034611762563,0.4635416666666667,0.5965909090909091,0.7078894707688632,0.3761131052016978,1.576108117631495,0.22443550475300975,0.8413898697658798,0.6460552646155684,6.0,2.234055812070801,0.7165727906435184,2.094307418041521,0.42857142857142855,0.7329511236564213,4.520008450124189,0.8383739653519859,0.39603605570093325,,,,,base,0.0,0.0,,,,,,,,,,,,,,,,0.16638359244536205,0.3051579098357053,candidate,6.0,0.0,0.1815731454768181,0.09506015547328124,6.0
,,,,,,,,,,,,,,,,,,,,,6.0,0298,stage1_1005_best,6,3.415248949682638,0.07681263659105148,3.879034611762563,0.4635416666666667,0.5965909090909091,0.7078894707688632,0.3761131052016978,1.576108117631495,0.22443550475300975,0.8413898697658798,0.6460552646155684,6.0,2.234055812070801,0.7165727906435184,2.094307418041521,0.42857142857142855,0.7329511236564213,4.520008450124189,0.8383739653519859,0.39603605570093325,,,,,base,0.0,0.0,,,,,,,,,,,,,,,,0.16638359244536205,0.3051579098357053,selected,6.0,0.0,0.1815731454768181,0.09506015547328124,6.0
,,,,,,,,,,,,,,,,,,,,,6.0,0298,stage1_1005_best,6,3.338515691839575,0.07447905321678903,3.8065543171760607,0.484375,0.6051136363636364,0.7062186446819627,0.3802471977642097,1.5494140384328923,0.21696908408286497,0.8478333645244843,0.6468906776590186,6.0,2.263705783611503,0.4717686433067797,2.613906998575792,0.5714285714285714,0.5644925497602467,3.320815245937967,0.6623441428169952,0.5116303325626793,,,,,provisional,0.0,0.0,,,,,,,,,,,,,,,,0.16754961510745692,0.30435372224480745,candidate,6.0,0.0,0.15825246034890972,0.16047332714913098,6.0
,,,,,,,,,,,,,,,,,,,,,6.0,0298,stage1_1005_best,6,3.338515691839575,0.07447905321678903,3.8065543171760607,0.484375,0.6051136363636364,0.7062186446819627,0.3802471977642097,1.5494140384328923,0.21696908408286497,0.8478333645244843,0.6468906776590186,6.0,2.263705783611503,0.4717686433067797,2.613906998575792,0.5714285714285714,0.5644925497602467,3.320815245937967,0.6623441428169952,0.5116303325626793,,,,,provisional,0.0,0.0,,,,,,,,,,,,,,,,0.16754961510745692,0.30435372224480745,selected,6.0,0.0,0.15825246034890972,0.16047332714913098,6.0
,,,,,,,,,,,,,,,,,,,,,6.0,0298,stage1_1005_best,6,3.3385088320565446,0.07445273202051421,3.8057351343573065,0.484375,0.6051136363636364,0.7061557393857085,0.38034490131014953,1.5495386283285129,0.21697991330753122,0.8478526453624454,0.6469221303071457,6.0,2.284174255009214,0.47139272765219814,2.6374600853837284,0.5714285714285714,0.5590249881587456,3.3126963307139823,0.6619339472690859,0.5115134584484726,,,,,final,0.0,0.0,,,,,,,,,,,,,,,,0.1675317011649692,0.30435837491291884,candidate,6.0,0.0,0.15795322509918383,0.16132409720526875,6.0
0.15210566431955766,4.560127395724251,0.2946865482029056,0.14001391824775827,5.009820752017996,0.2657546086210877,0.07525054479538565,3.665409001419061,0.5412508830607272,0.15918102339348658,4.478329841266272,0.3875964562774797,0.15791144229503737,4.841091991067655,0.2651214854036063,0.04794743658940146,0.03985490519767145,0.3793383945817885,0.04799079782136117,0.03992537710365374,0.37623710460349774,6.0,0298,stage1_1005_best,6,3.3385088320565446,0.07445273202051421,3.8057351343573065,0.484375,0.6051136363636364,0.7061557393857085,0.38034490131014953,1.5495386283285129,0.21697991330753122,0.8478526453624454,0.6469221303071457,6.0,2.284174255009214,0.47139272765219814,2.6374600853837284,0.5714285714285714,0.5590249881587456,3.3126963307139823,0.6619339472690859,0.5115134584484726,0.2823936939239502,0.14673257361508865,2.6168508153530863,5.197493406180214,final,0.0,0.0,0.00015687851214129953,0.0011350776454319598,0.01488566055170404,4.1702814963943515,0.14706724996029832,4.928308954716828,0.3834231658147889,1.2325036008487587,0.222900390625,0.04204236956171138,0.259081172275911,0.3130925021724253,2.0883069551695055,0.3834231658147889,0.7238602538377922,0.1675317011649692,0.30435837491291884,selected,6.0,0.0,0.15795322509918383,0.16132409720526875,6.0
,,,,,,,,,,,,,,,,,,,,,6.0,0299,stage1_1005_best,6,3.3859359210167397,0.07581370461788005,3.7644785035635158,0.4895833333333333,0.6079545454545454,0.7092612882156311,0.38702566246383485,1.5661590252974005,0.22167535917495756,0.8467248749816676,0.6453693558921846,6.0,2.8123070566595096,0.7025222768209317,2.1582511997119913,0.2857142857142857,0.746095236208622,4.517014616695001,0.837872274462186,0.35945579250956666,,,,,base,0.0,0.0,,,,,,,,,,,,,,,,0.1673249436562058,0.30685718662254086,candidate,6.0,0.0,0.16985804494354123,0.07963027163629957,6.0
,,,,,,,,,,,,,,,,,,,,,6.0,0299,stage1_1005_best,6,3.3859359210167397,0.07581370461788005,3.7644785035635158,0.4895833333333333,0.6079545454545454,0.7092612882156311,0.38702566246383485,1.5661590252974005,0.22167535917495756,0.8467248749816676,0.6453693558921846,6.0,2.8123070566595096,0.7025222768209317,2.1582511997119913,0.2857142857142857,0.746095236208622,4.517014616695001,0.837872274462186,0.35945579250956666,,,,,base,0.0,0.0,,,,,,,,,,,,,,,,0.1673249436562058,0.30685718662254086,selected,6.0,0.0,0.16985804494354123,0.07963027163629957,6.0
,,,,,,,,,,,,,,,,,,,,,6.0,0299,stage1_1005_best,6,3.303332875576589,0.07511869790167068,3.7160825601642435,0.4895833333333333,0.6136363636363636,0.7038102826877201,0.38897394088712817,1.551502624084737,0.21689921905194956,0.8500405119285178,0.6480948586561399,6.0,2.613488383255383,0.49666309214211773,2.9101535113289705,0.2857142857142857,0.5205539627660356,3.2656685093070075,0.6530321316986059,0.5515519448181656,,,,,provisional,0.0,0.0,,,,,,,,,,,,,,,,0.16687062959923388,0.3066733774740313,candidate,6.0,0.0,0.146243845305362,0.1463588808599544,6.0
,,,,,,,,,,,,,,,,,,,,,6.0,0299,stage1_1005_best,6,3.303332875576589,0.07511869790167068,3.7160825601642435,0.4895833333333333,0.6136363636363636,0.7038102826877201,0.38897394088712817,1.551502624084737,0.21689921905194956,0.8500405119285178,0.6480948586561399,6.0,2.613488383255383,0.49666309214211773,2.9101535113289705,0.2857142857142857,0.5205539627660356,3.2656685093070075,0.6530321316986059,0.5515519448181656,,,,,provisional,0.0,0.0,,,,,,,,,,,,,,,,0.16687062959923388,0.3066733774740313,selected,6.0,0.0,0.146243845305362,0.1463588808599544,6.0
,,,,,,,,,,,,,,,,,,,,,6.0,0299,stage1_1005_best,6,3.30256298113253,0.07511203699490498,3.7147627941773296,0.4895833333333333,0.6136363636363636,0.7038420401755862,0.3890854571930052,1.5513035024983042,0.2168538349442808,0.8501248684479291,0.6480789799122069,6.0,2.6146813463216807,0.5015346904782819,2.902285024377589,0.2857142857142857,0.5233658594627104,3.2935707481814873,0.657737126432801,0.5483987826961065,,,,,final,0.0,0.0,,,,,,,,,,,,,,,,0.16689549618826863,0.306690899155672,candidate,6.0,0.0,0.14659651252619513,0.14515518963417753,6.0
0.14151848726960145,4.990437900980435,0.2719227152385006,0.12026620044544314,4.949984029916204,0.24850949852465506,0.08695505887739413,4.644822887246596,0.36887466721958695,0.10962234935994918,4.464684492496617,0.4580897758974105,0.14281147725162932,5.180061688350495,0.24961671424127738,0.030914267495741266,0.0361423109933699,0.32653683779720977,0.03193995275729913,0.03694131860765734,0.32967869502438996,6.0,0299,stage1_1005_best,6,3.30256298113253,0.07511203699490498,3.7147627941773296,0.4895833333333333,0.6136363636363636,0.7038420401755862,0.3890854571930052,1.5513035024983042,0.2168538349442808,0.8501248684479291,0.6480789799122069,6.0,2.6146813463216807,0.5015346904782819,2.902285024377589,0.2857142857142857,0.5233658594627104,3.2935707481814873,0.657737126432801,0.5483987826961065,0.30587467551231384,0.14022757422808443,2.797716470626566,5.056979127209832,final,0.0,0.0,0.0001335208839671312,0.0010156693259052501,0.011006842289013016,4.199776938305213,0.12834617386826205,4.973657992908501,0.3477352127832688,1.2741736855398687,0.2479248046875,0.04454314630413142,0.26905047968779366,0.29813168337368323,1.9720774401668022,0.3477352127832688,0.7463752391581513,0.16689549618826863,0.306690899155672,selected,6.0,0.0,0.14659651252619513,0.14515518963417753,6.0
,,,,,,,,,,,,,,,,,,,,,6.0,0300,stage1_1005_best,6,3.447186106200164,0.07623131599596382,3.882047406426162,0.4739583333333333,0.6022727272727273,0.7100574640415988,0.37636016118716814,1.5754205113369923,0.22406181806482403,0.8428246577635733,0.6449712679792007,6.0,2.5122599943726627,0.7248413070491555,2.2099291705194957,0.42857142857142855,0.7110101981736094,4.383591997853197,0.8170666812667894,0.41440713201567686,,,,,base,0.0,0.0,,,,,,,,,,,,,,,,0.16667896899560353,0.3062610660467598,candidate,6.0,0.0,0.2026724752950352,0.0991717761576838,6.0
,,,,,,,,,,,,,,,,,,,,,6.0,0300,stage1_1005_best,6,3.447186106200164,0.07623131599596382,3.882047406426162,0.4739583333333333,0.6022727272727273,0.7100574640415988,0.37636016118716814,1.5754205113369923,0.22406181806482403,0.8428246577635733,0.6449712679792007,6.0,2.5122599943726627,0.7248413070491555,2.2099291705194957,0.42857142857142855,0.7110101981736094,4.383591997853197,0.8170666812667894,0.41440713201567686,,,,,base,0.0,0.0,,,,,,,,,,,,,,,,0.16667896899560353,0.3062610660467598,selected,6.0,0.0,0.2026724752950352,0.0991717761576838,6.0
,,,,,,,,,,,,,,,,,,,,,6.0,0300,stage1_1005_best,6,3.4556807932800186,0.07509918641575623,3.9383077240185322,0.4739583333333333,0.6022727272727273,0.7090073300228079,0.3712644158162942,1.569148108747927,0.22296884998827865,0.8421474529054839,0.645496334988596,6.0,2.4944808342844786,0.492551341465857,2.8580176681894356,0.42857142857142855,0.5339841970565662,3.5204148344084367,0.6934363550484496,0.48401216245920653,,,,,provisional,0.0,0.0,,,,,,,,,,,,,,,,0.1673719957870599,0.3036096630053621,candidate,6.0,0.0,0.17257308440379404,0.16792095711668573,6.0
,,,,,,,,,,,,,,,,,,,,,6.0,0300,stage1_1005_best,6,3.4556807932800186,0.07509918641575623,3.9383077240185322,0.4739583333333333,0.6022727272727273,0.7090073300228079,0.3712644158162942,1.569148108747927,0.22296884998827865,0.8421474529054839,0.645496334988596,6.0,2.4944808342844786,0.492551341465857,2.8580176681894356,0.42857142857142855,0.5339841970565662,3.5204148344084367,0.6934363550484496,0.48401216245920653,,,,,provisional,0.0,0.0,,,,,,,,,,,,,,,,0.1673719957870599,0.3036096630053621,selected,6.0,0.0,0.17257308440379404,0.16792095711668573,6.0
,,,,,,,,,,,,,,,,,,,,,6.0,0300,stage1_1005_best,6,3.4524078472809396,0.07509013330624853,3.9297652922612007,0.4739583333333333,0.6022727272727273,0.7093498280822277,0.37201178022632403,1.5687993341313773,0.22281181893593288,0.8425518334935039,0.645325085958886,6.0,2.5293477554386934,0.4971698930501202,2.856163856485875,0.42857142857142855,0.5394136826299024,3.5421545897971853,0.6969529445958101,0.48253761037991466,,,,,final,0.0,0.0,,,,,,,,,,,,,,,,0.16729646400975587,0.30384559843873393,candidate,6.0,0.0,0.17324426476916144,0.16592657887541562,6.0
0.15486241943645798,4.319134576232999,0.33021003679322514,0.1503528763487013,3.9873459947104593,0.41061844157689525,0.08507330358073742,3.983103833862973,0.475120016135758,0.12787648241986665,4.092262733667724,0.4473277933160036,0.15085044023503996,4.829907820640008,0.27911922727851807,0.03195109686952437,0.05328864295027664,0.27012797813602224,0.034122011286785874,0.05781948697662251,0.272096187949545,6.0,0300,stage1_1005_best,6,3.4524078472809396,0.07509013330624853,3.9297652922612007,0.4739583333333333,0.6022727272727273,0.7093498280822277,0.37201178022632403,1.5687993341313773,0.22281181893593288,0.8425518334935039,0.645325085958886,6.0,2.5293477554386934,0.4971698930501202,2.856163856485875,0.42857142857142855,0.5394136826299024,3.5421545897971853,0.6969529445958101,0.48253761037991466,0.2772834300994873,0.16703628334206405,2.502739046207815,3.9341117916873922,final,0.0,0.0,0.00032075589346167735,0.005232164248346024,0.01258219917540701,4.034999196645568,0.13857678528997247,4.815504895637934,0.3510649787039198,1.2604205672872004,0.24365234375,0.0442915004766204,0.2642881426917157,0.309187839804541,1.9995827652246554,0.3510649787039198,0.7447798756678685,0.16729646400975587,0.30384559843873393,selected,6.0,0.0,0.17324426476916144,0.16592657887541562,6.0
,,,,,,,,,,,,,,,,,,,,,6.0,0301,stage1_1005_best,6,3.4045192016935664,0.07704056415280762,3.8276060662555667,0.4791666666666667,0.6051136363636364,0.7097537047184121,0.38095215889766226,1.5751999629124267,0.22443861177491395,0.8437752145437637,0.645123147640794,6.0,2.6423494143750403,0.7860859111649113,2.036048132283937,0.5714285714285714,0.7737008844822368,4.60822716514919,0.8503831709801316,0.36824367508885597,,,,,base,0.0,0.0,,,,,,,,,,,,,,,,0.16668933630479826,0.30603048857990905,candidate,6.0,0.0,0.1891330301033389,0.08344292128332051,6.0
,,,,,,,,,,,,,,,,,,,,,6.0,0301,stage1_1005_best,6,3.4045192016935664,0.07704056415280762,3.8276060662555667,0.4791666666666667,0.6051136363636364,0.7097537047184121,0.38095215889766226,1.5751999629124267,0.22443861177491395,0.8437752145437637,0.645123147640794,6.0,2.6423494143750403,0.7860859111649113,2.036048132283937,0.5714285714285714,0.7737008844822368,4.60822716514919,0.8503831709801316,0.36824367508885597,,,,,base,0.0,0.0,,,,,,,,,,,,,,,,0.16668933630479826,0.30603048857990905,selected,6.0,0.0,0.1891330301033389,0.08344292128332051,6.0
,,,,,,,,,,,,,,,,,,,,,6.0,0301,stage1_1005_best,6,3.361902471730133,0.07478379758406231,3.890344892101948,0.4583333333333333,0.6164772727272727,0.69439608111263,0.3724379071282081,1.5493712940953142,0.21699572872735068,0.8441048738090385,0.6528019594436849,6.0,2.5254816756987304,0.5242262321910214,2.170021229098033,0.5714285714285714,0.6764507873764166,3.392817424246091,0.6673910798494613,0.49359539124173085,,,,,provisional,0.0,0.0,,,,,,,,,,,,,,,,0.16683107635595815,0.30343173944600554,candidate,6.0,0.0,0.1716483029419518,0.18334674939446408,6.0
,,,,,,,,,,,,,,,,,,,,,6.0,0301,stage1_1005_best,6,3.361902471730133,0.07478379758406231,3.890344892101948,0.4583333333333333,0.6164772727272727,0.69439608111263,0.3724379071282081,1.5493712940953142,0.21699572872735068,0.8441048738090385,0.6528019594436849,6.0,2.5254816756987304,0.5242262321910214,2.170021229098033,0.5714285714285714,0.6764507873764166,3.392817424246091,0.6673910798494613,0.49359539124173085,,,,,provisional,0.0,0.0,,,,,,,,,,,,,,,,0.16683107635595815,0.30343173944600554,selected,6.0,0.0,0.1716483029419518,0.18334674939446408,6.0
,,,,,,,,,,,,,,,,,,,,,6.0,0301,stage1_1005_best,6,3.362987912249777,0.07473541634202552,3.8926306226062435,0.4583333333333333,0.6164772727272727,0.6942475344113439,0.3722465592903814,1.5495030825035425,0.21704812681207244,0.8439900771709116,0.652876232794328,6.0,2.5166946019445113,0.5188202060951753,2.1891592723955897,0.5714285714285714,0.6671848152366715,3.362580940216642,0.6623064122762232,0.5029840926389342,,,,,final,0.0,0.0,,,,,,,,,,,,,,,,0.16683131107819824,0.30330858454504983,candidate,6.0,0.0,0.17044299314732533,0.18585188071642145,6.0
0.1769351338041546,4.411544175815051,0.3145758649594163,0.12962634854690153,4.430232593532027,0.34689702276013756,0.07484414073579856,3.79475027847682,0.5553433489556273,0.160785457081355,4.096554979832594,0.4637518126684687,0.15002618642935725,5.026103625996127,0.29174957070423146,0.05743393960047836,0.12186190151423866,0.2996952196956641,0.056150275143802886,0.12002171375211858,0.297624350761204,6.0,0301,stage1_1005_best,6,3.362987912249777,0.07473541634202552,3.8926306226062435,0.4583333333333333,0.6164772727272727,0.6942475344113439,0.3722465592903814,1.5495030825035425,0.21704812681207244,0.8439900771709116,0.652876232794328,6.0,2.5166946019445113,0.5188202060951753,2.1891592723955897,0.5714285714285714,0.6671848152366715,3.362580940216642,0.6623064122762232,0.5029840926389342,0.3020774722099304,0.1572297472971132,2.80775253786698,4.031516174858076,final,0.0,0.0,0.00019540915151546547,0.0023058497054853494,0.013593733020598778,3.9702683984019265,0.12927002520505115,4.757151460810903,0.3307509652102816,1.2754108026160362,0.2548828125,0.04248777487836751,0.2678283424571804,0.3037321969684282,1.9321918378380403,0.3307509652102816,0.7623202170231849,0.16683131107819824,0.30330858454504983,selected,6.0,0.0,0.17044299314732533,0.18585188071642145,6.0
,,,,,,,,,,,,,,,,,,,,,6.0,0302,stage1_1005_best,6,3.45558622826418,0.07656931401376688,3.903040292921872,0.4635416666666667,0.59375,0.712381251153037,0.3732567832035307,1.580980213798228,0.2255276337079308,0.8422248663623809,0.6438093744234815,6.0,2.66869286882426,0.6731848448441938,2.4757411177366913,0.2857142857142857,0.6693715487996028,4.34232410085036,0.8115197244931237,0.4149509479638563,,,,,base,0.0,0.0,,,,,,,,,,,,,,,,0.16665623333108073,0.30577637315801504,candidate,6.0,0.0,0.1866661094175871,0.1112195961858302,6.0
,,,,,,,,,,,,,,,,,,,,,6.0,0302,stage1_1005_best,6,3.45558622826418,0.07656931401376688,3.903040292921872,0.4635416666666667,0.59375,0.712381251153037,0.3732567832035307,1.580980213798228,0.2255276337079308,0.8422248663623809,0.6438093744234815,6.0,2.66869286882426,0.6731848448441938,2.4757411177366913,0.2857142857142857,0.6693715487996028,4.34232410085036,0.8115197244931237,0.4149509479638563,,,,,base,0.0,0.0,,,,,,,,,,,,,,,,0.16665623333108073,0.30577637315801504,selected,6.0,0.0,0.1866661094175871,0.1112195961858302,6.0
,,,,,,,,,,,,,,,,,,,,,6.0,0302,stage1_1005_best,6,3.4373269409797995,0.0761340082682035,3.9306511439851874,0.4635416666666667,0.5994318181818182,0.7080598965576982,0.3703972472781738,1.5694699008139497,0.22265145872807823,0.8417090100954817,0.645970051721151,6.0,2.214598793717088,0.4889560716153204,2.6486802935534426,0.42857142857142855,0.5826872541973571,3.4843433057026325,0.6806590834230895,0.4811029522416181,,,,,provisional,0.0,0.0,,,,,,,,,,,,,,,,0.1672526339292244,0.30454756946898626,candidate,6.0,0.0,0.1634043109163651,0.15915813143320146,6.0
,,,,,,,,,,,,,,,,,,,,,6.0,0302,stage1_1005_best,6,3.4373269409797995,0.0761340082682035,3.9306511439851874,0.4635416666666667,0.5994318181818182,0.7080598965576982,0.3703972472781738,1.5694699008139497,0.22265145872807823,0.8417090100954817,0.645970051721151,6.0,2.214598793717088,0.4889560716153204,2.6486802935534426,0.42857142857142855,0.5826872541973571,3.4843433057026325,0.6806590834230895,0.4811029522416181,,,,,provisional,0.0,0.0,,,,,,,,,,,,,,,,0.1672526339292244,0.30454756946898626,selected,6.0,0.0,0.1634043109163651,0.15915813143320146,6.0
,,,,,,,,,,,,,,,,,,,,,6.0,0302,stage1_1005_best,6,3.440978257857805,0.07592622025528174,3.933979874602744,0.4635416666666667,0.5994318181818182,0.7085224710527019,0.3702250193964027,1.5695185038345538,0.2227063221178018,0.8415728783226415,0.645738764473649,6.0,2.2734307170777233,0.48923761527854526,2.6860847337787255,0.2857142857142857,0.5792500395517923,3.509998801485416,0.6848826041791825,0.4782371335302321,,,,,final,0.0,0.0,,,,,,,,,,,,,,,,0.16727303530576168,0.3044821678941978,candidate,6.0,0.0,0.16367939488898717,0.15819897913753997,6.0
0.12894753044631577,4.543887750434489,0.37171312073934243,0.08754611801457939,5.405701340681452,0.23712837400315637,0.07736175818678284,3.9404938289453044,0.50484368096824,0.08986843108716691,4.430626120285565,0.3276725365080685,0.12463780967240908,5.159794379969673,0.24761327717407017,0.04870991216869392,0.05516009442955392,0.3187164717306232,0.04964138773323414,0.05482312252691569,0.3262711340299222,6.0,0302,stage1_1005_best,6,3.440978257857805,0.07592622025528174,3.933979874602744,0.4635416666666667,0.5994318181818182,0.7085224710527019,0.3702250193964027,1.5695185038345538,0.2227063221178018,0.8415728783226415,0.645738764473649,6.0,2.2734307170777233,0.48923761527854526,2.6860847337787255,0.2857142857142857,0.5792500395517923,3.509998801485416,0.6848826041791825,0.4782371335302321,0.2868882119655609,0.08962183761286523,2.9568836520633126,5.152025178483816,final,0.0,0.0,0.00032500001690861365,0.003148037036140356,0.0147525112074812,4.016474894292912,0.12436581316358368,4.828444218098505,0.32134175943508303,1.2914658355656277,0.235595703125,0.04215342403964872,0.2708216468006647,0.2956782582615543,1.8845352846387833,0.32134175943508303,0.7667083510765054,0.16727303530576168,0.3044821678941978,selected,6.0,0.0,0.16367939488898717,0.15819897913753997,6.0
,,,,,,,,,,,,,,,,,,,,,6.0,0633,stage1_1005_best,6,3.253595887866725,0.08582336829527899,3.763092511627917,0.3958333333333333,0.6505681818181818,0.6116897548264112,0.3904632532637265,1.676826231082222,0.25401722723621195,0.818729261752028,0.6941551225867943,6.0,1.3884626554346307,0.8624732082535049,1.5177513996393568,0.6666666666666666,0.8197219963441998,5.0547364393060015,0.9032128877650101,0.29322532567197984,,,,,base,0.0,0.0,,,,,,,,,,,,,,,,0.1693944856649287,0.2716779324025116,candidate,6.0,0.0,0.09662516477455652,0.03135291935524648,6.0
,,,,,,,,,,,,,,,,,,,,,6.0,0633,stage1_1005_best,6,3.253595887866725,0.08582336829527899,3.763092511627917,0.3958333333333333,0.6505681818181818,0.6116897548264112,0.3904632532637265,1.676826231082222,0.25401722723621195,0.818729261752028,0.6941551225867943,6.0,1.3884626554346307,0.8624732082535049,1.5177513996393568,0.6666666666666666,0.8197219963441998,5.0547364393060015,0.9032128877650101,0.29322532567197984,,,,,base,0.0,0.0,,,,,,,,,,,,,,,,0.1693944856649287,0.2716779324025116,selected,6.0,0.0,0.09662516477455652,0.03135291935524648,6.0
,,,,,,,,,,,,,,,,,,,,,6.0,0633,stage1_1005_best,6,3.2172282627007633,0.08603086285850722,3.7482646180093497,0.3854166666666667,0.6477272727272727,0.6182332867108792,0.3932141348947278,1.680557525506637,0.2550854458395715,0.8175284840134326,0.6908833566445605,6.0,1.3969266669467588,0.6393399071215377,2.142844218816809,0.3333333333333333,0.5131097005814276,3.4650649626641923,0.6869195828069388,0.4675702944049818,,,,,provisional,0.0,0.0,,,,,,,,,,,,,,,,0.17075616456986661,0.27158252686936596,candidate,6.0,0.0,0.08300278607579836,0.07397398868218263,6.0
,,,,,,,,,,,,,,,,,,,,,6.0,0633,stage1_1005_best,6,3.2172282627007633,0.08603086285850722,3.7482646180093497,0.3854166666666667,0.6477272727272727,0.6182332867108792,0.3932141348947278,1.680557525506637,0.2550854458395715,0.8175284840134326,0.6908833566445605,6.0,1.3969266669467588,0.6393399071215377,2.142844218816809,0.3333333333333333,0.5131097005814276,3.4650649626641923,0.6869195828069388,0.4675702944049818,,,,,provisional,0.0,0.0,,,,,,,,,,,,,,,,0.17075616456986661,0.27158252686936596,selected,6.0,0.0,0.08300278607579836,0.07397398868218263,6.0
,,,,,,,,,,,,,,,,,,,,,6.0,0633,stage1_1005_best,6,3.2163763106242858,0.08613989337258401,3.7482957172173124,0.3854166666666667,0.6477272727272727,0.6186182612396308,0.3933936995720122,1.6816323397307797,0.25538755175112426,0.8172372645462415,0.6906908693801846,6.0,1.394631619342613,0.6426771420987585,2.139552059695734,0.3333333333333333,0.5151322803369888,3.4818017872951352,0.6896370140284368,0.468712019346264,,,,,final,0.0,0.0,,,,,,,,,,,,,,,,0.17075779357326135,0.2716721710720543,candidate,6.0,0.0,0.0834925844729113,0.07357345689650673,6.0
0.20326054352377404,3.95016140838518,0.31920903452779376,0.2707474582831192,3.6957082386677045,0.38911066727822646,0.1632467113304111,3.4422324512876377,0.5264589816740147,0.1516094003322858,3.4398005002804113,0.5363275568194571,0.21307941666471816,4.148261114794724,0.4183838831614571,0.033126934910051635,0.031979693643735575,0.1427161940086486,0.03361720477814662,0.030480884591581617,0.14276966137919322,6.0,0633,stage1_1005_best,6,3.2163763106242858,0.08613989337258401,3.7482957172173124,0.3854166666666667,0.6477272727272727,0.6186182612396308,0.3933936995720122,1.6816323397307797,0.25538755175112426,0.8172372645462415,0.6906908693801846,6.0,1.394631619342613,0.6426771420987585,2.139552059695734,0.3333333333333333,0.5151322803369888,3.4818017872951352,0.6896370140284368,0.468712019346264,0.15204425156116486,0.2910682562601863,2.9503799381814453,3.7713459800566973,final,0.0,0.0,0.0003233168769207355,0.0024674161443181473,0.004413954914322394,3.62991117189034,0.1541896071291337,4.364463514927438,0.30499614798028474,1.2722736466699534,0.322265625,0.041978597910367,0.26285569788932117,0.31472776378738576,1.8619494391390021,0.30499614798028474,0.7834488499853111,0.17075779357326135,0.2716721710720543,selected,6.0,0.0,0.0834925844729113,0.07357345689650673,6.0
,,,,,,,,,,,,,,,,,,,,,6.0,0634,stage1_1005_best,6,2.9848511286229584,0.0877288525456079,3.524870033812437,0.40625,0.6676136363636364,0.6019708353055541,0.4207493324063118,1.6718784135764597,0.2527281954849253,0.8169214750602252,0.699014582347223,6.0,1.9648278027464248,0.7306953024622067,1.9702873438519806,0.3333333333333333,0.6530564847221773,4.272919078352621,0.8082598237150543,0.3805989289349516,,,,,base,0.0,0.0,,,,,,,,,,,,,,,,0.1699797313788167,0.2722890959252944,candidate,6.0,0.0,0.17485280596273825,0.10513120260761667,6.0
,,,,,,,,,,,,,,,,,,,,,6.0,0634,stage1_1005_best,6,2.9848511286229584,0.0877288525456079,3.524870033812437,0.40625,0.6676136363636364,0.6019708353055541,0.4207493324063118,1.6718784135764597,0.2527281954849253,0.8169214750602252,0.699014582347223,6.0,1.9648278027464248,0.7306953024622067,1.9702873438519806,0.3333333333333333,0.6530564847221773,4.272919078352621,0.8082598237150543,0.3805989289349516,,,,,base,0.0,0.0,,,,,,,,,,,,,,,,0.1699797313788167,0.2722890959252944,selected,6.0,0.0,0.17485280596273825,0.10513120260761667,6.0
,,,,,,,,,,,,,,,,,,,,,6.0,0634,stage1_1005_best,6,2.9472855616470786,0.0877013936996549,3.5049769386797216,0.40625,0.6676136363636364,0.5939774198462001,0.4198427990090463,1.6612122398418243,0.2491722307731721,0.8198294264246049,0.7030112900768999,6.0,1.571740207864545,0.5698806762023999,2.32760122700492,0.6666666666666666,0.4109053118703871,3.0937453588948247,0.6299012930634904,0.5302280288735849,,,,,provisional,0.0,0.0,,,,,,,,,,,,,,,,0.16984885074150466,0.27273417556777607,candidate,6.0,0.0,0.15310508052828223,0.14385358379434807,6.0
,,,,,,,,,,,,,,,,,,,,,6.0,0634,stage1_1005_best,6,2.9472855616470786,0.0877013936996549,3.5049769386797216,0.40625,0.6676136363636364,0.5939774198462001,0.4198427990090463,1.6612122398418243,0.2491722307731721,0.8198294264246049,0.7030112900768999,6.0,1.571740207864545,0.5698806762023999,2.32760122700492,0.6666666666666666,0.4109053118703871,3.0937453588948247,0.6299012930634904,0.5302280288735849,,,,,provisional,0.0,0.0,,,,,,,,,,,,,,,,0.16984885074150466,0.27273417556777607,selected,6.0,0.0,0.15310508052828223,0.14385358379434807,6.0
,,,,,,,,,,,,,,,,,,,,,6.0,0634,stage1_1005_best,6,2.9495613705955783,0.08768039451063624,3.5067157394907458,0.40625,0.6676136363636364,0.5940368215998507,0.419671716060231,1.6612455700410973,0.2491882291082927,0.8198377866216227,0.7029815892000747,6.0,1.5806820426509827,0.5702691931521606,2.342611052688895,0.6666666666666666,0.4077386887638131,3.09032392498797,0.6291110803386405,0.5281426789745944,,,,,final,0.0,0.0,,,,,,,,,,,,,,,,0.1698313783072106,0.2727490617308252,candidate,6.0,0.0,0.15323327549552174,0.1434666573620926,6.0
0.2192075986618415,3.7856402561473916,0.366720025122387,0.2683983506170186,3.4465467412905593,0.37643483596957195,0.1577606492478613,4.556581774315713,0.24212427478004975,0.23563148033537445,4.020115312021247,0.3660110969760306,0.24215548846021548,4.268600153898941,0.34271802008920177,0.00997717044531265,0.021660088104281692,0.12495161084145757,0.01003444984654156,0.021879128339516597,0.12285697346039032,6.0,0634,stage1_1005_best,6,2.9495613705955783,0.08768039451063624,3.5067157394907458,0.40625,0.6676136363636364,0.5940368215998507,0.419671716060231,1.6612455700410973,0.2491882291082927,0.8198377866216227,0.7029815892000747,6.0,1.5806820426509827,0.5702691931521606,2.342611052688895,0.6666666666666666,0.4077386887638131,3.09032392498797,0.6291110803386405,0.5281426789745944,0.1093108057975769,0.2877197664175071,2.475583249092279,3.7563559472784593,final,0.0,0.0,5.339498250762272e-05,0.0007556894287299391,0.005231145831410347,3.7371270387519018,0.21265628352679639,4.544342613226285,0.4314375100527378,1.1795510472998183,0.2291259765625,0.03929931629850763,0.24006864851469015,0.3379681825829247,2.2645755935666347,0.4314375100527378,0.6932037675360634,0.1698313783072106,0.2727490617308252,selected,6.0,0.0,0.15323327549552174,0.1434666573620926,6.0
,,,,,,,,,,,,,,,,,,,,,6.0,0635,stage1_1005_best,6,3.2235569256771943,0.08767655378081705,3.6812546776322828,0.40625,0.6590909090909091,0.606165315339424,0.40479647059519597,1.6838363588763066,0.2566783257712657,0.8139505071360057,0.696917342330288,6.0,1.1326485113293,0.8710871987004103,1.5217553721398682,0.6666666666666666,0.7990242407987046,4.575730181409626,0.8476121281318012,0.3569232527206437,,,,,base,0.0,0.0,,,,,,,,,,,,,,,,0.16904050958896316,0.27150819075107535,candidate,6.0,0.0,0.15168715386955695,0.06500238165576501,6.0
,,,,,,,,,,,,,,,,,,,,,6.0,0635,stage1_1005_best,6,3.2235569256771943,0.08767655378081705,3.6812546776322828,0.40625,0.6590909090909091,0.606165315339424,0.40479647059519597,1.6838363588763066,0.2566783257712657,0.8139505071360057,0.696917342330288,6.0,1.1326485113293,0.8710871987004103,1.5217553721398682,0.6666666666666666,0.7990242407987046,4.575730181409626,0.8476121281318012,0.3569232527206437,,,,,base,0.0,0.0,,,,,,,,,,,,,,,,0.16904050958896316,0.27150819075107535,selected,6.0,0.0,0.15168715386955695,0.06500238165576501,6.0
,,,,,,,,,,,,,,,,,,,,,6.0,0635,stage1_1005_best,6,3.1688266997572963,0.08653554483453502,3.648086289924103,0.4166666666666667,0.6647727272727273,0.5934671414692791,0.4025082933783452,1.66600754808253,0.25041607129150534,0.820391866288622,0.7032664292653604,6.0,1.207638966277126,0.6452381123973312,1.693629983976172,0.6666666666666666,0.7269624734361666,3.6017769345605637,0.7096505250192475,0.5099074940758508,,,,,provisional,0.0,0.0,,,,,,,,,,,,,,,,0.16741282691271195,0.2717779518432359,candidate,6.0,0.0,0.12649547643855516,0.11127702001475515,6.0
,,,,,,,,,,,,,,,,,,,,,6.0,0635,stage1_1005_best,6,3.1688266997572963,0.08653554483453502,3.648086289924103,0.4166666666666667,0.6647727272727273,0.5934671414692791,0.4025082933783452,1.66600754808253,0.25041607129150534,0.820391866288622,0.7032664292653604,6.0,1.207638966277126,0.6452381123973312,1.693629983976172,0.6666666666666666,0.7269624734361666,3.6017769345605637,0.7096505250192475,0.5099074940758508,,,,,provisional,0.0,0.0,,,,,,,,,,,,,,,,0.16741282691271195,0.2717779518432359,selected,6.0,0.0,0.12649547643855516,0.11127702001475515,6.0
,,,,,,,,,,,,,,,,,,,,,6.0,0635,stage1_1005_best,6,3.170961067871342,0.08644857369691432,3.6498319966536554,0.4166666666666667,0.6647727272727273,0.5934892624569377,0.4023744973664686,1.6660948759781202,0.25046921906825304,0.8204430562870938,0.7032553687715312,6.0,1.171370081869993,0.6471113945919831,1.6694537995027472,0.6666666666666666,0.731936292281942,3.6154931992178128,0.7124853346051921,0.5071876246311123,,,,,final,0.0,0.0,,,,,,,,,,,,,,,,0.167323560419155,0.27182981652203647,candidate,6.0,0.0,0.1277430282353659,0.11166198501939156,6.0
0.21029259739240597,4.520985173301438,0.3210076195924209,0.189929273377481,4.1835304993617655,0.3217486146135191,0.1681310458957809,4.376920038120157,0.37044184457404117,0.23532782536818173,3.5922215833895983,0.5319529164678064,0.1879812932038944,4.773968388853665,0.3435948694357626,0.02883051947776857,0.038151285502491396,0.11379016466353668,0.02873149464799569,0.03794882361229102,0.11474551642957832,6.0,0635,stage1_1005_best,6,3.170961067871342,0.08644857369691432,3.6498319966536554,0.4166666666666667,0.6647727272727273,0.5934892624569377,0.4023744973664686,1.6660948759781202,0.25046921906825304,0.8204430562870938,0.7032553687715312,6.0,1.171370081869993,0.6471113945919831,1.6694537995027472,0.6666666666666666,0.731936292281942,3.6154931992178128,0.7124853346051921,0.5071876246311123,0.13974924385547638,0.22334709323394078,2.768768713842506,3.7726764236064825,final,0.0,0.0,0.0001829013808309882,0.0013011729629263137,0.005966015139949622,3.499098696514117,0.19237670329376072,4.14935262956338,0.397071320625088,1.1862907294267608,0.317626953125,0.037957674587308886,0.24246264774659476,0.34673981444198665,2.2051065297564683,0.397071320625088,0.7138668064894562,0.167323560419155,0.27182981652203647,selected,6.0,0.0,0.1277430282353659,0.11166198501939156,6.0
,,,,,,,,,,,,,,,,,,,,,6.0,0636,stage1_1005_best,6,2.8876179794741477,0.08731685225726118,3.4788432413713597,0.4166666666666667,0.6590909090909091,0.5897620921230708,0.4168737741621535,1.6548966358907988,0.24573348601824538,0.8206184990570419,0.7051189539384646,6.0,1.3199291462250247,0.7863600509035492,1.7216783080853837,0.3333333333333333,0.7129446729209349,4.5141803329759655,0.8408394701835542,0.35079148027877466,,,,,base,0.0,0.0,,,,,,,,,,,,,,,,0.16721989708609802,0.27189900878083373,candidate,6.0,0.0,0.15167092461884507,0.09738446935281936,6.0
,,,,,,,,,,,,,,,,,,,,,6.0,0636,stage1_1005_best,6,2.8876179794741477,0.08731685225726118,3.4788432413713597,0.4166666666666667,0.6590909090909091,0.5897620921230708,0.4168737741621535,1.6548966358907988,0.24573348601824538,0.8206184990570419,0.7051189539384646,6.0,1.3199291462250247,0.7863600509035492,1.7216783080853837,0.3333333333333333,0.7129446729209349,4.5141803329759655,0.8408394701835542,0.35079148027877466,,,,,base,0.0,0.0,,,,,,,,,,,,,,,,0.16721989708609802,0.27189900878083373,selected,6.0,0.0,0.15167092461884507,0.09738446935281936,6.0
,,,,,,,,,,,,,,,,,,,,,6.0,0636,stage1_1005_best,6,2.857246976157014,0.08652460616650218,3.4602933723492257,0.421875,0.6590909090909091,0.5753994760314135,0.41330757004493285,1.6348974007925055,0.2386741069928935,0.826511757314207,0.7123002619842932,6.0,1.2916053812095427,0.632897072703295,1.9667991793110398,0.3333333333333333,0.5808112313094808,3.852036233841325,0.7508430809899097,0.4268925220134836,,,,,provisional,0.0,0.0,,,,,,,,,,,,,,,,0.16571897380366563,0.2721533585393186,candidate,6.0,0.0,0.1282514433684131,0.1379063263661445,6.0
,,,,,,,,,,,,,,,,,,,,,6.0,0636,stage1_1005_best,6,2.857246976157014,0.08652460616650218,3.4602933723492257,0.421875,0.6590909090909091,0.5753994760314135,0.41330757004493285,1.6348974007925055,0.2386741069928935,0.826511757314207,0.7123002619842932,6.0,1.2916053812095427,0.632897072703295,1.9667991793110398,0.3333333333333333,0.5808112313094808,3.852036233841325,0.7508430809899097,0.4268925220134836,,,,,provisional,0.0,0.0,,,,,,,,,,,,,,,,0.16571897380366563,0.2721533585393186,selected,6.0,0.0,0.1282514433684131,0.1379063263661445,6.0
,,,,,,,,,,,,,,,,,,,,,6.0,0636,stage1_1005_best,6,2.860852767767186,0.08653804860445505,3.462340524337864,0.421875,0.6590909090909091,0.5765260174726043,0.41357053724027826,1.6365902786384634,0.23927842207372432,0.8260327245526929,0.7117369912636978,6.0,1.335138610082026,0.632013372398332,1.9829380728989874,0.3333333333333333,0.5790958227976587,3.854790232142461,0.751530704024963,0.42981001383869905,,,,,final,0.0,0.0,,,,,,,,,,,,,,,,0.16580256113694358,0.27212452237326956,candidate,6.0,0.0,0.12872045629198076,0.1363192653545849,6.0
0.19602474540063672,4.334350592114632,0.3596730543008171,0.22330810495825967,3.718941653678118,0.3653365202925142,0.09874785239982219,4.564404286907962,0.31768656568987685,0.21829153080413208,3.821216868263223,0.4927351025622,0.19216298845759452,4.093444149901267,0.36856506321277543,0.01772043450576718,0.03263069305126291,0.10151657667933327,0.017784426793812185,0.03520754623318896,0.10319203597745442,6.0,0636,stage1_1005_best,6,2.860852767767186,0.08653804860445505,3.462340524337864,0.421875,0.6590909090909091,0.5765260174726043,0.41357053724027826,1.6365902786384634,0.23927842207372432,0.8260327245526929,0.7117369912636978,6.0,1.335138610082026,0.632013372398332,1.9829380728989874,0.3333333333333333,0.5790958227976587,3.854790232142461,0.751530704024963,0.42981001383869905,0.16359898447990417,0.24992824487245385,2.943568259535285,3.5794545999492686,final,0.0,0.0,0.00021345362704947108,0.0028500878382371787,0.005091318579510603,3.8747707079953395,0.16435854929102325,4.5686473309007,0.39690063344000237,1.212583884442009,0.2891845703125,0.037615398325845345,0.25160853007654377,0.3275641457512488,2.164098439381497,0.39690063344000237,0.7088852622442547,0.16580256113694358,0.27212452237326956,selected,6.0,0.0,0.12872045629198076,0.1363192653545849,6.0
,,,,,,,,,,,,,,,,,,,,,6.0,0637,stage1_1005_best,6,2.988417646291844,0.08913024906497942,3.524572124955123,0.4166666666666667,0.6534090909090909,0.6108224732600313,0.4252704157686316,1.691890655116626,0.2591815743434882,0.8077918822822386,0.6945887633699843,6.0,1.2999065764699806,0.7476237606601468,1.714755105625391,0.6666666666666666,0.6934329774035671,4.513416352798668,0.8367895411662287,0.3496679386227217,,,,,base,0.0,0.0,,,,,,,,,,,,,,,,0.16782003278829444,0.2736296160120938,candidate,6.0,0.0,0.1790067214126074,0.13191374419178867,6.0
,,,,,,,,,,,,,,,,,,,,,6.0,0637,stage1_1005_best,6,2.988417646291844,0.08913024906497942,3.524572124955123,0.4166666666666667,0.6534090909090909,0.6108224732600313,0.4252704157686316,1.691890655116626,0.2591815743434882,0.8077918822822386,0.6945887633699843,6.0,1.2999065764699806,0.7476237606601468,1.714755105625391,0.6666666666666666,0.6934329774035671,4.513416352798668,0.8367895411662287,0.3496679386227217,,,,,base,0.0,0.0,,,,,,,,,,,,,,,,0.16782003278829444,0.2736296160120938,selected,6.0,0.0,0.1790067214126074,0.13191374419178867,6.0
,,,,,,,,,,,,,,,,,,,,,6.0,0637,stage1_1005_best,6,2.910888581897301,0.08500025762407143,3.437506864899801,0.4375,0.6789772727272727,0.562962886565971,0.41695129320440116,1.6214405843954125,0.2358612579855911,0.8299741443485176,0.7185185567170145,6.0,1.0311509525332432,0.6098848596227933,1.811158423343034,0.6666666666666666,0.5624107668224285,3.774339698586516,0.736758270331893,0.42317301775387534,,,,,provisional,0.0,0.0,,,,,,,,,,,,,,,,0.16388912731721028,0.2724070342303235,candidate,6.0,0.0,0.1446109950995884,0.17356776545472086,6.0
,,,,,,,,,,,,,,,,,,,,,6.0,0637,stage1_1005_best,6,2.910888581897301,0.08500025762407143,3.437506864899801,0.4375,0.6789772727272727,0.562962886565971,0.41695129320440116,1.6214405843954125,0.2358612579855911,0.8299741443485176,0.7185185567170145,6.0,1.0311509525332432,0.6098848596227933,1.811158423343034,0.6666666666666666,0.5624107668224285,3.774339698586516,0.736758270331893,0.42317301775387534,,,,,provisional,0.0,0.0,,,,,,,,,,,,,,,,0.16388912731721028,0.2724070342303235,selected,6.0,0.0,0.1446109950995884,0.17356776545472086,6.0
,,,,,,,,,,,,,,,,,,,,,6.0,0637,stage1_1005_best,6,2.917157348136673,0.08485290288632674,3.444722112039421,0.4322916666666667,0.6732954545454546,0.5647690860663066,0.416780916653232,1.6235723077588649,0.2366913524498669,0.8293274725525469,0.7176154569668466,6.0,1.027037201428126,0.6204142266032048,1.8046918332375825,0.6666666666666666,0.5680233975444167,3.7874302912459394,0.7389173460686741,0.43025086963442866,,,,,final,0.0,0.0,,,,,,,,,,,,,,,,0.16379446945089068,0.2727407911900041,candidate,6.0,0.0,0.14686789585646642,0.1715147135728816,6.0
0.23118561467237259,3.990355404277642,0.35703667848042514,0.2611395363172907,2.913111849488206,0.4783545012591366,0.1411582864852141,4.340144708511058,0.31164042481198256,0.2956436114932266,3.972416793593488,0.3324348522291377,0.22636243375145507,4.059754188409109,0.38055042763457,0.05258584302469113,0.13257815431729095,0.09781847524781435,0.05523899140327718,0.13749881047742515,0.09424879607401525,6.0,0637,stage1_1005_best,6,2.917157348136673,0.08485290288632674,3.444722112039421,0.4322916666666667,0.6732954545454546,0.5647690860663066,0.416780916653232,1.6235723077588649,0.2366913524498669,0.8293274725525469,0.7176154569668466,6.0,1.027037201428126,0.6204142266032048,1.8046918332375825,0.6666666666666666,0.5680233975444167,3.7874302912459394,0.7389173460686741,0.43025086963442866,0.14032161235809326,0.25507152305041003,2.6014840132665955,3.3660427816404015,final,0.0,0.0,0.00035301677256701063,0.005708159280038439,0.006904126494942574,3.698423927395378,0.22460994774722157,4.350290188605553,0.4935554376357389,1.1116696132343713,0.3072509765625,0.03714804507869901,0.2250788747830547,0.3751588410118238,2.52647355007025,0.4935554376357389,0.6331891545623374,0.16379446945089068,0.2727407911900041,selected,6.0,0.0,0.14686789585646642,0.1715147135728816,6.0
,,,,,,,,,,,,,,,,,,,,,6.0,0638,stage1_1005_best,6,3.381875029783978,0.08168275742063232,3.971084773655995,0.3541666666666667,0.6676136363636364,0.6287384845916937,0.3702246018278719,1.6510904369689774,0.24760615946579512,0.8217046335276977,0.6856307577041532,6.0,1.624327848145267,0.8282553356845909,1.7593688051596224,0.6666666666666666,0.7346030949437372,4.290167113443663,0.8078020562268609,0.3973338848179506,,,,,base,0.0,0.0,,,,,,,,,,,,,,,,0.16734797185902966,0.28295346470911303,candidate,6.0,0.0,0.19581466014821686,0.09892047673999275,6.0
,,,,,,,,,,,,,,,,,,,,,6.0,0638,stage1_1005_best,6,3.381875029783978,0.08168275742063232,3.971084773655995,0.3541666666666667,0.6676136363636364,0.6287384845916937,0.3702246018278719,1.6510904369689774,0.24760615946579512,0.8217046335276977,0.6856307577041532,6.0,1.624327848145267,0.8282553356845909,1.7593688051596224,0.6666666666666666,0.7346030949437372,4.290167113443663,0.8078020562268609,0.3973338848179506,,,,,base,0.0,0.0,,,,,,,,,,,,,,,,0.16734797185902966,0.28295346470911303,selected,6.0,0.0,0.19581466014821686,0.09892047673999275,6.0
,,,,,,,,,,,,,,,,,,,,,6.0,0638,stage1_1005_best,6,3.246702401804429,0.08202633506104551,3.8573967162912277,0.3385416666666667,0.6534090909090909,0.644792272730442,0.38339173588687037,1.6502351088134641,0.24739683264073997,0.8192122151270977,0.677603863634779,6.0,1.2690189222207309,0.583388507786481,1.620682553647115,0.6666666666666666,0.7441910128769749,3.3799116736338033,0.6699089662039578,0.49955916962240066,,,,,provisional,0.0,0.0,,,,,,,,,,,,,,,,0.17136414375817205,0.2821034563849016,candidate,6.0,0.0,0.15247266981142266,0.17962558146410804,6.0
,,,,,,,,,,,,,,,,,,,,,6.0,0638,stage1_1005_best,6,3.246702401804429,0.08202633506104551,3.8573967162912277,0.3385416666666667,0.6534090909090909,0.644792272730442,0.38339173588687037,1.6502351088134641,0.24739683264073997,0.8192122151270977,0.677603863634779,6.0,1.2690189222207309,0.583388507786481,1.620682553647115,0.6666666666666666,0.7441910128769749,3.3799116736338033,0.6699089662039578,0.49955916962240066,,,,,provisional,0.0,0.0,,,,,,,,,,,,,,,,0.17136414375817205,0.2821034563849016,selected,6.0,0.0,0.15247266981142266,0.17962558146410804,6.0
,,,,,,,,,,,,,,,,,,,,,6.0,0638,stage1_1005_best,6,3.2418147330821854,0.08207945785211779,3.8538955435410243,0.3385416666666667,0.6534090909090909,0.6442728955420454,0.3835164971709645,1.6496390929261107,0.24718616128251886,0.8193714232209407,0.6778635522289773,6.0,1.2829665119794749,0.5843931372252772,1.6176216145580637,0.6666666666666666,0.7456778645365795,3.3903442305674574,0.6722393721469803,0.49634160090635554,,,,,final,0.0,0.0,,,,,,,,,,,,,,,,0.17135781937329606,0.282096553240717,candidate,6.0,0.0,0.1522279060932856,0.18037517877593526,6.0
0.23440934028088423,2.8699725445593764,0.6519204454884622,0.23076536022718047,3.837917068724816,0.3728678574148751,0.09038988569434367,4.2570469802640405,0.332974983296446,0.23976642377991636,3.815056623913632,0.402118490771145,0.23629104810191928,4.238057498119092,0.31599412608929844,0.057334982954247306,0.08291193616778267,0.1584630533186439,0.057032025036036986,0.082916252637231,0.1594561473761462,6.0,0638,stage1_1005_best,6,3.2418147330821854,0.08207945785211779,3.8538955435410243,0.3385416666666667,0.6534090909090909,0.6442728955420454,0.3835164971709645,1.6496390929261107,0.24718616128251886,0.8193714232209407,0.6778635522289773,6.0,1.2829665119794749,0.5843931372252772,1.6176216145580637,0.6666666666666666,0.7456778645365795,3.3903442305674574,0.6722393721469803,0.49634160090635554,0.11119052022695541,0.232533987859925,2.6597119123908772,2.8754309039250883,final,0.0,0.0,9.806583042610369e-05,0.0016201458922281136,0.0038473935366669944,3.0561686644814903,0.2308373892721125,3.6464251960033787,0.4059513755961616,1.1455873795876914,0.3958740234375,0.038248505750130335,0.23042495747663402,0.3716292698203198,2.2448832111383665,0.4059513755961616,0.7164640231208785,0.17135781937329606,0.282096553240717,selected,6.0,0.0,0.1522279060932856,0.18037517877593526,6.0
,,,,,,,,,,,,,,,,,,,,,6.0,0639,stage1_1005_best,6,3.2726741318120323,0.08411955777790067,3.82640165856087,0.3489583333333333,0.6590909090909091,0.6438336689919012,0.3940849558286204,1.6735530942175736,0.25573160179460896,0.8136953998560101,0.6780831655040495,6.0,1.8257579371952044,0.8582202086886033,1.6264266597692965,0.6666666666666666,0.7953931401898912,4.7097678153734694,0.8636046117992944,0.3165116044339081,,,,,base,0.0,0.0,,,,,,,,,,,,,,,,0.1680759288387992,0.28319542364186784,candidate,6.0,0.0,0.1526775017766859,0.058147416929060065,6.0
,,,,,,,,,,,,,,,,,,,,,6.0,0639,stage1_1005_best,6,3.2726741318120323,0.08411955777790067,3.82640165856087,0.3489583333333333,0.6590909090909091,0.6438336689919012,0.3940849558286204,1.6735530942175736,0.25573160179460896,0.8136953998560101,0.6780831655040495,6.0,1.8257579371952044,0.8582202086886033,1.6264266597692965,0.6666666666666666,0.7953931401898912,4.7097678153734694,0.8636046117992944,0.3165116044339081,,,,,base,0.0,0.0,,,,,,,,,,,,,,,,0.1680759288387992,0.28319542364186784,selected,6.0,0.0,0.1526775017766859,0.058147416929060065,6.0
,,,,,,,,,,,,,,,,,,,,,6.0,0639,stage1_1005_best,6,3.240819263783015,0.08485488372393356,3.804508768417468,0.34375,0.6590909090909091,0.6414460203551612,0.3945152608729203,1.6709134407087929,0.2541872363448363,0.8147301451290728,0.6792769898224194,6.0,1.9525730736562779,0.6716206169849455,2.11243305630996,0.3333333333333333,0.5705915370804764,3.565362392877743,0.6906342763880207,0.5194568602738908,,,,,provisional,0.0,0.0,,,,,,,,,,,,,,,,0.1695617631556563,0.2820292501889319,candidate,6.0,0.0,0.11637104638127178,0.09212904933956506,6.0
,,,,,,,,,,,,,,,,,,,,,6.0,0639,stage1_1005_best,6,3.240819263783015,0.08485488372393356,3.804508768417468,0.34375,0.6590909090909091,0.6414460203551612,0.3945152608729203,1.6709134407087929,0.2541872363448363,0.8147301451290728,0.6792769898224194,6.0,1.9525730736562779,0.6716206169849455,2.11243305630996,0.3333333333333333,0.5705915370804764,3.565362392877743,0.6906342763880207,0.5194568602738908,,,,,provisional,0.0,0.0,,,,,,,,,,,,,,,,0.1695617631556563,0.2820292501889319,selected,6.0,0.0,0.11637104638127178,0.09212904933956506,6.0
,,,,,,,,,,,,,,,,,,,,,6.0,0639,stage1_1005_best,6,3.2389527223303904,0.0848189420564822,3.8035054883382005,0.34375,0.6590909090909091,0.6412023118519797,0.39449888880000517,1.670460470564078,0.25404372066511083,0.8148048504333173,0.6793988440740101,6.0,1.9508190217993984,0.6710669669985542,2.1167745849393325,0.3333333333333333,0.5661460911527901,3.5824701391537803,0.6920587827662432,0.5175933288260983,,,,,final,0.0,0.0,,,,,,,,,,,,,,,,0.16955804525444362,0.28200549269608727,candidate,6.0,0.0,0.11520383390878908,0.0926375953335658,6.0
0.18278213793729028,3.9733947967198793,0.36969816867727817,0.24475585794599114,3.5568431471020094,0.4276359053084737,0.08832860043223865,4.0140615330876575,0.47544247850432,0.16673499744975032,3.3853042249210987,0.523729717916813,0.17970344633693705,4.430636213826947,0.2947685815020696,0.02640721951715756,0.026850518930270278,0.1456812941158492,0.025951986811294625,0.026469348353787527,0.14613784907691568,6.0,0639,stage1_1005_best,6,3.2389527223303904,0.0848189420564822,3.8035054883382005,0.34375,0.6590909090909091,0.6412023118519797,0.39449888880000517,1.670460470564078,0.25404372066511083,0.8148048504333173,0.6793988440740101,6.0,1.9508190217993984,0.6710669669985542,2.1167745849393325,0.3333333333333333,0.5661460911527901,3.5824701391537803,0.6920587827662432,0.5175933288260983,0.15825620293617249,0.2634800121427883,3.0263851422133783,3.4210692558304436,final,0.0,0.0,0.00015096976759475546,0.001127676356573323,0.003390207385893679,3.6509006997906632,0.15457961488014108,4.4266627803782885,0.33480167527203475,1.2524156562254534,0.2978515625,0.040890561799143514,0.25882786308615685,0.32098764758393267,1.9659924577806205,0.33480167527203475,0.7602044764746729,0.16955804525444362,0.28200549269608727,selected,6.0,0.0,0.11520383390878908,0.0926375953335658,6.0
,,,,,,,,,,,,,,,,,,,,,6.0,0640,stage1_1005_best,6,3.2048030422003184,0.08629423367099118,3.810888288309899,0.359375,0.6534090909090909,0.650241351545788,0.39367571253503203,1.6821848187900044,0.2556756825539988,0.8060500493862515,0.674879324227106,6.0,1.8716998889117362,0.6752987064170687,2.2042851486822146,0.3333333333333333,0.5601172504213755,4.348416409743131,0.8201139170716744,0.4071756523142347,,,,,base,0.0,0.0,,,,,,,,,,,,,,,,0.16946474678015994,0.2832604865134806,candidate,6.0,0.0,0.17130760692941388,0.12818309661145974,6.0
,,,,,,,,,,,,,,,,,,,,,6.0,0640,stage1_1005_best,6,3.2048030422003184,0.08629423367099118,3.810888288309899,0.359375,0.6534090909090909,0.650241351545788,0.39367571253503203,1.6821848187900044,0.2556756825539988,0.8060500493862515,0.674879324227106,6.0,1.8716998889117362,0.6752987064170687,2.2042851486822146,0.3333333333333333,0.5601172504213755,4.348416409743131,0.8201139170716744,0.4071756523142347,,,,,base,0.0,0.0,,,,,,,,,,,,,,,,0.16946474678015994,0.2832604865134806,selected,6.0,0.0,0.17130760692941388,0.12818309661145974,6.0
,,,,,,,,,,,,,,,,,,,,,6.0,0640,stage1_1005_best,6,3.152620011829868,0.08756505008531418,3.7480857694200127,0.4010416666666667,0.6278409090909091,0.6641771340562391,0.40366795783997866,1.6873575555929528,0.2565035047067283,0.8024631998305551,0.6679114329718804,6.0,1.384875532209833,0.5295816545068152,2.206708945526655,0.6666666666666666,0.4568619910815346,3.1040219348859046,0.6240812322069107,0.532147147534465,,,,,provisional,0.0,0.0,,,,,,,,,,,,,,,,0.17072635570155742,0.2842426999873636,candidate,6.0,0.0,0.135602196258502,0.1889639827651376,6.0
,,,,,,,,,,,,,,,,,,,,,6.0,0640,stage1_1005_best,6,3.152620011829868,0.08756505008531418,3.7480857694200127,0.4010416666666667,0.6278409090909091,0.6641771340562391,0.40366795783997866,1.6873575555929528,0.2565035047067283,0.8024631998305551,0.6679114329718804,6.0,1.384875532209833,0.5295816545068152,2.206708945526655,0.6666666666666666,0.4568619910815346,3.1040219348859046,0.6240812322069107,0.532147147534465,,,,,provisional,0.0,0.0,,,,,,,,,,,,,,,,0.17072635570155742,0.2842426999873636,selected,6.0,0.0,0.135602196258502,0.1889639827651376,6.0
,,,,,,,,,,,,,,,,,,,,,6.0,0640,stage1_1005_best,6,3.1529563502772135,0.08763880278431824,3.7484387638644887,0.3958333333333333,0.6164772727272727,0.6643811757250035,0.40368505302172614,1.6878758527239135,0.2566331284772652,0.8022734545054379,0.6678094121374982,6.0,1.3863773264822983,0.5331707007823979,2.2049704357265174,0.6666666666666666,0.46132953868130205,3.1329816141804483,0.6293920002798118,0.5246213569802368,,,,,final,0.0,0.0,,,,,,,,,,,,,,,,0.1707816652458248,0.2841668910928163,candidate,6.0,0.0,0.13707623735401414,0.18778856437890246,6.0
0.22320594344326083,3.4910550013582538,0.4199672734626601,0.21208671195917328,3.385074145356529,0.394870145014567,0.14323140984339724,3.5418671818356984,0.46744249602222054,0.2794160248816146,3.948646863390373,0.2998630624398104,0.21548220793864592,3.862623680258891,0.36319994712766485,0.01788075535641552,0.06972922593707528,0.11485528218306355,0.01814123223977251,0.07004170652344562,0.11397179468323887,6.0,0640,stage1_1005_best,6,3.1529563502772135,0.08763880278431824,3.7484387638644887,0.3958333333333333,0.6164772727272727,0.6643811757250035,0.40368505302172614,1.6878758527239135,0.2566331284772652,0.8022734545054379,0.6678094121374982,6.0,1.3863773264822983,0.5331707007823979,2.2049704357265174,0.6666666666666666,0.46132953868130205,3.1329816141804483,0.6293920002798118,0.5246213569802368,0.11871802806854248,0.25309875309287866,2.5683791406473726,2.8593576244413903,final,0.0,0.0,0.0001144403412783129,0.0015788806896978296,0.0039537419724424835,3.4771675491369094,0.22508044750121822,4.17015941836764,0.49175041574823714,1.107091974878121,0.2774658203125,0.0372559388583026,0.22261950174729603,0.3839958732183783,2.5202121393774624,0.49175041574823714,0.6233126619782849,0.1707816652458248,0.2841668910928163,selected,6.0,0.0,0.13707623735401414,0.18778856437890246,6.0
,,,,,,,,,,,,,,,,,,,,,6.0,0641,stage1_1005_best,6,3.579996347964968,0.08345038855541859,4.131421022835085,0.3333333333333333,0.6392045454545454,0.664825438897083,0.36820941414965586,1.7003353397399434,0.2623454221924755,0.8057791333355837,0.6675872805514586,6.0,1.7683441531936834,0.7976175662612903,1.8465073441501154,0.3333333333333333,0.7016805030503431,4.681187444199279,0.8607302248552906,0.33875333941260427,,,,,base,0.0,0.0,,,,,,,,,,,,,,,,0.169757604656016,0.2825725379498141,candidate,6.0,0.0,0.245664597164722,0.10126718725115523,6.0
,,,,,,,,,,,,,,,,,,,,,6.0,0641,stage1_1005_best,6,3.579996347964968,0.08345038855541859,4.131421022835085,0.3333333333333333,0.6392045454545454,0.664825438897083,0.36820941414965586,1.7003353397399434,0.2623454221924755,0.8057791333355837,0.6675872805514586,6.0,1.7683441531936834,0.7976175662612903,1.8465073441501154,0.3333333333333333,0.7016805030503431,4.681187444199279,0.8607302248552906,0.33875333941260427,,,,,base,0.0,0.0,,,,,,,,,,,,,,,,0.169757604656016,0.2825725379498141,selected,6.0,0.0,0.245664597164722,0.10126718725115523,6.0
,,,,,,,,,,,,,,,,,,,,,6.0,0641,stage1_1005_best,6,3.428964198974872,0.07895217231268886,4.00971040339662,0.359375,0.6590909090909091,0.6407761488859598,0.36767537817411733,1.6515562426954296,0.2483892695730708,0.8231189223872694,0.6796119255570201,6.0,1.8158195709430447,0.4463156408467412,2.6485512798803468,0.3333333333333333,0.3011104488832972,2.8457145532878143,0.5787220199023189,0.5934865690807144,,,,,provisional,0.0,0.0,,,,,,,,,,,,,,,,0.1701892839044347,0.27779935525973476,candidate,6.0,0.0,0.17416441844771208,0.24516680284826545,6.0
,,,,,,,,,,,,,,,,,,,,,6.0,0641,stage1_1005_best,6,3.428964198974872,0.07895217231268886,4.00971040339662,0.359375,0.6590909090909091,0.6407761488859598,0.36767537817411733,1.6515562426954296,0.2483892695730708,0.8231189223872694,0.6796119255570201,6.0,1.8158195709430447,0.4463156408467412,2.6485512798803468,0.3333333333333333,0.3011104488832972,2.8457145532878143,0.5787220199023189,0.5934865690807144,,,,,provisional,0.0,0.0,,,,,,,,,,,,,,,,0.1701892839044347,0.27779935525973476,selected,6.0,0.0,0.17416441844771208,0.24516680284826545,6.0
,,,,,,,,,,,,,,,,,,,,,6.0,0641,stage1_1005_best,6,3.4274623743452715,0.07891914799216963,4.00853050797701,0.359375,0.6590909090909091,0.6404934765884464,0.36764276002925433,1.6509380649053842,0.24821508525126043,0.8233415553823278,0.6797532617057769,6.0,1.814728171307462,0.44807993100181903,2.6439373225102694,0.3333333333333333,0.3040168925609991,2.853998803135289,0.5804088645292891,0.5932890916242683,,,,,final,0.0,0.0,,,,,,,,,,,,,,,,0.17016199780354163,0.2778186195228094,candidate,6.0,0.0,0.17436113363833017,0.24498883508832686,6.0
0.23536382571448963,3.5409060686029186,0.3653156990934536,0.20486220643323166,3.476521034955803,0.3628717396217886,0.13451215246424555,4.19755188246254,0.3168998139162481,0.3015335816011089,3.494104740030912,0.4619543603019022,0.2102535671999282,3.847608505963939,0.45031743808016955,0.043609009358849406,0.09444913470402021,0.15052604556979313,0.043911048770599516,0.09392494177326764,0.1508592531221451,6.0,0641,stage1_1005_best,6,3.4274623743452715,0.07891914799216963,4.00853050797701,0.359375,0.6590909090909091,0.6404934765884464,0.36764276002925433,1.6509380649053842,0.24821508525126043,0.8233415553823278,0.6797532617057769,6.0,1.814728171307462,0.44807993100181903,2.6439373225102694,0.3333333333333333,0.3040168925609991,2.853998803135289,0.5804088645292891,0.5932890916242683,0.09888730198144913,0.2593736849849909,2.8593978732858907,3.1194661220251887,final,0.0,0.0,4.327642255434817e-05,0.0008972791299895331,0.001378120747891641,3.264485853245101,0.23385434044148332,3.9504684808306356,0.44702768876467,1.1425968357771803,0.2969970703125,0.03555480713578594,0.22964927245513933,0.3687560598068241,2.4185297648002964,0.44702768876467,0.6726377268589867,0.17016199780354163,0.2778186195228094,selected,6.0,0.0,0.17436113363833017,0.24498883508832686,6.0
,,,,,,,,,,,,,,,,,,,,,6.0,0642,stage1_1005_best,6,3.295842389608316,0.08322672751999367,3.8813863066668315,0.3385416666666667,0.6477272727272727,0.6392831048368588,0.38517839504365153,1.6698503106153655,0.25331257075810437,0.8137824600747079,0.6803584475815705,6.0,1.4973464071410019,0.7102457247238692,1.8841978916160547,0.6666666666666666,0.6587675734652088,4.442871187427126,0.8318268235505102,0.3735336885820018,,,,,base,0.0,0.0,,,,,,,,,,,,,,,,0.16765994504801052,0.2831099643037153,candidate,6.0,0.0,0.19314951688980295,0.11530450933555146,6.0
,,,,,,,,,,,,,,,,,,,,,6.0,0642,stage1_1005_best,6,3.295842389608316,0.08322672751999367,3.8813863066668315,0.3385416666666667,0.6477272727272727,0.6392831048368588,0.38517839504365153,1.6698503106153655,0.25331257075810437,0.8137824600747079,0.6803584475815705,6.0,1.4973464071410019,0.7102457247238692,1.8841978916160547,0.6666666666666666,0.6587675734652088,4.442871187427126,0.8318268235505102,0.3735336885820018,,,,,base,0.0,0.0,,,,,,,,,,,,,,,,0.16765994504801052,0.2831099643037153,selected,6.0,0.0,0.19314951688980295,0.11530450933555146,6.0
,,,,,,,,,,,,,,,,,,,,,6.0,0642,stage1_1005_best,6,3.22478976595228,0.0817357524958943,3.832963023783489,0.3645833333333333,0.6789772727272727,0.6182750818317878,0.38046757052996794,1.636143442111108,0.24280186845590085,0.8250771213781875,0.690862459084106,6.0,1.5983133032547405,0.6580468218189146,2.0640807936267214,0.3333333333333333,0.570074978511211,3.926648482974427,0.7609026266199547,0.46098312116333734,,,,,provisional,0.0,0.0,,,,,,,,,,,,,,,,0.16718129691428749,0.2820896797133053,candidate,6.0,0.0,0.17436447943396471,0.17124817057221203,6.0
,,,,,,,,,,,,,,,,,,,,,6.0,0642,stage1_1005_best,6,3.22478976595228,0.0817357524958943,3.832963023783489,0.3645833333333333,0.6789772727272727,0.6182750818317878,0.38046757052996794,1.636143442111108,0.24280186845590085,0.8250771213781875,0.690862459084106,6.0,1.5983133032547405,0.6580468218189146,2.0640807936267214,0.3333333333333333,0.570074978511211,3.926648482974427,0.7609026266199547,0.46098312116333734,,,,,provisional,0.0,0.0,,,,,,,,,,,,,,,,0.16718129691428749,0.2820896797133053,selected,6.0,0.0,0.17436447943396471,0.17124817057221203,6.0
,,,,,,,,,,,,,,,,,,,,,6.0,0642,stage1_1005_best,6,3.2236326356920597,0.08186723916612906,3.83140856428966,0.3645833333333333,0.6789772727272727,0.6192395897424373,0.38104353904664723,1.6376477804335747,0.2432988323616299,0.8244576160727256,0.6903802051287813,6.0,1.5573591283175447,0.6629345588994476,2.0279410688522455,0.3333333333333333,0.5818246601041231,3.9325681129315573,0.7621709294825023,0.4561714668041819,,,,,final,0.0,0.0,,,,,,,,,,,,,,,,0.16724490647026732,0.2820774486715228,candidate,6.0,0.0,0.1746936370112508,0.1706083063418574,6.0
0.24275356862813274,3.87699671729515,0.38789438714610064,0.24139279004350256,3.197189359748033,0.5457130417848166,0.1525591083595939,4.072191994329622,0.3922459138807277,0.23079108242092755,4.016871059310489,0.46259618300597366,0.22094165722406162,3.6471336451154364,0.4291176710942065,0.02744373347238376,0.06014278365051675,0.11769482888135241,0.028311486990891744,0.06212841483634445,0.11787813028070053,6.0,0642,stage1_1005_best,6,3.2236326356920597,0.08186723916612906,3.83140856428966,0.3645833333333333,0.6789772727272727,0.6192395897424373,0.38104353904664723,1.6376477804335747,0.2432988323616299,0.8244576160727256,0.6903802051287813,6.0,1.5573591283175447,0.6629345588994476,2.0279410688522455,0.3333333333333333,0.5818246601041231,3.9325681129315573,0.7621709294825023,0.4561714668041819,0.16728970408439636,0.27350739891508824,2.836629810408821,2.5280245075631185,final,0.0,0.0,0.0001940681309412453,0.003451689151190767,0.0053221564636690075,3.2120406618649975,0.1922132797420996,3.9729208314164377,0.35197802964170605,1.2178831012422608,0.2764892578125,0.03607391505100323,0.246377342896546,0.3429678651816884,2.064949467927223,0.35197802964170605,0.7476109812460369,0.16724490647026732,0.2820774486715228,selected,6.0,0.0,0.1746936370112508,0.1706083063418574,6.0
,,,,,,,,,,,,,,,,,,,,,6.0,0643,stage1_1005_best,6,3.075376191266716,0.0773293257856165,3.540331545052052,0.5104166666666666,0.6534090909090909,0.6677621471105478,0.4159497994578494,1.5667784046271942,0.22253962589809514,0.8405865983877258,0.6661189264447261,6.0,1.1855086780349817,0.8160522463516372,1.7645559032028737,0.3333333333333333,0.6817880089437973,4.205566782584874,0.8002470252989606,0.414056414271077,,,,,base,0.0,0.0,,,,,,,,,,,,,,,,0.16304887616731734,0.30304166769736635,candidate,6.0,0.0,0.22153124053071638,0.13377365571723598,6.0
,,,,,,,,,,,,,,,,,,,,,6.0,0643,stage1_1005_best,6,3.075376191266716,0.0773293257856165,3.540331545052052,0.5104166666666666,0.6534090909090909,0.6677621471105478,0.4159497994578494,1.5667784046271942,0.22253962589809514,0.8405865983877258,0.6661189264447261,6.0,1.1855086780349817,0.8160522463516372,1.7645559032028737,0.3333333333333333,0.6817880089437973,4.205566782584874,0.8002470252989606,0.414056414271077,,,,,base,0.0,0.0,,,,,,,,,,,,,,,,0.16304887616731734,0.30304166769736635,selected,6.0,0.0,0.22153124053071638,0.13377365571723598,6.0
,,,,,,,,,,,,,,,,,,,,,6.0,0643,stage1_1005_best,6,3.0472174513018637,0.07679248329223394,3.6337319855915347,0.4166666666666667,0.6590909090909091,0.6355832964044361,0.3993759914392175,1.565610161010896,0.21945060315308773,0.8353727448807028,0.6822083517977819,6.0,1.2780713275098845,0.6532896804384424,1.663577924181889,0.6666666666666666,0.7045399821737904,3.8611925873254704,0.7483961969076295,0.39957719843673717,,,,,provisional,0.0,0.0,,,,,,,,,,,,,,,,0.16553439118717128,0.2951786184306796,candidate,6.0,0.0,0.18967541225722326,0.2486650630001102,6.0
,,,,,,,,,,,,,,,,,,,,,6.0,0643,stage1_1005_best,6,3.0472174513018637,0.07679248329223394,3.6337319855915347,0.4166666666666667,0.6590909090909091,0.6355832964044361,0.3993759914392175,1.565610161010896,0.21945060315308773,0.8353727448807028,0.6822083517977819,6.0,1.2780713275098845,0.6532896804384424,1.663577924181889,0.6666666666666666,0.7045399821737904,3.8611925873254704,0.7483961969076295,0.39957719843673717,,,,,provisional,0.0,0.0,,,,,,,,,,,,,,,,0.16553439118717128,0.2951786184306796,selected,6.0,0.0,0.18967541225722326,0.2486650630001102,6.0
,,,,,,,,,,,,,,,,,,,,,6.0,0643,stage1_1005_best,6,3.043029214686413,0.07681288758752085,3.6282690501520634,0.4166666666666667,0.6590909090909091,0.6360362146698705,0.4000993651329684,1.565254618967316,0.21931079037599593,0.8353368315024357,0.6819818926650647,6.0,1.2359744123953404,0.6573747109933982,1.6466645527431418,0.6666666666666666,0.7093614592436867,3.8743412484896584,0.7505952699911324,0.3964244224469362,,,,,final,0.0,0.0,,,,,,,,,,,,,,,,0.16554035665723382,0.29533749712016427,candidate,6.0,0.0,0.19070382601661345,0.2475222802636602,6.0
0.20771159600652425,3.7620704175365693,0.4430638325899483,0.21183273633746585,3.14213453265792,0.3836733827513119,0.10807220760130587,4.22074752520017,0.3763324689945749,0.23059694675101597,4.4475431771748495,0.3028336856300526,0.19042149189749635,4.158492676621794,0.3781023181781094,0.06845598662044754,0.17190795861148764,0.10412463282379181,0.06969120078737116,0.17432671507889297,0.10420946414764069,6.0,0643,stage1_1005_best,6,3.043029214686413,0.07681288758752085,3.6282690501520634,0.4166666666666667,0.6590909090909091,0.6360362146698705,0.4000993651329684,1.565254618967316,0.21931079037599593,0.8353368315024357,0.6819818926650647,6.0,1.2359744123953404,0.6573747109933982,1.6466645527431418,0.6666666666666666,0.7093614592436867,3.8743412484896584,0.7505952699911324,0.3964244224469362,0.1328386813402176,0.2419879280529484,2.6392253567887027,2.6834553846543847,final,0.0,0.0,0.00017340689976465644,0.003169617052631553,0.003902311285041852,3.7097324343911535,0.17814100862235133,4.401337455926062,0.41384363250314454,1.1785003370311256,0.318359375,0.03925576002505425,0.24374022440327772,0.34525355274631964,2.2242005644092746,0.41384363250314454,0.701358378313524,0.16554035665723382,0.29533749712016427,selected,6.0,0.0,0.19070382601661345,0.2475222802636602,6.0
,,,,,,,,,,,,,,,,,,,,,6.0,0644,stage1_1005_best,6,3.631135993624175,0.07873001147954573,3.9877418085133107,0.4739583333333333,0.6051136363636364,0.7062009028784483,0.3830423075562374,1.6354747696556886,0.24429098710584352,0.8225212165950525,0.6468995485607759,6.0,1.290089175799034,0.8906365257843952,1.462247613277411,0.6666666666666666,0.833842262464516,4.674217820002632,0.859598974053984,0.3825214690353122,,,,,base,0.0,0.0,,,,,,,,,,,,,,,,0.16647216636601384,0.30338346720440307,candidate,6.0,0.0,0.07605742584081454,0.025352960004667472,6.0
,,,,,,,,,,,,,,,,,,,,,6.0,0644,stage1_1005_best,6,3.631135993624175,0.07873001147954573,3.9877418085133107,0.4739583333333333,0.6051136363636364,0.7062009028784483,0.3830423075562374,1.6354747696556886,0.24429098710584352,0.8225212165950525,0.6468995485607759,6.0,1.290089175799034,0.8906365257843952,1.462247613277411,0.6666666666666666,0.833842262464516,4.674217820002632,0.859598974053984,0.3825214690353122,,,,,base,0.0,0.0,,,,,,,,,,,,,,,,0.16647216636601384,0.30338346720440307,selected,6.0,0.0,0.07605742584081454,0.025352960004667472,6.0
,,,,,,,,,,,,,,,,,,,,,6.0,0644,stage1_1005_best,6,3.6534329332075717,0.07899903503667076,4.0414852559281975,0.46875,0.6164772727272727,0.7041669260000094,0.37907626548889045,1.6420044989228229,0.2461854290462568,0.8187356011516592,0.6479165369999953,6.0,1.521483313179839,0.7620330729930626,1.7579988696281617,0.6666666666666666,0.6937026078841236,4.306614693238293,0.7970978767157969,0.43210452151598927,,,,,provisional,0.0,0.0,,,,,,,,,,,,,,,,0.1663818340602489,0.302348550409924,candidate,6.0,0.0,0.07062453890497762,0.043008467591301267,6.0
,,,,,,,,,,,,,,,,,,,,,6.0,0644,stage1_1005_best,6,3.6534329332075717,0.07899903503667076,4.0414852559281975,0.46875,0.6164772727272727,0.7041669260000094,0.37907626548889045,1.6420044989228229,0.2461854290462568,0.8187356011516592,0.6479165369999953,6.0,1.521483313179839,0.7620330729930626,1.7579988696281617,0.6666666666666666,0.6937026078841236,4.306614693238293,0.7970978767157969,0.43210452151598927,,,,,provisional,0.0,0.0,,,,,,,,,,,,,,,,0.1663818340602489,0.302348550409924,selected,6.0,0.0,0.07062453890497762,0.043008467591301267,6.0
,,,,,,,,,,,,,,,,,,,,,6.0,0644,stage1_1005_best,6,3.652483908901213,0.07893185826615125,4.038052137728334,0.46875,0.6164772727272727,0.7044184381115954,0.37940833779097133,1.641529133608745,0.24603114504835727,0.8190723552972615,0.6477907809442023,6.0,1.5369403682984883,0.7632849530946068,1.7439377686132254,0.6666666666666666,0.7037627365055057,4.304034639024177,0.7968734960122101,0.42568768078877617,,,,,final,0.0,0.0,,,,,,,,,,,,,,,,0.16637513386929365,0.30242272768321543,candidate,6.0,0.0,0.07072869647187875,0.042679619569664165,6.0
0.23387664656705237,3.71202146070898,0.40616020084285115,0.23887640973166305,2.9404780760968117,0.48276673761847866,0.14922367263625594,4.687834323620898,0.3593974795645596,0.22502088628247424,3.9124061823622434,0.420762487816736,0.21253201108236153,3.8924768328694164,0.44540529032886944,0.02851574540997119,0.02521369038446711,0.1297686126133773,0.029274506852787693,0.026501703225984014,0.12930105085870006,6.0,0644,stage1_1005_best,6,3.652483908901213,0.07893185826615125,4.038052137728334,0.46875,0.6164772727272727,0.7044184381115954,0.37940833779097133,1.641529133608745,0.24603114504835727,0.8190723552972615,0.6477907809442023,6.0,1.5369403682984883,0.7632849530946068,1.7439377686132254,0.6666666666666666,0.7037627365055057,4.304034639024177,0.7968734960122101,0.42568768078877617,0.13901974260807037,0.2696975029533016,2.497685845431987,3.3073342813047364,final,0.0,0.0,0.0002847588656716508,0.0026954953613859828,0.006109929175247483,3.3848324584310503,0.1907190913062224,4.109740713065335,0.36660096681619103,1.2158103198836274,0.281982421875,0.03723435460467282,0.24871538643290467,0.33733060313391533,2.117670538812714,0.3666009668161911,0.7439938737908209,0.16637513386929365,0.30242272768321543,selected,6.0,0.0,0.07072869647187875,0.042679619569664165,6.0
,,,,,,,,,,,,,,,,,,,,,6.0,0645,stage1_1005_best,6,3.708824859262469,0.0791733737808479,4.10319351442692,0.46875,0.6022727272727273,0.7159668082615013,0.37099233963653694,1.6446249114706601,0.24636523280966682,0.8202983835313207,0.6420165958692493,6.0,1.4142399240852561,0.825698428569806,1.6225196829962927,0.6666666666666666,0.7778272119969749,4.76195034371474,0.8674506048377365,0.35923317850087133,,,,,base,0.0,0.0,,,,,,,,,,,,,,,,0.16789663180328093,0.3029144844788678,candidate,6.0,0.0,0.10569898876290829,0.05487267657807274,6.0
,,,,,,,,,,,,,,,,,,,,,6.0,0645,stage1_1005_best,6,3.708824859262469,0.0791733737808479,4.10319351442692,0.46875,0.6022727272727273,0.7159668082615013,0.37099233963653694,1.6446249114706601,0.24636523280966682,0.8202983835313207,0.6420165958692493,6.0,1.4142399240852561,0.825698428569806,1.6225196829962927,0.6666666666666666,0.7778272119969749,4.76195034371474,0.8674506048377365,0.35923317850087133,,,,,base,0.0,0.0,,,,,,,,,,,,,,,,0.16789663180328093,0.3029144844788678,selected,6.0,0.0,0.10569898876290829,0.05487267657807274,6.0
,,,,,,,,,,,,,,,,,,,,,6.0,0645,stage1_1005_best,6,3.6406331174568254,0.07922197596733922,4.041595423615572,0.4791666666666667,0.6051136363636364,0.7139952552824084,0.37443429793116023,1.6365923124820974,0.24382433351494504,0.8228958490801412,0.6430023723587959,6.0,1.4313856985797668,0.5915907009932807,2.185937580357281,0.3333333333333333,0.44510764179873624,3.159272187320616,0.6387660896434751,0.5202072141309577,,,,,provisional,0.0,0.0,,,,,,,,,,,,,,,,0.16784496152732412,0.30286181724270167,candidate,6.0,0.0,0.08402739393442588,0.09910165858182711,6.0
,,,,,,,,,,,,,,,,,,,,,6.0,0645,stage1_1005_best,6,3.6406331174568254,0.07922197596733922,4.041595423615572,0.4791666666666667,0.6051136363636364,0.7139952552824084,0.37443429793116023,1.6365923124820974,0.24382433351494504,0.8228958490801412,0.6430023723587959,6.0,1.4313856985797668,0.5915907009932807,2.185937580357281,0.3333333333333333,0.44510764179873624,3.159272187320616,0.6387660896434751,0.5202072141309577,,,,,provisional,0.0,0.0,,,,,,,,,,,,,,,,0.16784496152732412,0.30286181724270167,selected,6.0,0.0,0.08402739393442588,0.09910165858182711,6.0
,,,,,,,,,,,,,,,,,,,,,6.0,0645,stage1_1005_best,6,3.6400185749950933,0.07928679035657359,4.04079886050654,0.4791666666666667,0.6051136363636364,0.714010700500826,0.3745377838337399,1.6370801536268118,0.24393563468085863,0.822817270449363,0.642994649749587,6.0,1.427351316589517,0.5931964846030813,2.1726805441309867,0.3333333333333333,0.45242166732498706,3.175578481290541,0.641743638879047,0.507834587917142,,,,,final,0.0,0.0,,,,,,,,,,,,,,,,0.16781969994779836,0.3028832169638597,candidate,6.0,0.0,0.08561851032940823,0.09858682722003034,6.0
0.17676267499770015,3.9494890446288324,0.3829934475129128,0.2219941749239721,3.9238193169810858,0.3426991100149154,0.12823090674563187,2.5642396184210816,0.7106655770241442,0.16262232993221973,3.370516491963896,0.5461397602387678,0.1890315847551763,4.178691331280982,0.38318016092262824,0.01928510031641566,0.023613274214237253,0.1333211331027597,0.017220197168538932,0.023096412756357664,0.13534522849975172,6.0,0645,stage1_1005_best,6,3.6400185749950933,0.07928679035657359,4.04079886050654,0.4791666666666667,0.6051136363636364,0.714010700500826,0.3745377838337399,1.6370801536268118,0.24393563468085863,0.822817270449363,0.642994649749587,6.0,1.427351316589517,0.5931964846030813,2.1726805441309867,0.3333333333333333,0.45242166732498706,3.175578481290541,0.641743638879047,0.507834587917142,0.13572296500205994,0.24841059166259769,3.1195149285903265,3.8232097163106555,final,0.0,0.0,0.0007002210812663393,0.0024383493437230663,0.007583406503068789,3.5919863612519913,0.14307331495482967,4.280240111169786,0.3146042240057904,1.2531403669822645,0.3502197265625,0.03927689433622533,0.25968477166287846,0.3229776098358392,1.8905567764853453,0.3146042240057904,0.7727138371464108,0.16781969994779836,0.3028832169638597,selected,6.0,0.0,0.08561851032940823,0.09858682722003034,6.0
,,,,,,,,,,,,,,,,,,,,,6.0,0646,stage1_1005_best,6,3.2482426264572375,0.07649544922913414,3.6546939178985784,0.4895833333333333,0.6278409090909091,0.6774315250301757,0.4075451857051317,1.5821864125255776,0.22731216599932158,0.8357812637578225,0.661284237484912,6.0,1.755722804457562,0.8452310738010513,1.4424772416634675,0.6666666666666666,0.8555073862698492,4.573309368315525,0.8482183990118641,0.39768954682495744,,,,,base,0.0,0.0,,,,,,,,,,,,,,,,0.16355619472661095,0.3033265792876249,candidate,6.0,0.0,0.09296747048097323,0.040859992093436694,6.0
,,,,,,,,,,,,,,,,,,,,,6.0,0646,stage1_1005_best,6,3.2482426264572375,0.07649544922913414,3.6546939178985784,0.4895833333333333,0.6278409090909091,0.6774315250301757,0.4075451857051317,1.5821864125255776,0.22731216599932158,0.8357812637578225,0.661284237484912,6.0,1.755722804457562,0.8452310738010513,1.4424772416634675,0.6666666666666666,0.8555073862698492,4.573309368315525,0.8482183990118641,0.39768954682495744,,,,,base,0.0,0.0,,,,,,,,,,,,,,,,0.16355619472661095,0.3033265792876249,selected,6.0,0.0,0.09296747048097323,0.040859992093436694,6.0
,,,,,,,,,,,,,,,,,,,,,6.0,0646,stage1_1005_best,6,3.2213120295743107,0.07693210432073605,3.6234051349190555,0.4947916666666667,0.6306818181818182,0.6801495417853025,0.41145136029509266,1.5851876520806627,0.228098054135863,0.8356811961528873,0.6599252291073487,6.0,1.3191597291931059,0.8012414763954061,1.597751284329279,0.6666666666666666,0.7673105699899949,3.6132862620670103,0.7122862642784176,0.4578839551178657,,,,,provisional,0.0,0.0,,,,,,,,,,,,,,,,0.1638551636311071,0.3029695176965746,candidate,6.0,0.0,0.08478968997215439,0.05693384749240774,6.0
,,,,,,,,,,,,,,,,,,,,,6.0,0646,stage1_1005_best,6,3.2213120295743107,0.07693210432073605,3.6234051349190555,0.4947916666666667,0.6306818181818182,0.6801495417853025,0.41145136029509266,1.5851876520806627,0.228098054135863,0.8356811961528873,0.6599252291073487,6.0,1.3191597291931059,0.8012414763954061,1.597751284329279,0.6666666666666666,0.7673105699899949,3.6132862620670103,0.7122862642784176,0.4578839551178657,,,,,provisional,0.0,0.0,,,,,,,,,,,,,,,,0.1638551636311071,0.3029695176965746,selected,6.0,0.0,0.08478968997215439,0.05693384749240774,6.0
,,,,,,,,,,,,,,,,,,,,,6.0,0646,stage1_1005_best,6,3.2196820864235396,0.07695539136025394,3.621954957700867,0.4947916666666667,0.6306818181818182,0.6801114239563156,0.41161575821035407,1.585170600713754,0.2280834087630417,0.8356771050350599,0.6599442880218421,6.0,1.3458697874134964,0.7982917270722982,1.6237004563563089,0.6666666666666666,0.7573144237110309,3.5924561383444527,0.7089983630580585,0.45878475293169846,,,,,final,0.0,0.0,,,,,,,,,,,,,,,,0.16384883524526445,0.302981946588968,candidate,6.0,0.0,0.08555201803039696,0.05747394539048329,6.0
0.18765842479158687,4.4758207057087995,0.3392026621575665,0.20414850675824606,4.516043952832958,0.22273130435794736,0.10777368633547693,4.676675227801836,0.3012369986705455,0.18875828755723864,3.559071716060308,0.5797912651661029,0.19433390342364482,4.67702064639605,0.27926757541485503,0.022231269400431325,0.01628613394294888,0.09346892583498041,0.017573736846001862,0.01588754272152125,0.09191973652881236,6.0,0646,stage1_1005_best,6,3.2196820864235396,0.07695539136025394,3.621954957700867,0.4947916666666667,0.6306818181818182,0.6801114239563156,0.41161575821035407,1.585170600713754,0.2280834087630417,0.8356771050350599,0.6599442880218421,6.0,1.3458697874134964,0.7982917270722982,1.6237004563563089,0.6666666666666666,0.7573144237110309,3.5924561383444527,0.7089983630580585,0.45878475293169846,0.14570438861846924,0.2461816955251025,2.660774737268991,3.3295475850713805,final,0.0,0.0,0.0011930079932713636,0.0006485765168892084,0.004132731136543281,3.68705044995049,0.15830578348695326,4.393803050694381,0.3585157372437865,1.2333660472314871,0.30859375,0.038422271312238444,0.2553480480773664,0.3253219332171265,2.052996674957485,0.3585157372437865,0.7366312211217793,0.16384883524526445,0.302981946588968,selected,6.0,0.0,0.08555201803039696,0.05747394539048329,6.0
,,,,,,,,,,,,,,,,,,,,,6.0,0647,stage1_1005_best,6,3.0839098073294196,0.07445314660348634,3.5286825026583175,0.4947916666666667,0.6278409090909091,0.6552565610556096,0.41754465082099546,1.5610191918879568,0.22007685280311168,0.8400480438033778,0.6723717194721952,6.0,1.3903955482887709,0.8338496420523529,1.5406917027729274,0.3333333333333333,0.7985574268812377,4.6556296882200785,0.855323433079516,0.3353662465903619,,,,,base,0.0,0.0,,,,,,,,,,,,,,,,0.16124548663428817,0.3034673182496629,candidate,6.0,0.0,0.14952351814271778,0.06545342905095818,6.0
,,,,,,,,,,,,,,,,,,,,,6.0,0647,stage1_1005_best,6,3.0839098073294196,0.07445314660348634,3.5286825026583175,0.4947916666666667,0.6278409090909091,0.6552565610556096,0.41754465082099546,1.5610191918879568,0.22007685280311168,0.8400480438033778,0.6723717194721952,6.0,1.3903955482887709,0.8338496420523529,1.5406917027729274,0.3333333333333333,0.7985574268812377,4.6556296882200785,0.855323433079516,0.3353662465903619,,,,,base,0.0,0.0,,,,,,,,,,,,,,,,0.16124548663428817,0.3034673182496629,selected,6.0,0.0,0.14952351814271778,0.06545342905095818,6.0
,,,,,,,,,,,,,,,,,,,,,6.0,0647,stage1_1005_best,6,3.08504239369926,0.07438750459934383,3.523061148717012,0.5,0.6363636363636364,0.6525726326844006,0.41858842569829463,1.5654813871122057,0.22126078113381661,0.8390968754668267,0.6737136836577996,6.0,1.4874084283699176,0.7169628031885799,1.8536945980154331,0.3333333333333333,0.6842238647337328,3.7848235011845186,0.7365534519512017,0.4246881373972939,,,,,provisional,0.0,0.0,,,,,,,,,,,,,,,,0.16205275809957462,0.3012374728244674,candidate,6.0,0.0,0.13417994023656524,0.09925494930412154,6.0
,,,,,,,,,,,,,,,,,,,,,6.0,0647,stage1_1005_best,6,3.08504239369926,0.07438750459934383,3.523061148717012,0.5,0.6363636363636364,0.6525726326844006,0.41858842569829463,1.5654813871122057,0.22126078113381661,0.8390968754668267,0.6737136836577996,6.0,1.4874084283699176,0.7169628031885799,1.8536945980154331,0.3333333333333333,0.6842238647337328,3.7848235011845186,0.7365534519512017,0.4246881373972939,,,,,provisional,0.0,0.0,,,,,,,,,,,,,,,,0.16205275809957462,0.3012374728244674,selected,6.0,0.0,0.13417994023656524,0.09925494930412154,6.0
,,,,,,,,,,,,,,,,,,,,,6.0,0647,stage1_1005_best,6,3.081159935394072,0.07446054074709453,3.51811295750711,0.5,0.6363636363636364,0.652953223394746,0.41923342141228415,1.565892259370597,0.2214345912338268,0.8390817919963715,0.6735233883026269,6.0,1.5369127684631514,0.7151995498133092,1.8931359864450399,0.3333333333333333,0.6711818336320866,3.7635793564498505,0.7334204995542671,0.43152007562604705,,,,,final,0.0,0.0,,,,,,,,,,,,,,,,0.1621059455566341,0.3011517275627561,candidate,6.0,0.0,0.13356842153813223,0.1000837416428272,6.0
0.16002696627580124,4.508183678432445,0.31943445096563017,0.17250134436808764,4.188419004255255,0.3391337285941131,0.10907306788625837,4.275800875212331,0.45503845826961237,0.15791667559042816,3.801502138063008,0.4944662447361186,0.14847979831395428,5.119201983978818,0.2801057944561811,0.026432085745477965,0.03743736473864753,0.1231180091428858,0.026193521639637007,0.03882049092451017,0.11924283478236304,6.0,0647,stage1_1005_best,6,3.081159935394072,0.07446054074709453,3.51811295750711,0.5,0.6363636363636364,0.652953223394746,0.41923342141228415,1.565892259370597,0.2214345912338268,0.8390817919963715,0.6735233883026269,6.0,1.5369127684631514,0.7151995498133092,1.8931359864450399,0.3333333333333333,0.6711818336320866,3.7635793564498505,0.7334204995542671,0.43152007562604705,0.14247238636016846,0.1841381243248071,2.7973178814928166,3.557367020410741,final,0.0,0.0,0.00032047724189503455,0.002720614184975075,0.004627737592674825,4.003037329422397,0.1395971983368102,4.714133368256846,0.3584951262933944,1.2508430966894897,0.295654296875,0.038578011706223485,0.2625556259576613,0.31236649712693315,2.0247926493485835,0.3584951262933944,0.7376968118324968,0.1621059455566341,0.3011517275627561,selected,6.0,0.0,0.13356842153813223,0.1000837416428272,6.0
,,,,,,,,,,,,,,,,,,,,,6.0,0648,stage1_1005_best,6,3.33104135690257,0.08416452246312292,3.865371157680376,0.3958333333333333,0.6363636363636364,0.6218559250555511,0.37835652670299397,1.6718468716656958,0.25175835404367597,0.8202103233044399,0.6890720374722246,6.0,1.8174050635684889,0.7733822200416729,1.7938696948509576,0.4,0.782782434981247,4.60669520736035,0.8493031279823411,0.349588896386941,,,,,base,0.0,0.0,,,,,,,,,,,,,,,,0.17138474978328774,0.2720154441120959,candidate,6.0,0.0,0.19872678469479144,0.10347121764860948,6.0
,,,,,,,,,,,,,,,,,,,,,6.0,0648,stage1_1005_best,6,3.33104135690257,0.08416452246312292,3.865371157680376,0.3958333333333333,0.6363636363636364,0.6218559250555511,0.37835652670299397,1.6718468716656958,0.25175835404367597,0.8202103233044399,0.6890720374722246,6.0,1.8174050635684889,0.7733822200416729,1.7938696948509576,0.4,0.782782434981247,4.60669520736035,0.8493031279823411,0.349588896386941,,,,,base,0.0,0.0,,,,,,,,,,,,,,,,0.17138474978328774,0.2720154441120959,selected,6.0,0.0,0.19872678469479144,0.10347121764860948,6.0
,,,,,,,,,,,,,,,,,,,,,6.0,0648,stage1_1005_best,6,3.256666444153753,0.08488498255718437,3.803112727356193,0.390625,0.6420454545454546,0.6100243116063357,0.3818780984580291,1.667955546802374,0.24971723710391067,0.8202267340149866,0.6949878441968321,6.0,2.5148633049788396,0.4625288010994756,2.613484891161785,0.4,0.5385764112637906,3.333889700382341,0.6677013554172075,0.5054812856474113,,,,,provisional,0.0,0.0,,,,,,,,,,,,,,,,0.1704625032579878,0.27156894978340795,candidate,6.0,0.0,0.16384662909439288,0.1851642127241808,6.0
,,,,,,,,,,,,,,,,,,,,,6.0,0648,stage1_1005_best,6,3.256666444153753,0.08488498255718437,3.803112727356193,0.390625,0.6420454545454546,0.6100243116063357,0.3818780984580291,1.667955546802374,0.24971723710391067,0.8202267340149866,0.6949878441968321,6.0,2.5148633049788396,0.4625288010994756,2.613484891161785,0.4,0.5385764112637906,3.333889700382341,0.6677013554172075,0.5054812856474113,,,,,provisional,0.0,0.0,,,,,,,,,,,,,,,,0.1704625032579878,0.27156894978340795,selected,6.0,0.0,0.16384662909439288,0.1851642127241808,6.0
,,,,,,,,,,,,,,,,,,,,,6.0,0648,stage1_1005_best,6,3.258616711782597,0.08485387644950447,3.8042133020158766,0.390625,0.6420454545454546,0.6097342406323915,0.3817108159872452,1.667710115194638,0.24962277392711207,0.8203381918885532,0.6951328796838042,6.0,2.5105665370402073,0.4655601452671144,2.5904053163722263,0.4,0.5441963650368414,3.3496165647510296,0.6692848106225696,0.5025788837105483,,,,,final,0.0,0.0,,,,,,,,,,,,,,,,0.1703876298883809,0.27156760556938725,candidate,6.0,0.0,0.16408125642934282,0.18496679459434756,6.0
0.17797323864320494,4.532519677258163,0.27614940212331224,0.16592083705071523,4.587976064751031,0.2966878807874595,0.13444353265135384,4.620260546711015,0.3089260289178851,0.16483300545743573,4.520860785433379,0.3065064629672334,0.17682479001925708,4.885054382357953,0.27568428696310554,0.03760680149376402,0.03165079434250321,0.21548573110823063,0.0372542505412641,0.03153878430665862,0.2191762554956361,6.0,0648,stage1_1005_best,6,3.258616711782597,0.08485387644950447,3.8042133020158766,0.390625,0.6420454545454546,0.6097342406323915,0.3817108159872452,1.667710115194638,0.24962277392711207,0.8203381918885532,0.6951328796838042,6.0,2.5105665370402073,0.4655601452671144,2.5904053163722263,0.4,0.5441963650368414,3.3496165647510296,0.6692848106225696,0.5025788837105483,0.20244178175926208,0.18322473877107254,2.8264538938585564,4.254936321002371,final,0.0,0.0,0.00024637600070660706,0.001776069524582328,0.010148618375782351,3.9197379379283315,0.1612871843784607,4.697868547394172,0.37744832384643284,1.228017642650375,0.2659912109375,0.04561967180093084,0.2546279543217362,0.32224551716978633,2.0754221757195084,0.37744832384643284,0.7258326541421273,0.1703876298883809,0.27156760556938725,selected,6.0,0.0,0.16408125642934282,0.18496679459434756,6.0
,,,,,,,,,,,,,,,,,,,,,6.0,0649,stage1_1005_best,6,3.659324269595436,0.08428632201280449,4.191744707338205,0.359375,0.6590909090909091,0.6316472804134822,0.3510466087019463,1.7028680374518466,0.2582064017145973,0.8128836740665745,0.684176359793259,6.0,2.3882383455161404,0.761076200614761,1.9023065505487295,0.4,0.7672815709694698,4.4882743649583325,0.8343827510724436,0.37780466164379956,,,,,base,0.0,0.0,,,,,,,,,,,,,,,,0.17157153050418777,0.2748700936966796,candidate,6.0,0.0,0.17344359368754014,0.0871965757894175,6.0
,,,,,,,,,,,,,,,,,,,,,6.0,0649,stage1_1005_best,6,3.659324269595436,0.08428632201280449,4.191744707338205,0.359375,0.6590909090909091,0.6316472804134822,0.3510466087019463,1.7028680374518466,0.2582064017145973,0.8128836740665745,0.684176359793259,6.0,2.3882383455161404,0.761076200614761,1.9023065505487295,0.4,0.7672815709694698,4.4882743649583325,0.8343827510724436,0.37780466164379956,,,,,base,0.0,0.0,,,,,,,,,,,,,,,,0.17157153050418777,0.2748700936966796,selected,6.0,0.0,0.17344359368754014,0.0871965757894175,6.0
,,,,,,,,,,,,,,,,,,,,,6.0,0649,stage1_1005_best,6,3.5915634205554383,0.08109463504811418,4.120937343215771,0.3854166666666667,0.6590909090909091,0.6105936384632578,0.34959455278246654,1.6647137362056792,0.2463920998945583,0.8228255846981526,0.6947031807683711,6.0,2.291583305303403,0.5123367017990499,2.667819678946818,0.4,0.5481289303644432,3.544705217393779,0.6851596097768983,0.49058205188184384,,,,,provisional,0.0,0.0,,,,,,,,,,,,,,,,0.1697134539645486,0.27362916445546703,candidate,6.0,0.0,0.1414771870353714,0.15072986867347327,6.0
,,,,,,,,,,,,,,,,,,,,,6.0,0649,stage1_1005_best,6,3.5915634205554383,0.08109463504811418,4.120937343215771,0.3854166666666667,0.6590909090909091,0.6105936384632578,0.34959455278246654,1.6647137362056792,0.2463920998945583,0.8228255846981526,0.6947031807683711,6.0,2.291583305303403,0.5123367017990499,2.667819678946818,0.4,0.5481289303644432,3.544705217393779,0.6851596097768983,0.49058205188184384,,,,,provisional,0.0,0.0,,,,,,,,,,,,,,,,0.1697134539645486,0.27362916445546703,selected,6.0,0.0,0.1414771870353714,0.15072986867347327,6.0
,,,,,,,,,,,,,,,,,,,,,6.0,0649,stage1_1005_best,6,3.5932084680912335,0.08102063888921268,4.1220133896989966,0.3854166666666667,0.6590909090909091,0.6100689557415255,0.34930620604036217,1.6639750357638754,0.24615803183259938,0.8231504670760984,0.6949655221292372,6.0,2.2440825056369715,0.5123968929958544,2.6525664859878924,0.4,0.5486516989178847,3.5536532378030294,0.6864495394794283,0.4871192138570281,,,,,final,0.0,0.0,,,,,,,,,,,,,,,,0.16955639756280103,0.27365113985856876,candidate,6.0,0.0,0.1410032684941237,0.15156224251402767,6.0
0.15531180429016925,4.9692917538663215,0.28870760228631626,0.12850734625092394,4.784281350985506,0.28396243209874583,0.05125867049302292,3.6917434224358003,0.5589878047608874,0.13172552117400194,4.112251367157268,0.4785666108706134,0.13384046323170784,4.952176105391824,0.2625619465011749,0.027882922044683196,0.056976630822194424,0.19644203911091562,0.027287067623051237,0.05584053715438986,0.19161304633545098,6.0,0649,stage1_1005_best,6,3.5932084680912335,0.08102063888921268,4.1220133896989966,0.3854166666666667,0.6590909090909091,0.6100689557415255,0.34930620604036217,1.6639750357638754,0.24615803183259938,0.8231504670760984,0.6949655221292372,6.0,2.2440825056369715,0.5123968929958544,2.6525664859878924,0.4,0.5486516989178847,3.5536532378030294,0.6864495394794283,0.4871192138570281,0.20946255326271057,0.15638993751355185,2.9660113647669966,4.416085949464622,final,0.0,0.0,0.00019678787340678136,0.0025032884627722864,0.011803405535505337,4.02463142004818,0.1346378095048005,4.762800816982082,0.3470713699937338,1.2629625699877276,0.27099609375,0.04146838054509383,0.2661406009971849,0.30566038477328145,1.9876152099612296,0.3470713699937338,0.7509439578803894,0.16955639756280103,0.27365113985856876,selected,6.0,0.0,0.1410032684941237,0.15156224251402767,6.0
,,,,,,,,,,,,,,,,,,,,,6.0,0650,stage1_1005_best,6,3.0650785281525375,0.08599209805102886,3.6291836043044063,0.4010416666666667,0.65625,0.6050568274004353,0.4035133974768986,1.662701518249901,0.24948183560624446,0.8192133414648758,0.6974715862997823,6.0,2.933711772435133,0.7218202269853479,2.311834688234249,0.2,0.6862662368842224,4.549281772612896,0.8437346002205042,0.3923397171007358,,,,,base,0.0,0.0,,,,,,,,,,,,,,,,0.16856660614779131,0.2741956262237001,candidate,6.0,0.0,0.1994047970611453,0.0968160732492957,6.0
,,,,,,,,,,,,,,,,,,,,,6.0,0650,stage1_1005_best,6,3.0650785281525375,0.08599209805102886,3.6291836043044063,0.4010416666666667,0.65625,0.6050568274004353,0.4035133974768986,1.662701518249901,0.24948183560624446,0.8192133414648758,0.6974715862997823,6.0,2.933711772435133,0.7218202269853479,2.311834688234249,0.2,0.6862662368842224,4.549281772612896,0.8437346002205042,0.3923397171007358,,,,,base,0.0,0.0,,,,,,,,,,,,,,,,0.16856660614779131,0.2741956262237001,selected,6.0,0.0,0.1994047970611453,0.0968160732492957,6.0
,,,,,,,,,,,,,,,,,,,,,6.0,0650,stage1_1005_best,6,2.9949627117670863,0.08476422068594938,3.5714481734888937,0.40625,0.6875,0.5855401453289792,0.40089101812324107,1.625618038290418,0.23743823120040203,0.8292789408692456,0.7072299273355104,6.0,2.607021724046375,0.5313793550001995,2.832407433291906,0.2,0.5345330197739592,3.7765737362846443,0.7336600279751445,0.4680148080358393,,,,,provisional,0.0,0.0,,,,,,,,,,,,,,,,0.16856636371998368,0.2729059256451541,candidate,6.0,0.0,0.181743060874469,0.15453490457753197,6.0
,,,,,,,,,,,,,,,,,,,,,6.0,0650,stage1_1005_best,6,2.9949627117670863,0.08476422068594938,3.5714481734888937,0.40625,0.6875,0.5855401453289792,0.40089101812324107,1.625618038290418,0.23743823120040203,0.8292789408692456,0.7072299273355104,6.0,2.607021724046375,0.5313793550001995,2.832407433291906,0.2,0.5345330197739592,3.7765737362846443,0.7336600279751445,0.4680148080358393,,,,,provisional,0.0,0.0,,,,,,,,,,,,,,,,0.16856636371998368,0.2729059256451541,selected,6.0,0.0,0.181743060874469,0.15453490457753197,6.0
,,,,,,,,,,,,,,,,,,,,,6.0,0650,stage1_1005_best,6,2.9957741837701,0.08476326241967032,3.572051193222772,0.4010416666666667,0.6903409090909091,0.5859185754962627,0.4009689250174168,1.6261502081373276,0.23762924954267528,0.8291301840828943,0.7070407122518686,6.0,2.621095527226122,0.5326587917976869,2.8354441271823894,0.2,0.5341507140646183,3.7831258422737655,0.7352488895231319,0.4669627717213034,,,,,final,0.0,0.0,,,,,,,,,,,,,,,,0.1686026576959542,0.27289193873612594,candidate,6.0,0.0,0.18189905301262244,0.15412773707008198,6.0
0.1603595938964115,4.50855579483044,0.3266888145456063,0.14901681585945523,4.591411717171596,0.27171188202656393,0.11976605526393067,5.2683690128362795,0.27040004247921157,0.17146535927736792,4.5949017512308155,0.34564341613822164,0.16864894560262625,4.602295233809038,0.290034940865714,0.04270573040381536,0.06100272245860905,0.18219067329034747,0.04289422663097098,0.06176823617617977,0.18369021069902236,6.0,0650,stage1_1005_best,6,2.9957741837701,0.08476326241967032,3.572051193222772,0.4010416666666667,0.6903409090909091,0.5859185754962627,0.4009689250174168,1.6261502081373276,0.23762924954267528,0.8291301840828943,0.7070407122518686,6.0,2.621095527226122,0.5326587917976869,2.8354441271823894,0.2,0.5341507140646183,3.7831258422737655,0.7352488895231319,0.4669627717213034,0.2330314815044403,0.14666085191830067,2.9935869326911537,4.3465731652320745,final,0.0,0.0,6.706135431078144e-05,0.0011521779800701681,0.0053776150282751,3.9220460007445697,0.1530254608872214,4.697467123164787,0.36859769802660325,1.2319436164174518,0.2713623046875,0.04393804481610747,0.2557811886454409,0.3208245611074375,2.0476683555487356,0.36859769802660325,0.7299812371303376,0.1686026576959542,0.27289193873612594,selected,6.0,0.0,0.18189905301262244,0.15412773707008198,6.0
,,,,,,,,,,,,,,,,,,,,,6.0,0651,stage1_1005_best,6,2.850980191811702,0.09007106009612609,3.5058740813461626,0.3958333333333333,0.6477272727272727,0.6067327836347155,0.4121090632227218,1.6592522276458184,0.2462029133431942,0.8164040501172778,0.6966336081826422,6.0,1.406649590476306,0.8491527355017526,1.6508767508361557,0.6,0.8075774821144869,4.606060588120799,0.8478238810609926,0.35656523624934194,,,,,base,0.0,0.0,,,,,,,,,,,,,,,,0.16948164948729086,0.2736207405855948,candidate,6.0,0.0,0.16787728540045369,0.0761176129517143,6.0
,,,,,,,,,,,,,,,,,,,,,6.0,0651,stage1_1005_best,6,2.850980191811702,0.09007106009612609,3.5058740813461626,0.3958333333333333,0.6477272727272727,0.6067327836347155,0.4121090632227218,1.6592522276458184,0.2462029133431942,0.8164040501172778,0.6966336081826422,6.0,1.406649590476306,0.8491527355017526,1.6508767508361557,0.6,0.8075774821144869,4.606060588120799,0.8478238810609926,0.35656523624934194,,,,,base,0.0,0.0,,,,,,,,,,,,,,,,0.16948164948729086,0.2736207405855948,selected,6.0,0.0,0.16787728540045369,0.0761176129517143,6.0
,,,,,,,,,,,,,,,,,,,,,6.0,0651,stage1_1005_best,6,2.785476236211278,0.09108092403590147,3.4591641329149505,0.390625,0.6732954545454546,0.5955586531369425,0.4110978879904349,1.6318827981667585,0.23798231122104735,0.8261715068101968,0.7022206734315287,6.0,1.9294950010064404,0.6868123690423162,1.8123541266092071,0.6,0.7635066216809974,4.0155552206316685,0.7738704830855901,0.40250009917355634,,,,,provisional,0.0,0.0,,,,,,,,,,,,,,,,0.17081498824769117,0.2716144156741728,candidate,6.0,0.0,0.15002923008309343,0.13207710180498694,6.0
,,,,,,,,,,,,,,,,,,,,,6.0,0651,stage1_1005_best,6,2.785476236211278,0.09108092403590147,3.4591641329149505,0.390625,0.6732954545454546,0.5955586531369425,0.4110978879904349,1.6318827981667585,0.23798231122104735,0.8261715068101968,0.7022206734315287,6.0,1.9294950010064404,0.6868123690423162,1.8123541266092071,0.6,0.7635066216809974,4.0155552206316685,0.7738704830855901,0.40250009917355634,,,,,provisional,0.0,0.0,,,,,,,,,,,,,,,,0.17081498824769117,0.2716144156741728,selected,6.0,0.0,0.15002923008309343,0.13207710180498694,6.0
,,,,,,,,,,,,,,,,,,,,,6.0,0651,stage1_1005_best,6,2.7889582530807377,0.09111007748639081,3.4624195080641043,0.390625,0.6732954545454546,0.5969314451804094,0.4111925005296236,1.6337754907099142,0.2386176145763354,0.8256261617666741,0.7015342774097953,6.0,1.822505691826421,0.6992161059073437,1.8098928203149138,0.6,0.7605883977595571,4.02180589576944,0.7745761793577777,0.4003475575198864,,,,,final,0.0,0.0,,,,,,,,,,,,,,,,0.1709054984227158,0.27171868897499507,candidate,6.0,0.0,0.15045495662198355,0.13008350748995087,6.0
0.20881171330914441,3.9255185039038456,0.3921288307238892,0.25154916390049104,3.5680209270380727,0.4970412702466263,0.13938903261933938,3.463056360725196,0.5106855437405885,0.15731483920480976,4.029885042114075,0.4206770230859055,0.21634091890113136,4.037582168413435,0.38191657349731783,0.03180120292177205,0.04178610075684589,0.19787567065370723,0.03375161082936159,0.044808773682011104,0.1934519799631781,6.0,0651,stage1_1005_best,6,2.7889582530807377,0.09111007748639081,3.4624195080641043,0.390625,0.6732954545454546,0.5969314451804094,0.4111925005296236,1.6337754907099142,0.2386176145763354,0.8256261617666741,0.7015342774097953,6.0,1.822505691826421,0.6992161059073437,1.8098928203149138,0.6,0.7605883977595571,4.02180589576944,0.7745761793577777,0.4003475575198864,0.23534098267555237,0.2726675083636685,2.513734661108131,2.8844828349840412,final,0.0,0.0,0.0006699755960049093,0.003721562188274761,0.01868480902376767,3.4793944768999077,0.16821678357603284,4.232532670821648,0.3564712805033976,1.2326811563468927,0.3214111328125,0.04208041377317239,0.2513357644782492,0.33126473801744677,2.039484464786611,0.3564712805033976,0.741275876817967,0.1709054984227158,0.27171868897499507,selected,6.0,0.0,0.15045495662198355,0.13008350748995087,6.0
,,,,,,,,,,,,,,,,,,,,,6.0,0652,stage1_1005_best,6,3.6036130157182686,0.08565673953961708,4.12334232444674,0.3802083333333333,0.6392045454545454,0.6368305171283207,0.3609230531837768,1.711816570092792,0.26209846394409364,0.8086571174827751,0.6815847414358397,6.0,2.0313872999498277,0.8005366546381243,1.8353497372907284,0.4,0.7794612213983628,4.869917987624106,0.8811412835321863,0.31331496339316456,,,,,base,0.0,0.0,,,,,,,,,,,,,,,,0.17099629900358884,0.2753584489160717,candidate,6.0,0.0,0.10846263861910091,0.051715957083597205,6.0
,,,,,,,,,,,,,,,,,,,,,6.0,0652,stage1_1005_best,6,3.6036130157182686,0.08565673953961708,4.12334232444674,0.3802083333333333,0.6392045454545454,0.6368305171283207,0.3609230531837768,1.711816570092792,0.26209846394409364,0.8086571174827751,0.6815847414358397,6.0,2.0313872999498277,0.8005366546381243,1.8353497372907284,0.4,0.7794612213983628,4.869917987624106,0.8811412835321863,0.31331496339316456,,,,,base,0.0,0.0,,,,,,,,,,,,,,,,0.17099629900358884,0.2753584489160717,selected,6.0,0.0,0.10846263861910091,0.051715957083597205,6.0
,,,,,,,,,,,,,,,,,,,,,6.0,0652,stage1_1005_best,6,3.5870411635428585,0.08416766456187548,4.10295713855151,0.375,0.6392045454545454,0.6262835709166795,0.35943952611668145,1.6950126612063083,0.2570132350925409,0.8131477563635928,0.6868582145416602,6.0,1.6276022668197305,0.6298206161096707,2.314980056835071,0.4,0.5593386675865573,3.686655724750385,0.7125644568088392,0.5046116531019529,,,,,provisional,0.0,0.0,,,,,,,,,,,,,,,,0.17018475990749357,0.27499194694514617,candidate,6.0,0.0,0.09854193883247796,0.07606591560830013,6.0
,,,,,,,,,,,,,,,,,,,,,6.0,0652,stage1_1005_best,6,3.5870411635428585,0.08416766456187548,4.10295713855151,0.375,0.6392045454545454,0.6262835709166795,0.35943952611668145,1.6950126612063083,0.2570132350925409,0.8131477563635928,0.6868582145416602,6.0,1.6276022668197305,0.6298206161096707,2.314980056835071,0.4,0.5593386675865573,3.686655724750385,0.7125644568088392,0.5046116531019529,,,,,provisional,0.0,0.0,,,,,,,,,,,,,,,,0.17018475990749357,0.27499194694514617,selected,6.0,0.0,0.09854193883247796,0.07606591560830013,6.0
,,,,,,,,,,,,,,,,,,,,,6.0,0652,stage1_1005_best,6,3.5856218173857957,0.08416583490553961,4.1021087899873825,0.375,0.6392045454545454,0.6265177997005764,0.3595696560774428,1.6952577357467364,0.2570848020526326,0.8130854656871728,0.6867411001497118,6.0,1.6753525218992908,0.6217464103228328,2.3464677073151456,0.4,0.5550672315431433,3.6632495589035257,0.70991805661258,0.5052403616170642,,,,,final,0.0,0.0,,,,,,,,,,,,,,,,0.1702250808028106,0.2749667700285604,candidate,6.0,0.0,0.09796582825106032,0.07758637931575221,6.0
0.16590099145709403,4.3512463337085725,0.3339463261227989,0.20821786392468802,4.028415207506069,0.3709276492842974,0.14044400107191188,3.7054788995073538,0.4924011364748818,0.13073509615752005,3.934655973556789,0.447692105099701,0.16228254524654626,4.521603146083548,0.3389116799596795,0.027733224097245702,0.02732570183304968,0.22370870674539226,0.027652874210432932,0.02769222803857971,0.22449022239689087,6.0,0652,stage1_1005_best,6,3.5856218173857957,0.08416583490553961,4.1021087899873825,0.375,0.6392045454545454,0.6265177997005764,0.3595696560774428,1.6952577357467364,0.2570848020526326,0.8130854656871728,0.6867411001497118,6.0,1.6753525218992908,0.6217464103228328,2.3464677073151456,0.4,0.5550672315431433,3.6632495589035257,0.70991805661258,0.5052403616170642,0.2019997090101242,0.2193264020512829,2.59557015353691,4.277701251268221,final,0.0,0.0,0.00023741474779750594,0.0017958904778875718,0.007613867299621678,3.8428577890674065,0.14593670346333107,4.5971615457860855,0.35017637104224014,1.24614770190935,0.2813720703125,0.04195349912543779,0.25964385538695245,0.3177419394094687,2.000178239208471,0.35017637104224014,0.7505928204617816,0.1702250808028106,0.2749667700285604,selected,6.0,0.0,0.09796582825106032,0.07758637931575221,6.0
,,,,,,,,,,,,,,,,,,,,,6.0,0653,stage1_1005_best,6,3.255825232360822,0.08555851678762827,3.8573237376612246,0.3802083333333333,0.6051136363636364,0.6770749375524775,0.39204910585403263,1.6892817513692346,0.2582235801755777,0.8035944336079074,0.6614625312237613,6.0,1.9556024220506505,0.7329328077741588,2.040125364133845,0.4,0.7240717623806096,4.45290176988895,0.828327585186966,0.3713224739186461,,,,,base,0.0,0.0,,,,,,,,,,,,,,,,0.17157468454151736,0.283257286970925,candidate,6.0,0.0,0.16538146034662093,0.09227905283179892,6.0
,,,,,,,,,,,,,,,,,,,,,6.0,0653,stage1_1005_best,6,3.255825232360822,0.08555851678762827,3.8573237376612246,0.3802083333333333,0.6051136363636364,0.6770749375524775,0.39204910585403263,1.6892817513692346,0.2582235801755777,0.8035944336079074,0.6614625312237613,6.0,1.9556024220506505,0.7329328077741588,2.040125364133845,0.4,0.7240717623806096,4.45290176988895,0.828327585186966,0.3713224739186461,,,,,base,0.0,0.0,,,,,,,,,,,,,,,,0.17157468454151736,0.283257286970925,selected,6.0,0.0,0.16538146034662093,0.09227905283179892,6.0
,,,,,,,,,,,,,,,,,,,,,6.0,0653,stage1_1005_best,6,3.1634731261932614,0.08520331503262529,3.790741067633254,0.3802083333333333,0.6335227272727273,0.657014015818724,0.39421055303036756,1.6715132947200841,0.2514409174484829,0.8073084100664097,0.671492992090638,6.0,1.7089919722170839,0.5319670171221828,2.2240284476100225,0.4,0.6261667648664822,3.3493939652363536,0.6656648930795896,0.4829846403137533,,,,,provisional,0.0,0.0,,,,,,,,,,,,,,,,0.17043661969020008,0.2838061960714888,candidate,6.0,0.0,0.14231589780280887,0.17137099769107408,6.0
,,,,,,,,,,,,,,,,,,,,,6.0,0653,stage1_1005_best,6,3.1634731261932614,0.08520331503262529,3.790741067633254,0.3802083333333333,0.6335227272727273,0.657014015818724,0.39421055303036756,1.6715132947200841,0.2514409174484829,0.8073084100664097,0.671492992090638,6.0,1.7089919722170839,0.5319670171221828,2.2240284476100225,0.4,0.6261667648664822,3.3493939652363536,0.6656648930795896,0.4829846403137533,,,,,provisional,0.0,0.0,,,,,,,,,,,,,,,,0.17043661969020008,0.2838061960714888,selected,6.0,0.0,0.14231589780280887,0.17137099769107408,6.0
,,,,,,,,,,,,,,,,,,,,,6.0,0653,stage1_1005_best,6,3.1638353510280934,0.08509071460823549,3.7914760968314973,0.375,0.625,0.6571023414640885,0.3940071830270906,1.6710754118329796,0.25133835869859206,0.8076158498049398,0.6714488292679558,6.0,1.7130787969843815,0.5330062412793358,2.238236212531077,0.4,0.622621127018766,3.3709580639544967,0.6682847837997904,0.4816168794534331,,,,,final,0.0,0.0,,,,,,,,,,,,,,,,0.17046091870001465,0.28377403306546184,candidate,6.0,0.0,0.14278089777818476,0.16886458527464587,6.0
0.14385138856665233,4.8221032604630825,0.283639938949083,0.12740706012052183,4.771818282815315,0.35252998012284253,0.08091590387311848,4.2406452480971115,0.46829842205411354,0.11458433931933791,4.5692933426553495,0.4516164647875833,0.14574498549061055,4.836682388745098,0.31997189785346936,0.024300942796885345,0.04305046534219539,0.1595882842471447,0.024356094609975162,0.042845356844083304,0.16072681021900684,6.0,0653,stage1_1005_best,6,3.1638353510280934,0.08509071460823549,3.7914760968314973,0.375,0.625,0.6571023414640885,0.3940071830270906,1.6710754118329796,0.25133835869859206,0.8076158498049398,0.6714488292679558,6.0,1.7130787969843815,0.5330062412793358,2.238236212531077,0.4,0.622621127018766,3.3709580639544967,0.6682847837997904,0.4816168794534331,0.2508792281150818,0.13818504133187642,3.0843187279233555,4.206962115524303,final,0.0,0.0,0.0002814572279283762,0.0022293087683238834,0.008614933117994526,4.126033847020139,0.11398052643558855,4.9107082019147485,0.30985407568403744,1.3043704293289111,0.256103515625,0.04538647849017782,0.2765478071306589,0.28957357779457554,1.8498999155835623,0.30985407568403744,0.7766292081289232,0.17046091870001465,0.28377403306546184,selected,6.0,0.0,0.14278089777818476,0.16886458527464587,6.0
,,,,,,,,,,,,,,,,,,,,,6.0,0654,stage1_1005_best,6,3.3054128517788537,0.08437513064300019,3.8879807757980975,0.3697916666666667,0.65625,0.6665525235647443,0.3889111838879121,1.6817863805425441,0.25708032801071934,0.8064721086031827,0.6667237382176278,6.0,2.8074409505464377,0.7137663548585379,2.3219102398953213,0.4,0.6776001010864707,4.413458853745981,0.8274605798052297,0.39946067679352504,,,,,base,0.0,0.0,,,,,,,,,,,,,,,,0.17070913616144961,0.28412857674037784,candidate,6.0,0.0,0.19877414242399627,0.09654314320085726,6.0
,,,,,,,,,,,,,,,,,,,,,6.0,0654,stage1_1005_best,6,3.3054128517788537,0.08437513064300019,3.8879807757980975,0.3697916666666667,0.65625,0.6665525235647443,0.3889111838879121,1.6817863805425441,0.25708032801071934,0.8064721086031827,0.6667237382176278,6.0,2.8074409505464377,0.7137663548585379,2.3219102398953213,0.4,0.6776001010864707,4.413458853745981,0.8274605798052297,0.39946067679352504,,,,,base,0.0,0.0,,,,,,,,,,,,,,,,0.17070913616144961,0.28412857674037784,selected,6.0,0.0,0.19877414242399627,0.09654314320085726,6.0
,,,,,,,,,,,,,,,,,,,,,6.0,0654,stage1_1005_best,6,3.2380155909408948,0.08338595647713419,3.8381070192538864,0.375,0.6363636363636364,0.66256277837196,0.3927851133196337,1.674937771883446,0.25318472359287997,0.8075552492203165,0.6687186108140201,6.0,2.3819670163990336,0.43376832294401246,2.9440286193007323,0.4,0.4407174055258619,3.1079922357962015,0.6241793898700656,0.5733705432482566,,,,,provisional,0.0,0.0,,,,,,,,,,,,,,,,0.17041986921210767,0.2846989990727748,candidate,6.0,0.0,0.15476353190783126,0.1804874171016105,6.0
,,,,,,,,,,,,,,,,,,,,,6.0,0654,stage1_1005_best,6,3.2380155909408948,0.08338595647713419,3.8381070192538864,0.375,0.6363636363636364,0.66256277837196,0.3927851133196337,1.674937771883446,0.25318472359287997,0.8075552492203165,0.6687186108140201,6.0,2.3819670163990336,0.43376832294401246,2.9440286193007323,0.4,0.4407174055258619,3.1079922357962015,0.6241793898700656,0.5733705432482566,,,,,provisional,0.0,0.0,,,,,,,,,,,,,,,,0.17041986921210767,0.2846989990727748,selected,6.0,0.0,0.15476353190783126,0.1804874171016105,6.0
,,,,,,,,,,,,,,,,,,,,,6.0,0654,stage1_1005_best,6,3.2388172592715585,0.08350195413542973,3.8381020162642656,0.3802083333333333,0.625,0.6634711665479801,0.39301577368868323,1.6760276579030513,0.2535310155059413,0.8071606815915207,0.66826441672601,6.0,2.4056361321519577,0.4392550448903224,2.9478661602743963,0.4,0.4450609418943271,3.138734296107039,0.6299489782261257,0.5685903197815741,,,,,final,0.0,0.0,,,,,,,,,,,,,,,,0.1704889784426241,0.28468932257402585,candidate,6.0,0.0,0.15639917097598402,0.17848500238765688,6.0
0.14800408829377237,4.523057685104,0.2921888799037597,0.14832477478147424,4.710034684515728,0.29472280927075195,0.06854781382392604,5.161382296046705,0.2731731224957138,0.1493011263250934,4.044266977879207,0.4744031910412395,0.13550289979083488,5.138304649779607,0.23624815894051865,0.0421578900742841,0.040873307042777994,0.20202415521740114,0.04351382354704645,0.03957213262291046,0.20488908551564797,6.0,0654,stage1_1005_best,6,3.2388172592715585,0.08350195413542973,3.8381020162642656,0.3802083333333333,0.625,0.6634711665479801,0.39301577368868323,1.6760276579030513,0.2535310155059413,0.8071606815915207,0.66826441672601,6.0,2.4056361321519577,0.4392550448903224,2.9478661602743963,0.4,0.4450609418943271,3.138734296107039,0.6299489782261257,0.5685903197815741,0.19540271162986755,0.14720972810893426,3.0294034704812405,4.67175700204775,final,0.0,0.0,0.00019452732278711605,0.0027150034548079466,0.007252608937282925,4.149138339396439,0.1294679313971401,4.899259965850874,0.3473616565761129,1.2679693828584186,0.26171875,0.04317609994331002,0.26808079269027746,0.30182423860537894,1.9760474154432965,0.3473616565761129,0.7511108467156002,0.1704889784426241,0.28468932257402585,selected,6.0,0.0,0.15639917097598402,0.17848500238765688,6.0
,,,,,,,,,,,,,,,,,,,,,6.0,0655,stage1_1005_best,6,3.440716625134757,0.08402281477500315,4.026249607908716,0.375,0.6164772727272727,0.6814197196998322,0.3764452314397572,1.6937409025964651,0.2584936569137186,0.8044106990753601,0.6592901401500839,6.0,1.2092247192266394,0.7885298338775847,1.7258603102250114,0.6,0.749027228905647,4.511504357773687,0.8353526593154343,0.3671208461130286,,,,,base,0.0,0.0,,,,,,,,,,,,,,,,0.17249583425661275,0.28474743176650036,candidate,6.0,0.0,0.17738151592135581,0.1209898047217561,6.0
,,,,,,,,,,,,,,,,,,,,,6.0,0655,stage1_1005_best,6,3.440716625134757,0.08402281477500315,4.026249607908716,0.375,0.6164772727272727,0.6814197196998322,0.3764452314397572,1.6937409025964651,0.2584936569137186,0.8044106990753601,0.6592901401500839,6.0,1.2092247192266394,0.7885298338775847,1.7258603102250114,0.6,0.749027228905647,4.511504357773687,0.8353526593154343,0.3671208461130286,,,,,base,0.0,0.0,,,,,,,,,,,,,,,,0.17249583425661275,0.28474743176650036,selected,6.0,0.0,0.17738151592135581,0.1209898047217561,6.0
,,,,,,,,,,,,,,,,,,,,,6.0,0655,stage1_1005_best,6,3.327301584531017,0.08493932590677325,3.941444872359769,0.3697916666666667,0.6221590909090909,0.6658234217676987,0.3805507706171234,1.682083708855135,0.25405939636018476,0.8058015554664228,0.6670882891161507,6.0,1.68451200306795,0.5625997926488133,2.295136079515189,0.6,0.5523200293546688,3.015505626850909,0.608747119695672,0.5530894764324634,,,,,provisional,0.0,0.0,,,,,,,,,,,,,,,,0.17203089122684687,0.28447515401674633,candidate,6.0,0.0,0.13770827952738937,0.1929239091698544,6.0
,,,,,,,,,,,,,,,,,,,,,6.0,0655,stage1_1005_best,6,3.327301584531017,0.08493932590677325,3.941444872359769,0.3697916666666667,0.6221590909090909,0.6658234217676987,0.3805507706171234,1.682083708855135,0.25405939636018476,0.8058015554664228,0.6670882891161507,6.0,1.68451200306795,0.5625997926488133,2.295136079515189,0.6,0.5523200293546688,3.015505626850909,0.608747119695672,0.5530894764324634,,,,,provisional,0.0,0.0,,,,,,,,,,,,,,,,0.17203089122684687,0.28447515401674633,selected,6.0,0.0,0.13770827952738937,0.1929239091698544,6.0
,,,,,,,,,,,,,,,,,,,,,6.0,0655,stage1_1005_best,6,3.3299027672227317,0.08501530163466203,3.9423223256133806,0.375,0.6221590909090909,0.6665771079508307,0.38083871157147037,1.6834166517098055,0.2544097342391865,0.8054303183027645,0.6667114460245847,6.0,1.6878414297177482,0.5648738153443175,2.2880526281445577,0.6,0.5536955209033626,3.0205444645366404,0.6101179067953658,0.5519320375014944,,,,,final,0.0,0.0,,,,,,,,,,,,,,,,0.1720120298264532,0.28456180877188575,candidate,6.0,0.0,0.13800871471342308,0.19230723881033399,6.0
0.16125850671717004,4.36550251450815,0.37435642414569936,0.1785161704751392,4.222206070696149,0.3322018922749263,0.09760051757922907,3.772286047142955,0.47772583242695493,0.16294233582162532,4.602205586709023,0.3481674342837472,0.1802771987081339,4.216202097986693,0.3972538868347974,0.024013144263155484,0.036916401764333376,0.18374596572705335,0.025090735633277326,0.03973336397023154,0.18563024680422677,6.0,0655,stage1_1005_best,6,3.3299027672227317,0.08501530163466203,3.9423223256133806,0.375,0.6221590909090909,0.6665771079508307,0.38083871157147037,1.6834166517098055,0.2544097342391865,0.8054303183027645,0.6667114460245847,6.0,1.6878414297177482,0.5648738153443175,2.2880526281445577,0.6,0.5536955209033626,3.0205444645366404,0.6101179067953658,0.5519320375014944,0.21663697063922882,0.2067135132063484,2.6782668041482243,3.792186901745845,final,0.0,0.0,0.0002539250912663801,0.0034750848096074542,0.005206110715571862,3.8401550633657773,0.15295025619992023,4.569733713129182,0.3703673228986045,1.221707532912111,0.3116455078125,0.04474473797163431,0.25446746691176797,0.3295287688242011,2.0553797065709336,0.3703673228986045,0.7315215595554758,0.1720120298264532,0.28456180877188575,selected,6.0,0.0,0.13800871471342308,0.19230723881033399,6.0
,,,,,,,,,,,,,,,,,,,,,6.0,0656,stage1_1005_best,6,3.268641346529552,0.08143701492860601,3.9101744591322922,0.3385416666666667,0.6392045454545454,0.6330287700993974,0.3728275691092518,1.644473699269912,0.2432279497835495,0.8197739966040861,0.6834856149503014,6.0,1.7575799904177043,0.722057782887905,2.0427458606238744,0.4,0.7115125093531124,4.501354887410015,0.83372059399559,0.36489425636339234,,,,,base,0.0,0.0,,,,,,,,,,,,,,,,0.1673684430483669,0.28395993276827014,candidate,6.0,0.0,0.20240600649844076,0.12284179813995665,6.0
,,,,,,,,,,,,,,,,,,,,,6.0,0656,stage1_1005_best,6,3.268641346529552,0.08143701492860601,3.9101744591322922,0.3385416666666667,0.6392045454545454,0.6330287700993974,0.3728275691092518,1.644473699269912,0.2432279497835495,0.8197739966040861,0.6834856149503014,6.0,1.7575799904177043,0.722057782887905,2.0427458606238744,0.4,0.7115125093531124,4.501354887410015,0.83372059399559,0.36489425636339234,,,,,base,0.0,0.0,,,,,,,,,,,,,,,,0.1673684430483669,0.28395993276827014,selected,6.0,0.0,0.20240600649844076,0.12284179813995665,6.0
,,,,,,,,,,,,,,,,,,,,,6.0,0656,stage1_1005_best,6,3.197660873194333,0.07986298121725345,3.857237277326045,0.3489583333333333,0.6647727272727273,0.6131509928250862,0.3684456592261887,1.6104431882118482,0.23280282164318447,0.832358977742255,0.6934245035874569,6.0,2.270767015409346,0.4918008244627071,2.682154183184973,0.4,0.5208672089023394,3.2569032990487927,0.6549989781175533,0.5001715913930347,,,,,provisional,0.0,0.0,,,,,,,,,,,,,,,,0.1671572068188863,0.2822198405292776,candidate,6.0,0.0,0.18236908589744222,0.21168691629813802,6.0
,,,,,,,,,,,,,,,,,,,,,6.0,0656,stage1_1005_best,6,3.197660873194333,0.07986298121725345,3.857237277326045,0.3489583333333333,0.6647727272727273,0.6131509928250862,0.3684456592261887,1.6104431882118482,0.23280282164318447,0.832358977742255,0.6934245035874569,6.0,2.270767015409346,0.4918008244627071,2.682154183184973,0.4,0.5208672089023394,3.2569032990487927,0.6549989781175533,0.5001715913930347,,,,,provisional,0.0,0.0,,,,,,,,,,,,,,,,0.1671572068188863,0.2822198405292776,selected,6.0,0.0,0.18236908589744222,0.21168691629813802,6.0
,,,,,,,,,,,,,,,,,,,,,6.0,0656,stage1_1005_best,6,3.1965559731437296,0.07985118140653581,3.8557447269225724,0.3489583333333333,0.6647727272727273,0.6141772982971048,0.36891052580152006,1.6113065737391132,0.2331325329856965,0.8321677666669688,0.6929113508514476,6.0,2.306627421851404,0.49266556329519695,2.7066536932371674,0.4,0.5182531960163772,3.2678809975253076,0.6571045577182087,0.49583642607807643,,,,,final,0.0,0.0,,,,,,,,,,,,,,,,0.16725761614977117,0.28219598194262385,candidate,6.0,0.0,0.18255085350704528,0.21067688953304833,6.0
0.16966270973386244,4.539157455135285,0.2955612117850754,0.19967677931083105,4.061933577885914,0.36525043169439503,0.15055425171539452,4.5124294951792825,0.3655000763507857,0.22004424654375704,4.391713673513554,0.2941147843087945,0.18854588108365697,4.267943573617774,0.3284124980020761,0.051849006975080984,0.06262456828423744,0.21840687933365463,0.05231454907811895,0.0640355234026065,0.2184330890289562,6.0,0656,stage1_1005_best,6,3.1965559731437296,0.07985118140653581,3.8557447269225724,0.3489583333333333,0.6647727272727273,0.6141772982971048,0.36891052580152006,1.6113065737391132,0.2331325329856965,0.8321677666669688,0.6929113508514476,6.0,2.306627421851404,0.49266556329519695,2.7066536932371674,0.4,0.5182531960163772,3.2678809975253076,0.6571045577182087,0.49583642607807643,0.2192746102809906,0.20748529492487985,2.879521259892188,4.144209426155521,final,0.0,0.0,0.000188404646936348,0.002978835407335054,0.009881013374658585,3.9075402812272344,0.1662763429699607,4.707789866154995,0.38566881467119296,1.2188032017517996,0.2613525390625,0.040563598988347535,0.2523402797117447,0.3264931428244232,2.10502076191856,0.3856688146711929,0.7225812894646932,0.16725761614977117,0.28219598194262385,selected,6.0,0.0,0.18255085350704528,0.21067688953304833,6.0
,,,,,,,,,,,,,,,,,,,,,6.0,0657,stage1_1005_best,6,3.432224967529593,0.08379825952508665,4.022655288149806,0.328125,0.6363636363636364,0.6588810611241356,0.37325289625451274,1.6849872203194718,0.25707240457178243,0.8079641979106564,0.6705594694379322,6.0,2.228727429198798,0.7747312678415041,1.8215421167545354,0.4,0.7787385847379612,4.686774704012721,0.8605965130527223,0.3491757372345025,,,,,base,0.0,0.0,,,,,,,,,,,,,,,,0.16918185552116327,0.28353742247327957,candidate,6.0,0.0,0.17683281546682872,0.0845252004327071,6.0
,,,,,,,,,,,,,,,,,,,,,6.0,0657,stage1_1005_best,6,3.432224967529593,0.08379825952508665,4.022655288149806,0.328125,0.6363636363636364,0.6588810611241356,0.37325289625451274,1.6849872203194718,0.25707240457178243,0.8079641979106564,0.6705594694379322,6.0,2.228727429198798,0.7747312678415041,1.8215421167545354,0.4,0.7787385847379612,4.686774704012721,0.8605965130527223,0.3491757372345025,,,,,base,0.0,0.0,,,,,,,,,,,,,,,,0.16918185552116327,0.28353742247327957,selected,6.0,0.0,0.17683281546682872,0.0845252004327071,6.0
,,,,,,,,,,,,,,,,,,,,,6.0,0657,stage1_1005_best,6,3.3594750480538544,0.07965421025561813,3.9770855802704443,0.34375,0.6647727272727273,0.6353790595313122,0.366202003671435,1.6368680130955182,0.24305152010915773,0.8250514361510074,0.6823104702343439,6.0,1.947899674379219,0.5474733940128617,2.4153595976676248,0.4,0.5618022029989521,3.1461718026165477,0.6357769229905778,0.5043601891373832,,,,,provisional,0.0,0.0,,,,,,,,,,,,,,,,0.16833530957471965,0.28348746664878044,candidate,6.0,0.0,0.15491994482408616,0.14238454533701972,6.0
,,,,,,,,,,,,,,,,,,,,,6.0,0657,stage1_1005_best,6,3.3594750480538544,0.07965421025561813,3.9770855802704443,0.34375,0.6647727272727273,0.6353790595313122,0.366202003671435,1.6368680130955182,0.24305152010915773,0.8250514361510074,0.6823104702343439,6.0,1.947899674379219,0.5474733940128617,2.4153595976676248,0.4,0.5618022029989521,3.1461718026165477,0.6357769229905778,0.5043601891373832,,,,,provisional,0.0,0.0,,,,,,,,,,,,,,,,0.16833530957471965,0.28348746664878044,selected,6.0,0.0,0.15491994482408616,0.14238454533701972,6.0
,,,,,,,,,,,,,,,,,,,,,6.0,0657,stage1_1005_best,6,3.361178201220487,0.07969522540771767,3.9770670478516457,0.3489583333333333,0.6647727272727273,0.6362881820949782,0.3665402496555727,1.6377454391932291,0.24343277003713198,0.8248331101186198,0.6818559089525109,6.0,2.010943933187689,0.5437483733379748,2.4571130175384175,0.4,0.5564258649610516,3.1762313351569142,0.6413063984741584,0.5090956415657563,,,,,final,0.0,0.0,,,,,,,,,,,,,,,,0.16844642484815228,0.2833898265597704,candidate,6.0,0.0,0.154955465624344,0.14314293694539731,6.0
0.1213081761629755,4.35979893606859,0.3317281131059452,0.13119715466123677,4.837432536163731,0.26361403080079093,0.0778518629417874,4.858298438783942,0.3307566733555457,0.17305265524289576,3.906370677527514,0.48855160270467524,0.11986578556224105,5.173747061193314,0.21585950916158533,0.04250187100393926,0.06924758700743262,0.21735615886426116,0.04166806272757012,0.06968365143446119,0.22125307276228792,6.0,0657,stage1_1005_best,6,3.361178201220487,0.07969522540771767,3.9770670478516457,0.3489583333333333,0.6647727272727273,0.6362881820949782,0.3665402496555727,1.6377454391932291,0.24343277003713198,0.8248331101186198,0.6818559089525109,6.0,2.010943933187689,0.5437483733379748,2.4571130175384175,0.4,0.5564258649610516,3.1762313351569142,0.6413063984741584,0.5090956415657563,0.19811882078647614,0.13982179552376914,2.9882030714567147,4.4794344848486025,final,0.0,0.0,0.00027738730542393417,0.0030050994771082377,0.012377626611721244,3.9876158110142783,0.12454320484103738,4.788843493796228,0.31289104462198025,1.2903031346140565,0.28564453125,0.04133826169061625,0.2715654855926353,0.29824289449780733,1.8762951060766797,0.31289104462198025,0.7760912983836541,0.16844642484815228,0.2833898265597704,selected,6.0,0.0,0.154955465624344,0.14314293694539731,6.0
,,,,,,,,,,,,,,,,,,,,,6.0,0658,stage1_1005_best,6,3.187591899648704,0.07570775891817526,3.684325194213017,0.4895833333333333,0.6278409090909091,0.677779905952099,0.3984867275494658,1.565543085690355,0.22147269277078846,0.8383644080090753,0.6611100470239506,6.0,1.918335959251873,0.7177926635673637,2.035557223375633,0.4,0.7167153778554665,4.6230858278679525,0.8512670412985867,0.3630759810110556,,,,,base,0.0,0.0,,,,,,,,,,,,,,,,0.16390986146806294,0.3026196490910607,candidate,6.0,0.0,0.17476011296380647,0.10182498766765408,6.0
,,,,,,,,,,,,,,,,,,,,,6.0,0658,stage1_1005_best,6,3.187591899648704,0.07570775891817526,3.684325194213017,0.4895833333333333,0.6278409090909091,0.677779905952099,0.3984867275494658,1.565543085690355,0.22147269277078846,0.8383644080090753,0.6611100470239506,6.0,1.918335959251873,0.7177926635673637,2.035557223375633,0.4,0.7167153778554665,4.6230858278679525,0.8512670412985867,0.3630759810110556,,,,,base,0.0,0.0,,,,,,,,,,,,,,,,0.16390986146806294,0.3026196490910607,selected,6.0,0.0,0.17476011296380647,0.10182498766765408,6.0
,,,,,,,,,,,,,,,,,,,,,6.0,0658,stage1_1005_best,6,3.124304146832052,0.07592010461796725,3.6512421051549038,0.4739583333333333,0.6278409090909091,0.6777237117122694,0.3987627856021599,1.5583412038735378,0.21874217529398876,0.8393050632438701,0.6611381441438653,6.0,2.1992266031540755,0.5203622932107801,2.5386256096880246,0.4,0.5633214569872735,3.549555169752041,0.7026979206676988,0.46586823376260184,,,,,provisional,0.0,0.0,,,,,,,,,,,,,,,,0.16581876606747675,0.3005281771393167,candidate,6.0,0.0,0.15300595941884193,0.1541494985413507,6.0
,,,,,,,,,,,,,,,,,,,,,6.0,0658,stage1_1005_best,6,3.124304146832052,0.07592010461796725,3.6512421051549038,0.4739583333333333,0.6278409090909091,0.6777237117122694,0.3987627856021599,1.5583412038735378,0.21874217529398876,0.8393050632438701,0.6611381441438653,6.0,2.1992266031540755,0.5203622932107801,2.5386256096880246,0.4,0.5633214569872735,3.549555169752041,0.7026979206676988,0.46586823376260184,,,,,provisional,0.0,0.0,,,,,,,,,,,,,,,,0.16581876606747675,0.3005281771393167,selected,6.0,0.0,0.15300595941884193,0.1541494985413507,6.0
,,,,,,,,,,,,,,,,,,,,,6.0,0658,stage1_1005_best,6,3.1234561443769304,0.07591366775870395,3.650858162026348,0.4739583333333333,0.6306818181818182,0.6776022483951137,0.3988276785809946,1.5585440427984658,0.21876452433886415,0.8392177995355494,0.6611988758024431,6.0,2.198998814906054,0.5166556272600028,2.5450834530865474,0.4,0.5613846526021848,3.5560377972113684,0.7031767715087726,0.4678547933140066,,,,,final,0.0,0.0,,,,,,,,,,,,,,,,0.16578602009520405,0.3005240239059261,candidate,6.0,0.0,0.1523270239942544,0.15457071883529183,6.0
0.16129402292783637,4.790162933968471,0.2640725791202131,0.16826034832501388,4.704414168942057,0.25587328162472567,0.035155590691972126,4.378659566637776,0.4650706825064871,0.18684861284790202,4.3293135086589345,0.43770123993816656,0.16395360053685792,4.541896982111145,0.340535738965562,0.038971840078578825,0.03471547155477674,0.23401218874172255,0.03970299726438658,0.03490991061109037,0.23737333771725666,6.0,0658,stage1_1005_best,6,3.1234561443769304,0.07591366775870395,3.650858162026348,0.4739583333333333,0.6306818181818182,0.6776022483951137,0.3988276785809946,1.5585440427984658,0.21876452433886415,0.8392177995355494,0.6611988758024431,6.0,2.198998814906054,0.5166556272600028,2.5450834530865474,0.4,0.5613846526021848,3.5560377972113684,0.7031767715087726,0.4678547933140066,0.23126959800720215,0.17925903987738506,2.789918454840231,4.473634400176596,final,0.0,0.0,0.00017905845684762487,0.001303639144021208,0.008821232530680864,4.162019442262064,0.14905260856611766,4.932280378071454,0.38846179081965077,1.225078819533468,0.22216796875,0.04321799795585126,0.2571586665263213,0.3162213707586751,2.102717315277789,0.38846179081965077,0.7163329474393973,0.16578602009520405,0.3005240239059261,selected,6.0,0.0,0.1523270239942544,0.15457071883529183,6.0
,,,,,,,,,,,,,,,,,,,,,6.0,0659,stage1_1005_best,6,3.42128553052528,0.07639787381868952,3.798860362956944,0.4895833333333333,0.6051136363636364,0.7081527264835574,0.3910420625552999,1.5933661390642302,0.230852810780457,0.8375636813871958,0.6459236367582213,6.0,2.285661151818765,0.6878102266383236,2.197415472215073,0.4,0.6872043645674715,4.444258988359647,0.8297797968966221,0.3762201921895433,,,,,base,0.0,0.0,,,,,,,,,,,,,,,,0.1671147456488919,0.3037474130254297,candidate,6.0,0.0,0.13597375188615488,0.08826695718717123,6.0
,,,,,,,,,,,,,,,,,,,,,6.0,0659,stage1_1005_best,6,3.42128553052528,0.07639787381868952,3.798860362956944,0.4895833333333333,0.6051136363636364,0.7081527264835574,0.3910420625552999,1.5933661390642302,0.230852810780457,0.8375636813871958,0.6459236367582213,6.0,2.285661151818765,0.6878102266383236,2.197415472215073,0.4,0.6872043645674715,4.444258988359647,0.8297797968966221,0.3762201921895433,,,,,base,0.0,0.0,,,,,,,,,,,,,,,,0.1671147456488919,0.3037474130254297,selected,6.0,0.0,0.13597375188615488,0.08826695718717123,6.0
,,,,,,,,,,,,,,,,,,,,,6.0,0659,stage1_1005_best,6,3.369541647863322,0.07580619972375245,3.7557136569911016,0.5,0.6022727272727273,0.7052056673363015,0.3942029643004447,1.5841783198945276,0.22774868321649755,0.8396015284322588,0.6473971663318493,6.0,2.4485698591975775,0.5300604822831195,2.708110837067905,0.4,0.5168589908202856,3.364132732406869,0.6685983471562772,0.5383489198572325,,,,,provisional,0.0,0.0,,,,,,,,,,,,,,,,0.16671570968147548,0.3038903100172583,candidate,6.0,0.0,0.12241676275328346,0.1315170322246002,6.0
,,,,,,,,,,,,,,,,,,,,,6.0,0659,stage1_1005_best,6,3.369541647863322,0.07580619972375245,3.7557136569911016,0.5,0.6022727272727273,0.7052056673363015,0.3942029643004447,1.5841783198945276,0.22774868321649755,0.8396015284322588,0.6473971663318493,6.0,2.4485698591975775,0.5300604822831195,2.708110837067905,0.4,0.5168589908202856,3.364132732406869,0.6685983471562772,0.5383489198572325,,,,,provisional,0.0,0.0,,,,,,,,,,,,,,,,0.16671570968147548,0.3038903100172583,selected,6.0,0.0,0.12241676275328346,0.1315170322246002,6.0
,,,,,,,,,,,,,,,,,,,,,6.0,0659,stage1_1005_best,6,3.3700229279880127,0.07582289536277506,3.7568159425122474,0.5,0.6022727272727273,0.7052832861253635,0.39410308101956515,1.5842325690405066,0.22778753181060993,0.8395495111370783,0.6473583569373184,6.0,2.4193106895641106,0.535244897504247,2.683898771365413,0.4,0.521498953178566,3.390923823257624,0.6732843631159886,0.5359846114672042,,,,,final,0.0,0.0,,,,,,,,,,,,,,,,0.16673152150539627,0.303872553859245,candidate,6.0,0.0,0.12268357753893416,0.13066349239832914,6.0
0.19186894899081658,4.310068783662709,0.32438270756839793,0.171123314523415,3.8729233282642865,0.36592433389878043,0.11886366861172423,4.458136831612017,0.29674494147929353,0.14666668001176283,4.205601953406403,0.47628417720027494,0.18611307105326189,4.685820814221911,0.36002374468172316,0.025762227757705116,0.02042027431033592,0.20955616336256536,0.026516932143166264,0.020740816951539842,0.21342871303392122,6.0,0659,stage1_1005_best,6,3.3700229279880127,0.07582289536277506,3.7568159425122474,0.5,0.6022727272727273,0.7052832861253635,0.39410308101956515,1.5842325690405066,0.22778753181060993,0.8395495111370783,0.6473583569373184,6.0,2.4193106895641106,0.535244897504247,2.683898771365413,0.4,0.521498953178566,3.390923823257624,0.6732843631159886,0.5359846114672042,0.24427103996276855,0.2027822900495118,2.727752834460698,4.069968865049448,final,0.0,0.0,0.0001085923165624108,0.0010407158516330805,0.007952978949102997,3.7669679241488487,0.15591402156138337,4.493306551125791,0.3554824621592629,1.2510837394893413,0.2745361328125,0.04047464416886244,0.2595032863566482,0.3156152863013707,2.031997863204735,0.3554824621592629,0.7424164845839889,0.16673152150539627,0.303872553859245,selected,6.0,0.0,0.12268357753893416,0.13066349239832914,6.0
,,,,,,,,,,,,,,,,,,,,,6.0,0660,stage1_1005_best,6,3.433940108464686,0.07657110412401781,3.905025665768596,0.4635416666666667,0.6136363636363636,0.7002870706564459,0.3792586076871468,1.5913685369359047,0.2301456652030115,0.8347309153071221,0.649856464671777,6.0,2.4803441259672145,0.6977136860095049,2.393342358231616,0.4,0.6380340164755912,4.279822279116007,0.8059728041245245,0.4132544321387755,,,,,base,0.0,0.0,,,,,,,,,,,,,,,,0.16679286960642925,0.30299762292148663,candidate,6.0,0.0,0.23141209970095986,0.1278775414114259,6.0
,,,,,,,,,,,,,,,,,,,,,6.0,0660,stage1_1005_best,6,3.433940108464686,0.07657110412401781,3.905025665768596,0.4635416666666667,0.6136363636363636,0.7002870706564459,0.3792586076871468,1.5913685369359047,0.2301456652030115,0.8347309153071221,0.649856464671777,6.0,2.4803441259672145,0.6977136860095049,2.393342358231616,0.4,0.6380340164755912,4.279822279116007,0.8059728041245245,0.4132544321387755,,,,,base,0.0,0.0,,,,,,,,,,,,,,,,0.16679286960642925,0.30299762292148663,selected,6.0,0.0,0.23141209970095986,0.1278775414114259,6.0
,,,,,,,,,,,,,,,,,,,,,6.0,0660,stage1_1005_best,6,3.4617450359560964,0.0757348094091004,4.017905175446613,0.4322916666666667,0.6193181818181818,0.6909249154810202,0.36588892219814906,1.5877193369774985,0.2299905675003509,0.832746085974115,0.65453754225949,6.0,2.3776526973396126,0.4367764701660921,2.9062600316782867,0.4,0.4457316861518675,3.3417949846444954,0.6662574114783752,0.5072096099946531,,,,,provisional,0.0,0.0,,,,,,,,,,,,,,,,0.16827300865640069,0.29731771909127597,candidate,6.0,0.0,0.18791968603712597,0.21551215758909847,6.0
,,,,,,,,,,,,,,,,,,,,,6.0,0660,stage1_1005_best,6,3.4617450359560964,0.0757348094091004,4.017905175446613,0.4322916666666667,0.6193181818181818,0.6909249154810202,0.36588892219814906,1.5877193369774985,0.2299905675003509,0.832746085974115,0.65453754225949,6.0,2.3776526973396126,0.4367764701660921,2.9062600316782867,0.4,0.4457316861518675,3.3417949846444954,0.6662574114783752,0.5072096099946531,,,,,provisional,0.0,0.0,,,,,,,,,,,,,,,,0.16827300865640069,0.29731771909127597,selected,6.0,0.0,0.18791968603712597,0.21551215758909847,6.0
,,,,,,,,,,,,,,,,,,,,,6.0,0660,stage1_1005_best,6,3.4596160022655713,0.07566740816029688,4.012558737516314,0.4322916666666667,0.6193181818181818,0.6917865571125662,0.3664412071949723,1.5870550350269677,0.22981968599603414,0.8330275244521378,0.654106721443717,6.0,2.443601114386256,0.4348630245907973,2.9445281778489267,0.4,0.44490146655806145,3.34106097143367,0.6663871096605918,0.5103121858331943,,,,,final,0.0,0.0,,,,,,,,,,,,,,,,0.16825823004151222,0.2974751893343371,candidate,6.0,0.0,0.18804633170334858,0.21535138754112715,6.0
0.16728879322093881,3.692020439175649,0.4355063129383327,0.14893942717904946,3.182993331560472,0.41429589528364935,0.08578332969021901,4.76777993019534,0.28302570073981265,0.2010384778223571,4.2068959209763985,0.40016224389158556,0.15125015230715128,4.235691824407419,0.3539299868732937,0.041488740712968424,0.08984791678710617,0.1640983800430669,0.0418996565416567,0.09291379568041343,0.1633308660478204,6.0,0660,stage1_1005_best,6,3.4596160022655713,0.07566740816029688,4.012558737516314,0.4322916666666667,0.6193181818181818,0.6917865571125662,0.3664412071949723,1.5870550350269677,0.22981968599603414,0.8330275244521378,0.654106721443717,6.0,2.443601114386256,0.4348630245907973,2.9445281778489267,0.4,0.44490146655806145,3.34106097143367,0.6663871096605918,0.5103121858331943,0.17024806141853333,0.1474703253763026,2.690442245944881,3.5369497719446548,final,0.0,0.0,0.0001678134445961396,0.003513164418697487,0.008575598994819142,3.9117005123975215,0.16262859171983976,4.659263018564267,0.385103521538843,1.2246474463276624,0.2786865234375,0.04253321834330147,0.2538113684735825,0.32354645563791495,2.1229789796223404,0.385103521538843,0.7171741720699067,0.16825823004151222,0.2974751893343371,selected,6.0,0.0,0.18804633170334858,0.21535138754112715,6.0
,,,,,,,,,,,,,,,,,,,,,6.0,0661,stage1_1005_best,6,3.489332183309507,0.07901523342402925,3.939597097984317,0.4739583333333333,0.59375,0.7128337797565937,0.37750542244609786,1.6122705508613802,0.23646027574288497,0.8317437552797914,0.6435831101217032,6.0,1.8047287022506857,0.8145645821750038,1.7812931036554382,0.8,0.77998195297818,4.46243095929242,0.8325478016960602,0.4024005612086273,,,,,base,0.0,0.0,,,,,,,,,,,,,,,,0.16830664014998703,0.3022783697232466,candidate,6.0,0.0,0.18551487612756273,0.0894110869674605,6.0
,,,,,,,,,,,,,,,,,,,,,6.0,0661,stage1_1005_best,6,3.489332183309507,0.07901523342402925,3.939597097984317,0.4739583333333333,0.59375,0.7128337797565937,0.37750542244609786,1.6122705508613802,0.23646027574288497,0.8317437552797914,0.6435831101217032,6.0,1.8047287022506857,0.8145645821750038,1.7812931036554382,0.8,0.77998195297818,4.46243095929242,0.8325478016960602,0.4024005612086273,,,,,base,0.0,0.0,,,,,,,,,,,,,,,,0.16830664014998703,0.3022783697232466,selected,6.0,0.0,0.18551487612756273,0.0894110869674605,6.0
,,,,,,,,,,,,,,,,,,,,,6.0,0661,stage1_1005_best,6,3.4105014318879032,0.07639109965246262,3.9271922270731903,0.4635416666666667,0.6164772727272727,0.700815678832403,0.37417410675618273,1.5802083077894622,0.22776716628105223,0.836944729968645,0.6495921605837984,6.0,1.8474165014243054,0.6429346285074081,1.6054607662043703,0.8,0.7556460576936052,3.3932318544154567,0.6584700868739634,0.5152015950196247,,,,,provisional,0.0,0.0,,,,,,,,,,,,,,,,0.1687464760598494,0.30021883328532056,candidate,6.0,0.0,0.1683446224470012,0.17882232683964155,6.0
,,,,,,,,,,,,,,,,,,,,,6.0,0661,stage1_1005_best,6,3.4105014318879032,0.07639109965246262,3.9271922270731903,0.4635416666666667,0.6164772727272727,0.700815678832403,0.37417410675618273,1.5802083077894622,0.22776716628105223,0.836944729968645,0.6495921605837984,6.0,1.8474165014243054,0.6429346285074081,1.6054607662043703,0.8,0.7556460576936052,3.3932318544154567,0.6584700868739634,0.5152015950196247,,,,,provisional,0.0,0.0,,,,,,,,,,,,,,,,0.1687464760598494,0.30021883328532056,selected,6.0,0.0,0.1683446224470012,0.17882232683964155,6.0
,,,,,,,,,,,,,,,,,,,,,6.0,0661,stage1_1005_best,6,3.4102495149182483,0.0763979635123092,3.927674205845645,0.4635416666666667,0.6164772727272727,0.7002240457760116,0.37412326844574334,1.580300290672734,0.22773404765406363,0.8369105580986703,0.6498879771119942,6.0,1.8055368859649321,0.6453940000806586,1.5993712645800944,0.8,0.7525798052407509,3.372577571088969,0.6546084206185088,0.5226987371996388,,,,,final,0.0,0.0,,,,,,,,,,,,,,,,0.168691200969715,0.30026263730120445,candidate,6.0,0.0,0.16619600131823248,0.17996232223506597,6.0
0.2045368951898846,3.9711450467764142,0.33987778991730844,0.15456985615006633,3.70373571902925,0.3438944391440263,0.097919085094306,3.113981437404735,0.6367795459180835,0.1980537789086723,4.055661347497454,0.47030492028797943,0.18518257150229808,4.544221075119071,0.30153483738912484,0.04912210413996199,0.08983741877716174,0.20500490049290498,0.04970485387919837,0.08960865619715574,0.20435120354665537,6.0,0661,stage1_1005_best,6,3.4102495149182483,0.0763979635123092,3.927674205845645,0.4635416666666667,0.6164772727272727,0.7002240457760116,0.37412326844574334,1.580300290672734,0.22773404765406363,0.8369105580986703,0.6498879771119942,6.0,1.8055368859649321,0.6453940000806586,1.5993712645800944,0.8,0.7525798052407509,3.372577571088969,0.6546084206185088,0.5226987371996388,0.24136824905872345,0.19411840824460694,2.822675262465749,3.3173208282049247,final,0.0,0.0,0.0001792312903580617,0.0016122881189183872,0.009747024904982705,3.5423995054427846,0.1657474896193941,4.307353903608577,0.349518764129851,1.2381143468756104,0.276123046875,0.0403284498868763,0.2543303835494964,0.3274417087279225,2.0282032954885887,0.349518764129851,0.7511246854777376,0.168691200969715,0.30026263730120445,selected,6.0,0.0,0.16619600131823248,0.17996232223506597,6.0
,,,,,,,,,,,,,,,,,,,,,6.0,0662,stage1_1005_best,6,3.492390330366361,0.07852614729394976,3.972415203410247,0.4427083333333333,0.59375,0.7049872154707266,0.3743634839482331,1.6128306884695645,0.23597175286163213,0.828013609089226,0.6475063922646367,6.0,2.340490772678885,0.6870664540342567,2.239248005682021,0.4,0.6884668917675406,4.386141835827546,0.8176849061208742,0.40006573464358625,,,,,base,0.0,0.0,,,,,,,,,,,,,,,,0.16643107611724214,0.30236545671088394,candidate,6.0,0.0,0.19193052352247209,0.12181180421467502,6.0
,,,,,,,,,,,,,,,,,,,,,6.0,0662,stage1_1005_best,6,3.492390330366361,0.07852614729394976,3.972415203410247,0.4427083333333333,0.59375,0.7049872154707266,0.3743634839482331,1.6128306884695645,0.23597175286163213,0.828013609089226,0.6475063922646367,6.0,2.340490772678885,0.6870664540342567,2.239248005682021,0.4,0.6884668917675406,4.386141835827546,0.8176849061208742,0.40006573464358625,,,,,base,0.0,0.0,,,,,,,,,,,,,,,,0.16643107611724214,0.30236545671088394,selected,6.0,0.0,0.19193052352247209,0.12181180421467502,6.0
,,,,,,,,,,,,,,,,,,,,,6.0,0662,stage1_1005_best,6,3.463560440832103,0.07860102943122163,4.0104725537068155,0.4270833333333333,0.6079545454545454,0.6819844757863653,0.3682328455122151,1.6008310410577515,0.2311884111461058,0.8260768585433499,0.6590077621068174,6.0,1.9811379684825368,0.4948289844986293,2.1259133516180686,0.6,0.6671993230610986,3.4229959729201838,0.6756339841484096,0.4561540168091189,,,,,provisional,0.0,0.0,,,,,,,,,,,,,,,,0.16550784111784886,0.30174320980068403,candidate,6.0,0.0,0.15676182806284844,0.1868565282398418,6.0
,,,,,,,,,,,,,,,,,,,,,6.0,0662,stage1_1005_best,6,3.463560440832103,0.07860102943122163,4.0104725537068155,0.4270833333333333,0.6079545454545454,0.6819844757863653,0.3682328455122151,1.6008310410577515,0.2311884111461058,0.8260768585433499,0.6590077621068174,6.0,1.9811379684825368,0.4948289844986293,2.1259133516180686,0.6,0.6671993230610986,3.4229959729201838,0.6756339841484096,0.4561540168091189,,,,,provisional,0.0,0.0,,,,,,,,,,,,,,,,0.16550784111784886,0.30174320980068403,selected,6.0,0.0,0.15676182806284844,0.1868565282398418,6.0
,,,,,,,,,,,,,,,,,,,,,6.0,0662,stage1_1005_best,6,3.462241117540959,0.07854082265408009,4.006423530161319,0.4270833333333333,0.6079545454545454,0.683216962972898,0.3687611291667874,1.601187373550948,0.23140510959825825,0.826108507098823,0.658391518513551,6.0,2.023108437446058,0.4922437983908118,2.1726867336237334,0.6,0.6578907673593584,3.450855808987897,0.6795927243948909,0.4568276993922388,,,,,final,0.0,0.0,,,,,,,,,,,,,,,,0.16558262541151683,0.30167078512350964,candidate,6.0,0.0,0.15706220697500078,0.18631639891715662,6.0
0.15569289438493125,4.592232927910293,0.34968113050243577,0.11400448247328958,5.241503229237576,0.2330968102738946,0.08962161765593582,4.037511439678149,0.5137543100797561,0.1509956069539951,4.4942251765359,0.3199757461630087,0.13897763144188227,5.280730793063324,0.23520881806492303,0.02770739866439317,0.06955970443511138,0.16874793837771837,0.028822843825692595,0.07162178544651872,0.17934686163061644,6.0,0662,stage1_1005_best,6,3.462241117540959,0.07854082265408009,4.006423530161319,0.4270833333333333,0.6079545454545454,0.683216962972898,0.3687611291667874,1.601187373550948,0.23140510959825825,0.826108507098823,0.658391518513551,6.0,2.023108437446058,0.4922437983908118,2.1726867336237334,0.6,0.6578907673593584,3.450855808987897,0.6795927243948909,0.4568276993922388,0.20789384841918945,0.14322127346208652,3.0771354780802818,4.301630433621704,final,0.0,0.0,0.00027269537961887425,0.003466357230335228,0.012853902228719245,4.245881421095511,0.1324813995419791,5.055936642851814,0.3588576054422557,1.273093410653296,0.2276611328125,0.04029403118392894,0.2681427310698899,0.2964601448176301,1.9982251234434514,0.3588576054422557,0.738776400896423,0.16558262541151683,0.30167078512350964,selected,6.0,0.0,0.15706220697500078,0.18631639891715662,6.0
,,,,,,,,,,,,,,,,,,,,,6.0,0663,stage1_1005_best,6,3.4939431424794436,0.08249079493051549,4.0427525244856,0.3854166666666667,0.6420454545454546,0.6201030675042449,0.35964447459817195,1.6747941960688986,0.2506520800447529,0.8188157595218576,0.6899484662478775,6.0,2.6045479348721683,0.6807995395456602,2.3146340401844,0.2857142857142857,0.6976007673216178,4.420672682509223,0.8248674833265554,0.3830824754502676,,,,,base,0.0,0.0,,,,,,,,,,,,,,,,0.17029387228237772,0.27450631220390653,candidate,6.0,0.0,0.20109186757876255,0.12548473613623023,6.0
,,,,,,,,,,,,,,,,,,,,,6.0,0663,stage1_1005_best,6,3.4939431424794436,0.08249079493051549,4.0427525244856,0.3854166666666667,0.6420454545454546,0.6201030675042449,0.35964447459817195,1.6747941960688986,0.2506520800447529,0.8188157595218576,0.6899484662478775,6.0,2.6045479348721683,0.6807995395456602,2.3146340401844,0.2857142857142857,0.6976007673216178,4.420672682509223,0.8248674833265554,0.3830824754502676,,,,,base,0.0,0.0,,,,,,,,,,,,,,,,0.17029387228237772,0.27450631220390653,selected,6.0,0.0,0.20109186757876255,0.12548473613623023,6.0
,,,,,,,,,,,,,,,,,,,,,6.0,0663,stage1_1005_best,6,3.410025463288849,0.08430824871446083,3.971953406556947,0.390625,0.6505681818181818,0.6127435371420381,0.36487035013342367,1.6777554407502677,0.25107553599090104,0.8159111767386616,0.693628231428981,6.0,2.357154398843824,0.3977750367031439,2.92431120336054,0.42857142857142855,0.4787978504141985,3.0576187092102516,0.6206162396984386,0.532108518152933,,,,,provisional,0.0,0.0,,,,,,,,,,,,,,,,0.1696963223915283,0.27392501448014267,candidate,6.0,0.0,0.16005631194906553,0.21779498270906605,6.0
,,,,,,,,,,,,,,,,,,,,,6.0,0663,stage1_1005_best,6,3.410025463288849,0.08430824871446083,3.971953406556947,0.390625,0.6505681818181818,0.6127435371420381,0.36487035013342367,1.6777554407502677,0.25107553599090104,0.8159111767386616,0.693628231428981,6.0,2.357154398843824,0.3977750367031439,2.92431120336054,0.42857142857142855,0.4787978504141985,3.0576187092102516,0.6206162396984386,0.532108518152933,,,,,provisional,0.0,0.0,,,,,,,,,,,,,,,,0.1696963223915283,0.27392501448014267,selected,6.0,0.0,0.16005631194906553,0.21779498270906605,6.0
,,,,,,,,,,,,,,,,,,,,,6.0,0663,stage1_1005_best,6,3.4088918645038047,0.08419196302918958,3.9721536148211967,0.390625,0.6505681818181818,0.6121952251831537,0.3646050752735601,1.6765706993590823,0.2506655399283622,0.8161031352485691,0.6939023874084231,6.0,2.327323034062255,0.40274619981967213,2.902687495882976,0.42857142857142855,0.4796448381537243,3.0609447448780123,0.6215909964465232,0.531577224648428,,,,,final,0.0,0.0,,,,,,,,,,,,,,,,0.1696680155538334,0.2740242244504386,candidate,6.0,0.0,0.1614234196064613,0.21625466742940036,6.0
0.17700929940967955,4.668159321046754,0.294753135273612,0.15065984083874806,4.714582661354044,0.2826269704054273,0.0716419547934965,3.7924558970990514,0.42237801283926607,0.20721737765230666,4.591907355724654,0.2845108684808624,0.16687375187648146,4.2980587952153355,0.40000962183590305,0.03074407222950383,0.040353850541561605,0.2899726095681569,0.03154513586211108,0.041552809265438834,0.28922252131281456,6.0,0663,stage1_1005_best,6,3.4088918645038047,0.08419196302918958,3.9721536148211967,0.390625,0.6505681818181818,0.6121952251831537,0.3646050752735601,1.6765706993590823,0.2506655399283622,0.8161031352485691,0.6939023874084231,6.0,2.327323034062255,0.40274619981967213,2.902687495882976,0.42857142857142855,0.4796448381537243,3.0609447448780123,0.6215909964465232,0.531577224648428,0.2632158398628235,0.15707750992987107,2.805333937428083,4.4346368448068505,final,0.0,0.0,0.00020841179700520782,0.0022948210230503588,0.013594094848045675,3.796796721048042,0.17286067642171624,4.499695822695203,0.41429512478199615,1.191719376828991,0.3155517578125,0.04130709740660512,0.24624213106430315,0.3385837325933621,2.203237627710636,0.41429512478199615,0.6992429239578943,0.1696680155538334,0.2740242244504386,selected,6.0,0.0,0.1614234196064613,0.21625466742940036,6.0
,,,,,,,,,,,,,,,,,,,,,6.0,0664,stage1_1005_best,6,3.342555478342988,0.08782690947616172,3.9204645016748496,0.375,0.6221590909090909,0.6428935486555564,0.38026436466780705,1.7140321271850418,0.2621695262621259,0.8032958590270743,0.6785532256722218,6.0,2.576895642807475,0.6443588311482077,2.297703677437167,0.42857142857142855,0.6858893283323695,4.38389762206967,0.8199857893696121,0.38735700453986827,,,,,base,0.0,0.0,,,,,,,,,,,,,,,,0.17298011413648,0.27440606106159476,candidate,6.0,0.0,0.19579269416594267,0.12813087826833625,6.0
,,,,,,,,,,,,,,,,,,,,,6.0,0664,stage1_1005_best,6,3.342555478342988,0.08782690947616172,3.9204645016748496,0.375,0.6221590909090909,0.6428935486555564,0.38026436466780705,1.7140321271850418,0.2621695262621259,0.8032958590270743,0.6785532256722218,6.0,2.576895642807475,0.6443588311482077,2.297703677437167,0.42857142857142855,0.6858893283323695,4.38389762206967,0.8199857893696121,0.38735700453986827,,,,,base,0.0,0.0,,,,,,,,,,,,,,,,0.17298011413648,0.27440606106159476,selected,6.0,0.0,0.19579269416594267,0.12813087826833625,6.0
,,,,,,,,,,,,,,,,,,,,,6.0,0664,stage1_1005_best,6,3.290399934173748,0.08398584787758372,3.8759148325728674,0.3802083333333333,0.6420454545454546,0.6129115318546912,0.3732763699548394,1.6639757854909345,0.24689281598847018,0.8193335665196493,0.6935442340726545,6.0,2.3383876859112513,0.4785955046081254,2.761811410574994,0.42857142857142855,0.5270574751806236,3.2057035963915133,0.6421442896134467,0.5333582200796926,,,,,provisional,0.0,0.0,,,,,,,,,,,,,,,,0.17066130205782645,0.2740950543098483,candidate,6.0,0.0,0.17509036654456436,0.1733753104202337,6.0
,,,,,,,,,,,,,,,,,,,,,6.0,0664,stage1_1005_best,6,3.290399934173748,0.08398584787758372,3.8759148325728674,0.3802083333333333,0.6420454545454546,0.6129115318546912,0.3732763699548394,1.6639757854909345,0.24689281598847018,0.8193335665196493,0.6935442340726545,6.0,2.3383876859112513,0.4785955046081254,2.761811410574994,0.42857142857142855,0.5270574751806236,3.2057035963915133,0.6421442896134467,0.5333582200796926,,,,,provisional,0.0,0.0,,,,,,,,,,,,,,,,0.17066130205782645,0.2740950543098483,selected,6.0,0.0,0.17509036654456436,0.1733753104202337,6.0
,,,,,,,,,,,,,,,,,,,,,6.0,0664,stage1_1005_best,6,3.2920739156303047,0.08397053749475762,3.8767989908837066,0.3802083333333333,0.6420454545454546,0.6131659786707861,0.37329352159228457,1.6642841742976742,0.24700397543304048,0.8193043254143281,0.6934170106646069,6.0,2.327428917726395,0.47564075649425386,2.753481822460106,0.42857142857142855,0.5279272595769677,3.2069163106146683,0.6426180117096003,0.5350034995349873,,,,,final,0.0,0.0,,,,,,,,,,,,,,,,0.1706799450992617,0.2740421163374632,candidate,6.0,0.0,0.17488364067505532,0.17280722634653414,6.0
0.15428187408570482,4.01441013736816,0.36051248517164675,0.1287909558872056,4.721596970292943,0.3162543300949274,0.05504557744840268,4.559831087865444,0.38827839989630286,0.14296317781728846,3.6991418207714486,0.495591348782569,0.14714537466586303,4.293591414039824,0.3724767710793361,0.05875507194669963,0.08121768113184011,0.32083325762199605,0.058339095352584386,0.08168736793962521,0.3203003126738094,6.0,0664,stage1_1005_best,6,3.2920739156303047,0.08397053749475762,3.8767989908837066,0.3802083333333333,0.6420454545454546,0.6131659786707861,0.37329352159228457,1.6642841742976742,0.24700397543304048,0.8193043254143281,0.6934170106646069,6.0,2.327428917726395,0.47564075649425386,2.753481822460106,0.42857142857142855,0.5279272595769677,3.2069163106146683,0.6426180117096003,0.5350034995349873,0.24729123711585999,0.12448778182812667,2.697861961202974,4.883212197781722,final,0.0,0.0,0.00017820648727013034,0.0011543682277403101,0.007752177791961958,3.849493545448515,0.14281343388096704,4.620090241877206,0.3591526010265703,1.2361509841971936,0.2562255859375,0.041644488622101496,0.25774374759705726,0.32188277595463816,2.021134816394752,0.35915260102657026,0.7406043892915992,0.1706799450992617,0.2740421163374632,selected,6.0,0.0,0.17488364067505532,0.17280722634653414,6.0
,,,,,,,,,,,,,,,,,,,,,6.0,0665,stage1_1005_best,6,3.330786342091417,0.08694311829524032,3.8940412601635557,0.3854166666666667,0.6363636363636364,0.6393588777005986,0.38233278051682523,1.7049460766889937,0.2605134786074684,0.8080043920430441,0.6803205611497007,6.0,2.4772247211098795,0.7015058012402918,2.229846082087362,0.2857142857142857,0.735307096826279,4.402450716402281,0.8183187165912285,0.3752854938270798,,,,,base,0.0,0.0,,,,,,,,,,,,,,,,0.1730413970416735,0.27396926010388045,candidate,6.0,0.0,0.22098229398578711,0.12151797934571938,6.0
,,,,,,,,,,,,,,,,,,,,,6.0,0665,stage1_1005_best,6,3.330786342091417,0.08694311829524032,3.8940412601635557,0.3854166666666667,0.6363636363636364,0.6393588777005986,0.38233278051682523,1.7049460766889937,0.2605134786074684,0.8080043920430441,0.6803205611497007,6.0,2.4772247211098795,0.7015058012402918,2.229846082087362,0.2857142857142857,0.735307096826279,4.402450716402281,0.8183187165912285,0.3752854938270798,,,,,base,0.0,0.0,,,,,,,,,,,,,,,,0.1730413970416735,0.27396926010388045,selected,6.0,0.0,0.22098229398578711,0.12151797934571938,6.0
,,,,,,,,,,,,,,,,,,,,,6.0,0665,stage1_1005_best,6,3.251127573668378,0.086782140391909,3.838553080301324,0.3854166666666667,0.6392045454545454,0.6174263904472773,0.38254072861565186,1.6870448946523833,0.2536121951255137,0.8115507998459434,0.6912868047763613,6.0,2.6514873455547137,0.42134025881508264,2.961669252403915,0.2857142857142857,0.5111670669274402,3.1702364028768595,0.6389953740630382,0.4921597079949211,,,,,provisional,0.0,0.0,,,,,,,,,,,,,,,,0.1711886189725824,0.274240555415103,candidate,6.0,0.0,0.1813950761331655,0.21161856895960116,6.0
,,,,,,,,,,,,,,,,,,,,,6.0,0665,stage1_1005_best,6,3.251127573668378,0.086782140391909,3.838553080301324,0.3854166666666667,0.6392045454545454,0.6174263904472773,0.38254072861565186,1.6870448946523833,0.2536121951255137,0.8115507998459434,0.6912868047763613,6.0,2.6514873455547137,0.42134025881508264,2.961669252403915,0.2857142857142857,0.5111670669274402,3.1702364028768595,0.6389953740630382,0.4921597079949211,,,,,provisional,0.0,0.0,,,,,,,,,,,,,,,,0.1711886189725824,0.274240555415103,selected,6.0,0.0,0.1813950761331655,0.21161856895960116,6.0
,,,,,,,,,,,,,,,,,,,,,6.0,0665,stage1_1005_best,6,3.24980019751223,0.08679330210468159,3.8379757015229456,0.3854166666666667,0.6392045454545454,0.6175836411448234,0.3825182995589644,1.6868717712153927,0.25352914977149643,0.8115622192602244,0.6912081794275883,6.0,2.6262720754887714,0.4283501637029829,2.9386756046244815,0.42857142857142855,0.5145296875057797,3.1906650875487395,0.6424560972966347,0.4900638526918664,,,,,final,0.0,0.0,,,,,,,,,,,,,,,,0.1712366517813093,0.2742711741757467,candidate,6.0,0.0,0.18252080405524845,0.20962907068498446,6.0
0.14146896886943983,4.762281514148105,0.30866170571232515,0.1488784360505821,4.885043346667862,0.30567696310101244,0.06647281492747216,3.0478270152301077,0.6696211120616659,0.16050131645355908,4.620540279861615,0.3836851660692613,0.14031671395107323,4.744560059859214,0.28451167531845206,0.03687115699139235,0.04548083762686737,0.2803591536675756,0.03812402305429131,0.045677666285908004,0.28436801328807243,6.0,0665,stage1_1005_best,6,3.24980019751223,0.08679330210468159,3.8379757015229456,0.3854166666666667,0.6392045454545454,0.6175836411448234,0.3825182995589644,1.6868717712153927,0.25352914977149643,0.8115622192602244,0.6912081794275883,6.0,2.6262720754887714,0.4283501637029829,2.9386756046244815,0.42857142857142855,0.5145296875057797,3.1906650875487395,0.6424560972966347,0.4900638526918664,0.3187676966190338,0.13883289394776285,2.8025969769896526,4.594428044800643,final,0.0,0.0,0.0001462863891161525,0.0011055211023274657,0.012298944186629685,4.203491555725701,0.1350271708471057,4.995154717471465,0.36216704630557833,1.260572357367871,0.2286376953125,0.04199881876433106,0.265754817202279,0.3036631116200834,2.0179372941204616,0.36216704630557833,0.7373685862102448,0.1712366517813093,0.2742711741757467,selected,6.0,0.0,0.18252080405524845,0.20962907068498446,6.0
,,,,,,,,,,,,,,,,,,,,,6.0,0666,stage1_1005_best,6,3.2500279952330806,0.0844474344959714,3.81626496961662,0.3854166666666667,0.6420454545454546,0.616195051398631,0.3814665779845024,1.666942985064867,0.2498615380682598,0.8210527997851301,0.6919024743006844,6.0,2.473624733732637,0.7904616537297142,1.7958590058976809,0.42857142857142855,0.8141380404349059,4.909159981442616,0.8875538222721866,0.32990229648034897,,,,,base,0.0,0.0,,,,,,,,,,,,,,,,0.1692941104937821,0.27412480340294676,candidate,6.0,0.0,0.16305201428028995,0.06542457159804485,6.0
,,,,,,,,,,,,,,,,,,,,,6.0,0666,stage1_1005_best,6,3.2500279952330806,0.0844474344959714,3.81626496961662,0.3854166666666667,0.6420454545454546,0.616195051398631,0.3814665779845024,1.666942985064867,0.2498615380682598,0.8210527997851301,0.6919024743006844,6.0,2.473624733732637,0.7904616537297142,1.7958590058976809,0.42857142857142855,0.8141380404349059,4.909159981442616,0.8875538222721866,0.32990229648034897,,,,,base,0.0,0.0,,,,,,,,,,,,,,,,0.1692941104937821,0.27412480340294676,selected,6.0,0.0,0.16305201428028995,0.06542457159804485,6.0
,,,,,,,,,,,,,,,,,,,,,6.0,0666,stage1_1005_best,6,3.1486434980727287,0.08208265883871574,3.755927442987109,0.3854166666666667,0.6590909090909091,0.5894465111552397,0.3764691994611481,1.6255179923610648,0.23485004809985152,0.8322556113650895,0.7052767444223801,6.0,2.3251863265454835,0.546932109614867,2.393314836650174,0.2857142857142857,0.6366180567917351,3.6439646573821824,0.7192505204771521,0.4549298737121311,,,,,provisional,0.0,0.0,,,,,,,,,,,,,,,,0.16703935601547928,0.27543795173121177,candidate,6.0,0.0,0.14480292338995635,0.13915898202036894,6.0
,,,,,,,,,,,,,,,,,,,,,6.0,0666,stage1_1005_best,6,3.1486434980727287,0.08208265883871574,3.755927442987109,0.3854166666666667,0.6590909090909091,0.5894465111552397,0.3764691994611481,1.6255179923610648,0.23485004809985152,0.8322556113650895,0.7052767444223801,6.0,2.3251863265454835,0.546932109614867,2.393314836650174,0.2857142857142857,0.6366180567917351,3.6439646573821824,0.7192505204771521,0.4549298737121311,,,,,provisional,0.0,0.0,,,,,,,,,,,,,,,,0.16703935601547928,0.27543795173121177,selected,6.0,0.0,0.14480292338995635,0.13915898202036894,6.0
,,,,,,,,,,,,,,,,,,,,,6.0,0666,stage1_1005_best,6,3.146667002376934,0.08207023321360293,3.7541082611136782,0.3854166666666667,0.6590909090909091,0.5892953007105728,0.37654873732781124,1.6249106154214878,0.2346658072666089,0.8323729228231892,0.7053523496447137,6.0,2.341223958020499,0.5504908211548224,2.3922512766897053,0.2857142857142857,0.6381757183386876,3.6715263268307248,0.7228772801912362,0.4493427411525514,,,,,final,0.0,0.0,,,,,,,,,,,,,,,,0.16707884759461356,0.27539463627130745,candidate,6.0,0.0,0.14492261853345814,0.13833223475190237,6.0
0.16418944248424205,4.638393504672029,0.3048888126055842,0.14380947065295263,5.128338961380525,0.2510395797230111,0.10276061237460737,3.8711194414109076,0.5252353568942533,0.1387427061942816,3.9727406456066845,0.5122667698206835,0.15247889869568407,5.017481640950054,0.30426883140045247,0.05529238029734363,0.06389186898318751,0.3019106513430735,0.05543678631444138,0.06331720688193689,0.3053806472732396,6.0,0666,stage1_1005_best,6,3.146667002376934,0.08207023321360293,3.7541082611136782,0.3854166666666667,0.6590909090909091,0.5892953007105728,0.37654873732781124,1.6249106154214878,0.2346658072666089,0.8323729228231892,0.7053523496447137,6.0,2.341223958020499,0.5504908211548224,2.3922512766897053,0.2857142857142857,0.6381757183386876,3.6715263268307248,0.7228772801912362,0.4493427411525514,0.28068146109580994,0.1508054606600237,2.8315023332177915,4.814940342062892,final,0.0,0.0,0.0001417946563611666,0.0014888005569021485,0.011891749356250675,3.954469411261638,0.1435178438253983,4.6976578299655225,0.35804768126669556,1.250230853744441,0.269775390625,0.04217824782801061,0.26163082613602495,0.3123763691848158,2.0262074754034085,0.35804768126669556,0.7404330286677956,0.16707884759461356,0.27539463627130745,selected,6.0,0.0,0.14492261853345814,0.13833223475190237,6.0
,,,,,,,,,,,,,,,,,,,,,6.0,0667,stage1_1005_best,6,3.287347567335684,0.08538262320952758,3.8745713913994795,0.3854166666666667,0.6392045454545454,0.62376058962386,0.3750179437153529,1.6759681340525372,0.25040920398119226,0.816450315450362,0.68811970518807,6.0,2.6149002435447435,0.6364215389167376,2.3624151711426236,0.2857142857142857,0.691887488323951,4.2727599453451415,0.8024305372909142,0.4074762556340872,,,,,base,0.0,0.0,,,,,,,,,,,,,,,,0.1725173628351708,0.27314619144701985,candidate,6.0,0.0,0.23589459692996675,0.1436349457500037,6.0
,,,,,,,,,,,,,,,,,,,,,6.0,0667,stage1_1005_best,6,3.287347567335684,0.08538262320952758,3.8745713913994795,0.3854166666666667,0.6392045454545454,0.62376058962386,0.3750179437153529,1.6759681340525372,0.25040920398119226,0.816450315450362,0.68811970518807,6.0,2.6149002435447435,0.6364215389167376,2.3624151711426236,0.2857142857142857,0.691887488323951,4.2727599453451415,0.8024305372909142,0.4074762556340872,,,,,base,0.0,0.0,,,,,,,,,,,,,,,,0.1725173628351708,0.27314619144701985,selected,6.0,0.0,0.23589459692996675,0.1436349457500037,6.0
,,,,,,,,,,,,,,,,,,,,,6.0,0667,stage1_1005_best,6,3.209666123090234,0.08760798426424883,3.831619817025556,0.3854166666666667,0.6505681818181818,0.6190707150194565,0.38002216576818393,1.6851460515469345,0.2518653934953145,0.809767464840592,0.6904646424902718,6.0,2.535150764338916,0.3655845729462882,3.013953474073684,0.42857142857142855,0.48085939451421045,2.9835157558869674,0.601474648369324,0.5469805087206783,,,,,provisional,0.0,0.0,,,,,,,,,,,,,,,,0.17164567767047448,0.27466860153452866,candidate,6.0,0.0,0.19069461458466733,0.22332701936474778,6.0
,,,,,,,,,,,,,,,,,,,,,6.0,0667,stage1_1005_best,6,3.209666123090234,0.08760798426424883,3.831619817025556,0.3854166666666667,0.6505681818181818,0.6190707150194565,0.38002216576818393,1.6851460515469345,0.2518653934953145,0.809767464840592,0.6904646424902718,6.0,2.535150764338916,0.3655845729462882,3.013953474073684,0.42857142857142855,0.48085939451421045,2.9835157558869674,0.601474648369324,0.5469805087206783,,,,,provisional,0.0,0.0,,,,,,,,,,,,,,,,0.17164567767047448,0.27466860153452866,selected,6.0,0.0,0.19069461458466733,0.22332701936474778,6.0
,,,,,,,,,,,,,,,,,,,,,6.0,0667,stage1_1005_best,6,3.209568384516772,0.08753017655673394,3.8313044835611785,0.3854166666666667,0.6505681818181818,0.6189463152078563,0.3799195664036565,1.6845067421035511,0.2516714908182213,0.8100798298203671,0.6905268423960719,6.0,2.549052805509093,0.3637840094123035,3.0367540014514094,0.42857142857142855,0.47291607947958253,2.9474769661986886,0.5942799934811946,0.5585162803967606,,,,,final,0.0,0.0,,,,,,,,,,,,,,,,0.17164031205302566,0.2746062660096588,candidate,6.0,0.0,0.19135511807736894,0.22488943015469431,6.0
0.15607006629671408,4.091774194147767,0.4075744883877498,0.1379979414639922,4.722128858855761,0.28334068112306815,0.08138548953518844,4.062995032895026,0.4053426269070441,0.18505059889370398,3.9893530013547123,0.4174676257214138,0.15774094327998514,4.21919767631178,0.3111982731675766,0.05673524453630701,0.05652188417612016,0.3106517936759206,0.05901621849360735,0.057307415686920764,0.3061752069817285,6.0,0667,stage1_1005_best,6,3.209568384516772,0.08753017655673394,3.8313044835611785,0.3854166666666667,0.6505681818181818,0.6189463152078563,0.3799195664036565,1.6845067421035511,0.2516714908182213,0.8100798298203671,0.6905268423960719,6.0,2.549052805509093,0.3637840094123035,3.0367540014514094,0.42857142857142855,0.47291607947958253,2.9474769661986886,0.5942799934811946,0.5585162803967606,0.24247229099273682,0.1257250029460749,2.947249452907467,4.860765587096034,final,0.0,0.0,0.0003116871040445396,0.002334527558205277,0.017825428638159318,3.9487000534435044,0.1622751466124712,4.704818374362032,0.3995336211141623,1.205667769946452,0.2286376953125,0.0420242804386017,0.2504300563993492,0.33170153860194274,2.1604103806061223,0.39953362111416224,0.7091719466787185,0.17164031205302566,0.2746062660096588,selected,6.0,0.0,0.19135511807736894,0.22488943015469431,6.0
,,,,,,,,,,,,,,,,,,,,,6.0,0668,stage1_1005_best,6,3.537047584401562,0.08413873752587202,4.145373331740218,0.3385416666666667,0.6278409090909091,0.6788112681109825,0.36386073047877593,1.7040748281205484,0.2607315897273286,0.8017330140801774,0.6605943659445088,6.0,2.4885029902181914,0.7600539122075197,2.114682097435275,0.42857142857142855,0.7491734538124859,4.612815509260296,0.8496867857205128,0.3738045295730423,,,,,base,0.0,0.0,,,,,,,,,,,,,,,,0.1716758399452983,0.28434066522168944,candidate,6.0,0.0,0.19788857657961428,0.10225035712247468,6.0
,,,,,,,,,,,,,,,,,,,,,6.0,0668,stage1_1005_best,6,3.537047584401562,0.08413873752587202,4.145373331740218,0.3385416666666667,0.6278409090909091,0.6788112681109825,0.36386073047877593,1.7040748281205484,0.2607315897273286,0.8017330140801774,0.6605943659445088,6.0,2.4885029902181914,0.7600539122075197,2.114682097435275,0.42857142857142855,0.7491734538124859,4.612815509260296,0.8496867857205128,0.3738045295730423,,,,,base,0.0,0.0,,,,,,,,,,,,,,,,0.1716758399452983,0.28434066522168944,selected,6.0,0.0,0.19788857657961428,0.10225035712247468,6.0
,,,,,,,,,,,,,,,,,,,,,6.0,0668,stage1_1005_best,6,3.4394951328584478,0.08114613845825835,4.075452626335513,0.3177083333333333,0.6505681818181818,0.6534821327483127,0.3619801172998016,1.6653714878607824,0.24910112560004907,0.8129193462949035,0.6732589336258435,6.0,2.4337662651662755,0.4478675908961068,2.7793591041879453,0.2857142857142857,0.5407211079486759,3.3994120285538116,0.6756818940360954,0.500344514255799,,,,,provisional,0.0,0.0,,,,,,,,,,,,,,,,0.17094254085348418,0.2840446461301512,candidate,6.0,0.0,0.16091728080354784,0.1845376211627889,6.0
,,,,,,,,,,,,,,,,,,,,,6.0,0668,stage1_1005_best,6,3.4394951328584478,0.08114613845825835,4.075452626335513,0.3177083333333333,0.6505681818181818,0.6534821327483127,0.3619801172998016,1.6653714878607824,0.24910112560004907,0.8129193462949035,0.6732589336258435,6.0,2.4337662651662755,0.4478675908961068,2.7793591041879453,0.2857142857142857,0.5407211079486759,3.3994120285538116,0.6756818940360954,0.500344514255799,,,,,provisional,0.0,0.0,,,,,,,,,,,,,,,,0.17094254085348418,0.2840446461301512,selected,6.0,0.0,0.16091728080354784,0.1845376211627889,6.0
,,,,,,,,,,,,,,,,,,,,,6.0,0668,stage1_1005_best,6,3.4404232341222154,0.08116520891546801,4.075918247099396,0.3177083333333333,0.6505681818181818,0.6547379362189598,0.3621973333350108,1.6662059364484654,0.249340767685918,0.8126559198345399,0.6726310318905201,6.0,2.461599986180459,0.44889778285450244,2.8136577610022617,0.2857142857142857,0.5338321640218157,3.40334187109094,0.6765780130290289,0.5034621444558074,,,,,final,0.0,0.0,,,,,,,,,,,,,,,,0.17100297483435176,0.2841979805157655,candidate,6.0,0.0,0.16228325964080867,0.18256131290038669,6.0
0.13471241186873303,4.561235509597776,0.3586883638034042,0.11890050690897695,5.270059343488191,0.25344745203163344,0.0900322455629182,4.217324388535262,0.4312551014427386,0.13206786543482343,4.571394880464735,0.40710769334702435,0.13080189606207182,5.087623660083548,0.2827247660490012,0.04523409589596556,0.06620306759694548,0.2916393342362302,0.046063888400129406,0.0689430203638009,0.2952517037055157,6.0,0668,stage1_1005_best,6,3.4404232341222154,0.08116520891546801,4.075918247099396,0.3177083333333333,0.6505681818181818,0.6547379362189598,0.3621973333350108,1.6662059364484654,0.249340767685918,0.8126559198345399,0.6726310318905201,6.0,2.461599986180459,0.44889778285450244,2.8136577610022617,0.2857142857142857,0.5338321640218157,3.40334187109094,0.6765780130290289,0.5034621444558074,0.27580833435058594,0.12131101164638426,2.8188408143464296,5.106007797352608,final,0.0,0.0,0.00032706206057419034,0.003975209664629209,0.012971665847513381,4.209293528241977,0.13558638565879322,4.998559005508422,0.362494521962053,1.2598383768305979,0.2313232421875,0.04562524413789077,0.2650397559209024,0.3034232952474268,2.01869860320892,0.362494521962053,0.7351963137057966,0.17100297483435176,0.2841979805157655,selected,6.0,0.0,0.16228325964080867,0.18256131290038669,6.0
,,,,,,,,,,,,,,,,,,,,,6.0,0669,stage1_1005_best,6,3.550583320817022,0.08347386428920868,4.152679131404598,0.3385416666666667,0.6278409090909091,0.676697369236423,0.3632172603426332,1.6997437065101686,0.25968384149242024,0.8032248151859397,0.6616513153817885,6.0,2.4111602753844745,0.7775494793345625,1.8928713738543466,0.5714285714285714,0.7919634149094947,4.791853210377075,0.8706744496960113,0.34733383945057655,,,,,base,0.0,0.0,,,,,,,,,,,,,,,,0.17047807845068308,0.28538496372698285,candidate,6.0,0.0,0.16127813182807557,0.0791486200126559,6.0
,,,,,,,,,,,,,,,,,,,,,6.0,0669,stage1_1005_best,6,3.550583320817022,0.08347386428920868,4.152679131404598,0.3385416666666667,0.6278409090909091,0.676697369236423,0.3632172603426332,1.6997437065101686,0.25968384149242024,0.8032248151859397,0.6616513153817885,6.0,2.4111602753844745,0.7775494793345625,1.8928713738543466,0.5714285714285714,0.7919634149094947,4.791853210377075,0.8706744496960113,0.34733383945057655,,,,,base,0.0,0.0,,,,,,,,,,,,,,,,0.17047807845068308,0.28538496372698285,selected,6.0,0.0,0.16127813182807557,0.0791486200126559,6.0
,,,,,,,,,,,,,,,,,,,,,6.0,0669,stage1_1005_best,6,3.5051526568017555,0.08136190330848077,4.127410490814332,0.3125,0.6448863636363636,0.6551452435776142,0.3589349110110933,1.6706975555003127,0.25138147494565527,0.8117943601415409,0.6724273782111929,6.0,2.1794838994835746,0.5267889871423203,2.6024377226353357,0.42857142857142855,0.5693895897701761,3.559268407724385,0.6968714474092008,0.4683345028448108,,,,,provisional,0.0,0.0,,,,,,,,,,,,,,,,0.16921677463550205,0.2853789659074757,candidate,6.0,0.0,0.14089012410309448,0.12517313423444176,6.0
,,,,,,,,,,,,,,,,,,,,,6.0,0669,stage1_1005_best,6,3.5051526568017555,0.08136190330848077,4.127410490814332,0.3125,0.6448863636363636,0.6551452435776142,0.3589349110110933,1.6706975555003127,0.25138147494565527,0.8117943601415409,0.6724273782111929,6.0,2.1794838994835746,0.5267889871423203,2.6024377226353357,0.42857142857142855,0.5693895897701761,3.559268407724385,0.6968714474092008,0.4683345028448108,,,,,provisional,0.0,0.0,,,,,,,,,,,,,,,,0.16921677463550205,0.2853789659074757,selected,6.0,0.0,0.14089012410309448,0.12517313423444176,6.0
,,,,,,,,,,,,,,,,,,,,,6.0,0669,stage1_1005_best,6,3.5084275221157415,0.08133166674847356,4.1297875975218865,0.3125,0.6448863636363636,0.6560054253093061,0.35898765383223535,1.6714308549547436,0.25160124569727815,0.8115753598928036,0.6719972873453469,6.0,2.1724165660542303,0.5288459248982592,2.599980836216595,0.42857142857142855,0.5697247211763139,3.5469822444775057,0.6942261755881342,0.4758445150707814,,,,,final,0.0,0.0,,,,,,,,,,,,,,,,0.16922880984991737,0.2854253974910213,candidate,6.0,0.0,0.14150995169896619,0.12443594682261262,6.0
0.13030618136384686,4.703717062470654,0.3578416551745491,0.11959654696955474,4.917600741574259,0.3736577951668236,0.10602080495338573,3.3429151613823,0.585243386799158,0.10002496269124651,4.5524263384195045,0.32208867970781707,0.13780493780020547,4.864788918103215,0.3477367989247575,0.04111015382792579,0.05744633783559563,0.31702122131359906,0.04112779119685671,0.05937890917274299,0.3108857465538063,6.0,0669,stage1_1005_best,6,3.5084275221157415,0.08133166674847356,4.1297875975218865,0.3125,0.6448863636363636,0.6560054253093061,0.35898765383223535,1.6714308549547436,0.25160124569727815,0.8115753598928036,0.6719972873453469,6.0,2.1724165660542303,0.5288459248982592,2.599980836216595,0.42857142857142855,0.5697247211763139,3.5469822444775057,0.6942261755881342,0.4758445150707814,0.2779025733470917,0.13094804918432285,2.622316842489364,4.986063158067202,final,0.0,0.0,0.0002957035384179701,0.0022910477760808515,0.01622692844652084,4.240244945860803,0.1232188802539525,5.0532996085997395,0.340466085444231,1.2819723668426228,0.23681640625,0.04416212481920595,0.2712090872632707,0.29594760371419593,1.9433456197746288,0.340466085444231,0.7530795744242281,0.16922880984991737,0.2854253974910213,selected,6.0,0.0,0.14150995169896619,0.12443594682261262,6.0
,,,,,,,,,,,,,,,,,,,,,6.0,0670,stage1_1005_best,6,3.289794213176947,0.081730932680973,3.9066881972093177,0.3385416666666667,0.6477272727272727,0.6542915564770092,0.3801650240425624,1.6604627701949894,0.24928676117859994,0.8134951115463142,0.6728542217614955,6.0,2.4546556133803463,0.8024938313956175,1.8519028800771553,0.42857142857142855,0.805836760096694,4.866975195767532,0.8807581843390789,0.3381247174852522,,,,,base,0.0,0.0,,,,,,,,,,,,,,,,0.16811750865498398,0.28458422111646403,candidate,6.0,0.0,0.14466944879878652,0.06268338964432656,6.0
,,,,,,,,,,,,,,,,,,,,,6.0,0670,stage1_1005_best,6,3.289794213176947,0.081730932680973,3.9066881972093177,0.3385416666666667,0.6477272727272727,0.6542915564770092,0.3801650240425624,1.6604627701949894,0.24928676117859994,0.8134951115463142,0.6728542217614955,6.0,2.4546556133803463,0.8024938313956175,1.8519028800771553,0.42857142857142855,0.805836760096694,4.866975195767532,0.8807581843390789,0.3381247174852522,,,,,base,0.0,0.0,,,,,,,,,,,,,,,,0.16811750865498398,0.28458422111646403,selected,6.0,0.0,0.14466944879878652,0.06268338964432656,6.0
,,,,,,,,,,,,,,,,,,,,,6.0,0670,stage1_1005_best,6,3.259083423121192,0.07928675885273026,3.8930411045037854,0.3489583333333333,0.6676136363636364,0.6384572474331517,0.3744132168945672,1.6328515426665848,0.24079048034050982,0.8237265454043586,0.6807713762834241,6.0,1.6307170551630263,0.6236912283334738,2.1866811277948583,0.42857142857142855,0.644082594041088,3.4987432582841236,0.6931387382453414,0.47470514951916926,,,,,provisional,0.0,0.0,,,,,,,,,,,,,,,,0.1670106567386545,0.2855489439322838,candidate,6.0,0.0,0.1341827712831306,0.09686110350523158,6.0
,,,,,,,,,,,,,,,,,,,,,6.0,0670,stage1_1005_best,6,3.259083423121192,0.07928675885273026,3.8930411045037854,0.3489583333333333,0.6676136363636364,0.6384572474331517,0.3744132168945672,1.6328515426665848,0.24079048034050982,0.8237265454043586,0.6807713762834241,6.0,1.6307170551630263,0.6236912283334738,2.1866811277948583,0.42857142857142855,0.644082594041088,3.4987432582841236,0.6931387382453414,0.47470514951916926,,,,,provisional,0.0,0.0,,,,,,,,,,,,,,,,0.1670106567386545,0.2855489439322838,selected,6.0,0.0,0.1341827712831306,0.09686110350523158,6.0
,,,,,,,,,,,,,,,,,,,,,6.0,0670,stage1_1005_best,6,3.2512741833162924,0.07938713143754603,3.887241055129285,0.3489583333333333,0.6676136363636364,0.6379676367848898,0.3746904044335252,1.6322885516587728,0.24056738635244923,0.8237986607929632,0.6810161816075552,6.0,1.64554953131886,0.6225067080343312,2.189725434828426,0.42857142857142855,0.6456085301769422,3.5284244307931263,0.6975947450855006,0.4691659895256305,,,,,final,0.0,0.0,,,,,,,,,,,,,,,,0.16704088768738506,0.28552694104755905,candidate,6.0,0.0,0.133559795430795,0.09804066671587136,6.0
0.13110358094578217,4.964955249995988,0.32934512432918794,0.15585052430909252,4.807364135061413,0.28668173114169726,0.0761605417789756,2.681130288434225,0.7016632674532322,0.12340798628734255,3.9995937290440193,0.4916877767654834,0.1304460054257493,5.007479350144824,0.315494912005824,0.040583461628461825,0.043056563227615335,0.3233362948689569,0.04028398398649752,0.04260359931270661,0.32578275473287027,6.0,0670,stage1_1005_best,6,3.2512741833162924,0.07938713143754603,3.887241055129285,0.3489583333333333,0.6676136363636364,0.6379676367848898,0.3746904044335252,1.6322885516587728,0.24056738635244923,0.8237986607929632,0.6810161816075552,6.0,1.64554953131886,0.6225067080343312,2.189725434828426,0.42857142857142855,0.6456085301769422,3.5284244307931263,0.6975947450855006,0.4691659895256305,0.24650350213050842,0.17518076830173807,2.565202199727161,4.499318176457689,final,0.0,0.0,0.00027869422462345516,0.0019868560478164955,0.01132758269531059,4.092088426431377,0.12610362413620002,4.836185313894732,0.3388897069988327,1.2724304788030631,0.28857421875,0.0390017837412911,0.26893574972846584,0.30186956525946834,1.9505916654482807,0.3388897069988327,0.7559974453516409,0.16704088768738506,0.28552694104755905,selected,6.0,0.0,0.133559795430795,0.09804066671587136,6.0
,,,,,,,,,,,,,,,,,,,,,6.0,0671,stage1_1005_best,6,3.5705674068305853,0.08243338137206008,4.196025360158967,0.3072916666666667,0.6534090909090909,0.6546106439484922,0.35129092789581357,1.6799788735143206,0.2536617243332821,0.811858844984234,0.6726946780257539,6.0,2.747579617336759,0.6598271630936119,2.3517839902010342,0.42857142857142855,0.6841329194691509,4.201283402553085,0.7941166089609857,0.4330567513523892,,,,,base,0.0,0.0,,,,,,,,,,,,,,,,0.16911322075865476,0.2851660358125586,candidate,6.0,0.0,0.17966158241551813,0.09491813834438012,6.0
,,,,,,,,,,,,,,,,,,,,,6.0,0671,stage1_1005_best,6,3.5705674068305853,0.08243338137206008,4.196025360158967,0.3072916666666667,0.6534090909090909,0.6546106439484922,0.35129092789581357,1.6799788735143206,0.2536617243332821,0.811858844984234,0.6726946780257539,6.0,2.747579617336759,0.6598271630936119,2.3517839902010342,0.42857142857142855,0.6841329194691509,4.201283402553085,0.7941166089609857,0.4330567513523892,,,,,base,0.0,0.0,,,,,,,,,,,,,,,,0.16911322075865476,0.2851660358125586,selected,6.0,0.0,0.17966158241551813,0.09491813834438012,6.0
,,,,,,,,,,,,,,,,,,,,,6.0,0671,stage1_1005_best,6,3.5024278307739163,0.08076544940659641,4.137300485532157,0.328125,0.6534090909090909,0.6413569488083218,0.351681897624058,1.654715276390405,0.24649795416631462,0.8182692953304,0.679321525595839,6.0,2.6557937403936416,0.5177098699086512,2.8083837041264594,0.42857142857142855,0.5565581184332723,3.5313222990671918,0.6953775372974379,0.4954348086172899,,,,,provisional,0.0,0.0,,,,,,,,,,,,,,,,0.1700209268614294,0.28279718094616496,candidate,6.0,0.0,0.1579763491135819,0.1463336990634486,6.0
,,,,,,,,,,,,,,,,,,,,,6.0,0671,stage1_1005_best,6,3.5024278307739163,0.08076544940659641,4.137300485532157,0.328125,0.6534090909090909,0.6413569488083218,0.351681897624058,1.654715276390405,0.24649795416631462,0.8182692953304,0.679321525595839,6.0,2.6557937403936416,0.5177098699086512,2.8083837041264594,0.42857142857142855,0.5565581184332723,3.5313222990671918,0.6953775372974379,0.4954348086172899,,,,,provisional,0.0,0.0,,,,,,,,,,,,,,,,0.1700209268614294,0.28279718094616496,selected,6.0,0.0,0.1579763491135819,0.1463336990634486,6.0
,,,,,,,,,,,,,,,,,,,,,6.0,0671,stage1_1005_best,6,3.5030604336137237,0.08070556601366871,4.137560745553756,0.328125,0.6534090909090909,0.641427820558517,0.3517600025173021,1.6548514888452985,0.24651375258648625,0.8182318255182768,0.6792860897207414,6.0,2.6624051892724463,0.5193051342182182,2.8086037084746094,0.42857142857142855,0.5542631210296884,3.527174564740175,0.6954580795323013,0.4956830696291331,,,,,final,0.0,0.0,,,,,,,,,,,,,,,,0.17000212526485706,0.28279483173540754,candidate,6.0,0.0,0.15847143471261585,0.14667186845413463,6.0
0.15690273530627893,4.679502358416027,0.3635276362214871,0.11605821068802413,4.931936546405569,0.3578494203395724,0.10121050397205394,4.908213444128199,0.34668564449583367,0.13097153045941978,3.9649921557090915,0.4801161374813345,0.14092431387836693,4.997308199938502,0.3269517216141428,0.049895783470540654,0.05758878516306564,0.34740658551219017,0.050632630247546224,0.05774849218581557,0.349203195863048,6.0,0671,stage1_1005_best,6,3.5030604336137237,0.08070556601366871,4.137560745553756,0.328125,0.6534090909090909,0.641427820558517,0.3517600025173021,1.6548514888452985,0.24651375258648625,0.8182318255182768,0.6792860897207414,6.0,2.6624051892724463,0.5193051342182182,2.8086037084746094,0.42857142857142855,0.5542631210296884,3.527174564740175,0.6954580795323013,0.4956830696291331,0.28403162956237793,0.1376448171906541,2.6377066117290817,4.897089642915481,final,0.0,0.0,0.00015215674134093897,0.0010752258411738302,0.011221455801525157,3.8694829444425225,0.14371670597794836,4.60363404650701,0.3496866466459986,1.251517340795588,0.289794921875,0.03983377608909395,0.2611925672934973,0.31423067415892664,2.0001276492183653,0.3496866466459986,0.7436640663597109,0.17000212526485706,0.28279483173540754,selected,6.0,0.0,0.15847143471261585,0.14667186845413463,6.0
,,,,,,,,,,,,,,,,,,,,,6.0,0672,stage1_1005_best,6,3.636802186067969,0.08443285955792261,4.269824617874419,0.3020833333333333,0.6505681818181818,0.6684603717559802,0.347727398121793,1.7037573007904048,0.25980820751091127,0.8043816270943358,0.66576981412201,6.0,1.794505409244757,0.7609949882091143,2.014277804312764,0.42857142857142855,0.7604054408792389,4.612439002999319,0.8424279553616643,0.3870213440873567,,,,,base,0.0,0.0,,,,,,,,,,,,,,,,0.17058692646334295,0.28444711402514555,candidate,6.0,0.0,0.14775689750619506,0.07477602848093884,6.0
,,,,,,,,,,,,,,,,,,,,,6.0,0672,stage1_1005_best,6,3.636802186067969,0.08443285955792261,4.269824617874419,0.3020833333333333,0.6505681818181818,0.6684603717559802,0.347727398121793,1.7037573007904048,0.25980820751091127,0.8043816270943358,0.66576981412201,6.0,1.794505409244757,0.7609949882091143,2.014277804312764,0.42857142857142855,0.7604054408792389,4.612439002999319,0.8424279553616643,0.3870213440873567,,,,,base,0.0,0.0,,,,,,,,,,,,,,,,0.17058692646334295,0.28444711402514555,selected,6.0,0.0,0.14775689750619506,0.07477602848093884,6.0
,,,,,,,,,,,,,,,,,,,,,6.0,0672,stage1_1005_best,6,3.5384238852735064,0.08150505707012444,4.188396658319958,0.3229166666666667,0.65625,0.6403470579354598,0.34538015061754984,1.6601046658411536,0.24672399070031048,0.8179624999114413,0.6798264710322701,6.0,2.219598692294724,0.5332317444491712,2.3554450643263114,0.42857142857142855,0.6279101915193644,3.7002084834094817,0.7250775299869012,0.4519054428747053,,,,,provisional,0.0,0.0,,,,,,,,,,,,,,,,0.1700425877675631,0.2826310994013539,candidate,6.0,0.0,0.13601861384927266,0.14153632771284988,6.0
,,,,,,,,,,,,,,,,,,,,,6.0,0672,stage1_1005_best,6,3.5384238852735064,0.08150505707012444,4.188396658319958,0.3229166666666667,0.65625,0.6403470579354598,0.34538015061754984,1.6601046658411536,0.24672399070031048,0.8179624999114413,0.6798264710322701,6.0,2.219598692294724,0.5332317444491712,2.3554450643263114,0.42857142857142855,0.6279101915193644,3.7002084834094817,0.7250775299869012,0.4519054428747053,,,,,provisional,0.0,0.0,,,,,,,,,,,,,,,,0.1700425877675631,0.2826310994013539,selected,6.0,0.0,0.13601861384927266,0.14153632771284988,6.0
,,,,,,,,,,,,,,,,,,,,,6.0,0672,stage1_1005_best,6,3.5406518481545577,0.08155546576742831,4.190155019309227,0.3177083333333333,0.6505681818181818,0.6418388384452431,0.34571491811258126,1.6617937901814803,0.24724013609975654,0.8174331480189454,0.6790805807773785,6.0,2.2913320656690654,0.5312323232397999,2.3900319520003777,0.42857142857142855,0.6249350712024777,3.6968970129487047,0.7250322366365566,0.44590414395961137,,,,,final,0.0,0.0,,,,,,,,,,,,,,,,0.17008348661346184,0.28275610694047015,candidate,6.0,0.0,0.13597181925314786,0.1413802774364509,6.0
0.15740503716550722,4.5594345323013314,0.3639643095263389,0.12637019105100544,5.30208450019764,0.27188760263225187,0.0899629981796193,2.928539881063091,0.6872384727083812,0.12384863415047898,4.495152997056363,0.44789118444472403,0.1475246421281361,5.211431163211584,0.24830745301439783,0.0645915258551422,0.08059002074137034,0.3534655172977137,0.06488320015818815,0.08354647834540396,0.3593335774731803,6.0,0672,stage1_1005_best,6,3.5406518481545577,0.08155546576742831,4.190155019309227,0.3177083333333333,0.6505681818181818,0.6418388384452431,0.34571491811258126,1.6617937901814803,0.24724013609975654,0.8174331480189454,0.6790805807773785,6.0,2.2913320656690654,0.5312323232397999,2.3900319520003777,0.42857142857142855,0.6249350712024777,3.6968970129487047,0.7250322366365566,0.44590414395961137,0.2992980480194092,0.14580952643956752,2.858533446403978,4.929992394856093,final,0.0,0.0,0.0003266794879363878,0.003919626770720447,0.020725139945010684,4.1799007898758695,0.1287040765054064,4.934456716900748,0.3502179098223138,1.2651016930167864,0.263916015625,0.04437529227222623,0.26761301707570395,0.303356915397983,1.9735365748061346,0.3502179098223138,0.747813701917358,0.17008348661346184,0.28275610694047015,selected,6.0,0.0,0.13597181925314786,0.1413802774364509,6.0
,,,,,,,,,,,,,,,,,,,,,6.0,0673,stage1_1005_best,6,3.3963021641519124,0.07662770730434788,3.8541686813521627,0.4635416666666667,0.5909090909090909,0.707095216260327,0.3811326612831843,1.5888916626504797,0.2287379640029739,0.8376973150982935,0.6464523918698365,6.0,2.3232310024145337,0.7544739731206838,1.9300645663604052,0.2857142857142857,0.7812624609852761,4.69995677454704,0.8612032590794412,0.3419695128852391,,,,,base,0.0,0.0,,,,,,,,,,,,,,,,0.16673932163295652,0.3029229463873399,candidate,6.0,0.0,0.18658309299290224,0.09134300439425533,6.0
,,,,,,,,,,,,,,,,,,,,,6.0,0673,stage1_1005_best,6,3.3963021641519124,0.07662770730434788,3.8541686813521627,0.4635416666666667,0.5909090909090909,0.707095216260327,0.3811326612831843,1.5888916626504797,0.2287379640029739,0.8376973150982935,0.6464523918698365,6.0,2.3232310024145337,0.7544739731206838,1.9300645663604052,0.2857142857142857,0.7812624609852761,4.69995677454704,0.8612032590794412,0.3419695128852391,,,,,base,0.0,0.0,,,,,,,,,,,,,,,,0.16673932163295652,0.3029229463873399,selected,6.0,0.0,0.18658309299290224,0.09134300439425533,6.0
,,,,,,,,,,,,,,,,,,,,,6.0,0673,stage1_1005_best,6,3.321295548446733,0.07628337323986031,3.788996083334499,0.4635416666666667,0.5909090909090909,0.6996440566991786,0.38481911047396844,1.5792115621090963,0.22501446889827859,0.8396219062633797,0.6501779716504107,6.0,2.3564231476885444,0.500579193349261,2.5278888784951588,0.42857142857142855,0.6169672288697315,3.479870142215564,0.6935163097905573,0.4563712443918312,,,,,provisional,0.0,0.0,,,,,,,,,,,,,,,,0.1661715043384975,0.3032719391926326,candidate,6.0,0.0,0.1633284770341361,0.16712628191796414,6.0
,,,,,,,,,,,,,,,,,,,,,6.0,0673,stage1_1005_best,6,3.321295548446733,0.07628337323986031,3.788996083334499,0.4635416666666667,0.5909090909090909,0.6996440566991786,0.38481911047396844,1.5792115621090963,0.22501446889827859,0.8396219062633797,0.6501779716504107,6.0,2.3564231476885444,0.500579193349261,2.5278888784951588,0.42857142857142855,0.6169672288697315,3.479870142215564,0.6935163097905573,0.4563712443918312,,,,,provisional,0.0,0.0,,,,,,,,,,,,,,,,0.1661715043384975,0.3032719391926326,selected,6.0,0.0,0.1633284770341361,0.16712628191796414,6.0
,,,,,,,,,,,,,,,,,,,,,6.0,0673,stage1_1005_best,6,3.322613580499981,0.07617190368996468,3.7877196911362723,0.4635416666666667,0.5909090909090909,0.7003733025116228,0.3850018719318728,1.5790954564111308,0.22503261663654323,0.839726649584066,0.6498133487441886,6.0,2.3662037837094383,0.5088127602997642,2.532191989435585,0.42857142857142855,0.6183121083241,3.504336648495282,0.6970019803480713,0.4550934075125207,,,,,final,0.0,0.0,,,,,,,,,,,,,,,,0.16625842855495854,0.3032569673652818,candidate,6.0,0.0,0.16417363814035846,0.16413082234257928,6.0
0.13504833502760752,5.037181745761533,0.3283095730530725,0.13434605802784857,4.818342546540839,0.34383821883199567,0.08487460038827345,2.901704942090324,0.6927418920909428,0.14792101415247547,4.036316833145591,0.5193383098513191,0.132129094018377,4.649107436979527,0.28829352280858317,0.021904566793599825,0.03731701451699127,0.24161989902319028,0.02290992088428401,0.03748307757936099,0.2437321868928252,6.0,0673,stage1_1005_best,6,3.322613580499981,0.07617190368996468,3.7877196911362723,0.4635416666666667,0.5909090909090909,0.7003733025116228,0.3850018719318728,1.5790954564111308,0.22503261663654323,0.839726649584066,0.6498133487441886,6.0,2.3662037837094383,0.5088127602997642,2.532191989435585,0.42857142857142855,0.6183121083241,3.504336648495282,0.6970019803480713,0.4550934075125207,0.28426527976989746,0.13600647091319099,2.7184993421282293,4.8851275655765205,final,0.0,0.0,0.0002886510454465069,0.002648310846956481,0.010784027446563245,4.185538650578484,0.12399581234589636,4.921184742977703,0.3346094298073184,1.2848505744129852,0.282470703125,0.04222623351969203,0.27168508030239474,0.2967051536216696,1.9313503737352797,0.3346094298073184,0.755879914779997,0.16625842855495854,0.3032569673652818,selected,6.0,0.0,0.16417363814035846,0.16413082234257928,6.0
,,,,,,,,,,,,,,,,,,,,,6.0,0674,stage1_1005_best,6,3.372585310670024,0.07629491167723963,3.8293721864408394,0.4895833333333333,0.59375,0.7043632855016195,0.383991620769776,1.5818741336429498,0.2269101270079706,0.8374888932983313,0.6478183572491903,6.0,2.495072496857596,0.7207643996377037,2.1409958633352546,0.42857142857142855,0.7236352285098179,4.5369345796125256,0.8430898886104871,0.3941650402431964,,,,,base,0.0,0.0,,,,,,,,,,,,,,,,0.16672710642485727,0.30313924457951963,candidate,6.0,0.0,0.16965398521821998,0.06942716515371174,6.0
,,,,,,,,,,,,,,,,,,,,,6.0,0674,stage1_1005_best,6,3.372585310670024,0.07629491167723963,3.8293721864408394,0.4895833333333333,0.59375,0.7043632855016195,0.383991620769776,1.5818741336429498,0.2269101270079706,0.8374888932983313,0.6478183572491903,6.0,2.495072496857596,0.7207643996377037,2.1409958633352546,0.42857142857142855,0.7236352285098179,4.5369345796125256,0.8430898886104871,0.3941650402431964,,,,,base,0.0,0.0,,,,,,,,,,,,,,,,0.16672710642485727,0.30313924457951963,selected,6.0,0.0,0.16965398521821998,0.06942716515371174,6.0
,,,,,,,,,,,,,,,,,,,,,6.0,0674,stage1_1005_best,6,3.301718902619526,0.07555509746328007,3.7476581202377792,0.484375,0.5852272727272727,0.7015958496251516,0.3899770099181377,1.574131698592615,0.22403818819298948,0.841563160978999,0.6492020751874241,6.0,2.2551781157500583,0.5035579780053957,2.553556937080599,0.42857142857142855,0.6145583775993023,3.416910543802684,0.6806601674286943,0.498346815714937,,,,,provisional,0.0,0.0,,,,,,,,,,,,,,,,0.1666670620959386,0.3031991548307751,candidate,6.0,0.0,0.15443470668311243,0.12597775407266756,6.0
,,,,,,,,,,,,,,,,,,,,,6.0,0674,stage1_1005_best,6,3.301718902619526,0.07555509746328007,3.7476581202377792,0.484375,0.5852272727272727,0.7015958496251516,0.3899770099181377,1.574131698592615,0.22403818819298948,0.841563160978999,0.6492020751874241,6.0,2.2551781157500583,0.5035579780053957,2.553556937080599,0.42857142857142855,0.6145583775993023,3.416910543802684,0.6806601674286943,0.498346815714937,,,,,provisional,0.0,0.0,,,,,,,,,,,,,,,,0.1666670620959386,0.3031991548307751,selected,6.0,0.0,0.15443470668311243,0.12597775407266756,6.0
,,,,,,,,,,,,,,,,,,,,,6.0,0674,stage1_1005_best,6,3.296954957994654,0.07568424042422735,3.744709162978541,0.484375,0.5852272727272727,0.7014923245978504,0.3901377345526431,1.5736897165505301,0.22392592384609497,0.8415941906300434,0.6492538377010747,6.0,2.2632193317786764,0.5091739089655916,2.54881419660188,0.42857142857142855,0.6152390815851895,3.424484530619582,0.6820319728722746,0.49409795560654823,,,,,final,0.0,0.0,,,,,,,,,,,,,,,,0.16664956533627273,0.30323780980435394,candidate,6.0,0.0,0.15435887266208087,0.12630834708295177,6.0
0.13768984498607093,4.879538595376232,0.3173766242803039,0.1494083635909909,5.289093045039716,0.21017728833907157,0.10193841190161539,3.5153301602843454,0.5950790593813927,0.14152070043414922,4.01236561227946,0.531658329528882,0.1219350497582415,4.840857576221483,0.28253221328326206,0.031200655017690856,0.045796116429023516,0.2567466362138821,0.032959568112084885,0.04592178739524091,0.25902282871354854,6.0,0674,stage1_1005_best,6,3.296954957994654,0.07568424042422735,3.744709162978541,0.484375,0.5852272727272727,0.7014923245978504,0.3901377345526431,1.5736897165505301,0.22392592384609497,0.8415941906300434,0.6492538377010747,6.0,2.2632193317786764,0.5091739089655916,2.54881419660188,0.42857142857142855,0.6152390815851895,3.424484530619582,0.6820319728722746,0.49409795560654823,0.2744268774986267,0.1432980121367585,2.8711468681613965,5.060532107635383,final,0.0,0.0,0.00037215878493056936,0.0022042537445389142,0.011789544168162984,4.05406722386342,0.12012789583817529,4.78847450245501,0.3145376394519376,1.2926025478165315,0.3033447265625,0.04140494552325724,0.2730334565900978,0.295989741838001,1.8739453287612706,0.3145376394519376,0.7724186395242378,0.16664956533627273,0.30323780980435394,selected,6.0,0.0,0.15435887266208087,0.12630834708295177,6.0
,,,,,,,,,,,,,,,,,,,,,6.0,0675,stage1_1005_best,6,3.494296950504273,0.07850804167566074,3.9861473108217162,0.4479166666666667,0.5880681818181818,0.7117390239926572,0.36962248014176236,1.6059207210412716,0.233835196757747,0.8320099855708959,0.6441304880036715,6.0,2.889190940257995,0.7412660362663236,2.0402434364137654,0.42857142857142855,0.7745937931960165,4.716472843555318,0.8622997988710197,0.3490182778452912,,,,,base,0.0,0.0,,,,,,,,,,,,,,,,0.16845695689094375,0.3015143903082308,candidate,6.0,0.0,0.16946780739508455,0.07704394249089402,6.0
,,,,,,,,,,,,,,,,,,,,,6.0,0675,stage1_1005_best,6,3.494296950504273,0.07850804167566074,3.9861473108217162,0.4479166666666667,0.5880681818181818,0.7117390239926572,0.36962248014176236,1.6059207210412716,0.233835196757747,0.8320099855708959,0.6441304880036715,6.0,2.889190940257995,0.7412660362663236,2.0402434364137654,0.42857142857142855,0.7745937931960165,4.716472843555318,0.8622997988710197,0.3490182778452912,,,,,base,0.0,0.0,,,,,,,,,,,,,,,,0.16845695689094375,0.3015143903082308,selected,6.0,0.0,0.16946780739508455,0.07704394249089402,6.0
,,,,,,,,,,,,,,,,,,,,,6.0,0675,stage1_1005_best,6,3.4207042480038568,0.07656781853763173,3.9205475380262507,0.453125,0.5909090909090909,0.7067502771020048,0.37281604274149255,1.5847454966035392,0.22737016149445857,0.8378743371347962,0.6466248614489977,6.0,2.1717083712489793,0.5031637052461523,2.551014863989513,0.5714285714285714,0.5716861736742802,3.3038423456943766,0.655227547145296,0.5590781677224707,,,,,provisional,0.0,0.0,,,,,,,,,,,,,,,,0.16864677275946052,0.3018521373588864,candidate,6.0,0.0,0.14532540104439132,0.13420173055726026,6.0
,,,,,,,,,,,,,,,,,,,,,6.0,0675,stage1_1005_best,6,3.4207042480038568,0.07656781853763173,3.9205475380262507,0.453125,0.5909090909090909,0.7067502771020048,0.37281604274149255,1.5847454966035392,0.22737016149445857,0.8378743371347962,0.6466248614489977,6.0,2.1717083712489793,0.5031637052461523,2.551014863989513,0.5714285714285714,0.5716861736742802,3.3038423456943766,0.655227547145296,0.5590781677224707,,,,,provisional,0.0,0.0,,,,,,,,,,,,,,,,0.16864677275946052,0.3018521373588864,selected,6.0,0.0,0.14532540104439132,0.13420173055726026,6.0
,,,,,,,,,,,,,,,,,,,,,6.0,0675,stage1_1005_best,6,3.420755579033455,0.07660752850998821,3.920864095002262,0.453125,0.5909090909090909,0.7069114001550173,0.37276477142119135,1.5846112069874447,0.22737090571181143,0.8378077353536098,0.6465442999224913,6.0,2.151948579703083,0.5083936419600869,2.5239061041797526,0.5714285714285714,0.5762697711419896,3.3165588186625437,0.6567205226237095,0.5605356615226488,,,,,final,0.0,0.0,,,,,,,,,,,,,,,,0.16867000277201372,0.3018712028077854,candidate,6.0,0.0,0.14595390474860603,0.13326141311693757,6.0
0.12546616031226962,4.7663588494941305,0.3058304966195334,0.12088571674057634,5.3171950009347295,0.23487389313819504,0.06272163648102058,3.2710221316396417,0.5943606165481025,0.12406933646351255,4.047722488393635,0.40280586914578387,0.12438488787254603,5.12443172499033,0.30191500931937343,0.047348033983309536,0.032198366942921684,0.35777607891925056,0.046893023937681515,0.032256964984420274,0.35987326258617164,6.0,0675,stage1_1005_best,6,3.420755579033455,0.07660752850998821,3.920864095002262,0.453125,0.5909090909090909,0.7069114001550173,0.37276477142119135,1.5846112069874447,0.22737090571181143,0.8378077353536098,0.6465442999224913,6.0,2.151948579703083,0.5083936419600869,2.5239061041797526,0.5714285714285714,0.5762697711419896,3.3165588186625437,0.6567205226237095,0.5605356615226488,0.25008541345596313,0.11694424599291701,2.750334492930374,5.352907875586148,final,0.0,0.0,0.00022713986124408775,0.0013118248423625047,0.012113446542047088,4.240761576431109,0.13205025422356503,5.002194941448294,0.36235656205184097,1.2588529456131263,0.251220703125,0.042640815291951455,0.2658847880319721,0.3028688686418487,2.0180822241029572,0.36235656205184097,0.7351976321405447,0.16867000277201372,0.3018712028077854,selected,6.0,0.0,0.14595390474860603,0.13326141311693757,6.0
,,,,,,,,,,,,,,,,,,,,,6.0,0676,stage1_1005_best,6,3.286712255360819,0.07683701516556102,3.762089353710535,0.484375,0.59375,0.7015814748830301,0.38738037670688913,1.5709075226638909,0.22349032983451822,0.8414161578777342,0.649209262558485,6.0,2.5910404747318356,0.6544698242728084,2.3996151662695433,0.42857142857142855,0.6770091372020177,4.306822800729469,0.8072992108926577,0.4065840385233546,,,,,base,0.0,0.0,,,,,,,,,,,,,,,,0.16728144891380292,0.30267580416238926,candidate,6.0,0.0,0.1923322271642169,0.09495291258840372,6.0
,,,,,,,,,,,,,,,,,,,,,6.0,0676,stage1_1005_best,6,3.286712255360819,0.07683701516556102,3.762089353710535,0.484375,0.59375,0.7015814748830301,0.38738037670688913,1.5709075226638909,0.22349032983451822,0.8414161578777342,0.649209262558485,6.0,2.5910404747318356,0.6544698242728084,2.3996151662695433,0.42857142857142855,0.6770091372020177,4.306822800729469,0.8072992108926577,0.4065840385233546,,,,,base,0.0,0.0,,,,,,,,,,,,,,,,0.16728144891380292,0.30267580416238926,selected,6.0,0.0,0.1923322271642169,0.09495291258840372,6.0
,,,,,,,,,,,,,,,,,,,,,6.0,0676,stage1_1005_best,6,3.2179512045240433,0.07560681370637388,3.7262332938569704,0.4895833333333333,0.6022727272727273,0.6941207726994653,0.3878278011267988,1.5535685578858704,0.2176503119505054,0.8449450711070124,0.6529396136502673,6.0,2.1359646134002803,0.48527321881918956,2.650554971377402,0.5714285714285714,0.5375303252961159,3.2968490523696445,0.6587370323839745,0.5468339261347214,,,,,provisional,0.0,0.0,,,,,,,,,,,,,,,,0.1681875547519649,0.30194556270591705,candidate,6.0,0.0,0.16514723639196366,0.1598917442575997,6.0
,,,,,,,,,,,,,,,,,,,,,6.0,0676,stage1_1005_best,6,3.2179512045240433,0.07560681370637388,3.7262332938569704,0.4895833333333333,0.6022727272727273,0.6941207726994653,0.3878278011267988,1.5535685578858704,0.2176503119505054,0.8449450711070124,0.6529396136502673,6.0,2.1359646134002803,0.48527321881918956,2.650554971377402,0.5714285714285714,0.5375303252961159,3.2968490523696445,0.6587370323839745,0.5468339261347214,,,,,provisional,0.0,0.0,,,,,,,,,,,,,,,,0.1681875547519649,0.30194556270591705,selected,6.0,0.0,0.16514723639196366,0.1598917442575997,6.0
,,,,,,,,,,,,,,,,,,,,,6.0,0676,stage1_1005_best,6,3.2192766856267068,0.07566526461517818,3.7295435032997593,0.4895833333333333,0.6022727272727273,0.6943641419574031,0.38749687899928237,1.5539269444677544,0.21780239977631577,0.844686577288798,0.6528179290212984,6.0,2.121778764755224,0.48621758956493455,2.635683883336672,0.5714285714285714,0.5405918605136,3.302576285348251,0.6597517883661214,0.5455841533271222,,,,,final,0.0,0.0,,,,,,,,,,,,,,,,0.16822927373015628,0.30181181401897333,candidate,6.0,0.0,0.1655989791271318,0.15951557058476784,6.0
0.16514506139730398,4.099974812428447,0.32581939221214284,0.15159203341969638,4.606686835044277,0.2915392481585728,0.09740010507357467,3.945554159079759,0.49970958545901545,0.16388456983117514,3.9307427871445277,0.4349263925646805,0.15853156448758948,4.862460004657107,0.25662693391861646,0.05215142236142959,0.03869739642970534,0.33561776789419073,0.051557244161129945,0.03744622667432753,0.3353543426725846,6.0,0676,stage1_1005_best,6,3.2192766856267068,0.07566526461517818,3.7295435032997593,0.4895833333333333,0.6022727272727273,0.6943641419574031,0.38749687899928237,1.5539269444677544,0.21780239977631577,0.844686577288798,0.6528179290212984,6.0,2.121778764755224,0.48621758956493455,2.635683883336672,0.5714285714285714,0.5405918605136,3.302576285348251,0.6597517883661214,0.5455841533271222,0.24415245652198792,0.1584544124673702,2.5409270092154075,4.842816395503489,final,0.0,0.0,0.00017326724806713636,0.00238988172220295,0.008164623934863821,4.025031502722195,0.14959294499169437,4.813330989562442,0.37150893635652166,1.2418773130997836,0.236328125,0.041933873188227444,0.2584693751461082,0.313791558124531,2.0519704062144557,0.37150893635652166,0.7288165492815519,0.16822927373015628,0.30181181401897333,selected,6.0,0.0,0.1655989791271318,0.15951557058476784,6.0
,,,,,,,,,,,,,,,,,,,,,6.0,0677,stage1_1005_best,6,3.821366043785187,0.0769728030013294,4.37659077312455,0.3958333333333333,0.5681818181818182,0.7196800827834783,0.33344016690188244,1.6350509594400393,0.24198579242043777,0.8252536554462934,0.6401599586082608,6.0,2.0635259019446637,0.7120720354566333,2.2113392934998113,0.42857142857142855,0.6792887317193269,4.243159810676904,0.7992222702699906,0.42752011428594866,,,,,base,0.0,0.0,,,,,,,,,,,,,,,,0.16634477842476997,0.30313532182858105,candidate,6.0,0.0,0.19630313203131836,0.12380043163378351,6.0
,,,,,,,,,,,,,,,,,,,,,6.0,0677,stage1_1005_best,6,3.821366043785187,0.0769728030013294,4.37659077312455,0.3958333333333333,0.5681818181818182,0.7196800827834783,0.33344016690188244,1.6350509594400393,0.24198579242043777,0.8252536554462934,0.6401599586082608,6.0,2.0635259019446637,0.7120720354566333,2.2113392934998113,0.42857142857142855,0.6792887317193269,4.243159810676904,0.7992222702699906,0.42752011428594866,,,,,base,0.0,0.0,,,,,,,,,,,,,,,,0.16634477842476997,0.30313532182858105,selected,6.0,0.0,0.19630313203131836,0.12380043163378351,6.0
,,,,,,,,,,,,,,,,,,,,,6.0,0677,stage1_1005_best,6,3.866275541691003,0.07626418758995059,4.428168673728795,0.390625,0.5653409090909091,0.7138086826691926,0.33193750988407855,1.637095757759079,0.24217203536063792,0.8211300637019768,0.6430956586654037,6.0,2.608182639585291,0.49379601182367155,2.9228548464096007,0.42857142857142855,0.5376016897441439,3.395564104799852,0.6708411444503266,0.4720166793363075,,,,,provisional,0.0,0.0,,,,,,,,,,,,,,,,0.16614363425924095,0.3028890909292877,candidate,6.0,0.0,0.17296632872599838,0.1757083953951695,6.0
,,,,,,,,,,,,,,,,,,,,,6.0,0677,stage1_1005_best,6,3.866275541691003,0.07626418758995059,4.428168673728795,0.390625,0.5653409090909091,0.7138086826691926,0.33193750988407855,1.637095757759079,0.24217203536063792,0.8211300637019768,0.6430956586654037,6.0,2.608182639585291,0.49379601182367155,2.9228548464096007,0.42857142857142855,0.5376016897441439,3.395564104799852,0.6708411444503266,0.4720166793363075,,,,,provisional,0.0,0.0,,,,,,,,,,,,,,,,0.16614363425924095,0.3028890909292877,selected,6.0,0.0,0.17296632872599838,0.1757083953951695,6.0
,,,,,,,,,,,,,,,,,,,,,6.0,0677,stage1_1005_best,6,3.867645811541427,0.07621309790889354,4.428462826422989,0.390625,0.5653409090909091,0.7137944147381091,0.33189009282727383,1.637022611619632,0.24214766735461543,0.821257715634264,0.6431027926309455,6.0,2.604735836976845,0.49517681800586366,2.916958755514381,0.42857142857142855,0.5390531859503594,3.4074429978043246,0.6733219328623566,0.4690705765788444,,,,,final,0.0,0.0,,,,,,,,,,,,,,,,0.16610759370407582,0.30294425365855776,candidate,6.0,0.0,0.1727923588840649,0.17542822684133808,6.0
0.15044855106721158,4.598543884291709,0.35743161006070934,0.16211859176395857,4.03399052360722,0.4916278524803715,0.11645169775124734,4.441728247349726,0.3451106450798837,0.13902061729103313,4.505856856747077,0.4230685789450236,0.13910471877661157,4.63818606801931,0.40224036355881587,0.03858589364410798,0.04429683302948973,0.30649795590625944,0.03844107509150629,0.04528905077889565,0.3069148662381203,6.0,0677,stage1_1005_best,6,3.867645811541427,0.07621309790889354,4.428462826422989,0.390625,0.5653409090909091,0.7137944147381091,0.33189009282727383,1.637022611619632,0.24214766735461543,0.821257715634264,0.6431027926309455,6.0,2.604735836976845,0.49517681800586366,2.916958755514381,0.42857142857142855,0.5390531859503594,3.4074429978043246,0.6733219328623566,0.4690705765788444,0.3038579821586609,0.13450296636215386,2.569892398953025,4.4111303189498425,final,0.0,0.0,0.00013520334245076498,0.001604920913964538,0.010066531564516446,4.1119723043955165,0.13026135186893112,4.82732863819605,0.344428692429723,1.262187466731742,0.2701416015625,0.042797448809834805,0.26664600911436614,0.3069399248699489,1.9625844856387977,0.344428692429723,0.750296573071392,0.16610759370407582,0.30294425365855776,selected,6.0,0.0,0.1727923588840649,0.17542822684133808,6.0
,,,,,,,,,,,,,,,,,,,,,6.0,0678,stage1_1005_best,6,3.1933658749058087,0.08607165941543565,3.8339733071413824,0.375,0.6448863636363636,0.6239537600370956,0.3773495822792376,1.6711844546280403,0.24792286073515674,0.8141276133939191,0.6880231199814522,6.0,2.4038123995218683,0.730468825581491,2.0656183234878673,0.5,0.7542659678126071,4.273787703840801,0.7965706801588028,0.42666298184201035,,,,,base,0.0,0.0,,,,,,,,,,,,,,,,0.17132334375374333,0.2759083631451237,candidate,6.0,0.0,0.20002245681871905,0.10216663818981946,6.0
,,,,,,,,,,,,,,,,,,,,,6.0,0678,stage1_1005_best,6,3.1933658749058087,0.08607165941543565,3.8339733071413824,0.375,0.6448863636363636,0.6239537600370956,0.3773495822792376,1.6711844546280403,0.24792286073515674,0.8141276133939191,0.6880231199814522,6.0,2.4038123995218683,0.730468825581491,2.0656183234878673,0.5,0.7542659678126071,4.273787703840801,0.7965706801588028,0.42666298184201035,,,,,base,0.0,0.0,,,,,,,,,,,,,,,,0.17132334375374333,0.2759083631451237,selected,6.0,0.0,0.20002245681871905,0.10216663818981946,6.0
,,,,,,,,,,,,,,,,,,,,,6.0,0678,stage1_1005_best,6,3.1261844668070675,0.08622390393870848,3.780334441510138,0.375,0.65625,0.6102556489504138,0.37853734536994793,1.65191050213195,0.2411114639973297,0.8193226352394417,0.6948721755247931,6.0,2.8776217061085316,0.48030486338668676,3.0077200652601332,0.4,0.5619050703929968,3.570124063935946,0.7009322229193887,0.4927201627297305,,,,,provisional,0.0,0.0,,,,,,,,,,,,,,,,0.17157366590163786,0.27372191116791633,candidate,6.0,0.0,0.17125745872368883,0.18366647749246925,6.0
,,,,,,,,,,,,,,,,,,,,,6.0,0678,stage1_1005_best,6,3.1261844668070675,0.08622390393870848,3.780334441510138,0.375,0.65625,0.6102556489504138,0.37853734536994793,1.65191050213195,0.2411114639973297,0.8193226352394417,0.6948721755247931,6.0,2.8776217061085316,0.48030486338668676,3.0077200652601332,0.4,0.5619050703929968,3.570124063935946,0.7009322229193887,0.4927201627297305,,,,,provisional,0.0,0.0,,,,,,,,,,,,,,,,0.17157366590163786,0.27372191116791633,selected,6.0,0.0,0.17125745872368883,0.18366647749246925,6.0
,,,,,,,,,,,,,,,,,,,,,6.0,0678,stage1_1005_best,6,3.124161106254733,0.08632611430379805,3.77971329564528,0.375,0.6505681818181818,0.6110633728647229,0.3787821881088145,1.6527551407046852,0.24137757081112526,0.8190025293167097,0.6944683135676386,6.0,2.860332734798288,0.48149370935727914,3.004232480256923,0.4,0.5594185282398115,3.5631598111081972,0.6998753081551601,0.4940154479854083,,,,,final,0.0,0.0,,,,,,,,,,,,,,,,0.17164834480477303,0.27380369136527655,candidate,6.0,0.0,0.1710381947248209,0.18373383229059664,6.0
0.13392661258860372,5.009108659047125,0.28803966860969504,0.11227440625776483,5.015779273102125,0.3111007216398569,0.0973522939057876,2.70101383150746,0.7194013820433298,0.11860861919942449,4.508040533488676,0.44057262599768765,0.12029333135710331,5.173429740968411,0.2508572021682002,0.04868291914035478,0.04233303464147944,0.4944056644688017,0.04911263378073291,0.043999096297836195,0.49581716364538914,6.0,0678,stage1_1005_best,6,3.124161106254733,0.08632611430379805,3.77971329564528,0.375,0.6505681818181818,0.6110633728647229,0.3787821881088145,1.6527551407046852,0.24137757081112526,0.8190025293167097,0.6944683135676386,6.0,2.860332734798288,0.48149370935727914,3.004232480256923,0.4,0.5594185282398115,3.5631598111081972,0.6998753081551601,0.4940154479854083,0.39703088998794556,0.11928111008650347,2.5765230321759405,5.058315038221538,final,0.0,0.0,0.0003926295066044332,0.0028702229203093794,0.02385324459376993,4.2276216192085565,0.13389998607483514,5.01404103497051,0.3588336357513519,1.2631158633658897,0.253662109375,0.04460071355857042,0.2667142997748667,0.3025986259411528,2.0091813071575317,0.3588336357513519,0.7415313327618472,0.17164834480477303,0.27380369136527655,selected,6.0,0.0,0.1710381947248209,0.18373383229059664,6.0
,,,,,,,,,,,,,,,,,,,,,6.0,0679,stage1_1005_best,6,3.616873210622314,0.08490159543128789,4.233155101489515,0.34375,0.6619318181818182,0.6378590526260827,0.34228151263304907,1.7026465300868023,0.2561787180548623,0.8115528815002272,0.6810704736869586,6.0,2.6284172022770393,0.7411365116076474,1.9623246877581877,0.4,0.7918984507042844,4.661808348886221,0.8542167293013567,0.35785763314245544,,,,,base,0.0,0.0,,,,,,,,,,,,,,,,0.17320542775559733,0.2781152660946324,candidate,6.0,0.0,0.18683058948283598,0.08954622312479746,6.0
,,,,,,,,,,,,,,,,,,,,,6.0,0679,stage1_1005_best,6,3.616873210622314,0.08490159543128789,4.233155101489515,0.34375,0.6619318181818182,0.6378590526260827,0.34228151263304907,1.7026465300868023,0.2561787180548623,0.8115528815002272,0.6810704736869586,6.0,2.6284172022770393,0.7411365116076474,1.9623246877581877,0.4,0.7918984507042844,4.661808348886221,0.8542167293013567,0.35785763314245544,,,,,base,0.0,0.0,,,,,,,,,,,,,,,,0.17320542775559733,0.2781152660946324,selected,6.0,0.0,0.18683058948283598,0.08954622312479746,6.0
,,,,,,,,,,,,,,,,,,,,,6.0,0679,stage1_1005_best,6,3.557488328421851,0.08252543271351319,4.185434119338416,0.34375,0.6761363636363636,0.6176895444457029,0.3407903968344243,1.674742085248247,0.24769467025925215,0.8189437264424516,0.6911552277771486,6.0,2.385214776547673,0.4745387830187369,2.7738070490429965,0.5,0.5619886738588057,3.290649129919585,0.6576608217229966,0.5212214892790263,,,,,provisional,0.0,0.0,,,,,,,,,,,,,,,,0.1715157757037214,0.2783194921886437,candidate,6.0,0.0,0.16195715201612182,0.16091583529084544,6.0
,,,,,,,,,,,,,,,,,,,,,6.0,0679,stage1_1005_best,6,3.557488328421851,0.08252543271351319,4.185434119338416,0.34375,0.6761363636363636,0.6176895444457029,0.3407903968344243,1.674742085248247,0.24769467025925215,0.8189437264424516,0.6911552277771486,6.0,2.385214776547673,0.4745387830187369,2.7738070490429965,0.5,0.5619886738588057,3.290649129919585,0.6576608217229966,0.5212214892790263,,,,,provisional,0.0,0.0,,,,,,,,,,,,,,,,0.1715157757037214,0.2783194921886437,selected,6.0,0.0,0.16195715201612182,0.16091583529084544,6.0
,,,,,,,,,,,,,,,,,,,,,6.0,0679,stage1_1005_best,6,3.5603174470883148,0.0824912457220769,4.187749764486651,0.3489583333333333,0.6704545454545454,0.6183611590634459,0.3407812266665458,1.6753680948006997,0.2478972070029617,0.8187850626114485,0.6908194204682772,6.0,2.4257074123802393,0.47416021557111726,2.802035442665043,0.4,0.5586652959955055,3.312290600550456,0.6611929186280859,0.5204629883720753,,,,,final,0.0,0.0,,,,,,,,,,,,,,,,0.17155325387161668,0.2783167149963162,candidate,6.0,0.0,0.16196028797662299,0.16096747269526246,6.0
0.1094860381181649,5.013167361756805,0.306568360644896,0.09675098381056159,5.276887145698965,0.3249574877206141,0.05970782877727302,2.420248656383021,0.757839819990273,0.11214737855343672,3.9817110109451286,0.527408768136605,0.10372866676021102,5.176370457046481,0.2760777514521688,0.051667490959927426,0.04824466305173485,0.512496614042273,0.051664167509192005,0.04899765524162037,0.513312362850262,6.0,0679,stage1_1005_best,6,3.5603174470883148,0.0824912457220769,4.187749764486651,0.3489583333333333,0.6704545454545454,0.6183611590634459,0.3407812266665458,1.6753680948006997,0.2478972070029617,0.8187850626114485,0.6908194204682772,6.0,2.4257074123802393,0.47416021557111726,2.802035442665043,0.4,0.5586652959955055,3.312290600550456,0.6611929186280859,0.5204629883720753,0.3682592511177063,0.09539815356224013,2.678726386324637,5.217939529155526,final,0.0,0.0,0.00030769215146324395,0.0017157227798716382,0.023043603165860127,4.144746260845228,0.11918132436037782,4.9140236493693275,0.32339371198988187,1.2949984262881225,0.284912109375,0.041452659090645626,0.2737886732974086,0.29374558050996163,1.8959983584788291,0.32339371198988187,0.7664563251329504,0.17155325387161668,0.2783167149963162,selected,6.0,0.0,0.16196028797662299,0.16096747269526246,6.0
,,,,,,,,,,,,,,,,,,,,,6.0,0680,stage1_1005_best,6,3.264352690237745,0.08580523832761613,3.886576724795306,0.375,0.6392045454545454,0.6349430948560112,0.37633789155320746,1.6820640393645974,0.25240590557466436,0.8117297072439985,0.6825284525719945,6.0,2.8990836377664335,0.7431407796604873,1.8091194124039476,0.8,0.8220015952741206,4.486514245914123,0.8323415163596858,0.38939828975306057,,,,,base,0.0,0.0,,,,,,,,,,,,,,,,0.17167629896290618,0.27611762550368185,candidate,6.0,0.0,0.18654384881633126,0.07450434013524561,6.0
,,,,,,,,,,,,,,,,,,,,,6.0,0680,stage1_1005_best,6,3.264352690237745,0.08580523832761613,3.886576724795306,0.375,0.6392045454545454,0.6349430948560112,0.37633789155320746,1.6820640393645974,0.25240590557466436,0.8117297072439985,0.6825284525719945,6.0,2.8990836377664335,0.7431407796604873,1.8091194124039476,0.8,0.8220015952741206,4.486514245914123,0.8323415163596858,0.38939828975306057,,,,,base,0.0,0.0,,,,,,,,,,,,,,,,0.17167629896290618,0.27611762550368185,selected,6.0,0.0,0.18654384881633126,0.07450434013524561,6.0
,,,,,,,,,,,,,,,,,,,,,6.0,0680,stage1_1005_best,6,3.151705980015287,0.08655915794497498,3.806495524426609,0.375,0.6505681818181818,0.6161468717502981,0.37717687918314574,1.6593872419331366,0.2440048655494926,0.8173995312606143,0.6919265641248509,6.0,2.6155530266103297,0.5025277164190874,2.8576785920370966,0.5,0.5869597548667705,3.5606095715219426,0.6964820480564727,0.492876127184135,,,,,provisional,0.0,0.0,,,,,,,,,,,,,,,,0.17112731397437525,0.2757599909173864,candidate,6.0,0.0,0.16566702971725444,0.14219827197532642,6.0
,,,,,,,,,,,,,,,,,,,,,6.0,0680,stage1_1005_best,6,3.151705980015287,0.08655915794497498,3.806495524426609,0.375,0.6505681818181818,0.6161468717502981,0.37717687918314574,1.6593872419331366,0.2440048655494926,0.8173995312606143,0.6919265641248509,6.0,2.6155530266103297,0.5025277164190874,2.8576785920370966,0.5,0.5869597548667705,3.5606095715219426,0.6964820480564727,0.492876127184135,,,,,provisional,0.0,0.0,,,,,,,,,,,,,,,,0.17112731397437525,0.2757599909173864,selected,6.0,0.0,0.16566702971725444,0.14219827197532642,6.0
,,,,,,,,,,,,,,,,,,,,,6.0,0680,stage1_1005_best,6,3.15449708362227,0.08653695367920908,3.808972067488475,0.375,0.6505681818181818,0.6166630232398934,0.3771709645062975,1.6601007376713761,0.24420716821926408,0.8171846650651884,0.6916684883800533,6.0,2.6181529503879744,0.5028335284560524,2.8727836510779916,0.5,0.5821406246028785,3.551957735961736,0.6959225880096349,0.4937148412252439,,,,,final,0.0,0.0,,,,,,,,,,,,,,,,0.17116998309547954,0.2757811583038235,candidate,6.0,0.0,0.16505099661563247,0.14195402850327146,6.0
0.1394307247292365,4.97427858492967,0.314955015029962,0.10382887485351759,5.398898181887708,0.28180300266879715,0.08749152761608645,3.5396497232084347,0.610167754834135,0.09369066267916845,4.678835475238235,0.40598419861337964,0.1388933137346035,5.155705371644125,0.30202847793994375,0.04491881567328246,0.04428773155121088,0.5391228493047786,0.045982980713805764,0.045577865801066965,0.543633630474424,6.0,0680,stage1_1005_best,6,3.15449708362227,0.08653695367920908,3.808972067488475,0.375,0.6505681818181818,0.6166630232398934,0.3771709645062975,1.6601007376713761,0.24420716821926408,0.8171846650651884,0.6916684883800533,6.0,2.6181529503879744,0.5028335284560524,2.8727836510779916,0.5,0.5821406246028785,3.551957735961736,0.6959225880096349,0.4937148412252439,0.36946094036102295,0.10835119790681233,2.5106579784904834,5.462417277246382,final,0.0,0.0,0.0002593607960989437,0.0018902629892566126,0.021622558188721833,4.372235160344141,0.12051296993540356,5.164012112771905,0.3460538361562816,1.2814942764390325,0.2449951171875,0.04259822747703493,0.27324560412208426,0.2914415361699735,1.9539936939697278,0.3460538361562816,0.7510723003594402,0.17116998309547954,0.2757811583038235,selected,6.0,0.0,0.16505099661563247,0.14195402850327146,6.0
,,,,,,,,,,,,,,,,,,,,,6.0,0681,stage1_1005_best,6,3.448623874776118,0.08532392436143074,4.05934091480259,0.359375,0.6505681818181818,0.6392161693983728,0.3606281854738308,1.697432991732768,0.256106470587349,0.8082527114807846,0.6803919153008136,6.0,2.5486719791388963,0.7132958302741454,2.023891490665865,0.6,0.7667341983153964,4.252740715412192,0.8012660355091697,0.4149695725489656,,,,,base,0.0,0.0,,,,,,,,,,,,,,,,0.17314594148675452,0.27710265809351015,candidate,6.0,0.0,0.20382085363714825,0.10047127910428204,6.0
,,,,,,,,,,,,,,,,,,,,,6.0,0681,stage1_1005_best,6,3.448623874776118,0.08532392436143074,4.05934091480259,0.359375,0.6505681818181818,0.6392161693983728,0.3606281854738308,1.697432991732768,0.256106470587349,0.8082527114807846,0.6803919153008136,6.0,2.5486719791388963,0.7132958302741454,2.023891490665865,0.6,0.7667341983153964,4.252740715412192,0.8012660355091697,0.4149695725489656,,,,,base,0.0,0.0,,,,,,,,,,,,,,,,0.17314594148675452,0.27710265809351015,selected,6.0,0.0,0.20382085363714825,0.10047127910428204,6.0
,,,,,,,,,,,,,,,,,,,,,6.0,0681,stage1_1005_best,6,3.3479865369110455,0.08517621332214595,3.9797979177467555,0.3541666666666667,0.6761363636363636,0.6187747716275087,0.3622051848809312,1.6769020162646597,0.249229973203882,0.8126509635088367,0.6906126141862456,6.0,2.5881063965425084,0.49126084942955023,2.7246189746975977,0.4,0.5907396724693811,3.4087671217305258,0.678750604103328,0.483439538136807,,,,,provisional,0.0,0.0,,,,,,,,,,,,,,,,0.171682474633322,0.27694596778503167,candidate,6.0,0.0,0.1753738933298843,0.16637086733226317,6.0
,,,,,,,,,,,,,,,,,,,,,6.0,0681,stage1_1005_best,6,3.3479865369110455,0.08517621332214595,3.9797979177467555,0.3541666666666667,0.6761363636363636,0.6187747716275087,0.3622051848809312,1.6769020162646597,0.249229973203882,0.8126509635088367,0.6906126141862456,6.0,2.5881063965425084,0.49126084942955023,2.7246189746975977,0.4,0.5907396724693811,3.4087671217305258,0.678750604103328,0.483439538136807,,,,,provisional,0.0,0.0,,,,,,,,,,,,,,,,0.171682474633322,0.27694596778503167,selected,6.0,0.0,0.1753738933298843,0.16637086733226317,6.0
,,,,,,,,,,,,,,,,,,,,,6.0,0681,stage1_1005_best,6,3.346735168006301,0.08519182412969231,3.9789581570521224,0.3541666666666667,0.6761363636363636,0.6191712949031252,0.3624009182889333,1.6772896058977693,0.24932729697314837,0.8124752554237379,0.6904143525484375,6.0,2.5560734644436187,0.4930635200125618,2.7050207527935983,0.4,0.5913505741574702,3.4115895089689383,0.679347206939462,0.47954216233149793,,,,,final,0.0,0.0,,,,,,,,,,,,,,,,0.17172888138583206,0.27694526494151755,candidate,6.0,0.0,0.1749715740793347,0.1665458785661931,6.0
0.11779195834267872,4.820960020571736,0.3024651952005368,0.10547801312531245,4.70987049417946,0.3809300211760314,0.08559001430917841,2.738334567690797,0.7153494750798839,0.10757556679880104,4.328046217595172,0.4574072277200215,0.1266653130145692,5.105938258814852,0.2784338992417136,0.04147699704673149,0.04273733829895523,0.48597828973258794,0.042641981416376616,0.04336436095648249,0.48841238297144934,6.0,0681,stage1_1005_best,6,3.346735168006301,0.08519182412969231,3.9789581570521224,0.3541666666666667,0.6761363636363636,0.6191712949031252,0.3624009182889333,1.6772896058977693,0.24932729697314837,0.8124752554237379,0.6904143525484375,6.0,2.5560734644436187,0.4930635200125618,2.7050207527935983,0.4,0.5913505741574702,3.4115895089689383,0.679347206939462,0.47954216233149793,0.3558519780635834,0.12321259409608935,2.5747205651911105,4.839902555300559,final,0.0,0.0,0.00021356986003448833,0.0013896969354017677,0.022726026520854977,4.3668830953465445,0.10560086488256731,5.144747096144745,0.3110712538923402,1.3147433589941337,0.2655029296875,0.04532877154362811,0.2810202360222139,0.2814205198110102,1.8366020123959133,0.3110712538923402,0.7746313899767326,0.17172888138583206,0.27694526494151755,selected,6.0,0.0,0.1749715740793347,0.1665458785661931,6.0
,,,,,,,,,,,,,,,,,,,,,6.0,0682,stage1_1005_best,6,3.203728154239146,0.08575608144960195,3.8360883278686924,0.375,0.6534090909090909,0.628134426511899,0.37868355479676385,1.6720587303428605,0.24939741162962845,0.8155573892532116,0.6859327867440504,6.0,2.3707529194690533,0.725736886371995,2.06114710582671,0.7,0.7602947116850839,4.380581312744879,0.8161287319072795,0.4072320967035993,,,,,base,0.0,0.0,,,,,,,,,,,,,,,,0.17064746954729812,0.27668540334238295,candidate,6.0,0.0,0.17908237291266094,0.07771496205887449,6.0
,,,,,,,,,,,,,,,,,,,,,6.0,0682,stage1_1005_best,6,3.203728154239146,0.08575608144960195,3.8360883278686924,0.375,0.6534090909090909,0.628134426511899,0.37868355479676385,1.6720587303428605,0.24939741162962845,0.8155573892532116,0.6859327867440504,6.0,2.3707529194690533,0.725736886371995,2.06114710582671,0.7,0.7602947116850839,4.380581312744879,0.8161287319072795,0.4072320967035993,,,,,base,0.0,0.0,,,,,,,,,,,,,,,,0.17064746954729812,0.27668540334238295,selected,6.0,0.0,0.17908237291266094,0.07771496205887449,6.0
,,,,,,,,,,,,,,,,,,,,,6.0,0682,stage1_1005_best,6,3.1007182460009446,0.08719644027392573,3.7616027279903865,0.375,0.6505681818181818,0.6140352997083892,0.38173675943509694,1.6586969235188798,0.24364693410982194,0.8179205557044726,0.6929823501458053,6.0,2.685659362195937,0.5262228246170741,2.6925518337368644,0.5,0.6442119780133927,3.7354770793739265,0.7229299029224777,0.4478329663915826,,,,,provisional,0.0,0.0,,,,,,,,,,,,,,,,0.17049320186976968,0.2758907459263522,candidate,6.0,0.0,0.16156477835116298,0.14325086853934976,6.0
,,,,,,,,,,,,,,,,,,,,,6.0,0682,stage1_1005_best,6,3.1007182460009446,0.08719644027392573,3.7616027279903865,0.375,0.6505681818181818,0.6140352997083892,0.38173675943509694,1.6586969235188798,0.24364693410982194,0.8179205557044726,0.6929823501458053,6.0,2.685659362195937,0.5262228246170741,2.6925518337368644,0.5,0.6442119780133927,3.7354770793739265,0.7229299029224777,0.4478329663915826,,,,,provisional,0.0,0.0,,,,,,,,,,,,,,,,0.17049320186976968,0.2758907459263522,selected,6.0,0.0,0.16156477835116298,0.14325086853934976,6.0
,,,,,,,,,,,,,,,,,,,,,6.0,0682,stage1_1005_best,6,3.099837790433616,0.08727780749407027,3.761241779618312,0.375,0.6505681818181818,0.6144662665098305,0.38192253479612137,1.6592798381598228,0.24381974174997134,0.8176915058617306,0.6927668667450848,6.0,2.700789816257677,0.5216199067189692,2.719021225567059,0.5,0.6383062228469283,3.7233487678343957,0.7210248122042356,0.4487044425697782,,,,,final,0.0,0.0,,,,,,,,,,,,,,,,0.17054458946865683,0.2759088918161962,candidate,6.0,0.0,0.16101206109252494,0.144104802332119,6.0
0.13606086477073703,5.000796300945186,0.27666274068287305,0.1164893613638644,5.255963212824739,0.3150782519535146,0.0750751134796693,3.2342282144653915,0.6471168283437743,0.09181946670478497,4.16059250847846,0.5240043784431475,0.11953989754190308,5.244792400180438,0.2945461080268991,0.04051200772216581,0.031851426465501875,0.4637473888381211,0.040404411477276296,0.03271940862173136,0.46417042682855914,6.0,0682,stage1_1005_best,6,3.099837790433616,0.08727780749407027,3.761241779618312,0.375,0.6505681818181818,0.6144662665098305,0.38192253479612137,1.6592798381598228,0.24381974174997134,0.8176915058617306,0.6927668667450848,6.0,2.700789816257677,0.5216199067189692,2.719021225567059,0.5,0.6383062228469283,3.7233487678343957,0.7210248122042356,0.4487044425697782,0.38224998116493225,0.1041795647974849,2.6357026381817916,5.492559584157396,final,0.0,0.0,0.00020764541910580606,0.00150088215354122,0.01889821772552737,4.1551453816459665,0.12546453234375435,4.920676974751186,0.3377321501425032,1.2819128396652189,0.2646484375,0.0434822386961427,0.2706577446416703,0.2968253413039776,1.942632356924269,0.3377321501425032,0.7549851911539789,0.17054458946865683,0.2759088918161962,selected,6.0,0.0,0.16101206109252494,0.144104802332119,6.0
,,,,,,,,,,,,,,,,,,,,,6.0,0683,stage1_1005_best,6,3.377215512631708,0.08211479017315866,4.035375022564758,0.3333333333333333,0.6363636363636364,0.6648232542726107,0.3620895483214402,1.6596670248062741,0.24711981565790025,0.8126152971089023,0.6675883728636947,6.0,2.5557824940516083,0.7165166889915239,1.9765035225664938,0.6,0.7803340306845462,4.384126856434016,0.8192431898737859,0.3916816453349098,,,,,base,0.0,0.0,,,,,,,,,,,,,,,,0.17122368044653521,0.2850913041589929,candidate,6.0,0.0,0.1918171069227429,0.09532984012417033,6.0
,,,,,,,,,,,,,,,,,,,,,6.0,0683,stage1_1005_best,6,3.377215512631708,0.08211479017315866,4.035375022564758,0.3333333333333333,0.6363636363636364,0.6648232542726107,0.3620895483214402,1.6596670248062741,0.24711981565790025,0.8126152971089023,0.6675883728636947,6.0,2.5557824940516083,0.7165166889915239,1.9765035225664938,0.6,0.7803340306845462,4.384126856434016,0.8192431898737859,0.3916816453349098,,,,,base,0.0,0.0,,,,,,,,,,,,,,,,0.17122368044653521,0.2850913041589929,selected,6.0,0.0,0.1918171069227429,0.09532984012417033,6.0
,,,,,,,,,,,,,,,,,,,,,6.0,0683,stage1_1005_best,6,3.325966088925594,0.08156590218516478,3.996512662266784,0.3385416666666667,0.6505681818181818,0.6563115969149016,0.36333967095160885,1.6507642811099892,0.24322678543068746,0.8137309957081563,0.6718442015425492,6.0,2.233630058275971,0.4919928346195434,2.7634265316823683,0.4,0.5593880980415729,3.3203485728583253,0.657947890775424,0.54117803208935,,,,,provisional,0.0,0.0,,,,,,,,,,,,,,,,0.1705816343445138,0.28599609552579197,candidate,6.0,0.0,0.16234767271974077,0.1503327661056581,6.0
,,,,,,,,,,,,,,,,,,,,,6.0,0683,stage1_1005_best,6,3.325966088925594,0.08156590218516478,3.996512662266784,0.3385416666666667,0.6505681818181818,0.6563115969149016,0.36333967095160885,1.6507642811099892,0.24322678543068746,0.8137309957081563,0.6718442015425492,6.0,2.233630058275971,0.4919928346195434,2.7634265316823683,0.4,0.5593880980415729,3.3203485728583253,0.657947890775424,0.54117803208935,,,,,provisional,0.0,0.0,,,,,,,,,,,,,,,,0.1705816343445138,0.28599609552579197,selected,6.0,0.0,0.16234767271974077,0.1503327661056581,6.0
,,,,,,,,,,,,,,,,,,,,,6.0,0683,stage1_1005_best,6,3.3276294131305315,0.08146315164844947,3.997952967343142,0.3333333333333333,0.6534090909090909,0.6559849961739027,0.36319981803350915,1.650489799612714,0.24311380936860608,0.8138476516146289,0.6720075019130486,6.0,2.2769251810056823,0.49173116670024536,2.79164299026344,0.4,0.5569998143791699,3.3310866027626225,0.6591268591505569,0.5386135848089376,,,,,final,0.0,0.0,,,,,,,,,,,,,,,,0.17057483560527628,0.2859662687958389,candidate,6.0,0.0,0.16111897002119985,0.15126825046789494,6.0
0.12244436683300827,4.73437230814719,0.33230462325205384,0.10021232301522383,5.226658898850171,0.2829331188014598,0.06794811122042253,4.826142489698268,0.3261483666571761,0.09646360401687905,4.317911068833008,0.4258569441362135,0.11871511992364533,5.277698139161896,0.23370773282297827,0.04677763492389178,0.03145692294987366,0.5431114385924635,0.04607521677096648,0.031336294953125426,0.5465887661897441,6.0,0683,stage1_1005_best,6,3.3276294131305315,0.08146315164844947,3.997952967343142,0.3333333333333333,0.6534090909090909,0.6559849961739027,0.36319981803350915,1.650489799612714,0.24311380936860608,0.8138476516146289,0.6720075019130486,6.0,2.2769251810056823,0.49173116670024536,2.79164299026344,0.4,0.5569998143791699,3.3310866027626225,0.6591268591505569,0.5386135848089376,0.3581119179725647,0.10146377376182127,2.677081970556195,5.247831778200165,final,0.0,0.0,0.00031305139022051926,0.0017151890957287717,0.021498638216993684,4.11100740433046,0.12742441458871237,4.890731895148195,0.3380035576374932,1.2785349363556633,0.251220703125,0.04332732109635508,0.2689147522856153,0.29922351883161535,1.9409983671652016,0.33800355763749323,0.7521816317787435,0.17057483560527628,0.2859662687958389,selected,6.0,0.0,0.16111897002119985,0.15126825046789494,6.0
,,,,,,,,,,,,,,,,,,,,,6.0,0684,stage1_1005_best,6,3.5258380789151693,0.0821414993762269,4.184576871587231,0.3020833333333333,0.6477272727272727,0.6678941295569518,0.3492140588076113,1.6758651112221947,0.25138888927554404,0.8117290632868986,0.6660529352215241,6.0,2.573133444909709,0.6951193045435891,2.200436500310967,0.5,0.737721422739273,4.333477414358968,0.8077750917523194,0.40483526812972254,,,,,base,0.0,0.0,,,,,,,,,,,,,,,,0.17053893084201605,0.2859455120625213,candidate,6.0,0.0,0.19509479278272632,0.09951807085259193,6.0
,,,,,,,,,,,,,,,,,,,,,6.0,0684,stage1_1005_best,6,3.5258380789151693,0.0821414993762269,4.184576871587231,0.3020833333333333,0.6477272727272727,0.6678941295569518,0.3492140588076113,1.6758651112221947,0.25138888927554404,0.8117290632868986,0.6660529352215241,6.0,2.573133444909709,0.6951193045435891,2.200436500310967,0.5,0.737721422739273,4.333477414358968,0.8077750917523194,0.40483526812972254,,,,,base,0.0,0.0,,,,,,,,,,,,,,,,0.17053893084201605,0.2859455120625213,selected,6.0,0.0,0.19509479278272632,0.09951807085259193,6.0
,,,,,,,,,,,,,,,,,,,,,6.0,0684,stage1_1005_best,6,3.4477080558221256,0.08008746582232439,4.126806290912195,0.296875,0.6761363636363636,0.641968800951576,0.347191738385482,1.6427436263955288,0.24131728019566448,0.8202401421154316,0.679015599524212,6.0,2.6467405167866302,0.4879997005721706,2.9499779899437297,0.4,0.5473689624383546,3.379914885532577,0.6735757668014973,0.47899123721815207,,,,,provisional,0.0,0.0,,,,,,,,,,,,,,,,0.16918684815624394,0.28547416659281183,candidate,6.0,0.0,0.18270055090043794,0.1777323592317428,6.0
,,,,,,,,,,,,,,,,,,,,,6.0,0684,stage1_1005_best,6,3.4477080558221256,0.08008746582232439,4.126806290912195,0.296875,0.6761363636363636,0.641968800951576,0.347191738385482,1.6427436263955288,0.24131728019566448,0.8202401421154316,0.679015599524212,6.0,2.6467405167866302,0.4879997005721706,2.9499779899437297,0.4,0.5473689624383546,3.379914885532577,0.6735757668014973,0.47899123721815207,,,,,provisional,0.0,0.0,,,,,,,,,,,,,,,,0.16918684815624394,0.28547416659281183,selected,6.0,0.0,0.18270055090043794,0.1777323592317428,6.0
,,,,,,,,,,,,,,,,,,,,,6.0,0684,stage1_1005_best,6,3.447993459178904,0.08009440961146577,4.127108610517928,0.296875,0.6761363636363636,0.6421971229089569,0.34722932940428414,1.6430220297723857,0.2413956248729317,0.8200572898233789,0.6789014385455215,6.0,2.6473821582821384,0.4852442887470605,2.958174039158247,0.4,0.5444970979015554,3.369494436768453,0.6718703520339305,0.48405339433161815,,,,,final,0.0,0.0,,,,,,,,,,,,,,,,0.16921253770631028,0.2854864939403182,candidate,6.0,0.0,0.18234612155806385,0.17799822650054148,6.0
0.13864196026695083,4.437204978493212,0.33537873763200776,0.1282170645376802,4.572221096009503,0.3904696256384114,0.1004923790414144,3.759935102908863,0.514140532744556,0.12838617649951256,4.745134329426464,0.40212317990929597,0.14529612993484545,4.81699699580487,0.3378451313026529,0.05341064557504351,0.06303622087238347,0.5018662433908903,0.05372518032662348,0.06389884219469771,0.4968969462148793,6.0,0684,stage1_1005_best,6,3.447993459178904,0.08009440961146577,4.127108610517928,0.296875,0.6761363636363636,0.6421971229089569,0.34722932940428414,1.6430220297723857,0.2413956248729317,0.8200572898233789,0.6789014385455215,6.0,2.6473821582821384,0.4852442887470605,2.958174039158247,0.4,0.5444970979015554,3.369494436768453,0.6718703520339305,0.48405339433161815,0.37521228194236755,0.1293144663596779,2.4852610172646874,4.579578932674914,final,0.0,0.0,0.00018009207470574744,0.0018845618756258983,0.017379429173429894,4.032553036894322,0.12926462471402864,4.77469553625479,0.3353353522163667,1.2657191073128062,0.2835693359375,0.04147849663870961,0.2670227658281927,0.3075365359015667,1.9355763698770216,0.3353353522163667,0.7598650372281315,0.16921253770631028,0.2854864939403182,selected,6.0,0.0,0.18234612155806385,0.17799822650054148,6.0
,,,,,,,,,,,,,,,,,,,,,6.0,0685,stage1_1005_best,6,3.3465609382739667,0.08192740272083433,3.9912217237604524,0.34375,0.6335227272727273,0.6669570853134383,0.36909154820127876,1.6620841768317913,0.24787223866042826,0.8109903425339692,0.6665214573432808,6.0,2.9182303000159964,0.6908244793334418,2.1177475318694428,0.4,0.7705222127313254,4.436779068473149,0.8233128250546516,0.3731611246458721,,,,,base,0.0,0.0,,,,,,,,,,,,,,,,0.17075467290052004,0.2855543086435298,candidate,6.0,0.0,0.17496319241268776,0.0934535860894254,6.0
,,,,,,,,,,,,,,,,,,,,,6.0,0685,stage1_1005_best,6,3.3465609382739667,0.08192740272083433,3.9912217237604524,0.34375,0.6335227272727273,0.6669570853134383,0.36909154820127876,1.6620841768317913,0.24787223866042826,0.8109903425339692,0.6665214573432808,6.0,2.9182303000159964,0.6908244793334418,2.1177475318694428,0.4,0.7705222127313254,4.436779068473149,0.8233128250546516,0.3731611246458721,,,,,base,0.0,0.0,,,,,,,,,,,,,,,,0.17075467290052004,0.2855543086435298,selected,6.0,0.0,0.17496319241268776,0.0934535860894254,6.0
,,,,,,,,,,,,,,,,,,,,,6.0,0685,stage1_1005_best,6,3.297923520348558,0.08131163706640138,3.959778146763145,0.34375,0.6647727272727273,0.6550942494898565,0.36821047152487724,1.6489217585464493,0.2430647835203803,0.814627503872062,0.6724528752550718,6.0,2.534009976940859,0.48494441985504366,2.7843081154767035,0.5,0.588476783877853,3.441659294535429,0.6764739145907944,0.520329919379366,,,,,provisional,0.0,0.0,,,,,,,,,,,,,,,,0.17004622523753535,0.28598562690441137,candidate,6.0,0.0,0.1515127582756748,0.13803652562254143,6.0
,,,,,,,,,,,,,,,,,,,,,6.0,0685,stage1_1005_best,6,3.297923520348558,0.08131163706640138,3.959778146763145,0.34375,0.6647727272727273,0.6550942494898565,0.36821047152487724,1.6489217585464493,0.2430647835203803,0.814627503872062,0.6724528752550718,6.0,2.534009976940859,0.48494441985504366,2.7843081154767035,0.5,0.588476783877853,3.441659294535429,0.6764739145907944,0.520329919379366,,,,,provisional,0.0,0.0,,,,,,,,,,,,,,,,0.17004622523753535,0.28598562690441137,selected,6.0,0.0,0.1515127582756748,0.13803652562254143,6.0
,,,,,,,,,,,,,,,,,,,,,6.0,0685,stage1_1005_best,6,3.293972031371626,0.0814596904796611,3.9560487398064477,0.34375,0.6647727272727273,0.6557266311126781,0.3686565876706415,1.6495482480460735,0.24322352549234263,0.8142632917622626,0.6721366844436609,6.0,2.5759585694766933,0.4799638050495233,2.8187983340338096,0.5,0.585450352506234,3.4534800131458083,0.678061883977734,0.5176407388744583,,,,,final,0.0,0.0,,,,,,,,,,,,,,,,0.17007947133868287,0.28603808601661546,candidate,6.0,0.0,0.1508035472772794,0.13891845365759833,6.0
0.12833107068678334,5.042787890878365,0.28300801244662327,0.1106738828616238,5.230885028845396,0.22345551416289403,0.08193780942097399,4.902146879121221,0.34771273728216223,0.08684646547406265,4.348716996470273,0.45361782275020013,0.11984399487411085,5.358763801707335,0.22140397599063025,0.03689113661721496,0.029381458678825384,0.48263625493406875,0.03713463441932068,0.030422956962382383,0.49223560739225336,6.0,0685,stage1_1005_best,6,3.293972031371626,0.0814596904796611,3.9560487398064477,0.34375,0.6647727272727273,0.6557266311126781,0.3686565876706415,1.6495482480460735,0.24322352549234263,0.8142632917622626,0.6721366844436609,6.0,2.5759585694766933,0.4799638050495233,2.8187983340338096,0.5,0.585450352506234,3.4534800131458083,0.678061883977734,0.5176407388744583,0.36041316390037537,0.1047510392466244,2.6304910219738886,5.258871921399581,final,0.0,0.0,0.0003359367179109084,0.0031526312600386867,0.022579804698143153,3.9609012945389974,0.1352699429410751,4.747529312273991,0.33905311529713894,1.2728863423063985,0.254638671875,0.0443377453342381,0.266094333738067,0.3056247704864258,1.9515245433990853,0.33905311529713894,0.7477249499708754,0.17007947133868287,0.28603808601661546,selected,6.0,0.0,0.1508035472772794,0.13891845365759833,6.0
,,,,,,,,,,,,,,,,,,,,,6.0,0686,stage1_1005_best,6,3.3363094394689483,0.0826212323245475,3.9794920983510793,0.3385416666666667,0.625,0.6678752136420065,0.37142641682344285,1.67116733986712,0.25031741280683695,0.8076857014772058,0.6660623931789967,6.0,3.0041961587153536,0.6955066066030023,2.272727564022787,0.3,0.7442251654289735,4.503897157184636,0.832631147059718,0.37711260320069195,,,,,base,0.0,0.0,,,,,,,,,,,,,,,,0.16969912344693175,0.28543826799124916,candidate,6.0,0.0,0.1943499929656283,0.10147142736532345,6.0
,,,,,,,,,,,,,,,,,,,,,6.0,0686,stage1_1005_best,6,3.3363094394689483,0.0826212323245475,3.9794920983510793,0.3385416666666667,0.625,0.6678752136420065,0.37142641682344285,1.67116733986712,0.25031741280683695,0.8076857014772058,0.6660623931789967,6.0,3.0041961587153536,0.6955066066030023,2.272727564022787,0.3,0.7442251654289735,4.503897157184636,0.832631147059718,0.37711260320069195,,,,,base,0.0,0.0,,,,,,,,,,,,,,,,0.16969912344693175,0.28543826799124916,selected,6.0,0.0,0.1943499929656283,0.10147142736532345,6.0
,,,,,,,,,,,,,,,,,,,,,6.0,0686,stage1_1005_best,6,3.230352791595273,0.08250661097249158,3.906320644449819,0.3177083333333333,0.6647727272727273,0.6429636856751757,0.3709401232619149,1.646892589667589,0.24194526842680775,0.8133797150626636,0.6785181571624121,6.0,2.84397324753379,0.4539616876779734,2.993889541119733,0.3,0.5503142161571104,3.3435871859552586,0.6658636657170034,0.5020651218008876,,,,,provisional,0.0,0.0,,,,,,,,,,,,,,,,0.16825588411191827,0.2853137082622145,candidate,6.0,0.0,0.1723201207997543,0.18198617334137254,6.0
,,,,,,,,,,,,,,,,,,,,,6.0,0686,stage1_1005_best,6,3.230352791595273,0.08250661097249158,3.906320644449819,0.3177083333333333,0.6647727272727273,0.6429636856751757,0.3709401232619149,1.646892589667589,0.24194526842680775,0.8133797150626636,0.6785181571624121,6.0,2.84397324753379,0.4539616876779734,2.993889541119733,0.3,0.5503142161571104,3.3435871859552586,0.6658636657170034,0.5020651218008876,,,,,provisional,0.0,0.0,,,,,,,,,,,,,,,,0.16825588411191827,0.2853137082622145,selected,6.0,0.0,0.1723201207997543,0.18198617334137254,6.0
,,,,,,,,,,,,,,,,,,,,,6.0,0686,stage1_1005_best,6,3.234512862420066,0.08235163540320782,3.90875584817164,0.3177083333333333,0.6647727272727273,0.6441296493326475,0.3710316510707391,1.6475358122382486,0.24215659560510494,0.8132531748499078,0.6779351753336763,6.0,2.87475645235334,0.45563512248175464,3.028134166407528,0.3,0.5476995067991497,3.3736421954707083,0.6702612680172354,0.5003851771175274,,,,,final,0.0,0.0,,,,,,,,,,,,,,,,0.16833595397927076,0.2853358280172773,candidate,6.0,0.0,0.17360081250383383,0.17919823666050436,6.0
0.11799212280430303,4.818665178741032,0.3276967944718421,0.07546929768144203,5.437565576957308,0.29801368678209034,0.0578937547842946,5.0001782575101625,0.3199210727250854,0.09922149327731027,4.957795654749509,0.39476150007937894,0.0911133054422265,5.271463068286472,0.29593974528593964,0.03487047563285061,0.053185287005469956,0.4364120617739509,0.034627409329974414,0.055016589051874155,0.4463329474316793,6.0,0686,stage1_1005_best,6,3.234512862420066,0.08235163540320782,3.90875584817164,0.3177083333333333,0.6647727272727273,0.6441296493326475,0.3710316510707391,1.6475358122382486,0.24215659560510494,0.8132531748499078,0.6779351753336763,6.0,2.87475645235334,0.45563512248175464,3.028134166407528,0.3,0.5476995067991497,3.3736421954707083,0.6702612680172354,0.5003851771175274,0.3808561861515045,0.07024827088905895,2.8423341835150153,5.285765206593946,final,0.0,0.0,0.0003882756517148676,0.002982347516172526,0.024683304127949206,4.397072402136788,0.11434331389272097,5.1921379721901815,0.33404502237358497,1.2956175148944573,0.2396240234375,0.043068420288511086,0.2766753936298701,0.2876605332272324,1.920965277228171,0.33404502237358497,0.7597360479569627,0.16833595397927076,0.2853358280172773,selected,6.0,0.0,0.17360081250383383,0.17919823666050436,6.0
,,,,,,,,,,,,,,,,,,,,,6.0,0687,stage1_1005_best,6,3.3075349984216427,0.08148969334104776,3.9555976230641363,0.3541666666666667,0.6363636363636364,0.6629062746945547,0.3713793944484278,1.6561600916112074,0.2455432614646416,0.8128209873813539,0.6685468626527227,6.0,2.3957289441425047,0.7180828631234191,2.1434146964891987,0.3,0.7406143126252941,4.42700366448391,0.8240733749551014,0.3741495024093241,,,,,base,0.0,0.0,,,,,,,,,,,,,,,,0.16990402367388494,0.28626943482153483,candidate,6.0,0.0,0.1847916413313895,0.08320386697540479,6.0
,,,,,,,,,,,,,,,,,,,,,6.0,0687,stage1_1005_best,6,3.3075349984216427,0.08148969334104776,3.9555976230641363,0.3541666666666667,0.6363636363636364,0.6629062746945547,0.3713793944484278,1.6561600916112074,0.2455432614646416,0.8128209873813539,0.6685468626527227,6.0,2.3957289441425047,0.7180828631234191,2.1434146964891987,0.3,0.7406143126252941,4.42700366448391,0.8240733749551014,0.3741495024093241,,,,,base,0.0,0.0,,,,,,,,,,,,,,,,0.16990402367388494,0.28626943482153483,selected,6.0,0.0,0.1847916413313895,0.08320386697540479,6.0
,,,,,,,,,,,,,,,,,,,,,6.0,0687,stage1_1005_best,6,3.2492329688389288,0.0818452894907471,3.903430983057864,0.375,0.6278409090909091,0.6594439364714652,0.3760559301916238,1.656044493930157,0.24405295397377758,0.8110862758458873,0.6702780317642675,6.0,2.3526829064272756,0.49057262520161854,2.765927655886289,0.4,0.5674577862995933,3.508287401131259,0.6910577823834813,0.5076579309141385,,,,,provisional,0.0,0.0,,,,,,,,,,,,,,,,0.16977394091533257,0.286274468937704,candidate,6.0,0.0,0.1621834361298261,0.15015705605447752,6.0
,,,,,,,,,,,,,,,,,,,,,6.0,0687,stage1_1005_best,6,3.2492329688389288,0.0818452894907471,3.903430983057864,0.375,0.6278409090909091,0.6594439364714652,0.3760559301916238,1.656044493930157,0.24405295397377758,0.8110862758458873,0.6702780317642675,6.0,2.3526829064272756,0.49057262520161854,2.765927655886289,0.4,0.5674577862995933,3.508287401131259,0.6910577823834813,0.5076579309141385,,,,,provisional,0.0,0.0,,,,,,,,,,,,,,,,0.16977394091533257,0.286274468937704,selected,6.0,0.0,0.1621834361298261,0.15015705605447752,6.0
,,,,,,,,,,,,,,,,,,,,,6.0,0687,stage1_1005_best,6,3.2468977256650096,0.08184360354096541,3.901778085910824,0.375,0.6278409090909091,0.6592600827377677,0.3760959626602788,1.6555554144269102,0.24391511064305138,0.8112482643667461,0.6703699586311161,6.0,2.3689140632544596,0.4930659392769229,2.7724385914092045,0.3,0.5677168078895265,3.534190029716341,0.6952709156180514,0.5023417511917166,,,,,final,0.0,0.0,,,,,,,,,,,,,,,,0.1698012316067155,0.28623397374246673,candidate,6.0,0.0,0.1617716259611462,0.15012586680188153,6.0
0.11557360203304248,5.153580099707219,0.25844059712651224,0.11049273619961457,5.131191156596459,0.3075759952385627,0.099585119474722,3.6385095441896262,0.5519106980835873,0.08830969743594666,4.616495047427144,0.43196253725433903,0.10758238912475583,5.395092168405997,0.24507426993917028,0.03452191498762236,0.03440604906395703,0.45004854250452553,0.03501532485249045,0.03524529415876398,0.45803484019143687,6.0,0687,stage1_1005_best,6,3.2468977256650096,0.08184360354096541,3.901778085910824,0.375,0.6278409090909091,0.6592600827377677,0.3760959626602788,1.6555554144269102,0.24391511064305138,0.8112482643667461,0.6703699586311161,6.0,2.3689140632544596,0.4930659392769229,2.7724385914092045,0.3,0.5677168078895265,3.534190029716341,0.6952709156180514,0.5023417511917166,0.3801649510860443,0.09847460849400275,2.74123566684087,5.217810081731649,final,0.0,0.0,0.00024690249830636987,0.001604044117594615,0.020628516083009644,4.222081580318327,0.1125455854691874,5.013023002872227,0.3148675945071719,1.30653281832689,0.24267578125,0.04533153773396549,0.2778947922547981,0.28632401546170516,1.8641574428141214,0.3148675945071719,0.7721690826165677,0.1698012316067155,0.28623397374246673,selected,6.0,0.0,0.1617716259611462,0.15012586680188153,6.0
,,,,,,,,,,,,,,,,,,,,,6.0,0688,stage1_1005_best,6,3.4306207762429386,0.07572401805225241,3.94372186484214,0.4479166666666667,0.5909090909090909,0.7081069485532218,0.36710974282063275,1.5827095897130856,0.22587688828237484,0.8413956791253212,0.6459465257233892,6.0,2.5825353727988456,0.6888299836101087,2.1990400648116517,0.4,0.7298645515474318,4.429845245086731,0.8239170436554717,0.38754023294483136,,,,,base,0.0,0.0,,,,,,,,,,,,,,,,0.16660511704692874,0.3028554746512516,candidate,6.0,0.0,0.21286540827266145,0.11175964916101105,6.0
,,,,,,,,,,,,,,,,,,,,,6.0,0688,stage1_1005_best,6,3.4306207762429386,0.07572401805225241,3.94372186484214,0.4479166666666667,0.5909090909090909,0.7081069485532218,0.36710974282063275,1.5827095897130856,0.22587688828237484,0.8413956791253212,0.6459465257233892,6.0,2.5825353727988456,0.6888299836101087,2.1990400648116517,0.4,0.7298645515474318,4.429845245086731,0.8239170436554717,0.38754023294483136,,,,,base,0.0,0.0,,,,,,,,,,,,,,,,0.16660511704692874,0.3028554746512516,selected,6.0,0.0,0.21286540827266145,0.11175964916101105,6.0
,,,,,,,,,,,,,,,,,,,,,6.0,0688,stage1_1005_best,6,3.392128794423679,0.07528545792175974,3.96158861842473,0.4322916666666667,0.6107954545454546,0.6958860331552873,0.3644995623262962,1.5674430099105159,0.22161388066655277,0.8391337973049989,0.6520569834223564,6.0,2.9320407671870226,0.49280488909923387,3.0057138959566103,0.3,0.5699243598288525,3.5691887140049765,0.7010631173132682,0.4583465020932633,,,,,provisional,0.0,0.0,,,,,,,,,,,,,,,,0.16737977033224277,0.30053606488358797,candidate,6.0,0.0,0.1888416674503106,0.187163124478943,6.0
,,,,,,,,,,,,,,,,,,,,,6.0,0688,stage1_1005_best,6,3.392128794423679,0.07528545792175974,3.96158861842473,0.4322916666666667,0.6107954545454546,0.6958860331552873,0.3644995623262962,1.5674430099105159,0.22161388066655277,0.8391337973049989,0.6520569834223564,6.0,2.9320407671870226,0.49280488909923387,3.0057138959566103,0.3,0.5699243598288525,3.5691887140049765,0.7010631173132682,0.4583465020932633,,,,,provisional,0.0,0.0,,,,,,,,,,,,,,,,0.16737977033224277,0.30053606488358797,selected,6.0,0.0,0.1888416674503106,0.187163124478943,6.0
,,,,,,,,,,,,,,,,,,,,,6.0,0688,stage1_1005_best,6,3.3918813049327787,0.0752157158254477,3.9594776592051497,0.4322916666666667,0.6107954545454546,0.696174864736988,0.36470692483768785,1.5673835821031157,0.22158575754481005,0.8392213475048206,0.651912567631506,6.0,2.9418430927937256,0.4910375953746546,3.011899117687851,0.3,0.5685872656420007,3.5653614930451405,0.7008228695515852,0.4589539125315021,,,,,final,0.0,0.0,,,,,,,,,,,,,,,,0.16737781574745392,0.3005835508309505,candidate,6.0,0.0,0.18856134687431658,0.18742318749542636,6.0
0.11476363674750316,5.056768376112426,0.29041313801171786,0.08340211651069586,5.210819910140059,0.359497431143845,0.07249678504282189,5.188718923976298,0.2835905233337597,0.10643050306313943,4.979453809849145,0.29002188786347405,0.10441719462267324,5.4542143703942605,0.27483173476265516,0.039976960482675836,0.07619839336253068,0.3873143750490202,0.03993754374918546,0.0777283648715638,0.38649424186117076,6.0,0688,stage1_1005_best,6,3.3918813049327787,0.0752157158254477,3.9594776592051497,0.4322916666666667,0.6107954545454546,0.696174864736988,0.36470692483768785,1.5673835821031157,0.22158575754481005,0.8392213475048206,0.651912567631506,6.0,2.9418430927937256,0.4910375953746546,3.011899117687851,0.3,0.5685872656420007,3.5653614930451405,0.7008228695515852,0.4589539125315021,0.3695516586303711,0.09740650362451678,2.579111907605247,5.266487751346296,final,0.0,0.0,0.00014509787155330211,0.0020420711834424183,0.014792693859814146,4.397697016080138,0.12324739455520937,5.188483715737825,0.3539358381585014,1.2793774094376855,0.2200927734375,0.04133405701892309,0.2717357726134144,0.2921512267205802,1.979266014300359,0.3539358381585014,0.7434276702525755,0.16737781574745392,0.3005835508309505,selected,6.0,0.0,0.18856134687431658,0.18742318749542636,6.0
,,,,,,,,,,,,,,,,,,,,,6.0,0689,stage1_1005_best,6,3.3630746015006356,0.07546366485275542,3.844463514189991,0.4635416666666667,0.5909090909090909,0.7064974390512483,0.37791512569967034,1.5742964926528897,0.22384583030502195,0.8414522484703667,0.6467512804743759,6.0,2.3338989032449637,0.7657883902019873,1.8752432788237414,0.4,0.8094372944651621,4.673865763841778,0.8568555416780651,0.3351617167462765,,,,,base,0.0,0.0,,,,,,,,,,,,,,,,0.16661735435153044,0.30300778865396527,candidate,6.0,0.0,0.18539268204348253,0.08277078093136916,6.0
,,,,,,,,,,,,,,,,,,,,,6.0,0689,stage1_1005_best,6,3.3630746015006356,0.07546366485275542,3.844463514189991,0.4635416666666667,0.5909090909090909,0.7064974390512483,0.37791512569967034,1.5742964926528897,0.22384583030502195,0.8414522484703667,0.6467512804743759,6.0,2.3338989032449637,0.7657883902019873,1.8752432788237414,0.4,0.8094372944651621,4.673865763841778,0.8568555416780651,0.3351617167462765,,,,,base,0.0,0.0,,,,,,,,,,,,,,,,0.16661735435153044,0.30300778865396527,selected,6.0,0.0,0.18539268204348253,0.08277078093136916,6.0
,,,,,,,,,,,,,,,,,,,,,6.0,0689,stage1_1005_best,6,3.2383473806856067,0.07725261283707127,3.8000379254333585,0.4375,0.5965909090909091,0.684837391133658,0.3772252773547643,1.5547676610261114,0.21709723301992695,0.8430920402443934,0.657581304433171,6.0,2.82892716755864,0.47897824315176296,2.5468108638331963,0.3,0.6563488223849359,3.5320910487938812,0.697360751361252,0.45867628351440626,,,,,provisional,0.0,0.0,,,,,,,,,,,,,,,,0.1654014944544947,0.302351143259253,candidate,6.0,0.0,0.1596559045384411,0.1877591203150047,6.0
,,,,,,,,,,,,,,,,,,,,,6.0,0689,stage1_1005_best,6,3.2383473806856067,0.07725261283707127,3.8000379254333585,0.4375,0.5965909090909091,0.684837391133658,0.3772252773547643,1.5547676610261114,0.21709723301992695,0.8430920402443934,0.657581304433171,6.0,2.82892716755864,0.47897824315176296,2.5468108638331963,0.3,0.6563488223849359,3.5320910487938812,0.697360751361252,0.45867628351440626,,,,,provisional,0.0,0.0,,,,,,,,,,,,,,,,0.1654014944544947,0.302351143259253,selected,6.0,0.0,0.1596559045384411,0.1877591203150047,6.0
,,,,,,,,,,,,,,,,,,,,,6.0,0689,stage1_1005_best,6,3.235690290762472,0.07713753582121613,3.794402003708273,0.4375,0.5965909090909091,0.6858016625949225,0.37772894280606684,1.5547179776742317,0.21711777781197864,0.8433455210891926,0.6570991687025387,6.0,2.868653922134499,0.47571179154373194,2.6076187847141536,0.3,0.6431611240255977,3.5216270680942636,0.6958104929111362,0.46632644370020043,,,,,final,0.0,0.0,,,,,,,,,,,,,,,,0.16541788333800567,0.30247075231054477,candidate,6.0,0.0,0.15929664345861771,0.1859342450440742,6.0
0.152520131405634,5.230340256535166,0.21223981667430666,0.11618459616389601,5.511298412999309,0.22955469276054108,0.08670239529496972,4.524461378455041,0.4282828337511765,0.12463938722073878,4.522343085213096,0.4380632079356298,0.13557830681708832,5.370531733171728,0.20377361254137027,0.040573360579602334,0.07389328094238042,0.3966981208674499,0.04194803810215101,0.07703774379387832,0.39595730846729804,6.0,0689,stage1_1005_best,6,3.235690290762472,0.07713753582121613,3.794402003708273,0.4375,0.5965909090909091,0.6858016625949225,0.37772894280606684,1.5547179776742317,0.21711777781197864,0.8433455210891926,0.6570991687025387,6.0,2.868653922134499,0.47571179154373194,2.6076187847141536,0.3,0.6431611240255977,3.5216270680942636,0.6958104929111362,0.46632644370020043,0.368899941444397,0.13067440247092948,2.5601333521430174,4.76230520152233,final,0.0,0.0,0.0004460091915752721,0.004584086547123417,0.023462421569014024,4.403689661220909,0.13176034038686865,5.1643662126979315,0.37294819673805013,1.257329322481505,0.21630859375,0.0437583933542527,0.26654770548327017,0.30162888500299745,2.0377129124266986,0.37294819673805013,0.7282079190456855,0.16541788333800567,0.30247075231054477,selected,6.0,0.0,0.15929664345861771,0.1859342450440742,6.0
,,,,,,,,,,,,,,,,,,,,,6.0,0690,stage1_1005_best,6,3.4568170856397495,0.07544356067370343,3.960570175575399,0.4427083333333333,0.5880681818181818,0.7122523303993968,0.36400921276272935,1.58201067290708,0.22531793951514711,0.8439033626193124,0.6438738348003016,6.0,2.5765454819023708,0.7047463605178684,2.0822251368024034,0.5,0.754412037653959,4.489131762540445,0.8329237875137124,0.3770566226859865,,,,,base,0.0,0.0,,,,,,,,,,,,,,,,0.16735416685313395,0.3027856230036415,candidate,6.0,0.0,0.17789387645673746,0.09836083079642673,6.0
,,,,,,,,,,,,,,,,,,,,,6.0,0690,stage1_1005_best,6,3.4568170856397495,0.07544356067370343,3.960570175575399,0.4427083333333333,0.5880681818181818,0.7122523303993968,0.36400921276272935,1.58201067290708,0.22531793951514711,0.8439033626193124,0.6438738348003016,6.0,2.5765454819023708,0.7047463605178684,2.0822251368024034,0.5,0.754412037653959,4.489131762540445,0.8329237875137124,0.3770566226859865,,,,,base,0.0,0.0,,,,,,,,,,,,,,,,0.16735416685313395,0.3027856230036415,selected,6.0,0.0,0.17789387645673746,0.09836083079642673,6.0
,,,,,,,,,,,,,,,,,,,,,6.0,0690,stage1_1005_best,6,3.4453922451798467,0.07497753701592694,3.9888248987116564,0.4375,0.59375,0.7058295481550522,0.3616984984894923,1.5743931966109859,0.22334002317516785,0.8422498931561465,0.6470852259224739,6.0,2.4148536138554744,0.501978603944265,2.78262460072905,0.5,0.5782708303335676,3.48776424235828,0.6854984711174795,0.49185493016374854,,,,,provisional,0.0,0.0,,,,,,,,,,,,,,,,0.16733902920168164,0.30162634877726463,candidate,6.0,0.0,0.15711415362335068,0.14712862413748068,6.0
,,,,,,,,,,,,,,,,,,,,,6.0,0690,stage1_1005_best,6,3.4453922451798467,0.07497753701592694,3.9888248987116564,0.4375,0.59375,0.7058295481550522,0.3616984984894923,1.5743931966109859,0.22334002317516785,0.8422498931561465,0.6470852259224739,6.0,2.4148536138554744,0.501978603944265,2.78262460072905,0.5,0.5782708303335676,3.48776424235828,0.6854984711174795,0.49185493016374854,,,,,provisional,0.0,0.0,,,,,,,,,,,,,,,,0.16733902920168164,0.30162634877726463,selected,6.0,0.0,0.15711415362335068,0.14712862413748068,6.0
,,,,,,,,,,,,,,,,,,,,,6.0,0690,stage1_1005_best,6,3.4455097286254506,0.07488242408319765,3.986845395737686,0.4375,0.59375,0.7060239418337487,0.36189661430108166,1.5741749796614801,0.2232639840690785,0.8423878101608236,0.6469880290831257,6.0,2.4469364101008657,0.504369474968426,2.7973795243497266,0.5,0.5781097304409594,3.4955034163491705,0.687448169675321,0.4863080261240441,,,,,final,0.0,0.0,,,,,,,,,,,,,,,,0.1673343750847061,0.3016717342434549,candidate,6.0,0.0,0.15681767312885567,0.1474341714951636,6.0
0.12218664438507357,4.798562087770477,0.30897633718372663,0.10379495860762171,4.958398526091031,0.3551865460079402,0.07984706955816959,4.080820033652329,0.4558160828495317,0.08164423412907955,4.579981102574861,0.36179724409830094,0.1198368754983616,5.1895265914214255,0.28939102479686785,0.04716743417876799,0.04963196200177439,0.43254922376937993,0.04860442704951922,0.05090365717215395,0.4378570702201831,6.0,0690,stage1_1005_best,6,3.4455097286254506,0.07488242408319765,3.986845395737686,0.4375,0.59375,0.7060239418337487,0.36189661430108166,1.5741749796614801,0.2232639840690785,0.8423878101608236,0.6469880290831257,6.0,2.4469364101008657,0.504369474968426,2.7973795243497266,0.5,0.5781097304409594,3.4955034163491705,0.687448169675321,0.4863080261240441,0.3756900727748871,0.10991231208438439,2.552978604441735,5.351961981292443,final,0.0,0.0,0.00019020425490692358,0.0019886827220974407,0.01992039172579213,4.204756627797227,0.11873581331770498,4.987903526996932,0.3307431060220794,1.2852938914432834,0.2479248046875,0.04409205563119132,0.2722885788908007,0.2950364841227129,1.9072011785287284,0.3307431060220794,0.759896678717676,0.1673343750847061,0.3016717342434549,selected,6.0,0.0,0.15681767312885567,0.1474341714951636,6.0
,,,,,,,,,,,,,,,,,,,,,6.0,0691,stage1_1005_best,6,3.6322732615052735,0.0779270851417883,4.133673190577392,0.4322916666666667,0.5795454545454546,0.7200789543855003,0.35359820486278537,1.6171791815419212,0.23548793111319632,0.8317489737614948,0.6399605228072498,6.0,2.4684498630100986,0.7231434147478131,1.9242628169587923,0.6,0.7873689423822041,4.251804228508751,0.797465534032131,0.4104717588740933,,,,,base,0.0,0.0,,,,,,,,,,,,,,,,0.16840682124614656,0.3032298730190788,candidate,6.0,0.0,0.18600336411258825,0.09524162478613148,6.0
,,,,,,,,,,,,,,,,,,,,,6.0,0691,stage1_1005_best,6,3.6322732615052735,0.0779270851417883,4.133673190577392,0.4322916666666667,0.5795454545454546,0.7200789543855003,0.35359820486278537,1.6171791815419212,0.23548793111319632,0.8317489737614948,0.6399605228072498,6.0,2.4684498630100986,0.7231434147478131,1.9242628169587923,0.6,0.7873689423822041,4.251804228508751,0.797465534032131,0.4104717588740933,,,,,base,0.0,0.0,,,,,,,,,,,,,,,,0.16840682124614656,0.3032298730190788,selected,6.0,0.0,0.18600336411258825,0.09524162478613148,6.0
,,,,,,,,,,,,,,,,,,,,,6.0,0691,stage1_1005_best,6,3.5895242937044243,0.07694743815071578,4.109733056781896,0.4479166666666667,0.5852272727272727,0.7105510439267309,0.35506055651920004,1.6062524253890302,0.23180039665273386,0.8333987822126754,0.6447244780366345,6.0,2.7235792282710762,0.47022299434860754,3.145115926391692,0.3,0.5021285533127942,3.369937831848619,0.6702753611426064,0.496214577475185,,,,,provisional,0.0,0.0,,,,,,,,,,,,,,,,0.16805821779743815,0.30270005543268697,candidate,6.0,0.0,0.16249946807216079,0.16100438028272857,6.0
,,,,,,,,,,,,,,,,,,,,,6.0,0691,stage1_1005_best,6,3.5895242937044243,0.07694743815071578,4.109733056781896,0.4479166666666667,0.5852272727272727,0.7105510439267309,0.35506055651920004,1.6062524253890302,0.23180039665273386,0.8333987822126754,0.6447244780366345,6.0,2.7235792282710762,0.47022299434860754,3.145115926391692,0.3,0.5021285533127942,3.369937831848619,0.6702753611426064,0.496214577475185,,,,,provisional,0.0,0.0,,,,,,,,,,,,,,,,0.16805821779743815,0.30270005543268697,selected,6.0,0.0,0.16249946807216079,0.16100438028272857,6.0
,,,,,,,,,,,,,,,,,,,,,6.0,0691,stage1_1005_best,6,3.588898999276483,0.07688881791350258,4.105564630582525,0.4375,0.5880681818181818,0.7106728121543585,0.3553201169381042,1.606023535489168,0.23168519860355427,0.833738966681698,0.6446635939228208,6.0,2.728259008938029,0.46964953897360323,3.147310333459894,0.3,0.5033739907776348,3.369201317195619,0.66943566130969,0.5002788936816429,,,,,final,0.0,0.0,,,,,,,,,,,,,,,,0.16800834378171609,0.3028197810772861,candidate,6.0,0.0,0.16209988224764194,0.16160338045752579,6.0
0.11184692440176466,4.902336417651524,0.3075362715696782,0.10390458021467586,4.422748019287423,0.44001722657797704,0.10845125703148538,4.097481721441648,0.4369167167046723,0.10510821762974833,4.696505200637418,0.3563934441947292,0.11756878801883917,4.9343385835532,0.2819712940590645,0.03776332824062412,0.03768517162994268,0.4546895329004926,0.03830698212563182,0.040381109298361896,0.4488380846479332,6.0,0691,stage1_1005_best,6,3.588898999276483,0.07688881791350258,4.105564630582525,0.4375,0.5880681818181818,0.7106728121543585,0.3553201169381042,1.606023535489168,0.23168519860355427,0.833738966681698,0.6446635939228208,6.0,2.728259008938029,0.46964953897360323,3.147310333459894,0.3,0.5033739907776348,3.369201317195619,0.66943566130969,0.5002788936816429,0.39689257740974426,0.11881379838788576,2.5920381537892454,4.717630515873646,final,0.0,0.0,0.00022931606623512546,0.0035441291451135024,0.024344642858488766,4.342513727033361,0.1159043367923741,5.111034675151183,0.3364081224393219,1.283903994651478,0.240966796875,0.04409870959335549,0.2731240747552439,0.2942240238459334,1.9132517930083015,0.3364081224393219,0.7544466960396196,0.16800834378171609,0.3028197810772861,selected,6.0,0.0,0.16209988224764194,0.16160338045752579,6.0
,,,,,,,,,,,,,,,,,,,,,6.0,0692,stage1_1005_best,6,3.0302808370155856,0.07499445299429514,3.507122651369407,0.5052083333333334,0.6107954545454546,0.6867400125111616,0.4063292441984444,1.5311213219933648,0.20908437363668322,0.854358264205548,0.6566299937444192,6.0,2.9959875887020826,0.7312294056839205,2.160745108083927,0.4,0.7751102155364251,4.6253288353803415,0.8460950413131342,0.3631324798156293,,,,,base,0.0,0.0,,,,,,,,,,,,,,,,0.16501549394096054,0.30416006457080197,candidate,6.0,0.0,0.183785924158204,0.08994178435340759,6.0
,,,,,,,,,,,,,,,,,,,,,6.0,0692,stage1_1005_best,6,3.0302808370155856,0.07499445299429514,3.507122651369407,0.5052083333333334,0.6107954545454546,0.6867400125111616,0.4063292441984444,1.5311213219933648,0.20908437363668322,0.854358264205548,0.6566299937444192,6.0,2.9959875887020826,0.7312294056839205,2.160745108083927,0.4,0.7751102155364251,4.6253288353803415,0.8460950413131342,0.3631324798156293,,,,,base,0.0,0.0,,,,,,,,,,,,,,,,0.16501549394096054,0.30416006457080197,selected,6.0,0.0,0.183785924158204,0.08994178435340759,6.0
,,,,,,,,,,,,,,,,,,,,,6.0,0692,stage1_1005_best,6,2.975189550677217,0.0762649915509383,3.4924709637709785,0.5,0.6136363636363636,0.6772390311744022,0.40641747751455637,1.5219756211072333,0.2052696946428881,0.8533044168950275,0.661380484412799,6.0,2.864315762443328,0.4906628542053645,2.9649718256246325,0.4,0.5517175887739715,3.464836239361154,0.6882447187884976,0.5202880652134221,,,,,provisional,0.0,0.0,,,,,,,,,,,,,,,,0.16527197935938506,0.30285926865947455,candidate,6.0,0.0,0.16623405202465172,0.1604528440646379,6.0
,,,,,,,,,,,,,,,,,,,,,6.0,0692,stage1_1005_best,6,2.975189550677217,0.0762649915509383,3.4924709637709785,0.5,0.6136363636363636,0.6772390311744022,0.40641747751455637,1.5219756211072333,0.2052696946428881,0.8533044168950275,0.661380484412799,6.0,2.864315762443328,0.4906628542053645,2.9649718256246325,0.4,0.5517175887739715,3.464836239361154,0.6882447187884976,0.5202880652134221,,,,,provisional,0.0,0.0,,,,,,,,,,,,,,,,0.16527197935938506,0.30285926865947455,selected,6.0,0.0,0.16623405202465172,0.1604528440646379,6.0
,,,,,,,,,,,,,,,,,,,,,6.0,0692,stage1_1005_best,6,2.976541450458569,0.0762421836141706,3.494729333342595,0.5,0.6136363636363636,0.6773783098687222,0.40621000887238806,1.5221189241233404,0.20532716016677474,0.8531874520391697,0.661310845065639,6.0,2.8651221563244382,0.48880784165452973,2.96177173124398,0.4,0.5535490450281931,3.474644669600091,0.6895009843232056,0.5186592523935643,,,,,final,0.0,0.0,,,,,,,,,,,,,,,,0.1652625046931475,0.3028080963971831,candidate,6.0,0.0,0.1661810379132564,0.16033906682332535,6.0
0.13445124671118816,4.8636775969162755,0.2901807039784836,0.12544116665203667,4.861379115521961,0.2737794584652316,0.0997446081853404,4.340917455372805,0.4796622351700425,0.11296935118975959,4.863016343437173,0.32997756256832383,0.13227936060455714,5.205745509725612,0.27910994950943924,0.04215000771264624,0.044282788442190794,0.4433112548052418,0.041965162920029664,0.04338462040168319,0.44381663582607594,6.0,0692,stage1_1005_best,6,2.976541450458569,0.0762421836141706,3.494729333342595,0.5,0.6136363636363636,0.6773783098687222,0.40621000887238806,1.5221189241233404,0.20532716016677474,0.8531874520391697,0.661310845065639,6.0,2.8651221563244382,0.48880784165452973,2.96177173124398,0.4,0.5535490450281931,3.474644669600091,0.6895009843232056,0.5186592523935643,0.36941084265708923,0.12073297502202544,2.5295152329844317,4.621646072540513,final,0.0,0.0,0.0001558651577783973,0.0013984016433802055,0.014579337254443566,4.2933709932148245,0.12545799556627094,5.098276697127548,0.34881141380911607,1.2756803607704301,0.2158203125,0.045076979590143985,0.2699822286057611,0.29614726829600796,1.9698430758574683,0.34881141380911607,0.7458066411655662,0.1652625046931475,0.3028080963971831,selected,6.0,0.0,0.1661810379132564,0.16033906682332535,6.0
,,,,,,,,,,,,,,,,,,,,,6.0,0273,stage2_1007_best,6,1.4602389463457628,0.5932098505626419,1.7773381830607264,0.625,0.8181818181818182,0.2481780990436458,0.6727751993975667,3.2001817793509506,0.5743751004298844,0.6275865855335611,0.8759109504781771,6.0,1.647662902457872,0.9180398122968575,1.3257606557559563,0.3333333333333333,0.8979614109235782,5.724266972896493,0.9737412991914407,0.24869325747532503,,,,,base,0.0,0.0,,,,,,,,,,,,,,,,0.23419359337727053,0.14612999466411733,candidate,6.0,1.0,0.09634991096848954,0.028785370912749318,6.0
,,,,,,,,,,,,,,,,,,,,,6.0,0273,stage2_1007_best,6,1.46023894676782,0.5932098505646402,1.7773381829753252,0.625,0.8181818181818182,0.24817809865338203,0.6727751995324498,3.2001817800940615,0.5743751007420471,0.6275865852871606,0.8759109506733089,6.0,1.6476628603988022,0.9180398139941659,1.3257606476065782,0.3333333333333333,0.8979614132091994,5.724266981132153,0.9737412999911387,0.2486932558802483,,,,,base,0.0,0.0,,,,,,,,,,,,,,,,0.23419359150625113,0.14612995946786295,selected,6.0,1.0,0.09634991049798332,0.0287853677126821,6.0
,,,,,,,,,,,,,,,,,,,,,6.0,0273,stage2_1007_best,6,2.066649115979837,0.5105755602648353,2.7142988077972463,0.4322916666666667,0.78125,0.3152999725834736,0.5772741156842216,3.1555491348362428,0.612355621780028,0.6031183598867541,0.8423500137082633,6.0,1.323466418992441,0.8403137666058238,1.549380664320937,0.6666666666666666,0.799984139507567,4.771785660405616,0.8691672379571919,0.3799760563375027,,,,,provisional,0.0,0.0,,,,,,,,,,,,,,,,0.23792452693239788,0.19789674722632783,candidate,6.0,1.0,0.09255649324038114,0.04474567244376509,6.0
,,,,,,,,,,,,,,,,,,,,,6.0,0273,stage2_1007_best,6,2.0666491175595527,0.5105755597348565,2.714298809275824,0.4322916666666667,0.78125,0.3152999728968778,0.5772741154010403,3.1555491324068257,0.6123556213704187,0.6031183603234781,0.8423500135515612,6.0,1.323466418992441,0.8403137666058238,1.549380664320937,0.6666666666666666,0.799984139507567,4.771785660405616,0.8691672379571919,0.3799760563375027,,,,,provisional,0.0,0.0,,,,,,,,,,,,,,,,0.2379245216573104,0.19789677199518657,selected,6.0,1.0,0.09255649324038114,0.04474567244376509,6.0
,,,,,,,,,,,,,,,,,,,,,6.0,0273,stage2_1007_best,6,1.9826634226155782,0.5215690509625949,2.633885574389481,0.4427083333333333,0.7784090909090909,0.31016929539505667,0.585622009587843,3.1500570277105577,0.6109556350493496,0.6068422670217641,0.8449153523024716,6.0,1.3346241608856024,0.842771644964579,1.5322601364860877,0.6666666666666666,0.8056258926686785,4.7655027982877165,0.8686151866634522,0.38230094462017644,,,,,final,0.0,0.0,,,,,,,,,,,,,,,,0.23833118905404427,0.19434433221274658,candidate,6.0,1.0,0.09276312012604675,0.04438076925778125,6.0
0.2573246588644412,3.7642785508946397,0.4087354031513404,0.29853750559311754,3.3801685733731874,0.3609634453302535,0.18097422777183728,3.405082076027646,0.44806345214450355,0.2706237671955081,3.5017049772750957,0.5447399106041576,0.2654373344594195,3.513194415767269,0.4324714980234823,0.08127841874389591,0.5441717929377718,0.1109013644206747,0.08340087067849711,0.615017220753993,0.09312754141662627,6.0,0273,stage2_1007_best,6,1.9826634214426568,0.5215690511007077,2.6338855738474116,0.4427083333333333,0.7784090909090909,0.3101692953539475,0.5856220094683903,3.150057026050561,0.6109556348206711,0.6068422673617736,0.8449153523230263,6.0,1.3346241608856024,0.842771644964579,1.5322601364860877,0.6666666666666666,0.8056258926686785,4.7655027982877165,0.8686151866634522,0.38230094462017644,0.1038067489862442,0.29744295161361567,2.716611896903951,3.2096021114392412,final,0.0,0.0,0.0032277426449040976,0.045599381442472796,0.004039251814401353,3.135448103054434,0.22260189081295792,3.876743740095509,0.4021142383274373,1.1677091170655025,0.28955078125,0.03543699232316905,0.2334647264811739,0.3623907169613817,2.204025467700384,0.4021142383274373,0.716992888169312,0.23833119165173508,0.194344303640611,selected,6.0,1.0,0.09276312012604675,0.04438076925778125,6.0
,,,,,,,,,,,,,,,,,,,,,6.0,0274,stage2_1007_best,6,1.2554472664371261,0.6663658409510816,1.6403826899027678,0.6770833333333334,0.8210227272727273,0.2331774962952674,0.695148514462011,3.082915323843626,0.5467196875770708,0.6531544122244545,0.8834112518523664,6.0,1.8262593081464937,0.8676583532997549,1.5707069780914826,0.3333333333333333,0.8132388435119209,5.440277693531463,0.9452781978691394,0.29277186580389375,,,,,base,0.0,0.0,,,,,,,,,,,,,,,,0.23409863279238774,0.13666851551089482,candidate,6.0,1.0,0.18202470022915626,0.07593089672364375,6.0
,,,,,,,,,,,,,,,,,,,,,6.0,0274,stage2_1007_best,6,1.2554472666300227,0.6663658407946053,1.6403826906368915,0.6770833333333334,0.8210227272727273,0.23317749622767067,0.6951485142545,3.0829153255000974,0.5467196881475049,0.6531544118817767,0.8834112518861645,6.0,1.8262593081464937,0.8676583532997549,1.5707069780914826,0.3333333333333333,0.8132388435119209,5.440277693531463,0.9452781978691394,0.29277186580389375,,,,,base,0.0,0.0,,,,,,,,,,,,,,,,0.2340986377926392,0.13666851629173837,selected,6.0,1.0,0.18202470022915626,0.07593089672364375,6.0
,,,,,,,,,,,,,,,,,,,,,6.0,0274,stage2_1007_best,6,1.2418027107435163,0.6756332653500531,1.8699120961886015,0.5625,0.8579545454545454,0.2254533758479414,0.6650340218194315,3.1502875026459685,0.5832251967138866,0.6381260599317502,0.8872733120760293,6.0,1.8111597140882907,0.8386225038917339,1.6625150169597613,0.3333333333333333,0.7808996955029945,4.9477857683988935,0.8919073920423062,0.34510280487895545,,,,,provisional,0.0,0.0,,,,,,,,,,,,,,,,0.23937299995887434,0.1446793920168115,candidate,6.0,1.0,0.17869342711969297,0.08342083877990038,6.0
,,,,,,,,,,,,,,,,,,,,,6.0,0274,stage2_1007_best,6,1.2418027111475336,0.6756332654481069,1.8699120966629512,0.5625,0.8579545454545454,0.22545337501903295,0.6650340216305191,3.1502875040039604,0.5832251969837882,0.6381260597030458,0.8872733124904836,6.0,1.8111597052053299,0.8386225033978916,1.6625150183972304,0.3333333333333333,0.7808996944393094,4.9477857668621015,0.891907391864512,0.34510280462565085,,,,,provisional,0.0,0.0,,,,,,,,,,,,,,,,0.23937300827134844,0.144679398911879,selected,6.0,1.0,0.17869343004530064,0.08342083346495172,6.0
,,,,,,,,,,,,,,,,,,,,,6.0,0274,stage2_1007_best,6,1.2356640018402,0.6791360373011462,1.8748290686809412,0.5572916666666666,0.8607954545454546,0.225525977342706,0.663384501408888,3.1653815744773026,0.5858399214405715,0.6370940056637177,0.8872370113286469,6.0,1.7964292567205309,0.8399723775655906,1.6539343465459229,0.3333333333333333,0.7834446837338067,4.955914394656859,0.8928325316637294,0.3428651609468237,,,,,final,0.0,0.0,,,,,,,,,,,,,,,,0.23917297328456993,0.1442432493641887,candidate,6.0,1.0,0.178749264265822,0.08304439340791694,6.0
0.27213576109960763,3.590984047714216,0.3463006498164963,0.3729374690276543,2.7948281231752676,0.385064143746563,0.11412969056699952,4.064454684977602,0.43701687426802793,0.2832193163246559,4.241058245022411,0.30048861114393177,0.25944575199542996,3.3847187131728402,0.45143146040468235,0.04325168212506527,0.3440987017222951,0.060210292760381666,0.04461626446148425,0.34092902235639744,0.06030272863232863,6.0,0274,stage2_1007_best,6,1.2356640024187306,0.679136037493261,1.874829069209113,0.5572916666666666,0.8607954545454546,0.22552597743369934,0.6633845011792706,3.165381573676941,0.5858399213804969,0.6370940058029055,0.8872370112831504,6.0,1.7964292567205309,0.8399723775655906,1.6539343465459229,0.3333333333333333,0.7834446837338067,4.955914394656859,0.8928325316637294,0.3428651609468237,0.07208824157714844,0.35516891619082336,2.162414084715541,2.87765308500912,final,0.0,0.0,0.0011983431964929258,0.01138373872446112,0.0023214572182328375,3.6399160820190817,0.22897659638841322,4.34762216858037,0.46385000269208987,1.1240978190019912,0.2481689453125,0.036661687644116314,0.22979165863245932,0.36611726814261686,2.406057432296103,0.46385000269208987,0.6796496325876211,0.23917297160999995,0.14424326440953616,selected,6.0,1.0,0.178749264265822,0.08304439340791694,6.0
,,,,,,,,,,,,,,,,,,,,,6.0,0275,stage2_1007_best,6,1.3165326382837217,0.6635490034976379,1.8666372716969464,0.5364583333333334,0.8409090909090909,0.23192898746409812,0.6529898546824623,3.3828197817603574,0.6168097389675758,0.5888838713074178,0.8840355062679509,6.0,1.2097208722444732,0.9124652602978178,1.3515341474622165,0.3333333333333333,0.8802819014356533,5.580951229733171,0.9589034274123022,0.268925721724836,,,,,base,0.0,0.0,,,,,,,,,,,,,,,,0.2389131790843035,0.13968705067544188,candidate,6.0,1.0,0.15404099707656999,0.0579817306006791,6.0
,,,,,,,,,,,,,,,,,,,,,6.0,0275,stage2_1007_best,6,1.3165326359046023,0.6635490042210127,1.8666372700493494,0.5364583333333334,0.8409090909090909,0.2319289870911447,0.6529898553360766,3.382819785158422,0.6168097396424217,0.5888838705151324,0.8840355064544276,6.0,1.2097208722444732,0.9124652602978178,1.3515341474622165,0.3333333333333333,0.8802819014356533,5.580951229733171,0.9589034274123022,0.268925721724836,,,,,base,0.0,0.0,,,,,,,,,,,,,,,,0.23891317314886107,0.13968703294048485,selected,6.0,1.0,0.15404099707656999,0.0579817306006791,6.0
,,,,,,,,,,,,,,,,,,,,,6.0,0275,stage2_1007_best,6,1.6659279643965108,0.5980343427157984,1.8584736991897315,0.7552083333333334,0.8920454545454546,0.24164706187502596,0.7757983903856117,3.31948110947447,0.6520523512311587,0.5887786563747509,0.8791764690624869,6.0,1.2738126734004247,0.849434427397351,1.480305948581199,0.3333333333333333,0.829348079654641,4.972802207496176,0.8936077727914161,0.33744098116348414,,,,,provisional,0.0,0.0,,,,,,,,,,,,,,,,0.2742012258305218,0.17044759965899683,candidate,6.0,1.0,0.14810655062377395,0.06987816233456043,6.0
,,,,,,,,,,,,,,,,,,,,,6.0,0275,stage2_1007_best,6,1.6659279627466368,0.5980343425661752,1.8584737000890343,0.7552083333333334,0.8920454545454546,0.24164706163558175,0.7757983899743639,3.3194811073134356,0.6520523508380432,0.5887786567621908,0.8791764691822092,6.0,1.2738126612589122,0.8494344229250467,1.4803059696096854,0.3333333333333333,0.8293480707804903,4.97280218166204,0.8936077696426558,0.33744098589174426,,,,,provisional,0.0,0.0,,,,,,,,,,,,,,,,0.2742012284107245,0.170447586832274,selected,6.0,1.0,0.14810655330776504,0.06987816145170705,6.0
,,,,,,,,,,,,,,,,,,,,,6.0,0275,stage2_1007_best,6,1.5927256222695827,0.6072517658762097,1.890379040620702,0.734375,0.8607954545454546,0.24810000582969474,0.7657809552428865,3.317801717200352,0.6514892006164508,0.5925098127868781,0.8759499970851526,6.0,1.2753042632493603,0.8581305815199015,1.4466820041482755,0.3333333333333333,0.8428160559142066,4.998134337995676,0.8966981394820127,0.3315945239723537,,,,,final,0.0,0.0,,,,,,,,,,,,,,,,0.27371248945454946,0.16847466321463772,candidate,6.0,1.0,0.1492189667329641,0.06771324697700624,6.0
0.3031713845403499,4.136834803871858,0.23762822631912173,0.39480421534972127,2.8954044150510714,0.34603131762560174,0.2559013546497709,4.189541099396062,0.2993104246762128,0.2978066247452144,3.533286392107073,0.4738101787437397,0.30695503949745123,3.9787766906613142,0.3244841621110791,0.12705861131365695,0.9577585841434635,0.09132543474289644,0.1363522512256291,0.9847060014988891,0.09231466154818023,6.0,0275,stage2_1007_best,6,1.5927256198465571,0.6072517666090075,1.8903790407641203,0.734375,0.8607954545454546,0.2481000059554469,0.7657809551258731,3.317801718469275,0.6514892008130649,0.5925098125130549,0.8759499970222766,6.0,1.2753042706408826,0.8581305835508497,1.4466820016575352,0.3333333333333333,0.8428160576255473,4.998134338151424,0.8966981394978537,0.3315945252239696,0.09536097198724747,0.40279958229727825,2.3871887046154976,2.9385121075556153,final,0.0,0.0,0.005253490835781431,0.04730376054026805,0.00708502005813736,3.615921225900093,0.25477599000907053,4.151413349928399,0.5374774345875335,1.0412003131672614,0.3170166015625,0.036780091847209755,0.2150293096718905,0.40590072046727554,2.7685353323019752,0.5374774345875335,0.6238387830434624,0.27371248156041933,0.16847468448804195,selected,6.0,1.0,0.14921896096945744,0.06771325612021206,6.0
,,,,,,,,,,,,,,,,,,,,,6.0,0276,stage2_1007_best,6,1.21416181206288,0.7121966125307139,1.2342271657481523,0.9270833333333334,0.9204545454545454,0.18669996016796225,0.8677802445498088,2.612998561882399,0.4478344849322183,0.7428869396077746,0.9066500199160189,6.0,1.3890111836398324,0.9271064583519515,1.3002216695488975,0.3333333333333333,0.9024868364614408,5.711208470810836,0.9723914532578605,0.24423672931823637,,,,,base,0.0,0.0,,,,,,,,,,,,,,,,0.23771989394787274,0.12258341920870888,candidate,6.0,1.0,0.16340731920005286,0.05304570608596253,6.0
,,,,,,,,,,,,,,,,,,,,,6.0,0276,stage2_1007_best,6,1.2141618134198457,0.7121966122517386,1.2342271657712556,0.9270833333333334,0.9204545454545454,0.18669996033791902,0.8677802447092997,2.6129985620377503,0.4478344853007801,0.7428869396369372,0.9066500198310404,6.0,1.3890112477140628,0.9271064569983569,1.3002216764522772,0.3333333333333333,0.9024868354958131,5.711208469217698,0.9723914530859756,0.2442367289928579,,,,,base,0.0,0.0,,,,,,,,,,,,,,,,0.2377198955008992,0.12258343451597625,selected,6.0,1.0,0.16340732306138653,0.05304570952586055,6.0
,,,,,,,,,,,,,,,,,,,,,6.0,0276,stage2_1007_best,6,1.2359198897376573,0.6641761800015417,1.2245931834768642,0.9270833333333334,0.9232954545454546,0.17782021361328268,0.8723739007843887,2.446812031474692,0.4184511383101274,0.7650530210809313,0.9110898931933586,6.0,1.5522349773803048,0.8973049069386541,1.391174231629363,0.3333333333333333,0.8763768665673002,5.366110913373682,0.9364086424616558,0.27808448486159937,,,,,provisional,0.0,0.0,,,,,,,,,,,,,,,,0.24017163617320114,0.12869905812155255,candidate,6.0,1.0,0.15869504585598465,0.06119124640486437,6.0
,,,,,,,,,,,,,,,,,,,,,6.0,0276,stage2_1007_best,6,1.2359198902454378,0.6641761798789922,1.2245931842049718,0.9270833333333334,0.9232954545454546,0.17782021353708946,0.8723739004327931,2.4468120332669994,0.41845113886435864,0.7650530207737442,0.9110898932314552,6.0,1.5522349746561568,0.8973049077401009,1.3911742303233268,0.3333333333333333,0.8763768669250744,5.366110920550494,0.9364086432699379,0.2780844849067068,,,,,provisional,0.0,0.0,,,,,,,,,,,,,,,,0.2401716245256926,0.12869904776833815,selected,6.0,1.0,0.15869504861687575,0.06119123137855973,6.0
,,,,,,,,,,,,,,,,,,,,,6.0,0276,stage2_1007_best,6,1.2399352969185726,0.663548975310428,1.2207751115937238,0.9322916666666666,0.9261363636363636,0.1767852475891189,0.8748695653951831,2.4429679051234787,0.41760311706024383,0.7663148850527883,0.9116073762054405,6.0,1.624281343680135,0.8928838196913205,1.4125499898457043,0.3333333333333333,0.8699678688519809,5.364217587839842,0.9362173357469497,0.280194888914195,,,,,final,0.0,0.0,,,,,,,,,,,,,,,,0.24011594917148948,0.12888899169352275,candidate,6.0,1.0,0.15854797088146125,0.06133007888429799,6.0
0.30297481506372115,3.8402257060311165,0.335816361021533,0.370388628482964,3.23170505755313,0.32599461412202313,0.2404335843083847,3.5610896372575973,0.47747940621086316,0.3187613742000745,3.2942008035834354,0.5559090310379295,0.31623529685734225,3.523382182493702,0.43881893403378697,0.020253937767446602,0.08325434664512964,0.07165117146924842,0.019473926583144844,0.07849043738231314,0.07410012144993584,6.0,0276,stage2_1007_best,6,1.2399352975696578,0.6635489755318957,1.2207751113614806,0.9322916666666666,0.9261363636363636,0.17678524742299634,0.8748695657110669,2.4429679069174544,0.41760311782234993,0.7663148847929647,0.9116073762885019,6.0,1.624281357464575,0.892883820684677,1.412549983958371,0.3333333333333333,0.8699678711969968,5.364217591440085,0.9362173361529136,0.2801948871717071,0.1118660420179367,0.3907639757201858,2.568561233593788,3.1587967528421426,final,0.0,0.0,0.0014570135843863224,0.008994469142386828,0.005955042799357962,3.6649887730449566,0.26147106816174454,4.126356612189867,0.5384553426878416,1.0389971115932664,0.3072509765625,0.036297365510007895,0.21229434887356935,0.4104645402414021,2.7627454928043815,0.5384553426878416,0.6169891385340902,0.24011594844984194,0.1288889965972316,selected,6.0,1.0,0.15854797278903726,0.06133007592388728,6.0
,,,,,,,,,,,,,,,,,,,,,6.0,0277,stage2_1007_best,6,1.2953050323528474,0.6565402140804922,1.5169285241333592,0.7395833333333334,0.8068181818181818,0.21301010604035933,0.7559675718142336,2.9892937384908453,0.5296688829481403,0.6562138608298448,0.8934949469798202,6.0,1.519996811855078,0.9105247194403445,1.3948013070059238,0.3333333333333333,0.8687991519691884,5.576450871982772,0.9587075671123299,0.27419443884286854,,,,,base,0.0,0.0,,,,,,,,,,,,,,,,0.2340772936089441,0.1408828666905964,candidate,6.0,1.0,0.19395554438871804,0.0714382587569986,6.0
,,,,,,,,,,,,,,,,,,,,,6.0,0277,stage2_1007_best,6,1.2953050326349353,0.6565402142766403,1.516928524941999,0.7395833333333334,0.8068181818181818,0.21301010612572222,0.755967571460162,2.9892937389713574,0.5296688831921234,0.6562138606988172,0.8934949469371389,6.0,1.5199968311737315,0.9105247194346869,1.3948013123843233,0.3333333333333333,0.868799150380561,5.576450868285556,0.9587075667620243,0.274194440490232,,,,,base,0.0,0.0,,,,,,,,,,,,,,,,0.23407729542742053,0.14088288947301544,selected,6.0,1.0,0.1939555447769587,0.07143825873190107,6.0
,,,,,,,,,,,,,,,,,,,,,6.0,0277,stage2_1007_best,6,1.4896250504753519,0.5554740852607103,1.6685076105337409,0.703125,0.8295454545454546,0.22048305767873988,0.748157586532715,2.9293874829165927,0.5436515898931138,0.653303761926176,0.88975847116063,6.0,1.5175507313410865,0.8589987216225733,1.4919332469917577,0.6666666666666666,0.8255615308645644,5.064292821183335,0.9028431840248765,0.34663479207022374,,,,,provisional,0.0,0.0,,,,,,,,,,,,,,,,0.24257575674354245,0.15065284044697322,candidate,6.0,1.0,0.18870815568631608,0.08742768934342764,6.0
,,,,,,,,,,,,,,,,,,,,,6.0,0277,stage2_1007_best,6,1.4896250499752157,0.5554740857605825,1.6685076101583296,0.703125,0.8295454545454546,0.22048305666217952,0.7481575870627467,2.9293874849787236,0.5436515904924761,0.6533037613098661,0.8897584716689103,6.0,1.5175507313410865,0.8589987216225733,1.4919332469917577,0.6666666666666666,0.8255615308645644,5.064292821183335,0.9028431840248765,0.34663479207022374,,,,,provisional,0.0,0.0,,,,,,,,,,,,,,,,0.24257575674354245,0.15065283547712313,selected,6.0,1.0,0.18870815568631608,0.08742768934342764,6.0
,,,,,,,,,,,,,,,,,,,,,6.0,0277,stage2_1007_best,6,1.4812188016718284,0.5609803882680311,1.6608979517543843,0.703125,0.8295454545454546,0.218456110007119,0.749082413454556,2.929785373155472,0.5421962279464311,0.6549351843360792,0.8907719449964404,6.0,1.4683849281930867,0.8648544011034164,1.4719319770438806,0.6666666666666666,0.8316109159349999,5.071214862487699,0.9035414805579995,0.3466485304237548,,,,,final,0.0,0.0,,,,,,,,,,,,,,,,0.24182182310682865,0.15039221360242389,candidate,6.0,1.0,0.18927770489620827,0.08641626550340617,6.0
0.2906680464318801,3.881604434853991,0.34915345312171475,0.31517856254559123,2.716408602638208,0.46113620008261813,0.21342798473337593,3.6481592639466074,0.3261171549088775,0.326371121012582,4.111120391099186,0.27995472551215533,0.2879600540576962,3.4651015657902398,0.31255214224318784,0.030788467140378705,0.2352196764931265,0.07722267905242892,0.033696740319140904,0.24122931589866772,0.07722453997719068,6.0,0277,stage2_1007_best,6,1.4812188028852329,0.5609803880804284,1.660897951970643,0.703125,0.8295454545454546,0.21845611002236406,0.7490824134479137,2.929785373079144,0.5421962281430762,0.6549351842129181,0.890771944988818,6.0,1.4683849281930867,0.8648544011034164,1.4719319770438806,0.6666666666666666,0.8316109159349999,5.071214862487699,0.9035414805579995,0.3466485304237548,0.09513290971517563,0.32733917872291357,2.5402451213355026,2.747338497794939,final,0.0,0.0,0.0016151552574281986,0.01325592814674808,0.002972252066746799,3.7219478470857474,0.2646888931579696,4.274152293906465,0.5629790818297477,1.0373915299020289,0.290283203125,0.03763424232154749,0.20975262765045363,0.4075325697250374,2.8325016925881275,0.5629790818297477,0.5969176652383505,0.2418218198206436,0.15039219814835114,selected,6.0,1.0,0.18927770489620827,0.08641626550340617,6.0
,,,,,,,,,,,,,,,,,,,,,6.0,0278,stage2_1007_best,6,1.827385146007829,0.5284835804491993,2.0551232678274447,0.5104166666666666,0.8267045454545454,0.23599252782413147,0.6731832498261417,3.0861502840705235,0.5782283049532314,0.6141165149146169,0.8820037360879344,6.0,1.5911589160210058,0.9129229846333952,1.2880945765767446,1.0,0.9122602423652618,5.519306901636132,0.9528983713370789,0.2804681699830936,,,,,base,0.0,0.0,,,,,,,,,,,,,,,,0.24266049168434226,0.17507307503605105,candidate,6.0,1.0,0.21151268828544798,0.07546899510085474,6.0
,,,,,,,,,,,,,,,,,,,,,6.0,0278,stage2_1007_best,6,1.8273851461998785,0.5284835803750899,2.0551232678504663,0.5104166666666666,0.8267045454545454,0.23599252762310313,0.6731832497773839,3.0861502835625187,0.5782283050350253,0.6141165149314668,0.8820037361884484,6.0,1.5911589034110694,0.9129229823328836,1.288094583447509,1.0,0.9122602398150169,5.519306894105476,0.9528983705408066,0.28046816959619925,,,,,base,0.0,0.0,,,,,,,,,,,,,,,,0.24266049425767355,0.17507306287647045,selected,6.0,1.0,0.2115126882941393,0.0754689841169231,6.0
,,,,,,,,,,,,,,,,,,,,,6.0,0278,stage2_1007_best,6,1.8669404212903287,0.5321335808998249,1.6228322624809846,0.8177083333333334,0.8607954545454546,0.2273422429631982,0.7703667696508807,2.4878121140099445,0.4491083694167886,0.736178832020367,0.8863288785184008,6.0,1.2551228073580218,0.7660884869073572,1.510364823979609,0.6666666666666666,0.7826817485307581,4.255322588318592,0.8038034002334586,0.463381408170701,,,,,provisional,0.0,0.0,,,,,,,,,,,,,,,,0.2384347663180146,0.16327500400960288,candidate,6.0,1.0,0.19327528029867147,0.13995516250684015,6.0
,,,,,,,,,,,,,,,,,,,,,6.0,0278,stage2_1007_best,6,1.8669404212490255,0.5321335815129715,1.6228322618450606,0.8177083333333334,0.8607954545454546,0.22734224284662555,0.7703667699039811,2.4878121144949463,0.4491083697821398,0.7361788318974849,0.8863288785766872,6.0,1.2551228097589198,0.7660884827996282,1.5103648280383641,0.6666666666666666,0.7826817465717312,4.255322575010089,0.803803398124473,0.46338140901059105,,,,,provisional,0.0,0.0,,,,,,,,,,,,,,,,0.2384347663180146,0.16327503286451758,selected,6.0,1.0,0.19327528025698196,0.13995516064059624,6.0
,,,,,,,,,,,,,,,,,,,,,6.0,0278,stage2_1007_best,6,1.8460499133164145,0.5294507634940435,1.601674724548257,0.8177083333333334,0.8607954545454546,0.2253265349045919,0.7746108812288705,2.4583733647196744,0.4422688852251978,0.7428967897750459,0.8873367325477041,6.0,1.258981474054346,0.7638412107792824,1.505466439088916,0.6666666666666666,0.7843791864710963,4.25708096041858,0.8040781310670315,0.46312286283538234,,,,,final,0.0,0.0,,,,,,,,,,,,,,,,0.23810090061039207,0.1631213164279294,candidate,6.0,1.0,0.1932826412245865,0.1401023788796234,6.0
0.28547742721627845,3.3239012304337114,0.5087456997979801,0.2884259705681861,2.679894216316072,0.5668757800344005,0.1373901841898331,3.7240753875862493,0.4431176254310073,0.3216972757842634,3.833624157311405,0.3896476683068001,0.2637935042825723,3.3093477846210098,0.5196328194341957,0.0687163069946838,0.6135142373362193,0.10470345148502025,0.06711217350264741,0.6014489951195944,0.10413252708366495,6.0,0278,stage2_1007_best,6,1.8460499134141442,0.5294507637131987,1.6016747244718381,0.8177083333333334,0.8607954545454546,0.22532653475868888,0.7746108813681569,2.4583733656688174,0.4422688856260919,0.7428967896893713,0.8873367326206556,6.0,1.258981474054346,0.7638412107792824,1.505466439088916,0.6666666666666666,0.7843791864710963,4.25708096041858,0.8040781310670315,0.46312286283538234,0.08375824242830276,0.274158429545373,2.41820098661726,2.724732981507778,final,0.0,0.0,0.0010938261996974626,0.018589155775139473,0.0026550777547916047,3.1198468981178227,0.25426372146429765,3.795946374739941,0.4919681663367755,1.0783470178992234,0.3446044921875,0.036293429145376546,0.21725134197551546,0.3947919780144961,2.543939033027433,0.4919681663367755,0.6560553529359692,0.23810090468366937,0.16312130381269005,selected,6.0,1.0,0.1932826412245865,0.1401023788796234,6.0
,,,,,,,,,,,,,,,,,,,,,6.0,0279,stage2_1007_best,6,1.3408800963369554,0.5810066587931229,2.103105640648018,0.578125,0.8693181818181818,0.2733610789248425,0.6450191323208873,2.6709342482095075,0.5060808721194973,0.7022997674590629,0.8633194605375788,6.0,1.9810318432486758,0.9417352325855082,1.2512470452558908,0.3333333333333333,0.9285250880372186,5.765381594434088,0.9776368010729442,0.24300621700036484,,,,,base,0.0,0.0,,,,,,,,,,,,,,,,0.25289014437700924,0.16653445158311167,candidate,6.0,1.0,0.15846326530737162,0.03566211052201847,6.0
,,,,,,,,,,,,,,,,,,,,,6.0,0279,stage2_1007_best,6,1.3408800971171395,0.5810066588811291,2.1031056407106807,0.578125,0.8693181818181818,0.2733610791371853,0.6450191324802008,2.670934249695037,0.5060808726217377,0.7022997672364185,0.8633194604314074,6.0,1.9810318429511171,0.9417352350042564,1.25124703692747,0.3333333333333333,0.9285250907674142,5.765381600282712,0.9776368016293245,0.24300621499855146,,,,,base,0.0,0.0,,,,,,,,,,,,,,,,0.2528901429779635,0.16653445988628007,selected,6.0,1.0,0.15846326835096278,0.0356621344825807,6.0
,,,,,,,,,,,,,,,,,,,,,6.0,0279,stage2_1007_best,6,1.489064743793759,0.6466501907900625,2.2612150069609833,0.5729166666666666,0.8664772727272727,0.26550418947595084,0.623746096967506,2.837383725244454,0.5561127868073786,0.6474154302543232,0.8672479052620244,6.0,1.827548318004202,0.8949224141534283,1.4749028098057089,0.3333333333333333,0.8511737803153953,5.309491417326033,0.9302913628753285,0.3131395115727222,,,,,provisional,0.0,0.0,,,,,,,,,,,,,,,,0.25652970152471705,0.16701695470618966,candidate,6.0,1.0,0.1525531586571108,0.05540282445008583,6.0
,,,,,,,,,,,,,,,,,,,,,6.0,0279,stage2_1007_best,6,1.4890647442391856,0.6466501906988583,2.2612150069977113,0.5729166666666666,0.8664772727272727,0.2655041895724288,0.6237460969370591,2.8373837251793113,0.556112786887557,0.6474154301374989,0.8672479052137857,6.0,1.827548318004202,0.8949224141534283,1.4749028098057089,0.3333333333333333,0.8511737803153953,5.309491417326033,0.9302913628753285,0.3131395115727222,,,,,provisional,0.0,0.0,,,,,,,,,,,,,,,,0.2565297066818294,0.16701695220755708,selected,6.0,1.0,0.1525531586571108,0.05540282445008583,6.0
,,,,,,,,,,,,,,,,,,,,,6.0,0279,stage2_1007_best,6,1.5292797123232447,0.642570061393769,2.3101599686108787,0.5572916666666666,0.8778409090909091,0.2646626746419361,0.6141302698474153,2.8703307082874616,0.5625773282678347,0.6395637336617394,0.8676686626790319,6.0,1.8212008795597787,0.8930166860273249,1.4852155731185313,0.3333333333333333,0.8471567818695842,5.31215144951318,0.9304886424232679,0.3108630634635716,,,,,final,0.0,0.0,,,,,,,,,,,,,,,,0.254522004331782,0.16979133493014348,candidate,6.0,1.0,0.1523109101288629,0.055960186834942215,6.0
0.25996752426494457,4.313768128367546,0.32124344356837164,0.332200647910943,3.2580026600311087,0.4144736269755605,0.23422255921207383,3.9835593744353837,0.416101791070067,0.25486822746825727,3.335218032603686,0.5732260547301073,0.29346785335441583,3.8116863251541244,0.4410320258196343,0.06507800428014786,0.32029742440085507,0.054830805011346594,0.061689249085980946,0.296888069687093,0.05551129261399292,6.0,0279,stage2_1007_best,6,1.5292797139608125,0.6425700611383057,2.310159969650539,0.5572916666666666,0.8778409090909091,0.26466267406619143,0.6141302696126565,2.8703307081044627,0.5625773284031764,0.6395637339329522,0.8676686629669043,6.0,1.8212008770428854,0.8930166857562641,1.4852155742528768,0.3333333333333333,0.8471567815206948,5.312151455471821,0.9304886431061002,0.3108630634909933,0.11088110506534576,0.34210655004410867,2.669067431386358,3.4451261501404646,final,0.0,0.0,0.001855415981244628,0.04040896618672099,0.005026388085256389,3.6305407979614484,0.22282765769953847,4.1999032010183965,0.47156095769438905,1.1262892072095698,0.311279296875,0.040136831387114,0.22952839692968138,0.3707986427019913,2.4813083517982246,0.47156095769438905,0.6618161921758816,0.25452200111696766,0.16979136170551595,selected,6.0,1.0,0.1523109106674527,0.05596020161933397,6.0
,,,,,,,,,,,,,,,,,,,,,6.0,0280,stage2_1007_best,6,2.0246812400952363,0.4902068738205641,2.5014155249899033,0.421875,0.7869318181818182,0.28403042844876714,0.5920064604105142,3.3730375171948968,0.6393669259930269,0.5574969958566552,0.8579847857756164,6.0,1.3454656374327438,0.8787943558864507,1.4577470948181075,0.6666666666666666,0.8379825242860491,5.500162428540651,0.9513294504608127,0.2843673258748108,,,,,base,0.0,0.0,,,,,,,,,,,,,,,,0.23385891675852055,0.20207810618343536,candidate,6.0,1.0,0.18926832732068746,0.08040515716337678,6.0
,,,,,,,,,,,,,,,,,,,,,6.0,0280,stage2_1007_best,6,2.024681236961584,0.4902068740264966,2.501415523453688,0.421875,0.7869318181818182,0.28403042867836226,0.5920064603839827,3.3730375158283725,0.6393669257353737,0.5574969960369067,0.8579847856608189,6.0,1.3454656223043389,0.878794357844026,1.4577470870254061,0.6666666666666666,0.8379825268341056,5.500162429339077,0.951329450548598,0.2843673280246785,,,,,base,0.0,0.0,,,,,,,,,,,,,,,,0.23385891479960183,0.2020780920280671,selected,6.0,1.0,0.18926832070686428,0.08040515768865825,6.0
,,,,,,,,,,,,,,,,,,,,,6.0,0280,stage2_1007_best,6,2.4809242954047583,0.413817423081264,2.828975789490867,0.40625,0.7017045454545454,0.3070076265235786,0.5436041768341059,3.2626432728912227,0.6238068648356724,0.5697868615500248,0.8464961867382107,6.0,1.0592801417968118,0.812334973306727,1.479371132057581,0.6666666666666666,0.8181039869139797,4.376400606725251,0.8151209868301189,0.416969203984191,,,,,provisional,0.0,0.0,,,,,,,,,,,,,,,,0.22444454912159004,0.2290040119761445,candidate,6.0,1.0,0.17930744399948315,0.10341191772771542,6.0
,,,,,,,,,,,,,,,,,,,,,6.0,0280,stage2_1007_best,6,2.480924298853613,0.41381742277037553,2.8289757912474456,0.40625,0.7017045454545454,0.30700762658846203,0.5436041769232279,3.2626432721568897,0.6238068647300562,0.5697868616257762,0.8464961867057691,6.0,1.0592801417968118,0.812334973306727,1.479371132057581,0.6666666666666666,0.8181039869139797,4.376400606725251,0.8151209868301189,0.416969203984191,,,,,provisional,0.0,0.0,,,,,,,,,,,,,,,,0.22444455135269276,0.22900404606956984,selected,6.0,1.0,0.17930744399948315,0.10341191772771542,6.0
,,,,,,,,,,,,,,,,,,,,,6.0,0280,stage2_1007_best,6,2.4344996318524856,0.41989924387475763,2.7987608513143827,0.40625,0.7017045454545454,0.3044716244902094,0.5407750442045576,3.271904916109687,0.6228489454542968,0.5723975124074857,0.8477641877548954,6.0,1.0647565961837906,0.8172502895294076,1.4694596782394003,1.0,0.8224449297067801,4.389378613181982,0.816523431456983,0.4182867284514227,,,,,final,0.0,0.0,,,,,,,,,,,,,,,,0.22370001510139984,0.2265622600137725,candidate,6.0,1.0,0.17962232387824806,0.10204170292558173,6.0
0.26010971469091093,3.422301457206843,0.472226109570416,0.2953838892364249,3.1755252006956503,0.4173279003694291,0.17034045813353466,3.2760485489519535,0.4830215616005009,0.2794193141525543,4.097854352567678,0.38774257156303893,0.26700048617361977,3.4003145282603366,0.44399047156905336,0.04441755613333929,0.3189118119851359,0.10655981023251848,0.045099545517706,0.3137381225010735,0.10750440304666385,6.0,0280,stage2_1007_best,6,2.434499634402291,0.4198992436133882,2.798760851351162,0.40625,0.7017045454545454,0.3044716244998116,0.5407750443895217,3.2719049167867453,0.6228489455674572,0.572397512556928,0.8477641877500943,6.0,1.0647565961837906,0.8172502895294076,1.4694596782394003,1.0,0.8224449297067801,4.389378613181982,0.816523431456983,0.4182867284514227,0.08272688090801239,0.3061358903112838,2.5245142207988542,2.7813592381506176,final,0.0,0.0,0.0012159879723010359,0.02961608226109218,0.002565383555384503,3.3561566282863096,0.2349093248834487,4.020488039094573,0.46877635110182453,1.1127847272213458,0.303466796875,0.036333303979079475,0.22427703858996503,0.37863961742316016,2.430437550128062,0.46877635110182453,0.6660065520077716,0.2237000222446962,0.22656225215706427,selected,6.0,1.0,0.17962232387824806,0.10204170292558173,6.0
,,,,,,,,,,,,,,,,,,,,,6.0,0281,stage2_1007_best,6,2.1582424380237115,0.5592768729547265,2.3836482791977844,0.453125,0.7642045454545454,0.25151799777399647,0.6853505623574613,3.6815250271296414,0.7076657858383423,0.5040813791726263,0.8742410011130018,6.0,1.7756113296571208,0.9024500235287845,1.4271891372581766,0.3333333333333333,0.8640517982833494,5.62633289403072,0.9641119259066676,0.2659242648900491,,,,,base,0.0,0.0,,,,,,,,,,,,,,,,0.253546221575954,0.18178702071677166,candidate,6.0,1.0,0.2533851672595894,0.07098742655545642,6.0
,,,,,,,,,,,,,,,,,,,,,6.0,0281,stage2_1007_best,6,2.158242441785613,0.5592768723641396,2.383648279365955,0.453125,0.7642045454545454,0.2515179976816027,0.6853505625637885,3.681525026920143,0.7076657858886396,0.5040813789377122,0.8742410011591987,6.0,1.7756113296571208,0.9024500235287845,1.4271891372581766,0.3333333333333333,0.8640517982833494,5.62633289403072,0.9641119259066676,0.2659242648900491,,,,,base,0.0,0.0,,,,,,,,,,,,,,,,0.2535462126130139,0.1817869724551107,selected,6.0,1.0,0.2533851672595894,0.07098742655545642,6.0
,,,,,,,,,,,,,,,,,,,,,6.0,0281,stage2_1007_best,6,2.0647285782599707,0.49382840675665096,2.352956866733807,0.4322916666666667,0.8125,0.24521885243120378,0.6612013291255373,3.46202341153667,0.666685638929507,0.5274414736311736,0.877390573784398,6.0,1.1996668042733043,0.7775239746244121,1.6885899746204407,0.6666666666666666,0.728553951137035,4.427186799261878,0.8229359692714421,0.4219836937664072,,,,,provisional,0.0,0.0,,,,,,,,,,,,,,,,0.24040661077477077,0.20611806995922907,candidate,6.0,1.0,0.24555650687821615,0.11153405280732318,6.0
,,,,,,,,,,,,,,,,,,,,,6.0,0281,stage2_1007_best,6,2.0647285796190347,0.493828406967826,2.352956865862094,0.4322916666666667,0.8125,0.24521885231429952,0.6612013296217065,3.462023413299459,0.6666856393366926,0.5274414731108945,0.8773905738428502,6.0,1.1996668231858802,0.7775239732731692,1.6885899751704136,0.6666666666666666,0.7285539514992374,4.427186794455818,0.8229359687026093,0.42198369639221145,,,,,provisional,0.0,0.0,,,,,,,,,,,,,,,,0.24040661700723667,0.20611805087939514,selected,6.0,1.0,0.24555651018950966,0.11153404327908469,6.0
,,,,,,,,,,,,,,,,,,,,,6.0,0281,stage2_1007_best,6,1.999333041270423,0.49694478907372264,2.328759601902237,0.4427083333333333,0.8267045454545454,0.242444825978727,0.6591114868025707,3.435847696411392,0.6611552651879248,0.5334361354524315,0.8787775870106366,6.0,1.2055886045956103,0.7779569868344246,1.690303116405372,0.6666666666666666,0.7278497619867096,4.422132551036223,0.822623876067049,0.4232458832349628,,,,,final,0.0,0.0,,,,,,,,,,,,,,,,0.24008149843212442,0.20440829854342304,candidate,6.0,1.0,0.24512228409415662,0.11237532062300495,6.0
0.27455183905199154,3.8497019892675612,0.3141564263167471,0.30918295829377734,3.1023173894532152,0.38740619608661897,0.1775955863140854,3.691546131069552,0.3682304749635579,0.3158389331315875,3.7426571597939042,0.45225352876114044,0.2559600727136225,3.465811917421428,0.4523805599451745,0.07719702355457204,0.4008633010727684,0.13024492675455698,0.0757284458715373,0.38549492838884863,0.13034089971782023,6.0,0281,stage2_1007_best,6,1.9993330410426209,0.49694478903938816,2.3287596021686308,0.4427083333333333,0.8267045454545454,0.2424448261908396,0.6591114865002334,3.435847695545418,0.6611552649777,0.533436135823254,0.8787775869045802,6.0,1.2055886049425473,0.7779569867935542,1.6903031159789166,0.6666666666666666,0.7278497622494964,4.422132549952512,0.8226238758927392,0.4232458834768857,0.07385073602199554,0.2929004340908562,2.6802298813602,2.978316514321901,final,0.0,0.0,0.0009447981022110971,0.025764268440778212,0.002917259371199144,3.383958841606604,0.25457284910093636,4.074096444024659,0.46190374297023373,1.1093335983956276,0.300537109375,0.03490867670107474,0.2251225193724786,0.37576885113711994,2.4273098480801005,0.46190374297023373,0.686142670475113,0.24008150117498858,0.20440831780831836,selected,6.0,1.0,0.24512228006964434,0.11237531566775397,6.0
,,,,,,,,,,,,,,,,,,,,,6.0,0282,stage2_1007_best,6,1.3213933280271442,0.560036292711659,2.032784319717051,0.5,0.9005681818181818,0.20431346808956305,0.6354952252181078,3.028698685609955,0.5707487245758318,0.644136065042287,0.8978432659552186,6.0,1.6483009761216858,0.9382773613690388,1.265877683889963,0.3333333333333333,0.920156264226813,5.836801924936225,0.9845718013180582,0.23856848630628713,,,,,base,0.0,0.0,,,,,,,,,,,,,,,,0.24117445326551545,0.16446050271414994,candidate,6.0,1.0,0.2143084652917321,0.0576082131573428,6.0
,,,,,,,,,,,,,,,,,,,,,6.0,0282,stage2_1007_best,6,1.3213933284890143,0.5600362929903379,2.0327843203160905,0.5,0.9005681818181818,0.20431346835961098,0.6354952251995208,3.0286986871265142,0.5707487249857695,0.6441360648431714,0.8978432658201944,6.0,1.6483009746944612,0.9382773610767161,1.2658776859505616,0.3333333333333333,0.9201562635044809,5.836801923523166,0.9845718011807906,0.23856848813960618,,,,,base,0.0,0.0,,,,,,,,,,,,,,,,0.24117445483009572,0.16446048759457566,selected,6.0,1.0,0.2143084654081596,0.057608205131146714,6.0
,,,,,,,,,,,,,,,,,,,,,6.0,0282,stage2_1007_best,6,1.4890601692028294,0.48149063555681304,2.254908791816689,0.5416666666666666,0.8977272727272727,0.2169206890006069,0.6049313662045034,2.9128992617237905,0.5603034739051663,0.6598465351177818,0.8915396554996966,6.0,1.5643012025157685,0.9544084093546317,1.2016568656963311,0.6666666666666666,0.9414492857533668,5.744348797498026,0.975613744244299,0.2526827543502604,,,,,provisional,0.0,0.0,,,,,,,,,,,,,,,,0.23903277685022276,0.198910022342377,candidate,6.0,1.0,0.2150216286509909,0.04695015258939242,6.0
,,,,,,,,,,,,,,,,,,,,,6.0,0282,stage2_1007_best,6,1.489060169060628,0.48149063644972634,2.254908791396282,0.5416666666666666,0.8977272727272727,0.21692068929883757,0.6049313661925984,2.912899263125354,0.5603034743864895,0.6598465349255808,0.8915396553505811,6.0,1.5643011993946643,0.9544084092008676,1.2016568657725821,0.6666666666666666,0.941449285750096,5.744348792721808,0.9756137437692652,0.2526827564818523,,,,,provisional,0.0,0.0,,,,,,,,,,,,,,,,0.23903277112178015,0.19891002609362607,selected,6.0,1.0,0.21502163455831722,0.046950127408913585,6.0
,,,,,,,,,,,,,,,,,,,,,6.0,0282,stage2_1007_best,6,1.486100279129821,0.47441382490137884,2.2453280771928426,0.53125,0.9034090909090909,0.2146672837595258,0.6039285550883852,2.8882869923757397,0.5548222061216844,0.6678126582268057,0.8926663581202372,6.0,1.4769178690957474,0.9555654925231515,1.1960192110010293,0.6666666666666666,0.9424165307961226,5.728625648033991,0.9740902185366869,0.2566081795255522,,,,,final,0.0,0.0,,,,,,,,,,,,,,,,0.23827541590199822,0.1995031058390689,candidate,6.0,1.0,0.21516566996330283,0.045411556751693706,6.0
0.2759929134572579,4.211939415679917,0.29772707392750086,0.3478421368722675,2.9031844046317885,0.3881365239003404,0.19993468853139795,3.9978826079403635,0.41938466095464016,0.3011158138130709,3.831789789293461,0.4018935251497786,0.29010850072280364,3.6203709744997066,0.3683275377807988,0.028827750156639173,0.20355208085270726,0.05184034000685297,0.02880264141302916,0.19910841825132108,0.05003446857884353,6.0,0282,stage2_1007_best,6,1.4861002795043563,0.47441382488749806,2.245328077605528,0.53125,0.9034090909090909,0.21466728375837515,0.6039285550135586,2.8882869930295136,0.5548222063789788,0.6678126582420806,0.8926663581208125,6.0,1.4769178690957474,0.9555654925231515,1.1960192110010293,0.6666666666666666,0.9424165307961226,5.728625648033991,0.9740902185366869,0.2566081795255522,0.11984940618276596,0.33726733892356137,2.4348608622829473,2.8876345960883905,final,0.0,0.0,0.0021599989619061535,0.030240113911405093,0.00470389983577046,3.6886770744195463,0.2569699858777677,4.278993090162825,0.5365855291154891,1.0702579116152804,0.306640625,0.040208997201676804,0.21549374664936619,0.3920927251138253,2.695658866043205,0.5365855291154891,0.6218924669134706,0.23827540594681634,0.1995031379372139,selected,6.0,1.0,0.21516566996330283,0.045411556751693706,6.0
,,,,,,,,,,,,,,,,,,,,,6.0,0283,stage2_1007_best,6,1.4757591879513925,0.6104169494445872,1.443724271585853,0.7864583333333334,0.8295454545454546,0.23818875111821722,0.7757521618651629,2.656136533880209,0.4605776663271577,0.7181988471226513,0.8809056244408914,6.0,1.934623860750799,0.8802900445916345,1.476819131606744,0.6,0.8744074053166615,5.374977162655691,0.9373150438018625,0.30451665326973965,,,,,base,0.0,0.0,,,,,,,,,,,,,,,,0.23375462055222743,0.14024342119583844,candidate,6.0,1.0,0.21394134289184738,0.08644972917604592,6.0
,,,,,,,,,,,,,,,,,,,,,6.0,0283,stage2_1007_best,6,1.4757591875762555,0.6104169502077966,1.4437242710256235,0.7864583333333334,0.8295454545454546,0.23818875074036372,0.7757521620861689,2.6561365350373163,0.4605776666201652,0.718198846920228,0.880905624629818,6.0,1.9346238531286974,0.8802900422262276,1.4768191409500206,0.6,0.8744074025480485,5.37497714622155,0.9373150419287355,0.30451665538325307,,,,,base,0.0,0.0,,,,,,,,,,,,,,,,0.23375461206298287,0.1402434296549379,selected,6.0,1.0,0.2139413432295132,0.08644976331304899,6.0
,,,,,,,,,,,,,,,,,,,,,6.0,0283,stage2_1007_best,6,1.7020019284139842,0.5414062486226747,1.5388104079981497,0.7760416666666666,0.8295454545454546,0.2549033229383705,0.7536324637184147,2.4682092078610776,0.4306686548459885,0.7402223037918394,0.8725483385308146,6.0,2.250631295753116,0.8468931432163362,1.459761017606577,0.8,0.8805009693591812,4.767725452957907,0.8665039834704593,0.39271548748889,,,,,provisional,0.0,0.0,,,,,,,,,,,,,,,,0.23495983048256847,0.15230797240092947,candidate,6.0,1.0,0.21052283997695517,0.09717873986529862,6.0
,,,,,,,,,,,,,,,,,,,,,6.0,0283,stage2_1007_best,6,1.7020019291050625,0.5414062486229086,1.5388104082967082,0.7760416666666666,0.8295454545454546,0.2549033227080071,0.7536324637362061,2.4682092103283937,0.4306686555052135,0.7402223032776027,0.8725483386459966,6.0,2.2506312959273336,0.8468931428775792,1.4597610167862836,0.8,0.8805009697947842,4.767725454001541,0.8665039835751156,0.39271548768833314,,,,,provisional,0.0,0.0,,,,,,,,,,,,,,,,0.23495982854147823,0.15230799534235445,selected,6.0,1.0,0.21052283997695517,0.09717876604072467,6.0
,,,,,,,,,,,,,,,,,,,,,6.0,0283,stage2_1007_best,6,1.6961596263290932,0.5428524897911485,1.5194222689236714,0.7864583333333334,0.8267045454545454,0.2514235730577835,0.7592076994951924,2.4642207579273094,0.4290144817890861,0.7417488201616976,0.8742882134711081,6.0,2.289303638204776,0.8430992572909021,1.4707972317236349,0.8,0.8785352292274287,4.753749573792197,0.8648007048754038,0.3954053426062898,,,,,final,0.0,0.0,,,,,,,,,,,,,,,,0.23495934474362684,0.15222614887132002,candidate,6.0,1.0,0.21025386395536919,0.0978252906049622,6.0
0.2122455796736295,4.159980441261426,0.3873939017232938,0.23581309551562163,2.9148770625841225,0.5027237922563242,0.1342670418721089,4.665883272315257,0.30828412250709347,0.25339404946571614,4.002635265155985,0.4594663677027533,0.19087946411314025,3.3279682907631245,0.5586848121383905,0.017585541769858444,0.08481426930707638,0.11143400141020994,0.017860927713509223,0.08745727578971874,0.11226205089900539,6.0,0283,stage2_1007_best,6,1.696159626093361,0.5428524902449536,1.5194222683460339,0.7864583333333334,0.8267045454545454,0.2514235729880973,0.7592076996211985,2.4642207588134952,0.4290144821414722,0.7417488200452916,0.8742882135059514,6.0,2.289303638204776,0.8430992572909021,1.4707972317236349,0.8,0.8785352292274287,4.753749573792197,0.8648007048754038,0.3954053426062898,0.17149049043655396,0.20421070974129113,2.274712502967405,3.1400258951785776,final,0.0,0.0,0.0012123399906182886,0.015702242070467026,0.006614590580974275,3.6988397097625327,0.2032293933662371,4.3452134503354465,0.4559971068088265,1.142612363296239,0.277099609375,0.03664214665666433,0.2352301941519114,0.3603146894885777,2.3953643050191196,0.4559971068088265,0.6742224153979437,0.23495933736281607,0.15222617845440253,selected,6.0,1.0,0.21025386395536919,0.0978252906049622,6.0
,,,,,,,,,,,,,,,,,,,,,6.0,0284,stage2_1007_best,6,1.4662211258478175,0.6220974262989837,1.8157076214561072,0.59375,0.8039772727272727,0.2367223760413034,0.6611020022882326,3.1285822830449077,0.5589214219896916,0.6431743993758937,0.8816388119793485,6.0,2.82979684833451,0.8132958461543836,1.8589211296256283,0.4,0.7997856302473583,5.433546968344158,0.9438539402671485,0.303605912058176,,,,,base,0.0,0.0,,,,,,,,,,,,,,,,0.22944662707324665,0.15253061244020188,candidate,6.0,1.0,0.21681973837627444,0.09089297061199195,6.0
,,,,,,,,,,,,,,,,,,,,,6.0,0284,stage2_1007_best,6,1.4662211257048667,0.6220974265682572,1.815707621216224,0.59375,0.8039772727272727,0.2367223762823605,0.6611020023900462,3.128582283770106,0.558921422303621,0.6431743992288093,0.8816388118588198,6.0,2.82979684833451,0.8132958461543836,1.8589211296256283,0.4,0.7997856302473583,5.433546968344158,0.9438539402671485,0.303605912058176,,,,,base,0.0,0.0,,,,,,,,,,,,,,,,0.22944662873120314,0.15253062374025494,selected,6.0,1.0,0.21681973837627444,0.09089297061199195,6.0
,,,,,,,,,,,,,,,,,,,,,6.0,0284,stage2_1007_best,6,1.707631373746602,0.6226603769634612,2.0580742084372763,0.5572916666666666,0.8380681818181818,0.2531328972299917,0.6672816657797455,3.4920568860295362,0.6486346030449895,0.590526385660692,0.8734335513850041,6.0,2.2976990671542974,0.7780142610578893,1.9621572271135337,0.4,0.7546603504704595,4.957942852224381,0.8900308849635938,0.3517976880284329,,,,,provisional,0.0,0.0,,,,,,,,,,,,,,,,0.24673054620045407,0.15076835344129913,candidate,6.0,1.0,0.214262831306069,0.09293491171653502,6.0
,,,,,,,,,,,,,,,,,,,,,6.0,0284,stage2_1007_best,6,1.707631372910394,0.6226603772637866,2.0580742084437054,0.5572916666666666,0.8380681818181818,0.25313289701498004,0.6672816656372912,3.4920568864631023,0.6486346031928306,0.5905263857163027,0.87343355149251,6.0,2.2976990671542974,0.7780142610578893,1.9621572271135337,0.4,0.7546603504704595,4.957942852224381,0.8900308849635938,0.3517976880284329,,,,,provisional,0.0,0.0,,,,,,,,,,,,,,,,0.2467305527976669,0.1507683339718929,selected,6.0,1.0,0.214262831306069,0.09293491171653502,6.0
,,,,,,,,,,,,,,,,,,,,,6.0,0284,stage2_1007_best,6,1.7073224265900706,0.6199862999296176,2.061345141960576,0.5572916666666666,0.8380681818181818,0.25549434124815124,0.6659491078834056,3.4803924645435793,0.646824033440203,0.5908656053582644,0.8722528293759243,6.0,2.266820326870048,0.7797094931711753,1.9585354218195594,0.4,0.7536483654298213,4.936585046941074,0.887607711104018,0.3543326326136421,,,,,final,0.0,0.0,,,,,,,,,,,,,,,,0.2466099785772786,0.15119554886452144,candidate,6.0,1.0,0.21457016428334783,0.09346810820964727,6.0
0.22245009516547623,4.673581129822676,0.27165166161505694,0.20727227574187496,4.330119100765457,0.2646242480035198,0.14243777914241482,4.935368735402283,0.24024588976509986,0.25064281205330025,4.327431816334806,0.3821899955815895,0.20389448407794844,4.204491426480363,0.3696968329735595,0.06271269601270789,0.33960766051249397,0.11277238723341014,0.061632415553305814,0.33958830939823387,0.11103458243025786,6.0,0284,stage2_1007_best,6,1.707322427790961,0.6199862997245421,2.0613451420592597,0.5572916666666666,0.8380681818181818,0.2554943410205697,0.6659491080317813,3.4803924649828297,0.6468240335967365,0.5908656052072726,0.8722528294897152,6.0,2.2668203398507383,0.7797094910180391,1.9585354320398758,0.4,0.7536483631289749,4.936585039427058,0.887607710271916,0.35433263408863513,0.16320443153381348,0.19180928446834994,2.728725043564209,4.401638532730967,final,0.0,0.0,0.0019183094039772232,0.01374572199148833,0.009831235624262795,3.919681556814306,0.20011190170893595,4.5842146721206465,0.4683784678796466,1.1402606450799249,0.2735595703125,0.03690147749024509,0.23543412148585605,0.3571054927685392,2.4247970861754427,0.4683784678796466,0.6657958294606219,0.24660997943459248,0.1511955347769388,selected,6.0,1.0,0.21457016300768939,0.09346808692687134,6.0
,,,,,,,,,,,,,,,,,,,,,6.0,0285,stage2_1007_best,6,1.3351636460420522,0.6073700134070109,1.8368702857320778,0.5677083333333334,0.8409090909090909,0.24636744300453062,0.64453166384685,3.154672115569278,0.5675781523922971,0.6439448947190428,0.8768162784977348,6.0,2.295349514589123,0.8310526204309813,1.666599465144312,0.4,0.8293540229543999,5.371568418267992,0.937283390890385,0.2984189941387593,,,,,base,0.0,0.0,,,,,,,,,,,,,,,,0.23135060898150822,0.14968184824557842,candidate,6.0,1.0,0.16674727419144744,0.06754326238280325,6.0
,,,,,,,,,,,,,,,,,,,,,6.0,0285,stage2_1007_best,6,1.3351636456791864,0.6073700136031841,1.8368702850988896,0.5677083333333334,0.8409090909090909,0.24636744304482133,0.6445316641552099,3.154672118057045,0.5675781528629142,0.6439448942019409,0.8768162784775894,6.0,2.29534950944733,0.8310526197036985,1.6665994692870294,0.4,0.8293540215999485,5.3715684166936715,0.9372833907234577,0.298418994636235,,,,,base,0.0,0.0,,,,,,,,,,,,,,,,0.231350611315165,0.14968182601284571,selected,6.0,1.0,0.16674727419144744,0.06754327777151005,6.0
,,,,,,,,,,,,,,,,,,,,,6.0,0285,stage2_1007_best,6,1.717467334157348,0.5213637137026206,2.258251628571322,0.5052083333333334,0.8522727272727273,0.2755077824605049,0.5906563214084091,3.3695206043666475,0.6258760957154013,0.5955896352731725,0.8622461087697476,6.0,1.854075037628701,0.8288938701266455,1.5875951140317106,0.6,0.8421134343143862,4.845395642304713,0.8788519015689318,0.3588132757478064,,,,,provisional,0.0,0.0,,,,,,,,,,,,,,,,0.22815636176098114,0.1923728722124545,candidate,6.0,1.0,0.16310280173065492,0.07550013738291016,6.0
,,,,,,,,,,,,,,,,,,,,,6.0,0285,stage2_1007_best,6,1.7174673344145623,0.5213637139405738,2.258251628777606,0.5052083333333334,0.8522727272727273,0.2755077823458443,0.5906563215201223,3.369520605631282,0.6258760961253809,0.595589634997666,0.8622461088270779,6.0,1.8540750187828858,0.8288938705230048,1.5875951165334437,0.6,0.8421134329371531,4.845395645122311,0.8788519019286789,0.3588132758530319,,,,,provisional,0.0,0.0,,,,,,,,,,,,,,,,0.2281563600239757,0.19237287215333965,selected,6.0,1.0,0.1631028029755952,0.07550014944533491,6.0
,,,,,,,,,,,,,,,,,,,,,6.0,0285,stage2_1007_best,6,1.7160010331766737,0.5211494762241196,2.268570687533507,0.5052083333333334,0.84375,0.27572442317736123,0.5891924981029305,3.3523122454629193,0.6238260260378179,0.5973323710522624,0.8621377884113194,6.0,1.7923483525259818,0.8238075390870851,1.6045085989431467,0.6,0.8345225482265499,4.80896800014144,0.8746677785541828,0.36402365716269436,,,,,final,0.0,0.0,,,,,,,,,,,,,,,,0.22839286589652585,0.19245769342981955,candidate,6.0,1.0,0.16292385861736225,0.07685157729038138,6.0
0.27559136588416827,3.6924356697028604,0.38573450392969916,0.2367565629752728,3.8346704115221115,0.34747020775178683,0.20138777766382931,4.017409645792528,0.36204574064360995,0.30701116047292076,2.7687275915983456,0.671291729273289,0.26436295778583757,3.786835572242117,0.4130473650484075,0.047897528307440686,0.26759432316128556,0.11538692280622727,0.04800259644286367,0.2626944493334325,0.11169567659597279,6.0,0285,stage2_1007_best,6,1.7160010342023588,0.5211494762742315,2.2685706891948096,0.5052083333333334,0.84375,0.27572442354553545,0.589192497996139,3.3523122467007203,0.6238260264350751,0.5973323708835897,0.8621377882272323,6.0,1.7923483492471577,0.8238075386847178,1.6045086030275746,0.6,0.8345225466483489,4.808968000787171,0.8746677786214525,0.3640236577542714,0.1582028567790985,0.24194884986176604,2.777421617523928,3.67919327453575,final,0.0,0.0,0.0011980418743048398,0.017081904993207348,0.008249425034272862,2.796040886079141,0.24205465246186067,3.472572541861309,0.40208508972035867,1.14812648688604,0.3453369140625,0.0369392738317273,0.226732242372797,0.3809330601422148,2.260847474216654,0.40208508972035867,0.7105017317829199,0.2283928566020008,0.19245773187900553,selected,6.0,1.0,0.16292385938640624,0.07685158387057142,6.0
,,,,,,,,,,,,,,,,,,,,,6.0,0286,stage2_1007_best,6,1.3685823371087318,0.6221195115007433,1.4852613550291816,0.765625,0.8181818181818182,0.23169868092515797,0.7705657753833217,2.8769170140948206,0.50386672352642,0.686254796085815,0.884150659537421,6.0,2.0558092798997487,0.8819925861024249,1.4649419784448026,0.6,0.8824627171603583,5.33894737128437,0.9338357431171168,0.2949007686175379,,,,,base,0.0,0.0,,,,,,,,,,,,,,,,0.22970769146055722,0.13820903260452427,candidate,6.0,1.0,0.14278557380546483,0.04573771861475804,6.0
,,,,,,,,,,,,,,,,,,,,,6.0,0286,stage2_1007_best,6,1.3685823378853048,0.6221195115287184,1.4852613553781093,0.765625,0.8181818181818182,0.23169868087332757,0.7705657754431848,2.876917015554762,0.5038667240604905,0.6862547957508797,0.8841506595633362,6.0,2.0558092798997487,0.8819925861024249,1.4649419784448026,0.6,0.8824627171603583,5.33894737128437,0.9338357431171168,0.2949007686175379,,,,,base,0.0,0.0,,,,,,,,,,,,,,,,0.22970769730917204,0.13820903214602215,selected,6.0,1.0,0.14278557380546483,0.04573771861475804,6.0
,,,,,,,,,,,,,,,,,,,,,6.0,0286,stage2_1007_best,6,1.5412839952487423,0.595597355662546,1.361284085892014,0.8958333333333334,0.875,0.20875248015585804,0.8440008720645522,2.8441649755116267,0.5005613992650049,0.6923369154369695,0.895623759922071,6.0,1.833622542500648,0.8465872459213553,1.6023817078107518,0.4,0.8381939626216275,5.001980228145178,0.8970854480848768,0.3272888692966117,,,,,provisional,0.0,0.0,,,,,,,,,,,,,,,,0.23087878162087988,0.1387167196090369,candidate,6.0,1.0,0.14042806577208278,0.04980071865454982,6.0
,,,,,,,,,,,,,,,,,,,,,6.0,0286,stage2_1007_best,6,1.5412839959717646,0.5955973559442591,1.3612840852902022,0.8958333333333334,0.875,0.20875248026761895,0.8440008722830462,2.8441649750268745,0.5005613993187121,0.6923369155606899,0.8956237598661907,6.0,1.833622556657744,0.8465872433323238,1.6023817203873099,0.4,0.8381939592010929,5.001980216779055,0.8970854467621925,0.32728887143094737,,,,,provisional,0.0,0.0,,,,,,,,,,,,,,,,0.23087877758669634,0.13871670342359843,selected,6.0,1.0,0.14042806577208278,0.0498007185791451,6.0
,,,,,,,,,,,,,,,,,,,,,6.0,0286,stage2_1007_best,6,1.5709771697467074,0.5902237642324817,1.3920507363271317,0.8697916666666666,0.8494318181818182,0.2134101673214959,0.8328214684903865,2.890675616617083,0.5092885873110581,0.6833208791010151,0.8932949163392521,6.0,1.8970893108900502,0.8326532772170168,1.6557446567173484,0.4,0.8248804343631129,4.983745913607113,0.8947850070224546,0.33100159932110784,,,,,final,0.0,0.0,,,,,,,,,,,,,,,,0.22998407498681156,0.14054779585892432,candidate,6.0,1.0,0.13950459622527028,0.05331630253894806,6.0
0.25882342055936414,4.36333817025922,0.2874974156435457,0.23279341021660976,4.512355959816233,0.26209589692601637,0.19954831755203042,3.932902672397699,0.4490184544587626,0.26069749806422127,2.7390369637482967,0.6856003750202508,0.24621127993056827,4.604200963655901,0.27062298925010386,0.03274702471099065,0.18177765896588746,0.08228513341056105,0.03227584230312313,0.1848262584181205,0.07589009910952156,6.0,0286,stage2_1007_best,6,1.5709771713057092,0.5902237641295482,1.3920507365115722,0.8697916666666666,0.8494318181818182,0.2134101675804703,0.8328214684884104,2.8906756164852236,0.5092885875685282,0.6833208791347721,0.893294916209765,6.0,1.897089348106818,0.8326532760882146,1.6557446647202507,0.4,0.8248804332883692,4.983745909089042,0.8947850065008297,0.33100160072165963,0.1572531908750534,0.2453234723071912,2.726229606609015,4.193852829869863,final,0.0,0.0,0.002213980450111843,0.024360630450127967,0.015281408150509074,3.4020933270422336,0.2250074435853445,3.9851309469094676,0.45959493694432024,1.1187334880265778,0.353515625,0.03422832290726989,0.22930370886158558,0.378681124978245,2.4604281770335077,0.45959493694432024,0.6813660920292983,0.22998407092332399,0.1405478092845723,selected,6.0,1.0,0.13950459667696638,0.05331630836794954,6.0
,,,,,,,,,,,,,,,,,,,,,6.0,0287,stage2_1007_best,6,1.2891218723446447,0.6633248120453991,1.3421836794413846,0.859375,0.84375,0.22405525423097936,0.8232541492438459,2.729989428517854,0.47212544844410426,0.714138834511135,0.8879723728845103,6.0,2.0010749291036998,0.9117600557954764,1.3588506167785008,0.4,0.9137438908786271,5.547551284988981,0.9551015395554634,0.265771895040479,,,,,base,0.0,0.0,,,,,,,,,,,,,,,,0.23296263341269233,0.12488575575875326,candidate,6.0,1.0,0.1389827489897275,0.03922360335304713,6.0
,,,,,,,,,,,,,,,,,,,,,6.0,0287,stage2_1007_best,6,1.2891218701398979,0.6633248133530959,1.3421836781794052,0.859375,0.84375,0.22405525382155453,0.8232541497437643,2.7299894282944983,0.47212544872259454,0.714138834572132,0.8879723730892227,6.0,2.0010749291036998,0.9117600557954764,1.3588506167785008,0.4,0.9137438908786271,5.547551284988981,0.9551015395554634,0.265771895040479,,,,,base,0.0,0.0,,,,,,,,,,,,,,,,0.2329626282492854,0.12488575227291594,selected,6.0,1.0,0.1389827489897275,0.03922360335304713,6.0
,,,,,,,,,,,,,,,,,,,,,6.0,0287,stage2_1007_best,6,1.2800989393689362,0.6543252190774967,1.324739842300151,0.8802083333333334,0.8693181818181818,0.21612582001352332,0.833570746731559,2.7672651745148644,0.47906615620836485,0.7106766512338781,0.8919370899932385,6.0,1.7930014192501968,0.8738941658588116,1.4707187876159575,0.6,0.8722453551797086,5.025526907842897,0.8980825337000402,0.33430356658196525,,,,,provisional,0.0,0.0,,,,,,,,,,,,,,,,0.23211546328973642,0.1277041501419899,candidate,6.0,1.0,0.13510101672085392,0.048940401658207344,6.0
,,,,,,,,,,,,,,,,,,,,,6.0,0287,stage2_1007_best,6,1.2800989396331914,0.6543252191797462,1.3247398420375651,0.8802083333333334,0.8693181818181818,0.21612581937588463,0.8335707467490395,2.767265175651494,0.47906615664774904,0.7106766510672329,0.8919370903120577,6.0,1.793001426634348,0.873894166959809,1.4707187842308114,0.6,0.8722453562138892,5.025526913266376,0.8980825344366957,0.3343035657852277,,,,,provisional,0.0,0.0,,,,,,,,,,,,,,,,0.23211546261762772,0.12770414227761923,selected,6.0,1.0,0.13510101664606555,0.048940414936652826,6.0
,,,,,,,,,,,,,,,,,,,,,6.0,0287,stage2_1007_best,6,1.2644804583203186,0.6630346919736773,1.3232223357996475,0.875,0.8693181818181818,0.21531032543882764,0.8328700720416237,2.75160090272432,0.47630104753061103,0.7130151035543335,0.8923448372805862,6.0,1.884172485015992,0.8604723072449564,1.5228785874827184,0.8,0.8589562583135526,5.007104297060256,0.8959930740117085,0.33707333388978905,,,,,final,0.0,0.0,,,,,,,,,,,,,,,,0.23270372414398893,0.12744839886958212,candidate,6.0,1.0,0.13488553784443622,0.05011244356863957,6.0
0.25734523499594697,4.177361632494046,0.326768729860948,0.26235015671944323,4.108179222020911,0.2972710837432914,0.1832397225623397,4.1270178575569645,0.40388091775106383,0.2449009097702133,2.698933257188934,0.6959633737565163,0.24962640293005064,4.089723532467313,0.36821401892625205,0.016216542515268988,0.08397976339294577,0.0958219358672619,0.014877985789884987,0.06972930708040892,0.09163682671453748,6.0,0287,stage2_1007_best,6,1.2644804604815825,0.6630346916551779,1.323222336219824,0.875,0.8693181818181818,0.21531032593307026,0.8328700720254336,2.751600903921917,0.4763010479011066,0.7130151033777988,0.8923448370334648,6.0,1.8841724994462128,0.8604723091468688,1.5228785788702266,0.8,0.8589562608269716,5.007104301101229,0.8959930744735531,0.3370733336381808,0.16536560654640198,0.2684246641088769,2.5796603312708037,4.18331861430798,final,0.0,0.0,0.002547582001742747,0.01819376707199265,0.013933367600017572,3.4294139592327246,0.21400107682041594,4.0276618991062705,0.4465900193218143,1.124192001315776,0.3438720703125,0.03506536567476814,0.2307266897142465,0.3754640905518041,2.378836661636894,0.4465900193218143,0.6855652500702383,0.23270372509729154,0.12744839100834426,selected,6.0,1.0,0.13488553564849373,0.05011248973089307,6.0
,,,,,,,,,,,,,,,,,,,,,6.0,0288,stage2_1007_best,6,1.5723990512653323,0.5035871060267897,2.205532268000867,0.5,0.8778409090909091,0.23983321761810847,0.6109814688110157,2.967449942519997,0.5569982099236386,0.659942440460549,0.8800833911909458,6.0,2.4551857321635278,0.853135945690641,1.5915058430975482,0.4,0.8582673465465552,5.551991437740214,0.9559901877034654,0.2602998257116434,,,,,base,0.0,0.0,,,,,,,,,,,,,,,,0.24069083020806697,0.18065656052925802,candidate,6.0,1.0,0.21445850652199827,0.08440265467680516,6.0
,,,,,,,,,,,,,,,,,,,,,6.0,0288,stage2_1007_best,6,1.572399051683056,0.5035871059775323,2.2055322684813667,0.5,0.8778409090909091,0.23983321758355777,0.6109814686270463,2.967449941888809,0.5569982100439477,0.6599424405188559,0.8800833912082211,6.0,2.455185761554582,0.8531359441110833,1.5915058532672481,0.4,0.8582673443567082,5.5519914333482285,0.9559901872759393,0.2602998289813666,,,,,base,0.0,0.0,,,,,,,,,,,,,,,,0.24069082534354552,0.1806565395949437,selected,6.0,1.0,0.21445850855031492,0.08440266426029426,6.0
,,,,,,,,,,,,,,,,,,,,,6.0,0288,stage2_1007_best,6,1.691714116523038,0.5280787125170056,2.169009178656767,0.5416666666666666,0.8863636363636364,0.24132548432679946,0.655560424128215,3.4473165374466457,0.6514990240996181,0.5770882011311841,0.8793372578366003,6.0,2.1338002925015167,0.7969530775237605,1.6658170257134168,0.6,0.822601990557105,4.850394430367125,0.8791456417726596,0.34636554637118505,,,,,provisional,0.0,0.0,,,,,,,,,,,,,,,,0.2437655199510911,0.17597262323958418,candidate,6.0,1.0,0.20687851174407948,0.10021173801657048,6.0
,,,,,,,,,,,,,,,,,,,,,6.0,0288,stage2_1007_best,6,1.6917141143695222,0.5280787127582227,2.1690091775082676,0.5416666666666666,0.8863636363636364,0.24132548420016586,0.6555604242769502,3.447316537355477,0.6514990241814229,0.5770882011513189,0.8793372578999171,6.0,2.133800295400955,0.7969530771111822,1.6658170268376422,0.6,0.8226019903134144,4.850394432458477,0.8791456420261266,0.3463655461596863,,,,,provisional,0.0,0.0,,,,,,,,,,,,,,,,0.24376551911908573,0.17597260987759675,selected,6.0,1.0,0.20687851152015704,0.10021174021960533,6.0
,,,,,,,,,,,,,,,,,,,,,6.0,0288,stage2_1007_best,6,1.7215198547024357,0.524271448747862,2.1897650890805687,0.5260416666666666,0.8721590909090909,0.24139469654144044,0.656213682789058,3.5321974178895132,0.6669655884496448,0.5599905403316885,0.8793026517292798,6.0,2.1571033984735415,0.7922423029704546,1.6913756134698348,0.6,0.8158578538588417,4.843850583347997,0.8780659100563696,0.346919691172684,,,,,final,0.0,0.0,,,,,,,,,,,,,,,,0.24419909935478912,0.17829925368475763,candidate,6.0,1.0,0.20693854329878866,0.1006386962396101,6.0
0.24957133365357123,4.454710580320205,0.25943718744670735,0.2570992621266596,3.962704537829948,0.25471757574839804,0.22205295638135084,4.52167010154103,0.3222420759203683,0.25377630705124593,3.797058063026576,0.49217617427693977,0.2509687794601349,3.9876214901972147,0.3329146821882063,0.03438856814249352,0.2715352464983774,0.1248351920994518,0.0318614038732982,0.2471920757054535,0.12509559587913774,6.0,0288,stage2_1007_best,6,1.721519856472861,0.5242714488442709,2.1897650893179104,0.5260416666666666,0.8721590909090909,0.24139469610972775,0.6562136831420228,3.532197420041682,0.6669655888823419,0.5599905398830222,0.8793026519451362,6.0,2.1571033986246637,0.7922423010485348,1.6913756192159761,0.6,0.8158578521298538,4.843850575323846,0.8780659091357603,0.3469196908890411,0.14850574731826782,0.25500289477511934,2.474487532867409,3.8002941854881147,final,0.0,0.0,0.002733435961664482,0.04516222094066902,0.01116486358443842,3.7930789052402405,0.2143875508398941,4.4393134450495975,0.47776992124582557,1.1237604345056855,0.2625732421875,0.03790479281084724,0.2315764800756789,0.36360943483519376,2.467416269111105,0.47776992124582557,0.6667302665103803,0.24419910259179864,0.17829922365673825,selected,6.0,1.0,0.20693854709954027,0.10063869728612553,6.0
,,,,,,,,,,,,,,,,,,,,,6.0,0289,stage2_1007_best,6,2.030788947930921,0.6184397775639081,1.6859380023469333,0.7083333333333334,0.8693181818181818,0.21874860859246334,0.8236005335383376,3.5902962813635475,0.7030210773069412,0.5192292650332744,0.8906256957037684,6.0,2.2170243398504113,0.8720590619847576,1.530448071784782,0.4,0.8696947605318381,5.616495155810732,0.9626230129903384,0.26294790091365616,,,,,base,0.0,0.0,,,,,,,,,,,,,,,,0.2814234085498108,0.1435165471051242,candidate,6.0,1.0,0.18552533341932154,0.06612115977966194,6.0
,,,,,,,,,,,,,,,,,,,,,6.0,0289,stage2_1007_best,6,2.030788949705412,0.61843977678666,1.6859380029343027,0.7083333333333334,0.8693181818181818,0.2187486087179935,0.8236005334285654,3.5902962802763283,0.7030210771120129,0.5192292651645797,0.8906256956410032,6.0,2.2170243325927155,0.8720590609814379,1.5304480761067203,0.4,0.869694759328795,5.616495154688185,0.9626230128729152,0.26294790168211857,,,,,base,0.0,0.0,,,,,,,,,,,,,,,,0.2814234132250883,0.14351654306717826,selected,6.0,1.0,0.18552533373822885,0.06612115977966194,6.0
,,,,,,,,,,,,,,,,,,,,,6.0,0289,stage2_1007_best,6,1.8280741656810628,0.6008634422379574,1.6774952034185056,0.7395833333333334,0.8465909090909091,0.18015526682981384,0.8059504356152151,3.3192676176599996,0.638610708787344,0.5790343150786285,0.9099223665850932,6.0,2.013114958940138,0.7391521687548951,1.905960902063962,0.4,0.7571385697091473,4.861079336944669,0.8764857533384907,0.32605833129388817,,,,,provisional,0.0,0.0,,,,,,,,,,,,,,,,0.2664754453435226,0.14995815677693208,candidate,6.0,1.0,0.17286703576190413,0.10326460066145118,6.0
,,,,,,,,,,,,,,,,,,,,,6.0,0289,stage2_1007_best,6,1.8280741631573032,0.6008634431825501,1.677495202137156,0.7395833333333334,0.8465909090909091,0.1801552665725701,0.8059504360505123,3.319267619736855,0.6386107091545699,0.5790343145646634,0.909922366713715,6.0,2.0131149616277133,0.7391521696409131,1.9059608980980418,0.4,0.7571385707680761,4.861079340852504,0.876485753902687,0.32605833079799285,,,,,provisional,0.0,0.0,,,,,,,,,,,,,,,,0.2664754438945814,0.1499581594214629,selected,6.0,1.0,0.17286703616957264,0.1032646105720255,6.0
,,,,,,,,,,,,,,,,,,,,,6.0,0289,stage2_1007_best,6,1.8089054467298822,0.6036539124422807,1.6312004507335491,0.765625,0.8522727272727273,0.1760303044633655,0.812710469186901,3.286940794702614,0.6305557101599257,0.5891741904466483,0.9119848477683171,6.0,1.989074765209967,0.7413231411648312,1.8907142294355186,0.4,0.7609302669526983,4.871250325042465,0.877563622597114,0.3216162931413943,,,,,final,0.0,0.0,,,,,,,,,,,,,,,,0.26613385410077117,0.14782667718059025,candidate,6.0,1.0,0.1727751773799931,0.1043566702977613,6.0
0.21467191830546276,4.388155957144853,0.2991075098805409,0.22834653888281936,3.960176707121031,0.3271810133402192,0.1857026873707863,4.602517205031619,0.23818149910357392,0.2364486191008902,3.492078139795991,0.5671803490518321,0.21558865586379425,3.8744547799929916,0.37568106269418633,0.10445327788291674,0.9679179665731968,0.13203147808728694,0.10203917568723786,0.9302601000278328,0.1308593502603937,6.0,0289,stage2_1007_best,6,1.8089054429754963,0.6036539131789126,1.6312004495002064,0.765625,0.8522727272727273,0.17603030371943393,0.8127104695611046,3.2869407953590155,0.6305557103885556,0.5891741901493884,0.911984848140283,6.0,1.9890747608777442,0.7413231427009055,1.8907142259873708,0.4,0.7609302680632103,4.871250329116508,0.8775636230083917,0.3216162929050326,0.16088394820690155,0.22187935287191618,2.6444102555237827,4.018383272011253,final,0.0,0.0,0.002240540656580014,0.04109033560087835,0.009226810275240825,3.734352929260452,0.19253065232219815,4.446873154309313,0.4246403965213718,1.1781890400767643,0.276123046875,0.036682166153993966,0.24338883597558048,0.34460150028838576,2.2815809589786147,0.4246403965213718,0.7059476827297696,0.2661338574895479,0.14782668087648576,selected,6.0,1.0,0.17277518000600614,0.10435667312251816,6.0
,,,,,,,,,,,,,,,,,,,,,6.0,0290,stage2_1007_best,6,1.7376984109234386,0.5632070285391518,2.259053562710567,0.4635416666666667,0.7982954545454546,0.241703781219988,0.6059412192228557,3.6394968279315374,0.669642374615935,0.5421149688142538,0.879148109390006,6.0,2.5491409485937164,0.8545750148459674,1.6797990773031128,0.4,0.8338504814568823,5.482649557679719,0.9494235971406089,0.29563701746602283,,,,,base,0.0,0.0,,,,,,,,,,,,,,,,0.234036931503663,0.1701807524552375,candidate,6.0,1.0,0.2074356293840677,0.07909957591380645,6.0
,,,,,,,,,,,,,,,,,,,,,6.0,0290,stage2_1007_best,6,1.7376984125265742,0.5632070276653313,2.2590535633801943,0.4635416666666667,0.7982954545454546,0.24170378098270337,0.6059412190977418,3.6394968277601403,0.6696423747139164,0.542114968941694,0.8791481095086482,6.0,2.5491409485937164,0.8545750148459674,1.6797990773031128,0.4,0.8338504814568823,5.482649557679719,0.9494235971406089,0.29563701746602283,,,,,base,0.0,0.0,,,,,,,,,,,,,,,,0.23403693550495946,0.1701807767506048,selected,6.0,1.0,0.2074356293840677,0.07909957591380645,6.0
,,,,,,,,,,,,,,,,,,,,,6.0,0290,stage2_1007_best,6,1.4179085328998249,0.6191854943638467,2.1425460716650493,0.4947916666666667,0.8607954545454546,0.22271999467608009,0.626728985635075,3.6268848968676637,0.6756766841322597,0.5436541428876976,0.88864000266196,6.0,2.5009394693976037,0.8024475364696341,1.8621016452361974,0.4,0.7823831410962871,5.051959684753831,0.9031528551710003,0.33002515459244225,,,,,provisional,0.0,0.0,,,,,,,,,,,,,,,,0.24014930816686753,0.16158879100272702,candidate,6.0,1.0,0.20339383657503093,0.09388880284571652,6.0
,,,,,,,,,,,,,,,,,,,,,6.0,0290,stage2_1007_best,6,1.4179085338839295,0.6191854941891233,2.142546072347027,0.4947916666666667,0.8607954545454546,0.2227199947420914,0.6267289853739082,3.626884896403736,0.6756766840126518,0.5436541430733991,0.8886400026289543,6.0,2.5009394913984004,0.80244753586203,1.86210165193052,0.4,0.7823831402092862,5.0519596881138,0.9031528555218113,0.3300251559526993,,,,,provisional,0.0,0.0,,,,,,,,,,,,,,,,0.2401493073587602,0.16158877245340775,selected,6.0,1.0,0.2033938389202174,0.09388881802620108,6.0
,,,,,,,,,,,,,,,,,,,,,6.0,0290,stage2_1007_best,6,1.400931132285771,0.6213286550006629,2.1047522037407735,0.46875,0.8465909090909091,0.2223351800854794,0.6271339295703803,3.5983298310794276,0.6675273751977102,0.5505508425740864,0.8888324099572603,6.0,2.498694981148712,0.8020416027721952,1.8645575734400492,0.4,0.7816297307360399,5.044394417109701,0.9023117849113441,0.3293683880537235,,,,,final,0.0,0.0,,,,,,,,,,,,,,,,0.23912599819606448,0.15975580531652192,candidate,6.0,1.0,0.20308550800195432,0.09452127928172355,6.0
0.23508354863146322,4.55119181476302,0.2707655475173918,0.24988773826575397,4.044017938139526,0.28830880561758704,0.22356852771252259,4.727145579748323,0.26165168720381987,0.25613954680848006,4.47987044644698,0.3547639699869497,0.23858271342719925,4.1350125287385415,0.3406908110700336,0.03245269227046312,0.19978221047830633,0.08162993144213511,0.03372372977883638,0.22001013324005028,0.08161686359414123,6.0,0290,stage2_1007_best,6,1.4009311329588252,0.62132865479253,2.1047522041186517,0.46875,0.8465909090909091,0.22233518009567366,0.6271339292285814,3.5983298306412848,0.6675273751407836,0.5505508425202953,0.8888324099521632,6.0,2.49869497415651,0.8020416014808945,1.8645575747681993,0.4,0.7816297300106215,5.044394419610512,0.9023117852101747,0.32936838812664704,0.1780732125043869,0.25092992278229104,2.496010598642395,3.9372044906619212,final,0.0,0.0,0.0023717344318757174,0.03549669814828694,0.0051163307934104394,3.819270592692266,0.22278483268945443,4.455589722672949,0.4938753966201199,1.1133578489635647,0.27685546875,0.03678443868996252,0.22615731236835723,0.3725522136177208,2.5230970091665865,0.4938753966201199,0.6374824098243177,0.23912599417029964,0.15975581210436687,selected,6.0,1.0,0.20308550368895648,0.09452127456138638,6.0
,,,,,,,,,,,,,,,,,,,,,6.0,0291,stage2_1007_best,6,1.771192883634437,0.5615308056796545,2.268665489721174,0.5052083333333334,0.8409090909090909,0.24757092359830032,0.59263781116851,3.2155198496078157,0.5949315844285777,0.6322164442066375,0.8762145382008498,6.0,2.1326221603827613,0.9051329525082684,1.3955648131173766,0.6,0.9051807234863061,5.612019531387916,0.9620250803072675,0.26778798869771936,,,,,base,0.0,0.0,,,,,,,,,,,,,,,,0.23032023496884793,0.17097814145029783,candidate,6.0,1.0,0.17736258573771047,0.059161709361171474,6.0
,,,,,,,,,,,,,,,,,,,,,6.0,0291,stage2_1007_best,6,1.7711928839414093,0.5615308058254324,2.2686654903451826,0.5052083333333334,0.8409090909090909,0.2475709232539467,0.5926378112281061,3.2155198498507658,0.5949315845298035,0.6322164440616443,0.8762145383730268,6.0,2.1326221460632957,0.9051329515950207,1.3955648157080427,0.6,0.9051807227006419,5.612019525998588,0.9620250797447694,0.26778798882368804,,,,,base,0.0,0.0,,,,,,,,,,,,,,,,0.23032023671965074,0.17097813727486835,selected,6.0,1.0,0.17736258860255005,0.059161733155109975,6.0
,,,,,,,,,,,,,,,,,,,,,6.0,0291,stage2_1007_best,6,2.055441832473638,0.5141541912987908,2.686986024012032,0.4166666666666667,0.8465909090909091,0.2661454911625157,0.5756471827521507,3.2730759619370873,0.6286611213415682,0.6008832095998001,0.8669272544187421,6.0,2.1260024227942624,0.8626134004212439,1.420605529748955,1.0,0.8916405350579752,4.888798863914041,0.8814399695776421,0.3780491161359918,,,,,provisional,0.0,0.0,,,,,,,,,,,,,,,,0.23302356898449275,0.19530809796227805,candidate,6.0,1.0,0.17045869273197042,0.07094555713670792,6.0
,,,,,,,,,,,,,,,,,,,,,6.0,0291,stage2_1007_best,6,2.055441828960671,0.514154192388118,2.68698602120325,0.4166666666666667,0.8465909090909091,0.26614549071510823,0.5756471830609476,3.2730759639381533,0.6286611216408597,0.6008832094596029,0.8669272546424459,6.0,2.126002423691761,0.8626133997003288,1.4206055330118037,1.0,0.8916405342049887,4.888798862764254,0.8814399694380586,0.3780491158382979,,,,,provisional,0.0,0.0,,,,,,,,,,,,,,,,0.23302357220936235,0.19530809802401708,selected,6.0,1.0,0.17045868979297477,0.07094557667262133,6.0
,,,,,,,,,,,,,,,,,,,,,6.0,0291,stage2_1007_best,6,2.052251594104108,0.5148129187705321,2.6867495921190394,0.4114583333333333,0.8551136363636364,0.2657239678876683,0.5750859936756849,3.2721252950309494,0.6284000522396362,0.602211110793883,0.8671380160561658,6.0,2.1324287917595903,0.8653186452175508,1.4106795576655913,1.0,0.8952953275324699,4.906762949150777,0.8839449269663233,0.3769695373378964,,,,,final,0.0,0.0,,,,,,,,,,,,,,,,0.23250833938293297,0.19536267727930007,candidate,6.0,1.0,0.17063245579829137,0.07197274099269306,6.0
0.2452585323298146,4.1533025860480945,0.36471089685516467,0.3137961063920119,3.071832546336483,0.48870889314834526,0.19053794601022192,4.0156818183341585,0.3977251441069485,0.2645073637881454,3.727263501893939,0.5034039643283813,0.2569023656444282,3.1949680559250018,0.5159983387908058,0.028338092438640588,0.31243399123097465,0.12006514020919039,0.028404872364921594,0.31536243413196674,0.1216154674457941,6.0,0291,stage2_1007_best,6,2.052251593407739,0.5148129186437616,2.6867495924431632,0.4114583333333333,0.8551136363636364,0.2657239677899193,0.575085993363979,3.2721252943924823,0.6284000521496653,0.6022111109584588,0.8671380161050402,6.0,2.1324287882136694,0.865318645240254,1.4106795575397364,1.0,0.8952953276322779,4.906762951429721,0.8839449272063064,0.37696953700753155,0.18279114365577698,0.3065368280916606,2.2836000524267406,2.782478351441981,final,0.0,0.0,0.0006439074340348314,0.013580118209806374,0.008072352648988172,3.406448192026594,0.22785033047413797,4.118770966650442,0.4667278895498134,1.1291545921179649,0.2747802734375,0.03575563393889096,0.22789310403190896,0.3717177666042882,2.4521183614442075,0.4667278895498134,0.6608748356595966,0.2325083394106698,0.1953626983672997,selected,6.0,1.0,0.17063245837627736,0.07197273981126952,6.0
,,,,,,,,,,,,,,,,,,,,,6.0,0292,stage2_1007_best,6,1.7967457229576795,0.601235332544624,1.805341175401854,0.7552083333333334,0.8522727272727273,0.2431977569730188,0.7461748801494952,3.126767250377558,0.6029568085350845,0.628474790494604,0.8784011215134907,6.0,2.7190181961311746,0.8963556570528689,1.4995512858796631,0.4,0.8845367478071189,5.69281138199365,0.9704935637308599,0.26112089108473163,,,,,base,0.0,0.0,,,,,,,,,,,,,,,,0.27706183421651526,0.14066801509682084,candidate,6.0,1.0,0.11199775471875632,0.03188639075196941,6.0
,,,,,,,,,,,,,,,,,,,,,6.0,0292,stage2_1007_best,6,1.7967457234546003,0.6012353325087931,1.805341175733614,0.7552083333333334,0.8522727272727273,0.24319775682099956,0.7461748802142752,3.1267672506408957,0.6029568085549782,0.628474790357573,0.8784011215895003,6.0,2.7190181961311746,0.8963556570528689,1.4995512858796631,0.4,0.8845367478071189,5.69281138199365,0.9704935637308599,0.26112089108473163,,,,,base,0.0,0.0,,,,,,,,,,,,,,,,0.2770618316910788,0.140667995566299,selected,6.0,1.0,0.11199775471875632,0.03188639075196941,6.0
,,,,,,,,,,,,,,,,,,,,,6.0,0292,stage2_1007_best,6,2.7154998501310166,0.6778949303389532,1.9072698476641945,0.4635416666666667,0.8323863636363636,0.19049327767361987,0.8199854686329064,4.2819622894164455,0.806597577218787,0.4163387341120736,0.9047533611631899,6.0,1.9691305248498734,0.792534454341331,1.8976714726218427,0.4,0.7556383740745569,5.00954567039233,0.8967539607854927,0.36420237224339597,,,,,provisional,0.0,0.0,,,,,,,,,,,,,,,,0.28213833819217565,0.10953994018919937,candidate,6.0,1.0,0.1081282757274397,0.0491746997593202,6.0
,,,,,,,,,,,,,,,,,,,,,6.0,0292,stage2_1007_best,6,2.715499848006214,0.6778949304096837,1.9072698473698573,0.4635416666666667,0.8323863636363636,0.19049327768356042,0.8199854687587749,4.281962288554641,0.806597577084208,0.41633873448900244,0.9047533611582197,6.0,1.9691305301686837,0.7925344580145516,1.8976714613749641,0.4,0.7556383779305854,5.009545687487391,0.896753962837034,0.36420237025023827,,,,,provisional,0.0,0.0,,,,,,,,,,,,,,,,0.28213833488081375,0.10953996746234634,selected,6.0,1.0,0.10812827742758455,0.049174685901549164,6.0
,,,,,,,,,,,,,,,,,,,,,6.0,0292,stage2_1007_best,6,2.644207051688501,0.6812048240036851,1.89213504053826,0.5208333333333334,0.84375,0.18812508958050211,0.8193225510935741,4.257736777260882,0.8020222294531,0.4265933526901149,0.9059374552097489,6.0,2.031735434849212,0.7852638633532589,1.9327431381808744,0.4,0.7484170284413463,4.987603622591452,0.8944944844500993,0.3664000101608914,,,,,final,0.0,0.0,,,,,,,,,,,,,,,,0.28112513520308197,0.10619005909106005,candidate,6.0,1.0,0.10786624000180174,0.05047981636510437,6.0
0.20366493588683948,4.520947369168222,0.26417127233108434,0.2286182665809771,3.9709101123608677,0.3034425084686664,0.20104929322763584,4.342417981201739,0.3819528654703812,0.2311917811176332,3.9405270083681194,0.46828065882863745,0.2059711687418489,4.024030887445809,0.33876958798836715,0.12753332940405948,1.0808848456321019,0.14464693473387635,0.1281720884549642,1.0737526104192325,0.14428592801030374,6.0,0292,stage2_1007_best,6,2.6442070479738056,0.6812048240696917,1.892135040816262,0.5208333333333334,0.84375,0.1881250897331631,0.8193225508827493,4.257736777071586,0.8020222293997766,0.42659335270450355,0.9059374551334184,6.0,2.0317354332975626,0.7852638641071465,1.9327431342358221,0.4,0.7484170296151718,4.987603626482395,0.8944944849103561,0.36640000945159434,0.14424677193164825,0.23104037797600824,2.3627929949317763,3.9827865436657315,final,0.0,0.0,0.008553233270058297,0.07687655645209325,0.009524846132007948,3.666585007645918,0.19934503242227428,4.407780651094307,0.426324686291493,1.1721287320193272,0.2708740234375,0.03729580022839529,0.23983741406586787,0.34836463215013147,2.270452684651586,0.426324686291493,0.6971732731875101,0.28112513520308197,0.10619005971256477,selected,6.0,1.0,0.1078662395694373,0.050479817676016885,6.0
,,,,,,,,,,,,,,,,,,,,,6.0,0293,stage2_1007_best,6,1.4036223243466983,0.5579803792172133,1.9261496666809153,0.59375,0.8380681818181818,0.26130998898714375,0.6313822403669394,2.5646060893053577,0.4688257263856963,0.7224261799262393,0.8693450055064282,6.0,2.4008388971834775,0.8037739372570941,1.7390975832714504,0.5714285714285714,0.8272586016033135,5.241042614591528,0.9226614903087387,0.3040418113345514,,,,,base,0.0,0.0,,,,,,,,,,,,,,,,0.2333182692328539,0.15684900931641785,candidate,6.0,1.0,0.1600652844264264,0.07455327754144056,6.0
,,,,,,,,,,,,,,,,,,,,,6.0,0293,stage2_1007_best,6,1.4036223237552714,0.5579803798573888,1.926149666867268,0.59375,0.8380681818181818,0.261309988362142,0.6313822403589168,2.5646060904959938,0.4688257269376121,0.7224261797006669,0.8693450058189289,6.0,2.4008388971834775,0.8037739372570941,1.7390975832714504,0.5714285714285714,0.8272586016033135,5.241042614591528,0.9226614903087387,0.3040418113345514,,,,,base,0.0,0.0,,,,,,,,,,,,,,,,0.2333182776421698,0.15684903058685273,selected,6.0,1.0,0.1600652844264264,0.07455327754144056,6.0
,,,,,,,,,,,,,,,,,,,,,6.0,0293,stage2_1007_best,6,1.2286405790514,0.5848494797121718,1.9327702440138963,0.578125,0.8693181818181818,0.25912265268525825,0.6224716492382593,2.3710674170232595,0.42978825954351874,0.7552494173127043,0.8704386736573709,6.0,2.2154787446298716,0.7401094778214417,1.9389250307261214,0.7142857142857143,0.7570923720598874,4.5744799767359945,0.8445294068407795,0.399482438031443,,,,,provisional,0.0,0.0,,,,,,,,,,,,,,,,0.2392542630638063,0.16200574659884792,candidate,6.0,1.0,0.1617389452098197,0.08517298132390293,6.0
,,,,,,,,,,,,,,,,,,,,,6.0,0293,stage2_1007_best,6,1.2286405793501904,0.5848494798130139,1.932770243976052,0.578125,0.8693181818181818,0.2591226523183196,0.6224716492321506,2.371067417435962,0.4297882597871945,0.7552494171664166,0.8704386738408402,6.0,2.215478744900674,0.740109477391665,1.9389250309075883,0.7142857142857143,0.7570923720899538,4.574479974845902,0.8445294066027813,0.3994824386386559,,,,,provisional,0.0,0.0,,,,,,,,,,,,,,,,0.2392542637017921,0.1620057134569475,selected,6.0,1.0,0.16173894537960753,0.08517299676814005,6.0
,,,,,,,,,,,,,,,,,,,,,6.0,0293,stage2_1007_best,6,1.2146283593373046,0.6005793594145089,1.910573228168339,0.5885416666666666,0.8721590909090909,0.25768040876775716,0.6279625501477695,2.394890055525988,0.4334761333880082,0.7534281895455339,0.8711597956161214,6.0,2.2654799805051304,0.7347402425432603,1.9482797372507632,0.7142857142857143,0.7566228837214981,4.574109693467095,0.8444077710686518,0.39786517043528596,,,,,final,0.0,0.0,,,,,,,,,,,,,,,,0.23845883596482909,0.15927355936466653,candidate,6.0,1.0,0.16041182100842508,0.08771125342894211,6.0
0.20741766411414975,4.527489865870122,0.3122017430985863,0.20353277195607658,4.50440692007038,0.35876471586028486,0.19221420156862162,4.442733885863653,0.32360511403121467,0.19044668647814478,3.3545268453454247,0.6042487713131653,0.2111633050560866,4.218391483588811,0.36740285718176996,0.027282705225826362,0.12862257990323536,0.158014044126873,0.027933206029456512,0.12943592192052522,0.15830263249949889,6.0,0293,stage2_1007_best,6,1.2146283616910796,0.6005793580056583,1.910573229445203,0.5885416666666666,0.8721590909090909,0.2576804090521143,0.6279625501088981,2.3948900578048438,0.4334761341463754,0.7534281891020962,0.8711597954739428,6.0,2.265479996224032,0.7347402412669982,1.9482797405844914,0.7142857142857143,0.7566228835168651,4.574109694428517,0.8444077711769545,0.39786516994759563,0.2227146178483963,0.21585627342930086,2.6519813141630366,4.329019365521608,final,0.0,0.0,0.0020714530013637464,0.018321399363466623,0.015877166341665236,3.617647430181025,0.1864902666196354,4.296620625792649,0.4096602828697438,1.1776279791861795,0.27978515625,0.038222653356034676,0.2412598722484782,0.3507004775657727,2.217433591558758,0.4096602828697438,0.6998728816001216,0.23845883519901256,0.15927358348457882,selected,6.0,1.0,0.1604118195865159,0.08771123717973574,6.0
,,,,,,,,,,,,,,,,,,,,,6.0,0294,stage2_1007_best,6,1.2470635120428715,0.5605653632989281,1.8292011667196557,0.6145833333333334,0.8465909090909091,0.25537065680627935,0.654189940349791,2.5923271554351,0.4715150575895001,0.723595311639841,0.8723146715968604,6.0,2.098609138873585,0.7797253269581044,1.8547372568803269,0.42857142857142855,0.7816565510664096,5.093156916173029,0.9071835506377188,0.33963314103422493,,,,,base,0.0,0.0,,,,,,,,,,,,,,,,0.23063436408783483,0.16407772238755058,candidate,6.0,1.0,0.1867608055580374,0.0972235411127027,6.0
,,,,,,,,,,,,,,,,,,,,,6.0,0294,stage2_1007_best,6,1.2470635127719047,0.5605653634623811,1.8292011666546,0.6145833333333334,0.8465909090909091,0.25537065652991214,0.654189940475403,2.5923271571729103,0.4715150580633106,0.7235953112238659,0.8723146717350438,6.0,2.098609116614052,0.7797253274809051,1.8547372473411727,0.42857142857142855,0.781656552637274,5.093156919204716,0.9071835510489289,0.3396331398953109,,,,,base,0.0,0.0,,,,,,,,,,,,,,,,0.23063436645652097,0.16407774115744211,selected,6.0,1.0,0.18676080825130598,0.0972235463157887,6.0
,,,,,,,,,,,,,,,,,,,,,6.0,0294,stage2_1007_best,6,1.1783543939814611,0.6355251088089351,1.5837171168784672,0.78125,0.8778409090909091,0.22232788169203455,0.72303047066924,2.3484298152260603,0.41484034319069485,0.7694704577876784,0.8888360591539827,6.0,1.9729839955730053,0.6780473653612518,2.1138643704980975,0.42857142857142855,0.7084128117877971,4.129302780376617,0.7823006186451835,0.45967661831353446,,,,,provisional,0.0,0.0,,,,,,,,,,,,,,,,0.23912816493025413,0.1585998466991091,candidate,6.0,1.0,0.17433711846611796,0.1089248124113426,6.0
,,,,,,,,,,,,,,,,,,,,,6.0,0294,stage2_1007_best,6,1.1783543934492529,0.6355251089530458,1.5837171173813107,0.78125,0.8778409090909091,0.222327881590802,0.7230304704713331,2.3484298156804537,0.4148403434947734,0.7694704576602076,0.8888360592045988,6.0,1.9729839955730053,0.6780473653612518,2.1138643704980975,0.42857142857142855,0.7084128117877971,4.129302780376617,0.7823006186451835,0.45967661831353446,,,,,provisional,0.0,0.0,,,,,,,,,,,,,,,,0.23912816386289162,0.15859987418514745,selected,6.0,1.0,0.17433711846611796,0.1089248124113426,6.0
,,,,,,,,,,,,,,,,,,,,,6.0,0294,stage2_1007_best,6,1.199141675952439,0.6297985586826975,1.6026975059526272,0.7760416666666666,0.8835227272727273,0.224632108872523,0.7188589884412435,2.3551253349956087,0.4165669855520369,0.7670587578276707,0.8876839455637385,6.0,2.0045437792786296,0.6753722210145772,2.1304654000507797,0.42857142857142855,0.7035974439414565,4.1149735424752025,0.7803766441398554,0.4622468539602091,,,,,final,0.0,0.0,,,,,,,,,,,,,,,,0.23844581532605255,0.15899321299746497,candidate,6.0,1.0,0.17391923065481726,0.1102420469790175,6.0
0.22705869001442114,4.621160667628145,0.30338052927361797,0.209199875941078,4.491504176522552,0.30298525378742247,0.11221161347211331,4.5933618566814465,0.2751164979179729,0.23604840347863879,4.107221849252815,0.4487041772998827,0.20917411045402964,4.835272061771,0.24568671108054516,0.07734984039960274,0.3047993091904462,0.2251867332802676,0.07526549878165788,0.3022727966441982,0.22035382898110822,6.0,0294,stage2_1007_best,6,1.1991416746934094,0.6297985593878542,1.6026975050631902,0.7760416666666666,0.8835227272727273,0.22463210885046936,0.7188589886697213,2.355125336981984,0.416566986223998,0.7670587575020189,0.8876839455747654,6.0,2.0045437819796743,0.6753722199599893,2.1304653990503377,0.42857142857142855,0.7035974434666017,4.114973534714944,0.7803766431322064,0.4622468552453501,0.19188468158245087,0.19366063447853393,2.6397885329804485,4.450661448427145,final,0.0,0.0,0.0017183337445295375,0.014273483436217484,0.01215617624220527,3.885983602740239,0.19938660939381384,4.50472912859149,0.45983808425357964,1.1342204704805345,0.2552490234375,0.03780104833292973,0.23431079169149202,0.3624059017978234,2.3929971619237342,0.45983808425357964,0.6667665845079757,0.23844581930444664,0.15899323762747433,selected,6.0,1.0,0.17391923206488924,0.11024205167302974,6.0
,,,,,,,,,,,,,,,,,,,,,6.0,0295,stage2_1007_best,6,1.8491780893296088,0.4908095790388793,2.2531317196681147,0.546875,0.8607954545454546,0.27123617307119346,0.5773054411795934,2.7632157343064363,0.5127855329589348,0.6851909317370121,0.8643819134644033,6.0,1.910008087257708,0.8172641880642965,1.6888117123587478,0.5714285714285714,0.8257324945120471,5.005622877106757,0.8955722507556967,0.3391509504546127,,,,,base,0.0,0.0,,,,,,,,,,,,,,,,0.22816899386000714,0.1908042138438384,candidate,6.0,1.0,0.19246866076719496,0.10536071605216203,6.0
,,,,,,,,,,,,,,,,,,,,,6.0,0295,stage2_1007_best,6,1.8491780891969631,0.4908095794954089,2.2531317187825657,0.546875,0.8607954545454546,0.2712361724768233,0.5773054412272385,2.7632157352812414,0.512785533267152,0.685190931556738,0.8643819137615885,6.0,1.9100080902165646,0.8172641883035563,1.6888117103915834,0.5714285714285714,0.82573249491449,5.0056228778536935,0.8955722509086175,0.3391509501945048,,,,,base,0.0,0.0,,,,,,,,,,,,,,,,0.22816899706023303,0.19080421090674274,selected,6.0,1.0,0.19246866076719496,0.10536071923747246,6.0
,,,,,,,,,,,,,,,,,,,,,6.0,0295,stage2_1007_best,6,1.4799192891999728,0.514593558035791,1.7569909852669163,0.7135416666666666,0.8465909090909091,0.2482238812466555,0.6637955184122999,2.5175723275170907,0.4453803747443171,0.7384869427123247,0.8758880593766722,6.0,1.888484231758904,0.7275261536310879,1.5088351683475758,0.8571428571428571,0.8209422958389394,3.6429219048750463,0.712289346798904,0.5425645612148117,,,,,provisional,0.0,0.0,,,,,,,,,,,,,,,,0.22672923607296505,0.18124781319121175,candidate,6.0,1.0,0.1892247258767376,0.1207345816282672,6.0
,,,,,,,,,,,,,,,,,,,,,6.0,0295,stage2_1007_best,6,1.479919288160283,0.5145935582381745,1.7569909852511068,0.7135416666666666,0.8465909090909091,0.24822388077503366,0.6637955186699677,2.517572328597042,0.44538037511405426,0.7384869423004066,0.8758880596124832,6.0,1.8884842410618634,0.7275261530709692,1.508835173357978,0.8571428571428571,0.8209422947927829,3.642921904996936,0.7122893468125581,0.5425645602921446,,,,,provisional,0.0,0.0,,,,,,,,,,,,,,,,0.22672923523104152,0.18124783664055813,selected,6.0,1.0,0.1892247256508094,0.12073458009650417,6.0
,,,,,,,,,,,,,,,,,,,,,6.0,0295,stage2_1007_best,6,1.4689504739373467,0.5207180408032301,1.7322299806896808,0.7135416666666666,0.8465909090909091,0.24514183392204228,0.6689957031160114,2.5096797987107435,0.4432467465572411,0.7403632104816769,0.877429083038979,6.0,1.9465106650177233,0.7280419054059059,1.4980561699735446,0.8571428571428571,0.8265015396962735,3.6448325935895363,0.7124365825966698,0.540572255823688,,,,,final,0.0,0.0,,,,,,,,,,,,,,,,0.22713360354461315,0.18051720123293966,candidate,6.0,1.0,0.18960203354162436,0.12001887186761892,6.0
0.21654275003554393,4.005933451539682,0.41229508619942123,0.22705967231544938,3.550820315771789,0.40973636773413347,0.15596049014289004,2.736638812716899,0.6748691860617375,0.20341477174363914,3.933083197184818,0.4748529592477728,0.21203404716891758,3.646818270996444,0.40450531145108926,0.06280255754979953,0.33354048575945194,0.2769078526627278,0.062223382360937864,0.32574750680791786,0.2785916751930777,6.0,0295,stage2_1007_best,6,1.4689504753505154,0.5207180408755158,1.732229981806673,0.7135416666666666,0.8465909090909091,0.24514183388816874,0.6689957030429682,2.5096797983119776,0.44324674667802977,0.740363210490441,0.8774290830559156,6.0,1.9465106646122583,0.7280419053391909,1.4980561697259405,0.8571428571428571,0.8265015396673493,3.644832592674463,0.7124365824259393,0.5405722560275759,0.21298857033252716,0.2295695862166218,2.6387926965656106,3.7619497077509445,final,0.0,0.0,0.0013940939969287122,0.01665690926778502,0.016232881069503654,3.278884685838745,0.18520339736397676,3.9851198761244246,0.3739032747001738,1.182779545403756,0.340576171875,0.03842698071137685,0.2406157713592536,0.35712731096415123,2.088730934784726,0.37390327470017376,0.7312523861712008,0.22713360599590338,0.1805172047966344,selected,6.0,1.0,0.18960203043369067,0.12001887129158717,6.0
,,,,,,,,,,,,,,,,,,,,,6.0,0296,stage2_1007_best,6,1.1547473619972466,0.6671957213968167,1.7133092755015158,0.6510416666666666,0.8607954545454546,0.23149011911960668,0.6884963966096026,2.648349660031252,0.4794439564477201,0.7189847219955571,0.8842549404401967,6.0,2.5829803481125575,0.7256978007917388,2.2206719836859525,0.42857142857142855,0.7112542224378106,4.964765197667234,0.8931997288393553,0.3468899053464472,,,,,base,0.0,0.0,,,,,,,,,,,,,,,,0.23670614792334138,0.13628275027247297,candidate,6.0,1.0,0.2150086039179683,0.12808066552126512,6.0
,,,,,,,,,,,,,,,,,,,,,6.0,0296,stage2_1007_best,6,1.1547473613634094,0.6671957213179087,1.7133092745855425,0.6510416666666666,0.8607954545454546,0.23149011954757148,0.6884963969414645,2.6483496613620345,0.47944395684574986,0.7189847218200048,0.8842549402262143,6.0,2.582980348044473,0.725697799873178,2.2206719868919493,0.42857142857142855,0.711254221645986,4.964765194479317,0.8931997284951159,0.3468899047303422,,,,,base,0.0,0.0,,,,,,,,,,,,,,,,0.23670614532611145,0.1362827514524843,selected,6.0,1.0,0.21500860782805944,0.12808065468267182,6.0
,,,,,,,,,,,,,,,,,,,,,6.0,0296,stage2_1007_best,6,1.3833476766368649,0.5422952684429809,1.851435044085802,0.6302083333333334,0.7897727272727273,0.2681570304554946,0.6624847200758405,2.770509580820262,0.5120975797736078,0.6793961206285452,0.8659214847722526,6.0,2.2944038623237506,0.6847744535140758,2.2604653948348377,0.5714285714285714,0.6702022468667558,4.2635359025228485,0.8080866416041824,0.428978866234639,,,,,provisional,0.0,0.0,,,,,,,,,,,,,,,,0.24471239002882392,0.1371295581092221,candidate,6.0,1.0,0.21146555319624613,0.1465011295586326,6.0
,,,,,,,,,,,,,,,,,,,,,6.0,0296,stage2_1007_best,6,1.3833476772164102,0.5422952693615095,1.851435044405949,0.6302083333333334,0.7897727272727273,0.2681570302616081,0.6624847203363706,2.770509581563696,0.5120975800808931,0.679396120344602,0.865921484869196,6.0,2.294403866608281,0.6847744542083838,2.2604653912351993,0.5714285714285714,0.670202248243873,4.2635359048598325,0.8080866418856678,0.4289788657489519,,,,,provisional,0.0,0.0,,,,,,,,,,,,,,,,0.24471239077844723,0.13712953399189415,selected,6.0,1.0,0.21146555420198396,0.14650112377759622,6.0
,,,,,,,,,,,,,,,,,,,,,6.0,0296,stage2_1007_best,6,1.4089313031446102,0.5392865015673005,1.869198330056227,0.6197916666666666,0.7954545454545454,0.2685469053722604,0.6586922573364421,2.793039676028467,0.5169192597093929,0.6745012573318648,0.8657265473138698,6.0,2.2878227603296377,0.6879748038075106,2.2429211641189166,0.5714285714285714,0.6759924593062214,4.280083216681041,0.8100699278742105,0.42726230089065886,,,,,final,0.0,0.0,,,,,,,,,,,,,,,,0.2443930490101503,0.1388476060499673,candidate,6.0,1.0,0.21142312661019197,0.1458593062930122,6.0
0.24793113607687883,4.4892521733435276,0.2537859056564689,0.24096621612447003,4.152192626645193,0.30094410152748163,0.1851430214239233,4.102226877864877,0.3831613763532862,0.24351711510511317,4.489370425407671,0.3527751164809204,0.25402663975232986,4.043378620517071,0.3332456589643324,0.06868725653575238,0.21453338158778834,0.18761005370075678,0.06834426952736176,0.20868737357008094,0.18783005382529994,6.0,0296,stage2_1007_best,6,1.4089313010046296,0.5392865022183216,1.8691983290549425,0.6197916666666666,0.7954545454545454,0.2685469050945098,0.6586922574046282,2.7930396770196437,0.5169192599844998,0.6745012570874808,0.865726547452745,6.0,2.2878227855949436,0.6879748003985934,2.2429211796431,0.5714285714285714,0.6759924560590973,4.280083211151124,0.8100699272571227,0.42726230188927133,0.2235875129699707,0.2554114255073249,2.367477009241286,4.116754575642768,final,0.0,0.0,0.0013868985105993691,0.019021673328339646,0.011515262543217344,3.929900181586329,0.19765219260116723,4.588753161483646,0.46203734188458256,1.1423258256611957,0.2615966796875,0.03608269852326538,0.23599206247855883,0.35650317455318337,2.3979524966443693,0.4620373418845826,0.668015253080346,0.24439305231777864,0.13884762131105902,selected,6.0,1.0,0.21142312669556262,0.1458592884822791,6.0
,,,,,,,,,,,,,,,,,,,,,6.0,0297,stage2_1007_best,6,1.4333202763614428,0.5736699013799093,2.0953981022572754,0.53125,0.8551136363636364,0.2649335946702463,0.5976001064599852,2.803202136828832,0.5222789679614683,0.6843523675267867,0.8675332026648768,6.0,2.914183950320151,0.7569105315673461,2.019427748306161,0.2857142857142857,0.770358517739105,5.101480332734274,0.9081080396794724,0.33215132347922044,,,,,base,0.0,0.0,,,,,,,,,,,,,,,,0.2342285336792342,0.1589802857893559,candidate,6.0,1.0,0.17360071174397246,0.08072825774799985,6.0
,,,,,,,,,,,,,,,,,,,,,6.0,0297,stage2_1007_best,6,1.43332027634484,0.5736699014668493,2.0953981025768935,0.53125,0.8551136363636364,0.26493359410074496,0.5976001062647301,2.803202136160857,0.5222789679286376,0.684352367595349,0.8675332029496274,6.0,2.914183936456427,0.7569105309690743,2.0194277495643855,0.2857142857142857,0.7703585170013783,5.101480330920595,0.9081080394835046,0.3321513233791032,,,,,base,0.0,0.0,,,,,,,,,,,,,,,,0.23422853800531204,0.15898027087752772,selected,6.0,1.0,0.173600711146159,0.08072828770077511,6.0
,,,,,,,,,,,,,,,,,,,,,6.0,0297,stage2_1007_best,6,1.3665087378874259,0.6244762085674458,1.9682477197796808,0.5677083333333334,0.8153409090909091,0.2615255891817079,0.6079995255156574,2.7810584913264087,0.5065478292774596,0.6892452695559094,0.8692372054091461,6.0,2.3776923939177155,0.6704207506084647,2.294140789922835,0.42857142857142855,0.6885718791354322,4.361903953121414,0.8145742231661032,0.4259476346453678,,,,,provisional,0.0,0.0,,,,,,,,,,,,,,,,0.23403766224169792,0.15239669085870655,candidate,6.0,1.0,0.1675104184891283,0.09518847960808646,6.0
,,,,,,,,,,,,,,,,,,,,,6.0,0297,stage2_1007_best,6,1.366508736679934,0.6244762092534406,1.9682477189998804,0.5677083333333334,0.8153409090909091,0.26152558845352464,0.6079995257812356,2.781058491724661,0.50654782947951,0.6892452695821779,0.8692372057732377,6.0,2.3776923583582996,0.6704207527299092,2.2941407742283935,0.42857142857142855,0.6885718811542998,4.361903957864776,0.8145742235541963,0.42594763255559026,,,,,provisional,0.0,0.0,,,,,,,,,,,,,,,,0.23403766152615102,0.15239671171377545,selected,6.0,1.0,0.1675104265839937,0.0951885245298154,6.0
,,,,,,,,,,,,,,,,,,,,,6.0,0297,stage2_1007_best,6,1.442898246566033,0.6163216445804818,2.011930169485695,0.5677083333333334,0.8125,0.2644417279705328,0.6013141948417572,2.775875104372327,0.5062165797039405,0.6895959639126135,0.8677791360147336,6.0,2.4198075427042336,0.657994752799188,2.350423165016191,0.42857142857142855,0.676377233356426,4.370378041357828,0.8156051041636981,0.42757256349649253,,,,,final,0.0,0.0,,,,,,,,,,,,,,,,0.23339532537154986,0.15418267688225476,candidate,6.0,1.0,0.16712228704744708,0.09655763968562918,6.0
0.17125265877751172,5.059440180544309,0.2325822229607283,0.19156448468078074,4.911855699970493,0.22567278211204178,0.13098604946982523,5.274740965135539,0.23912490821658525,0.1967823868567708,3.049303332889679,0.6501521733667007,0.1841389167470722,4.951923156694376,0.2546757614849914,0.04004860445615759,0.21038492925569596,0.1856775734857199,0.03509094538880045,0.1830836622398754,0.1880557144400367,6.0,0297,stage2_1007_best,6,1.4428982475150463,0.6163216444446401,2.0119301702759587,0.5677083333333334,0.8125,0.2644417280775574,0.6013141948513446,2.7758751056892392,0.5062165800256012,0.6895959637875969,0.8677791359612214,6.0,2.4198075492282505,0.6579947520419125,2.3504231694401714,0.42857142857142855,0.6763772325659029,4.370378036293774,0.8156051034865249,0.4275725648728244,0.21403555572032928,0.19514392965202135,2.666698528082037,4.702685877069908,final,0.0,0.0,0.0025671040620404663,0.036254283027191955,0.019729365075606676,4.014428458585049,0.1702676597343591,4.648368207748551,0.4126636892068095,1.1837508350066401,0.2711181640625,0.038381191231813765,0.24799194949613781,0.33995257049608263,2.214973330468685,0.4126636892068095,0.7024667522885043,0.23339533099336088,0.15418272346628947,selected,6.0,1.0,0.16712228778319574,0.09655766574165016,6.0
,,,,,,,,,,,,,,,,,,,,,6.0,0298,stage2_1007_best,6,1.5991294793113793,0.5496140804785316,2.2477046165202164,0.5052083333333334,0.8664772727272727,0.22858194441357318,0.6471600451809421,3.3813461785102916,0.6489159221730251,0.5864523839262125,0.8857090277932135,6.0,2.815679583971843,0.7800561276426528,1.950522294534126,0.2857142857142857,0.7859481671536231,5.231321901344238,0.922410536357643,0.3204772823267321,,,,,base,0.0,0.0,,,,,,,,,,,,,,,,0.24411193790386798,0.17140260276189462,candidate,6.0,1.0,0.18807508791890723,0.09072608244993091,6.0
,,,,,,,,,,,,,,,,,,,,,6.0,0298,stage2_1007_best,6,1.5991294821124928,0.549614079996724,2.247704618179893,0.5052083333333334,0.8664772727272727,0.22858194488116812,0.6471600450517446,3.381346176275224,0.6489159219654231,0.5864523842018255,0.8857090275594159,6.0,2.8156795998458763,0.7800561269108086,1.9505222953070824,0.2857142857142857,0.7859481672825926,5.231321900454048,0.9224105362576753,0.32047728279154236,,,,,base,0.0,0.0,,,,,,,,,,,,,,,,0.24411193946261206,0.17140260267415608,selected,6.0,1.0,0.18807508207132456,0.0907260656524246,6.0
,,,,,,,,,,,,,,,,,,,,,6.0,0298,stage2_1007_best,6,1.8197918749928308,0.5575963458004792,2.2747780971111435,0.5104166666666666,0.8806818181818182,0.22611364129916448,0.6493870090543318,3.2409737844086366,0.6251637053957205,0.6040522212477215,0.8869431793504178,6.0,1.874719455947765,0.6802690854675139,1.8869248986711966,0.7142857142857143,0.7218822257273076,4.0157983381065945,0.767189540052541,0.4883955196000516,,,,,provisional,0.0,0.0,,,,,,,,,,,,,,,,0.24119953948834272,0.17738240107821165,candidate,6.0,1.0,0.1834901845344425,0.11253132995199888,6.0
,,,,,,,,,,,,,,,,,,,,,6.0,0298,stage2_1007_best,6,1.8197918757012463,0.5575963460415887,2.274778098120546,0.5104166666666666,0.8806818181818182,0.22611364177107066,0.6493870090169122,3.2409737850619393,0.6251637056322109,0.6040522211098095,0.8869431791144645,6.0,1.8747194560416336,0.6802690859766101,1.8869248974676525,0.7142857142857143,0.7218822261755408,4.015798339412589,0.7671895402034944,0.4883955195248349,,,,,provisional,0.0,0.0,,,,,,,,,,,,,,,,0.2411995353807346,0.17738239532745217,selected,6.0,1.0,0.18349017864211253,0.11253133306300186,6.0
,,,,,,,,,,,,,,,,,,,,,6.0,0298,stage2_1007_best,6,1.8692445667961266,0.5576446500252742,2.3019634417348236,0.5052083333333334,0.875,0.2270262689941024,0.650795106249849,3.3258795362185687,0.6407861890245166,0.5882067026230904,0.8864868655029489,6.0,1.8705131140816442,0.6831023472660759,1.875239629189808,0.7142857142857143,0.7229543035668893,4.0043822490410355,0.7655973846366163,0.4892210473917907,,,,,final,0.0,0.0,,,,,,,,,,,,,,,,0.24102157741597693,0.17877771310816387,candidate,6.0,1.0,0.1836564987557743,0.11249281641093327,6.0
0.26515921389511676,4.074589654188304,0.3060119448735353,0.20246274253867216,3.9219675794658726,0.38407368061021796,0.1288422074944954,2.4094902620819325,0.7341796359420922,0.2723319578570241,4.048897448201267,0.44531617266918255,0.23666455827036423,3.5062513605116576,0.3911858934063478,0.056378853647460536,0.3395881909543543,0.25640125381078255,0.05442307392739342,0.3330902877593327,0.25695420758767923,6.0,0298,stage2_1007_best,6,1.8692445681980094,0.5576446500355317,2.301963443724071,0.5052083333333334,0.875,0.22702626923595873,0.6507951059361022,3.3258795357775703,0.6407861889887141,0.588206702670347,0.8864868653820207,6.0,1.870513109457007,0.6831023482151692,1.875239627470364,0.7142857142857143,0.7229543034783215,4.004382245543932,0.7655973841869115,0.48922104786207193,0.21184679865837097,0.19360201216496437,2.4597816274534465,3.92672196271884,final,0.0,0.0,0.001529796212057766,0.03969814513824447,0.011539088817499136,3.461254771051437,0.22368033567039883,4.176021073279072,0.4626935943508964,1.1263231965691491,0.275146484375,0.0365794354709733,0.22785620161885492,0.37182426274415503,2.4164137316148744,0.4626935943508964,0.6609049503890211,0.2410215819370372,0.1787777241764198,selected,6.0,1.0,0.1836564994826358,0.1124928136115723,6.0
,,,,,,,,,,,,,,,,,,,,,6.0,0299,stage2_1007_best,6,2.2059019671984337,0.520042727901974,2.7207722235072587,0.46875,0.7642045454545454,0.3103983819201457,0.5934476042953188,3.4610848173331177,0.6638642205330346,0.554061925298479,0.844800809039927,6.0,2.797330209207983,0.7937483655368316,1.8867135663154377,0.42857142857142855,0.8025406659618833,5.339297186550987,0.9336056925810262,0.3111302594960933,,,,,base,0.0,0.0,,,,,,,,,,,,,,,,0.24894622783195172,0.192452376783259,candidate,6.0,1.0,0.17770491565786722,0.07806801055502656,6.0
,,,,,,,,,,,,,,,,,,,,,6.0,0299,stage2_1007_best,6,2.2059019679424816,0.5200427280952616,2.7207722232595524,0.46875,0.7642045454545454,0.31039838162446026,0.5934476044888225,3.461084818374244,0.663864220717549,0.5540619250886527,0.84480080918777,6.0,2.7973302040507737,0.7937483644659834,1.8867135734589642,0.42857142857142855,0.8025406648430174,5.339297182444041,0.9336056919773171,0.3111302604218275,,,,,base,0.0,0.0,,,,,,,,,,,,,,,,0.24894622452064133,0.19245235321298906,selected,6.0,1.0,0.17770492216700845,0.078068019503758,6.0
,,,,,,,,,,,,,,,,,,,,,6.0,0299,stage2_1007_best,6,1.8280183571448319,0.5801882261454879,1.5590307160969388,0.84375,0.9176136363636364,0.20515056843648855,0.8166548998683123,2.6875729207205143,0.522981520521359,0.6785530854425718,0.8974247157817558,6.0,2.4755379991584503,0.7027201761991348,2.137775168154834,0.2857142857142857,0.7354845916876689,4.5730481402272565,0.8449795721584256,0.38653437453306977,,,,,provisional,0.0,0.0,,,,,,,,,,,,,,,,0.25433739109208564,0.19326772858506208,candidate,6.0,1.0,0.17051104077755566,0.0993584481981876,6.0
,,,,,,,,,,,,,,,,,,,,,6.0,0299,stage2_1007_best,6,1.8280183573033484,0.5801882263462647,1.5590307158424808,0.84375,0.9176136363636364,0.20515056910178336,0.8166549000947633,2.687572921774207,0.5229815208870332,0.6785530854366132,0.8974247154491084,6.0,2.4755379991584503,0.7027201761991348,2.137775168154834,0.2857142857142857,0.7354845916876689,4.5730481402272565,0.8449795721584256,0.38653437453306977,,,,,provisional,0.0,0.0,,,,,,,,,,,,,,,,0.25433739271119743,0.19326771724644445,selected,6.0,1.0,0.17051104077755566,0.0993584481981876,6.0
,,,,,,,,,,,,,,,,,,,,,6.0,0299,stage2_1007_best,6,1.7513215599492669,0.5814525534412598,1.5214185372039675,0.84375,0.9176136363636364,0.1982369481864232,0.8228516867402703,2.627095348847333,0.5092342068109021,0.6927176590007585,0.9008815259067885,6.0,2.474639068341331,0.7003993752459802,2.1401857228727006,0.2857142857142857,0.7338986377638242,4.567380498667598,0.8443447721663815,0.3842807969963615,,,,,final,0.0,0.0,,,,,,,,,,,,,,,,0.25514288334936297,0.19296638756991835,candidate,6.0,1.0,0.16991912115192565,0.10062029224894091,6.0
0.21254226153553002,4.633265739521778,0.29818478363873957,0.17432271957928788,4.627299020403443,0.3221463852244087,0.15292335803170407,4.893990460444483,0.282212264678614,0.19916538723320631,3.6753602935930374,0.5302437583822012,0.21110033385101717,4.693929444269248,0.3354210550623336,0.08703541182592485,1.1208067543609521,0.2217799666249234,0.0842597795039276,1.0906014777955153,0.2193961936123691,6.0,0299,stage2_1007_best,6,1.7513215605275962,0.5814525535829264,1.5214185370345152,0.84375,0.9176136363636364,0.19823694830846803,0.8228516868901344,2.627095349054556,0.5092342069443597,0.6927176587752917,0.900881525845766,6.0,2.474639053554206,0.7003993764317108,2.1401857183004833,0.2857142857142857,0.7338986382214302,4.567380496516808,0.8443447719434277,0.38428079685092176,0.22577281296253204,0.17722142023401352,2.631820262947111,4.622501160272086,final,0.0,0.0,0.0016920997096924837,0.033077920090668095,0.012891045097289888,3.8791846375796815,0.1852353587377255,4.552177486658428,0.43024713048553054,1.181685168361997,0.2689208984375,0.037577686995662385,0.24319880363048196,0.34191363906125527,2.2862617396346825,0.43024713048553054,0.6861034629388932,0.25514288344766656,0.1929663930669516,selected,6.0,1.0,0.16991911950179567,0.10062031448655934,6.0
,,,,,,,,,,,,,,,,,,,,,6.0,0300,stage2_1007_best,6,2.168923752508188,0.48680231631274434,2.662567138246294,0.3645833333333333,0.7642045454545454,0.28327693968390083,0.6163371928315527,3.4863695035028397,0.6717926928756299,0.529930521906493,0.8583615301580495,6.0,2.602234927664373,0.7259489902028717,2.2105943237950165,0.42857142857142855,0.7255551841213985,5.063739802292923,0.9018152903314379,0.34222011646612716,,,,,base,0.0,0.0,,,,,,,,,,,,,,,,0.2499744732507753,0.19102798254157435,candidate,6.0,1.0,0.202772080700712,0.1051926897301082,6.0
,,,,,,,,,,,,,,,,,,,,,6.0,0300,stage2_1007_best,6,2.1689237540167507,0.48680231584910955,2.66256713938608,0.3645833333333333,0.7642045454545454,0.28327693966560435,0.6163371926154703,3.4863695022998873,0.67179269273108,0.529930522179764,0.8583615301671977,6.0,2.602234925416614,0.7259489906830746,2.2105943204800016,0.42857142857142855,0.7255551846843042,5.063739803909376,0.9018152905466847,0.3422201157384772,,,,,base,0.0,0.0,,,,,,,,,,,,,,,,0.24997447471484976,0.1910279667424659,selected,6.0,1.0,0.20277208670125635,0.10519267819657699,6.0
,,,,,,,,,,,,,,,,,,,,,6.0,0300,stage2_1007_best,6,2.7907803816586796,0.4621456559849698,3.1414995643512817,0.453125,0.7784090909090909,0.31153494277739724,0.5617535105546602,3.322067146682162,0.6556342558078587,0.5574721327336198,0.8442325286113014,6.0,2.261941669993185,0.6400168985125546,2.195371444047996,0.5714285714285714,0.677059063772064,4.281619286588364,0.8017338024652289,0.4445612057647303,,,,,provisional,0.0,0.0,,,,,,,,,,,,,,,,0.24556039908933347,0.21733001959073875,candidate,6.0,1.0,0.1871967596502526,0.1287896809233102,6.0
,,,,,,,,,,,,,,,,,,,,,6.0,0300,stage2_1007_best,6,2.7907803830170432,0.46214565552053233,3.1414995651821824,0.453125,0.7784090909090909,0.3115349427344372,0.5617535104199274,3.322067145764945,0.6556342556936495,0.5574721330064877,0.8442325286327814,6.0,2.261941669993185,0.6400168985125546,2.195371444047996,0.5714285714285714,0.677059063772064,4.281619286588364,0.8017338024652289,0.4445612057647303,,,,,provisional,0.0,0.0,,,,,,,,,,,,,,,,0.24556039739279886,0.21732997823302802,selected,6.0,1.0,0.1871967596502526,0.1287896809233102,6.0
,,,,,,,,,,,,,,,,,,,,,6.0,0300,stage2_1007_best,6,2.7601823966050074,0.4617722508821635,3.13118285480526,0.4479166666666667,0.7727272727272727,0.3123627506164545,0.561608567754416,3.3083445555161006,0.6524817383272113,0.5605341431610689,0.8438186246917727,6.0,2.2285749183281154,0.64449247866974,2.183440566018838,0.5714285714285714,0.6772511304786436,4.277955549812316,0.8012112448651643,0.4445599159279716,,,,,final,0.0,0.0,,,,,,,,,,,,,,,,0.24584352517313662,0.21638230647878587,candidate,6.0,1.0,0.18760091717168134,0.1287130138109977,6.0
0.24522990455502594,3.973628123308796,0.30088680137791385,0.19425416644973875,3.6231547978683043,0.4712268614667951,0.17513283853593264,3.7495821543517414,0.42749209019355844,0.28704596661213405,4.245129302533788,0.32802356371468144,0.23484529286627967,3.6636064798791126,0.4443783413489638,0.05560445969797403,0.4102730049422687,0.19395192944235362,0.05935431166158397,0.42549190130922265,0.19327778607044463,6.0,0300,stage2_1007_best,6,2.760182397248371,0.461772250808408,3.1311828550260765,0.4479166666666667,0.7727272727272727,0.3123627508000579,0.5616085677094529,3.30834455602013,0.6524817384689775,0.5605341431034117,0.843818624599971,6.0,2.228574918757458,0.6444924788518075,2.183440567917714,0.5714285714285714,0.6772511298166455,4.277955544367002,0.8012112441545176,0.4445599177139554,0.18930715322494507,0.209931645068157,2.4261333482455254,3.339053465540891,final,0.0,0.0,0.00204667726980663,0.02422564321194881,0.009287256289950875,3.4719201078547917,0.22855303565174634,4.240592727357404,0.46007994507032673,1.1471862487231546,0.2608642578125,0.0348713905635155,0.23100825144172318,0.36310053358377004,2.421944134660344,0.46007994507032673,0.6704941992697666,0.2458435211459954,0.21638227979028476,selected,6.0,1.0,0.18760091668207082,0.12871300624224158,6.0
,,,,,,,,,,,,,,,,,,,,,6.0,0301,stage2_1007_best,6,2.3326765851602107,0.4558546683289458,2.6262139893292415,0.5260416666666666,0.7130681818181818,0.29151732731965024,0.6249959111016199,3.48443705368542,0.6730527577081605,0.5356535698440094,0.854241336340175,6.0,2.92242604023476,0.824777055657312,1.647647113699577,0.5714285714285714,0.8547049998264368,5.350618197778459,0.9356514762375012,0.29483354238959375,,,,,base,0.0,0.0,,,,,,,,,,,,,,,,0.2554972222794941,0.19977366195166862,candidate,6.0,1.0,0.19627335113301372,0.0763648326429193,6.0
,,,,,,,,,,,,,,,,,,,,,6.0,0301,stage2_1007_best,6,2.3326765852919507,0.45585466870852265,2.6262139888123617,0.5260416666666666,0.7130681818181818,0.2915173270403079,0.6249959113609085,3.4844370559942086,0.6730527581982622,0.5356535693889336,0.854241336479846,6.0,2.922426027818182,0.824777056631984,1.6476471102884052,0.5714285714285714,0.8547050004013214,5.350618198725748,0.9356514763348264,0.2948335425130006,,,,,base,0.0,0.0,,,,,,,,,,,,,,,,0.2554972229197478,0.19977363881359161,selected,6.0,1.0,0.1962733536695817,0.0763648131107568,6.0
,,,,,,,,,,,,,,,,,,,,,6.0,0301,stage2_1007_best,6,2.317460428615372,0.40012903372873987,2.5548920259962338,0.5833333333333334,0.7784090909090909,0.2982188356087296,0.64245566220794,3.3374451374828613,0.6556639523513972,0.5497329026002804,0.8508905821956354,6.0,2.6054058867116145,0.7641479017250422,1.849994653925751,0.42857142857142855,0.79631184346938,4.809362588976585,0.873789197981839,0.3426225725689459,,,,,provisional,0.0,0.0,,,,,,,,,,,,,,,,0.24956386324972304,0.23955471866642158,candidate,6.0,1.0,0.19215923874922622,0.10371641658633698,6.0
,,,,,,,,,,,,,,,,,,,,,6.0,0301,stage2_1007_best,6,2.317460428155741,0.4001290338526652,2.554892026090555,0.5833333333333334,0.7784090909090909,0.2982188360123232,0.6424556621825012,3.337445137782666,0.6556639523800816,0.5497329024202496,0.8508905819938385,6.0,2.605405882186589,0.7641479010899351,1.8499946542538321,0.42857142857142855,0.7963118431087237,4.809362584427973,0.8737891974085706,0.34262257300614324,,,,,provisional,0.0,0.0,,,,,,,,,,,,,,,,0.24956386206509468,0.23955470710032795,selected,6.0,1.0,0.19215923874922622,0.10371640209191349,6.0
,,,,,,,,,,,,,,,,,,,,,6.0,0301,stage2_1007_best,6,2.3149786835282202,0.3991297077866783,2.5409379729743766,0.59375,0.7755681818181818,0.29914133759966527,0.6437409663520116,3.3224757504600606,0.6529106261586561,0.5526465286275367,0.8504293312001674,6.0,2.5994169460506673,0.7575282977545778,1.8727379850294728,0.42857142857142855,0.7908855628901671,4.798462061335693,0.8725713314339582,0.34065349108538057,,,,,final,0.0,0.0,,,,,,,,,,,,,,,,0.24955899928045108,0.24008277837118372,candidate,6.0,1.0,0.19209680808617607,0.10458989212614227,6.0
0.19227943611725964,4.7060103925826535,0.3309214610258748,0.20882158079284718,4.643151071489706,0.31146786485867906,0.17070019300434786,3.6996288034889973,0.5042417610501959,0.21878407456776192,3.46545649187,0.573876674651295,0.21042989352686164,4.563054327099743,0.36056674613659356,0.06553445357727597,0.5105594851496712,0.12688861606226964,0.0662778544127902,0.515454511347241,0.12476597361758705,6.0,0301,stage2_1007_best,6,2.314978683558863,0.39912970802010733,2.54093797170967,0.59375,0.7755681818181818,0.2991413373042031,0.6437409667095494,3.3224757511823078,0.6529106262757003,0.5526465284024266,0.8504293313478984,6.0,2.5994169476093947,0.757528297570054,1.872737986397142,0.42857142857142855,0.7908855626088561,4.798462060910666,0.8725713313839657,0.34065349142388524,0.22552403807640076,0.19598453307082817,2.7254578157720366,4.23083907600193,final,0.0,0.0,0.001874957432356111,0.02360202904614665,0.013165976686777721,3.9540056974140625,0.1814325588730808,4.6250132062858915,0.43431124332611887,1.1755059751762196,0.2799072265625,0.035436017009545406,0.24565387668626534,0.34135599492878466,2.316546720620482,0.43431124332611887,0.6985151776934209,0.24955900419469382,0.2400827439975442,selected,6.0,1.0,0.19209680753011305,0.10458990302745526,6.0
,,,,,,,,,,,,,,,,,,,,,6.0,0302,stage2_1007_best,6,1.8412069541533955,0.542235023219746,2.3159422411040853,0.4895833333333333,0.8011363636363636,0.255997690983265,0.6217770887059252,3.3698317889548774,0.6325158621962274,0.5764249530542109,0.8720011545083675,6.0,2.3635726497082596,0.7951390789597491,1.9242406384842343,0.42857142857142855,0.782886090500307,5.29503059382799,0.929089578443136,0.3175712707580513,,,,,base,0.0,0.0,,,,,,,,,,,,,,,,0.24265437716042043,0.17396193229846793,candidate,6.0,1.0,0.19578959030496004,0.09379284400806077,6.0
,,,,,,,,,,,,,,,,,,,,,6.0,0302,stage2_1007_best,6,1.8412069536576312,0.542235023392735,2.3159422398922067,0.4895833333333333,0.8011363636363636,0.2559976903486525,0.6217770890461726,3.369831790009719,0.6325158624553274,0.5764249528251435,0.8720011548256736,6.0,2.3635726478090326,0.7951390794964268,1.9242406352193364,0.42857142857142855,0.7828860911668901,5.2950305952736,0.9290895786040109,0.31757127049136347,,,,,base,0.0,0.0,,,,,,,,,,,,,,,,0.24265437966342532,0.17396191351788856,selected,6.0,1.0,0.19578959166552354,0.09379285328399221,6.0
,,,,,,,,,,,,,,,,,,,,,6.0,0302,stage2_1007_best,6,1.7333624741496199,0.5328634703020181,2.248852092445642,0.484375,0.8380681818181818,0.2601230280909426,0.6417033331218654,3.117145111623025,0.5989878420426203,0.6068044088942552,0.8699384859545287,6.0,2.332694714691937,0.6842530413947114,2.2499071911060478,0.5714285714285714,0.6990422035737868,4.494495379833312,0.8329553999033972,0.4021036241490478,,,,,provisional,0.0,0.0,,,,,,,,,,,,,,,,0.24568855510349152,0.16633707476650458,candidate,6.0,1.0,0.18455380709807925,0.12498255598411186,6.0
,,,,,,,,,,,,,,,,,,,,,6.0,0302,stage2_1007_best,6,1.7333624731689354,0.5328634708510372,2.248852091098827,0.484375,0.8380681818181818,0.26012302779840807,0.6417033333576055,3.1171451128017673,0.5989878423113845,0.6068044086282555,0.8699384861007959,6.0,2.332694714691937,0.6842530413947114,2.2499071911060478,0.5714285714285714,0.6990422035737868,4.494495379833312,0.8329553999033972,0.4021036241490478,,,,,provisional,0.0,0.0,,,,,,,,,,,,,,,,0.24568855164037676,0.166337061841611,selected,6.0,1.0,0.18455380709807925,0.12498255598411186,6.0
,,,,,,,,,,,,,,,,,,,,,6.0,0302,stage2_1007_best,6,1.811159252048428,0.5233603367121031,2.3039435779493815,0.4739583333333333,0.8096590909090909,0.2681946324868656,0.6385753950245892,3.123865898255778,0.602216993555544,0.6010088521534107,0.8659026837565672,6.0,2.359255353066303,0.6789716949253174,2.2733144263133584,0.5714285714285714,0.6947494405968706,4.486758969666908,0.8319858710708213,0.4004456640756458,,,,,final,0.0,0.0,,,,,,,,,,,,,,,,0.24579445737557323,0.16964447334554447,candidate,6.0,1.0,0.18393214177786388,0.12662573844081745,6.0
0.21813800708806222,4.514340441462238,0.31603349468168734,0.20562573378796686,4.301477062096615,0.2990356276721659,0.16292705179965966,4.420042637503796,0.3211531055149457,0.22393049100694584,3.8691173365081073,0.483266060805827,0.2218258511639949,4.292436604238653,0.3495855398700342,0.07920349099921636,0.6478786185573003,0.16629212038343408,0.07885926198169414,0.6341765279825101,0.17104542788375712,6.0,0302,stage2_1007_best,6,1.8111592509095429,0.5233603375770959,2.303943579055058,0.4739583333333333,0.8096590909090909,0.2681946329973979,0.6385753947205888,3.123865896792223,0.602216993369115,0.6010088524673428,0.8659026835013012,6.0,2.3592553598833415,0.6789716927542321,2.27331443243514,0.5714285714285714,0.6947494393520618,4.486758961337371,0.8319858700097409,0.40044566476350346,0.21154066920280457,0.20041316987793437,2.4166974616697936,4.396806036852123,final,0.0,0.0,0.0029355153494427743,0.03450389941920739,0.013592068296795767,3.853237916476267,0.18828179465513262,4.5507990352795495,0.4334586069522194,1.170839578772571,0.2596435546875,0.03660464271201861,0.2414316024448118,0.34537487471070677,2.286427847270773,0.4334586069522194,0.6897949124301455,0.24579445511269066,0.16964445983452126,selected,6.0,1.0,0.18393214384159418,0.12662575379761373,6.0
,,,,,,,,,,,,,,,,,,,,,6.0,0633,stage2_1007_best,6,1.654718687872083,0.5961683679677268,2.08799242207001,0.5729166666666666,0.7954545454545454,0.2922738083207424,0.6527634132144988,3.08906789897263,0.5738177132222437,0.6314431614555195,0.8538630958396289,6.0,1.6712432305290374,0.9258222186839878,1.3052736231372783,0.3333333333333333,0.9062586388661386,5.758068519256963,0.9769953375191018,0.24347484014689158,,,,,base,0.0,0.0,,,,,,,,,,,,,,,,0.24500138613354427,0.15191530749969587,candidate,6.0,1.0,0.09660645021069963,0.027768920543045594,6.0
,,,,,,,,,,,,,,,,,,,,,6.0,0633,stage2_1007_best,6,1.6547186889945267,0.5961683677606574,2.0879924226758977,0.5729166666666666,0.7954545454545454,0.29227380818898363,0.6527634131847048,3.08906789979793,0.5738177136060523,0.6314431614125565,0.8538630959055081,6.0,1.6712432305290374,0.9258222186839878,1.3052736231372783,0.3333333333333333,0.9062586388661386,5.758068519256963,0.9769953375191018,0.24347484014689158,,,,,base,0.0,0.0,,,,,,,,,,,,,,,,0.2450013809455803,0.15191535189554134,selected,6.0,1.0,0.09660645021069963,0.027768920543045594,6.0
,,,,,,,,,,,,,,,,,,,,,6.0,0633,stage2_1007_best,6,2.101115410989024,0.5353318895676872,2.7138344125164005,0.390625,0.7670454545454546,0.3188752222701167,0.5824697288988242,3.3536058024981816,0.6451925430644575,0.5760926019930047,0.8405623888649416,6.0,1.317281781050178,0.8630302345443324,1.4564126803346555,0.6666666666666666,0.8419659390531825,4.830182020893301,0.8767447185229331,0.375887896320549,,,,,provisional,0.0,0.0,,,,,,,,,,,,,,,,0.24478551807581317,0.1874575193381516,candidate,6.0,1.0,0.09351904582731664,0.04095684285233446,6.0
,,,,,,,,,,,,,,,,,,,,,6.0,0633,stage2_1007_best,6,2.1011154112907473,0.5353318894507074,2.7138344127764626,0.390625,0.7670454545454546,0.3188752233517259,0.5824697287059529,3.3536058005554548,0.6451925427254349,0.5760926023459342,0.8405623883241371,6.0,1.317281781050178,0.8630302345443324,1.4564126803346555,0.6666666666666666,0.8419659390531825,4.830182020893301,0.8767447185229331,0.375887896320549,,,,,provisional,0.0,0.0,,,,,,,,,,,,,,,,0.24478551543993768,0.187457497816589,selected,6.0,1.0,0.09351904582731664,0.04095684285233446,6.0
,,,,,,,,,,,,,,,,,,,,,6.0,0633,stage2_1007_best,6,2.023786377245858,0.5463968126697837,2.642535380892177,0.40625,0.7698863636363636,0.3156113274978825,0.5893627965184486,3.327131712108051,0.6401698744313693,0.583622450376175,0.8421943362510587,6.0,1.3424118135900236,0.8616713072117773,1.452833143047909,0.6666666666666666,0.8429643969651607,4.817208554352541,0.8752935875050486,0.3776114979173851,,,,,final,0.0,0.0,,,,,,,,,,,,,,,,0.24487217109722065,0.18406701256997138,candidate,6.0,1.0,0.0935625432421088,0.041202652630390094,6.0
0.26234617460569415,3.8550951000336915,0.36520983566685794,0.30478139479551797,3.440547838007245,0.36153227515153696,0.19603630042719114,3.3223983100313608,0.47634918284644445,0.27269654237091057,3.441491985705791,0.5569872334901877,0.27987864794236,3.506447670238912,0.4326981862071511,0.08375865715954234,0.531707441284656,0.10900105971953981,0.08724049331458654,0.5408795279047087,0.10809007276934561,6.0,0633,stage2_1007_best,6,2.023786379171412,0.5463968124508641,2.642535382740254,0.40625,0.7698863636363636,0.3156113275653782,0.5893627962501965,3.3271317111704644,0.6401698743151084,0.583622450563766,0.8421943362173109,6.0,1.3424117765635728,0.861671307645564,1.4528331364328528,0.6666666666666666,0.8429643987263907,4.817208536530753,0.8752935852944732,0.37761149919873943,0.1049494743347168,0.3074825903320844,2.690788443877866,3.252724644012578,final,0.0,0.0,0.0038872714214930114,0.048688733118078475,0.00383320046530147,3.1901597619799436,0.2263944652418465,3.915619826067501,0.40995506394531694,1.152214591893848,0.3006591796875,0.03554018553660362,0.2316715951640194,0.36732220893933837,2.2323134686453576,0.40995506394531694,0.7135283893847939,0.24487217271719694,0.1840670008680007,selected,6.0,1.0,0.09356254317607653,0.04120264270745295,6.0
,,,,,,,,,,,,,,,,,,,,,6.0,0634,stage2_1007_best,6,1.4675121379013754,0.6540284059405077,1.7391653447772366,0.6666666666666666,0.8068181818181818,0.2503721433599507,0.6858769930267827,2.94497056623897,0.527115214129381,0.6783503346408842,0.8748139283200246,6.0,1.8354432261291955,0.8732655717518111,1.5390309632363097,0.3333333333333333,0.8250452756444279,5.45418559021402,0.9467090290685106,0.2936423280810796,,,,,base,0.0,0.0,,,,,,,,,,,,,,,,0.23470341419379823,0.14127068508953067,candidate,6.0,1.0,0.18242673564068224,0.07392667103729593,6.0
,,,,,,,,,,,,,,,,,,,,,6.0,0634,stage2_1007_best,6,1.4675121379856344,0.6540284058987175,1.7391653451667517,0.6666666666666666,0.8068181818181818,0.25037214377385375,0.6858769929974438,2.944970567258062,0.5271152144995401,0.6783503344310869,0.874813928113073,6.0,1.8354432333651942,0.8732655707748028,1.5390309683023424,0.3333333333333333,0.8250452739704643,5.4541855832802595,0.946709028370838,0.29364232985474087,,,,,base,0.0,0.0,,,,,,,,,,,,,,,,0.2347034149061506,0.14127066749970282,selected,6.0,1.0,0.18242674139123308,0.0739266747622614,6.0
,,,,,,,,,,,,,,,,,,,,,6.0,0634,stage2_1007_best,6,1.391688724256607,0.6745929441979287,1.753185189905153,0.6614583333333334,0.7869318181818182,0.2369204174402425,0.696712610358716,3.1995201597106333,0.5813541158174109,0.6229322360919325,0.8815397912798789,6.0,1.8065264830238308,0.847587320750463,1.6066220858460205,0.6666666666666666,0.8016366001030594,4.955345868512876,0.8928276500465037,0.3349531056465633,,,,,provisional,0.0,0.0,,,,,,,,,,,,,,,,0.23815187932308424,0.14190478252184172,candidate,6.0,1.0,0.17940993008379846,0.08151654542910386,6.0
,,,,,,,,,,,,,,,,,,,,,6.0,0634,stage2_1007_best,6,1.3916887261676094,0.6745929441275045,1.7531851912455563,0.6614583333333334,0.7869318181818182,0.23692041755888213,0.696712610142768,3.199520158707605,0.581354115833744,0.6229322360974595,0.8815397912205589,6.0,1.8065264651180462,0.8475873217473778,1.6066220867175767,0.6666666666666666,0.8016365990748952,4.955345872786229,0.8928276505442866,0.33495310639781245,,,,,provisional,0.0,0.0,,,,,,,,,,,,,,,,0.2381518775709089,0.141904735689971,selected,6.0,1.0,0.1794099280424507,0.0815165447392274,6.0
,,,,,,,,,,,,,,,,,,,,,6.0,0634,stage2_1007_best,6,1.4036545287321716,0.6735933554624515,1.7741893955967236,0.6510416666666666,0.7869318181818182,0.23935099469194945,0.691212229511753,3.2093629885477757,0.5837572080654853,0.621408322263576,0.8803245026540251,6.0,1.792223430529153,0.8481906538975861,1.6002125437907764,0.6666666666666666,0.8034864530938682,4.963148055654888,0.8936992674349837,0.33336508461852915,,,,,final,0.0,0.0,,,,,,,,,,,,,,,,0.23798142928678445,0.1424339746758944,candidate,6.0,1.0,0.17938183169125566,0.08143965141069245,6.0
0.2796422643050176,3.576634133375796,0.3186391696125084,0.3783975535845499,2.755924859018696,0.3947847754234166,0.13018394028290012,4.0674806623094115,0.40301719774072675,0.29574950877471934,4.220610392560001,0.3148148244170992,0.27100436324051164,3.336731019654723,0.4490226596439965,0.038882743351390255,0.30020885512741596,0.06240306684820928,0.03955487534929423,0.2980144484452669,0.06287064674676184,6.0,0634,stage2_1007_best,6,1.4036545292195086,0.6735933558381286,1.7741893952530094,0.6510416666666666,0.7869318181818182,0.23935099488567158,0.6912122298770297,3.2093629894249784,0.583757208375724,0.6214083221028087,0.8803245025571642,6.0,1.7922234277466003,0.8481906563769831,1.6002125332422206,0.6666666666666666,0.8034864568409802,4.9631480620645725,0.8936992681609638,0.33336508126525005,0.07165537774562836,0.3657557100924931,2.1634690160931016,2.8187756171120375,final,0.0,0.0,0.0012884429143563034,0.01404347499281272,0.0022507454519226475,3.6302242460780696,0.239499921425586,4.304524340206936,0.4914051924932577,1.0956394069913098,0.2413330078125,0.03584069380772483,0.222828218957308,0.3802566821723966,2.5170380199478686,0.4914051924932577,0.6529114761487465,0.23798142927584293,0.1424339990004553,selected,6.0,1.0,0.1793818332200767,0.08143965319961088,6.0
,,,,,,,,,,,,,,,,,,,,,6.0,0635,stage2_1007_best,6,1.4029358613553242,0.6612135161031877,1.8137507918603113,0.609375,0.7982954545454546,0.23647549071951393,0.662566290019486,3.2326757463382108,0.5833907058896621,0.6217547049300577,0.8817622546402429,6.0,1.2061119014513046,0.9194056806171841,1.3159188812732614,0.3333333333333333,0.8942419961481023,5.64250637194571,0.965296120890148,0.2579910746160062,,,,,base,0.0,0.0,,,,,,,,,,,,,,,,0.2371106871798304,0.14255116082849636,candidate,6.0,1.0,0.15520524498220215,0.05355104040300756,6.0
,,,,,,,,,,,,,,,,,,,,,6.0,0635,stage2_1007_best,6,1.402935860773109,0.6612135164638222,1.813750791438672,0.609375,0.7982954545454546,0.23647549066377097,0.6625662901947266,3.2326757458686024,0.5833907059534325,0.6217547051008266,0.8817622546681144,6.0,1.2061119259540618,0.9194056798989414,1.3159188851758952,0.3333333333333333,0.894241995403284,5.642506375284903,0.9652961212037012,0.25799107360183454,,,,,base,0.0,0.0,,,,,,,,,,,,,,,,0.23711068642360392,0.14255116182227054,selected,6.0,1.0,0.15520524498220215,0.05355103226415904,6.0
,,,,,,,,,,,,,,,,,,,,,6.0,0635,stage2_1007_best,6,1.5230391377347918,0.6176588894474796,2.1283955909861967,0.5364583333333334,0.8494318181818182,0.258510137711537,0.702332100438433,3.4234748081663278,0.6645296594207236,0.5732524353055541,0.8707449311442317,6.0,1.3029946663177836,0.8557903803915969,1.4273746467995536,0.3333333333333333,0.8503971248538695,4.9929731898406,0.8966823704517277,0.32580000261473396,,,,,provisional,0.0,0.0,,,,,,,,,,,,,,,,0.26100264703643106,0.16871856244648717,candidate,6.0,1.0,0.15025245990757474,0.06537210941211864,6.0
,,,,,,,,,,,,,,,,,,,,,6.0,0635,stage2_1007_best,6,1.5230391361427444,0.617658889645066,2.1283955905543515,0.5364583333333334,0.8494318181818182,0.25851013806324463,0.7023321001633989,3.4234748072562753,0.6645296593165771,0.5732524355786338,0.8707449309683777,6.0,1.3029946663177836,0.8557903803915969,1.4273746467995536,0.3333333333333333,0.8503971248538695,4.9929731898406,0.8966823704517277,0.32580000261473396,,,,,provisional,0.0,0.0,,,,,,,,,,,,,,,,0.26100264950179686,0.16871852929021833,selected,6.0,1.0,0.15025245990757474,0.06537210941211864,6.0
,,,,,,,,,,,,,,,,,,,,,6.0,0635,stage2_1007_best,6,1.4765091704069622,0.6221276850881292,2.106494202145504,0.515625,0.8551136363636364,0.2579351138349365,0.6978814677423243,3.3692067580948524,0.6532756438171048,0.5846064966252098,0.8710324430825319,6.0,1.2966689217253566,0.8639958232457281,1.4018051810780303,0.3333333333333333,0.8598887288718172,5.003655879530094,0.8980239236186405,0.3222475739291095,,,,,final,0.0,0.0,,,,,,,,,,,,,,,,0.2593796016288041,0.16510917349486967,candidate,6.0,1.0,0.15123424855881212,0.0635487724130069,6.0
0.32487596392607737,3.8993090622664193,0.28122434882635217,0.39447064032784984,2.866780489607997,0.2961022066191926,0.26947327258137654,4.055363910569367,0.30826902139594914,0.3149333291885816,3.4059355161049663,0.48550510093230725,0.3236022195806672,3.803680467045004,0.3442023327832017,0.08484015756080698,0.5243971709831138,0.08608038022380987,0.09237195538146009,0.5586604208052681,0.08739491809194139,6.0,0635,stage2_1007_best,6,1.4765091706720581,0.6221276848184379,2.1064942026858233,0.515625,0.8551136363636364,0.25793511378438333,0.6978814675351953,3.3692067573026563,0.6532756437284963,0.5846064966524339,0.8710324431078085,6.0,1.2966689217253566,0.8639958232457281,1.4018051810780303,0.3333333333333333,0.8598887288718172,5.003655879530094,0.8980239236186405,0.3222475739291095,0.09565256536006927,0.4011157548013713,2.356013390177539,2.8985300489372428,final,0.0,0.0,0.004998538039493509,0.053600950132017655,0.005722229746708854,3.47717432583268,0.27622126760306526,3.942563557564933,0.5622652815792375,1.0164829304004888,0.3419189453125,0.03541059713230136,0.2051288954333712,0.4253249620859386,2.8710082617278765,0.5622652815792375,0.591678756541631,0.2593795989873726,0.16510918115778447,selected,6.0,1.0,0.15123424855881212,0.0635487724130069,6.0
,,,,,,,,,,,,,,,,,,,,,6.0,0636,stage2_1007_best,6,1.264093786031489,0.7092072551393093,1.1816465401457579,0.953125,0.9375,0.18000440370247517,0.9078212668098278,2.5035483296329684,0.43007308373470743,0.7637933703784463,0.9099977981487624,6.0,1.3901004633965433,0.931924925777075,1.280220625136992,0.3333333333333333,0.9101050273491337,5.7215561649697735,0.9733676705092194,0.24401633813460336,,,,,base,0.0,0.0,,,,,,,,,,,,,,,,0.23714291588117142,0.11583021400879963,candidate,6.0,1.0,0.16364384771781745,0.050159611150006826,6.0
,,,,,,,,,,,,,,,,,,,,,6.0,0636,stage2_1007_best,6,1.2640937844989903,0.7092072560237085,1.1816465398582523,0.953125,0.9375,0.18000440322917557,0.9078212670468974,2.5035483320910217,0.43007308436060204,0.7637933700237612,0.9099977983854122,6.0,1.3901004633965433,0.931924925777075,1.280220625136992,0.3333333333333333,0.9101050273491337,5.7215561649697735,0.9733676705092194,0.24401633813460336,,,,,base,0.0,0.0,,,,,,,,,,,,,,,,0.237142922823402,0.11583021786530831,selected,6.0,1.0,0.16364384771781745,0.050159611150006826,6.0
,,,,,,,,,,,,,,,,,,,,,6.0,0636,stage2_1007_best,6,1.2811474651978916,0.6763307348275515,1.163815900344588,0.9635416666666666,0.9573863636363636,0.16586997887475372,0.9174086459115047,2.3632837254021957,0.4051351220194467,0.7831608308032094,0.9170650105626232,6.0,1.652599427071074,0.9025472844913247,1.3493014690758627,0.6666666666666666,0.8929947247276715,5.311595700582825,0.930866646091522,0.28413975805579644,,,,,provisional,0.0,0.0,,,,,,,,,,,,,,,,0.24057845403788475,0.11955012577177926,candidate,6.0,1.0,0.15917878776443697,0.05906314070629728,6.0
,,,,,,,,,,,,,,,,,,,,,6.0,0636,stage2_1007_best,6,1.2811474652472077,0.6763307349294845,1.163815900457421,0.9635416666666666,0.9573863636363636,0.16586997870435052,0.9174086457697692,2.363283726979623,0.4051351226037585,0.7831608305005727,0.9170650106478249,6.0,1.6525994196411706,0.902547284700655,1.349301469308271,0.6666666666666666,0.8929947244934485,5.311595707600072,0.9308666468784949,0.28413975826165705,,,,,provisional,0.0,0.0,,,,,,,,,,,,,,,,0.24057846131912308,0.1195501530145547,selected,6.0,1.0,0.15917878942541186,0.059063132447342286,6.0
,,,,,,,,,,,,,,,,,,,,,6.0,0636,stage2_1007_best,6,1.294495590393061,0.673761373589005,1.1656454389282012,0.9635416666666666,0.9545454545454546,0.16654571197728563,0.9177869421404775,2.3717310726707552,0.4072269093597594,0.7813632788081436,0.9167271440113572,6.0,1.6886525282033986,0.899151329394969,1.367935346454398,0.3333333333333333,0.8868394834928292,5.3220782340604975,0.9319770448989202,0.28442029329344015,,,,,final,0.0,0.0,,,,,,,,,,,,,,,,0.24038287666702723,0.11945573976019139,candidate,6.0,1.0,0.15906219551581832,0.05925201987276706,6.0
0.30294987612215196,3.7718927857330513,0.4073253838377353,0.3602975713505843,3.1202002088725744,0.4131236077493269,0.2367043913015699,3.4384037539630032,0.5267551724588782,0.3216887769717215,3.144014130736617,0.5859791714757296,0.3141682112869443,3.340511068473224,0.4888318975553231,0.022169474216911955,0.07604042799971579,0.07668223109674621,0.02203007372937228,0.07486122587449354,0.0803345295443892,6.0,0636,stage2_1007_best,6,1.2944955892047236,0.6737613748584874,1.1656454384552564,0.9635416666666666,0.9545454545454546,0.16654571168130608,0.9177869424474998,2.371731075254292,0.40722691009180373,0.781363278474526,0.916727144159347,6.0,1.6886525282033986,0.899151329394969,1.367935346454398,0.3333333333333333,0.8868394834928292,5.3220782340604975,0.9319770448989202,0.28442029329344015,0.11270944774150848,0.3767805907327695,2.5713642334558267,3.128899165210882,final,0.0,0.0,0.0011031858361024256,0.008139676538280715,0.005418020113024051,3.598732916779683,0.2653765092222593,4.028314381660105,0.5402205633831845,1.0271954671406838,0.3460693359375,0.036276183855512976,0.21013989081294518,0.4183237375264294,2.7727963469868406,0.5402205633831845,0.6175748620732588,0.2403828800381275,0.11945575343252544,selected,6.0,1.0,0.15906219551581832,0.05925201987276706,6.0
,,,,,,,,,,,,,,,,,,,,,6.0,0637,stage2_1007_best,6,1.3901900127246611,0.6324368245964437,1.4365243582324245,0.8229166666666666,0.8409090909090909,0.2104590307111149,0.799011253418177,3.0121088004609557,0.5291625043828376,0.6657389962436756,0.8947704846444424,6.0,1.377247443979593,0.9079983837448236,1.3895305452128635,0.3333333333333333,0.8661640701249783,5.547216883354746,0.9555677480567125,0.26716626683870953,,,,,base,0.0,0.0,,,,,,,,,,,,,,,,0.22940401166266952,0.14223499755165134,candidate,6.0,1.0,0.193426986590043,0.07244440194258484,6.0
,,,,,,,,,,,,,,,,,,,,,6.0,0637,stage2_1007_best,6,1.390190012778483,0.6324368248782524,1.4365243583033993,0.8229166666666666,0.8409090909090909,0.21045903132526514,0.7990112532970262,3.012108800456972,0.529162504500045,0.6657389963177763,0.8947704843373675,6.0,1.377247443979593,0.9079983837448236,1.3895305452128635,0.3333333333333333,0.8661640701249783,5.547216883354746,0.9555677480567125,0.26716626683870953,,,,,base,0.0,0.0,,,,,,,,,,,,,,,,0.22940400754717832,0.14223499527785877,selected,6.0,1.0,0.193426986590043,0.07244440194258484,6.0
,,,,,,,,,,,,,,,,,,,,,6.0,0637,stage2_1007_best,6,1.7342863471275105,0.581077979574517,1.5465884608295881,0.7916666666666666,0.8181818181818182,0.2118121287235135,0.7980100166691935,2.9188016161050343,0.5343001055905142,0.6608179112282516,0.8940939356382432,6.0,1.371635608788896,0.8651210896934107,1.413443524460066,0.6666666666666666,0.8503089679332465,4.986180022371957,0.8939076752575963,0.35139038293493446,,,,,provisional,0.0,0.0,,,,,,,,,,,,,,,,0.23929139205710104,0.1480185436140998,candidate,6.0,1.0,0.18889674834133502,0.08754123882724794,6.0
,,,,,,,,,,,,,,,,,,,,,6.0,0637,stage2_1007_best,6,1.7342863481929947,0.5810779793420051,1.5465884619623924,0.7916666666666666,0.8181818181818182,0.21181212956073373,0.7980100163273026,2.9188016159871886,0.5343001057541628,0.6608179111570526,0.8940939352196331,6.0,1.3716356028317178,0.8651210924375351,1.4134435170132496,0.6666666666666666,0.8503089707942687,4.986180039632765,0.8939076774972851,0.3513903805465508,,,,,provisional,0.0,0.0,,,,,,,,,,,,,,,,0.23929139214715944,0.14801851074546055,selected,6.0,1.0,0.18889674891495128,0.08754122798114294,6.0
,,,,,,,,,,,,,,,,,,,,,6.0,0637,stage2_1007_best,6,1.7305450533202074,0.5822589921876384,1.5486681038672976,0.7916666666666666,0.8295454545454546,0.2118766982256761,0.7969805647556497,2.9268907532195647,0.5350591602568443,0.6606324157096488,0.8940616508871618,6.0,1.3415910387554277,0.869729694381426,1.400379195093458,0.6666666666666666,0.8547037867066253,5.002642429894695,0.8957683941935114,0.3503284930097806,,,,,final,0.0,0.0,,,,,,,,,,,,,,,,0.23875754449082803,0.14775614354283273,candidate,6.0,1.0,0.18947005413203197,0.08594616691657771,6.0
0.2963173339146771,3.85492219623682,0.3049030828612373,0.31274075788483724,2.65843728827218,0.3834882060222373,0.20397304135308403,3.7024490934367296,0.3226390507756669,0.3356745473046426,4.092801381920886,0.3107655229335605,0.2930144228019903,3.1745806773334393,0.40933468051986643,0.03039917717680998,0.2210243398587042,0.07730658967831196,0.03202626512890417,0.22275938936004214,0.07802115168524379,6.0,0637,stage2_1007_best,6,1.7305450527063022,0.5822589927267475,1.548668103368185,0.7916666666666666,0.8295454545454546,0.2118766976911159,0.7969805650310807,2.9268907551020518,0.5350591607890417,0.6606324152087345,0.8940616511544419,6.0,1.3415910293491748,0.8697296928556782,1.4003791903084954,0.6666666666666666,0.8547037878648696,5.002642424640153,0.895768393647543,0.3503284925151608,0.09552561491727829,0.33054175792291185,2.5179949873552743,2.5900715669215923,final,0.0,0.0,0.0009890905248055393,0.009029698761550404,0.002146075607293452,3.6005330242359483,0.2746818220686784,4.154855383726896,0.5626898742816507,1.031408746749537,0.32275390625,0.03848998013378932,0.2065872133450782,0.4142684166791231,2.835506157207619,0.5626898742816507,0.5941232184810603,0.23875754161284513,0.1477561228421941,selected,6.0,1.0,0.18947005510882672,0.0859461600843447,6.0
,,,,,,,,,,,,,,,,,,,,,6.0,0638,stage2_1007_best,6,1.7774197501098503,0.5768759800562222,1.6089287379635913,0.7708333333333334,0.7897727272727273,0.21540678052656315,0.7706304809467716,2.6950946401610767,0.4872195329200443,0.6814602693225802,0.8922966097367184,6.0,1.6718933519104866,0.8871052138092429,1.374563648323305,1.0,0.8831406297855747,5.444122110352523,0.9449016763066194,0.2767658784100063,,,,,base,0.0,0.0,,,,,,,,,,,,,,,,0.24378250135214233,0.15096832920090072,candidate,6.0,1.0,0.2083014587132512,0.0868606447751969,6.0
,,,,,,,,,,,,,,,,,,,,,6.0,0638,stage2_1007_best,6,1.7774197491826205,0.5768759805023471,1.6089287372889505,0.7708333333333334,0.7897727272727273,0.21540678057044416,0.7706304812951661,2.695094641234165,0.48721953330142026,0.6814602692159788,0.8922966097147779,6.0,1.6718933519104866,0.8871052138092429,1.374563648323305,1.0,0.8831406297855747,5.444122110352523,0.9449016763066194,0.2767658784100063,,,,,base,0.0,0.0,,,,,,,,,,,,,,,,0.24378250581318864,0.15096833202998977,selected,6.0,1.0,0.2083014587132512,0.0868606447751969,6.0
,,,,,,,,,,,,,,,,,,,,,6.0,0638,stage2_1007_best,6,1.687541840839869,0.5825140406959832,1.3945435862814894,0.8802083333333334,0.90625,0.1871104010165675,0.845954276536377,2.1938841185581377,0.386118490611811,0.7869421431630085,0.9064447994917163,6.0,1.3738603160330194,0.7520295332980164,1.5612261285391997,0.6666666666666666,0.7805196293331941,4.139230425555343,0.7889394719808284,0.4694371763874298,,,,,provisional,0.0,0.0,,,,,,,,,,,,,,,,0.24942419618895276,0.14273680993197052,candidate,6.0,1.0,0.1885817694379139,0.1421046939890177,6.0
,,,,,,,,,,,,,,,,,,,,,6.0,0638,stage2_1007_best,6,1.687541841140664,0.5825140407980139,1.3945435869646419,0.8802083333333334,0.90625,0.18711040134679024,0.8459542762385774,2.193884120733546,0.386118491203127,0.7869421428160095,0.9064447993266049,6.0,1.3738603193730379,0.7520295341302036,1.5612261173719508,0.6666666666666666,0.7805196339084631,4.139230414726295,0.7889394701742524,0.4694371779997237,,,,,provisional,0.0,0.0,,,,,,,,,,,,,,,,0.24942419144101363,0.1427368043261976,selected,6.0,1.0,0.18858176757806897,0.14210467944516775,6.0
,,,,,,,,,,,,,,,,,,,,,6.0,0638,stage2_1007_best,6,1.6733405902675371,0.5777513396381413,1.3838573061322854,0.890625,0.9204545454545454,0.18497423849471606,0.8480122231221167,2.181946838969811,0.3828688697464761,0.7901937886849094,0.9075128807526419,6.0,1.3702038604396658,0.7502037122480623,1.5544923425898414,0.6666666666666666,0.7825067220712222,4.151882894629253,0.7908826960298361,0.4679108554498079,,,,,final,0.0,0.0,,,,,,,,,,,,,,,,0.24948860970384343,0.14256757997029043,candidate,6.0,1.0,0.18870258532204728,0.14304446069678464,6.0
0.29972184255805445,3.2114490158257256,0.5301044839082178,0.2945053060950348,2.667341627523532,0.5379900709475117,0.15207089986380318,3.445254445825821,0.48246388183140804,0.33870031283120144,3.7512483816005653,0.3781285975669629,0.27780830693536485,3.3521754308934284,0.4709308183132839,0.05222036047100908,0.34058934272795893,0.10765734331276185,0.05160107228251998,0.3367649082415179,0.10855236043711898,6.0,0638,stage2_1007_best,6,1.6733405893039888,0.5777513393779639,1.3838573068914581,0.890625,0.9204545454545454,0.184974238398764,0.8480122228423935,2.181946838708154,0.38286886985205415,0.7901937888716754,0.907512880800618,6.0,1.3702038546331365,0.7502037117563599,1.5544923648096833,0.6666666666666666,0.7825067113011563,4.1518828820127505,0.790882694379901,0.4679108601984905,0.08257637172937393,0.282170244174964,2.4165994533298445,2.669760767208327,final,0.0,0.0,0.0016105116092452586,0.010793534508294103,0.0032745532724364084,2.9511541638611223,0.27295477820938885,3.651170158557183,0.4866843278343675,1.0667246502092222,0.360107421875,0.03562621003424713,0.21250811630192837,0.4043127865421745,2.5190396949190763,0.4866843278343675,0.6668475279865278,0.24948860129548797,0.1425675772882449,selected,6.0,1.0,0.1887025908852822,0.1430444670250603,6.0
,,,,,,,,,,,,,,,,,,,,,6.0,0639,stage2_1007_best,6,1.5817611323456982,0.590527333100979,1.9849825789375133,0.6197916666666666,0.8068181818181818,0.2723463673622401,0.6437254283388126,2.9035248749174145,0.5265865960333335,0.676929510984993,0.8638268163188798,6.0,1.9287474783947252,0.9421205217430424,1.2506319259235685,0.3333333333333333,0.9285342553153649,5.773567143086216,0.9784002916855902,0.23556944762133517,,,,,base,0.0,0.0,,,,,,,,,,,,,,,,0.2372624893418903,0.15427344183183528,candidate,6.0,1.0,0.15814623989975826,0.037080950695711164,6.0
,,,,,,,,,,,,,,,,,,,,,6.0,0639,stage2_1007_best,6,1.581761132775223,0.5905273333511236,1.9849825789822049,0.6197916666666666,0.8068181818181818,0.2723463674982152,0.6437254286201869,2.903524876592149,0.5265865966045493,0.6769295106782206,0.8638268162508922,6.0,1.9287474658166766,0.9421205212688538,1.2506319273058284,0.3333333333333333,0.9285342547718988,5.7735671439414,0.9784002917700085,0.23556944936452637,,,,,base,0.0,0.0,,,,,,,,,,,,,,,,0.23726248665214927,0.15427344327809916,selected,6.0,1.0,0.15814624129148602,0.03708095763948614,6.0
,,,,,,,,,,,,,,,,,,,,,6.0,0639,stage2_1007_best,6,1.5054817952257424,0.645790000878435,2.1333428859012136,0.5104166666666666,0.8295454545454546,0.2521231795916463,0.6137378288438214,3.027104314357159,0.5694718884178165,0.6434548433568121,0.8739384102041768,6.0,1.8507778572490756,0.9159175595860699,1.3556854256613011,0.3333333333333333,0.8930543452736005,5.341716619595218,0.9341533318856852,0.2909549553040071,,,,,provisional,0.0,0.0,,,,,,,,,,,,,,,,0.24188081145495582,0.15098306913256845,candidate,6.0,1.0,0.15382273296184573,0.05064921584662421,6.0
,,,,,,,,,,,,,,,,,,,,,6.0,0639,stage2_1007_best,6,1.505481795695628,0.6457900010970831,2.1333428863086996,0.5104166666666666,0.8295454545454546,0.2521231797933497,0.6137378287543017,3.0271043133054647,0.5694718883672368,0.6434548435081313,0.8739384101033252,6.0,1.850777847905403,0.9159175592543362,1.3556854281193047,0.3333333333333333,0.8930543443134235,5.341716615168278,0.9341533313814047,0.2909549565891902,,,,,provisional,0.0,0.0,,,,,,,,,,,,,,,,0.24188081059267064,0.15098309507135882,selected,6.0,1.0,0.15382273272495944,0.05064921221446289,6.0
,,,,,,,,,,,,,,,,,,,,,6.0,0639,stage2_1007_best,6,1.508275056460601,0.6412749796689192,2.1309080139710983,0.515625,0.84375,0.25150780195481404,0.6115815222190356,3.033661552546665,0.5696303251774314,0.6440552346420872,0.8742460990225929,6.0,1.8546930943535092,0.912573759804543,1.3705237886391088,0.3333333333333333,0.8878065501423086,5.337788496138798,0.933726948376088,0.2911689327883455,,,,,final,0.0,0.0,,,,,,,,,,,,,,,,0.24083247436916602,0.15203940335108296,candidate,6.0,1.0,0.15364108513849867,0.051510690121343516,6.0
0.27437493977155486,4.112239059183919,0.352065368058022,0.3437265759235327,3.094854692074808,0.467104975815142,0.25087288483904785,3.793140741532568,0.4526691981248535,0.26674437263620254,3.196359827502429,0.5918052904426139,0.30527675435161505,3.639505600261475,0.48346957465592816,0.0428992281523685,0.2877911992604825,0.05305721574506458,0.0422438862420173,0.2828175085967832,0.052848928554521835,6.0,0639,stage2_1007_best,6,1.5082750563061185,0.6412749801565312,2.130908013692768,0.515625,0.84375,0.2515078021241063,0.6115815223915586,3.033661552245549,0.569630325353898,0.6440552344587315,0.8742460989379469,6.0,1.8546930943535092,0.912573759804543,1.3705237886391088,0.3333333333333333,0.8878065501423086,5.337788496138798,0.933726948376088,0.2911689327883455,0.11127550899982452,0.34700982222937754,2.67176310230172,3.3256641787523207,final,0.0,0.0,0.0010655831285843501,0.017335688971463592,0.004076183374601563,3.475813710958493,0.22926728337380714,4.040723025147025,0.4628826222285555,1.1235481110666705,0.3310546875,0.038024439613167524,0.22776018901420714,0.37745006284518107,2.4609947710405127,0.4628826222285555,0.6674346295178702,0.24083247365998367,0.1520394011185865,selected,6.0,1.0,0.15364108513849867,0.051510690121343516,6.0
,,,,,,,,,,,,,,,,,,,,,6.0,0640,stage2_1007_best,6,1.8559570399374086,0.5180057732079817,2.0347045093959757,0.5572916666666666,0.8494318181818182,0.2658989598538403,0.642832447342935,3.088047101250163,0.5685803108132162,0.6298147901419547,0.8670505200730798,6.0,1.3742344943033609,0.8737272912481381,1.469851259510729,0.6666666666666666,0.8343517463250856,5.4899465836692185,0.9502780578063189,0.272329239244771,,,,,base,0.0,0.0,,,,,,,,,,,,,,,,0.23285936574166455,0.17529050121298373,candidate,6.0,1.0,0.18873006136471862,0.08326384810713605,6.0
,,,,,,,,,,,,,,,,,,,,,6.0,0640,stage2_1007_best,6,1.8559570402835048,0.5180057738269477,2.0347045103238264,0.5572916666666666,0.8494318181818182,0.2658989594588681,0.6428324473201673,3.0880471017796416,0.568580311070558,0.629814790224792,0.867050520270566,6.0,1.3742344799241144,0.8737272912070424,1.469851259067335,0.6666666666666666,0.8343517457823374,5.4899465799155225,0.9502780574279919,0.2723292405940356,,,,,base,0.0,0.0,,,,,,,,,,,,,,,,0.2328593715127655,0.17529047812389711,selected,6.0,1.0,0.1887300588762501,0.08326382371514257,6.0
,,,,,,,,,,,,,,,,,,,,,6.0,0640,stage2_1007_best,6,2.1242359678438842,0.45767925478054033,2.092155295293175,0.640625,0.7727272727272727,0.27486574328111785,0.6317216053972068,2.9412472856357983,0.539427138214284,0.650862964387222,0.862567128359441,6.0,1.0827501417564114,0.8208652006250924,1.402020340045434,1.0,0.8613352242436769,4.365421148488255,0.8148509766171359,0.4331709737004827,,,,,provisional,0.0,0.0,,,,,,,,,,,,,,,,0.226131315474904,0.19313284704418848,candidate,6.0,1.0,0.18021561558650329,0.10019570215459989,6.0
,,,,,,,,,,,,,,,,,,,,,6.0,0640,stage2_1007_best,6,2.1242359685919308,0.457679254751531,2.0921552942887054,0.640625,0.7727272727272727,0.274865743686751,0.6317216056093846,2.941247284958999,0.5394271382154963,0.6508629645695304,0.8625671281566247,6.0,1.0827501417564114,0.8208652006250924,1.402020340045434,1.0,0.8613352242436769,4.365421148488255,0.8148509766171359,0.4331709737004827,,,,,provisional,0.0,0.0,,,,,,,,,,,,,,,,0.2261313114586559,0.19313284787341006,selected,6.0,1.0,0.18021561558650329,0.10019570215459989,6.0
,,,,,,,,,,,,,,,,,,,,,6.0,0640,stage2_1007_best,6,2.1119276450259212,0.4595533619881672,2.080279579419649,0.640625,0.7698863636363636,0.27291216898251497,0.6332502217237909,2.9401295295152843,0.5385571432439173,0.6511338409434843,0.8635439155087425,6.0,1.0837151946358412,0.8208842829107879,1.4007501746602022,1.0,0.8619160595628622,4.369128157783968,0.8150327853262208,0.4333702367641968,,,,,final,0.0,0.0,,,,,,,,,,,,,,,,0.22592275199219689,0.19260049541874627,candidate,6.0,1.0,0.18022381525267375,0.09995090094090178,6.0
0.259826250347896,3.369841859551081,0.49054113940691846,0.3088052845531868,3.140759278790827,0.39304544184507584,0.16221882044521063,3.1156747390715815,0.5211706816041218,0.28695603716721674,4.0889195444494675,0.39035903684321266,0.2720666082599876,3.3754425135103303,0.4186667085863348,0.05059040695968096,0.2932659848963424,0.10953987612961201,0.05047291097241182,0.2965242804959824,0.11024452134615596,6.0,0640,stage2_1007_best,6,2.1119276478083937,0.4595533617061706,2.0802795804266854,0.640625,0.7698863636363636,0.2729121685611818,0.6332502218172041,2.9401295296821197,0.5385571434089058,0.6511338409017048,0.8635439157194091,6.0,1.0837152008279385,0.820884282027142,1.4007501718172197,1.0,0.8619160613055076,4.369128157459033,0.815032785039432,0.43337023843449574,0.0821005329489708,0.3208574219626349,2.4638505998284264,2.7886419297799545,final,0.0,0.0,0.00038487544430995674,0.01019369062349069,0.002336447492788406,3.275209578554024,0.237758353789029,3.9472805605229726,0.4657759929614809,1.1015273171932474,0.3118896484375,0.03584156032787617,0.22245787424377014,0.3850501241854373,2.4225568614192285,0.4657759929614809,0.6721182024606878,0.2259227569476015,0.19260049821696493,selected,6.0,1.0,0.1802238140393451,0.09995091414679418,6.0
,,,,,,,,,,,,,,,,,,,,,6.0,0641,stage2_1007_best,6,1.7840526113446131,0.5992927081781879,1.957538729726285,0.5520833333333334,0.7755681818181818,0.24856910969393942,0.6977494518545295,3.4568938052720797,0.6399657958201485,0.5615178126516831,0.8757154451530301,6.0,1.8665947776012648,0.897543327065994,1.441420589236886,0.3333333333333333,0.8608953515109398,5.604237498877726,0.9619018773951957,0.26806645494798503,,,,,base,0.0,0.0,,,,,,,,,,,,,,,,0.2411887032183129,0.16207482058400052,candidate,6.0,1.0,0.25231358356658573,0.07601404812339481,6.0
,,,,,,,,,,,,,,,,,,,,,6.0,0641,stage2_1007_best,6,1.78405261396765,0.5992927079025743,1.9575387317348474,0.5520833333333334,0.7755681818181818,0.24856911025416648,0.6977494516939814,3.4568938046193103,0.6399657959089381,0.5615178126894405,0.8757154448729167,6.0,1.866594783009747,0.8975433251903391,1.4414205984576782,0.3333333333333333,0.8608953484335142,5.604237497627302,0.9619018772778216,0.2680664563520801,,,,,base,0.0,0.0,,,,,,,,,,,,,,,,0.24118870991769378,0.1620748363372143,selected,6.0,1.0,0.2523135802101738,0.07601403497818272,6.0
,,,,,,,,,,,,,,,,,,,,,6.0,0641,stage2_1007_best,6,1.8909508681391032,0.5479124416701165,1.7935915535247826,0.6302083333333334,0.8068181818181818,0.21716741655163593,0.7421368462107726,3.2816025401844118,0.6108389509083018,0.5754205333553216,0.891416291724182,6.0,1.260971034142089,0.8046935150607951,1.553286104932407,0.6666666666666666,0.7997127430226438,4.468963191907039,0.8310082725234529,0.40058837262871294,,,,,provisional,0.0,0.0,,,,,,,,,,,,,,,,0.237255209325254,0.17758766901317402,candidate,6.0,1.0,0.24522477379154986,0.10987242886194828,6.0
,,,,,,,,,,,,,,,,,,,,,6.0,0641,stage2_1007_best,6,1.8909508673214255,0.547912441791245,1.793591552320905,0.6302083333333334,0.8068181818181818,0.21716741618609908,0.7421368465620424,3.281602541337,0.6108389511221657,0.5754205331031668,0.8914162919069505,6.0,1.2609710279864579,0.8046935171853739,1.5532861015768435,0.6666666666666666,0.7997127441326365,4.468963185854544,0.8310082716090912,0.40058837469986086,,,,,provisional,0.0,0.0,,,,,,,,,,,,,,,,0.2372552046478557,0.17758763636630964,selected,6.0,1.0,0.24522477230219084,0.10987242889385189,6.0
,,,,,,,,,,,,,,,,,,,,,6.0,0641,stage2_1007_best,6,1.8646327701098115,0.549379640795492,1.771017044472736,0.640625,0.8125,0.214771325932057,0.7447300598040769,3.2591695793808797,0.6054431986354825,0.5798387307522905,0.8926143370339715,6.0,1.2611140538577812,0.8025910550773404,1.5583081775610461,0.6666666666666666,0.7972225224244428,4.466245824345438,0.8307295317127336,0.4011277901138118,,,,,final,0.0,0.0,,,,,,,,,,,,,,,,0.23694069927039263,0.176787835695768,candidate,6.0,1.0,0.24462238360150926,0.1111327022638196,6.0
0.2662499724576122,3.8103159774923276,0.34296114020614205,0.30603104365702694,3.165829811571648,0.3630953047993479,0.1695171800646173,3.7888891491523813,0.3791829949920981,0.30060878763092014,3.924931743644166,0.38913336288507894,0.2486106746199613,3.617282739158687,0.3965572871853035,0.0729975523346727,0.30941032765223325,0.13668336516303672,0.07183772232082586,0.298957878137749,0.13650542869327306,6.0,0641,stage2_1007_best,6,1.8646327695697789,0.549379641110071,1.7710170435201529,0.640625,0.8125,0.2147713267807062,0.7447300599867853,3.2591695797179945,0.6054431986581524,0.5798387308030803,0.8926143366096468,6.0,1.2611140538577812,0.8025910550773404,1.5583081775610461,0.6666666666666666,0.7972225224244428,4.466245824345438,0.8307295317127336,0.4011277901138118,0.07338565587997437,0.2905902674328781,2.744210999395935,3.076063051204427,final,0.0,0.0,0.0008338503897382813,0.019118577171098005,0.002294741799567528,3.469894612088493,0.24155575468020615,4.168409798711488,0.4716059498913572,1.1023149607834806,0.27734375,0.03604074553897347,0.2245352607101747,0.37855739744106803,2.4536386183540326,0.4716059498913572,0.6743682010606437,0.2369406966288902,0.176787867015532,selected,6.0,1.0,0.24462238360150926,0.1111327022638196,6.0
,,,,,,,,,,,,,,,,,,,,,6.0,0642,stage2_1007_best,6,1.5330321353734895,0.6154275021521173,1.6259528985760738,0.7291666666666666,0.7982954545454546,0.21373987496821395,0.7338064238509412,3.095425618513172,0.5469859197275078,0.6443651144513245,0.893130062515893,6.0,1.627526350707755,0.9220271297157566,1.330929463744971,0.3333333333333333,0.8967801157217047,5.785711783165035,0.979643572326321,0.2506568496058125,,,,,base,0.0,0.0,,,,,,,,,,,,,,,,0.23435331957300548,0.14944398651940632,candidate,6.0,1.0,0.2127685547601208,0.0672764167301902,6.0
,,,,,,,,,,,,,,,,,,,,,6.0,0642,stage2_1007_best,6,1.5330321343539295,0.6154275029580895,1.6259528978499644,0.7291666666666666,0.7982954545454546,0.21373987487422982,0.7338064241169857,3.0954256197943137,0.5469859201361232,0.6443651144132326,0.8931300625628851,6.0,1.627526350707755,0.9220271297157566,1.330929463744971,0.3333333333333333,0.8967801157217047,5.785711783165035,0.979643572326321,0.2506568496058125,,,,,base,0.0,0.0,,,,,,,,,,,,,,,,0.23435332374662987,0.14944403585398922,selected,6.0,1.0,0.2127685547601208,0.0672764167301902,6.0
,,,,,,,,,,,,,,,,,,,,,6.0,0642,stage2_1007_best,6,1.7716362758453357,0.523837674192685,1.9863454222176762,0.5885416666666666,0.7727272727272727,0.22894639615237306,0.645945778132657,3.1845887435537263,0.5768537047807463,0.6153212922597452,0.8855268019238135,6.0,1.5921571624250497,0.9388129699082239,1.266127296017909,0.6666666666666666,0.9200515489349539,5.631315220058987,0.9643759481390655,0.2692722203843455,,,,,provisional,0.0,0.0,,,,,,,,,,,,,,,,0.2306708034803699,0.1794490585736315,candidate,6.0,1.0,0.21295902379049533,0.05804023838478225,6.0
,,,,,,,,,,,,,,,,,,,,,6.0,0642,stage2_1007_best,6,1.77163627829684,0.5238376736468364,1.9863454241156402,0.5885416666666666,0.7727272727272727,0.2289463965897449,0.6459457780218504,3.1845887434311257,0.5768537048995747,0.6153212923196404,0.8855268017051275,6.0,1.5921571624250497,0.9388129699082239,1.266127296017909,0.6666666666666666,0.9200515489349539,5.631315220058987,0.9643759481390655,0.2692722203843455,,,,,provisional,0.0,0.0,,,,,,,,,,,,,,,,0.2306708067843936,0.1794490916107319,selected,6.0,1.0,0.21295902379049533,0.05804023838478225,6.0
,,,,,,,,,,,,,,,,,,,,,6.0,0642,stage2_1007_best,6,1.7537511036193922,0.5207613082762106,1.9786426576526646,0.5833333333333334,0.7727272727272727,0.22827032627610044,0.6467450761075562,3.1922541536198175,0.5781300057683126,0.6122117485788139,0.8858648368619498,6.0,1.5095003280053894,0.9433435008028592,1.2521684178979642,0.6666666666666666,0.923569643432271,5.629074101063597,0.9641812532249763,0.27339596971369934,,,,,final,0.0,0.0,,,,,,,,,,,,,,,,0.2305511656961166,0.1795673968022159,candidate,6.0,1.0,0.2134234168290583,0.054834361254426145,6.0
0.2615809069012681,4.251945699514292,0.32575636868580077,0.3253908155124158,3.1330855255849372,0.40319416018763315,0.1905867524702258,4.386072508975338,0.32725474217976347,0.2952678007570371,3.7611102762768307,0.4622852716138281,0.2771911655826508,3.6582497005453134,0.4082393303659963,0.034077909814903634,0.23055861607185404,0.06373246268063135,0.03364195092133424,0.22808850410626869,0.06431350404193871,6.0,0642,stage2_1007_best,6,1.753751102933366,0.5207613083710855,1.9786426572192537,0.5833333333333334,0.7727272727272727,0.2282703262293496,0.6467450760742257,3.192254154424635,0.5781300060355508,0.6122117486009905,0.8858648368853252,6.0,1.5095003280053894,0.9433435008028592,1.2521684178979642,0.6666666666666666,0.923569643432271,5.629074101063597,0.9641812532249763,0.27339596971369934,0.12017223984003067,0.3277111528903891,2.524359499096883,3.14831694520093,final,0.0,0.0,0.001475329374776348,0.021653566488763903,0.006135179483428034,3.77242862756871,0.2398981849412227,4.352261456946427,0.5200439596549901,1.079369074254024,0.28271484375,0.03960729234212674,0.2209883892540082,0.3849618232031321,2.6393429937128583,0.5200439596549901,0.6387723365392965,0.23055116815013788,0.1795674106369742,selected,6.0,1.0,0.2134234168290583,0.054834361254426145,6.0
,,,,,,,,,,,,,,,,,,,,,6.0,0643,stage2_1007_best,6,1.5812878507062602,0.5530180389038378,1.688685526917343,0.6875,0.7784090909090909,0.23628923557806972,0.6933528663081471,3.178449118884291,0.557350873710551,0.6323708037595345,0.881855382210965,6.0,1.719363786863636,0.9538415873906673,1.1994780399333542,0.3333333333333333,0.9425587150054516,5.790591782290001,0.9801139040731197,0.2478808282760171,,,,,base,0.0,0.0,,,,,,,,,,,,,,,,0.22777329360679338,0.1605937578391663,candidate,6.0,1.0,0.2554041985161193,0.06181388206559341,6.0
,,,,,,,,,,,,,,,,,,,,,6.0,0643,stage2_1007_best,6,1.5812878500715446,0.553018039606386,1.6886855259460534,0.6875,0.7784090909090909,0.23628923534866705,0.6933528667974324,3.178449120221149,0.5573508741983157,0.6323708035555772,0.8818553823256665,6.0,1.7193638073058912,0.9538415858266679,1.199478046904246,0.3333333333333333,0.9425587128864187,5.790591775505455,0.9801139034073774,0.2478808300922826,,,,,base,0.0,0.0,,,,,,,,,,,,,,,,0.22777329107997119,0.1605937777359674,selected,6.0,1.0,0.2554041986713572,0.06181388593610896,6.0
,,,,,,,,,,,,,,,,,,,,,6.0,0643,stage2_1007_best,6,1.7759219541557139,0.5281587433378749,1.8301239932997788,0.625,0.7613636363636364,0.2524169758246713,0.6617067637152877,2.946860591215391,0.5235697805335163,0.6611368955360913,0.8737915120876643,6.0,1.6674225935918594,0.8946914369475597,1.3787373588552856,0.6666666666666666,0.8766024649613738,5.439423081625221,0.9439331901899718,0.2940888041356087,,,,,provisional,0.0,0.0,,,,,,,,,,,,,,,,0.2299110395696239,0.16798150655445604,candidate,6.0,1.0,0.25270592214565085,0.09602710458441095,6.0
,,,,,,,,,,,,,,,,,,,,,6.0,0643,stage2_1007_best,6,1.7759219543826312,0.528158743889449,1.8301239931776359,0.625,0.7613636363636364,0.2524169763976021,0.661706763896403,2.9468605933723673,0.5235697812453343,0.6611368953223126,0.873791511801199,6.0,1.6674225935918594,0.8946914369475597,1.3787373588552856,0.6666666666666666,0.8766024649613738,5.439423081625221,0.9439331901899718,0.2940888041356087,,,,,provisional,0.0,0.0,,,,,,,,,,,,,,,,0.22991103054637102,0.16798152003873168,selected,6.0,1.0,0.25270592214565085,0.09602710458441095,6.0
,,,,,,,,,,,,,,,,,,,,,6.0,0643,stage2_1007_best,6,1.7568928094650889,0.5297584998659511,1.8136612110485995,0.6302083333333334,0.7613636363636364,0.2504330361329608,0.6639263860147981,2.9649837718265544,0.5259696326650223,0.6586014296995509,0.8747834819335196,6.0,1.6794927383193086,0.8893226858495767,1.4017762100415074,0.6666666666666666,0.8684116957423358,5.422469629918049,0.942069536687683,0.2987973711168758,,,,,final,0.0,0.0,,,,,,,,,,,,,,,,0.22959316461226262,0.16745183293914842,candidate,6.0,1.0,0.2523446904345097,0.09764705383068147,6.0
0.24866351204165343,3.8499059834958,0.36508205370267716,0.3217314522892491,2.589136189902554,0.4377196352207231,0.23308743816620364,3.7778305656347966,0.33597440885844787,0.2900439859153151,3.906649989704886,0.4075419702361709,0.24967980758953265,3.133816972837426,0.5621055555900728,0.01834415737663458,0.13048286905897463,0.049415990793098406,0.019093344324154823,0.13910670036001996,0.05176624808434722,6.0,0643,stage2_1007_best,6,1.7568928123207075,0.5297584993995126,1.8136612118810995,0.6302083333333334,0.7613636363636364,0.2504330364451284,0.6639263861574644,2.964983771757994,0.5259696329268715,0.6586014297697352,0.8747834817774358,6.0,1.6794927337936467,0.8893226870767431,1.4017762022993545,0.6666666666666666,0.8684116983133587,5.42246963742419,0.9420695375409244,0.2987973695743794,0.09544938057661057,0.29269093931794116,2.5329097534964324,2.493379602229852,final,0.0,0.0,0.0007575549545154951,0.015070531794828002,0.0057215673047139775,3.5757472046349505,0.24441620863529442,4.218339360233255,0.5053360703679647,1.0883972839691451,0.281982421875,0.03858522244077546,0.2210448660109523,0.384533573860896,2.5770916564791277,0.5053360703679647,0.6467202088564592,0.22959316129155077,0.16745182651154944,selected,6.0,1.0,0.2523446902628681,0.09764705970392326,6.0
,,,,,,,,,,,,,,,,,,,,,6.0,0644,stage2_1007_best,6,1.654718643862108,0.6014127212472842,2.0671433897535256,0.6927083333333334,0.8522727272727273,0.27211946143718185,0.7045347339017289,3.20181615125257,0.6147494046902023,0.6226109803931817,0.863940269281409,6.0,1.7717830174494473,0.9419134280684278,1.2480988570242024,0.3333333333333333,0.9280717204133163,5.770555517289338,0.978040071799645,0.2458492949494853,,,,,base,0.0,0.0,,,,,,,,,,,,,,,,0.2629349400457033,0.1650455024266463,candidate,6.0,1.0,0.07716215649927,0.018194829236597813,6.0
,,,,,,,,,,,,,,,,,,,,,6.0,0644,stage2_1007_best,6,1.6547186432845036,0.6014127218362432,2.067143388181724,0.6927083333333334,0.8522727272727273,0.27211946073217247,0.7045347342426217,3.201816152231529,0.6147494050012715,0.6226109801681879,0.8639402696339137,6.0,1.7717830276096134,0.9419134264310032,1.248098864040867,0.3333333333333333,0.9280717181828372,5.7705555127465615,0.9780400713595813,0.2458492967938466,,,,,base,0.0,0.0,,,,,,,,,,,,,,,,0.26293494476295576,0.16504551855902683,selected,6.0,1.0,0.07716215489979421,0.018194825456327578,6.0
,,,,,,,,,,,,,,,,,,,,,6.0,0644,stage2_1007_best,6,2.158508080722722,0.661961337055438,2.0617012640735743,0.5572916666666666,0.8153409090909091,0.22066596702068172,0.7684045155790393,4.074963385250119,0.773412174823205,0.45164224439540956,0.8896670164896592,6.0,1.977306098655856,0.8881793089571309,1.3956796139837044,0.6666666666666666,0.8780074146835299,5.42315241554421,0.942774487532954,0.27403679753246196,,,,,provisional,0.0,0.0,,,,,,,,,,,,,,,,0.2819167433147959,0.12197374376663059,candidate,6.0,1.0,0.07575955744159525,0.026070011070436026,6.0
,,,,,,,,,,,,,,,,,,,,,6.0,0644,stage2_1007_best,6,2.1585080762282507,0.6619613369996983,2.06170126290606,0.5572916666666666,0.8153409090909091,0.22066596658675433,0.7684045152984155,4.074963383571988,0.7734121745899248,0.4516422447161772,0.8896670167066228,6.0,1.977306098655856,0.8881793089571309,1.3956796139837044,0.6666666666666666,0.8780074146835299,5.42315241554421,0.942774487532954,0.27403679753246196,,,,,provisional,0.0,0.0,,,,,,,,,,,,,,,,0.28191674657817706,0.12197376993994868,selected,6.0,1.0,0.07575955744159525,0.026070011070436026,6.0
,,,,,,,,,,,,,,,,,,,,,6.0,0644,stage2_1007_best,6,2.137435948030412,0.6637581632977734,2.0823001560007435,0.5625,0.8181818181818182,0.22401023149437202,0.7637663297851705,4.081811884204355,0.7739145089991248,0.45431217848551625,0.887994884252814,6.0,1.9912812134381248,0.8936469592157863,1.379069550433939,0.6666666666666666,0.8844747349332699,5.443213407247221,0.9448554867001169,0.26975768992102833,,,,,final,0.0,0.0,,,,,,,,,,,,,,,,0.2814954713471475,0.12178401463268758,candidate,6.0,1.0,0.07589610651772152,0.025393562364168756,6.0
0.29540929721535386,3.992596678221365,0.2886556085109463,0.36277916155754564,2.9512397463689766,0.3830915371895099,0.2581189947693147,3.9603169773060634,0.38999864128765993,0.30667790212884055,4.031670080306846,0.33880103689766405,0.270434571273381,3.763533415571768,0.3955934154202644,0.0695268095635611,0.571086671832828,0.0682307745959959,0.072043715129941,0.5912111790558103,0.07200832605318046,6.0,0644,stage2_1007_best,6,2.1374359510582837,0.6637581631563562,2.0823001579537017,0.5625,0.8181818181818182,0.22401023145391524,0.763766329599577,4.081811883401586,0.7739145088424062,0.4543121785247967,0.8879948842730424,6.0,1.9912812134381248,0.8936469592157863,1.379069550433939,0.6666666666666666,0.8844747349332699,5.443213407247221,0.9448554867001169,0.26975768992102833,0.09780319780111313,0.33028642087272597,2.1597894638940844,3.001008692070772,final,0.0,0.0,0.0035891123989309054,0.0306641915255572,0.005220050582868525,3.8368132458373383,0.23609075264038087,4.469535170076958,0.5406861812158448,1.0698751956045764,0.244384765625,0.03953110036828538,0.22147351599615597,0.385640569260707,2.7596844469355837,0.5406861812158448,0.6178079856478866,0.28149546868958875,0.12178402033230948,selected,6.0,1.0,0.07589610651772152,0.025393562364168756,6.0
,,,,,,,,,,,,,,,,,,,,,6.0,0645,stage2_1007_best,6,1.7496557271250242,0.5377715622538797,1.6696577340236851,0.828125,0.8977272727272727,0.23251621184680651,0.7761535548952226,2.762359305504546,0.5233419285512261,0.6899220024376023,0.8837418940765968,6.0,1.155062867055626,0.9114721626342608,1.3666592478528172,0.6666666666666666,0.8714236872799391,5.661873514838454,0.9672323367457969,0.2752537534701389,,,,,base,0.0,0.0,,,,,,,,,,,,,,,,0.2671967711881257,0.18499870838081361,candidate,6.0,1.0,0.11007054252991841,0.03774831576759786,6.0
,,,,,,,,,,,,,,,,,,,,,6.0,0645,stage2_1007_best,6,1.7496557269503896,0.5377715623647054,1.6696577335808545,0.828125,0.8977272727272727,0.23251621174578024,0.7761535549951099,2.7623593055339177,0.523341928708833,0.6899220024989864,0.8837418941271099,6.0,1.1550628761437658,0.9114721618260434,1.36665925427309,0.6666666666666666,0.8714236850527822,5.661873508917118,0.9672323361396655,0.2752537552723499,,,,,base,0.0,0.0,,,,,,,,,,,,,,,,0.2671967705747087,0.18499870117156805,selected,6.0,1.0,0.11007054207998099,0.03774831683084007,6.0
,,,,,,,,,,,,,,,,,,,,,6.0,0645,stage2_1007_best,6,2.1649862379217115,0.49042175283434525,1.6497730035899527,0.84375,0.8892045454545454,0.2122233605630974,0.7976412872643033,2.751564628682462,0.5414594820082843,0.6803716806608565,0.8938883197184513,6.0,1.1284746907812606,0.8717483985599013,1.363123944190374,0.6666666666666666,0.8548361887028145,4.65935649884181,0.8584765241322002,0.42133952864668056,,,,,provisional,0.0,0.0,,,,,,,,,,,,,,,,0.25871909597721937,0.21500749348270148,candidate,6.0,1.0,0.1090889070531802,0.0476481442920522,6.0
,,,,,,,,,,,,,,,,,,,,,6.0,0645,stage2_1007_best,6,2.1649862361371834,0.49042175334646904,1.6497730023095492,0.84375,0.8892045454545454,0.2122233602093239,0.7976412875336498,2.751564630459324,0.5414594824196293,0.6803716804248099,0.893888319895338,6.0,1.1284746907812606,0.8717483985599013,1.363123944190374,0.6666666666666666,0.8548361887028145,4.65935649884181,0.8584765241322002,0.42133952864668056,,,,,provisional,0.0,0.0,,,,,,,,,,,,,,,,0.2587190922747116,0.21500750110039696,selected,6.0,1.0,0.1090889070531802,0.0476481442920522,6.0
,,,,,,,,,,,,,,,,,,,,,6.0,0645,stage2_1007_best,6,2.169227668263616,0.49658883459598724,1.6915422512584763,0.8333333333333334,0.8920454545454546,0.21805467581456492,0.785569368425572,2.7775281858752052,0.5449692479199062,0.6743739300169236,0.8909726620927176,6.0,1.127284612072275,0.8734771872679311,1.3567296926769186,0.6666666666666666,0.8576191775896881,4.657170601570942,0.8581422057623197,0.421210327844203,,,,,final,0.0,0.0,,,,,,,,,,,,,,,,0.25907550186601713,0.21366726816748707,candidate,6.0,1.0,0.10919972877729789,0.0475254253460538,6.0
0.28119962297927875,3.62716039176906,0.369048541381262,0.33029135656490366,3.3157612237866387,0.3567440371911497,0.22028904096637122,2.7621972698251795,0.6140891112165436,0.3068794498923432,3.2696776582427285,0.5748052628327829,0.2942956764820117,3.3304344749383907,0.4608491986794076,0.08328503140555503,0.2737941913947321,0.1228323569365369,0.08748600544586353,0.27820170239047776,0.12218031176903972,6.0,0645,stage2_1007_best,6,2.169227669932616,0.49658883403413007,1.6915422518709777,0.8333333333333334,0.8920454545454546,0.21805467608570703,0.7855693684348621,2.777528184475319,0.5449692476776649,0.6743739302303141,0.8909726619571465,6.0,1.1272846031306762,0.8734771881026333,1.3567296915419689,0.6666666666666666,0.8576191782727302,4.657170612525291,0.8581422070944886,0.4212103265039073,0.09519665688276291,0.3279077899502511,2.6060279451376274,3.2814774530001896,final,0.0,0.0,0.002143076259477451,0.030323275759791074,0.0036103885379641285,2.967839448553201,0.249214672092208,3.699043933870512,0.405657172003842,1.1413270464826795,0.3314208984375,0.03710921692128159,0.22697468558452868,0.3763423342935835,2.229286306322228,0.405657172003842,0.7227243201653377,0.25907551118043654,0.213667227291117,selected,6.0,1.0,0.10919972729926562,0.04752541848913222,6.0
,,,,,,,,,,,,,,,,,,,,,6.0,0646,stage2_1007_best,6,1.6739183298381701,0.5652643766147987,2.318050857543142,0.46875,0.8238636363636364,0.259978841042354,0.5959224315108567,2.9009354261352507,0.5437288132080406,0.6568712249589922,0.8700105794788229,6.0,1.4408770090339065,0.9522297288442434,1.1824928198044802,0.3333333333333333,0.944984204076453,5.686273492910414,0.9696427506647219,0.24366686964822085,,,,,base,0.0,0.0,,,,,,,,,,,,,,,,0.24048607613396628,0.1783648692280797,candidate,6.0,1.0,0.09591961536154511,0.02443771463694548,6.0
,,,,,,,,,,,,,,,,,,,,,6.0,0646,stage2_1007_best,6,1.6739183297735396,0.5652643767514599,2.3180508577489496,0.46875,0.8238636363636364,0.25997884099968765,0.5959224313865811,2.9009354260291875,0.5437288133787497,0.6568712249692853,0.8700105795001563,6.0,1.4408770090339065,0.9522297288442434,1.1824928198044802,0.3333333333333333,0.944984204076453,5.686273492910414,0.9696427506647219,0.24366686964822085,,,,,base,0.0,0.0,,,,,,,,,,,,,,,,0.24048607938224403,0.17836486385665168,selected,6.0,1.0,0.09591961536154511,0.02443771463694548,6.0
,,,,,,,,,,,,,,,,,,,,,6.0,0646,stage2_1007_best,6,1.9874885681930596,0.5470295785789908,2.6191821150435226,0.4010416666666667,0.8409090909090909,0.26873518882055464,0.5594628856205192,2.925404406199584,0.5591303264003717,0.63900878819614,0.8656324055897225,6.0,1.636893766689939,0.9370627974239274,1.178725621005234,0.3333333333333333,0.9483526911687781,5.232194010380823,0.9232684807190606,0.2953612269940644,,,,,provisional,0.0,0.0,,,,,,,,,,,,,,,,0.23976025194044973,0.18731409753331626,candidate,6.0,1.0,0.09545707884174673,0.02779138793939134,6.0
,,,,,,,,,,,,,,,,,,,,,6.0,0646,stage2_1007_best,6,1.9874885653476781,0.5470295792104665,2.6191821124907895,0.4010416666666667,0.8409090909090909,0.26873518797718443,0.5594628858492547,2.9254044076085712,0.5591303267186045,0.6390087879794027,0.8656324060114078,6.0,1.636893766689939,0.9370627974239274,1.178725621005234,0.3333333333333333,0.9483526911687781,5.232194010380823,0.9232684807190606,0.2953612269940644,,,,,provisional,0.0,0.0,,,,,,,,,,,,,,,,0.23976025272573973,0.18731412658963859,selected,6.0,1.0,0.09545707884174673,0.02779138793939134,6.0
,,,,,,,,,,,,,,,,,,,,,6.0,0646,stage2_1007_best,6,2.0478353910864007,0.5451332479911613,2.685082311871171,0.4114583333333333,0.8380681818181818,0.27468170318471336,0.5581716491440106,2.9155835580080605,0.561375770181463,0.6346115794995125,0.8626591484076432,6.0,1.6484217564049144,0.9342507770595794,1.1880418150193264,0.3333333333333333,0.9449773392038109,5.21852604550819,0.9217772915476092,0.2980209121608846,,,,,final,0.0,0.0,,,,,,,,,,,,,,,,0.24106329804070864,0.1899889722832296,candidate,6.0,1.0,0.09558517055884037,0.028848854055506475,6.0
0.2974801993462792,3.8370448978871226,0.35000625447498274,0.35348305091079624,3.268122681504479,0.2449396309844449,0.22150855519314275,3.8333185627904,0.4761510671308328,0.2930862968169611,2.6627785040641094,0.6891578989471123,0.3304945402946869,3.761484210303773,0.3770157388830415,0.021758579444689462,0.20345889250010366,0.06965289651994955,0.017595355195521946,0.16126327251096303,0.06636200793347498,6.0,0646,stage2_1007_best,6,2.047835392091463,0.5451332479857721,2.685082312434091,0.4114583333333333,0.8380681818181818,0.27468170335646336,0.5581716491678851,2.9155835593981134,0.5613757705341565,0.6346115792209764,0.8626591483217684,6.0,1.6484217564049144,0.9342507770595794,1.1880418150193264,0.3333333333333333,0.9449773392038109,5.21852604550819,0.9217772915476092,0.2980209121608846,0.1032523661851883,0.3810861784923132,2.591334078821127,2.982244051361901,final,0.0,0.0,0.0032826895969265122,0.04981482901466824,0.0063757066584378816,3.0993385240677123,0.2566380068724305,3.7282721871858304,0.4835892562399262,1.0888377406553833,0.35205078125,0.03469191174111079,0.21731870088818808,0.3963106559781712,2.534282005356361,0.4835892562399262,0.6557374672093176,0.24106329650832672,0.18998900015457507,selected,6.0,1.0,0.09558517055884037,0.028848854055506475,6.0
,,,,,,,,,,,,,,,,,,,,,6.0,0647,stage2_1007_best,6,1.334555021081405,0.6675966144817324,1.5504987961833532,0.7135416666666666,0.7784090909090909,0.21340226623382988,0.7445687946015904,3.147487962496981,0.5517970915514017,0.6308121403373617,0.8932988668830851,6.0,1.6815214090828774,0.9411047368357291,1.2579398486660858,0.6666666666666666,0.9235611952626323,5.702606791712777,0.9713504169375481,0.24886864503980408,,,,,base,0.0,0.0,,,,,,,,,,,,,,,,0.23219567753130427,0.13405005737629552,candidate,6.0,1.0,0.16179401829711293,0.03628674783472772,6.0
,,,,,,,,,,,,,,,,,,,,,6.0,0647,stage2_1007_best,6,1.3345550204167882,0.6675966150604488,1.5504987964247974,0.7135416666666666,0.7784090909090909,0.21340226603177392,0.7445687945477433,3.147487963931338,0.5517970920428232,0.6308121401679365,0.8932988669841131,6.0,1.6815214009619868,0.9411047354716846,1.2579398559858064,0.6666666666666666,0.9235611927176897,5.702606785432871,0.9713504162999032,0.2488686472616498,,,,,base,0.0,0.0,,,,,,,,,,,,,,,,0.23219567678408942,0.1340500585473679,selected,6.0,1.0,0.16179401957112768,0.03628673800124526,6.0
,,,,,,,,,,,,,,,,,,,,,6.0,0647,stage2_1007_best,6,1.317160730906172,0.6759447989087296,1.716501450525477,0.6041666666666666,0.7926136363636364,0.2064692936297873,0.702227792013441,3.013140482460773,0.5426947782265293,0.6428446970911538,0.8967653531851063,6.0,1.8859372419935139,0.8874210133225893,1.388399220244678,0.6666666666666666,0.8792974815938545,5.241747119270288,0.922570845760556,0.3010323172364973,,,,,provisional,0.0,0.0,,,,,,,,,,,,,,,,0.23676013258675277,0.13698445026253972,candidate,6.0,1.0,0.15439100602960137,0.05547161131970212,6.0
,,,,,,,,,,,,,,,,,,,,,6.0,0647,stage2_1007_best,6,1.3171607312782505,0.6759447988597868,1.7165014502315759,0.6041666666666666,0.7926136363636364,0.20646929369660896,0.7022277919967621,3.0131404828759263,0.5426947784619739,0.6428446970617576,0.8967653531516956,6.0,1.8859372368409102,0.8874210121119012,1.3883992261221982,0.6666666666666666,0.8792974793411089,5.2417471107028275,0.9225708448556452,0.30103231883697884,,,,,provisional,0.0,0.0,,,,,,,,,,,,,,,,0.23676013104857913,0.13698445432334805,selected,6.0,1.0,0.15439100597775243,0.05547160968753328,6.0
,,,,,,,,,,,,,,,,,,,,,6.0,0647,stage2_1007_best,6,1.320584699132809,0.6732936892199283,1.7322061005897085,0.5989583333333334,0.7982954545454546,0.20710704777294764,0.6970229885589898,3.0129344976303636,0.5433135137711257,0.6426978045363553,0.8964464761135263,6.0,1.8675274785586957,0.8808389352103733,1.4240941643382892,0.6666666666666666,0.8666788280218175,5.226584740310535,0.920782280985276,0.3055690081497182,,,,,final,0.0,0.0,,,,,,,,,,,,,,,,0.23668933854815405,0.13748676544599958,candidate,6.0,1.0,0.1539729176529889,0.05718610992295893,6.0
0.2578119531650783,3.6951744602662444,0.37403518711531347,0.2714192504604956,3.4288261296678493,0.2851958404671971,0.24118216759557146,2.8733623949962985,0.6214474520045774,0.29184202631407025,2.850134342927134,0.6640254334784194,0.25609583273565467,3.6445302469398713,0.41911999305025405,0.013697788554767491,0.18541408912877222,0.04661464625256554,0.013376904516946897,0.1770511303544812,0.04448586404570451,6.0,0647,stage2_1007_best,6,1.3205846978018734,0.6732936897810361,1.7322060989751638,0.5989583333333334,0.7982954545454546,0.2071070473325797,0.6970229890773133,3.012934500186013,0.5433135142899004,0.6426978039488419,0.8964464763337102,6.0,1.8675274785586957,0.8808389352103733,1.4240941643382892,0.6666666666666666,0.8666788280218175,5.226584740310535,0.920782280985276,0.3055690081497182,0.09628085792064667,0.2668464214303647,2.9828720951867425,3.2890973759623776,final,0.0,0.0,0.0007478653124127027,0.010860325548433867,0.0053036085476764715,3.3160594956438967,0.23329577426234963,3.8949473373919443,0.4699101374688425,1.104463756753263,0.3504638671875,0.03740561935092195,0.22365905936350863,0.3859917205537521,2.4570080554617086,0.4699101374688425,0.6645066247948725,0.23668933256725283,0.1374867554863702,selected,6.0,1.0,0.1539729176529889,0.05718610992295893,6.0
,,,,,,,,,,,,,,,,,,,,,6.0,0648,stage2_1007_best,6,1.5110678939709348,0.585971641789715,1.6350675312241985,0.7135416666666666,0.8011363636363636,0.22997456608828398,0.7284853437072051,2.781045536685571,0.4966395042760543,0.6878931835653003,0.885012716955858,6.0,2.466546535351575,0.8500637239826596,1.6212638205025114,0.4,0.8507037525203429,5.523718572239072,0.9530666731196942,0.2692709028136636,,,,,base,0.0,0.0,,,,,,,,,,,,,,,,0.23742618951571295,0.1510310477430748,candidate,6.0,1.0,0.21349782092467096,0.0868784335673002,6.0
,,,,,,,,,,,,,,,,,,,,,6.0,0648,stage2_1007_best,6,1.511067892690273,0.5859716421472317,1.6350675301644053,0.7135416666666666,0.8011363636363636,0.22997456567085584,0.7284853438252783,2.781045537933291,0.49663950463405215,0.6878931835623806,0.8850127171645721,6.0,2.466546535351575,0.8500637239826596,1.6212638205025114,0.4,0.8507037525203429,5.523718572239072,0.9530666731196942,0.2692709028136636,,,,,base,0.0,0.0,,,,,,,,,,,,,,,,0.2374261909338583,0.15103103619717267,selected,6.0,1.0,0.21349782092467096,0.0868784335673002,6.0
,,,,,,,,,,,,,,,,,,,,,6.0,0648,stage2_1007_best,6,1.2790722322219266,0.6358012207075028,1.4327629882919444,0.796875,0.84375,0.2018596942355866,0.8060102960668719,2.8430963166158363,0.5089962913139547,0.6916772323195891,0.8990701528822068,6.0,2.0627485250140865,0.8394798273800206,1.5908324928513629,0.6,0.8427444773357688,4.898331292023334,0.8853647063116393,0.34795752731183144,,,,,provisional,0.0,0.0,,,,,,,,,,,,,,,,0.23942052407348008,0.1337012721392685,candidate,6.0,1.0,0.21101189952988034,0.08614093783675815,6.0
,,,,,,,,,,,,,,,,,,,,,6.0,0648,stage2_1007_best,6,1.2790722330014137,0.6358012205756562,1.4327629881173154,0.796875,0.84375,0.20185969441577198,0.8060102964205571,2.8430963165631185,0.5089962916380125,0.6916772322279233,0.8990701527921139,6.0,2.0627485250140865,0.8394798273800206,1.5908324928513629,0.6,0.8427444773357688,4.898331292023334,0.8853647063116393,0.34795752731183144,,,,,provisional,0.0,0.0,,,,,,,,,,,,,,,,0.2394205179288962,0.13370124773371078,selected,6.0,1.0,0.21101189952988034,0.08614093783675815,6.0
,,,,,,,,,,,,,,,,,,,,,6.0,0648,stage2_1007_best,6,1.286667859708572,0.6310975032956949,1.4503311765306417,0.7708333333333334,0.8465909090909091,0.20297580409288193,0.8017217243696324,2.879366786161352,0.5168225524625936,0.6858932061399328,0.8985120979535591,6.0,2.0983424614517583,0.8330089792931697,1.6231535341615935,0.6,0.8341311681575861,4.8941402996476295,0.8847174808006029,0.34699790050784074,,,,,final,0.0,0.0,,,,,,,,,,,,,,,,0.2390758276038364,0.13524305842936651,candidate,6.0,1.0,0.21066222254232694,0.08759922108113465,6.0
0.27220809740703233,4.071017454041976,0.3063108781821468,0.2597202742268304,3.7583493301979347,0.3125610828625351,0.2245987348597117,4.334141528430917,0.2703074642050401,0.2898565036910332,3.42402173777856,0.5464422296436546,0.272232615078261,3.7680930457918227,0.3837763382998888,0.026022175002604533,0.1527690367900742,0.12821213487787977,0.024916811751200196,0.1524858714735987,0.12852615862842456,6.0,0648,stage2_1007_best,6,1.28666786000485,0.6310975031976633,1.4503311765467066,0.7708333333333334,0.8465909090909091,0.20297580466582066,0.8017217243230238,2.879366785966718,0.5168225526710798,0.6858932061260967,0.8985120976670896,6.0,2.0983424545907874,0.8330089797941426,1.623153533228922,0.6,0.8341311680610313,4.894140295317078,0.8847174803198082,0.34699790066858716,0.14768460392951965,0.2595958200755246,2.4916346455609855,3.8329005499143824,final,0.0,0.0,0.002566884062011452,0.021531863913138785,0.009227661016558112,3.5935380338950202,0.23249262215326513,4.23228137304628,0.498868215832121,1.1052649709702942,0.2904052734375,0.03511017487623334,0.22462258078256,0.38074890328261013,2.583221247447267,0.498868215832121,0.6472651465901988,0.23907581840249417,0.1352430600109504,selected,6.0,1.0,0.21066222228554862,0.08759920648729813,6.0
,,,,,,,,,,,,,,,,,,,,,6.0,0649,stage2_1007_best,6,1.8690933175857511,0.652602402435392,1.9291895006507918,0.7135416666666666,0.8579545454545454,0.22071446082086668,0.7572156880269216,3.3221518769028457,0.6482065174942,0.5882798348476812,0.8896427695895667,6.0,2.3718368136014485,0.8644950820206765,1.6008125515758276,0.4,0.8529614914712782,5.576144270112671,0.958628463776753,0.284928734270081,,,,,base,0.0,0.0,,,,,,,,,,,,,,,,0.27787234434211916,0.14427023757282095,candidate,6.0,1.0,0.1849390909157776,0.06857957581023374,6.0
,,,,,,,,,,,,,,,,,,,,,6.0,0649,stage2_1007_best,6,1.8690933152691236,0.6526024024986145,1.9291895012286442,0.7135416666666666,0.8579545454545454,0.22071446122385618,0.7572156877287919,3.3221518766729923,0.6482065174955255,0.5882798349624583,0.8896427693880721,6.0,2.3718367979787462,0.864495082830032,1.6008125464855605,0.4,0.8529614926450154,5.576144272561881,0.9586284640076232,0.28492873303576205,,,,,base,0.0,0.0,,,,,,,,,,,,,,,,0.27787234430182395,0.14427020939925558,selected,6.0,1.0,0.18493909076270698,0.06857956012547031,6.0
,,,,,,,,,,,,,,,,,,,,,6.0,0649,stage2_1007_best,6,2.1764852003072024,0.5845607734488134,1.9609375726087603,0.4791666666666667,0.8636363636363636,0.18356557932033457,0.7793399530637014,3.736857856124979,0.7276386947460943,0.4941547812241347,0.9082172103398327,6.0,2.1210906853939977,0.7847593455070864,1.779715499355588,0.4,0.7960181954268697,5.012507595210135,0.895191852036296,0.3185428532857153,,,,,provisional,0.0,0.0,,,,,,,,,,,,,,,,0.2700348937761398,0.17383722996470327,candidate,6.0,1.0,0.17654955634198935,0.09216253648450275,6.0
,,,,,,,,,,,,,,,,,,,,,6.0,0649,stage2_1007_best,6,2.1764851976153365,0.5845607740170827,1.960937571446964,0.4791666666666667,0.8636363636363636,0.18356557953702432,0.7793399531470999,3.736857857102917,0.727638694878539,0.4941547811478708,0.9082172102314878,6.0,2.1210906790524278,0.7847593461517143,1.7797154986806945,0.4,0.7960181949775574,5.012507603304881,0.8951918530460952,0.3185428516205452,,,,,provisional,0.0,0.0,,,,,,,,,,,,,,,,0.27003489882134923,0.1738372224253745,selected,6.0,1.0,0.17654955570901187,0.09216250822672961,6.0
,,,,,,,,,,,,,,,,,,,,,6.0,0649,stage2_1007_best,6,2.1103342042934248,0.5886575847554995,1.9468952519287905,0.5104166666666666,0.8664772727272727,0.18179979433923157,0.7754948519225596,3.719609717443793,0.7224472007807132,0.49878642351016483,0.9091001028303842,6.0,2.0971498894855376,0.7888790695551694,1.7703718734668732,0.4,0.7984592011263592,5.035547991045847,0.8979772608160825,0.3155087932439561,,,,,final,0.0,0.0,,,,,,,,,,,,,,,,0.2692349887059931,0.17281447120431606,candidate,6.0,1.0,0.17706999960182254,0.09135142857620726,6.0
0.22765392126023792,3.97234621573833,0.4095040271259871,0.23267413462071468,3.7481634170494806,0.43398748129008413,0.18400567332559223,4.3815968786964055,0.2874510457488489,0.2463294271207864,3.0011416328020393,0.6325376277646207,0.23238842289452222,3.4612575311453337,0.5200360799440462,0.1091159575245909,0.7590050272696716,0.1265131452802192,0.10819616225703654,0.7049584763917692,0.1296730982928199,6.0,0649,stage2_1007_best,6,2.1103342067459314,0.5886575841276984,1.9468952527371586,0.5104166666666666,0.8664772727272727,0.18179979408958347,0.7754948518119587,3.719609718027114,0.7224472008311554,0.4987864233947712,0.9091001029552082,6.0,2.0971498899946535,0.7888790697018898,1.7703718720508623,0.4,0.7984592015030184,5.035547994837895,0.8979772612980851,0.3155087920428918,0.1597263365983963,0.24031808003435015,2.569995509791932,3.795204700367308,final,0.0,0.0,0.003214139222729225,0.07729583246145846,0.00713676577770627,3.448652802763586,0.19821770185680712,4.052156370773883,0.40792333079026283,1.1753916875458081,0.3489990234375,0.036189473482090215,0.24063850052890431,0.3551537966194247,2.257931790593293,0.40792333079026283,0.7110376089026096,0.26923498426552,0.17281449149543318,selected,6.0,1.0,0.17707000359624572,0.09135143585772394,6.0
,,,,,,,,,,,,,,,,,,,,,6.0,0650,stage2_1007_best,6,1.356442514956283,0.6441040803617992,1.5216082281673504,0.7447916666666666,0.8068181818181818,0.22244821676386284,0.7636047315425838,2.937373488911349,0.5200199733321713,0.6727393428215921,0.8887758916180686,6.0,2.4853167618352248,0.8300937185894914,1.7658667034099866,0.4,0.8098649914653109,5.415618697762175,0.942490807006694,0.30011958171728453,,,,,base,0.0,0.0,,,,,,,,,,,,,,,,0.23194482519450504,0.1360544501836224,candidate,6.0,1.0,0.20445858920041796,0.09124747920356219,6.0
,,,,,,,,,,,,,,,,,,,,,6.0,0650,stage2_1007_best,6,1.3564425153726545,0.6441040801903899,1.5216082287597557,0.7447916666666666,0.8068181818181818,0.2224482168633561,0.7636047314247334,2.937373489991071,0.5200199737431928,0.6727393426201237,0.8887758915683218,6.0,2.485316795399581,0.8300937182242623,1.7658667067241578,0.4,0.8098649914638658,5.415618695933959,0.9424908068256823,0.3001195829411275,,,,,base,0.0,0.0,,,,,,,,,,,,,,,,0.2319448218840532,0.13605447082441655,selected,6.0,1.0,0.20445858868388547,0.09124748401947139,6.0
,,,,,,,,,,,,,,,,,,,,,6.0,0650,stage2_1007_best,6,1.342339954570964,0.6245800950280416,1.70740538058983,0.6614583333333334,0.7926136363636364,0.23393730282054423,0.7140936385470459,3.088939304560787,0.5671459478440373,0.6411711567328805,0.8830313485897279,6.0,2.376899688679688,0.8113873891994484,1.8059040545367198,0.4,0.794327107823039,5.048135190663381,0.9028945183505758,0.32141050991810455,,,,,provisional,0.0,0.0,,,,,,,,,,,,,,,,0.24097675334057916,0.1341919367661166,candidate,6.0,1.0,0.20207011813952414,0.09655610353014929,6.0
,,,,,,,,,,,,,,,,,,,,,6.0,0650,stage2_1007_best,6,1.3423399552641537,0.6245800952060503,1.7074053801217928,0.6614583333333334,0.7926136363636364,0.2339373022481106,0.7140936388692287,3.08893930651857,0.5671459483552067,0.6411711563574655,0.8830313488759448,6.0,2.376899688679688,0.8113873891994484,1.8059040545367198,0.4,0.794327107823039,5.048135190663381,0.9028945183505758,0.32141050991810455,,,,,provisional,0.0,0.0,,,,,,,,,,,,,,,,0.24097675159029341,0.13419195174955764,selected,6.0,1.0,0.20207011813952414,0.09655610353014929,6.0
,,,,,,,,,,,,,,,,,,,,,6.0,0650,stage2_1007_best,6,1.3443719470172881,0.6236629810157468,1.7071615632934682,0.6614583333333334,0.7926136363636364,0.23511408358321645,0.7131506795282099,3.0743778938557624,0.5640709783930359,0.6434218313392444,0.8824429582083918,6.0,2.3612180787912345,0.8120691785136048,1.809323893293836,0.4,0.7929001744316679,5.038324943734812,0.9018477044063811,0.32266688522839687,,,,,final,0.0,0.0,,,,,,,,,,,,,,,,0.24065583549946007,0.13365826919235807,candidate,6.0,1.0,0.20224559664429118,0.09669040253934134,6.0
0.24247913764046167,4.479099283424849,0.30607321039596086,0.2646314014508009,3.918212713203727,0.31869102621615075,0.23112885151358795,4.50063387845469,0.2926864309504048,0.26685087715120304,4.324812192139963,0.37149311813903657,0.25122714801016693,3.9540163450840757,0.36682857505803745,0.04115761323395162,0.20123213870903525,0.09198841191018957,0.0409640295933019,0.20209598386717378,0.09159967271720613,6.0,0650,stage2_1007_best,6,1.3443719472251634,0.6236629804052196,1.7071615633151696,0.6614583333333334,0.7926136363636364,0.2351140829643392,0.7131506794976369,3.074377893290064,0.5640709784183444,0.643421831151355,0.8824429585178305,6.0,2.3612180837796726,0.812069177332775,1.8093238982313904,0.4,0.7929001732126303,5.038324940145854,0.9018477040236856,0.3226668855717508,0.17776846885681152,0.26992533355234827,2.4614927277020624,3.789382227265967,final,0.0,0.0,0.0007247520469835115,0.006631753420558838,0.0044896561439369195,3.7799012245807577,0.22886199473833832,4.408570653698198,0.49424352614243555,1.106155260096962,0.280517578125,0.03703439776280211,0.22512451115497092,0.37708921367218434,2.5401724136324098,0.49424352614243555,0.6420198176776034,0.24065583877383617,0.13365827339511663,selected,6.0,1.0,0.2022455933433462,0.09669040853291083,6.0
,,,,,,,,,,,,,,,,,,,,,6.0,0651,stage2_1007_best,6,1.4928949860134313,0.6338287786968896,1.4123920125849694,0.8333333333333334,0.8267045454545454,0.2197517186430179,0.8101037213575087,2.77415297923895,0.48772016192070916,0.7002207401479176,0.8901241406784911,6.0,1.9887559633358023,0.8743896630118747,1.5282758893802908,0.6,0.869675649279861,5.523836063430254,0.9524440414025485,0.2759237362185473,,,,,base,0.0,0.0,,,,,,,,,,,,,,,,0.2315189841230389,0.13901437088749524,candidate,6.0,1.0,0.17425426002561087,0.07172896422592726,6.0
,,,,,,,,,,,,,,,,,,,,,6.0,0651,stage2_1007_best,6,1.492894984799546,0.6338287791632311,1.4123920114524535,0.8333333333333334,0.8267045454545454,0.21975171862234769,0.8101037217407259,2.7741529787185306,0.48772016202391255,0.7002207401844837,0.8901241406888261,6.0,1.9887559633358023,0.8743896630118747,1.5282758893802908,0.6,0.869675649279861,5.523836063430254,0.9524440414025485,0.2759237362185473,,,,,base,0.0,0.0,,,,,,,,,,,,,,,,0.23151898668600895,0.13901434149695074,selected,6.0,1.0,0.17425426002561087,0.07172896422592726,6.0
,,,,,,,,,,,,,,,,,,,,,6.0,0651,stage2_1007_best,6,1.6792576579335556,0.6021821645670287,1.542549466343363,0.828125,0.875,0.21350802846960318,0.7840492264131618,2.8530691485772195,0.5122893686864555,0.6859219022846209,0.8932459857651984,6.0,1.9918878157998632,0.8457901282908682,1.5214786023028688,0.6,0.8656470353433932,5.017901439799209,0.8966338892842944,0.3517454329285002,,,,,provisional,0.0,0.0,,,,,,,,,,,,,,,,0.23189249253647462,0.15155651537782394,candidate,6.0,1.0,0.1691706989561247,0.07879358714113562,6.0
,,,,,,,,,,,,,,,,,,,,,6.0,0651,stage2_1007_best,6,1.679257659544995,0.6021821643825251,1.5425494673506728,0.828125,0.875,0.21350802849956663,0.7840492261318124,2.853069148721088,0.5122893689103286,0.6859219021816116,0.8932459857502167,6.0,1.991887823434462,0.8457901280311008,1.5214786036870638,0.6,0.8656470351111165,5.017901435594768,0.8966338887285497,0.3517454336177158,,,,,provisional,0.0,0.0,,,,,,,,,,,,,,,,0.23189248966848713,0.15155651574330672,selected,6.0,1.0,0.16917069912465893,0.07879358916626267,6.0
,,,,,,,,,,,,,,,,,,,,,6.0,0651,stage2_1007_best,6,1.653123769743807,0.606179666036525,1.523064708801618,0.828125,0.875,0.2127019281711734,0.7882313274264354,2.8361453259566347,0.5078873705467774,0.6908342488600381,0.8936490359144134,6.0,1.9640651116901335,0.8461357781340088,1.524394154312601,0.6,0.8647990456042859,5.042259504502263,0.8996282944462262,0.34819298571562374,,,,,final,0.0,0.0,,,,,,,,,,,,,,,,0.23169705900223422,0.1503896046557545,candidate,6.0,1.0,0.16935056645619745,0.07986515125766547,6.0
0.2674650974354973,4.204367068714686,0.32488007102650035,0.3398264444368239,3.0753586248370555,0.45594137861990736,0.20760220570066976,3.9719217889626433,0.36418684897864356,0.2873121901844385,3.753697319665309,0.48256063311961933,0.2794884204191941,3.267636185617395,0.47156107533351727,0.017379452074227145,0.11358055030757035,0.09400037562506182,0.01682244828129129,0.11731714351149714,0.09825301617914421,6.0,0651,stage2_1007_best,6,1.653123769402519,0.6061796662193711,1.5230647082794908,0.828125,0.875,0.21270192840418048,0.7882313275051838,2.8361453269190258,0.5078873708730702,0.6908342487774979,0.8936490357979097,6.0,1.9640651116901335,0.8461357781340088,1.524394154312601,0.6,0.8647990456042859,5.042259504502263,0.8996282944462262,0.34819298571562374,0.17894919216632843,0.34403115701958187,2.184870825442761,2.7693356814075076,final,0.0,0.0,0.001380163860427896,0.0157395702387927,0.007916370317343515,3.5068693826398083,0.24675587291823073,4.171622946362756,0.5108976815223237,1.0846173098078857,0.2567138671875,0.03447593770444497,0.22001876240770876,0.3880109020028377,2.639674199007411,0.5108976815223237,0.6360080286249676,0.23169706086920056,0.15038960209730776,selected,6.0,1.0,0.16935056645619745,0.07986515125766547,6.0
,,,,,,,,,,,,,,,,,,,,,6.0,0652,stage2_1007_best,6,1.8717099314791408,0.6102047559827167,2.257252569675947,0.5677083333333334,0.8153409090909091,0.27633508751849295,0.6441055869349906,3.069681652281771,0.5866401472963078,0.6270922793924855,0.8618324562407534,6.0,2.465855362776014,0.8809987452546519,1.5779850654336414,0.4,0.8623300787764767,5.625220575668526,0.9636410029422967,0.2796350496832062,,,,,base,0.0,0.0,,,,,,,,,,,,,,,,0.26464815252623225,0.15653235641485763,candidate,6.0,1.0,0.11164086204832416,0.03377280989260769,6.0
,,,,,,,,,,,,,,,,,,,,,6.0,0652,stage2_1007_best,6,1.871709931757767,0.6102047559635285,2.2572525691177026,0.5677083333333334,0.8153409090909091,0.2763350876784295,0.6441055872370484,3.0696816523755728,0.5866401474102496,0.6270922791070758,0.8618324561607852,6.0,2.465855362776014,0.8809987452546519,1.5779850654336414,0.4,0.8623300787764767,5.625220575668526,0.9636410029422967,0.2796350496832062,,,,,base,0.0,0.0,,,,,,,,,,,,,,,,0.26464815326560687,0.1565323731466626,selected,6.0,1.0,0.11164086204832416,0.03377280989260769,6.0
,,,,,,,,,,,,,,,,,,,,,6.0,0652,stage2_1007_best,6,2.585846906771069,0.6761352906470515,2.1348985804931737,0.4895833333333333,0.7755681818181818,0.2111031200725713,0.7810002330872812,4.233679034497158,0.7998348126526693,0.41959829349475003,0.8944484399637144,6.0,2.11436690889017,0.8110598705586611,1.8202718588588245,0.4,0.7818257915921629,4.987623152370487,0.8948937899105445,0.3582039234856818,,,,,provisional,0.0,0.0,,,,,,,,,,,,,,,,0.2818976659993887,0.1282759279371632,candidate,6.0,1.0,0.10868531917941208,0.04664474749946794,6.0
,,,,,,,,,,,,,,,,,,,,,6.0,0652,stage2_1007_best,6,2.5858469071059185,0.6761352905432296,2.134898580495617,0.4895833333333333,0.7755681818181818,0.21110311985896493,0.7810002331968313,4.233679034810254,0.799834812703592,0.41959829318346104,0.8944484400705175,6.0,2.1143669083442242,0.8110598720817925,1.820271852482507,0.4,0.7818257935629841,4.987623163434279,0.8948937912383413,0.3582039219348575,,,,,provisional,0.0,0.0,,,,,,,,,,,,,,,,0.2818976673303175,0.12827591379676476,selected,6.0,1.0,0.10868531946041361,0.04664476221651348,6.0
,,,,,,,,,,,,,,,,,,,,,6.0,0652,stage2_1007_best,6,2.692634450050659,0.6733209160646823,2.1457117110125985,0.4947916666666667,0.75,0.20751252243501409,0.7827674312835355,4.271219431016585,0.8053578138544575,0.4129855707080361,0.896243738782493,6.0,2.184548536062687,0.803814145863664,1.8584139180694266,0.4,0.7742366885501273,4.969769164915737,0.8931191790108034,0.3598114020194996,,,,,final,0.0,0.0,,,,,,,,,,,,,,,,0.2813548215803883,0.12904219215159926,candidate,6.0,1.0,0.1085086456013572,0.04782620237324278,6.0
0.2053250514027674,4.370953499954437,0.3375628688124739,0.22375983218373918,3.9131551838667846,0.3884995234165069,0.19803097060470434,4.356633121870432,0.35436705067917573,0.22610664893086158,3.6780039921208787,0.5166700594489648,0.200000997897248,3.8873782502656256,0.3729377858792352,0.11932392617780348,0.7186564256201526,0.14988109237372696,0.11419688741416976,0.687047082395225,0.15006272279646574,6.0,0652,stage2_1007_best,6,2.6926344520232814,0.6733209160689906,2.1457117114386133,0.4947916666666667,0.75,0.20751252218391267,0.7827674313970913,4.271219431087641,0.8053578138506904,0.4129855703192233,0.8962437389080435,6.0,2.184548536062687,0.803814145863664,1.8584139180694266,0.4,0.7742366885501273,4.969769164915737,0.8931191790108034,0.3598114020194996,0.14298801124095917,0.23132300601576125,2.400473112599798,4.0212446804393505,final,0.0,0.0,0.005387682264113067,0.04746039005585567,0.01030773241105395,3.659973007101383,0.1974333620786806,4.356450493124743,0.4241997454515312,1.1669011064202197,0.2777099609375,0.03773213905881807,0.23920074305840164,0.35211270885483226,2.272464870922251,0.4241997454515312,0.6934890198518573,0.28135482028670084,0.12904217560420794,selected,6.0,1.0,0.1085086456013572,0.04782620237324278,6.0
,,,,,,,,,,,,,,,,,,,,,6.0,0653,stage2_1007_best,6,1.6208718181912698,0.5705839565791421,1.84201496280415,0.6614583333333334,0.8267045454545454,0.26920315263440686,0.6605418601210259,2.8017618072489374,0.5038984452415124,0.690635371564846,0.8653984236827966,6.0,1.9870415114575584,0.864979161558307,1.537440411861669,0.4,0.8647136455077653,5.536320520920955,0.9542305451116991,0.26029346587662927,,,,,base,0.0,0.0,,,,,,,,,,,,,,,,0.23469555461746247,0.14666502653003247,candidate,6.0,1.0,0.17970744591146948,0.07149453738019095,6.0
,,,,,,,,,,,,,,,,,,,,,6.0,0653,stage2_1007_best,6,1.620871817388232,0.5705839573485602,1.842014961962376,0.6614583333333334,0.8267045454545454,0.2692031520365708,0.6605418605616723,2.8017618100668447,0.5038984460626285,0.6906353710298574,0.8653984239817146,6.0,1.9870415114575584,0.864979161558307,1.537440411861669,0.4,0.8647136455077653,5.536320520920955,0.9542305451116991,0.26029346587662927,,,,,base,0.0,0.0,,,,,,,,,,,,,,,,0.2346955553256971,0.14666501594302228,selected,6.0,1.0,0.17970744591146948,0.07149453738019095,6.0
,,,,,,,,,,,,,,,,,,,,,6.0,0653,stage2_1007_best,6,1.23411960551865,0.6299715322923568,1.722381277263183,0.7083333333333334,0.8295454545454546,0.26335624405566666,0.6884219235910873,2.5335249899582037,0.4515464488676218,0.7385016005169572,0.8683218779721668,6.0,1.9748984662001967,0.846760609412927,1.516942702641941,0.6,0.861452967536995,4.9971932026987345,0.8957860958936849,0.3402936337139752,,,,,provisional,0.0,0.0,,,,,,,,,,,,,,,,0.24281087022297013,0.1358053004534986,candidate,6.0,1.0,0.18162605606498453,0.07568801989363975,6.0
,,,,,,,,,,,,,,,,,,,,,6.0,0653,stage2_1007_best,6,1.2341196053656711,0.6299715324452559,1.722381276830188,0.7083333333333334,0.8295454545454546,0.26335624341573527,0.6884219238909035,2.533524990252918,0.4515464490926906,0.7385016002913138,0.8683218782921324,6.0,1.9748984662001967,0.846760609412927,1.516942702641941,0.6,0.861452967536995,4.9971932026987345,0.8957860958936849,0.3402936337139752,,,,,provisional,0.0,0.0,,,,,,,,,,,,,,,,0.24281086752804953,0.13580530291157974,selected,6.0,1.0,0.18162605606498453,0.07568801989363975,6.0
,,,,,,,,,,,,,,,,,,,,,6.0,0653,stage2_1007_best,6,1.2144717106796488,0.6366530912153148,1.735424648554669,0.6927083333333334,0.8238636363636364,0.26374897389277896,0.6852558865581672,2.5094925158665284,0.4476349417643846,0.7430018235529098,0.8681255130536107,6.0,2.0114319603665662,0.8426839572601902,1.533106348715278,0.6,0.85776740797029,4.99977510787715,0.8960634091640632,0.3382540698530814,,,,,final,0.0,0.0,,,,,,,,,,,,,,,,0.2432975774851909,0.13462410248745893,candidate,6.0,1.0,0.18106741344487332,0.07661365037289326,6.0
0.2605519247650036,4.156890612231651,0.3771462685871536,0.26855777887106824,3.843305327548314,0.4695910042128832,0.23357426141285853,4.287685609384186,0.27679424831983745,0.23872978823492255,3.003166150586635,0.6502823531175895,0.27689937535199033,3.837699930944029,0.4593601743671731,0.045624230905096784,0.27834717602589715,0.11816523160033948,0.04424085944983535,0.2698492661947038,0.11881034210225438,6.0,0653,stage2_1007_best,6,1.2144717117378345,0.6366530910934602,1.7354246499698434,0.6927083333333334,0.8238636363636364,0.2637489741346061,0.6852558861380267,2.5094925150219765,0.4476349418199488,0.7430018237541836,0.868125512932697,6.0,2.0114319778686607,0.8426839577224606,1.5331063522429205,0.6,0.8577674074065123,4.999775119189525,0.8960634103135838,0.3382540675820434,0.18022577464580536,0.2821172224973318,2.6269894030435337,3.6815844803373268,final,0.0,0.0,0.0013001681793650772,0.02056431614493651,0.007160442431765582,3.3930454853050485,0.22306460952702453,4.011758252770697,0.4437830725473985,1.1329631464591898,0.326171875,0.03759975507334976,0.22888418809599564,0.3743828718699785,2.3710058707064503,0.44378307254739846,0.6776445121551737,0.24329757902216248,0.134624096393418,selected,6.0,1.0,0.18106740975356184,0.07661365068202432,6.0
,,,,,,,,,,,,,,,,,,,,,6.0,0654,stage2_1007_best,6,1.4226806638596747,0.6185035936450806,1.4372155786417475,0.8229166666666666,0.84375,0.23512376020140663,0.7810955964658272,2.69008977832009,0.4683257475272315,0.7233172822641499,0.8824381198992967,6.0,1.9254246963986736,0.8401148767013332,1.639242208395973,0.4,0.8291519524519968,5.378506982086206,0.9385353224007947,0.29685667403828575,,,,,base,0.0,0.0,,,,,,,,,,,,,,,,0.230097348360282,0.14701426059284298,candidate,6.0,1.0,0.20753709313651067,0.08905467681316477,6.0
,,,,,,,,,,,,,,,,,,,,,6.0,0654,stage2_1007_best,6,1.4226806649244115,0.6185035935827398,1.4372155787864294,0.8229166666666666,0.84375,0.2351237606115708,0.7810955965448412,2.690089779964968,0.468325747930233,0.7233172820582133,0.8824381196942148,6.0,1.9254246961312118,0.8401148758171766,1.6392422139233165,0.4,0.8291519508419378,5.378506976998864,0.9385353218440521,0.2968566754369039,,,,,base,0.0,0.0,,,,,,,,,,,,,,,,0.23009735074118198,0.14701425719910946,selected,6.0,1.0,0.20753708783923033,0.08905469187780837,6.0
,,,,,,,,,,,,,,,,,,,,,6.0,0654,stage2_1007_best,6,1.258088306466036,0.6212456696526406,1.2661967757828931,0.90625,0.9232954545454546,0.17162994590015082,0.8542917230380366,2.0740298988222228,0.3461791725906105,0.826612427224395,0.9141850270499248,6.0,1.7015695923259453,0.7580593495662596,1.6807108201719143,0.6,0.807464099572336,4.351549519801885,0.8122345610781868,0.42319474603464985,,,,,provisional,0.0,0.0,,,,,,,,,,,,,,,,0.24933122413788664,0.14692895317791782,candidate,6.0,1.0,0.19691723668013397,0.11001046269934539,6.0
,,,,,,,,,,,,,,,,,,,,,6.0,0654,stage2_1007_best,6,1.2580883059547228,0.6212456698838196,1.2661967756984471,0.90625,0.9232954545454546,0.17162994583653693,0.8542917229751295,2.074029900311249,0.3461791731128212,0.826612426993187,0.9141850270817315,6.0,1.701569594084374,0.7580593517754941,1.6807108183477,0.6,0.8074641007322647,4.351549524056098,0.8122345614881092,0.42319474568332655,,,,,provisional,0.0,0.0,,,,,,,,,,,,,,,,0.24933122845819186,0.14692896136679884,selected,6.0,1.0,0.19691722835921946,0.11001046461285031,6.0
,,,,,,,,,,,,,,,,,,,,,6.0,0654,stage2_1007_best,6,1.2741284700269573,0.61688719250776,1.2706475859241813,0.90625,0.9232954545454546,0.17454246428608106,0.8538163875232486,2.0932911020354203,0.350921358866261,0.8229824910567033,0.9127287678569594,6.0,1.7142795359721485,0.760082709658857,1.6739308737852334,0.6,0.8070093356271488,4.3410118172045955,0.8108002559686732,0.425742262869133,,,,,final,0.0,0.0,,,,,,,,,,,,,,,,0.24822979295078992,0.14670884202533088,candidate,6.0,1.0,0.19727119157677517,0.10971457688645497,6.0
0.25780204150581526,4.384878375084422,0.2772148205159831,0.23074502298224878,4.4032237559310285,0.23755381267492207,0.1268451330009851,4.4094925853407005,0.37402586215055755,0.26322830410308745,3.9084943410394324,0.4580395757134259,0.23946715139997413,4.502361561105627,0.2765045088078985,0.06504497273836635,0.25719825966455573,0.1621177445587848,0.06558491545112499,0.2617712218523023,0.15891511732451588,6.0,0654,stage2_1007_best,6,1.2741284695006414,0.6168871930013496,1.2706475862855782,0.90625,0.9232954545454546,0.17454246406926763,0.853816387377522,2.093291103859745,0.35092135954703596,0.8229824907239408,0.9127287679653662,6.0,1.7142795455161666,0.7600827108938254,1.6739308749648714,0.6,0.807009336504781,4.341011827310571,0.8108002572559662,0.4257422611218896,0.14404037594795227,0.2148190223345213,2.8211574855777797,4.365052013849074,final,0.0,0.0,0.0013941039801420565,0.010452072365624574,0.008820022218304463,3.8986949464231744,0.21012633546147105,4.495099260101168,0.4785624814035718,1.1129640809691879,0.2545166015625,0.03625011556771366,0.23018250147990515,0.3712650614194122,2.475793294007792,0.4785624814035718,0.6567698274722329,0.24822979305065768,0.1467088381410329,selected,6.0,1.0,0.1972711882702124,0.10971460044799891,6.0
,,,,,,,,,,,,,,,,,,,,,6.0,0655,stage2_1007_best,6,1.7166750939719457,0.5508533650032451,1.5447543815921434,0.7916666666666666,0.8210227272727273,0.24684354624244859,0.7675565432897585,2.6064401942695947,0.4625957738694297,0.7167826555622852,0.8765782268787756,6.0,1.6896758012779947,0.8692713486808183,1.5458803260677885,0.4,0.8514308903490603,5.391006114623838,0.938088246249075,0.29590350571220797,,,,,base,0.0,0.0,,,,,,,,,,,,,,,,0.23730286664108555,0.15335467965036984,candidate,6.0,1.0,0.19326810676371942,0.08377482714407444,6.0
,,,,,,,,,,,,,,,,,,,,,6.0,0655,stage2_1007_best,6,1.7166750938022695,0.5508533653283905,1.54475438093382,0.7916666666666666,0.8210227272727273,0.24684354613613954,0.7675565435844015,2.6064401957669383,0.46259577442290467,0.7167826552781807,0.8765782269319302,6.0,1.6896757960570932,0.8692713488078726,1.5458803252533042,0.4,0.8514308903694054,5.39100611415523,0.9380882462010032,0.29590350584186526,,,,,base,0.0,0.0,,,,,,,,,,,,,,,,0.2373028707261085,0.15335468105188244,selected,6.0,1.0,0.19326810110664427,0.08377484130651182,6.0
,,,,,,,,,,,,,,,,,,,,,6.0,0655,stage2_1007_best,6,1.5885071919607292,0.541987147761676,1.3871689211026625,0.8854166666666666,0.8948863636363636,0.21239801837765723,0.8239811362512909,2.290648604309149,0.3989091584292957,0.7805594685296539,0.8938009908111714,6.0,1.7098261691403076,0.8173667230064063,1.4513685019844382,0.8,0.8605267141508588,4.342554613003219,0.8163470777277025,0.4467778705348329,,,,,provisional,0.0,0.0,,,,,,,,,,,,,,,,0.24073918010114617,0.15197726137364567,candidate,6.0,1.0,0.18961496827157073,0.10443519328196686,6.0
,,,,,,,,,,,,,,,,,,,,,6.0,0655,stage2_1007_best,6,1.5885071918018128,0.5419871478772418,1.387168921082846,0.8854166666666666,0.8948863636363636,0.2123980184917735,0.8239811362395968,2.290648603974763,0.39890915873506666,0.7805594685435283,0.8938009907541132,6.0,1.7098262024445374,0.8173667190038977,1.4513685126774916,0.8,0.8605267102614998,4.3425546001886275,0.81634707599952,0.44677787338163066,,,,,provisional,0.0,0.0,,,,,,,,,,,,,,,,0.24073918676408285,0.1519772618195389,selected,6.0,1.0,0.18961496543800854,0.10443519252531024,6.0
,,,,,,,,,,,,,,,,,,,,,6.0,0655,stage2_1007_best,6,1.572428889756043,0.5459641351292653,1.3681157831041288,0.890625,0.8977272727272727,0.20931705115736257,0.8296944651280751,2.285700500549279,0.3971948704824678,0.7824295393051738,0.8953414744213187,6.0,1.7677809072795734,0.8205888522316983,1.433475353077381,0.8,0.8674893616297424,4.3123198574973856,0.8124368556827953,0.4507738081113778,,,,,final,0.0,0.0,,,,,,,,,,,,,,,,0.24104966237548722,0.15113040159786154,candidate,6.0,1.0,0.19031947583260042,0.10309120307719623,6.0
0.24048447457296887,4.1695847284010075,0.3629609940163803,0.2977476801446311,3.0973027027713047,0.5078257896884122,0.19635263301979483,2.8996223518439557,0.6485653950165722,0.2478215331309423,3.924991826475149,0.44710572609750426,0.27469653622203477,3.4462007232990053,0.41155668334079,0.04285561270510918,0.22419652498125484,0.18037161110468994,0.04397749655644665,0.2257407695528546,0.17563191243150442,6.0,0655,stage2_1007_best,6,1.572428889566201,0.5459641354174474,1.3681157830558897,0.890625,0.8977272727272727,0.20931705153471702,0.8296944651508738,2.285700500822602,0.39719487074819504,0.7824295392776044,0.8953414742326415,6.0,1.7677808896537,0.8205888528467679,1.4334753520574763,0.8,0.8674893617674571,4.312319860932289,0.8124368561074538,0.4507738074930165,0.16847477853298187,0.3159889730573738,2.5197430131858396,3.066719309954257,final,0.0,0.0,0.0010552701769655282,0.012585183019817231,0.009567667310925525,3.3472068529408263,0.21374430421273236,4.043671322374289,0.43498412457403773,1.1269606038339446,0.3037109375,0.035966025825903934,0.22945743484633965,0.37420854310408586,2.3054312564582187,0.43498412457403773,0.6915309785130961,0.24104965844480794,0.15113038464926615,selected,6.0,1.0,0.1903194756096259,0.10309121636343514,6.0
,,,,,,,,,,,,,,,,,,,,,6.0,0656,stage2_1007_best,6,1.4289375518813494,0.6516840571931646,1.4286576904332158,0.8072916666666666,0.8522727272727273,0.2041468641133635,0.7985609124250391,2.7463206550602686,0.4817992526274046,0.7022234435925521,0.8979265679433183,6.0,2.300325962390981,0.8427498992192238,1.6793792360524848,0.6,0.8244277634144865,5.404325127825466,0.9415384633530134,0.2958072396492121,,,,,base,0.0,0.0,,,,,,,,,,,,,,,,0.23660508184037918,0.1381141236160396,candidate,6.0,1.0,0.21786998999883633,0.094940275806321,6.0
,,,,,,,,,,,,,,,,,,,,,6.0,0656,stage2_1007_best,6,1.428937551978401,0.6516840578738904,1.4286576905777486,0.8072916666666666,0.8522727272727273,0.20414686355676046,0.7985609125906026,2.746320657150427,0.48179925325713,0.7022234433351281,0.8979265682216198,6.0,2.3003259505068554,0.8427498976693274,1.6793792411442645,0.6,0.8244277617673894,5.404325123475779,0.9415384629072137,0.29580723979805734,,,,,base,0.0,0.0,,,,,,,,,,,,,,,,0.23660508077981005,0.138114129656874,selected,6.0,1.0,0.21786998721432146,0.09494028596979467,6.0
,,,,,,,,,,,,,,,,,,,,,6.0,0656,stage2_1007_best,6,1.6968950665326303,0.5356937507884127,1.3953787355646712,0.875,0.8494318181818182,0.218147359032449,0.8229486810995659,2.554149453179372,0.44907205437989,0.7223778121796011,0.8909263204837754,6.0,2.016239415555727,0.8047681013928235,1.7781065286834403,0.6,0.7914110957672993,4.670604486958964,0.859664975320864,0.3832867482757621,,,,,provisional,0.0,0.0,,,,,,,,,,,,,,,,0.23827074597505427,0.13719766618820126,candidate,6.0,1.0,0.21494345507345686,0.10772023962999291,6.0
,,,,,,,,,,,,,,,,,,,,,6.0,0656,stage2_1007_best,6,1.6968950665126836,0.5356937510901649,1.395378735952069,0.875,0.8494318181818182,0.2181473588642152,0.8229486810190796,2.5541494545468817,0.44907205481732,0.7223778119663318,0.8909263205678924,6.0,2.016239428350618,0.8047681025826635,1.7781065216208027,0.6,0.7914110982479969,4.670604495579555,0.8596649763885909,0.3832867470492646,,,,,provisional,0.0,0.0,,,,,,,,,,,,,,,,0.23827074597505427,0.13719766211295503,selected,6.0,1.0,0.21494345311352392,0.10772021583413798,6.0
,,,,,,,,,,,,,,,,,,,,,6.0,0656,stage2_1007_best,6,1.701177282580564,0.5355919745231711,1.4025600221961374,0.875,0.8494318181818182,0.22066512114393505,0.8195677201840129,2.555967978874824,0.44935768154880806,0.7221617470928784,0.8896674394280324,6.0,2.0167768503708947,0.8041456462003299,1.7838482026491662,0.6,0.7898042089598083,4.672544181246591,0.8599038422592228,0.3831038314694903,,,,,final,0.0,0.0,,,,,,,,,,,,,,,,0.23802825863451949,0.13691528242955717,candidate,6.0,1.0,0.21490051512439692,0.10742243565888096,6.0
0.295322965433675,3.943183660067619,0.36822857469186443,0.31392071388104203,3.433517232184589,0.4044619235330949,0.2111238407983297,4.011346073592853,0.34102423449231806,0.2857495450030101,3.757508830004171,0.49334106957142915,0.31628682564368005,3.3607518615314467,0.43664242859640867,0.08406473348969844,0.2715898185569447,0.19683764078498814,0.08424278579536264,0.27072852212497256,0.19781595358065196,6.0,0656,stage2_1007_best,6,1.7011772831804561,0.5355919745161523,1.402560023156962,0.875,0.8494318181818182,0.2206651215917611,0.8195677198776977,2.5559679792034697,0.44935768174902285,0.7221617470177977,0.8896674392041195,6.0,2.0167768465140474,0.8041456463590302,1.7838482022126667,0.6,0.7898042085490916,4.6725441759563076,0.8599038416444283,0.38310383170702567,0.1655491143465042,0.31850933703744944,2.44414433334925,3.357873302467703,final,0.0,0.0,0.001097115046982383,0.007723748739309161,0.0055200769173419624,3.441475973016637,0.24932435971873632,4.037021328522922,0.4925218276244272,1.0801369863502315,0.29638671875,0.036767505617719895,0.21795073690947828,0.3931867350897855,2.5436789602071523,0.4925218276244272,0.6442006421322317,0.23802825947923828,0.136915277602917,selected,6.0,1.0,0.2149005035821322,0.10742242579115147,6.0
,,,,,,,,,,,,,,,,,,,,,6.0,0657,stage2_1007_best,6,1.594654927819592,0.6002142209465219,1.8510554689985577,0.671875,0.8380681818181818,0.25467122711506257,0.675728603176192,2.9086618468979117,0.5223661353444635,0.6754512270315197,0.8726643864424687,6.0,2.607953674430601,0.8684711038688164,1.546271358412642,0.4,0.868158941303515,5.482841864672156,0.9493820829681302,0.28373698630082383,,,,,base,0.0,0.0,,,,,,,,,,,,,,,,0.23467496183723882,0.15102681651801278,candidate,6.0,1.0,0.18059284989956373,0.05864042861839422,6.0
,,,,,,,,,,,,,,,,,,,,,6.0,0657,stage2_1007_best,6,1.5946549274431654,0.6002142213246294,1.8510554689012098,0.671875,0.8380681818181818,0.2546712269957071,0.6757286030813678,2.908661847771317,0.5223661357671929,0.6754512269499712,0.8726643865021465,6.0,2.6079536572955067,0.8684711037873885,1.546271360942678,0.4,0.8681589404447644,5.482841864609356,0.9493820829614574,0.28373698737803843,,,,,base,0.0,0.0,,,,,,,,,,,,,,,,0.23467495751564563,0.1510267844840845,selected,6.0,1.0,0.1805928496715058,0.058640452266929266,6.0
,,,,,,,,,,,,,,,,,,,,,6.0,0657,stage2_1007_best,6,1.2178860313709967,0.7011415329295367,1.3244809904440409,0.859375,0.8551136363636364,0.21155607074250568,0.8126114617996102,2.8821005738135406,0.49487312703172853,0.7005217306246335,0.894221964628747,6.0,2.012692608325005,0.802683896972813,1.8091292903603866,0.4,0.7813328682828948,4.649392954772392,0.8552281924345293,0.38833668992807663,,,,,provisional,0.0,0.0,,,,,,,,,,,,,,,,0.23114348041698254,0.13300019501999738,candidate,6.0,1.0,0.1770408415851852,0.07712373739069585,6.0
,,,,,,,,,,,,,,,,,,,,,6.0,0657,stage2_1007_best,6,1.2178860320060472,0.7011415329029286,1.3244809905022792,0.859375,0.8551136363636364,0.2115560706226363,0.8126114617241842,2.882100573902305,0.49487312727922633,0.7005217306657466,0.894221964688682,6.0,2.012692608325005,0.802683896972813,1.8091292903603866,0.4,0.7813328682828948,4.649392954772392,0.8552281924345293,0.38833668992807663,,,,,provisional,0.0,0.0,,,,,,,,,,,,,,,,0.23114347385781514,0.13300016243017587,selected,6.0,1.0,0.1770408415851852,0.07712373739069585,6.0
,,,,,,,,,,,,,,,,,,,,,6.0,0657,stage2_1007_best,6,1.2112025764639422,0.7013623609263002,1.3284410164680664,0.8541666666666666,0.8465909090909091,0.21188903532759829,0.8095016141841191,2.890337407455844,0.49617367264230194,0.6988102239847575,0.8940554823362009,6.0,2.0395222768291577,0.790967507266645,1.8504003957577344,0.4,0.7697448419196412,4.647357093899993,0.8547172848749499,0.3885144585647639,,,,,final,0.0,0.0,,,,,,,,,,,,,,,,0.23075336642020383,0.13339128497769637,candidate,6.0,1.0,0.17646975309437934,0.0795136670823917,6.0
0.23190117217910505,4.4385548774825985,0.33403612868315213,0.28461325109013924,4.051472302002444,0.26565414379570135,0.16259779345331715,4.4701794188627755,0.3069777098303798,0.24502606378031552,3.1124086470459287,0.6305972298736267,0.2664195248339317,4.095743806444559,0.31690933658479026,0.05437726601986948,0.32715139094362344,0.13191375462390115,0.05387783693918169,0.3248471699495146,0.1317718412087406,6.0,0657,stage2_1007_best,6,1.211202576759526,0.7013623612355776,1.328441016679388,0.8541666666666666,0.8465909090909091,0.21188903544152654,0.809501613997548,2.8903374088088998,0.4961736732810762,0.698810223824399,0.8940554822792367,6.0,2.0395222768291577,0.790967507266645,1.8504003957577344,0.4,0.7697448419196412,4.647357093899993,0.8547172848749499,0.3885144585647639,0.14280915260314941,0.29684164039138394,2.488546829320613,3.9161395805448254,final,0.0,0.0,0.0018676868177522636,0.01823451315410288,0.010101351311996664,3.7763428191312474,0.20213165622064314,4.347030193058165,0.4419047068196196,1.1362452505081453,0.32177734375,0.03722220120114042,0.23490144078186978,0.3666913815282507,2.340659167401129,0.4419047068196195,0.6804950036254446,0.23075336972521726,0.13339130099101648,selected,6.0,1.0,0.17646975309437934,0.0795136670823917,6.0
,,,,,,,,,,,,,,,,,,,,,6.0,0658,stage2_1007_best,6,1.6896029412631477,0.5986921978822219,2.3851011241724143,0.4479166666666667,0.8551136363636364,0.22842814843886614,0.6116140543655683,3.4595071756188354,0.6581104700970937,0.5604831648812687,0.885785925780567,6.0,2.5803034607128432,0.8553420881038429,1.60834796721256,0.4,0.8518688143404752,5.555760663330197,0.9568634326548933,0.27135538696318084,,,,,base,0.0,0.0,,,,,,,,,,,,,,,,0.23508315955043607,0.162973653897503,candidate,6.0,1.0,0.18525743133480224,0.07018169210532497,6.0
,,,,,,,,,,,,,,,,,,,,,6.0,0658,stage2_1007_best,6,1.6896029429078165,0.598692198038452,2.3851011248395113,0.4479166666666667,0.8551136363636364,0.22842814840511358,0.611614054375742,3.459507175475507,0.6581104700796166,0.5604831648117777,0.8857859257974432,6.0,2.580303469307608,0.8553420875525043,1.6083479719053495,0.4,0.8518688133403097,5.555760661756598,0.9568634324903269,0.2713553879052016,,,,,base,0.0,0.0,,,,,,,,,,,,,,,,0.2350831537558457,0.16297364866158645,selected,6.0,1.0,0.18525743130290456,0.07018169973935348,6.0
,,,,,,,,,,,,,,,,,,,,,6.0,0658,stage2_1007_best,6,1.4576754562231458,0.6168410836974911,1.6104730964942862,0.796875,0.9403409090909091,0.17124768215208486,0.804223879917237,2.572796103888933,0.5037804592712547,0.7016654014018128,0.9143761589239575,6.0,1.992516705726194,0.7781810018914459,1.8399351717307124,0.6,0.7635467000619928,4.774820749961125,0.8715279203773559,0.3944174465203347,,,,,provisional,0.0,0.0,,,,,,,,,,,,,,,,0.25886777326035143,0.1698270109828319,candidate,6.0,1.0,0.18280257659162544,0.08664792575307977,6.0
,,,,,,,,,,,,,,,,,,,,,6.0,0658,stage2_1007_best,6,1.4576754550466062,0.6168410836402296,1.6104730961679314,0.796875,0.9403409090909091,0.1712476826574966,0.8042238798204561,2.5727961043532317,0.5037804594986897,0.7016654013971474,0.9143761586712518,6.0,1.9925166981533438,0.7781810023339789,1.8399351688368095,0.6,0.7635467006519281,4.774820751018583,0.8715279204930925,0.39441744703405374,,,,,provisional,0.0,0.0,,,,,,,,,,,,,,,,0.25886777992563154,0.1698269783412657,selected,6.0,1.0,0.1828025799029944,0.08664792285568089,6.0
,,,,,,,,,,,,,,,,,,,,,6.0,0658,stage2_1007_best,6,1.5240309374555756,0.609204778038315,1.625753638803958,0.796875,0.9403409090909091,0.17573000894722435,0.8035626686191012,2.588716216128799,0.5077474797658046,0.6971212216735593,0.912134995526388,6.0,1.9647586887105106,0.779058680419111,1.827517096804694,0.6,0.7657313653184157,4.7688088580420676,0.8710070837988634,0.3950580376792163,,,,,final,0.0,0.0,,,,,,,,,,,,,,,,0.2581679982435036,0.17234436892229163,candidate,6.0,1.0,0.18267177654281244,0.0865456689263732,6.0
0.2762709508626701,3.9366600614351945,0.34411096760175774,0.24222726901613165,4.113646195606618,0.3068092356555188,0.15266217048196445,4.104843999996608,0.3671663419118789,0.28768145933613665,3.5378403023646157,0.5419055755147237,0.26556690992061943,3.6135606538734435,0.40652330993818925,0.06968342988239142,0.879822067357661,0.15213829409240023,0.07045048301526362,0.8844485131618268,0.1502066609606063,6.0,0658,stage2_1007_best,6,1.5240309345815097,0.6092047786365459,1.625753638083316,0.796875,0.9403409090909091,0.175730008660311,0.8035626684839169,2.5887162155607455,0.5077474797120153,0.6971212219102018,0.9121349956698446,6.0,1.9647586817487839,0.7790586817533252,1.8275170861372512,0.6,0.765731367693118,4.76880887101953,0.8710070852453048,0.39505803512123405,0.16541318595409393,0.253283511517464,2.5037162392249206,3.8420421124186332,final,0.0,0.0,0.00137429344028902,0.01776096743596011,0.006377777987998518,3.513698670151409,0.23383823771772042,4.203006849236676,0.48226162301643294,1.1247412381053006,0.2642822265625,0.037849355721284485,0.22533798600573532,0.3746314208697389,2.5007896113161543,0.48226162301643294,0.6421654765441679,0.2581679980030766,0.17234438145333894,selected,6.0,1.0,0.18267177654281244,0.0865456689263732,6.0
,,,,,,,,,,,,,,,,,,,,,6.0,0659,stage2_1007_best,6,1.9591666960369325,0.5482974896860657,2.5265094025310013,0.4375,0.7556818181818182,0.3111808171523775,0.6109148910664491,3.4444049932869265,0.6523944289437382,0.5653783203376237,0.8444095914238112,6.0,2.4111359373729573,0.8803735303288175,1.510728669219028,0.2,0.8750549787960441,5.62758154762748,0.9640807147799133,0.25969035070247226,,,,,base,0.0,0.0,,,,,,,,,,,,,,,,0.24794167252735108,0.179508474773881,candidate,6.0,1.0,0.14846609038427727,0.049983222050099994,6.0
,,,,,,,,,,,,,,,,,,,,,6.0,0659,stage2_1007_best,6,1.959166696297523,0.5482974893320642,2.5265094026879362,0.4375,0.7556818181818182,0.31118081755361277,0.6109148909606973,3.4444049930739844,0.6523944287582161,0.5653783203381676,0.8444095912231937,6.0,2.411135928517436,0.8803735311357047,1.5107286656956491,0.2,0.8750549796466309,5.6275815494545425,0.964080714955186,0.2596903501204978,,,,,base,0.0,0.0,,,,,,,,,,,,,,,,0.24794167130254444,0.17950848415091783,selected,6.0,1.0,0.14846609066049496,0.049983228046955916,6.0
,,,,,,,,,,,,,,,,,,,,,6.0,0659,stage2_1007_best,6,2.2224145137973785,0.5997905604446775,1.7303562742691718,0.7760416666666666,0.8778409090909091,0.22673478068472674,0.7923452332013556,2.795807761383836,0.5504725806884655,0.6340503681165642,0.8866326096576366,6.0,2.2808640363547923,0.8281238588070293,1.660796253263536,0.4,0.8338189428054982,5.1149824372546515,0.9102828319800879,0.32096967650634495,,,,,provisional,0.0,0.0,,,,,,,,,,,,,,,,0.2585683397290311,0.18889342675521223,candidate,6.0,1.0,0.14590871905582314,0.0629773160140104,6.0
,,,,,,,,,,,,,,,,,,,,,6.0,0659,stage2_1007_best,6,2.222414513093971,0.5997905605710411,1.730356273314017,0.7760416666666666,0.8778409090909091,0.22673477997108327,0.792345233292683,2.795807761662233,0.5504725807381703,0.6340503682261178,0.8866326100144584,6.0,2.280864037404784,0.8281238587900002,1.6607962553743263,0.4,0.8338189421251181,5.114982433555276,0.9102828315989486,0.32096967704538476,,,,,provisional,0.0,0.0,,,,,,,,,,,,,,,,0.2585683373561018,0.1888934299009821,selected,6.0,1.0,0.14590872341917177,0.06297729922733605,6.0
,,,,,,,,,,,,,,,,,,,,,6.0,0659,stage2_1007_best,6,2.192495324419032,0.6006782485170035,1.7026799642906716,0.7864583333333334,0.8835227272727273,0.2215187554840513,0.7972691772557874,2.773089846333223,0.5452865069926878,0.639601565072307,0.8892406222579744,6.0,2.202392291762259,0.8251186407270297,1.6681859742940357,0.4,0.8297492287506986,5.099409290858899,0.9085840230426488,0.3221497469066339,,,,,final,0.0,0.0,,,,,,,,,,,,,,,,0.2596067440273738,0.1879626882508973,candidate,6.0,1.0,0.14567818548096262,0.06392496712980493,6.0
0.2622854201838567,4.320681310656399,0.32104123177012334,0.2630050028440206,3.8533976172562094,0.36811388124543415,0.22883144314755202,4.026095221381076,0.3716706552464812,0.23078278825204993,3.6699166692908753,0.5179828983488414,0.2714574098250456,4.106354842373063,0.39600418671327053,0.07603660938561059,1.083238652872385,0.13148218085295826,0.073379465724494,1.0730049465470652,0.13115902350970446,6.0,0659,stage2_1007_best,6,2.192495323488734,0.6006782487468619,1.702679963269526,0.7864583333333334,0.8835227272727273,0.22151875543230765,0.7972691774041588,2.773089845217878,0.5452865068073733,0.6396015652586633,0.889240622283846,6.0,2.202392291762259,0.8251186407270297,1.6681859742940357,0.4,0.8297492287506986,5.099409290858899,0.9085840230426488,0.3221497469066339,0.1735738217830658,0.27773898662022384,2.4784281997331457,3.85465763986036,final,0.0,0.0,0.001370091027799501,0.02142917506113216,0.009633159773212356,3.6660629978895978,0.21502391353963815,4.297236304784634,0.4683868647899051,1.1436705584119904,0.287109375,0.039345219889473294,0.2313596542544536,0.36362157480804724,2.455327748950986,0.46838686478990504,0.652926590342515,0.25960674659196414,0.18796270224402498,selected,6.0,1.0,0.14567818548096262,0.06392496712980493,6.0
,,,,,,,,,,,,,,,,,,,,,6.0,0660,stage2_1007_best,6,1.8326877291661914,0.49737922987071925,2.3154482973355006,0.4947916666666667,0.8494318181818182,0.2730607008442235,0.5983798554708933,3.123296366321551,0.5859631174277474,0.6291962932562465,0.8634696495778882,6.0,2.131110828482112,0.7713241947086736,1.9362381436962848,0.4,0.7453736273837314,5.188765068810172,0.9184901899505276,0.32084714097186495,,,,,base,0.0,0.0,,,,,,,,,,,,,,,,0.23694381285935062,0.18688786447543723,candidate,6.0,1.0,0.237469672732394,0.1173710331760651,6.0
,,,,,,,,,,,,,,,,,,,,,6.0,0660,stage2_1007_best,6,1.8326877301273912,0.4973792292830037,2.315448298310436,0.4947916666666667,0.8494318181818182,0.27306070101446894,0.5983798552608899,3.1232963650688013,0.5859631172189381,0.6291962934287785,0.8634696494927656,6.0,2.1311108202442566,0.7713241947666459,1.9362381445420371,0.4,0.7453736266371822,5.188765067046241,0.9184901897666735,0.3208471421058739,,,,,base,0.0,0.0,,,,,,,,,,,,,,,,0.23694381613127838,0.18688786657337383,selected,6.0,1.0,0.23746967098650779,0.11737103227877903,6.0
,,,,,,,,,,,,,,,,,,,,,6.0,0660,stage2_1007_best,6,2.178095964590859,0.4868434093668723,2.592130652259343,0.4739583333333333,0.8323863636363636,0.2874730478593499,0.5526658946477377,2.9325061102804355,0.5478388238116862,0.6668396268740734,0.856263476070325,6.0,1.8840951217873247,0.7010010587313894,2.019114870951642,0.4,0.7037581080438214,4.615680049737019,0.8504492933235542,0.36826405771907617,,,,,provisional,0.0,0.0,,,,,,,,,,,,,,,,0.23143488717046562,0.195097920007634,candidate,6.0,1.0,0.2247040625061837,0.14703797254529083,6.0
,,,,,,,,,,,,,,,,,,,,,6.0,0660,stage2_1007_best,6,2.1780959656546415,0.4868434093142853,2.592130652282832,0.4739583333333333,0.8323863636363636,0.28747304785508504,0.5526658946406978,2.932506111307513,0.5478388241493228,0.6668396269258539,0.8562634760724575,6.0,1.8840951217873247,0.7010010587313894,2.019114870951642,0.4,0.7037581080438214,4.615680049737019,0.8504492933235542,0.36826405771907617,,,,,provisional,0.0,0.0,,,,,,,,,,,,,,,,0.23143488790195046,0.19509792462226522,selected,6.0,1.0,0.2247040625061837,0.14703797254529083,6.0
,,,,,,,,,,,,,,,,,,,,,6.0,0660,stage2_1007_best,6,2.1687768188677525,0.4890991171488863,2.586001623480553,0.4739583333333333,0.8323863636363636,0.28673764936426277,0.552702525192326,2.9392636287207985,0.5488215648990769,0.6663321685176412,0.8566311753178685,6.0,1.89991837820186,0.7048907427185974,2.019624134511246,0.4,0.704921024958107,4.622844568151827,0.8513350267039166,0.36725304277196125,,,,,final,0.0,0.0,,,,,,,,,,,,,,,,0.2312578825931653,0.1940444039348102,candidate,6.0,1.0,0.2254773452169898,0.14518148936459152,6.0
0.27218111770023673,3.6240264482798867,0.3906067540238473,0.22547138307450423,3.036381925270361,0.484871055581744,0.11672424270660646,4.319881951412754,0.3099237648777064,0.3168047122625172,4.325799031613263,0.27308915452717847,0.24875093329657308,3.4110216961884454,0.41260052599492003,0.03487338680325429,0.2353085483187224,0.10416362656468288,0.03632382327980425,0.23766871187501867,0.10435525611067888,6.0,0660,stage2_1007_best,6,2.1687768215327807,0.48909911705856907,2.5860016251038185,0.4739583333333333,0.8323863636363636,0.28673764895906195,0.5527025251403864,2.939263628841701,0.5488215650691515,0.6663321684149555,0.8566311755204691,6.0,1.899918381410338,0.7048907421185078,2.019624136658788,0.4,0.7049210244981274,4.622844566021125,0.8513350264589745,0.367253042740567,0.11358942836523056,0.21397181979166183,2.533008354953288,2.9038305827393462,final,0.0,0.0,0.0005949494134518467,0.010588236713271845,0.004387854486026081,3.5681158253541674,0.245939922148679,4.24883233289866,0.5062624982765838,1.096087754875461,0.2691650390625,0.03514371836903733,0.22165318680056387,0.3816228831067646,2.602526244506239,0.5062624982765838,0.6414175189309582,0.23125788918226506,0.19404437730026697,selected,6.0,1.0,0.22547734735353367,0.14518150522640333,6.0
,,,,,,,,,,,,,,,,,,,,,6.0,0661,stage2_1007_best,6,1.8017195969794182,0.47720010436781446,2.178010020209094,0.7083333333333334,0.8323863636363636,0.2772378337254246,0.6807007125194733,2.977324958669867,0.5754918725053898,0.6361200288766414,0.8613810831372878,6.0,1.8753249818460285,0.9128463737181671,1.338647324102428,0.6,0.9108784632239167,5.5911893712632486,0.9604362983284883,0.26054532127655916,,,,,base,0.0,0.0,,,,,,,,,,,,,,,,0.2551849334000426,0.19699118058532558,candidate,6.0,1.0,0.1965927202692232,0.0604406655077598,6.0
,,,,,,,,,,,,,,,,,,,,,6.0,0661,stage2_1007_best,6,1.8017195973173532,0.4772001048727219,2.178010019386034,0.7083333333333334,0.8323863636363636,0.27723783321218465,0.6807007127237725,2.9773249600775773,0.5754918729548992,0.6361200285707992,0.8613810833939077,6.0,1.8753249818460285,0.9128463737181671,1.338647324102428,0.6,0.9108784632239167,5.5911893712632486,0.9604362983284883,0.26054532127655916,,,,,base,0.0,0.0,,,,,,,,,,,,,,,,0.25518493680817367,0.19699117168245686,selected,6.0,1.0,0.1965927202692232,0.0604406655077598,6.0
,,,,,,,,,,,,,,,,,,,,,6.0,0661,stage2_1007_best,6,2.397837870411595,0.41238587711911784,1.5564341031176951,0.875,0.9204545454545454,0.19564816424386902,0.8278711304101825,2.8011070702720766,0.5551051523557973,0.6693007454663222,0.9021759178780655,6.0,1.7894902323241468,0.8633789580983465,1.4857493352826021,0.4,0.8619676236527696,5.123974325168825,0.9078770584070875,0.3279789218503134,,,,,provisional,0.0,0.0,,,,,,,,,,,,,,,,0.26544819408058784,0.22894628263625147,candidate,6.0,1.0,0.19385642866742006,0.08398629432547167,6.0
,,,,,,,,,,,,,,,,,,,,,6.0,0661,stage2_1007_best,6,2.3978378721968006,0.41238587689938255,1.556434105208145,0.875,0.9204545454545454,0.19564816452432848,0.8278711299912286,2.8011070709550423,0.5551051525610705,0.6693007454200939,0.9021759177378357,6.0,1.7894902417624599,0.8633789577350847,1.4857493360693212,0.4,0.861967623303211,5.12397431547685,0.907877057392343,0.32797892359557107,,,,,provisional,0.0,0.0,,,,,,,,,,,,,,,,0.2654481953708542,0.22894629843114103,selected,6.0,1.0,0.19385642581151843,0.08398627984362252,6.0
,,,,,,,,,,,,,,,,,,,,,6.0,0661,stage2_1007_best,6,2.4085842417764725,0.4115937893406365,1.5460595290089654,0.875,0.9204545454545454,0.1951521335196598,0.8300409094029689,2.7727549746402325,0.5488786382535064,0.6750694101353981,0.9024239332401702,6.0,1.7893430427050563,0.8652550406478123,1.4836102835618148,0.6,0.8623932383374301,5.12994706551801,0.9087614331486695,0.3284175568188964,,,,,final,0.0,0.0,,,,,,,,,,,,,,,,0.26504072745592494,0.23029962225631276,candidate,6.0,1.0,0.19411838776277998,0.0838455903140836,6.0
0.24304982473958026,4.2510792657271494,0.3773385771599037,0.2737402363898797,3.440052239472898,0.42967051546125157,0.1739448685251666,3.279418797558936,0.585106721389477,0.23952775060344986,3.3076920580712,0.5495242080769744,0.2719465172738818,3.826560524226689,0.43549304291267654,0.07258634183481623,0.45656143048192455,0.09452148351388295,0.07332501985171029,0.45069657916024974,0.09520801609091499,6.0,0661,stage2_1007_best,6,2.408584235458172,0.4115937898032386,1.5460595284222025,0.875,0.9204545454545454,0.1951521338018506,0.8300409094361033,2.7727549747323583,0.5488786383217318,0.6750694101150486,0.9024239330990746,6.0,1.7893430427050563,0.8652550406478123,1.4836102835618148,0.6,0.8623932383374301,5.12994706551801,0.9087614331486695,0.3284175568188964,0.17438873648643494,0.28049063481984754,2.4678588497643226,3.1333360719130763,final,0.0,0.0,0.0012841741746610032,0.018100552593107257,0.007741955627491837,3.690005345713283,0.20681808138648014,4.316718369777445,0.4593461877694466,1.1350529516020713,0.3140869140625,0.036287188462851894,0.23554987414096248,0.3611662726410045,2.433687284782885,0.4593461877694466,0.686781824667541,0.26504072709569443,0.23029962616850652,selected,6.0,1.0,0.19411838776277998,0.0838455903140836,6.0
,,,,,,,,,,,,,,,,,,,,,6.0,0662,stage2_1007_best,6,1.6825849422394332,0.5216642519986475,1.9864901567467512,0.5625,0.78125,0.22123791904350829,0.6507768461405965,3.264411318561784,0.5920480663924166,0.6136156722609104,0.889381040478246,6.0,2.036951828080539,0.8597152463139163,1.5511327434500424,0.4,0.8583520676263945,5.50500942781309,0.951346668310257,0.28041262969414227,,,,,base,0.0,0.0,,,,,,,,,,,,,,,,0.2333783525788729,0.1760921989732963,candidate,6.0,1.0,0.20729784712063348,0.0840810307684493,6.0
,,,,,,,,,,,,,,,,,,,,,6.0,0662,stage2_1007_best,6,1.6825849416292755,0.5216642523921659,1.9864901562097876,0.5625,0.78125,0.22123791912148086,0.6507768464742956,3.2644113195161144,0.5920480667486296,0.6136156721328393,0.8893810404392596,6.0,2.0369517900063694,0.8597152458090818,1.5511327405837567,0.4,0.8583520676908554,5.505009427620722,0.9513466682704634,0.2804126278138691,,,,,base,0.0,0.0,,,,,,,,,,,,,,,,0.23337835174199745,0.1760921995710256,selected,6.0,1.0,0.2072978533985745,0.08408101305472034,6.0
,,,,,,,,,,,,,,,,,,,,,6.0,0662,stage2_1007_best,6,2.4870569129266005,0.45970249621281123,2.4435100101650806,0.3802083333333333,0.7897727272727273,0.25955519259810506,0.6581722110719571,3.1291214103455585,0.6091896122835061,0.5618722294242697,0.8702224037009475,6.0,1.7515523146367187,0.7945142762517082,1.7062389689964104,0.6,0.8151597720095275,4.7080360064059255,0.8599648952820907,0.3511607068137386,,,,,provisional,0.0,0.0,,,,,,,,,,,,,,,,0.24556697102020292,0.19897941605454258,candidate,6.0,1.0,0.1976776594543995,0.10912185817331464,6.0
,,,,,,,,,,,,,,,,,,,,,6.0,0662,stage2_1007_best,6,2.4870569130181535,0.45970249549424014,2.443510011293498,0.3802083333333333,0.7897727272727273,0.2595551926950724,0.6581722107729862,3.1291214096325484,0.609189612265843,0.5618722297366291,0.870222403652464,6.0,1.751552320283393,0.7945142760454896,1.7062389696790605,0.6,0.8151597719580786,4.7080360045202685,0.8599648950664923,0.3511607063907493,,,,,provisional,0.0,0.0,,,,,,,,,,,,,,,,0.2455669694083886,0.1989794110795219,selected,6.0,1.0,0.19767765418696465,0.10912186645187184,6.0
,,,,,,,,,,,,,,,,,,,,,6.0,0662,stage2_1007_best,6,2.4940340673841046,0.45865748642745874,2.462751535965664,0.3697916666666667,0.7727272727272727,0.2601522652056297,0.6561720942863585,3.1569939179522546,0.614019182155108,0.5594848947812593,0.8699238673971852,6.0,1.8189426757337313,0.7839276083598183,1.764482998127821,0.6,0.800652265756652,4.6950677337046365,0.8581041910767327,0.3542044101510065,,,,,final,0.0,0.0,,,,,,,,,,,,,,,,0.24500351082288194,0.2000696490477601,candidate,6.0,1.0,0.1971467310706955,0.11182550507064387,6.0
0.23891475761838063,4.490724486565295,0.29621427196183736,0.2564733604925496,4.214304898763795,0.2463896522355907,0.21206781928746107,3.947623930810514,0.3428186928562952,0.252431305564834,3.7234814108914978,0.49819847684651003,0.25485034686284164,4.3390152801950705,0.29458917427809084,0.10532271478100137,0.6645379722274527,0.15725433327786031,0.10302602173212293,0.6605370928668486,0.16004972306975565,6.0,0662,stage2_1007_best,6,2.4940340684312723,0.4586574862755162,2.4627515366551402,0.3697916666666667,0.7727272727272727,0.26015226580716716,0.6561720943579123,3.1569939169158894,0.6140191819596255,0.5594848949041512,0.8699238670964163,6.0,1.8189426707630725,0.7839276083458794,1.7644829945298706,0.6,0.8006522666432577,4.695067734808378,0.8581041912247661,0.3542044088612074,0.1517975628376007,0.2397610571338469,2.637952441057913,4.139571743079463,final,0.0,0.0,0.0021725409907987873,0.023746786004305354,0.012202665083383447,3.8453079780117942,0.21929760574015605,4.459381983534328,0.48814203386455307,1.1200686456565827,0.29541015625,0.037393120999677086,0.22853372954129522,0.3678859204259099,2.499452285656397,0.48814203386455307,0.6488031051004379,0.24500351093452843,0.20006967354969277,selected,6.0,1.0,0.19714672846336434,0.11182550957107663,6.0
,,,,,,,,,,,,,,,,,,,,,6.0,0663,stage2_1007_best,6,1.5376885186190572,0.5719450369083977,1.8010873782330346,0.640625,0.7897727272727273,0.22295987574567347,0.6958960656843709,2.946759260435656,0.5387782890513023,0.65720150327149,0.8885200621271633,6.0,2.6864971373791033,0.7684395903638404,2.035694393058388,0.2857142857142857,0.7620607751117613,5.244691028288233,0.9244196633452061,0.3292671590408626,,,,,base,0.0,0.0,,,,,,,,,,,,,,,,0.23666709693508622,0.16109060970246344,candidate,6.0,1.0,0.2159911467785297,0.10923405986061895,6.0
,,,,,,,,,,,,,,,,,,,,,6.0,0663,stage2_1007_best,6,1.537688517728335,0.5719450377747118,1.8010873782779837,0.640625,0.7897727272727273,0.22295987604968356,0.6958960656572458,2.9467592625997105,0.5387782895689822,0.6572015031149464,0.8885200619751582,6.0,2.6864971386042065,0.7684395896363524,2.0356943959259333,0.2857142857142857,0.7620607744620178,5.24469102729953,0.9244196632376777,0.3292671583880937,,,,,base,0.0,0.0,,,,,,,,,,,,,,,,0.2366670966963534,0.16109058939565732,selected,6.0,1.0,0.2159911467785297,0.10923406232923062,6.0
,,,,,,,,,,,,,,,,,,,,,6.0,0663,stage2_1007_best,6,1.8314532959843792,0.48720755360378976,1.5454683822507942,0.78125,0.8607954545454546,0.2073263165060072,0.76484952603759,2.499503824987427,0.4566231381467772,0.7157928982028775,0.8963368417469962,6.0,1.9566487299163289,0.7015942032089042,2.1692129914914986,0.5714285714285714,0.6882762332621554,4.201369840387555,0.7986202413345741,0.43887657155710114,,,,,provisional,0.0,0.0,,,,,,,,,,,,,,,,0.26263992320541046,0.19091622146176598,candidate,6.0,1.0,0.20782676609319028,0.13130875107932172,6.0
,,,,,,,,,,,,,,,,,,,,,6.0,0663,stage2_1007_best,6,1.83145329562827,0.4872075543997274,1.5454683822396296,0.78125,0.8607954545454546,0.2073263166068423,0.7648495261388777,2.499503827142371,0.45662313886524025,0.7157928977434224,0.8963368416965788,6.0,1.9566487365085024,0.7015942031090394,2.169212994437397,0.5714285714285714,0.6882762331194493,4.201369842202449,0.7986202415967242,0.4388765703636527,,,,,provisional,0.0,0.0,,,,,,,,,,,,,,,,0.2626399264794431,0.19091625837087164,selected,6.0,1.0,0.2078267654960292,0.131308760210779,6.0
,,,,,,,,,,,,,,,,,,,,,6.0,0663,stage2_1007_best,6,1.8555980303802069,0.4871445093606209,1.571292922459811,0.765625,0.8522727272727273,0.21073667507094093,0.7616771155150195,2.532357542936133,0.465666199231812,0.7077711069729093,0.8946316624645295,6.0,1.9738238874450575,0.6956190997337761,2.1838252216396215,0.5714285714285714,0.6861486288239248,4.189330819033412,0.7969177135004181,0.4360572670764939,,,,,final,0.0,0.0,,,,,,,,,,,,,,,,0.2623353022876055,0.19105695782064724,candidate,6.0,1.0,0.20789821333714717,0.13139740924508989,6.0
0.2388287286302889,4.284644955747057,0.3363852858314053,0.23324225330010276,3.984566728798508,0.4445490450570661,0.15361624285136416,4.0710845248361585,0.3845975033031847,0.23328813952373023,3.668338264860542,0.5262983419877586,0.2298847759271513,4.2633610720335025,0.2957113675021998,0.14816919000224996,1.2626868058834237,0.25526432522802506,0.15074534647506124,1.2836346326662396,0.25543939155661105,6.0,0663,stage2_1007_best,6,1.8555980326487447,0.48714450961564726,1.5712929233601862,0.765625,0.8522727272727273,0.21073667503514562,0.7616771155423729,2.5323575452949947,0.46566620009383225,0.707771106504817,0.8946316624824271,6.0,1.9738238975206521,0.6956190985929823,2.1838252262568814,0.5714285714285714,0.6861486283349822,4.189330816222966,0.7969177131798221,0.4360572660626692,0.19948576390743256,0.24468955921564564,2.4353445523496524,3.7076624133703833,final,0.0,0.0,0.001679464389993288,0.02490151634285065,0.012320857833587155,3.7838423976983906,0.1829984784094341,4.516096736098058,0.4135035552589475,1.188670087033295,0.2498779296875,0.0361594152793707,0.24620927572239862,0.33924675827126405,2.2359890124645494,0.4135035552589475,0.7119760600694867,0.2623353025486073,0.19105697820498888,selected,6.0,1.0,0.2078982157521724,0.13139740779512146,6.0
,,,,,,,,,,,,,,,,,,,,,6.0,0664,stage2_1007_best,6,1.5682406285752661,0.5678583526229121,2.006614883104418,0.5833333333333334,0.8380681818181818,0.2586988544529801,0.6438870887777548,2.807773233191421,0.5237368795252261,0.6731804125251978,0.8706505727735099,6.0,2.4759441766443304,0.7814352091971973,1.9624966707247604,0.5714285714285714,0.7699194464630527,5.1957074609427,0.9193670749273699,0.32296677548450275,,,,,base,0.0,0.0,,,,,,,,,,,,,,,,0.23828587998353232,0.16205064270165453,candidate,6.0,1.0,0.20747180341720986,0.10145952724194533,6.0
,,,,,,,,,,,,,,,,,,,,,6.0,0664,stage2_1007_best,6,1.5682406314902866,0.5678583523311312,2.0066148848996863,0.5833333333333334,0.8380681818181818,0.25869885457127856,0.6438870886077156,2.807773233260228,0.5237368797622638,0.6731804125765203,0.8706505727143607,6.0,2.475944160766117,0.7814352091829248,1.9624966683226142,0.5714285714285714,0.769919446399814,5.195707459127286,0.9193670747394869,0.3229667760583575,,,,,base,0.0,0.0,,,,,,,,,,,,,,,,0.23828587818432867,0.1620506364733086,selected,6.0,1.0,0.20747180236940838,0.10145951022272666,6.0
,,,,,,,,,,,,,,,,,,,,,6.0,0664,stage2_1007_best,6,1.4330572315827257,0.5100640724421291,1.9859860163192886,0.5677083333333334,0.8494318181818182,0.2578884284988778,0.6513666679608732,2.730363497501461,0.5124519345561088,0.6830015515447753,0.8710557857505612,6.0,1.6589248431004757,0.6939933357384173,1.9743800002173477,0.5714285714285714,0.6819798893964076,4.000369554596573,0.765622608286379,0.4901009583827238,,,,,provisional,0.0,0.0,,,,,,,,,,,,,,,,0.244741941604593,0.16201472382282267,candidate,6.0,1.0,0.20267144906110035,0.11623864904994673,6.0
,,,,,,,,,,,,,,,,,,,,,6.0,0664,stage2_1007_best,6,1.4330572336122251,0.51006407238511,1.9859860171827879,0.5677083333333334,0.8494318181818182,0.2578884294625054,0.6513666679647898,2.730363498063147,0.5124519348507621,0.6830015513173487,0.8710557852687473,6.0,1.6589248408703368,0.6939933355135461,1.974380003782931,0.5714285714285714,0.6819798890572626,4.000369553581804,0.7656226082580412,0.49010095819759003,,,,,provisional,0.0,0.0,,,,,,,,,,,,,,,,0.24474194753790393,0.1620147057980862,selected,6.0,1.0,0.20267144906110035,0.1162386439854064,6.0
,,,,,,,,,,,,,,,,,,,,,6.0,0664,stage2_1007_best,6,1.4218829009848488,0.5082959795501961,2.007670972190094,0.5677083333333334,0.8579545454545454,0.2589510213251286,0.6455382031025229,2.7245828181749148,0.5126169052767883,0.6839281576076708,0.8705244893374356,6.0,1.661463713454705,0.6950849760047212,1.9745236821404673,0.5714285714285714,0.6825565594226652,4.012519844128202,0.767514473924799,0.48666062221501144,,,,,final,0.0,0.0,,,,,,,,,,,,,,,,0.24508807699449284,0.16281260290191257,candidate,6.0,1.0,0.20282827358045855,0.11577281744344972,6.0
0.21405474682762943,4.110474754243332,0.35890042870919087,0.18060210222048273,3.9947036141605934,0.36641462963184024,0.11506350462152563,3.4235099615109585,0.5367013482826091,0.2215277654990232,4.377438874698919,0.3848086691893575,0.19174752797637565,3.8457708930369168,0.4276070335219761,0.0909451343794186,0.5418807891761993,0.3451444725836356,0.09180374097878015,0.5305150995278921,0.34867142786014477,6.0,0664,stage2_1007_best,6,1.4218829041279741,0.5082959777943075,2.0076709740633185,0.5677083333333334,0.8579545454545454,0.2589510218305355,0.6455382028546207,2.7245828185140373,0.5126169055809817,0.6839281574490986,0.8705244890847322,6.0,1.6614637202484914,0.6950849771336362,1.9745236839568807,0.5714285714285714,0.6825565608143814,4.012519854009174,0.7675144752471236,0.48666062067877813,0.18113479018211365,0.18553717263731218,2.5472851822107483,4.186733261471945,final,0.0,0.0,0.001077575012951753,0.021267175232204293,0.009774137427906487,3.8035963577181358,0.18213416701802462,4.508729817165389,0.418928941859139,1.1769729711018013,0.2626953125,0.03729222151441755,0.2433350513393238,0.3467376033813341,2.250924289763037,0.418928941859139,0.6985036815560602,0.24508808102154234,0.16281258067852733,selected,6.0,1.0,0.20282827220083846,0.11577281965999835,6.0
,,,,,,,,,,,,,,,,,,,,,6.0,0665,stage2_1007_best,6,1.3091274129694785,0.6347487078865982,1.5311600978992406,0.7864583333333334,0.8636363636363636,0.21973779181447528,0.7488413560513469,2.5087229762830865,0.4427517995118623,0.7443697832581585,0.8901311040927623,6.0,2.6048859783933174,0.7359020401513546,2.1182388947850876,0.2857142857142857,0.7464812592898268,5.088436295971121,0.9053650265904017,0.3195452948308522,,,,,base,0.0,0.0,,,,,,,,,,,,,,,,0.23625335035710168,0.15336660679069297,candidate,6.0,1.0,0.22742876251592956,0.12923674635199733,6.0
,,,,,,,,,,,,,,,,,,,,,6.0,0665,stage2_1007_best,6,1.3091274114360159,0.6347487083946628,1.5311600974350026,0.7864583333333334,0.8636363636363636,0.21973779146283068,0.7488413562941182,2.5087229767677193,0.4427517997551786,0.74436978314298,0.8901311042685847,6.0,2.6048859767090833,0.7359020398352681,2.1182388954314155,0.2857142857142857,0.7464812587665016,5.088436292822685,0.9053650262785071,0.319545295539206,,,,,base,0.0,0.0,,,,,,,,,,,,,,,,0.2362533519187442,0.15336662446057842,selected,6.0,1.0,0.22742876251592956,0.12923674772566487,6.0
,,,,,,,,,,,,,,,,,,,,,6.0,0665,stage2_1007_best,6,1.2729858729476573,0.6305406177708434,1.389790670711895,0.8541666666666666,0.9176136363636364,0.19299638292556656,0.7929831518408486,2.3423548645781556,0.4048341031746477,0.7812042959360591,0.9035018085372166,6.0,2.122586712224307,0.6998933239483864,2.046770784780572,0.5714285714285714,0.7255299084347046,4.40912121393946,0.8233338977641745,0.4268057046347022,,,,,provisional,0.0,0.0,,,,,,,,,,,,,,,,0.24038061917106,0.15357281094140154,candidate,6.0,1.0,0.22213261049456046,0.13796276276529582,6.0
,,,,,,,,,,,,,,,,,,,,,6.0,0665,stage2_1007_best,6,1.2729858723880159,0.6305406178154745,1.3897906702364944,0.8541666666666666,0.9176136363636364,0.19299638255733084,0.7929831519880916,2.3423548641948013,0.4048341031659443,0.7812042960452329,0.9035018087213348,6.0,2.122586705636042,0.6998933234064232,2.0467707860166198,0.5714285714285714,0.7255299073179364,4.4091212053362625,0.8233338966403896,0.4268057059208451,,,,,provisional,0.0,0.0,,,,,,,,,,,,,,,,0.240380617374795,0.1535728233357106,selected,6.0,1.0,0.22213261025489217,0.13796276635336555,6.0
,,,,,,,,,,,,,,,,,,,,,6.0,0665,stage2_1007_best,6,1.2626183426031683,0.6305239600332654,1.3832372252297032,0.8541666666666666,0.9176136363636364,0.19170451386347354,0.7938608475623765,2.344015807790312,0.40486801187078975,0.7811328091800318,0.9041477430682631,6.0,2.1124139950409395,0.6996345547614774,2.0474106428057675,0.5714285714285714,0.7235326665539461,4.398423840882397,0.8219356042398587,0.42853420295298644,,,,,final,0.0,0.0,,,,,,,,,,,,,,,,0.24025929433177806,0.15384751897770513,candidate,6.0,1.0,0.2220577365129669,0.1383027121348016,6.0
0.23419087406020983,4.636204001954244,0.25334786155603284,0.24257838469375284,4.380573334003925,0.3099112485856512,0.1664659750052537,3.348081906088477,0.5889388624560818,0.24101443810596804,3.850108145160871,0.49530285938854235,0.23154791346146295,4.327360571296488,0.34419228872575025,0.0535841383029823,0.18499975842224659,0.21220340247664496,0.05450655726177308,0.18620524745226633,0.21165298743052674,6.0,0665,stage2_1007_best,6,1.262618342317533,0.6305239603283694,1.3832372253710004,0.8541666666666666,0.9176136363636364,0.1917045134755312,0.7938608476727076,2.344015806971053,0.4048680121385788,0.7811328092632542,0.9041477432622345,6.0,2.1124139949309595,0.6996345550458848,2.04741064196821,0.5714285714285714,0.7235326665900667,4.398423840135741,0.8219356041500547,0.4285342022104333,0.2389625608921051,0.22847874458971085,2.514261470872794,4.426278628547806,final,0.0,0.0,0.0008459389174958395,0.006262033284232954,0.007775124443052815,3.8072314368273337,0.1994340443961917,4.479182777744499,0.45160825561439094,1.1428277793712553,0.266357421875,0.03585935506925891,0.23585247146578237,0.3596584824335789,2.3656566828492025,0.45160825561439094,0.6787797489993317,0.2402592935997383,0.15384749623576163,selected,6.0,1.0,0.2220577422200567,0.1383027121348016,6.0
,,,,,,,,,,,,,,,,,,,,,6.0,0666,stage2_1007_best,6,1.5068752106131378,0.5866733594853286,1.7554635417959927,0.640625,0.7982954545454546,0.2436970366715415,0.6951963722903551,3.0145376799167956,0.5468472288291587,0.6511796389562395,0.8781514816642293,6.0,3.0311412181023245,0.8032865941863244,1.8215459768581033,0.2857142857142857,0.8199111490000648,5.37373014375426,0.9377196670789119,0.30459117146006676,,,,,base,0.0,0.0,,,,,,,,,,,,,,,,0.23185858419411914,0.14457871526696958,candidate,6.0,1.0,0.1650477970042439,0.07217729013165552,6.0
,,,,,,,,,,,,,,,,,,,,,6.0,0666,stage2_1007_best,6,1.5068752104439096,0.5866733597884738,1.755463541839226,0.640625,0.7982954545454546,0.2436970366673684,0.6951963723573321,3.014537681229433,0.5468472292053242,0.6511796386733352,0.8781514816663157,6.0,3.0311412145340717,0.8032865923672544,1.8215459832314076,0.2857142857142857,0.8199111473746085,5.373730137428929,0.9377196664181465,0.30459117262187496,,,,,base,0.0,0.0,,,,,,,,,,,,,,,,0.23185858923331923,0.14457870812996443,selected,6.0,1.0,0.16504779568936323,0.07217730005707258,6.0
,,,,,,,,,,,,,,,,,,,,,6.0,0666,stage2_1007_best,6,1.9258870190638786,0.4992498134304723,1.9825488522004553,0.6197916666666666,0.7840909090909091,0.253842349750176,0.6701300195337527,3.2207957870388984,0.5923427464662079,0.6149182442128499,0.873078825124912,6.0,2.1811884912249386,0.7893841938081153,1.8127024921215904,0.5714285714285714,0.7955190763985537,4.944645327061482,0.8897772050227248,0.3464598698453769,,,,,provisional,0.0,0.0,,,,,,,,,,,,,,,,0.23129201492010595,0.1724886892465104,candidate,6.0,1.0,0.16232601185367423,0.07962115805358741,6.0
,,,,,,,,,,,,,,,,,,,,,6.0,0666,stage2_1007_best,6,1.925887020032494,0.4992498134567691,1.982548852309352,0.6197916666666666,0.7840909090909091,0.25384234986772325,0.670130019628569,3.2207957866959673,0.5923427464898209,0.6149182441984476,0.8730788250661383,6.0,2.181188477896891,0.7893841943481075,1.8127024784120884,0.5714285714285714,0.7955190790333472,4.94464533470071,0.8897772059816348,0.34645986958584646,,,,,provisional,0.0,0.0,,,,,,,,,,,,,,,,0.23129201419261425,0.17248869405740627,selected,6.0,1.0,0.16232600950533543,0.07962119902057797,6.0
,,,,,,,,,,,,,,,,,,,,,6.0,0666,stage2_1007_best,6,1.9092764853796842,0.5047823704190977,1.9660510292281659,0.6197916666666666,0.7784090909090909,0.2525886808793046,0.673406895654328,3.235480665897605,0.5943155815187973,0.612531235058903,0.8737056595603476,6.0,2.2367354100396737,0.7840274552798994,1.8417997443540748,0.5714285714285714,0.790223471232661,4.933612370094486,0.8883425841167781,0.34826243870158696,,,,,final,0.0,0.0,,,,,,,,,,,,,,,,0.23139471229562125,0.1713503295756417,candidate,6.0,1.0,0.16208926047506192,0.07979066529466959,6.0
0.20958487517329155,4.724312496984423,0.32365419786072896,0.2161874832438155,4.631378115629594,0.2854828702828435,0.16180354114017265,4.374351695431029,0.34126911372054874,0.20617441473843962,3.33060887257961,0.593422405611798,0.20688899625723228,4.382439386573588,0.3380989221162936,0.04488123499515296,0.20706246376531356,0.1291125522790242,0.04514483432296728,0.20603615186437882,0.1262339747265494,6.0,0666,stage2_1007_best,6,1.9092764854915616,0.504782370625139,1.9660510285491326,0.6197916666666666,0.7784090909090909,0.2525886810299291,0.6734068959710929,3.2354806664910636,0.5943155817356314,0.6125312349344468,0.8737056594850354,6.0,2.2367354078719925,0.7840274537809134,1.8417997501019356,0.5714285714285714,0.7902234695839316,4.9336123631054845,0.888342583285541,0.3482624394788391,0.21243301033973694,0.20885556903831226,2.49583382955403,4.551460694083582,final,0.0,0.0,0.001090297880009653,0.01401834738901466,0.015027557975167166,3.9636112654956297,0.19270058908801632,4.620016908345856,0.4505239739304434,1.1511658678027314,0.26416015625,0.03622936856605733,0.23979264240181616,0.3531032455348496,2.3717097204696027,0.4505239739304434,0.6784843545456462,0.23139471417803856,0.17135036469155698,selected,6.0,1.0,0.16208926578846874,0.0797906811957332,6.0
,,,,,,,,,,,,,,,,,,,,,6.0,0667,stage2_1007_best,6,1.3265358991647895,0.6595607131063039,1.4867513961468752,0.8177083333333334,0.8778409090909091,0.21359904098297935,0.7663683978760162,2.6047902080928433,0.4576370947192523,0.7368092767694056,0.8932004795085103,6.0,2.644042761879316,0.728703680682116,2.1376595897021162,0.42857142857142855,0.7413126989883873,5.023342605132582,0.8979407146913108,0.3379656219383277,,,,,base,0.0,0.0,,,,,,,,,,,,,,,,0.23514878413889934,0.1481204959141108,candidate,6.0,1.0,0.24556448590982827,0.13615331688095916,6.0
,,,,,,,,,,,,,,,,,,,,,6.0,0667,stage2_1007_best,6,1.326535901311239,0.6595607123139711,1.4867513975684963,0.8177083333333334,0.8778409090909091,0.2135990407739328,0.7663683977642562,2.6047902079291148,0.45763709489268173,0.7368092767549216,0.8932004796130336,6.0,2.644042771542996,0.7287036825499104,2.1376595798884237,0.42857142857142855,0.7413127017317638,5.023342614416312,0.8979407157735165,0.3379656198295061,,,,,base,0.0,0.0,,,,,,,,,,,,,,,,0.23514878520660157,0.14812051184627312,selected,6.0,1.0,0.2455644859558353,0.13615328387527995,6.0
,,,,,,,,,,,,,,,,,,,,,6.0,0667,stage2_1007_best,6,1.6555379695653716,0.5551727913643149,1.437255745702327,0.8541666666666666,0.8693181818181818,0.21455225685305213,0.7992005435824222,2.43174100025506,0.4293640088387463,0.7426316047823924,0.8927238715734738,6.0,1.9765456230575682,0.679681245101531,2.020356410272269,0.5714285714285714,0.7068668439136596,3.977379566241381,0.7649606913235105,0.4865475736885582,,,,,provisional,0.0,0.0,,,,,,,,,,,,,,,,0.2409187277428511,0.16115552928290883,candidate,6.0,1.0,0.23837515925556763,0.15194601368850244,6.0
,,,,,,,,,,,,,,,,,,,,,6.0,0667,stage2_1007_best,6,1.6555379708165163,0.5551727916871929,1.437255745718411,0.8541666666666666,0.8693181818181818,0.2145522565185748,0.7992005439342675,2.4317410016887124,0.4293640093324823,0.7426316045083897,0.8927238717407125,6.0,1.9765456405172783,0.6796812442651281,2.0203564137614873,0.5714285714285714,0.706866844857354,3.977379573683647,0.7649606922131738,0.4865475726553026,,,,,provisional,0.0,0.0,,,,,,,,,,,,,,,,0.240918728733113,0.16115555713283772,selected,6.0,1.0,0.2383751598238252,0.15194598460839653,6.0
,,,,,,,,,,,,,,,,,,,,,6.0,0667,stage2_1007_best,6,1.6304837699862413,0.5549717406086592,1.4173789838800432,0.8645833333333334,0.8863636363636364,0.2114932841229135,0.8041221219523372,2.414338248926302,0.4251608544911915,0.7473613940809217,0.8942533579385433,6.0,1.964139785219862,0.6816797642663965,2.023619882835718,0.5714285714285714,0.7020790897547419,3.959777103098513,0.7632287196177006,0.49087900324018724,,,,,final,0.0,0.0,,,,,,,,,,,,,,,,0.24092422138791306,0.16103894949550837,candidate,6.0,1.0,0.2384926635176425,0.15317318070815134,6.0
0.22308751592655757,4.160461710711888,0.2984449133602256,0.2198600345455958,4.093680296251186,0.33870394860598163,0.12322473829970725,2.925113535715897,0.6432303812024477,0.2513845116967759,4.292563377322301,0.4051602870833606,0.21245935121993975,4.116165842656969,0.3319786865516516,0.08230367970303215,0.2700982893214563,0.2415333339129193,0.08201276083640517,0.2717233633748515,0.23988151472762084,6.0,0667,stage2_1007_best,6,1.630483769137696,0.554971740997295,1.4173789836524502,0.8645833333333334,0.8863636363636364,0.21149328435517062,0.8041221221713147,2.4143382491469616,0.4251608545688744,0.7473613940592312,0.8942533578224147,6.0,1.9641397917258565,0.6816797643418632,2.0236198811774884,0.5714285714285714,0.7020790905945309,3.959777106774649,0.7632287201038299,0.49087900276961566,0.1823062002658844,0.20518323941974842,2.5728141317189075,4.033041385119282,final,0.0,0.0,0.00071180592167316,0.014096674587455593,0.011569883188159337,3.7912456944374635,0.19347266027918014,4.471304583685725,0.440088931060258,1.1530223301790885,0.2760009765625,0.03698188275681529,0.23781517987865194,0.35652887739016986,2.3202270479852496,0.440088931060258,0.6842389257897399,0.24092422558594903,0.16103894414800138,selected,6.0,1.0,0.23849267179940656,0.1531732044320528,6.0
,,,,,,,,,,,,,,,,,,,,,6.0,0668,stage2_1007_best,6,1.6197231743288645,0.5758634592837163,1.800977190413524,0.65625,0.7954545454545454,0.2498464148646051,0.6860076221767597,3.0676870478091565,0.5579162037332173,0.6372224634103056,0.8750767925676974,6.0,2.3028904079139276,0.7904591399604897,1.8768681904892799,0.42857142857142855,0.8001828311133798,5.3385289674852885,0.9326248119286877,0.2934742971707487,,,,,base,0.0,0.0,,,,,,,,,,,,,,,,0.23652609942936445,0.15897542294247136,candidate,6.0,1.0,0.20052111815451681,0.09536420275744321,6.0
,,,,,,,,,,,,,,,,,,,,,6.0,0668,stage2_1007_best,6,1.6197231752238115,0.5758634591080264,1.8009771911440162,0.65625,0.7954545454545454,0.24984641428748827,0.6860076219061996,3.0676870470603146,0.5579162037377321,0.6372224633595186,0.875076792856256,6.0,2.302890415673002,0.790459139587574,1.8768681931692897,0.42857142857142855,0.8001828306743535,5.338528965940639,0.9326248117665074,0.2934742975063757,,,,,base,0.0,0.0,,,,,,,,,,,,,,,,0.2365261053207167,0.15897541677750435,selected,6.0,1.0,0.20052111874995954,0.09536419523595173,6.0
,,,,,,,,,,,,,,,,,,,,,6.0,0668,stage2_1007_best,6,1.3583283470946104,0.6090939353054147,1.4518355742678934,0.8385416666666666,0.8948863636363636,0.20599063540214838,0.7799563022642605,2.5365822909924947,0.4462810373917586,0.7456592331100671,0.8970046822989258,6.0,2.072485608104449,0.6836945280459735,2.1318561130608042,0.5714285714285714,0.6995340599593883,4.298730684978933,0.8039319353188252,0.41946176090244897,,,,,provisional,0.0,0.0,,,,,,,,,,,,,,,,0.2386440258698019,0.15710699919774762,candidate,6.0,1.0,0.18888186921831582,0.12011391462190371,6.0
,,,,,,,,,,,,,,,,,,,,,6.0,0668,stage2_1007_best,6,1.3583283472467211,0.609093935800146,1.4518355743979834,0.8385416666666666,0.8948863636363636,0.20599063536486667,0.7799563022972549,2.5365822923008037,0.4462810378911809,0.7456592329797611,0.8970046823175667,6.0,2.0724856096583917,0.6836945275347693,2.1318561106932408,0.5714285714285714,0.6995340605197538,4.298730682206794,0.8039319349788768,0.41946176119254375,,,,,provisional,0.0,0.0,,,,,,,,,,,,,,,,0.23864402551829111,0.15710700651343187,selected,6.0,1.0,0.18888186921831582,0.1201139316957077,6.0
,,,,,,,,,,,,,,,,,,,,,6.0,0668,stage2_1007_best,6,1.3355428536667,0.6156437516161918,1.4418591035340533,0.8385416666666666,0.8977272727272727,0.2046917884739955,0.7827914613100929,2.523286534628455,0.4438180839248385,0.7480207144660804,0.8976541057630023,6.0,2.0833542998953716,0.6805307511543202,2.1448891097438496,0.5714285714285714,0.696525644262959,4.285366574324356,0.8015816528934138,0.4197270944859716,,,,,final,0.0,0.0,,,,,,,,,,,,,,,,0.2391478385622388,0.15634952987367198,candidate,6.0,1.0,0.18849284668366117,0.12054300647447694,6.0
0.2152980475681276,4.780432036054966,0.2638954925459027,0.19317721413527592,4.57515364726177,0.32673471445073354,0.15029272649150224,4.041492831834718,0.4887385121225722,0.23316542896654385,3.784327693653512,0.5118895164380097,0.22462340845455847,4.453118807685191,0.31813381146275677,0.0620264881153797,0.35139315399976234,0.22220436474734306,0.06418803691019397,0.35180080573007894,0.22140314693361093,6.0,0668,stage2_1007_best,6,1.3355428519916157,0.6156437525492469,1.4418591028085102,0.8385416666666666,0.8977272727272727,0.20469178818283204,0.7827914615044155,2.5232865371135857,0.4438180846153229,0.7480207140675414,0.897654105908584,6.0,2.0833542998953716,0.6805307511543202,2.1448891097438496,0.5714285714285714,0.696525644262959,4.285366574324356,0.8015816528934138,0.4197270944859716,0.2024879902601242,0.18588344152593267,2.5580191344148995,4.662279612777692,final,0.0,0.0,0.0012856250689442532,0.011786412645672964,0.006313423883718562,3.8334327541015925,0.19093883624811092,4.519035978912052,0.44036908281095827,1.1603465241988813,0.257080078125,0.03650783850545505,0.2394511299353758,0.351172814031575,2.3197586625736055,0.44036908281095827,0.683290666192032,0.23914784153393487,0.15634953637022692,selected,6.0,1.0,0.18849284668366117,0.12054300647447694,6.0
,,,,,,,,,,,,,,,,,,,,,6.0,0669,stage2_1007_best,6,1.94485489611827,0.5723220584388705,2.1741797398114917,0.5833333333333334,0.8181818181818182,0.29041011597536714,0.6529566790604615,3.337861427982702,0.6274255231185472,0.5761221396165315,0.8547949420123163,6.0,2.5276838943940567,0.8016755639986057,1.8980235342421465,0.42857142857142855,0.7959555573061682,5.3096931666668095,0.9294985385897429,0.30247011338314783,,,,,base,0.0,0.0,,,,,,,,,,,,,,,,0.24230411626492945,0.16767810199591446,candidate,6.0,1.0,0.1632335245893795,0.06945777923173534,6.0
,,,,,,,,,,,,,,,,,,,,,6.0,0669,stage2_1007_best,6,1.9448548950609352,0.572322058677636,2.1741797381012007,0.5833333333333334,0.8181818181818182,0.29041011550373064,0.6529566794088829,3.3378614293398257,0.6274255233885438,0.5761221394077366,0.8547949422481348,6.0,2.527683898005055,0.8016755633545741,1.8980235381267014,0.42857142857142855,0.7959555564838615,5.309693164519042,0.9294985383679646,0.3024701136559466,,,,,base,0.0,0.0,,,,,,,,,,,,,,,,0.24230411430597115,0.16767812004492139,selected,6.0,1.0,0.16323352576758918,0.06945777691810419,6.0
,,,,,,,,,,,,,,,,,,,,,6.0,0669,stage2_1007_best,6,1.968091600261111,0.5839695447994828,2.249430668931091,0.5572916666666666,0.8210227272727273,0.2762002833363915,0.6407999430560527,3.4964048276151574,0.6560588305390918,0.5564911226648617,0.8618998583318042,6.0,2.125823901169426,0.7037132262777751,2.104928140703155,0.5714285714285714,0.7093395814441555,4.406138908030789,0.8174915370833861,0.3946702022720067,,,,,provisional,0.0,0.0,,,,,,,,,,,,,,,,0.23901875066553294,0.1731061224877125,candidate,6.0,1.0,0.15477305735438768,0.0929663588874112,6.0
,,,,,,,,,,,,,,,,,,,,,6.0,0669,stage2_1007_best,6,1.9680916024109998,0.5839695444617099,2.249430670164585,0.5572916666666666,0.8210227272727273,0.27620028353973575,0.6407999427330165,3.496404826567469,0.6560588305141395,0.5564911227769155,0.8618998582301319,6.0,2.125823901169426,0.7037132262777751,2.104928140703155,0.5714285714285714,0.7093395814441555,4.406138908030789,0.8174915370833861,0.3946702022720067,,,,,provisional,0.0,0.0,,,,,,,,,,,,,,,,0.23901875489640284,0.17310615596759465,selected,6.0,1.0,0.15477305735438768,0.0929663588874112,6.0
,,,,,,,,,,,,,,,,,,,,,6.0,0669,stage2_1007_best,6,1.9914570796283082,0.5820628009212496,2.263571947180655,0.5520833333333334,0.8125,0.2775250957259112,0.6395716301412903,3.4632646214025367,0.6507525019000036,0.5637053655507938,0.8612374521370444,6.0,2.1325626281970096,0.7056046078741877,2.0946988019267216,0.5714285714285714,0.7128547485985164,4.407370312134039,0.8181070688880336,0.39307459567120306,,,,,final,0.0,0.0,,,,,,,,,,,,,,,,0.23880055466807554,0.17342725301612466,candidate,6.0,1.0,0.15462043016121255,0.09318698560457242,6.0
0.20124486441361214,4.465936236723235,0.3394036353865747,0.2055437530303673,4.175573131036755,0.3228575437419029,0.18417002813927094,2.439000893261105,0.745566257832075,0.22775021940925438,4.292370039655128,0.37805152800114505,0.21537211441483023,3.802621552956578,0.41255876043163514,0.04631074969188143,0.29582673596378556,0.2129248051785102,0.0448129405573977,0.27266598456105173,0.2129465892270621,6.0,0669,stage2_1007_best,6,1.9914570812397707,0.5820628006934477,2.263571947487374,0.5520833333333334,0.8125,0.2775250957927233,0.6395716301490463,3.463264622769777,0.650752502127604,0.5637053652148607,0.8612374521036383,6.0,2.1325626281970096,0.7056046078741877,2.0946988019267216,0.5714285714285714,0.7128547485985164,4.407370312134039,0.8181070688880336,0.39307459567120306,0.2092542201280594,0.2259756339336107,2.245929962015927,3.86856520723153,final,0.0,0.0,0.0016821921132806512,0.03427338801022164,0.011055515468779248,3.7248594712342284,0.1960753980578945,4.425103767179299,0.4398915456503154,1.1592649846037586,0.28173828125,0.037184251086291135,0.23744009860155557,0.3546528811610484,2.32568647773917,0.4398915456503154,0.6801318917922027,0.23880054727998676,0.17342726967839767,selected,6.0,1.0,0.15462043016121255,0.09318698560457242,6.0
,,,,,,,,,,,,,,,,,,,,,6.0,0670,stage2_1007_best,6,1.638572308360895,0.5870663179236003,1.7113491965331944,0.7135416666666666,0.8295454545454546,0.24737909625866292,0.7137749035025075,3.0670409998542163,0.5533409801637279,0.6536314642717805,0.8763104518706684,6.0,2.174386271349447,0.8454212143791101,1.6508863785532146,0.5714285714285714,0.8426353643505865,5.354958659352936,0.9355089909768549,0.3041012768040399,,,,,base,0.0,0.0,,,,,,,,,,,,,,,,0.2267831489695896,0.14469514933812694,candidate,6.0,1.0,0.147273524266166,0.058864866797110595,6.0
,,,,,,,,,,,,,,,,,,,,,6.0,0670,stage2_1007_best,6,1.638572308111717,0.5870663182173834,1.7113491964823329,0.7135416666666666,0.8295454545454546,0.24737909589435353,0.713774903490779,3.067041000383609,0.553340980438598,0.6536314641332643,0.8763104520528233,6.0,2.1743862727198335,0.84542121548945,1.6508863737299253,0.5714285714285714,0.8426353652769892,5.35495866227287,0.935508991361855,0.3041012764947232,,,,,base,0.0,0.0,,,,,,,,,,,,,,,,0.22678314576091857,0.14469514587223173,selected,6.0,1.0,0.14727352315385922,0.05886491003634232,6.0
,,,,,,,,,,,,,,,,,,,,,6.0,0670,stage2_1007_best,6,1.6565112587116866,0.5941496753766325,1.6390151708079015,0.7239583333333334,0.8409090909090909,0.22186037353300775,0.7560233575159294,3.2662726587082704,0.5889716539276106,0.6132232143209665,0.8890698132334962,6.0,1.6459378950608834,0.733825703809027,1.8524258878549784,0.7142857142857143,0.7302508001585144,4.320463384461208,0.8081058989390449,0.4486479054071925,,,,,provisional,0.0,0.0,,,,,,,,,,,,,,,,0.2286637914017511,0.14991326684104372,candidate,6.0,1.0,0.13978307002884802,0.07643675183929703,6.0
,,,,,,,,,,,,,,,,,,,,,6.0,0670,stage2_1007_best,6,1.6565112589897948,0.5941496755636185,1.6390151699510476,0.7239583333333334,0.8409090909090909,0.22186037359584654,0.756023357964177,3.2662726610429256,0.5889716544182587,0.6132232137711897,0.8890698132020767,6.0,1.6459378950608834,0.733825703809027,1.8524258878549784,0.7142857142857143,0.7302508001585144,4.320463384461208,0.8081058989390449,0.4486479054071925,,,,,provisional,0.0,0.0,,,,,,,,,,,,,,,,0.22866378485685693,0.14991325605702396,selected,6.0,1.0,0.13978307002884802,0.07643675183929703,6.0
,,,,,,,,,,,,,,,,,,,,,6.0,0670,stage2_1007_best,6,1.6348285166348913,0.5996014187557843,1.6306797302053,0.7239583333333334,0.8267045454545454,0.21926906026095352,0.7562461341805771,3.2737179113371297,0.5883844117447863,0.61381541656184,0.8903654698695231,6.0,1.6700807032922091,0.7295039605045476,1.871757014899596,0.5714285714285714,0.7278149937192182,4.323653256152561,0.8082952442176198,0.4472179019577944,,,,,final,0.0,0.0,,,,,,,,,,,,,,,,0.22786087976358593,0.15011577605861828,candidate,6.0,1.0,0.13963137341497647,0.07694876974460285,6.0
0.2281914558069288,4.526569849748318,0.3230061013422379,0.26708361950458176,3.8016424476250674,0.417558749237433,0.15175020899240643,2.3110707157363657,0.7243274949420136,0.2297379448366554,3.1851351341270524,0.6136321304018127,0.24996995064683433,3.637432751017537,0.44466535152499975,0.037235132196792586,0.23078514117266993,0.20679499177824753,0.03727189852971733,0.23353353467149537,0.2095211269592272,6.0,0670,stage2_1007_best,6,1.634828516583618,0.5996014190401737,1.6306797295014288,0.7239583333333334,0.8267045454545454,0.2192690595808602,0.7562461344575502,3.27371791239772,0.5883844121393816,0.6138154165912995,0.8903654702095699,6.0,1.6700807013136838,0.7295039600782494,1.871757014838377,0.5714285714285714,0.7278149934248435,4.323653254330005,0.8082952439399732,0.4472179021452468,0.1859942525625229,0.29529743452536683,2.2169508947853753,3.292706102725767,final,0.0,0.0,0.0019750264677237594,0.025914080878780592,0.013177197158550603,3.6255650976822698,0.210049600344495,4.237813546843519,0.4499679953698804,1.127198239381363,0.3153076171875,0.03544581661347525,0.23229183248377805,0.3710773520555417,2.386570349978385,0.4499679953698804,0.6751572257716683,0.2278608831737439,0.15011576507992652,selected,6.0,1.0,0.13963137439499554,0.07694878486477034,6.0
,,,,,,,,,,,,,,,,,,,,,6.0,0671,stage2_1007_best,6,2.1788960161857163,0.5842778148708031,2.5390294503141155,0.375,0.7244318181818182,0.2794411862830356,0.6455392797417732,3.4819066255353923,0.6712993318511485,0.5262857581231263,0.8602794068584821,6.0,3.2327064264562875,0.7645683942453092,2.070926303068528,0.2857142857142857,0.7766970883012075,5.324898153645635,0.9322742870280842,0.3114276399317331,,,,,base,0.0,0.0,,,,,,,,,,,,,,,,0.25575722586614125,0.16860925849698863,candidate,6.0,1.0,0.18725250838611787,0.08244621934777402,6.0
,,,,,,,,,,,,,,,,,,,,,6.0,0671,stage2_1007_best,6,2.1788960165231686,0.5842778151425304,2.539029450502713,0.375,0.7244318181818182,0.2794411864147597,0.6455392798818496,3.481906625601803,0.6712993318738719,0.5262857577912802,0.8602794067926202,6.0,3.2327064185106114,0.7645683914908373,2.0709263155128093,0.2857142857142857,0.7766970856042609,5.32489814520248,0.9322742860943913,0.3114276420366952,,,,,base,0.0,0.0,,,,,,,,,,,,,,,,0.25575722586407684,0.16860925177077557,selected,6.0,1.0,0.18725250804526106,0.08244620541754537,6.0
,,,,,,,,,,,,,,,,,,,,,6.0,0671,stage2_1007_best,6,2.466692207755942,0.5967800609572452,2.4562118571569735,0.3125,0.7727272727272727,0.23773138955950876,0.7082715249748173,4.246086782455125,0.8014156172328213,0.39784492896515156,0.8811343052202456,6.0,2.5530023460115436,0.6960845427062735,2.220745693813481,0.42857142857142855,0.7137119117064535,4.646250488770986,0.8525889847399342,0.3780924716831757,,,,,provisional,0.0,0.0,,,,,,,,,,,,,,,,0.2693001587784101,0.15971077140771292,candidate,6.0,1.0,0.17617892477670385,0.10541388709138645,6.0
,,,,,,,,,,,,,,,,,,,,,6.0,0671,stage2_1007_best,6,2.4666922110993643,0.5967800609345358,2.4562118565753703,0.3125,0.7727272727272727,0.23773138910048425,0.7082715252667382,4.246086783268345,0.8014156173623185,0.39784492834986707,0.8811343054497578,6.0,2.5530023460115436,0.6960845427062735,2.220745693813481,0.42857142857142855,0.7137119117064535,4.646250488770986,0.8525889847399342,0.3780924716831757,,,,,provisional,0.0,0.0,,,,,,,,,,,,,,,,0.2693001587784101,0.1597107423251286,selected,6.0,1.0,0.17617892477670385,0.10541388709138645,6.0
,,,,,,,,,,,,,,,,,,,,,6.0,0671,stage2_1007_best,6,2.5140150208393828,0.5960894965199592,2.47225522995452,0.3333333333333333,0.7642045454545454,0.23720578517500776,0.7067435159282456,4.23181299245786,0.7998038923525271,0.40200962491477465,0.8813971074124961,6.0,2.5863531626456733,0.6964722065953614,2.2218848421837523,0.42857142857142855,0.7144335822061622,4.646192770151055,0.8530319622629655,0.37510610703838704,,,,,final,0.0,0.0,,,,,,,,,,,,,,,,0.2693209244180698,0.16112245408682893,candidate,6.0,1.0,0.17612532900998082,0.10578812219865434,6.0
0.22181173845683114,4.413177550234347,0.3257340023816187,0.2015786442702486,4.471486198089545,0.3389735301073587,0.21781047413843438,4.776825827430334,0.31182648271278696,0.2406674679761759,3.7440127907434784,0.4920473035116125,0.20677164445832213,4.451071915189716,0.38279738376530414,0.08264215274990035,0.5301497123118509,0.1890350786944874,0.08425081430563675,0.5359546262498679,0.19100333629471292,6.0,0671,stage2_1007_best,6,2.5140150245734216,0.5960894961295296,2.472255232419904,0.3333333333333333,0.7642045454545454,0.23720578516228172,0.7067435155931032,4.231812991083661,0.7998038921662337,0.4020096251671097,0.881397107418859,6.0,2.5863531637567827,0.696472205898919,2.2218848445555506,0.42857142857142855,0.7144335817619197,4.6461927697439815,0.8530319622088482,0.3751061066427674,0.21261458098888397,0.21033143818402655,2.400704821569026,4.354319489883826,final,0.0,0.0,0.0021499881049190073,0.03372711119888432,0.008950812361085539,3.644948669734803,0.2117688237045347,4.346919273152907,0.46053104185047233,1.1526274518024338,0.2698974609375,0.034121597632083014,0.23449963488351042,0.3581259501810499,2.4261367614313794,0.46053104185047233,0.6690124169813079,0.2693209270906525,0.16112244897830452,selected,6.0,1.0,0.17612532900401703,0.10578813398923348,6.0
,,,,,,,,,,,,,,,,,,,,,6.0,0672,stage2_1007_best,6,2.5016879963193177,0.557163780731281,2.6717671979186473,0.453125,0.7670454545454546,0.28264909858549536,0.6518719042891081,3.5874567496628553,0.6966931888374732,0.5123059646935013,0.8586754507072524,6.0,2.882565472222379,0.8293811471797046,1.7330009362616254,0.2857142857142857,0.8397190414680482,5.517031628349787,0.9528873811673808,0.28559714835451816,,,,,base,0.0,0.0,,,,,,,,,,,,,,,,0.2640229446838055,0.17349229854711307,candidate,6.0,1.0,0.1593004084960081,0.06360426478888237,6.0
,,,,,,,,,,,,,,,,,,,,,6.0,0672,stage2_1007_best,6,2.501687994782599,0.5571637807002802,2.6717671975061807,0.453125,0.7670454545454546,0.28264909895832474,0.6518719042346008,3.587456749270794,0.6966931887651063,0.5123059646704081,0.8586754505208376,6.0,2.8825654700351175,0.8293811465670422,1.733000939342479,0.2857142857142857,0.8397190406253833,5.51703162607902,0.9528873809432258,0.2855971493405105,,,,,base,0.0,0.0,,,,,,,,,,,,,,,,0.2640229512944551,0.17349230652101558,selected,6.0,1.0,0.15930040717217087,0.06360423493628031,6.0
,,,,,,,,,,,,,,,,,,,,,6.0,0672,stage2_1007_best,6,2.7596801520181926,0.5434360721796317,2.3723744569015377,0.5625,0.7897727272727273,0.21785078726022888,0.7384464476773211,3.8452471049828034,0.7437592579848995,0.45267493834960537,0.8910746063698856,6.0,2.510566465376695,0.7539042193395388,1.806634168464008,0.42857142857142855,0.8072986578428052,4.738970300871605,0.8605971491908407,0.37760376649638927,,,,,provisional,0.0,0.0,,,,,,,,,,,,,,,,0.2640885764349739,0.19627917312519907,candidate,6.0,1.0,0.15652099586636553,0.0845048811929852,6.0
,,,,,,,,,,,,,,,,,,,,,6.0,0672,stage2_1007_best,6,2.7596801501186654,0.5434360721250633,2.3723744591418274,0.5625,0.7897727272727273,0.2178507877927739,0.7384464473760641,3.845247103996814,0.7437592577708708,0.45267493829990896,0.8910746061036131,6.0,2.5105664530702194,0.7539042209887084,1.806634163086579,0.42857142857142855,0.807298658980733,4.738970303629363,0.8605971495878013,0.3776037655739706,,,,,provisional,0.0,0.0,,,,,,,,,,,,,,,,0.2640885790120866,0.1962791971413235,selected,6.0,1.0,0.15652099834424157,0.08450487616405719,6.0
,,,,,,,,,,,,,,,,,,,,,6.0,0672,stage2_1007_best,6,2.6837871932365576,0.5427822068119672,2.3981167681867857,0.5729166666666666,0.8039772727272727,0.2196120733286741,0.733381531037072,3.8669127477520515,0.7464905319892919,0.4515836593757891,0.8901939633356629,6.0,2.4331071790830796,0.7491850505731522,1.8254087257642446,0.42857142857142855,0.7977702405876768,4.71814304255075,0.8582534150418253,0.38344338428604435,,,,,final,0.0,0.0,,,,,,,,,,,,,,,,0.263522180453492,0.19684441452680015,candidate,6.0,1.0,0.15658766389562975,0.08513903672281835,6.0
0.22895764202917784,4.237496185513307,0.38146496273460667,0.19458621054481123,4.479783440637058,0.3306262505951246,0.1533223143916599,3.858519906735821,0.42432124414423583,0.21706993155510823,2.943763508913437,0.6614834505924763,0.23999649491647088,4.009326344045366,0.4298118781955987,0.05905250540912255,0.5042219348456909,0.21653508180447675,0.05556953171091145,0.4900448640854969,0.21944656872253235,6.0,0672,stage2_1007_best,6,2.6837871941906526,0.5427822064028113,2.3981167682220264,0.5729166666666666,0.8039772727272727,0.21961207331851107,0.7333815311385656,3.8669127472768956,0.746490531895435,0.4515836592501617,0.8901939633407445,6.0,2.4331071782142186,0.7491850494647706,1.82540872954595,0.42857142857142855,0.7977702397347992,4.718143042175531,0.8582534148722619,0.3834433845927285,0.2255055159330368,0.1881603237670957,2.6435760829732193,4.130397817873849,final,0.0,0.0,0.0024480287780687805,0.035858582337245426,0.015690774446893683,3.4168704545667516,0.1982074948618397,4.060408579539404,0.41613861462264756,1.1708976109433133,0.3316650390625,0.03617815465938179,0.23728430704076642,0.3570442540133683,2.249397621075681,0.41613861462264756,0.6925562438923882,0.2635221837755529,0.19684442146155864,selected,6.0,1.0,0.15658766499698434,0.08513904870078719,6.0
,,,,,,,,,,,,,,,,,,,,,6.0,0673,stage2_1007_best,6,1.5544056828819492,0.5748715581309967,1.7538575835541343,0.6354166666666666,0.7642045454545454,0.23385914227733762,0.6965044189385308,3.3173742646600957,0.594804944692577,0.6032324047077499,0.8830704288613312,6.0,2.7096972961522354,0.7779536398380317,1.9235248974501649,0.5714285714285714,0.7915424067913823,5.264456147488632,0.9259816184915839,0.30727860585110306,,,,,base,0.0,0.0,,,,,,,,,,,,,,,,0.22899036234568687,0.1539404593852449,candidate,6.0,1.0,0.19173998555284907,0.09290610606265678,6.0
,,,,,,,,,,,,,,,,,,,,,6.0,0673,stage2_1007_best,6,1.5544056833510411,0.5748715587043876,1.7538575832401067,0.6354166666666666,0.7642045454545454,0.23385914182403564,0.6965044193940858,3.3173742668116493,0.5948049453593763,0.6032324043194581,0.8830704290879823,6.0,2.7096972922173315,0.7779536397799575,1.9235248972653922,0.5714285714285714,0.7915424064654788,5.264456144439753,0.9259816181908612,0.30727860660154355,,,,,base,0.0,0.0,,,,,,,,,,,,,,,,0.22899036301972805,0.15394046270802403,selected,6.0,1.0,0.19173998690051527,0.09290611631384035,6.0
,,,,,,,,,,,,,,,,,,,,,6.0,0673,stage2_1007_best,6,1.8535026845440148,0.5596748428563134,2.102872480448309,0.484375,0.8096590909090909,0.2497021273419144,0.6928182732277166,2.706597471646719,0.5202149187489905,0.6468106458794735,0.8751489363290429,6.0,1.8977245702730294,0.7253491572893115,1.9223290856762774,0.5714285714285714,0.7358812014359978,4.352730677832658,0.8174613723416551,0.440650513756319,,,,,provisional,0.0,0.0,,,,,,,,,,,,,,,,0.2515328631214096,0.18080993538840304,candidate,6.0,1.0,0.1876930010277454,0.1050529249723303,6.0
,,,,,,,,,,,,,,,,,,,,,6.0,0673,stage2_1007_best,6,1.8535026869741886,0.5596748429416564,2.1028724797066913,0.484375,0.8096590909090909,0.2497021267966674,0.6928182737918828,2.7065974735570766,0.5202149192626937,0.6468106455429782,0.8751489366016663,6.0,1.8977245723603848,0.7253491568965625,1.9223290936763193,0.5714285714285714,0.7358811994247402,4.352730680287862,0.8174613727030102,0.4406505144844209,,,,,provisional,0.0,0.0,,,,,,,,,,,,,,,,0.25153287006962133,0.1808099445296476,selected,6.0,1.0,0.18769299965502015,0.10505293496920655,6.0
,,,,,,,,,,,,,,,,,,,,,6.0,0673,stage2_1007_best,6,1.8564235266590114,0.55629046357481,2.1064710962046966,0.4739583333333333,0.8153409090909091,0.24913127431254517,0.6890740618647484,2.717413406306966,0.5215677960322649,0.6456712557365135,0.8754343628437273,6.0,1.9206299556808004,0.7209519614823344,1.9351076548098742,0.5714285714285714,0.7347745298894293,4.345050155808447,0.8160373311405523,0.44157827960344803,,,,,final,0.0,0.0,,,,,,,,,,,,,,,,0.25036918444585776,0.18103640535669313,candidate,6.0,1.0,0.1868387881232677,0.106274251869249,6.0
0.23503200112000877,4.6092609372005855,0.2861526034113244,0.2517875146105357,4.425546989779694,0.2846723105832954,0.18443703396589492,3.516764673540944,0.5145757943928864,0.2253943355464399,3.079781264308212,0.6410358298234303,0.24631934717428144,4.04925680513284,0.3588584375531842,0.07440916532788044,0.5768971105816791,0.22394930666180124,0.0764998940192753,0.5989294861264752,0.2228184272602063,6.0,0673,stage2_1007_best,6,1.8564235246002023,0.5562904645300574,2.1064710951370444,0.4739583333333333,0.8153409090909091,0.24913127434345547,0.6890740618771287,2.7174134063665485,0.5215677960644134,0.6456712558127564,0.8754343628282723,6.0,1.9206299556808004,0.7209519614823344,1.9351076548098742,0.5714285714285714,0.7347745298894293,4.345050155808447,0.8160373311405523,0.44157827960344803,0.21766483783721924,0.2661977084848628,2.394731883119255,4.285077592130112,final,0.0,0.0,0.001401069008542451,0.025756874512617017,0.009938217658822536,3.6871176647606205,0.20918423088541127,4.3311778645424415,0.45863764462156736,1.129036882249588,0.284423828125,0.035408176649092085,0.23213429617639603,0.3663778771963878,2.402347760963314,0.45863764462156736,0.666609139892743,0.25036919033229116,0.18103641331632972,selected,6.0,1.0,0.1868387881232677,0.106274251869249,6.0
,,,,,,,,,,,,,,,,,,,,,6.0,0674,stage2_1007_best,6,1.502302748068311,0.585376724184323,1.7903820178357976,0.6510416666666666,0.7698863636363636,0.24427596252312853,0.6640125178401358,3.241897302510072,0.5789956200596278,0.615798271236063,0.8778620187384358,6.0,2.7729491591774766,0.7708705132368578,1.9197683522224716,0.5714285714285714,0.7909359941233237,5.174642697553405,0.9167372628608054,0.3157046146688862,,,,,base,0.0,0.0,,,,,,,,,,,,,,,,0.22835304342839266,0.15077562881540574,candidate,6.0,1.0,0.17152680547246005,0.07801929230755117,6.0
,,,,,,,,,,,,,,,,,,,,,6.0,0674,stage2_1007_best,6,1.5023027480566065,0.5853767242432076,1.7903820183378214,0.6510416666666666,0.7698863636363636,0.24427596228123355,0.664012517721586,3.241897302898845,0.5789956202961574,0.6157982711965068,0.8778620188593833,6.0,2.7729491570177527,0.7708705124246796,1.9197683552105198,0.5714285714285714,0.7909359933672627,5.174642696527578,0.9167372627480176,0.3157046144713923,,,,,base,0.0,0.0,,,,,,,,,,,,,,,,0.22835304086721522,0.15077564320863232,selected,6.0,1.0,0.17152680583229374,0.07801928372612128,6.0
,,,,,,,,,,,,,,,,,,,,,6.0,0674,stage2_1007_best,6,1.6158868221034557,0.5714043802072853,1.5798048140333067,0.7604166666666666,0.8210227272727273,0.24207461274777098,0.7366148538210577,2.8653777269506246,0.506255303905945,0.685691893973528,0.8789626936261145,6.0,1.9611240054505217,0.731077671301941,1.8655387032281514,0.5714285714285714,0.7549326391112411,4.357062270822932,0.8167355401245318,0.43769431265684083,,,,,provisional,0.0,0.0,,,,,,,,,,,,,,,,0.22569967513935915,0.1610796869542112,candidate,6.0,1.0,0.16868560045107958,0.0832936270603028,6.0
,,,,,,,,,,,,,,,,,,,,,6.0,0674,stage2_1007_best,6,1.6158868219443046,0.571404380002522,1.5798048138548113,0.7604166666666666,0.8210227272727273,0.24207461253975146,0.7366148540632138,2.865377728046249,0.506255304287643,0.6856918939907576,0.8789626937301243,6.0,1.9611240171197135,0.7310776714546984,1.8655387058728359,0.5714285714285714,0.754932639141893,4.35706226983273,0.8167355400479956,0.4376943116651709,,,,,provisional,0.0,0.0,,,,,,,,,,,,,,,,0.22569967258900844,0.1610796702741169,selected,6.0,1.0,0.16868560313337644,0.08329361936943187,6.0
,,,,,,,,,,,,,,,,,,,,,6.0,0674,stage2_1007_best,6,1.6267549184240362,0.5688439308081598,1.5918192597865324,0.765625,0.8295454545454546,0.2415576620182334,0.7332912742173845,2.880102289619844,0.5095841405695962,0.6800134675204141,0.8792211689908833,6.0,1.9628556510944943,0.7284579894859324,1.8566341366031003,0.5714285714285714,0.7564220992594747,4.346260158459179,0.8147464162826383,0.4409587508058577,,,,,final,0.0,0.0,,,,,,,,,,,,,,,,0.2260191314526094,0.162242142794416,candidate,6.0,1.0,0.16822918439633258,0.08446992200929505,6.0
0.21282264165804451,4.656943759831739,0.2920654030750148,0.23529197522592818,4.056595985119517,0.3462810684992153,0.1493632305480207,3.7980277696206604,0.4478938838903233,0.21819206771767735,2.851883580885669,0.6846625627907176,0.2173839524188981,4.080617193273054,0.3138805732242944,0.053621779636854515,0.2915593786392212,0.2077310033438354,0.0533957382906336,0.2927182470050498,0.2015142837249563,6.0,0674,stage2_1007_best,6,1.6267549178293006,0.5688439314148328,1.5918192593131286,0.765625,0.8295454545454546,0.24155766201158793,0.7332912744828219,2.880102292101912,0.5095841412628879,0.680013467056669,0.8792211689942061,6.0,1.9628556500549452,0.7284579879708171,1.8566341407655835,0.5714285714285714,0.7564220977697318,4.346260153779481,0.8147464156045319,0.4409587512228756,0.20893888175487518,0.23018196036211888,2.5016115546383038,4.113281210429978,final,0.0,0.0,0.0011533326055887282,0.021813299659383972,0.012756350721108945,3.843648100044461,0.18800948952334948,4.467095209715188,0.43157050535943825,1.1577978715899793,0.3179931640625,0.03632877810528941,0.2408410996031359,0.3545347179881953,2.298490870175156,0.43157050535943825,0.6907822096177376,0.22601912820007697,0.1622421571112429,selected,6.0,1.0,0.1682291929899811,0.08446994916465657,6.0
,,,,,,,,,,,,,,,,,,,,,6.0,0675,stage2_1007_best,6,2.1698182823753887,0.5223808470528646,2.644426977257076,0.390625,0.7329545454545454,0.315791990856242,0.6025087656876565,3.4378979136911845,0.6550886416287246,0.5608633240628716,0.8421040045718791,6.0,2.4035388005644167,0.8175992007131616,1.792824723017416,0.2857142857142857,0.8172563071581869,5.39828821738154,0.9399935498944707,0.30741373083034207,,,,,base,0.0,0.0,,,,,,,,,,,,,,,,0.2472504475316712,0.18198467528420711,candidate,6.0,1.0,0.1748812634159706,0.07696823759267366,6.0
,,,,,,,,,,,,,,,,,,,,,6.0,0675,stage2_1007_best,6,2.1698182800853534,0.5223808471634093,2.6444269760466668,0.390625,0.7329545454545454,0.31579199111981315,0.602508765602094,3.4378979118684803,0.6550886412843699,0.560863324378727,0.8421040044400935,6.0,2.4035388005644167,0.8175992007131616,1.792824723017416,0.2857142857142857,0.8172563071581869,5.39828821738154,0.9399935498944707,0.30741373083034207,,,,,base,0.0,0.0,,,,,,,,,,,,,,,,0.2472504475316712,0.1819846691351511,selected,6.0,1.0,0.1748812634159706,0.07696823759267366,6.0
,,,,,,,,,,,,,,,,,,,,,6.0,0675,stage2_1007_best,6,2.4245466270301055,0.5024869280986617,2.830750149233792,0.4322916666666667,0.7471590909090909,0.30749105474235594,0.5940122547461149,3.8884794772306948,0.72822147298633,0.4969725770611039,0.8462544726288221,6.0,1.996852593805416,0.6952593910354753,1.9546495910189599,0.5714285714285714,0.729913041570428,4.318846366062572,0.8036001049189982,0.44902567570998586,,,,,provisional,0.0,0.0,,,,,,,,,,,,,,,,0.2410859612343034,0.19701257497538952,candidate,6.0,1.0,0.16757112977096175,0.10045926148293205,6.0
,,,,,,,,,,,,,,,,,,,,,6.0,0675,stage2_1007_best,6,2.424546630686687,0.5024869277542232,2.8307501519150753,0.4322916666666667,0.7471590909090909,0.3074910544991738,0.5940122545779617,3.8884794762529347,0.7282214729365354,0.4969725772484567,0.8462544727504131,6.0,1.9968525876641756,0.6952593909378753,1.9546495942617232,0.5714285714285714,0.7299130403313533,4.318846367679912,0.8036001051284298,0.44902567559175244,,,,,provisional,0.0,0.0,,,,,,,,,,,,,,,,0.24108595820829262,0.197012586342948,selected,6.0,1.0,0.1675711304426489,0.10045927124521975,6.0
,,,,,,,,,,,,,,,,,,,,,6.0,0675,stage2_1007_best,6,2.424911594538836,0.5006200177654974,2.8273284442771813,0.4270833333333333,0.7386363636363636,0.30677612556134937,0.5931903162585155,3.8968268299572184,0.7291131883639217,0.4939783594459299,0.8466119372193254,6.0,2.024355849469696,0.6930479200795036,1.965579823317656,0.5714285714285714,0.7253317205192202,4.295023690437814,0.8007940491845501,0.45349411047137866,,,,,final,0.0,0.0,,,,,,,,,,,,,,,,0.24037270813377423,0.19788575186823743,candidate,6.0,1.0,0.16740751620655334,0.10134822282567682,6.0
0.19166382932695528,4.582792894081639,0.30395530306266744,0.18988843303329675,4.483352710256244,0.29832209833726026,0.12350197992602838,2.374812953827736,0.7546969894556811,0.22221801490842655,3.899789790306715,0.4907268796583273,0.18509550808272646,4.382419622117337,0.3212445881643703,0.05772035680367161,0.36217573480456106,0.2650276406717003,0.05650497571594703,0.3456755000051322,0.26019736835547996,6.0,0675,stage2_1007_best,6,2.4249115966265675,0.5006200179378156,2.8273284451906813,0.4270833333333333,0.7386363636363636,0.3067761255720398,0.5931903163049692,3.8968268310274277,0.7291131887024596,0.49397835930365375,0.8466119372139803,6.0,2.0243558561353376,0.6930479187926287,1.9655798305001515,0.5714285714285714,0.7253317187261514,4.295023689487345,0.8007940490609796,0.4534941106058482,0.18603816628456116,0.18530341910227657,2.4491129991390954,4.479949818919139,final,0.0,0.0,0.0014585358611742198,0.021112680223363364,0.012607761174402826,3.8390536956262427,0.18259251125929626,4.530596001769775,0.4267573785214524,1.1775053564395062,0.2620849609375,0.036710552021757936,0.24348050005171232,0.34373849344965746,2.273839701461569,0.4267573785214524,0.6917557746962093,0.24037271148002826,0.1978857490058379,selected,6.0,1.0,0.16740752007509394,0.10134821647648831,6.0
,,,,,,,,,,,,,,,,,,,,,6.0,0676,stage2_1007_best,6,1.923594012087956,0.5746017706423217,2.4230747529845846,0.4947916666666667,0.8267045454545454,0.28598270634119893,0.5927850712471939,3.3885712481377617,0.6364579810611883,0.5812149994465597,0.8570086468294005,6.0,2.39861147223071,0.7947293159300244,1.9147333958630173,0.42857142857142855,0.7803805957759657,5.187909458467139,0.9178361805821261,0.3413627309904634,,,,,base,0.0,0.0,,,,,,,,,,,,,,,,0.23747606861185475,0.17038352176020444,candidate,6.0,1.0,0.20014169817464256,0.09461915404871303,6.0
,,,,,,,,,,,,,,,,,,,,,6.0,0676,stage2_1007_best,6,1.923594012205482,0.5746017708886997,2.4230747533900594,0.4947916666666667,0.8267045454545454,0.2859827060117593,0.592785071311889,3.3885712496363425,0.6364579814819042,0.5812149991282839,0.8570086469941203,6.0,2.3986114757636647,0.7947293129464991,1.9147334097868076,0.42857142857142855,0.7803805929400314,5.187909449625548,0.9178361795191401,0.3413627325532434,,,,,base,0.0,0.0,,,,,,,,,,,,,,,,0.23747606602658572,0.17038350196427546,selected,6.0,1.0,0.2001417019527775,0.09461913280724031,6.0
,,,,,,,,,,,,,,,,,,,,,6.0,0676,stage2_1007_best,6,2.045751718836495,0.5991907432742029,2.581637885030024,0.4114583333333333,0.7301136363636364,0.29458860528101793,0.6092707835809784,3.510767182036466,0.668401965431254,0.5431041158258568,0.852705697359491,6.0,1.7273195583865548,0.7020880540232436,1.9603715578039318,0.5714285714285714,0.6970133732575916,4.105888787485338,0.7823182537087494,0.4860025046588478,,,,,provisional,0.0,0.0,,,,,,,,,,,,,,,,0.23993578301026183,0.16963394514675964,candidate,6.0,1.0,0.19255098359734807,0.11537892820538836,6.0
,,,,,,,,,,,,,,,,,,,,,6.0,0676,stage2_1007_best,6,2.0457517169557864,0.5991907436217134,2.5816378833304405,0.4114583333333333,0.7301136363636364,0.29458860511597745,0.6092707838158595,3.5107671824505213,0.6684019655639828,0.543104115631938,0.8527056974420113,6.0,1.7273195583865548,0.7020880540232436,1.9603715578039318,0.5714285714285714,0.6970133732575916,4.105888787485338,0.7823182537087494,0.4860025046588478,,,,,provisional,0.0,0.0,,,,,,,,,,,,,,,,0.2399357814262448,0.16963393076990543,selected,6.0,1.0,0.19255098359734807,0.11537892820538836,6.0
,,,,,,,,,,,,,,,,,,,,,6.0,0676,stage2_1007_best,6,2.05148617498863,0.5968943891597701,2.5829496793245337,0.40625,0.7329545454545454,0.2937011852424453,0.6066213747984343,3.50603594831909,0.6665494292428593,0.5451145087160072,0.8531494073787773,6.0,1.7726371111834047,0.6970047874698612,1.979059637041013,0.5714285714285714,0.6939739891245016,4.112183434513873,0.7833521904385422,0.4839764796702616,,,,,final,0.0,0.0,,,,,,,,,,,,,,,,0.2392378849143613,0.1700033522126767,candidate,6.0,1.0,0.1922466729626234,0.117122274009994,6.0
0.2308217515266586,4.1164099022615375,0.2936860118763704,0.22859334257872585,3.951189372269841,0.3090065886470618,0.21462016350398913,3.0290550728686556,0.5964598759854888,0.2519290086182678,4.311497486193193,0.3987628720067321,0.20826104856245686,4.182785436965448,0.3110977989362457,0.026548131515431502,0.3610597596109901,0.22033376641541114,0.02727155289073649,0.3725523732934842,0.22501413614560994,6.0,0676,stage2_1007_best,6,2.0514861744957797,0.5968943889499558,2.582949678833103,0.40625,0.7329545454545454,0.29370118580404264,0.606621374598558,3.5060359467088893,0.6665494289878408,0.5451145090142792,0.8531494070979787,6.0,1.7726371069123308,0.6970047874731324,1.9790596345721534,0.5714285714285714,0.6939739897081759,4.1121834362819865,0.7833521906403881,0.48397647975810365,0.1709110289812088,0.2296359679308024,2.231669695704968,3.9464270068296097,final,0.0,0.0,0.0014664185018095934,0.018547054483645815,0.013450758748578052,3.6966660494837305,0.20844309421777354,4.392909951999964,0.4585312470829881,1.1393527876047684,0.2535400390625,0.03503896827024266,0.23282299594861824,0.36143638201171957,2.392854026513657,0.4585312470829881,0.6678363236588971,0.2392378847452117,0.17000332306452343,selected,6.0,1.0,0.19224667321881656,0.11712227722438107,6.0
,,,,,,,,,,,,,,,,,,,,,6.0,0677,stage2_1007_best,6,1.8564907096664465,0.6187538990518534,2.1344673728892514,0.4479166666666667,0.8409090909090909,0.2275702831859226,0.7126461376397427,3.5508779056920985,0.6807403379562814,0.5349801797269019,0.8862148584070387,6.0,2.3996378920550456,0.8052659120101244,1.8543176817201825,0.2857142857142857,0.8056887146287999,5.383292690501789,0.9372755639283423,0.2907561117953327,,,,,base,0.0,0.0,,,,,,,,,,,,,,,,0.2576643561956346,0.1424259840636701,candidate,6.0,1.0,0.2062647843268337,0.10190231555592201,6.0
,,,,,,,,,,,,,,,,,,,,,6.0,0677,stage2_1007_best,6,1.856490708964833,0.6187538990741791,2.1344673727702026,0.4479166666666667,0.8409090909090909,0.22757028303941532,0.7126461375041759,3.5508779063560745,0.6807403380704311,0.5349801797574497,0.8862148584802924,6.0,2.3996378767659503,0.8052659141448124,1.8543176739161238,0.2857142857142857,0.805688716094569,5.383292695100707,0.9372755643990615,0.2907561113469899,,,,,base,0.0,0.0,,,,,,,,,,,,,,,,0.25766435695446577,0.1424259783552352,selected,6.0,1.0,0.20626478042344398,0.10190230075613467,6.0
,,,,,,,,,,,,,,,,,,,,,6.0,0677,stage2_1007_best,6,1.349450982437749,0.6623715143465283,1.3897085173251904,0.8385416666666666,0.8920454545454546,0.17281068203449615,0.8343869243870012,2.830057995910115,0.5209826901643198,0.6804955332892121,0.9135946589827519,6.0,2.544400953174216,0.6834065032712568,2.294467471748044,0.42857142857142855,0.7044154380938029,4.604649494661172,0.8467181172875107,0.3714397950009297,,,,,provisional,0.0,0.0,,,,,,,,,,,,,,,,0.24856799288576142,0.13647955644668439,candidate,6.0,1.0,0.19769781120146251,0.12958235584042785,6.0
,,,,,,,,,,,,,,,,,,,,,6.0,0677,stage2_1007_best,6,1.3494509819240066,0.6623715149539041,1.3897085166145,0.8385416666666666,0.8920454545454546,0.17281068228456412,0.8343869247422256,2.8300579971666053,0.5209826905326423,0.6804955331044104,0.913594658857718,6.0,2.544400942894918,0.6834065021378998,2.2944674738464923,0.42857142857142855,0.7044154371046906,4.6046494877049104,0.8467181163506203,0.37143979687023415,,,,,provisional,0.0,0.0,,,,,,,,,,,,,,,,0.2485679896294923,0.13647955514440888,selected,6.0,1.0,0.19769780184725266,0.12958235346986374,6.0
,,,,,,,,,,,,,,,,,,,,,6.0,0677,stage2_1007_best,6,1.3387348760316502,0.6637482914602227,1.3705293655853208,0.84375,0.8920454545454546,0.17165948100383568,0.8408996832430103,2.831956132775885,0.5199692290662676,0.682077719735901,0.9141702594980821,6.0,2.5151538520382726,0.6834108290510446,2.2822707296528777,0.42857142857142855,0.7052972859092144,4.598234274884392,0.8460973526451263,0.37002169715136374,,,,,final,0.0,0.0,,,,,,,,,,,,,,,,0.24827564815354636,0.13456333902164094,candidate,6.0,1.0,0.1975064234540965,0.13007038991503359,6.0
0.19682328974738486,4.721496464130478,0.31473572011693596,0.207214277163397,4.269892454540045,0.410172749282091,0.20625960168971275,4.616968956794255,0.2467526743756624,0.20787284716090842,4.4753279173566245,0.3884350594455179,0.19360836026770398,4.233343352362319,0.407434573522303,0.11068382544204086,0.695333657364249,0.22819619476424882,0.11106480933968692,0.6937576712479586,0.22737791856528444,6.0,0677,stage2_1007_best,6,1.338734876244952,0.6637482915985307,1.3705293648246697,0.84375,0.8920454545454546,0.17165948129555522,0.8408996835264356,2.831956132863095,0.5199692292541801,0.6820777196766539,0.9141702593522223,6.0,2.5151538465791563,0.683410830272496,2.282270724126683,0.42857142857142855,0.7052972870853841,4.598234278055806,0.8460973530507888,0.3700216967655262,0.2255367785692215,0.2085848252490629,2.3771908512738986,4.2582584210021155,final,0.0,0.0,0.0019120533936427394,0.014557204814124397,0.007305398899070728,3.9683389958608255,0.19278554365364073,4.6238912667715795,0.45086296214833177,1.1547687749020281,0.2454833984375,0.03742256102566865,0.2382613258844418,0.3511954177359941,2.3458070299057896,0.45086296214833177,0.6731066785157633,0.24827564576490638,0.1345633435702875,selected,6.0,1.0,0.1975064237022519,0.13007038801264298,6.0
,,,,,,,,,,,,,,,,,,,,,6.0,0678,stage2_1007_best,6,1.300190871376043,0.585124715528304,1.7978671046121142,0.640625,0.9005681818181818,0.22285062108251033,0.6895671143514125,2.8078596751755467,0.5110647314712311,0.6914960047260928,0.8885746894587448,6.0,2.705953919440352,0.6685269293293522,2.483986219689639,0.3,0.6892064528933649,4.84177633502363,0.8740021976401582,0.3741412365698891,,,,,base,0.0,0.0,,,,,,,,,,,,,,,,0.22779413883968813,0.1648247075236423,candidate,6.0,1.0,0.1983015173036358,0.13166682814638056,6.0
,,,,,,,,,,,,,,,,,,,,,6.0,0678,stage2_1007_best,6,1.3001908706251792,0.5851247166079296,1.7978671032935887,0.640625,0.9005681818181818,0.22285062111182424,0.6895671148800221,2.8078596765795343,0.5110647318865854,0.6914960043827353,0.8885746894440878,6.0,2.705953922027814,0.6685269298415399,2.483986218442825,0.3,0.689206453358164,4.841776337354345,0.8740021979145944,0.37414123652785797,,,,,base,0.0,0.0,,,,,,,,,,,,,,,,0.22779414307064944,0.16482473025634226,selected,6.0,1.0,0.19830152262163786,0.13166685643487008,6.0
,,,,,,,,,,,,,,,,,,,,,6.0,0678,stage2_1007_best,6,2.1294075071542107,0.4825509111145594,2.4800701523532163,0.53125,0.7926136363636364,0.2830177959510331,0.5667346376991875,2.9285566517549952,0.5495862429185764,0.6524872640126108,0.8584911020244834,6.0,2.3503449024187084,0.6334722551427884,2.1261232867105067,0.6,0.7105436465783856,4.159397569422971,0.7856844771767736,0.4507152116747296,,,,,provisional,0.0,0.0,,,,,,,,,,,,,,,,0.22591102089289963,0.19849942577381016,candidate,6.0,1.0,0.19582972744701255,0.13252504631297948,6.0
,,,,,,,,,,,,,,,,,,,,,6.0,0678,stage2_1007_best,6,2.1294075072135796,0.4825509118675811,2.4800701521833806,0.53125,0.7926136363636364,0.2830177958211062,0.566734637833899,2.9285566520096378,0.5495862430552758,0.6524872638728909,0.8584911020894469,6.0,2.350344910119535,0.6334722550295707,2.12612328858662,0.6,0.7105436465834938,4.1593975678541355,0.7856844769916892,0.4507152126158521,,,,,provisional,0.0,0.0,,,,,,,,,,,,,,,,0.22591102008360495,0.19849945127111387,selected,6.0,1.0,0.19582972744701255,0.13252504304183685,6.0
,,,,,,,,,,,,,,,,,,,,,6.0,0678,stage2_1007_best,6,2.1680424462440766,0.48193031250893575,2.515007316710067,0.5260416666666666,0.8153409090909091,0.2860411127063527,0.5638641621624154,2.950946371308232,0.5539564720122042,0.6498520520904112,0.8569794436468237,6.0,2.398041342238741,0.6370880600571552,2.130508379278396,0.6,0.7114601359257705,4.187227115940766,0.7898341328709594,0.44559635099006173,,,,,final,0.0,0.0,,,,,,,,,,,,,,,,0.22545955981728197,0.19959512948908822,candidate,6.0,1.0,0.19549594231734913,0.13265413358475112,6.0
0.20774411662105977,4.641044475023662,0.27891865795990767,0.18062823763341668,4.379687910032995,0.40803459887381816,0.14165782480551875,3.158120666639299,0.6076624331450086,0.21136266062793965,3.7655888242477435,0.5078625292974603,0.1843273504497792,4.169470153245143,0.3425340202955335,0.05299214034942709,0.3904333390852251,0.3081137198831248,0.052691432611683575,0.38167727214532926,0.3170748597114344,6.0,0678,stage2_1007_best,6,2.168042445562124,0.48193031314309537,2.515007316028032,0.5260416666666666,0.8153409090909091,0.28604111258035925,0.5638641623920861,2.9509463731320333,0.553956472505207,0.6498520516506643,0.8569794437098204,6.0,2.398041341617987,0.6370880609492696,2.1305083773546567,0.6,0.7114601365091212,4.187227119573824,0.7898341333676212,0.44559635063069275,0.31793269515037537,0.17699174649177418,2.4234499747416254,4.343472802823669,final,0.0,0.0,0.0008628509569499132,0.02686151378523417,0.017928526823468346,3.7780856618226992,0.18310963265566843,4.508592274724639,0.42245250428937264,1.1760767100288643,0.271728515625,0.03544221734970748,0.24376678819383094,0.34261040056666003,2.250668317204455,0.42245250428937264,0.7019819401048422,0.22545956566663886,0.199595123315715,selected,6.0,1.0,0.19549594527446051,0.13265417675339125,6.0
,,,,,,,,,,,,,,,,,,,,,6.0,0679,stage2_1007_best,6,1.5647978067156967,0.6085518395304244,2.190503662156842,0.6614583333333334,0.8806818181818182,0.25199411448504283,0.684726458829127,3.157173330916659,0.6228280726746211,0.6084636332480168,0.8740029427574786,6.0,3.1979958611893853,0.7053015269761485,2.351742794130581,0.4,0.7329056623202748,5.084609385183134,0.904921426037298,0.317583619215536,,,,,base,0.0,0.0,,,,,,,,,,,,,,,,0.26078395260911597,0.17308656020523167,candidate,6.0,1.0,0.18874098373164325,0.106442884696066,6.0
,,,,,,,,,,,,,,,,,,,,,6.0,0679,stage2_1007_best,6,1.5647978036571586,0.6085518396423901,2.1905036603924954,0.6614583333333334,0.8806818181818182,0.25199411396988947,0.6847264589311352,3.1571733305241967,0.6228280726804462,0.6084636334424369,0.8740029430150552,6.0,3.197995855195395,0.705301526515865,2.3517427922056156,0.4,0.732905662211561,5.084609382569755,0.9049214257739693,0.3175836187820969,,,,,base,0.0,0.0,,,,,,,,,,,,,,,,0.2607839585840642,0.17308655418868632,selected,6.0,1.0,0.18874098373164325,0.1064428939187061,6.0
,,,,,,,,,,,,,,,,,,,,,6.0,0679,stage2_1007_best,6,1.8276936824496137,0.487620863437508,2.4088781109931436,0.4895833333333333,0.8295454545454546,0.2825716822392653,0.5655698342575659,3.342828564098601,0.6250628002828985,0.5971381588020442,0.8587141588803674,6.0,2.540485915310206,0.5794261183494296,2.529534462966803,0.5,0.6289806510582606,4.005575256485296,0.7671050779274708,0.4648463913490094,,,,,provisional,0.0,0.0,,,,,,,,,,,,,,,,0.22347804462336238,0.2048801881693009,candidate,6.0,1.0,0.1784571830685248,0.13397820476800112,6.0
,,,,,,,,,,,,,,,,,,,,,6.0,0679,stage2_1007_best,6,1.8276936835375504,0.48762086330660126,2.408878112155331,0.4895833333333333,0.8295454545454546,0.28257168281319084,0.5655698341700272,3.3428285635708743,0.6250628003752253,0.5971381588396852,0.8587141585934045,6.0,2.540485917325824,0.5794261170695608,2.5295344701791844,0.5,0.6289806497853269,4.005575252576291,0.7671050773389753,0.4648463920864966,,,,,provisional,0.0,0.0,,,,,,,,,,,,,,,,0.22347804967898668,0.20488017463022654,selected,6.0,1.0,0.17845718591270288,0.13397820939800403,6.0
,,,,,,,,,,,,,,,,,,,,,6.0,0679,stage2_1007_best,6,1.8478138567238007,0.4856308352192538,2.4590047842275404,0.4739583333333333,0.8579545454545454,0.283175679029507,0.5611048496327133,3.344400995731476,0.6290023799371756,0.5964068730838907,0.8584121604852464,6.0,2.5684839421085646,0.5740851596187871,2.5560051672776356,0.5,0.6235352691738032,3.992235501362289,0.7650973636522361,0.4639626353779615,,,,,final,0.0,0.0,,,,,,,,,,,,,,,,0.2241673161632758,0.20786714347261562,candidate,6.0,1.0,0.17785174278364224,0.13529159915551767,6.0
0.18934241327140625,4.800910529449196,0.26243719753727607,0.1650734031506209,4.837470864861786,0.2836103473112723,0.1506873057688211,3.0661506594550505,0.6252055192574567,0.16943757414545496,3.337713706553325,0.6093851263160662,0.17482280258858934,4.64566359904272,0.30188603744006376,0.10590914594366461,0.6042699086411846,0.3647258415775385,0.11107858071122907,0.6230291249070533,0.3683577444932536,6.0,0679,stage2_1007_best,6,1.8478138590379403,0.48563083503597315,2.4590047859709823,0.4739583333333333,0.8579545454545454,0.28317567909098124,0.5611048497323863,3.3444009967911827,0.6290023802631949,0.596406872764588,0.8584121604545093,6.0,2.5684839394349512,0.5740851600293196,2.556005163575541,0.5,0.6235352697835918,3.9922354997702896,0.7650973633240056,0.46396263558690876,0.2905496656894684,0.16637294833756616,2.46155242401968,4.688626175787746,final,0.0,0.0,0.002785819794346014,0.047249873279191244,0.017676832718650812,3.8702946273631715,0.16276229127027303,4.59797844906351,0.3843385397311701,1.2172399014133506,0.249267578125,0.0387400032557851,0.2527528370441961,0.3271516832179736,2.1106752606136707,0.3843385397311701,0.7230071499417126,0.22416731769614043,0.207867109358598,selected,6.0,1.0,0.17785174278364224,0.1352915942635374,6.0
,,,,,,,,,,,,,,,,,,,,,6.0,0680,stage2_1007_best,6,1.4158998356098298,0.5932772346600057,2.126955900479138,0.484375,0.8579545454545454,0.2636889516509637,0.6365873414305749,3.11323968870704,0.5938715086400834,0.6382340695366788,0.8681555241745182,6.0,3.02577874549073,0.6858157616673566,2.451587444890668,0.3,0.7130332830766425,4.97971594507233,0.8911133100112458,0.3542653058164954,,,,,base,0.0,0.0,,,,,,,,,,,,,,,,0.23714034823162872,0.1647736232249026,candidate,6.0,1.0,0.18391893575197762,0.10883439161553081,6.0
,,,,,,,,,,,,,,,,,,,,,6.0,0680,stage2_1007_best,6,1.4158998356698669,0.5932772340637779,2.1269559006822174,0.484375,0.8579545454545454,0.2636889516579836,0.6365873412615841,3.113239687133761,0.5938715084406141,0.6382340697164993,0.8681555241710083,6.0,3.025778741401806,0.6858157625936322,2.451587440595721,0.3,0.7130332836722135,4.979715947451699,0.8911133103198156,0.35426530553650815,,,,,base,0.0,0.0,,,,,,,,,,,,,,,,0.237140345626698,0.1647736246524329,selected,6.0,1.0,0.1839189330382522,0.10883440030121364,6.0
,,,,,,,,,,,,,,,,,,,,,6.0,0680,stage2_1007_best,6,1.8184413770520778,0.5490024551444166,2.380220602554998,0.421875,0.7869318181818182,0.2704859478645535,0.6449167664663047,3.3709237548485285,0.6538082788876618,0.5507415469692241,0.8647570260677232,6.0,2.5992529078364464,0.6143482132574178,2.488132824163794,0.5,0.6525106202927771,4.210194897475134,0.7925818042084571,0.44279358566858223,,,,,provisional,0.0,0.0,,,,,,,,,,,,,,,,0.24304069637134862,0.17119142896049533,candidate,6.0,1.0,0.17550458040071915,0.12376548725695932,6.0
,,,,,,,,,,,,,,,,,,,,,6.0,0680,stage2_1007_best,6,1.8184413763009677,0.5490024553384134,2.38022060173311,0.421875,0.7869318181818182,0.2704859477533782,0.6449167666926009,3.3709237549574027,0.6538082791019897,0.5507415467731048,0.864757026123311,6.0,2.599252907967572,0.6143482129476365,2.488132826725209,0.5,0.6525106195260624,4.210194895087411,0.792581803809481,0.4427935863342275,,,,,provisional,0.0,0.0,,,,,,,,,,,,,,,,0.24304069637134862,0.17119144872744102,selected,6.0,1.0,0.17550458136180805,0.12376553195150684,6.0
,,,,,,,,,,,,,,,,,,,,,6.0,0680,stage2_1007_best,6,1.8113112320051603,0.5498191780042146,2.390101149720955,0.4479166666666667,0.8068181818181818,0.2712044829224379,0.6445292635365584,3.3481306881276,0.6512365456705482,0.5540496115738637,0.864397758538781,6.0,2.566927806652681,0.6187734760230232,2.4694560781539514,0.5,0.6555465276108539,4.2288790974796155,0.7956330322632121,0.4397388821310154,,,,,final,0.0,0.0,,,,,,,,,,,,,,,,0.24373163741068524,0.17172418773997689,candidate,6.0,1.0,0.1754582569293486,0.12361251605827418,6.0
0.18274823434386714,4.940575353468596,0.27024938761786543,0.15603871186111495,5.082601114154325,0.25186288127700684,0.1583298710874123,5.0313247056108,0.2872353781265614,0.14305768932579524,4.124703236775498,0.44544674505771353,0.16975191313758273,4.988494020246019,0.31787492359361547,0.05217344257919807,0.33169286376112267,0.2737564733466678,0.05156081000294357,0.3313145600977746,0.2797811522798648,6.0,0680,stage2_1007_best,6,1.811311230948446,0.5498191777225501,2.390101148756765,0.4479166666666667,0.8068181818181818,0.2712044831478104,0.6445292637074969,3.348130688122142,0.6512365456993728,0.5540496113224761,0.8643977584260948,6.0,2.5669278114333505,0.6187734762559493,2.4694560788772946,0.5,0.6555465282777196,4.228879102356325,0.7956330328797854,0.4397388813939632,0.2781033515930176,0.15079614720861514,2.4316493671223767,5.093206987440948,final,0.0,0.0,0.0015229972588419037,0.025060953154958588,0.018666241812037434,4.123389329925693,0.16372251298832805,4.838388718782808,0.413987960874949,1.203955146087099,0.2305908203125,0.037122288880343,0.2512615798979961,0.3275651292029608,2.203940917777359,0.413987960874949,0.6989025030016691,0.24373163475026527,0.17172418642817452,selected,6.0,1.0,0.1754582569293486,0.12361251605827418,6.0
,,,,,,,,,,,,,,,,,,,,,6.0,0681,stage2_1007_best,6,1.176415949593793,0.6216164430153167,2.0273792026605126,0.625,0.8920454545454546,0.24111417013788958,0.6670407534355002,2.6365514217698167,0.5182759283459464,0.7058815481391553,0.8794429149310552,6.0,2.826610873935661,0.7073833542799225,2.3156872769642844,0.3,0.7354192934857091,5.0465632977333446,0.8987221353414112,0.32487328313310676,,,,,base,0.0,0.0,,,,,,,,,,,,,,,,0.2571248204599777,0.16429291556094672,candidate,6.0,1.0,0.20146482588899253,0.12329366636135938,6.0
,,,,,,,,,,,,,,,,,,,,,6.0,0681,stage2_1007_best,6,1.176415949554123,0.6216164421128887,2.027379202886961,0.625,0.8920454545454546,0.24111416965346938,0.6670407530917046,2.6365514211334613,0.5182759283385989,0.7058815484017958,0.8794429151732653,6.0,2.8266108738323568,0.707383354022836,2.3156872770897956,0.3,0.7354192936079393,5.046563297444369,0.898722135271875,0.32487328270494825,,,,,base,0.0,0.0,,,,,,,,,,,,,,,,0.2571248204995563,0.16429294472820152,selected,6.0,1.0,0.2014648282154889,0.12329365479042297,6.0
,,,,,,,,,,,,,,,,,,,,,6.0,0681,stage2_1007_best,6,1.1907507383828377,0.6303513410936196,2.0679789771881127,0.5208333333333334,0.8863636363636364,0.24375991590044954,0.6310578838932256,2.4410369911108587,0.4679975230475985,0.734157604101432,0.8781200420497753,6.0,2.849859324837284,0.5928453864381091,2.7043925563005784,0.4,0.6470445690353506,4.261812386009929,0.7984844281930681,0.4275894240848424,,,,,provisional,0.0,0.0,,,,,,,,,,,,,,,,0.25650058057097574,0.16899958380462168,candidate,6.0,1.0,0.18772376628644816,0.1442616904165526,6.0
,,,,,,,,,,,,,,,,,,,,,6.0,0681,stage2_1007_best,6,1.1907507377347797,0.6303513418329647,2.0679789767225905,0.5208333333333334,0.8863636363636364,0.24375991531989147,0.6310578839747593,2.4410369910923393,0.4679975231269556,0.7341576040604908,0.8781200423400543,6.0,2.849859324837284,0.5928453864381091,2.7043925563005784,0.4,0.6470445690353506,4.261812386009929,0.7984844281930681,0.4275894240848424,,,,,provisional,0.0,0.0,,,,,,,,,,,,,,,,0.25650057975709495,0.16899959039032952,selected,6.0,1.0,0.18772376628644816,0.1442616904165526,6.0
,,,,,,,,,,,,,,,,,,,,,6.0,0681,stage2_1007_best,6,1.1766972359412153,0.6285445449916044,2.058830766238861,0.546875,0.8948863636363636,0.2403066308303097,0.6319553151461117,2.402727082871053,0.45967774236176023,0.7406418801112208,0.8798466845848452,6.0,2.862705287317793,0.5874275796452165,2.739075231781958,0.4,0.6403228172017108,4.229218697202203,0.7940760585484761,0.4305719268696341,,,,,final,0.0,0.0,,,,,,,,,,,,,,,,0.25669451455397746,0.16943630428960277,candidate,6.0,1.0,0.18762760227249914,0.1450118054682232,6.0
0.1874286570934381,4.952258463810318,0.25382950541039423,0.1675293250546221,4.854174046707502,0.29889934971066034,0.1722830766416198,2.983348782933093,0.6700517559530124,0.1598131203067065,4.030682811187216,0.49231119314136196,0.18333100179334666,5.0150450933962505,0.26905593291685986,0.05469507354047248,0.24877411411965544,0.275640288733727,0.05583399767683292,0.26089613687803864,0.2742106240114039,6.0,0681,stage2_1007_best,6,1.1766972367592299,0.6285445447987896,2.0588307665702437,0.546875,0.8948863636363636,0.24030662990899473,0.631955315256126,2.4027270851919567,0.4596777430505805,0.7406418796416553,0.8798466850455026,6.0,2.862705280773922,0.5874275814608955,2.7390752243069625,0.4,0.6403228185538226,4.22921870020243,0.7940760590241771,0.430571925204136,0.27182644605636597,0.17693369855269808,2.3892071487146325,4.807477324065015,final,0.0,0.0,0.001332980747785837,0.021195499765730957,0.020574403570314193,4.237664977422531,0.16177408169200222,4.960841930456644,0.42058589094808657,1.2037187574939403,0.2171630859375,0.03780070967928766,0.25199279270998404,0.327046393474269,2.2288445581857204,0.42058589094808657,0.6935834566702879,0.25669451508396746,0.16943629871564164,selected,6.0,1.0,0.18762760364267236,0.14501180709800804,6.0
,,,,,,,,,,,,,,,,,,,,,6.0,0682,stage2_1007_best,6,1.2951496288416213,0.6035236562478584,2.0098657987217945,0.5260416666666666,0.8551136363636364,0.24721998251885824,0.6407436777069261,2.834523985000662,0.5343761244856325,0.6856427287857804,0.8763900087405709,6.0,2.824878706233823,0.7047964351024979,2.3168518331997943,0.3,0.7309286472907774,5.0136026072097915,0.8949873493055904,0.3463510731863614,,,,,base,0.0,0.0,,,,,,,,,,,,,,,,0.23236227860722447,0.15996878950665394,candidate,6.0,1.0,0.18096897029664633,0.1073497540261558,6.0
,,,,,,,,,,,,,,,,,,,,,6.0,0682,stage2_1007_best,6,1.295149629395205,0.6035236562516212,2.0098657992816564,0.5260416666666666,0.8551136363636364,0.24721998241796142,0.6407436778452212,2.8345239868374086,0.5343761249352826,0.6856427283766205,0.8763900087910191,6.0,2.82487869329165,0.7047964359648512,2.316851828196555,0.3,0.7309286474659746,5.013602608970509,0.8949873495762221,0.34635107326571746,,,,,base,0.0,0.0,,,,,,,,,,,,,,,,0.23236227960804276,0.15996881130567306,selected,6.0,1.0,0.18096896578510194,0.10734974814000646,6.0
,,,,,,,,,,,,,,,,,,,,,6.0,0682,stage2_1007_best,6,1.824299551979642,0.6258623181212841,2.4214499823676845,0.3802083333333333,0.8267045454545454,0.23843833104719342,0.6337186244721279,3.0648734267906157,0.5990492493215187,0.6028974382494398,0.8807808344764033,6.0,2.6527524110066474,0.6440302980213434,2.3040328249039157,0.5,0.7134671663033313,4.298176718883602,0.8034762348945219,0.43546867474648876,,,,,provisional,0.0,0.0,,,,,,,,,,,,,,,,0.23964403123644665,0.17221658082613384,candidate,6.0,1.0,0.1741061767343834,0.1190589691803828,6.0
,,,,,,,,,,,,,,,,,,,,,6.0,0682,stage2_1007_best,6,1.8242995508548376,0.6258623183291602,2.4214499815309303,0.3802083333333333,0.8267045454545454,0.23843833108515378,0.6337186243967723,3.0648734257480563,0.5990492492263995,0.6028974382706505,0.8807808344574233,6.0,2.6527524048074214,0.6440302996227361,2.304032820662984,0.5,0.7134671669811994,4.298176724478796,0.8034762357101074,0.435468674012513,,,,,provisional,0.0,0.0,,,,,,,,,,,,,,,,0.23964402209659916,0.17221655358534818,selected,6.0,1.0,0.17410618038229103,0.1190589728791161,6.0
,,,,,,,,,,,,,,,,,,,,,6.0,0682,stage2_1007_best,6,1.828484941667657,0.629347892492882,2.427909038533502,0.3802083333333333,0.8295454545454546,0.23923385594909308,0.6354446240600585,3.0403637620148825,0.5965229804183976,0.602612555267216,0.8803830720254534,6.0,2.6454532436874447,0.6434765033644304,2.2968509165477085,0.6,0.7139678578408127,4.297033797655713,0.8033077156897642,0.4354418711756308,,,,,final,0.0,0.0,,,,,,,,,,,,,,,,0.24098120513252708,0.1723389882114936,candidate,6.0,1.0,0.17416738783636368,0.11932130467610651,6.0
0.20239002785508237,4.67965635837309,0.26684683504402773,0.16250437688836158,4.958794008912654,0.2765184335479177,0.1479371991243944,4.407311229648652,0.43703911361350073,0.18300631622445784,3.5629406922862428,0.560448264401625,0.17844644483648958,4.633243540883318,0.2933808010451557,0.05342911481488186,0.49279888174880754,0.26156243879307395,0.05313106496350417,0.4766071092819601,0.26192407689408576,6.0,0682,stage2_1007_best,6,1.8284849412780144,0.6293478925722339,2.4279090383511757,0.3802083333333333,0.8295454545454546,0.23923385628070684,0.6354446240288556,3.040363762106928,0.5965229804644222,0.6026125552656699,0.8803830718596466,6.0,2.645453243911458,0.6434765038438404,2.2968509156359436,0.6,0.7139678579302893,4.297033798609364,0.8033077158164921,0.43544187088831315,0.31023186445236206,0.15897876270215283,2.507592349479374,4.960800857018585,final,0.0,0.0,0.0007454534745623839,0.02515843708817146,0.009471569496042385,3.7471089761189242,0.18330971091840725,4.485327942936243,0.4145400651779892,1.1848170241973648,0.2603759765625,0.03584635530216127,0.24418541909086802,0.3409811115510671,2.2217724675922486,0.4145400651779892,0.7065512024941989,0.2409812086233963,0.17233899141702852,selected,6.0,1.0,0.174167392011529,0.1193212907002818,6.0
,,,,,,,,,,,,,,,,,,,,,6.0,0683,stage2_1007_best,6,1.2234686709489337,0.6079078760432305,2.077667161850772,0.5520833333333334,0.9034090909090909,0.2581897915416749,0.6505482267309766,2.6761699539230683,0.5215780909322673,0.6946561079527065,0.8709051042291627,6.0,2.6710005367859058,0.7303262411748829,2.2176238246818447,0.3,0.7359778063324569,5.080267431130479,0.9055131352165551,0.3345175519416022,,,,,base,0.0,0.0,,,,,,,,,,,,,,,,0.25497785938059964,0.16313689067604573,candidate,6.0,1.0,0.19592149094437625,0.10952219051366882,6.0
,,,,,,,,,,,,,,,,,,,,,6.0,0683,stage2_1007_best,6,1.223468670696097,0.6079078762252205,2.0776671616331224,0.5520833333333334,0.9034090909090909,0.25818979166739325,0.6505482268711983,2.676169954709723,0.5215780912108138,0.6946561076885717,0.8709051041663034,6.0,2.671000536302557,0.7303262412490626,2.217623824140154,0.3,0.7359778064378002,5.080267431477001,0.9055131352555138,0.33451755186098225,,,,,base,0.0,0.0,,,,,,,,,,,,,,,,0.2549778688489837,0.16313691653151013,selected,6.0,1.0,0.19592148556098749,0.10952219034478848,6.0
,,,,,,,,,,,,,,,,,,,,,6.0,0683,stage2_1007_best,6,1.154416796135592,0.6398463601029177,1.9080032075605224,0.5729166666666666,0.8863636363636364,0.2425119963826977,0.662743445189927,2.6074331129932986,0.48667464680696526,0.7254615159071198,0.8787440018086511,6.0,2.494989435451197,0.6135088523975991,2.5112945753185514,0.5,0.658952755203305,4.137390976074374,0.7809991903985262,0.44115538745736077,,,,,provisional,0.0,0.0,,,,,,,,,,,,,,,,0.23635724867305638,0.15410988203214832,candidate,6.0,1.0,0.18148230673661114,0.13393621463911076,6.0
,,,,,,,,,,,,,,,,,,,,,6.0,0683,stage2_1007_best,6,1.154416795852945,0.6398463598548386,1.9080032076258955,0.5729166666666666,0.8863636363636364,0.24251199660398173,0.6627434451929881,2.607433113234078,0.4866746469685176,0.7254615157231722,0.8787440016980093,6.0,2.4949894466629305,0.6135088521082445,2.5112945763912484,0.5,0.6589527554293423,4.137390979167368,0.7809991909414836,0.44115538698430773,,,,,provisional,0.0,0.0,,,,,,,,,,,,,,,,0.23635724540083738,0.15410987368175819,selected,6.0,1.0,0.18148230848636818,0.13393623669231206,6.0
,,,,,,,,,,,,,,,,,,,,,6.0,0683,stage2_1007_best,6,1.1554082940902242,0.6384940491137922,1.9307483034593347,0.5729166666666666,0.8863636363636364,0.2421031022096302,0.6568480717359053,2.612384754319408,0.48877104091933676,0.7245426650054562,0.8789484488951849,6.0,2.5212792642989927,0.6102919257883687,2.5336316825029765,0.5,0.6554941606435873,4.128773343412355,0.779926995420709,0.4389330194542418,,,,,final,0.0,0.0,,,,,,,,,,,,,,,,0.23659721950620943,0.15574870095000257,candidate,6.0,1.0,0.18147811061126964,0.13529386015275405,6.0
0.1855278151318487,4.965750172338261,0.22997943969712326,0.16471601032179486,4.990653556109552,0.2242856062087267,0.14212514826382625,4.226755136459366,0.3455264139280876,0.1839451123507513,3.8252621491167025,0.514886842576991,0.16163195497498484,5.019518198274348,0.26910053557967467,0.06713504676956714,0.35066187744708516,0.29636879333649746,0.06696548789096662,0.3577505260839902,0.2992385777981439,6.0,0683,stage2_1007_best,6,1.1554082944822404,0.6384940493252337,1.9307483038032385,0.5729166666666666,0.8863636363636364,0.24210310211527997,0.6568480718633698,2.6123847557022084,0.4887710412633357,0.7245426646608143,0.87894844894236,6.0,2.5212792771381607,0.6102919251461697,2.5336316881806766,0.5,0.6554941605488526,4.12877334587561,0.7799269957219924,0.4389330180948736,0.2705075144767761,0.15429357107290528,2.4660588903664387,4.98117266623425,final,0.0,0.0,0.0019129326216706613,0.026826628800762514,0.01814232854607348,4.134413235959678,0.17060183322363207,4.829990565693589,0.4278423241194182,1.1871083938247033,0.227294921875,0.03726150429048435,0.24803738787325705,0.3351384382431089,2.2677378128861347,0.4278423241194182,0.691124166872378,0.23659721951658372,0.15574870507010477,selected,6.0,1.0,0.18147811121080157,0.1352938598623454,6.0
,,,,,,,,,,,,,,,,,,,,,6.0,0684,stage2_1007_best,6,1.2536569956526493,0.6766176957232379,2.065166073743353,0.5,0.8579545454545454,0.22318567035785727,0.6628988875118339,2.947666320619563,0.5747960292413228,0.6263874929794891,0.8884071648210714,6.0,2.587535931792169,0.7212757148696287,2.271918609557589,0.3,0.7275094645300411,5.043105354845027,0.8987346654092716,0.3471960644539941,,,,,base,0.0,0.0,,,,,,,,,,,,,,,,0.2559994791238267,0.13925479314512626,candidate,6.0,1.0,0.1998124532216408,0.1224683805114066,6.0
,,,,,,,,,,,,,,,,,,,,,6.0,0684,stage2_1007_best,6,1.2536569974553324,0.6766176957774798,2.065166075099675,0.5,0.8579545454545454,0.22318567094194214,0.662898887236275,2.9476663206387017,0.5747960293622575,0.6263874930872518,0.888407164529029,6.0,2.587535931792169,0.7212757148696287,2.271918609557589,0.3,0.7275094645300411,5.043105354845027,0.8987346654092716,0.3471960644539941,,,,,base,0.0,0.0,,,,,,,,,,,,,,,,0.2559994798075898,0.13925477722806398,selected,6.0,1.0,0.1998124532216408,0.1224683805114066,6.0
,,,,,,,,,,,,,,,,,,,,,6.0,0684,stage2_1007_best,6,1.40297733705908,0.6753464153545923,2.0944862523780188,0.5104166666666666,0.8039772727272727,0.2249224887341157,0.6622154960960379,3.2413700676539112,0.6240577380991746,0.5741759370254912,0.8875387556329422,6.0,2.4404033668455143,0.6415484395163308,2.3872641512853563,0.5,0.6665121053712709,4.119748023998703,0.7851073304393115,0.4391519191870693,,,,,provisional,0.0,0.0,,,,,,,,,,,,,,,,0.253164141897456,0.15755212562881948,candidate,6.0,1.0,0.19509254333102713,0.14335994126436624,6.0
,,,,,,,,,,,,,,,,,,,,,6.0,0684,stage2_1007_best,6,1.4029773381148196,0.6753464152460728,2.094486253411733,0.5104166666666666,0.8039772727272727,0.22492248802759268,0.662215495863447,3.24137006734313,0.6240577381047758,0.5741759372248747,0.8875387559862037,6.0,2.44040337170059,0.6415484391632742,2.387264153779184,0.5,0.6665121051128265,4.119748026021457,0.7851073306823528,0.4391519187831533,,,,,provisional,0.0,0.0,,,,,,,,,,,,,,,,0.2531641395365641,0.1575520952080257,selected,6.0,1.0,0.19509254266566411,0.14335993300014085,6.0
,,,,,,,,,,,,,,,,,,,,,6.0,0684,stage2_1007_best,6,1.4443475104296106,0.6675404835130478,2.1220249743485065,0.4947916666666667,0.8068181818181818,0.2274639013478643,0.6605543729697485,3.255192046749027,0.6270681089738361,0.5699366335917581,0.8862680493260678,6.0,2.4440596485997452,0.6413524161831474,2.3923988237864076,0.5,0.6670735864478426,4.115194334824176,0.784163066196096,0.43936285827914334,,,,,final,0.0,0.0,,,,,,,,,,,,,,,,0.2531404440843786,0.15888688506631674,candidate,6.0,1.0,0.1948930710848929,0.14358860489242808,6.0
0.19635263225031307,4.819742529703925,0.25406189867813483,0.17225299668570285,4.78630726563199,0.3003829818305418,0.16390731585290969,3.839746711792239,0.4212890784803021,0.18457887793940092,4.665538515697847,0.37603009523486397,0.18303886930835964,4.640577405816474,0.30187035999916645,0.06737961110453221,0.3076094945991685,0.34901445651635304,0.06531757729678768,0.29684788433304177,0.346540412377006,6.0,0684,stage2_1007_best,6,1.4443475090171292,0.6675404840637154,2.122024974036503,0.4947916666666667,0.8068181818181818,0.22746390100125788,0.660554372807275,3.2551920462469375,0.6270681089716845,0.5699366338705625,0.8862680494993711,6.0,2.4440596485992696,0.6413524165440586,2.3923988225380657,0.5,0.6670735867924239,4.115194335229806,0.7841630662428596,0.4393628581762254,0.28968748450279236,0.17690626785653527,2.373442158244194,4.663709384355234,final,0.0,0.0,0.0009987789747094046,0.019212197667716004,0.012279068835037656,3.9298888467171684,0.1749106801923064,4.650691902734455,0.4164692541568388,1.1894188192593549,0.2550048828125,0.03753042858390202,0.24727719377039184,0.3364579154254584,2.2287609651088127,0.4164692541568388,0.7031168916508996,0.2531404440843786,0.1588868935241428,selected,6.0,1.0,0.194893068081453,0.1435885802568296,6.0
,,,,,,,,,,,,,,,,,,,,,6.0,0685,stage2_1007_best,6,1.270032778896446,0.605584752464681,2.099621160732178,0.5520833333333334,0.8948863636363636,0.262210593380406,0.6549767834778872,2.9545185506157594,0.5769221751218737,0.6587841911978808,0.868894703309797,6.0,3.030708835305332,0.7220900056158918,2.2299281089204914,0.3,0.7511185195379372,5.1343824933486655,0.9106443999134397,0.32139307324623656,,,,,base,0.0,0.0,,,,,,,,,,,,,,,,0.2529989592776078,0.1601490221538908,candidate,6.0,1.0,0.17946190211573565,0.09552227686367859,6.0
,,,,,,,,,,,,,,,,,,,,,6.0,0685,stage2_1007_best,6,1.270032778006055,0.6055847529387426,2.099621160371781,0.5520833333333334,0.8948863636363636,0.26221059322614776,0.6549767833392147,2.9545185491174792,0.5769221748951586,0.6587841914844906,0.8688947033869261,6.0,3.0307088188886087,0.7220900069457823,2.2299281022847155,0.3,0.751118520364636,5.13438249525654,0.91064440011923,0.3213930724501665,,,,,base,0.0,0.0,,,,,,,,,,,,,,,,0.25299896273590333,0.16014901110575833,selected,6.0,1.0,0.17946190023511643,0.09552230859025422,6.0
,,,,,,,,,,,,,,,,,,,,,6.0,0685,stage2_1007_best,6,1.5672180533409978,0.5943356566213361,2.299540717366747,0.5416666666666666,0.8096590909090909,0.27464514235312926,0.6397620759915585,2.909634620305289,0.5817517305199554,0.6171807264610881,0.8626774288234355,6.0,2.319481136917519,0.6458173394772828,2.391752995337023,0.4,0.6759998570494489,4.282542373603596,0.8027449919114521,0.42314888769090697,,,,,provisional,0.0,0.0,,,,,,,,,,,,,,,,0.2603639392556227,0.16213694152032818,candidate,6.0,1.0,0.17016694673391564,0.11139895882826775,6.0
,,,,,,,,,,,,,,,,,,,,,6.0,0685,stage2_1007_best,6,1.5672180539720706,0.5943356572120841,2.2995407170842173,0.5416666666666666,0.8096590909090909,0.2746451424520317,0.63976207611546,2.9096346204556993,0.5817517306471844,0.6171807262697326,0.8626774287739841,6.0,2.3194811282348935,0.6458173399023175,2.3917529904511237,0.4,0.6759998575899044,4.2825423736693455,0.8027449918409232,0.4231488877217539,,,,,provisional,0.0,0.0,,,,,,,,,,,,,,,,0.26036394122800727,0.16213697208388528,selected,6.0,1.0,0.17016694432593765,0.1113989819049874,6.0
,,,,,,,,,,,,,,,,,,,,,6.0,0685,stage2_1007_best,6,1.5235253723691398,0.6014790693963972,2.27295403445372,0.5572916666666666,0.8210227272727273,0.2734529901248157,0.6402106980248348,2.8957354382710263,0.5781804223891134,0.6226258559145346,0.8632735049375921,6.0,2.3486189664745263,0.6455078790198437,2.395261203470507,0.4,0.677558935625791,4.303439433436188,0.8059608050264744,0.41772366663644644,,,,,final,0.0,0.0,,,,,,,,,,,,,,,,0.26001216178588,0.16154867647521318,candidate,6.0,1.0,0.17011586118473068,0.11225074568943817,6.0
0.17015808624207418,4.994415375033019,0.28320237780069063,0.14526705689109606,5.261689440622287,0.2413546491939479,0.12656266823601786,4.69850566898883,0.4072589089582592,0.1645734384216056,3.6301369024868255,0.5649049905753991,0.14876824082523343,5.265529422347535,0.26110545544798364,0.046500719237682675,0.3290286922741383,0.28825768682898595,0.05003015240731242,0.35152822560801394,0.2970771392366613,6.0,0685,stage2_1007_best,6,1.5235253729392941,0.6014790682921067,2.272954034195826,0.5572916666666666,0.8210227272727273,0.2734529900251259,0.6402106983225401,2.895735439292482,0.5781804226219681,0.622625855354196,0.863273504987437,6.0,2.348618952433845,0.6455078782880724,2.395261207171986,0.4,0.6775589332903853,4.303439422070304,0.8059608035653371,0.41772366853554815,0.27498313784599304,0.1432137706765219,2.502020584208762,5.4529835125041615,final,0.0,0.0,0.0017092041232194424,0.028646932262181582,0.018645284652058055,4.139954796804239,0.16832566512684713,4.824498486764646,0.4235138780904865,1.1926444046571532,0.2550048828125,0.03762559919904043,0.2485813259029923,0.33404237530112313,2.244418197734986,0.4235138780904865,0.6913309166738715,0.2600121591908197,0.16154867544701926,selected,6.0,1.0,0.17011585921989517,0.11225071153518372,6.0
,,,,,,,,,,,,,,,,,,,,,6.0,0686,stage2_1007_best,6,1.4152856247572398,0.5719372268777477,2.156440392302737,0.5,0.8778409090909091,0.2511659241131474,0.6478629692076255,3.1541757342111345,0.6116995625610613,0.6084997076954465,0.8744170379434263,6.0,3.1283606202936896,0.6742813764910827,2.437336361300234,0.3,0.7023815151969653,4.937625610249675,0.8899953427654239,0.3525949325226736,,,,,base,0.0,0.0,,,,,,,,,,,,,,,,0.24630886867750235,0.16059935241798592,candidate,6.0,1.0,0.20010598959570638,0.11875159446462771,6.0
,,,,,,,,,,,,,,,,,,,,,6.0,0686,stage2_1007_best,6,1.4152856239318417,0.5719372268097177,2.1564403919151114,0.5,0.8778409090909091,0.2511659238378519,0.6478629691025968,3.154175733378152,0.6116995624601514,0.6084997078579679,0.874417038081074,6.0,3.128360629423417,0.6742813778350218,2.4373363530556653,0.3,0.7023815169189606,4.9376256140010835,0.8899953432531876,0.35259493212380333,,,,,base,0.0,0.0,,,,,,,,,,,,,,,,0.2463088746122869,0.16059935125886315,selected,6.0,1.0,0.20010598762296566,0.11875159803902799,6.0
,,,,,,,,,,,,,,,,,,,,,6.0,0686,stage2_1007_best,6,1.5911827311552962,0.5796058585338006,1.7560113259562653,0.7916666666666666,0.8664772727272727,0.23655551159359245,0.7516887640647859,2.344103056637964,0.4552880276004708,0.7209921083911403,0.8817222442032037,6.0,2.4597045810880984,0.5773303789480867,2.6521114999914057,0.3,0.6103388563334916,3.95444344305388,0.7611171793424157,0.4777054762806875,,,,,provisional,0.0,0.0,,,,,,,,,,,,,,,,0.26743671077373976,0.1829507267492789,candidate,6.0,1.0,0.19012368090924675,0.14823559690394228,6.0
,,,,,,,,,,,,,,,,,,,,,6.0,0686,stage2_1007_best,6,1.5911827313600737,0.5796058585708408,1.7560113259146197,0.7916666666666666,0.8664772727272727,0.23655551183170828,0.7516887638713131,2.3441030573659902,0.4552880278244952,0.7209921086464814,0.8817222440841458,6.0,2.459704573729397,0.57733037796111,2.6521115033091696,0.3,0.6103388544084057,3.954443436438512,0.761117178414103,0.47770547827069343,,,,,provisional,0.0,0.0,,,,,,,,,,,,,,,,0.26743671270007263,0.18295072872978363,selected,6.0,1.0,0.19012368126289925,0.14823560448946707,6.0
,,,,,,,,,,,,,,,,,,,,,6.0,0686,stage2_1007_best,6,1.5494825642312422,0.572709898490057,1.7321408807444232,0.7916666666666666,0.8778409090909091,0.23343136573580897,0.7553479334364626,2.34728506282806,0.4557454317080937,0.7221187962539113,0.8832843171320955,6.0,2.4788692545367503,0.5756464358790799,2.6514212710913476,0.3,0.6116558542756022,3.963853489923207,0.7623454423432752,0.47582873297377126,,,,,final,0.0,0.0,,,,,,,,,,,,,,,,0.2673886586337655,0.18189887633254248,candidate,6.0,1.0,0.19011477125559298,0.14766096915600735,6.0
0.16785684319360764,4.923989232637778,0.28736753242428253,0.14635185480231108,5.0650306316709806,0.2704350768909457,0.1289132887928225,4.635000978864457,0.30062304529163975,0.18146876977777637,3.953933159504887,0.5143804204056245,0.153257005767792,4.929528927750747,0.27396091832838765,0.08458876464486369,0.9975616582585083,0.3043880440563746,0.08630822810885441,0.9937027694039268,0.305759895245439,6.0,0686,stage2_1007_best,6,1.5494825640844094,0.5727098980227164,1.7321408807389649,0.7916666666666666,0.8778409090909091,0.23343136526426206,0.7553479334503808,2.3472850632291604,0.4557454318681245,0.7221187962934575,0.883284317367869,6.0,2.478869254078309,0.575646435739174,2.651421271769897,0.3,0.6116558539626893,3.963853489187315,0.7623454422577267,0.4758287333498825,0.2847716808319092,0.13719481043424134,2.6436431300290333,5.057927662336725,final,0.0,0.0,0.0018315488336581095,0.02478907634771783,0.01927721453165154,4.003763728391722,0.1730958983195951,4.701039014111191,0.41646552147000415,1.191373899593876,0.23583984375,0.038710828742901764,0.2487317210686635,0.3344781694250416,2.238132400066834,0.41646552147000415,0.7019012825206247,0.2673886543504369,0.18189886323979493,selected,6.0,1.0,0.19011477125559298,0.14766096672867846,6.0
,,,,,,,,,,,,,,,,,,,,,6.0,0687,stage2_1007_best,6,1.272411508136703,0.5625472214666665,2.0521332091060636,0.5104166666666666,0.8778409090909091,0.2573316351018542,0.6368946533572128,2.7041965421547083,0.5200785341621245,0.6863033920454683,0.8713341824490729,6.0,2.877396299960715,0.663135329163606,2.4961865848968436,0.3,0.6961538804400655,4.92412127865577,0.8836859386453896,0.3488146173859369,,,,,base,0.0,0.0,,,,,,,,,,,,,,,,0.2469344865002292,0.16438158663565516,candidate,6.0,1.0,0.18322640697780998,0.10920845419581159,6.0
,,,,,,,,,,,,,,,,,,,,,6.0,0687,stage2_1007_best,6,1.2724115071291682,0.5625472219874036,2.052133208985535,0.5104166666666666,0.8778409090909091,0.2573316346959814,0.6368946533112785,2.7041965410076245,0.5200785340663404,0.686303392216766,0.8713341826520092,6.0,2.8773963037381334,0.6631353260630236,2.4961865976814654,0.3,0.6961538777504823,4.924121266210056,0.8836859370938904,0.3488146187256277,,,,,base,0.0,0.0,,,,,,,,,,,,,,,,0.24693448061059675,0.16438161803768558,selected,6.0,1.0,0.18322640668386586,0.10920846354180974,6.0
,,,,,,,,,,,,,,,,,,,,,6.0,0687,stage2_1007_best,6,1.3188313632891913,0.600233072276433,2.1186273664529045,0.5052083333333334,0.8920454545454546,0.26644116014639246,0.6230079734902045,2.8274184833369027,0.5440009320255321,0.6729061072078583,0.8667794199268037,6.0,2.5709247331513305,0.6082854501314693,2.489480661364607,0.4,0.6587826244828487,4.21670115525636,0.7943028907791788,0.4269471859517176,,,,,provisional,0.0,0.0,,,,,,,,,,,,,,,,0.24321548343033345,0.16135056344505785,candidate,6.0,1.0,0.17190853829803593,0.1253765149405316,6.0
,,,,,,,,,,,,,,,,,,,,,6.0,0687,stage2_1007_best,6,1.3188313647157464,0.6002330719451187,2.1186273676201073,0.5052083333333334,0.8920454545454546,0.2664411601029576,0.623007973457514,2.827418483635849,0.5440009321248603,0.6729061069809411,0.8667794199485211,6.0,2.570924737654185,0.6082854488415054,2.4894806666274367,0.4,0.6587826235063028,4.2167011487630655,0.7943028898640542,0.42694718729500175,,,,,provisional,0.0,0.0,,,,,,,,,,,,,,,,0.24321547104281802,0.1613505898184008,selected,6.0,1.0,0.17190853859098187,0.12537651791770218,6.0
,,,,,,,,,,,,,,,,,,,,,6.0,0687,stage2_1007_best,6,1.3357466416364117,0.5980745167724806,2.118857644899338,0.5104166666666666,0.8863636363636364,0.26797077273091535,0.6227293659495245,2.8256513255762967,0.5422323937846351,0.6724824180783872,0.8660146136345422,6.0,2.55328472792501,0.6092113798086006,2.4817529933854976,0.4,0.6576714639101892,4.204017763188069,0.7928699436559004,0.4292492323099415,,,,,final,0.0,0.0,,,,,,,,,,,,,,,,0.24205382788619118,0.16142116576536614,candidate,6.0,1.0,0.17174566363223304,0.1253116890637309,6.0
0.16827754793504876,5.156136291080694,0.22836670945884935,0.18674368777835054,4.9576925840271775,0.24108437114652773,0.17307652706496093,3.8080574589031686,0.5014401294379152,0.16956407833660353,3.8849236267280642,0.4951823862239507,0.1725016373611113,4.875968905198799,0.2568340520963111,0.05419396614269153,0.21556864440404985,0.2707421147713069,0.052399461066786675,0.20053835343371462,0.26818665741049835,6.0,0687,stage2_1007_best,6,1.3357466407413734,0.5980745171042229,2.118857644720255,0.5104166666666666,0.8863636363636364,0.2679707726972025,0.6227293657673726,2.8256513247703565,0.5422323936289398,0.6724824182578159,0.8660146136513986,6.0,2.553284719687281,0.6092113795857294,2.4817529933440663,0.4,0.657671463115018,4.204017757939399,0.792869942976596,0.42924923275556626,0.28219273686408997,0.18744643531036134,2.3919088275192446,4.78261894598531,final,0.0,0.0,0.0012485987316713327,0.02390859637524334,0.01396401160340628,4.205497888037332,0.16890345959479477,4.913067110624605,0.4275104257443021,1.1910846117232654,0.225341796875,0.03936726912749983,0.2480084038697988,0.33335674944888966,2.250504910361424,0.4275104257443021,0.6836971956689138,0.2420538272220134,0.16142117727607125,selected,6.0,1.0,0.17174566294992255,0.12531168425962266,6.0
,,,,,,,,,,,,,,,,,,,,,6.0,0688,stage2_1007_best,6,1.886420533605745,0.5566777005522464,2.2797579339202816,0.3333333333333333,0.7840909090909091,0.21843106577179777,0.7065808230802554,3.836520187315028,0.7403804844019453,0.45027106237017217,0.8907844671141011,6.0,2.88119292624041,0.668278178054618,2.528749327594597,0.3,0.677169693388294,4.815520471156333,0.8731399232291621,0.37416347486569285,,,,,base,0.0,0.0,,,,,,,,,,,,,,,,0.2636734573457635,0.16624236346195453,candidate,6.0,1.0,0.2132078370338204,0.13538156937880438,6.0
,,,,,,,,,,,,,,,,,,,,,6.0,0688,stage2_1007_best,6,1.8864205337513977,0.5566777005470763,2.2797579332286952,0.3333333333333333,0.7840909090909091,0.2184310653318658,0.7065808231974602,3.836520187361671,0.7403804844322615,0.4502710622410362,0.890784467334067,6.0,2.881192912026062,0.6682781803388664,2.5287493130457195,0.3,0.6771696958625409,4.815520479818635,0.8731399242762723,0.3741634728563029,,,,,base,0.0,0.0,,,,,,,,,,,,,,,,0.2636734541118235,0.1662423455356485,selected,6.0,1.0,0.21320784369029555,0.1353815702204427,6.0
,,,,,,,,,,,,,,,,,,,,,6.0,0688,stage2_1007_best,6,1.2249953071428472,0.6332741540979858,1.7557984244754599,0.640625,0.8238636363636364,0.1993667083654831,0.7151475871109265,2.7966270014991514,0.533505219872731,0.644852915497706,0.9003166458172583,6.0,2.5396203236059933,0.5828465840431339,2.7262405094416757,0.4,0.5984517684235388,4.040158339062676,0.7731771503099687,0.4573400658227847,,,,,provisional,0.0,0.0,,,,,,,,,,,,,,,,0.2562693401040526,0.14873661032880683,candidate,6.0,1.0,0.20100629201833986,0.16686964967580506,6.0
,,,,,,,,,,,,,,,,,,,,,6.0,0688,stage2_1007_best,6,1.2249953079143008,0.6332741540045091,1.755798424593261,0.640625,0.8238636363636364,0.19936670850220822,0.7151475872726486,2.7966270019837745,0.5335052201174116,0.6448529154742155,0.9003166457488958,6.0,2.539620326397542,0.582846584090459,2.7262405083400623,0.4,0.598451769074225,4.040158340056056,0.7731771504396995,0.4573400652883933,,,,,provisional,0.0,0.0,,,,,,,,,,,,,,,,0.2562693447750101,0.14873663126826345,selected,6.0,1.0,0.201006291735791,0.16686965678498697,6.0
,,,,,,,,,,,,,,,,,,,,,6.0,0688,stage2_1007_best,6,1.2484751262244693,0.623573820009993,1.7767787360132985,0.6354166666666666,0.8238636363636364,0.20203669603712404,0.7102568919393062,2.826112607646426,0.5394457150515344,0.6406222623702521,0.898981651981438,6.0,2.543695803521433,0.5822184787162831,2.727787053084756,0.4,0.5986598964334675,4.036979464310866,0.772772439714824,0.4568375789607565,,,,,final,0.0,0.0,,,,,,,,,,,,,,,,0.25567543788242286,0.15063583362163446,candidate,6.0,1.0,0.20104502830012969,0.16664107051277854,6.0
0.16411119542767694,4.999762063484766,0.2955904743557036,0.13415312034033444,5.074103947508579,0.2588849072292709,0.15398945426333716,5.0683622895366796,0.3072809718523784,0.1699579159484067,4.865066431980638,0.29166932515625354,0.1481191768405356,5.030982342034865,0.3073299971068429,0.11166316910651038,0.9379610035516128,0.2975760705235491,0.11298752477627698,0.9508169570461137,0.2937425841873577,6.0,0688,stage2_1007_best,6,1.2484751277309267,0.6235738211085651,1.7767787373596144,0.6354166666666666,0.8238636363636364,0.2020366960962013,0.7102568917805617,2.8261126070843,0.539445715094744,0.6406222627024397,0.8989816519518993,6.0,2.543695802967993,0.5822184777342193,2.7277870568841966,0.4,0.5986598957770405,4.036979458955744,0.7727724387737517,0.4568375797233726,0.28067415952682495,0.13816377814307834,2.476504940404219,4.9887464478433445,final,0.0,0.0,0.001730823895566471,0.019865074086205,0.009657335372460127,4.24476338079239,0.16536489023640039,4.9731306668568225,0.42799251702467556,1.1994772974966101,0.2432861328125,0.03953466819164587,0.2512294460099693,0.32705978348064196,2.2603985728545055,0.4279925170246755,0.6906228308517672,0.25567542737078885,0.15063583016706492,selected,6.0,1.0,0.20104502445331873,0.1666410677597328,6.0
,,,,,,,,,,,,,,,,,,,,,6.0,0689,stage2_1007_best,6,1.6041464377250076,0.5296952014593681,2.281335270705039,0.5260416666666666,0.8693181818181818,0.2361254680841448,0.6440052038223214,3.3004237474706195,0.6398451952629601,0.59213168119088,0.8819372659579275,6.0,2.773720755358914,0.7090976821603526,2.1483744907936413,0.3,0.7613462966078584,5.024214413866066,0.8972751148016225,0.33832190936164586,,,,,base,0.0,0.0,,,,,,,,,,,,,,,,0.24610913358658637,0.1745961885702366,candidate,6.0,1.0,0.18874621737347996,0.11419902702782772,6.0
,,,,,,,,,,,,,,,,,,,,,6.0,0689,stage2_1007_best,6,1.6041464386999587,0.5296952010916832,2.2813352714231634,0.5260416666666666,0.8693181818181818,0.23612546814159094,0.6440052036144541,3.3004237459497006,0.6398451950822124,0.5921316813762507,0.8819372659292045,6.0,2.7737207504007064,0.7090976839507854,2.148374480266102,0.3,0.7613462988644288,5.024214420093726,0.897275115504363,0.33832190789008876,,,,,base,0.0,0.0,,,,,,,,,,,,,,,,0.2461091337149728,0.17459621731641228,selected,6.0,1.0,0.18874622181303224,0.11419905487516033,6.0
,,,,,,,,,,,,,,,,,,,,,6.0,0689,stage2_1007_best,6,1.8241841005405843,0.5208773131765116,1.798479512872102,0.78125,0.8721590909090909,0.21209597137199793,0.767434236674399,2.9560131962925706,0.584951518352707,0.6039553795772682,0.8939520143140011,6.0,2.4441399836450053,0.6196075469856669,2.4991713815420065,0.4,0.6683629306608333,4.291703948497199,0.8035298090848259,0.42432095743871046,,,,,provisional,0.0,0.0,,,,,,,,,,,,,,,,0.250862939955351,0.18457083956767822,candidate,6.0,1.0,0.17712719596985352,0.13766267728344442,6.0
,,,,,,,,,,,,,,,,,,,,,6.0,0689,stage2_1007_best,6,1.8241841001989678,0.5208773132969213,1.7984795112701457,0.78125,0.8721590909090909,0.2120959705162279,0.7674342369675244,2.956013196217198,0.5849515183660423,0.6039553796761479,0.893952014741886,6.0,2.4441399864426083,0.619607546997221,2.499171382738037,0.4,0.6683629306483152,4.291703949815668,0.803529809260019,0.4243209571431,,,,,provisional,0.0,0.0,,,,,,,,,,,,,,,,0.25086294065575493,0.18457085384029367,selected,6.0,1.0,0.17712719288086823,0.13766268840258203,6.0
,,,,,,,,,,,,,,,,,,,,,6.0,0689,stage2_1007_best,6,1.910296849786951,0.5192861195565865,1.8643192892998584,0.7552083333333334,0.8806818181818182,0.21433496297011392,0.7596826668403927,3.0089097046360376,0.5962475812372059,0.5849876571129298,0.8928325185149429,6.0,2.4678390851786065,0.618247954241106,2.5227602810771,0.4,0.664523059025151,4.294011190979945,0.8035518861046131,0.4254306511414785,,,,,final,0.0,0.0,,,,,,,,,,,,,,,,0.25007902770628077,0.1850757130360408,candidate,6.0,1.0,0.17655249497871583,0.1374250018410168,6.0
0.1905454432050902,4.931666993386561,0.28544882772473607,0.16722428945653306,5.1479509422776895,0.2221825542335558,0.14231398139358742,4.694346354074279,0.2655505313462891,0.15365174518314217,2.657172534394854,0.72557971183212,0.17958301331479473,5.0561844533438975,0.24676161801161034,0.07090359323442419,0.8226654002822468,0.2276115644430071,0.07430824215880998,0.8658366484889636,0.22685245626642558,6.0,0689,stage2_1007_best,6,1.9102968485101608,0.5192861193982314,1.8643192887910314,0.7552083333333334,0.8806818181818182,0.21433496230162719,0.7596826670013865,3.008909704842019,0.5962475813715286,0.5849876570644615,0.8928325188491862,6.0,2.4678390794175513,0.6182479559192982,2.522760276776658,0.4,0.6645230601953549,4.294011195345323,0.8035518865906333,0.42543065010035236,0.2861478924751282,0.16899736348370514,2.50897951221376,5.079894679146733,final,0.0,0.0,0.0017533012535368188,0.046032361460626885,0.015656089560215334,3.90857017990115,0.16827250745307992,4.59359689663662,0.40068815428634785,1.2057092563841127,0.2852783203125,0.03665446240297854,0.250733473983747,0.33294571700825104,2.180918069896318,0.40068815428634785,0.7125846245619487,0.25007903197656534,0.1850757029173353,selected,6.0,1.0,0.1765524921357204,0.13742498244505547,6.0
,,,,,,,,,,,,,,,,,,,,,6.0,0690,stage2_1007_best,6,1.5192870093008484,0.6026486500749522,2.21222589244772,0.4947916666666667,0.8494318181818182,0.2319194045581507,0.6784085939772005,3.2919503019851177,0.6432221719948862,0.5844097347971399,0.8840402977209247,6.0,2.77372372901295,0.727962228113962,2.232562599405079,0.3,0.7394719195472063,5.081855952621345,0.9046001584572659,0.32912693341157595,,,,,base,0.0,0.0,,,,,,,,,,,,,,,,0.25885527136313,0.15748125720011852,candidate,6.0,1.0,0.18091614619158103,0.09903703876254201,6.0
,,,,,,,,,,,,,,,,,,,,,6.0,0690,stage2_1007_best,6,1.5192870098161346,0.6026486496765684,2.212225893366966,0.4947916666666667,0.8494318181818182,0.23191940513966444,0.6784085935712598,3.2919503000200216,0.643222171705185,0.5844097351458047,0.8840402974301679,6.0,2.7737237084268216,0.7279622279401251,2.232562598755129,0.3,0.7394719186297853,5.081855947207886,0.904600157840602,0.3291269351047565,,,,,base,0.0,0.0,,,,,,,,,,,,,,,,0.2588552727691871,0.15748128054514093,selected,6.0,1.0,0.18091614762308567,0.09903703268457302,6.0
,,,,,,,,,,,,,,,,,,,,,6.0,0690,stage2_1007_best,6,1.2120807995180152,0.6644103839340594,1.9540015821803451,0.65625,0.8948863636363636,0.21896977026418593,0.6971141188687116,2.7293174538755447,0.5425077967336891,0.6798081531309111,0.890515114867907,6.0,2.3696950277723063,0.6119582679870967,2.454672412253715,0.5,0.6450744761446906,4.1182437338165885,0.7818986977792208,0.44458067875780916,,,,,provisional,0.0,0.0,,,,,,,,,,,,,,,,0.26537384348160475,0.16680460594447513,candidate,6.0,1.0,0.1685348719528516,0.127338744326962,6.0
,,,,,,,,,,,,,,,,,,,,,6.0,0690,stage2_1007_best,6,1.2120807995193437,0.6644103836872811,1.9540015817000764,0.65625,0.8948863636363636,0.2189697698096935,0.697114118921372,2.729317455460457,0.542507797168888,0.6798081527298794,0.8905151150951532,6.0,2.3696950457899537,0.6119582668042126,2.4546724248403353,0.5,0.6450744748628447,4.118243733652818,0.781898697768869,0.44458067893182784,,,,,provisional,0.0,0.0,,,,,,,,,,,,,,,,0.26537384348160475,0.16680459798935934,selected,6.0,1.0,0.16853487079739066,0.1273387209113007,6.0
,,,,,,,,,,,,,,,,,,,,,6.0,0690,stage2_1007_best,6,1.2110385920453581,0.6589829717672085,1.9506015042729528,0.65625,0.8948863636363636,0.21672051417289107,0.6985548125944653,2.7126232623801063,0.5390146084684397,0.6826993109363201,0.8916397429135544,6.0,2.363655236114574,0.6112015805453621,2.460950149246331,0.5,0.6425266678423546,4.100957822164286,0.7798188385917606,0.4460500584735225,,,,,final,0.0,0.0,,,,,,,,,,,,,,,,0.26566402460645844,0.16738587613611486,candidate,6.0,1.0,0.16831495924489362,0.12787094683887712,6.0
0.16097871710267728,4.999994078413825,0.2582650991953346,0.13609306702529506,5.1839352059234,0.272222058392728,0.13330331558911565,4.302582909644692,0.3320292368897367,0.17419513387564808,4.165105896950943,0.45712073574766593,0.15231649959979526,4.862397493758595,0.28934341462336144,0.0544983933742206,0.3654566106438375,0.32170773660458407,0.055081055486927925,0.36528681264099516,0.319433155475975,6.0,0690,stage2_1007_best,6,1.2110385900037317,0.6589829718424054,1.9506015032095165,0.65625,0.8948863636363636,0.2167205134011481,0.6985548127532921,2.7126232623057676,0.5390146085372675,0.6826993108353904,0.8916397432994259,6.0,2.3636552454161226,0.611201579344671,2.4609501568915895,0.5,0.6425266665964513,4.100957822637308,0.779818838647439,0.4460500589512041,0.2916131019592285,0.13648699587712915,2.4733793826211814,5.217871436629203,final,0.0,0.0,0.001615440689055006,0.012376479471822162,0.01189066944730188,4.0287014601639495,0.1618789975708145,4.780408831903078,0.40156695029589523,1.2137532553203898,0.25,0.03712672395633441,0.25323280588614966,0.3244980681656751,2.1643430093688933,0.40156695029589523,0.7136510059183204,0.2656640171729021,0.16738587561848117,selected,6.0,1.0,0.1683149599223889,0.127870952103695,6.0
,,,,,,,,,,,,,,,,,,,,,6.0,0691,stage2_1007_best,6,1.7058866164391873,0.632323319038825,2.1901288896357256,0.5520833333333334,0.8664772727272727,0.23758089972440197,0.7082997685816892,3.4802800335320683,0.6772643686033389,0.5408509419314164,0.881209550137799,6.0,2.510617952898136,0.7198089942849205,2.239030624235499,0.4,0.7299256893078852,5.045225978936524,0.8979350431511132,0.3413207180982507,,,,,base,0.0,0.0,,,,,,,,,,,,,,,,0.2558768752289036,0.15136904198678547,candidate,6.0,1.0,0.19087506938694748,0.1151783901201256,6.0
,,,,,,,,,,,,,,,,,,,,,6.0,0691,stage2_1007_best,6,1.7058866156618406,0.6323233188588664,2.1901288895408078,0.5520833333333334,0.8664772727272727,0.23758090021083625,0.7082997684538951,3.480280034275863,0.6772643686950389,0.5408509417132767,0.8812095498945819,6.0,2.5106179576577508,0.7198089929971356,2.2390306291920483,0.4,0.7299256883358107,5.045225974860496,0.8979350426989726,0.34132071851707424,,,,,base,0.0,0.0,,,,,,,,,,,,,,,,0.255876876564914,0.15136902778637445,selected,6.0,1.0,0.19087506913989252,0.11517837147968879,6.0
,,,,,,,,,,,,,,,,,,,,,6.0,0691,stage2_1007_best,6,1.4156087476436174,0.6732755939742228,2.150485257705874,0.578125,0.9375,0.2086931473270221,0.6632358506158351,3.6051807679143373,0.6882931474881229,0.5699645609487197,0.8956534263364889,6.0,2.6621073946466,0.6324704797354994,2.527186088285166,0.4,0.6551797398563575,4.378358717640115,0.8182686391293241,0.40929842588683163,,,,,provisional,0.0,0.0,,,,,,,,,,,,,,,,0.24563070679644333,0.1624344094281294,candidate,6.0,1.0,0.181151760582851,0.13610063362399985,6.0
,,,,,,,,,,,,,,,,,,,,,6.0,0691,stage2_1007_best,6,1.4156087492660587,0.6732755938128704,2.1504852586707304,0.578125,0.9375,0.2086931467735584,0.6632358505208205,3.6051807680169485,0.688293147527666,0.5699645608187701,0.8956534266132207,6.0,2.6621073990468207,0.632470479740846,2.5271860891422926,0.4,0.6551797402559796,4.378358722197068,0.8182686397015431,0.4092984250174358,,,,,provisional,0.0,0.0,,,,,,,,,,,,,,,,0.24563070430719078,0.16243440661096634,selected,6.0,1.0,0.18115175781282214,0.13610064015379594,6.0
,,,,,,,,,,,,,,,,,,,,,6.0,0691,stage2_1007_best,6,1.4182932774842303,0.6717404116225338,2.1538200250557744,0.5729166666666666,0.9289772727272727,0.2099789490008859,0.661965016881726,3.599362165513714,0.6868313009334651,0.5708949735265973,0.8950105254995571,6.0,2.6453457488391714,0.6305247723875832,2.536657056862664,0.4,0.650780032454591,4.353422426982556,0.815271940151312,0.41141931391185105,,,,,final,0.0,0.0,,,,,,,,,,,,,,,,0.24537362879123803,0.16276671853101868,candidate,6.0,1.0,0.18081496345843573,0.1364450789886141,6.0
0.17408542849529077,5.027552310817403,0.2763210110493673,0.18028995367432307,4.551397259432676,0.38733021633455705,0.18403023587884929,4.244294153863774,0.34180295987534637,0.16696422290245566,4.4939606197249296,0.3576891727904246,0.18203059507808544,4.761617889109685,0.33575657903741274,0.06652138246565725,0.34814980985732674,0.2835845775542047,0.06897446163693534,0.3513976656737173,0.2808971334857366,6.0,0691,stage2_1007_best,6,1.4182932761669333,0.6717404117222144,2.153820024313997,0.5729166666666666,0.9289772727272727,0.20997894802799089,0.6619650168665828,3.5993621646757106,0.6868313009253618,0.5708949736797707,0.8950105259860046,6.0,2.6453457556932025,0.6305247705625873,2.536657061331096,0.4,0.650780032092959,4.3534224252409714,0.8152719399573166,0.4114193131189162,0.3009662628173828,0.18763448616622666,2.3089224195506914,4.638370293621346,final,0.0,0.0,0.0016636404031774178,0.01727792031607413,0.015399350583092148,4.135834496217485,0.16472621100227428,4.873448170103716,0.4167208369149344,1.2046920980256042,0.2349853515625,0.03763093562616545,0.2508528512418179,0.32624004775736365,2.202626684773323,0.4167208369149344,0.6974319988793438,0.24537363134455786,0.1627667156665522,selected,6.0,1.0,0.18081496318725246,0.13644510980693886,6.0
,,,,,,,,,,,,,,,,,,,,,6.0,0692,stage2_1007_best,6,1.3898840594625077,0.6208525497934893,1.88047524500284,0.734375,0.8977272727272727,0.2141272823724207,0.734968604104641,3.0621776060118457,0.6114282757571561,0.626289885803062,0.8929363588137895,6.0,2.85750883315064,0.7199710133892251,2.254718866626714,0.4,0.73475861527242,5.036226360954472,0.9008525914722286,0.3443548213232301,,,,,base,0.0,0.0,,,,,,,,,,,,,,,,0.25992931530694674,0.16045094908592064,candidate,6.0,1.0,0.18525613114674985,0.10756890382041111,6.0
,,,,,,,,,,,,,,,,,,,,,6.0,0692,stage2_1007_best,6,1.3898840601119833,0.6208525498557876,1.8804752451429745,0.734375,0.8977272727272727,0.2141272825208694,0.7349686040692168,3.062177606163248,0.6114282757732163,0.6262898856188243,0.8929363587395652,6.0,2.8575088353373688,0.7199710131023745,2.2547188675401015,0.4,0.7347586151092298,5.036226359144921,0.900852591277287,0.34435482130618555,,,,,base,0.0,0.0,,,,,,,,,,,,,,,,0.25992931188571067,0.160450948019115,selected,6.0,1.0,0.1852561345317664,0.10756889818017111,6.0
,,,,,,,,,,,,,,,,,,,,,6.0,0692,stage2_1007_best,6,1.0318848970348213,0.7214097009956236,1.8323914750775467,0.578125,0.9005681818181818,0.19750165545115025,0.7293450698615656,2.360151794742704,0.47183214840331206,0.7181532089671965,0.9012491722744248,6.0,2.7802476239730076,0.6203332707343158,2.5460145487885155,0.5,0.6561320669800895,4.309531345700361,0.8122786757831728,0.4365733778092179,,,,,provisional,0.0,0.0,,,,,,,,,,,,,,,,0.2703842121573864,0.1349814313229006,candidate,6.0,1.0,0.17962715498210396,0.1301432914931448,6.0
,,,,,,,,,,,,,,,,,,,,,6.0,0692,stage2_1007_best,6,1.0318848972796244,0.7214097008762046,1.8323914745565135,0.578125,0.9005681818181818,0.19750165552133725,0.7293450700168577,2.3601517957638154,0.47183214869943163,0.7181532089500123,0.9012491722393314,6.0,2.7802476287591453,0.6203332719511984,2.5460145471597535,0.5,0.6561320680347633,4.309531352846147,0.8122786766449641,0.4365733768039949,,,,,provisional,0.0,0.0,,,,,,,,,,,,,,,,0.27038421547418406,0.13498142173240985,selected,6.0,1.0,0.1796271527015339,0.13014330716532083,6.0
,,,,,,,,,,,,,,,,,,,,,6.0,0692,stage2_1007_best,6,1.03404244670652,0.7219938980294439,1.8204051311548026,0.5833333333333334,0.8977272727272727,0.19414667784286666,0.7344982567628956,2.369709557898815,0.4743068053315827,0.7156413621134584,0.9029266610785666,6.0,2.7905615659268763,0.6207379936855044,2.5506584917930404,0.5,0.6557136726261577,4.302017168513596,0.8112931062306906,0.43677542432356403,,,,,final,0.0,0.0,,,,,,,,,,,,,,,,0.26995298874755136,0.1346540327016203,candidate,6.0,1.0,0.1795473680065807,0.12999968226811945,6.0
0.1665828181713892,5.016544562184563,0.27600631561247374,0.1535042497446028,4.8451676052,0.26300079264322307,0.14473067109682847,4.299780364114354,0.4707674671027526,0.1834891845959009,4.68963066833746,0.34778647777808863,0.15586381639477423,5.17743879723623,0.30688330020984883,0.06247531959019601,0.6006662822270624,0.24306722478111994,0.06300257043361031,0.614112955414846,0.23974139053565943,6.0,0692,stage2_1007_best,6,1.0340424467376053,0.7219938977700868,1.8204051303077626,0.5833333333333334,0.8977272727272727,0.19414667803787006,0.7344982570894534,2.3697095597824807,0.4743068058771903,0.7156413619842193,0.9029266609810649,6.0,2.790561555021105,0.6207379945179656,2.5506584850179777,0.5,0.6557136734739657,4.302017170637173,0.8112931065264452,0.43677542331364927,0.2799426019191742,0.14801435138029786,2.493600996795925,4.719897550420533,final,0.0,0.0,0.0024687826043203547,0.019702091304998334,0.012310728151078804,4.115811177702142,0.17095817540710467,4.846034165356181,0.4259948495211314,1.1962276565695265,0.22998046875,0.03700230044502764,0.24924009188568919,0.3301933695710304,2.253220860156146,0.4259948495211314,0.6942949602739188,0.26995299476008566,0.1346540259073441,selected,6.0,1.0,0.17954737462928694,0.12999966174772773,6.0
