additive_omega_edge_map_cosine,additive_omega_effective_rank,additive_omega_largest_energy_fraction,additive_p_edge_map_cosine,additive_p_effective_rank,additive_p_largest_energy_fraction,additive_temperature_edge_map_cosine,additive_temperature_effective_rank,additive_temperature_largest_energy_fraction,additive_u_edge_map_cosine,additive_u_effective_rank,additive_u_largest_energy_fraction,additive_v_edge_map_cosine,additive_v_effective_rank,additive_v_largest_energy_fraction,base_to_final_alignment_cost,base_to_final_environment_assignment_l1,base_to_final_module_assignment_l1,base_to_provisional_alignment_cost,base_to_provisional_environment_assignment_l1,base_to_provisional_module_assignment_l1,candidate_edge_count,case_id,checkpoint,edge_count,environment_centered_effective_rank,environment_edge_column_cosine,environment_effective_rank,environment_largest_dominant_occupancy,environment_neighbor_dominant_agreement,environment_neighbor_l1,environment_row_cosine,environment_row_effective_edges,environment_row_entropy_norm,environment_row_max,environment_spatial_smoothness,hard_selected_edge_count,module_centered_effective_rank,module_edge_column_cosine,module_effective_rank,module_largest_dominant_occupancy,module_row_cosine,module_row_effective_edges,module_row_entropy_norm,module_row_max,normalized_field_mse,pairwise_edge_map_cosine,pairwise_edge_map_cv,pairwise_edge_map_effective_rank,pass,post_fallback_zero_support_environment_rows,post_fallback_zero_support_module_rows,provisional_to_final_alignment_cost,provisional_to_final_environment_assignment_l1,provisional_to_final_module_assignment_l1,query_centered_effective_rank,query_edge_column_cosine,query_effective_rank,query_entropy_norm_direct,query_global_mean_route_l1,query_largest_dominant_occupancy,query_neighbor_l1,query_per_edge_spatial_std,query_row_cosine,query_row_effective_edges,query_row_entropy_norm,query_row_max,region_scale_normalized,region_separation_normalized,representation,selected_edge_count,selection_transition_fraction,source_scale_normalized,source_separation_normalized,viable_selected_edge_count
,,,,,,,,,,,,,,,,,,,,,6.0,0273,classic_1000_best,6,4.201851417326971,0.07589669600258121,4.75193442366614,0.3177083333333333,0.7755681818181818,0.40596650230631026,0.33058497813305726,1.779706497033897,0.28440743365059956,0.8031206401309313,0.7970167488468448,6.0,1.2986960975892992,0.933196976683393,1.2213372339264057,0.6666666666666666,0.9304426153498486,5.752989919041845,0.9765183057378217,0.2363474546058495,,,,,base,0.0,0.0,,,,,,,,,,,,,,,,0.19006211283114977,0.3355237351572263,candidate,6.0,0.0,0.09668446756295788,0.026690436132998874,6.0
,,,,,,,,,,,,,,,,,,,,,6.0,0273,classic_1000_best,6,4.201851417326971,0.07589669600258121,4.75193442366614,0.3177083333333333,0.7755681818181818,0.40596650230631026,0.33058497813305726,1.779706497033897,0.28440743365059956,0.8031206401309313,0.7970167488468448,6.0,1.2986960975892992,0.933196976683393,1.2213372339264057,0.6666666666666666,0.9304426153498486,5.752989919041845,0.9765183057378217,0.2363474546058495,,,,,base,0.0,0.0,,,,,,,,,,,,,,,,0.19006211283114977,0.3355237351572263,selected,6.0,0.0,0.09668446756295788,0.026690436132998874,6.0
,,,,,,,,,,,,,,,,,,,,,6.0,0273,classic_1000_best,6,4.198810783405902,0.07587525285390923,4.749774926246625,0.3177083333333333,0.7755681818181818,0.4058107708440686,0.33058333307533383,1.779228756291506,0.2841994596597054,0.8032117259760095,0.7970946145779657,6.0,1.3107151947527702,0.9380938514581277,1.2050613665443872,0.6666666666666666,0.9363768491017678,5.751764952039004,0.9764050067696137,0.23866148300889445,,,,,provisional,0.0,0.0,,,,,,,,,,,,,,,,0.19006954021099864,0.33556456592564304,candidate,6.0,0.0,0.09664784505175923,0.02668814040910785,6.0
,,,,,,,,,,,,,,,,,,,,,6.0,0273,classic_1000_best,6,4.198810783405902,0.07587525285390923,4.749774926246625,0.3177083333333333,0.7755681818181818,0.4058107708440686,0.33058333307533383,1.779228756291506,0.2841994596597054,0.8032117259760095,0.7970946145779657,6.0,1.3107151947527702,0.9380938514581277,1.2050613665443872,0.6666666666666666,0.9363768491017678,5.751764952039004,0.9764050067696137,0.23866148300889445,,,,,provisional,0.0,0.0,,,,,,,,,,,,,,,,0.19006954021099864,0.33556456592564304,selected,6.0,0.0,0.09664784505175923,0.02668814040910785,6.0
,,,,,,,,,,,,,,,,,,,,,6.0,0273,classic_1000_best,6,4.198706410722163,0.07589651943715624,4.749628181897286,0.3177083333333333,0.7755681818181818,0.40582217788009706,0.330622484880255,1.7794226954818158,0.28425220718745836,0.8031570241216407,0.7970889110599515,6.0,1.289757388335102,0.9389704364944067,1.2026137034091293,0.6666666666666666,0.9370560924229916,5.757789204723839,0.97698660607801,0.23760210137862714,,,,,final,0.0,0.0,,,,,,,,,,,,,,,,0.1900939922357759,0.3355379603768309,candidate,6.0,0.0,0.09665173269802846,0.026565481949141843,6.0
,,,,,,,,,,,,,,,0.0006895700768143907,0.0033812095974395614,0.01260722279603658,0.0006681534403443829,0.0033290898925006033,0.012386289110312821,6.0,0273,classic_1000_best,6,4.198706410722163,0.07589651943715624,4.749628181897286,0.3177083333333333,0.7755681818181818,0.40582217788009706,0.330622484880255,1.7794226954818158,0.28425220718745836,0.8031570241216407,0.7970889110599515,6.0,1.289757388335102,0.9389704364944067,1.2026137034091293,0.6666666666666666,0.9370560924229916,5.757789204723839,0.97698660607801,0.23760210137862714,0.07167290896177292,0.43046305933557477,1.9706501236199074,2.546017182409483,final,0.0,0.0,1.885426230744414e-05,0.000198053822046203,0.0012520180838684648,3.9484721811171775,0.376453143425207,4.019472395155515,0.7116771337984709,0.8520114303323558,0.2296142578125,0.04465443004059918,0.17198094260378896,0.4969654931660343,3.611478061142612,0.7116771337984709,0.49205289570203414,0.1900939922357759,0.3355379603768309,selected,6.0,0.0,0.09665173269802846,0.026565481949141843,6.0
,,,,,,,,,,,,,,,,,,,,,6.0,0274,classic_1000_best,6,4.233261924151068,0.074680302294885,4.803785207019809,0.3333333333333333,0.78125,0.40707175947374985,0.32818600838466605,1.7710473933167536,0.28152261432365144,0.8025894517937081,0.7964641202631252,6.0,1.2552804264768878,0.931363987067484,1.2318183910148406,0.6666666666666666,0.9257399093613143,5.781390740314794,0.9792668352559883,0.22324991326628443,,,,,base,0.0,0.0,,,,,,,,,,,,,,,,0.1903552725137173,0.3389235990087634,candidate,6.0,0.0,0.18720390141445256,0.042651367863059,6.0
,,,,,,,,,,,,,,,,,,,,,6.0,0274,classic_1000_best,6,4.233261924151068,0.074680302294885,4.803785207019809,0.3333333333333333,0.78125,0.40707175947374985,0.32818600838466605,1.7710473933167536,0.28152261432365144,0.8025894517937081,0.7964641202631252,6.0,1.2552804264768878,0.931363987067484,1.2318183910148406,0.6666666666666666,0.9257399093613143,5.781390740314794,0.9792668352559883,0.22324991326628443,,,,,base,0.0,0.0,,,,,,,,,,,,,,,,0.1903552725137173,0.3389235990087634,selected,6.0,0.0,0.18720390141445256,0.042651367863059,6.0
,,,,,,,,,,,,,,,,,,,,,6.0,0274,classic_1000_best,6,4.237127177808627,0.07476038898547491,4.8057895119289125,0.3333333333333333,0.78125,0.40798846678787337,0.3284241567371306,1.772553559509199,0.2820243942118462,0.8022789172080418,0.7960057666060633,6.0,1.1649694677701958,0.9254614867241436,1.2454152996986259,0.6666666666666666,0.9191451095311263,5.766606492557432,0.9778087876250655,0.2182642062237524,,,,,provisional,0.0,0.0,,,,,,,,,,,,,,,,0.190549630012299,0.3387313531568258,candidate,6.0,0.0,0.18735443090008164,0.04233747287276086,6.0
,,,,,,,,,,,,,,,,,,,,,6.0,0274,classic_1000_best,6,4.237127177808627,0.07476038898547491,4.8057895119289125,0.3333333333333333,0.78125,0.40798846678787337,0.3284241567371306,1.772553559509199,0.2820243942118462,0.8022789172080418,0.7960057666060633,6.0,1.1649694677701958,0.9254614867241436,1.2454152996986259,0.6666666666666666,0.9191451095311263,5.766606492557432,0.9778087876250655,0.2182642062237524,,,,,provisional,0.0,0.0,,,,,,,,,,,,,,,,0.190549630012299,0.3387313531568258,selected,6.0,0.0,0.18735443090008164,0.04233747287276086,6.0
,,,,,,,,,,,,,,,,,,,,,6.0,0274,classic_1000_best,6,4.2373010148405195,0.0747587157442695,4.806105907927871,0.3333333333333333,0.78125,0.4080231960968138,0.3283906480921867,1.772525919474285,0.2820060980370549,0.8022956655155175,0.7959884019515933,6.0,1.159905580656323,0.9248648067484145,1.2477849927464781,0.6666666666666666,0.9181457727659462,5.765839574825731,0.9777300066107404,0.21823762589939188,,,,,final,0.0,0.0,,,,,,,,,,,,,,,,0.19054352132638014,0.3387270570224454,candidate,6.0,0.0,0.18736174106318504,0.04249386584628812,6.0
,,,,,,,,,,,,,,,0.0004048724142774137,0.004417612833127554,0.009806786671764956,0.0004041329403344956,0.00441339269618608,0.009631655508333411,6.0,0274,classic_1000_best,6,4.2373010148405195,0.0747587157442695,4.806105907927871,0.3333333333333333,0.78125,0.4080231960968138,0.3283906480921867,1.772525919474285,0.2820060980370549,0.8022956655155175,0.7959884019515933,6.0,1.159905580656323,0.9248648067484145,1.2477849927464781,0.6666666666666666,0.9181457727659462,5.765839574825731,0.9777300066107404,0.21823762589939188,0.05205869674682617,0.4131134668191567,2.110452736950109,3.2186620062912246,final,0.0,0.0,3.0378917832106405e-05,0.00044930834470974316,0.0009691234031764853,3.935058631194891,0.37312244416837387,4.029996994970544,0.7080490523875808,0.8572570738502641,0.2181396484375,0.04470995857576034,0.1730162988392462,0.4946327389901034,3.5894082657759485,0.7080490523875808,0.49405147006587136,0.19054352132638014,0.3387270570224454,selected,6.0,0.0,0.18736174106318504,0.04249386584628812,6.0
,,,,,,,,,,,,,,,,,,,,,6.0,0275,classic_1000_best,6,4.1636471886008986,0.07535849304970976,4.7160992430274336,0.3229166666666667,0.7784090909090909,0.40315471693719507,0.33137349409092887,1.769704985944818,0.2816168524417518,0.8051249430430305,0.7984226415314026,6.0,1.655364747210014,0.9735868310404501,1.109281749851036,0.3333333333333333,0.971242664825497,5.756714500172752,0.9768618463282984,0.22739334077339401,,,,,base,0.0,0.0,,,,,,,,,,,,,,,,0.19068874336018932,0.33617876195445345,candidate,6.0,0.0,0.16032142907119995,0.023930674343188636,6.0
,,,,,,,,,,,,,,,,,,,,,6.0,0275,classic_1000_best,6,4.1636471886008986,0.07535849304970976,4.7160992430274336,0.3229166666666667,0.7784090909090909,0.40315471693719507,0.33137349409092887,1.769704985944818,0.2816168524417518,0.8051249430430305,0.7984226415314026,6.0,1.655364747210014,0.9735868310404501,1.109281749851036,0.3333333333333333,0.971242664825497,5.756714500172752,0.9768618463282984,0.22739334077339401,,,,,base,0.0,0.0,,,,,,,,,,,,,,,,0.19068874336018932,0.33617876195445345,selected,6.0,0.0,0.16032142907119995,0.023930674343188636,6.0
,,,,,,,,,,,,,,,,,,,,,6.0,0275,classic_1000_best,6,4.171785520701878,0.07559788947161585,4.721607610254515,0.3229166666666667,0.7784090909090909,0.40390505630689405,0.3318057933866214,1.7735807333416391,0.28275320551685146,0.8042873180309643,0.798047471846553,6.0,1.3248659883423672,0.9824638910603127,1.0686134426590428,1.0,0.982384076446544,5.740562388158724,0.9752891444480237,0.23553385430157017,,,,,provisional,0.0,0.0,,,,,,,,,,,,,,,,0.19077010545189627,0.3360065479382415,candidate,6.0,0.0,0.16109789873041708,0.020407370354686368,6.0
,,,,,,,,,,,,,,,,,,,,,6.0,0275,classic_1000_best,6,4.171785520701878,0.07559788947161585,4.721607610254515,0.3229166666666667,0.7784090909090909,0.40390505630689405,0.3318057933866214,1.7735807333416391,0.28275320551685146,0.8042873180309643,0.798047471846553,6.0,1.3248659883423672,0.9824638910603127,1.0686134426590428,1.0,0.982384076446544,5.740562388158724,0.9752891444480237,0.23553385430157017,,,,,provisional,0.0,0.0,,,,,,,,,,,,,,,,0.19077010545189627,0.3360065479382415,selected,6.0,0.0,0.16109789873041708,0.020407370354686368,6.0
,,,,,,,,,,,,,,,,,,,,,6.0,0275,classic_1000_best,6,4.171975656419522,0.07561675231505197,4.721619971175587,0.3229166666666667,0.7784090909090909,0.4039385208119638,0.33185644533275327,1.773803857388317,0.2828243721225326,0.8042239523347255,0.798030739594018,6.0,1.3170135061824486,0.9819538676590363,1.0694212788521689,1.0,0.9821140265054362,5.739392617104078,0.9751743902167443,0.23545497848040817,,,,,final,0.0,0.0,,,,,,,,,,,,,,,,0.19080863395259623,0.3359800631941674,candidate,6.0,0.0,0.16105582345952002,0.02060170003211584,6.0
,,,,,,,,,,,,,,,0.0007250748076965476,0.0049559693435682235,0.014230158352687825,0.0007754796269656836,0.004878895103513307,0.014306729663074733,6.0,0275,classic_1000_best,6,4.171975656419522,0.07561675231505197,4.721619971175587,0.3229166666666667,0.7784090909090909,0.4039385208119638,0.33185644533275327,1.773803857388317,0.2828243721225326,0.8042239523347255,0.798030739594018,6.0,1.3170135061824486,0.9819538676590363,1.0694212788521689,1.0,0.9821140265054362,5.739392617104078,0.9751743902167443,0.23545497848040817,0.07678843289613724,0.5639833428734505,1.6462896048485838,2.070069078734743,final,0.0,0.0,2.3420295725054433e-05,0.00039749260586098854,0.0008313184162603166,3.9262300389801874,0.3770583111353679,3.99602493362013,0.7103226680299776,0.8504119389006994,0.228515625,0.044657644292705904,0.17181615841993325,0.4985180177010289,3.604153205391444,0.7103226680299777,0.49392443254955076,0.19080863395259623,0.3359800631941674,selected,6.0,0.0,0.16105582345952002,0.02060170003211584,6.0
,,,,,,,,,,,,,,,,,,,,,6.0,0276,classic_1000_best,6,4.174909535424172,0.07316707125526875,4.739213496491703,0.3385416666666667,0.7840909090909091,0.4043257015438133,0.33215112910217637,1.7542997166439982,0.27688131485418777,0.8037355124060236,0.7978371492280935,6.0,1.1995444025718465,0.97460283954709,1.1085270035413446,0.6666666666666666,0.9692017946483468,5.820863258979608,0.9830732435462088,0.2396873079592207,,,,,base,0.0,0.0,,,,,,,,,,,,,,,,0.18987530528790914,0.3419591306161474,candidate,6.0,0.0,0.16692516353705883,0.029743642418968413,6.0
,,,,,,,,,,,,,,,,,,,,,6.0,0276,classic_1000_best,6,4.174909535424172,0.07316707125526875,4.739213496491703,0.3385416666666667,0.7840909090909091,0.4043257015438133,0.33215112910217637,1.7542997166439982,0.27688131485418777,0.8037355124060236,0.7978371492280935,6.0,1.1995444025718465,0.97460283954709,1.1085270035413446,0.6666666666666666,0.9692017946483468,5.820863258979608,0.9830732435462088,0.2396873079592207,,,,,base,0.0,0.0,,,,,,,,,,,,,,,,0.18987530528790914,0.3419591306161474,selected,6.0,0.0,0.16692516353705883,0.029743642418968413,6.0
,,,,,,,,,,,,,,,,,,,,,6.0,0276,classic_1000_best,6,4.188477523895903,0.073174815951692,4.751278625249692,0.34375,0.7670454545454546,0.40526099619850664,0.33230232266325055,1.7579212439017253,0.2779194390094539,0.8027451644162277,0.7973695019007466,6.0,1.2834597605018658,0.9690532754875337,1.1149923279612424,0.6666666666666666,0.9677466855907136,5.772193420912437,0.9783867435123905,0.24495152926998376,,,,,provisional,0.0,0.0,,,,,,,,,,,,,,,,0.18973858073026398,0.3420456253249898,candidate,6.0,0.0,0.1664672449839049,0.03434032531050509,6.0
,,,,,,,,,,,,,,,,,,,,,6.0,0276,classic_1000_best,6,4.188477523895903,0.073174815951692,4.751278625249692,0.34375,0.7670454545454546,0.40526099619850664,0.33230232266325055,1.7579212439017253,0.2779194390094539,0.8027451644162277,0.7973695019007466,6.0,1.2834597605018658,0.9690532754875337,1.1149923279612424,0.6666666666666666,0.9677466855907136,5.772193420912437,0.9783867435123905,0.24495152926998376,,,,,provisional,0.0,0.0,,,,,,,,,,,,,,,,0.18973858073026398,0.3420456253249898,selected,6.0,0.0,0.1664672449839049,0.03434032531050509,6.0
,,,,,,,,,,,,,,,,,,,,,6.0,0276,classic_1000_best,6,4.1888599045598705,0.07319577548710444,4.751516252969232,0.34375,0.7670454545454546,0.4053153037492152,0.33233523445782953,1.7582063120708142,0.277999600506808,0.8026926258225667,0.7973423481253925,6.0,1.2771553740921575,0.9700274128534648,1.11206831441551,0.6666666666666666,0.9686545560568529,5.772901312487438,0.9784573153985188,0.2449131671890159,,,,,final,0.0,0.0,,,,,,,,,,,,,,,,0.1897583837077947,0.3420279134086698,candidate,6.0,0.0,0.16655957303115762,0.0336269939606683,6.0
,,,,,,,,,,,,,,,0.0011879379861265223,0.00859518190784325,0.015521909182670872,0.0012324722598904324,0.00834850195482848,0.01570311911091221,6.0,0276,classic_1000_best,6,4.1888599045598705,0.07319577548710444,4.751516252969232,0.34375,0.7670454545454546,0.4053153037492152,0.33233523445782953,1.7582063120708142,0.277999600506808,0.8026926258225667,0.7973423481253925,6.0,1.2771553740921575,0.9700274128534648,1.11206831441551,0.6666666666666666,0.9686545560568529,5.772901312487438,0.9784573153985188,0.2449131671890159,0.07577488571405411,0.45633073401143576,2.1166887665021235,2.186368536865595,final,0.0,0.0,2.7976325415861664e-05,0.00039170962838739454,0.0010133445860942825,3.9300631664467116,0.37639215254362346,4.0141986877832725,0.7111996049315037,0.8530939567129983,0.2191162109375,0.04483276704918123,0.1720624498758239,0.4970692877716196,3.610479321408523,0.7111996049315037,0.49174572424371804,0.1897583837077947,0.3420279134086698,selected,6.0,0.0,0.16655957303115762,0.0336269939606683,6.0
,,,,,,,,,,,,,,,,,,,,,6.0,0277,classic_1000_best,6,4.211868825494049,0.07272321475532838,4.775075035114728,0.3489583333333333,0.7670454545454546,0.40588872931388364,0.3304158385451336,1.7547777413851986,0.27681455168983543,0.8039569931965187,0.7970556353430583,6.0,1.8034143550817214,0.946193010739773,1.2011915851229664,0.3333333333333333,0.9432496691335001,5.826517126481877,0.9836037454873323,0.21264926996013855,,,,,base,0.0,0.0,,,,,,,,,,,,,,,,0.18926834213087976,0.342434497074285,candidate,6.0,0.0,0.19696551496796086,0.04959266233970342,6.0
,,,,,,,,,,,,,,,,,,,,,6.0,0277,classic_1000_best,6,4.211868825494049,0.07272321475532838,4.775075035114728,0.3489583333333333,0.7670454545454546,0.40588872931388364,0.3304158385451336,1.7547777413851986,0.27681455168983543,0.8039569931965187,0.7970556353430583,6.0,1.8034143550817214,0.946193010739773,1.2011915851229664,0.3333333333333333,0.9432496691335001,5.826517126481877,0.9836037454873323,0.21264926996013855,,,,,base,0.0,0.0,,,,,,,,,,,,,,,,0.18926834213087976,0.342434497074285,selected,6.0,0.0,0.19696551496796086,0.04959266233970342,6.0
,,,,,,,,,,,,,,,,,,,,,6.0,0277,classic_1000_best,6,4.211114058507485,0.07277023983505364,4.77523271544804,0.3489583333333333,0.7670454545454546,0.4061539872694162,0.3302522963807238,1.7547963494968453,0.2767981042088737,0.8040619973209887,0.796923006365292,6.0,1.557426284965637,0.9377103057037242,1.214193435012987,0.3333333333333333,0.9363705863668735,5.793118549260615,0.9804043798021368,0.21634905890595402,,,,,provisional,0.0,0.0,,,,,,,,,,,,,,,,0.18949945086780878,0.34203818311438683,candidate,6.0,0.0,0.19589078817464575,0.05817834787713822,6.0
,,,,,,,,,,,,,,,,,,,,,6.0,0277,classic_1000_best,6,4.211114058507485,0.07277023983505364,4.77523271544804,0.3489583333333333,0.7670454545454546,0.4061539872694162,0.3302522963807238,1.7547963494968453,0.2767981042088737,0.8040619973209887,0.796923006365292,6.0,1.557426284965637,0.9377103057037242,1.214193435012987,0.3333333333333333,0.9363705863668735,5.793118549260615,0.9804043798021368,0.21634905890595402,,,,,provisional,0.0,0.0,,,,,,,,,,,,,,,,0.18949945086780878,0.34203818311438683,selected,6.0,0.0,0.19589078817464575,0.05817834787713822,6.0
,,,,,,,,,,,,,,,,,,,,,6.0,0277,classic_1000_best,6,4.2112084960185365,0.07277930591539476,4.77529061988723,0.3489583333333333,0.7670454545454546,0.4061901950196386,0.3302503179414742,1.7548664782509844,0.27681954827695404,0.8040609186194828,0.7969049024901806,6.0,1.5586958079640043,0.9371986382737654,1.2158743470865951,0.6666666666666666,0.9357943341111888,5.7910507845251,0.9802056438773086,0.21686375474707975,,,,,final,0.0,0.0,,,,,,,,,,,,,,,,0.1895142723463522,0.3420140892348378,candidate,6.0,0.0,0.1958634008789149,0.05838821242576455,6.0
,,,,,,,,,,,,,,,0.0009952554004157928,0.004165014835822542,0.013897557728568816,0.0009592179358874764,0.004037908097833437,0.013878966083712136,6.0,0277,classic_1000_best,6,4.2112084960185365,0.07277930591539476,4.77529061988723,0.3489583333333333,0.7670454545454546,0.4061901950196386,0.3302503179414742,1.7548664782509844,0.27681954827695404,0.8040609186194828,0.7969049024901806,6.0,1.5586958079640043,0.9371986382737654,1.2158743470865951,0.6666666666666666,0.9357943341111888,5.7910507845251,0.9802056438773086,0.21686375474707975,0.06802014261484146,0.4363238140973279,2.157411740274846,2.5561871578602324,final,0.0,0.0,1.1395373712027795e-05,0.0001945965131445977,0.000785635362576582,3.9576617029334344,0.3755813619943531,4.0328794172525155,0.7103397629409698,0.8529071580283678,0.2147216796875,0.044539058613916,0.17244870225870534,0.4963148521673404,3.6052985763189547,0.7103397629409698,0.49424513093058675,0.1895142723463522,0.3420140892348378,selected,6.0,0.0,0.1958634008789149,0.05838821242576455,6.0
,,,,,,,,,,,,,,,,,,,,,6.0,0278,classic_1000_best,6,4.127622506072754,0.07549571302313336,4.660631043263495,0.3229166666666667,0.7869318181818182,0.39626261365895826,0.33440354531520405,1.7716770270986535,0.28231226515712615,0.8062775665179224,0.8018686931705209,6.0,1.9353402661420043,0.977905912376818,1.1159874625556032,0.6666666666666666,0.9704546321272609,5.740601944110317,0.9753215725722526,0.2400981138663707,,,,,base,0.0,0.0,,,,,,,,,,,,,,,,0.1867175867246628,0.33606090210125317,candidate,6.0,0.0,0.21866407877032995,0.024402237449750272,6.0
,,,,,,,,,,,,,,,,,,,,,6.0,0278,classic_1000_best,6,4.127622506072754,0.07549571302313336,4.660631043263495,0.3229166666666667,0.7869318181818182,0.39626261365895826,0.33440354531520405,1.7716770270986535,0.28231226515712615,0.8062775665179224,0.8018686931705209,6.0,1.9353402661420043,0.977905912376818,1.1159874625556032,0.6666666666666666,0.9704546321272609,5.740601944110317,0.9753215725722526,0.2400981138663707,,,,,base,0.0,0.0,,,,,,,,,,,,,,,,0.1867175867246628,0.33606090210125317,selected,6.0,0.0,0.21866407877032995,0.024402237449750272,6.0
,,,,,,,,,,,,,,,,,,,,,6.0,0278,classic_1000_best,6,4.116046499740024,0.07519627592957424,4.6527154529582635,0.328125,0.7869318181818182,0.3949869646071692,0.33402399672889715,1.7671158636306137,0.2809694429523496,0.8071777809930207,0.8025065176964152,6.0,1.8850182621122573,0.9773506835902473,1.122728064928421,0.6666666666666666,0.9683108608624763,5.72504001759787,0.9738150574377208,0.24273963071176566,,,,,provisional,0.0,0.0,,,,,,,,,,,,,,,,0.18651937837874147,0.3363205771086274,candidate,6.0,0.0,0.21871856847003548,0.027631266269369518,6.0
,,,,,,,,,,,,,,,,,,,,,6.0,0278,classic_1000_best,6,4.116046499740024,0.07519627592957424,4.6527154529582635,0.328125,0.7869318181818182,0.3949869646071692,0.33402399672889715,1.7671158636306137,0.2809694429523496,0.8071777809930207,0.8025065176964152,6.0,1.8850182621122573,0.9773506835902473,1.122728064928421,0.6666666666666666,0.9683108608624763,5.72504001759787,0.9738150574377208,0.24273963071176566,,,,,provisional,0.0,0.0,,,,,,,,,,,,,,,,0.18651937837874147,0.3363205771086274,selected,6.0,0.0,0.21871856847003548,0.027631266269369518,6.0
,,,,,,,,,,,,,,,,,,,,,6.0,0278,classic_1000_best,6,4.115450216804932,0.07513602796530683,4.652374540290386,0.328125,0.7869318181818182,0.3948639117996196,0.3339551494968263,1.7665277712920897,0.28079931232732325,0.8073140653586592,0.8025680441001903,6.0,1.9263610617801217,0.9771619333449147,1.1235257611732616,0.6666666666666666,0.9682173879340595,5.729877070799943,0.9742847492252809,0.24186290156133206,,,,,final,0.0,0.0,,,,,,,,,,,,,,,,0.18646413639892204,0.33638751356341845,candidate,6.0,0.0,0.21860015465101013,0.028068655964485083,6.0
,,,,,,,,,,,,,,,0.0009886464088179378,0.00682518775064522,0.011390319682406974,0.0009693454146437877,0.006542803556210847,0.011700624502536219,6.0,0278,classic_1000_best,6,4.115450216804932,0.07513602796530683,4.652374540290386,0.328125,0.7869318181818182,0.3948639117996196,0.3339551494968263,1.7665277712920897,0.28079931232732325,0.8073140653586592,0.8025680441001903,6.0,1.9263610617801217,0.9771619333449147,1.1235257611732616,0.6666666666666666,0.9682173879340595,5.729877070799943,0.9742847492252809,0.24186290156133206,0.05445505306124687,0.5551842477180089,1.6653722544541492,2.3949573919781204,final,0.0,0.0,5.919929979027829e-05,0.0005975236130684342,0.0018584500755804607,3.8947042416135607,0.37348421435043627,3.9966313828922124,0.7110526198047211,0.8580204837902599,0.207275390625,0.045989827465500316,0.17227993013833168,0.4971311090536471,3.6097246467620465,0.7110526198047211,0.487396135176808,0.18646413639892204,0.33638751356341845,selected,6.0,0.0,0.21860015465101013,0.028068655964485083,6.0
,,,,,,,,,,,,,,,,,,,,,6.0,0279,classic_1000_best,6,4.096459592238846,0.075078207454177,4.631856753071991,0.328125,0.78125,0.3947479045615699,0.3355557875406351,1.76591747923215,0.2807261262310331,0.8072861028863066,0.802626047719215,6.0,1.979988476181403,0.9732645630503006,1.1228358078804366,0.6666666666666666,0.968541342386629,5.731231888179205,0.9743873139533012,0.23903777599209006,,,,,base,0.0,0.0,,,,,,,,,,,,,,,,0.1869908521207179,0.33569526048347087,candidate,6.0,0.0,0.15988516001641348,0.02225040237470395,6.0
,,,,,,,,,,,,,,,,,,,,,6.0,0279,classic_1000_best,6,4.096459592238846,0.075078207454177,4.631856753071991,0.328125,0.78125,0.3947479045615699,0.3355557875406351,1.76591747923215,0.2807261262310331,0.8072861028863066,0.802626047719215,6.0,1.979988476181403,0.9732645630503006,1.1228358078804366,0.6666666666666666,0.968541342386629,5.731231888179205,0.9743873139533012,0.23903777599209006,,,,,base,0.0,0.0,,,,,,,,,,,,,,,,0.1869908521207179,0.33569526048347087,selected,6.0,0.0,0.15988516001641348,0.02225040237470395,6.0
,,,,,,,,,,,,,,,,,,,,,6.0,0279,classic_1000_best,6,4.08990513310318,0.07518393997098155,4.624327060151604,0.328125,0.78125,0.3946496679769807,0.3357052474001616,1.7649860306442005,0.2804694609710897,0.807632500970736,0.8026751660115097,6.0,1.8735900833274708,0.9672733571948828,1.1391251748336535,0.6666666666666666,0.9629974122010879,5.719097727104251,0.9731894899761085,0.2459779494211829,,,,,provisional,0.0,0.0,,,,,,,,,,,,,,,,0.1872030694273801,0.33546767797539606,candidate,6.0,0.0,0.15971679999079869,0.021569216557068584,6.0
,,,,,,,,,,,,,,,,,,,,,6.0,0279,classic_1000_best,6,4.08990513310318,0.07518393997098155,4.624327060151604,0.328125,0.78125,0.3946496679769807,0.3357052474001616,1.7649860306442005,0.2804694609710897,0.807632500970736,0.8026751660115097,6.0,1.8735900833274708,0.9672733571948828,1.1391251748336535,0.6666666666666666,0.9629974122010879,5.719097727104251,0.9731894899761085,0.2459779494211829,,,,,provisional,0.0,0.0,,,,,,,,,,,,,,,,0.1872030694273801,0.33546767797539606,selected,6.0,0.0,0.15971679999079869,0.021569216557068584,6.0
,,,,,,,,,,,,,,,,,,,,,6.0,0279,classic_1000_best,6,4.089946925928431,0.07518995273577819,4.624279275289523,0.328125,0.78125,0.3946524736645131,0.3357050864289251,1.7649891887079943,0.2804739097854932,0.807635993942447,0.8026737631677434,6.0,1.8748804643392596,0.9678757096511661,1.1377731584049464,0.6666666666666666,0.9634330940487886,5.728330758459034,0.9740925872043634,0.2443909879895264,,,,,final,0.0,0.0,,,,,,,,,,,,,,,,0.18719103646395263,0.33547864093642316,candidate,6.0,0.0,0.15975434005489694,0.021358382688188845,6.0
,,,,,,,,,,,,,,,0.0008933885309188187,0.005658088535570059,0.011760052084088611,0.0008757791268699562,0.005466234214341917,0.011355859852829471,6.0,0279,classic_1000_best,6,4.089946925928431,0.07518995273577819,4.624279275289523,0.328125,0.78125,0.3946524736645131,0.3357050864289251,1.7649891887079943,0.2804739097854932,0.807635993942447,0.8026737631677434,6.0,1.8748804643392596,0.9678757096511661,1.1377731584049464,0.6666666666666666,0.9634330940487886,5.728330758459034,0.9740925872043634,0.2443909879895264,0.08022986352443695,0.45531937048566207,1.9174206092699873,2.2380965808452347,final,0.0,0.0,2.7221226413893333e-05,0.00028931567127911503,0.0016247917447751309,3.8572194977271614,0.3715205937432651,4.015889728937584,0.7068236562387461,0.8653578213380506,0.202880859375,0.04574881144491514,0.17369719894496316,0.49176395168296044,3.5804090535149005,0.7068236562387461,0.4916999124609158,0.18719103646395263,0.33547864093642316,selected,6.0,0.0,0.15975434005489694,0.021358382688188845,6.0
,,,,,,,,,,,,,,,,,,,,,6.0,0280,classic_1000_best,6,4.132588112392502,0.0755380757445289,4.677203866631675,0.328125,0.7784090909090909,0.39762353633819847,0.33313870201088475,1.771446640528464,0.2821525782205824,0.8052250729525894,0.8011882318309008,6.0,1.2339483704531247,0.9298268105858823,1.2419393615563183,0.6666666666666666,0.9207509690332102,5.723830393326615,0.973682795540064,0.23163298421146092,,,,,base,0.0,0.0,,,,,,,,,,,,,,,,0.1874225749931232,0.3354930318977123,candidate,6.0,0.0,0.19405548127976713,0.05197678639165684,6.0
,,,,,,,,,,,,,,,,,,,,,6.0,0280,classic_1000_best,6,4.132588112392502,0.0755380757445289,4.677203866631675,0.328125,0.7784090909090909,0.39762353633819847,0.33313870201088475,1.771446640528464,0.2821525782205824,0.8052250729525894,0.8011882318309008,6.0,1.2339483704531247,0.9298268105858823,1.2419393615563183,0.6666666666666666,0.9207509690332102,5.723830393326615,0.973682795540064,0.23163298421146092,,,,,base,0.0,0.0,,,,,,,,,,,,,,,,0.1874225749931232,0.3354930318977123,selected,6.0,0.0,0.19405548127976713,0.05197678639165684,6.0
,,,,,,,,,,,,,,,,,,,,,6.0,0280,classic_1000_best,6,4.1289546631118546,0.07560771077043076,4.673619927085448,0.328125,0.7784090909090909,0.3974873106825101,0.3334857071175456,1.7719554868056313,0.2823343944603058,0.8050105496436513,0.801256344658745,6.0,1.1478632642769906,0.9351721743114879,1.2228018128428413,0.6666666666666666,0.9271509116664141,5.725209239390504,0.9738151883446657,0.2386090943860142,,,,,provisional,0.0,0.0,,,,,,,,,,,,,,,,0.18769975395935237,0.3352726278078014,candidate,6.0,0.0,0.194262552477824,0.05042166033319662,6.0
,,,,,,,,,,,,,,,,,,,,,6.0,0280,classic_1000_best,6,4.1289546631118546,0.07560771077043076,4.673619927085448,0.328125,0.7784090909090909,0.3974873106825101,0.3334857071175456,1.7719554868056313,0.2823343944603058,0.8050105496436513,0.801256344658745,6.0,1.1478632642769906,0.9351721743114879,1.2228018128428413,0.6666666666666666,0.9271509116664141,5.725209239390504,0.9738151883446657,0.2386090943860142,,,,,provisional,0.0,0.0,,,,,,,,,,,,,,,,0.18769975395935237,0.3352726278078014,selected,6.0,0.0,0.194262552477824,0.05042166033319662,6.0
,,,,,,,,,,,,,,,,,,,,,6.0,0280,classic_1000_best,6,4.128187151007995,0.07555060562387096,4.673217461630036,0.328125,0.7784090909090909,0.39730462593387905,0.33343309160980683,1.7714084206060103,0.28218102581662197,0.8051051334372783,0.8013476870330606,6.0,1.1709693733563291,0.9359565111244216,1.2233508244246225,0.6666666666666666,0.9274364066548147,5.7283487924384415,0.9741193630581505,0.23785815597067292,,,,,final,0.0,0.0,,,,,,,,,,,,,,,,0.18761887689479126,0.33536750435682167,candidate,6.0,0.0,0.1942723185582695,0.050423885714005405,6.0
,,,,,,,,,,,,,,,0.0003715843051321161,0.002934987862014343,0.010803783227109976,0.0003396923929384443,0.0029785694876947287,0.010734091362030738,6.0,0280,classic_1000_best,6,4.128187151007995,0.07555060562387096,4.673217461630036,0.328125,0.7784090909090909,0.39730462593387905,0.33343309160980683,1.7714084206060103,0.28218102581662197,0.8051051334372783,0.8013476870330606,6.0,1.1709693733563291,0.9359565111244216,1.2233508244246225,0.6666666666666666,0.9274364066548147,5.7283487924384415,0.9741193630581505,0.23785815597067292,0.05739594250917435,0.4583780186143734,2.0813583314315043,2.7541896142673763,final,0.0,0.0,5.497141024630239e-05,0.0006812534727857713,0.001632862963025488,3.8126504003721764,0.3729646670759926,3.977095095234864,0.7067211921629275,0.8656682981597056,0.2183837890625,0.04545593895928369,0.1731098849063043,0.4942030535555179,3.5845191097570632,0.7067211921629274,0.4897323143680682,0.18761887689479126,0.33536750435682167,selected,6.0,0.0,0.1942723185582695,0.050423885714005405,6.0
,,,,,,,,,,,,,,,,,,,,,6.0,0281,classic_1000_best,6,4.090946515673171,0.07412776700817972,4.6167805442008945,0.328125,0.78125,0.39481278471716297,0.3337459262403807,1.7484036777352323,0.2754841867215864,0.8119524191258306,0.8025936076414186,6.0,1.483453275464947,0.9189408011810232,1.2779901171929442,0.3333333333333333,0.9119424193625649,5.724351133753579,0.9737511364021845,0.22973596866992194,,,,,base,0.0,0.0,,,,,,,,,,,,,,,,0.18569874225873198,0.33691065768818146,candidate,6.0,0.0,0.2553037726749127,0.0515253973936649,6.0
,,,,,,,,,,,,,,,,,,,,,6.0,0281,classic_1000_best,6,4.090946515673171,0.07412776700817972,4.6167805442008945,0.328125,0.78125,0.39481278471716297,0.3337459262403807,1.7484036777352323,0.2754841867215864,0.8119524191258306,0.8025936076414186,6.0,1.483453275464947,0.9189408011810232,1.2779901171929442,0.3333333333333333,0.9119424193625649,5.724351133753579,0.9737511364021845,0.22973596866992194,,,,,base,0.0,0.0,,,,,,,,,,,,,,,,0.18569874225873198,0.33691065768818146,selected,6.0,0.0,0.2553037726749127,0.0515253973936649,6.0
,,,,,,,,,,,,,,,,,,,,,6.0,0281,classic_1000_best,6,4.099058379173753,0.07411754692300186,4.6269833529656355,0.328125,0.78125,0.39562781095774935,0.33356670835799507,1.7504425309661535,0.2759561058752888,0.811202099330245,0.8021860945211252,6.0,1.3648452846888797,0.9135925704820596,1.2799262190253766,0.6666666666666666,0.9089461655910438,5.702615394341737,0.9716171875218265,0.2282353197774123,,,,,provisional,0.0,0.0,,,,,,,,,,,,,,,,0.1858352445214873,0.3367760693712697,candidate,6.0,0.0,0.25525931692021675,0.051183010299394156,6.0
,,,,,,,,,,,,,,,,,,,,,6.0,0281,classic_1000_best,6,4.099058379173753,0.07411754692300186,4.6269833529656355,0.328125,0.78125,0.39562781095774935,0.33356670835799507,1.7504425309661535,0.2759561058752888,0.811202099330245,0.8021860945211252,6.0,1.3648452846888797,0.9135925704820596,1.2799262190253766,0.6666666666666666,0.9089461655910438,5.702615394341737,0.9716171875218265,0.2282353197774123,,,,,provisional,0.0,0.0,,,,,,,,,,,,,,,,0.1858352445214873,0.3367760693712697,selected,6.0,0.0,0.25525931692021675,0.051183010299394156,6.0
,,,,,,,,,,,,,,,,,,,,,6.0,0281,classic_1000_best,6,4.098418895490449,0.07407489825180988,4.626670619164238,0.328125,0.78125,0.3955078524940749,0.3335009122243594,1.749966777574827,0.2758144629323274,0.811309628092992,0.8022460737529626,6.0,1.3747821392334014,0.9139753137687185,1.2807774980029445,0.6666666666666666,0.9088318672255448,5.7041480904893875,0.9717685814600081,0.22819450544616915,,,,,final,0.0,0.0,,,,,,,,,,,,,,,,0.18576989409781627,0.3368422926307596,candidate,6.0,0.0,0.25525873475370725,0.05134403288902226,6.0
,,,,,,,,,,,,,,,0.0007907218560467482,0.00968171017206944,0.009993184106113173,0.0008105329378053339,0.00977336410083027,0.010288403917444408,6.0,0281,classic_1000_best,6,4.098418895490449,0.07407489825180988,4.626670619164238,0.328125,0.78125,0.3955078524940749,0.3335009122243594,1.749966777574827,0.2758144629323274,0.811309628092992,0.8022460737529626,6.0,1.3747821392334014,0.9139753137687185,1.2807774980029445,0.6666666666666666,0.9088318672255448,5.7041480904893875,0.9717685814600081,0.22819450544616915,0.049457572400569916,0.415375915170744,2.191010173833283,3.122803871324567,final,0.0,0.0,3.076313334567189e-05,0.0004669289386597657,0.0008806732598641091,3.821180162500417,0.36679717898196473,3.996395887053941,0.7004448213008735,0.871426508954494,0.2142333984375,0.04602312341241364,0.17459200471920125,0.4914141717955005,3.5452107003088558,0.7004448213008735,0.4938864507372777,0.18576989409781627,0.3368422926307596,selected,6.0,0.0,0.25525873475370725,0.05134403288902226,6.0
,,,,,,,,,,,,,,,,,,,,,6.0,0282,classic_1000_best,6,4.092678494303089,0.07515611312173832,4.6273210609303295,0.328125,0.7840909090909091,0.3945550908091502,0.3344849684773326,1.7640394888543571,0.2800026907395615,0.8085890306850742,0.8027224545954248,6.0,1.382386254758554,0.9806853046423544,1.086479604430987,0.6666666666666666,0.9771548292605127,5.760598640249263,0.9772551356052327,0.24499307224960254,,,,,base,0.0,0.0,,,,,,,,,,,,,,,,0.18659481103683903,0.335514959520807,candidate,6.0,0.0,0.2185285700120335,0.03404766084070746,6.0
,,,,,,,,,,,,,,,,,,,,,6.0,0282,classic_1000_best,6,4.092678494303089,0.07515611312173832,4.6273210609303295,0.328125,0.7840909090909091,0.3945550908091502,0.3344849684773326,1.7640394888543571,0.2800026907395615,0.8085890306850742,0.8027224545954248,6.0,1.382386254758554,0.9806853046423544,1.086479604430987,0.6666666666666666,0.9771548292605127,5.760598640249263,0.9772551356052327,0.24499307224960254,,,,,base,0.0,0.0,,,,,,,,,,,,,,,,0.18659481103683903,0.335514959520807,selected,6.0,0.0,0.2185285700120335,0.03404766084070746,6.0
,,,,,,,,,,,,,,,,,,,,,6.0,0282,classic_1000_best,6,4.078706737669578,0.07592327240877146,4.611486522502438,0.3229166666666667,0.78125,0.3949912213888951,0.33580271725681565,1.7683262271666713,0.28120187601751423,0.8078392581181971,0.8025043893055525,6.0,1.3850727922301074,0.9832949851221666,1.073722102192527,0.6666666666666666,0.9809045432071847,5.714588456282062,0.9727263296476416,0.2515766282267178,,,,,provisional,0.0,0.0,,,,,,,,,,,,,,,,0.18818891739019564,0.33384825437849275,candidate,6.0,0.0,0.21927738311613879,0.031993079030759465,6.0
,,,,,,,,,,,,,,,,,,,,,6.0,0282,classic_1000_best,6,4.078706737669578,0.07592327240877146,4.611486522502438,0.3229166666666667,0.78125,0.3949912213888951,0.33580271725681565,1.7683262271666713,0.28120187601751423,0.8078392581181971,0.8025043893055525,6.0,1.3850727922301074,0.9832949851221666,1.073722102192527,0.6666666666666666,0.9809045432071847,5.714588456282062,0.9727263296476416,0.2515766282267178,,,,,provisional,0.0,0.0,,,,,,,,,,,,,,,,0.18818891739019564,0.33384825437849275,selected,6.0,0.0,0.21927738311613879,0.031993079030759465,6.0
,,,,,,,,,,,,,,,,,,,,,6.0,0282,classic_1000_best,6,4.078781225026564,0.07570948261934209,4.612307118532214,0.3229166666666667,0.78125,0.39469152075053626,0.33550338974821825,1.7664402477837158,0.2806856174292109,0.8082030872044955,0.8026542396247319,6.0,1.322586657371113,0.9829200381810708,1.0771211165875507,0.6666666666666666,0.9796363720742,5.720340130462432,0.9732886532407197,0.2513850095085169,,,,,final,0.0,0.0,,,,,,,,,,,,,,,,0.18788759181793627,0.3342230025955208,candidate,6.0,0.0,0.21922176939936794,0.03275863258421814,6.0
,,,,,,,,,,,,,,,0.0012119415970241129,0.00714607479379794,0.01419017624053468,0.0014959113101515678,0.008489850288000585,0.015926897321840442,6.0,0282,classic_1000_best,6,4.078781225026564,0.07570948261934209,4.612307118532214,0.3229166666666667,0.78125,0.39469152075053626,0.33550338974821825,1.7664402477837158,0.2806856174292109,0.8082030872044955,0.8026542396247319,6.0,1.322586657371113,0.9829200381810708,1.0771211165875507,0.6666666666666666,0.9796363720742,5.720340130462432,0.9732886532407197,0.2513850095085169,0.08889941871166229,0.462088549399494,1.7454539577623276,1.930957630057179,final,0.0,0.0,0.00016750521901409037,0.001885561212159005,0.00263762058710825,3.890278164941154,0.37101741909974767,4.023903114782891,0.7074305079448977,0.8640939773310028,0.2080078125,0.045402889138271785,0.17353555558266034,0.49183451673678596,3.5808880433692245,0.7074305079448977,0.49230809326695807,0.18788759181793627,0.3342230025955208,selected,6.0,0.0,0.21922176939936794,0.03275863258421814,6.0
,,,,,,,,,,,,,,,,,,,,,6.0,0283,classic_1000_best,6,4.624903096927159,0.08961941270940127,5.344728539652648,0.2864583333333333,0.7556818181818182,0.44520236191318846,0.29236004514132063,1.9387928090398594,0.32350627592355374,0.7855133847417924,0.7773988190434058,6.0,2.1932587401257964,0.9738953649482053,1.1283439894314533,0.6,0.9730055138494353,5.76742833603792,0.9779140149184745,0.23426348657465548,,,,,base,0.0,0.0,,,,,,,,,,,,,,,,0.19557913625721052,0.31245952978007846,candidate,6.0,0.0,0.22445889054596876,0.03291207982708132,6.0
,,,,,,,,,,,,,,,,,,,,,6.0,0283,classic_1000_best,6,4.624903096927159,0.08961941270940127,5.344728539652648,0.2864583333333333,0.7556818181818182,0.44520236191318846,0.29236004514132063,1.9387928090398594,0.32350627592355374,0.7855133847417924,0.7773988190434058,6.0,2.1932587401257964,0.9738953649482053,1.1283439894314533,0.6,0.9730055138494353,5.76742833603792,0.9779140149184745,0.23426348657465548,,,,,base,0.0,0.0,,,,,,,,,,,,,,,,0.19557913625721052,0.31245952978007846,selected,6.0,0.0,0.22445889054596876,0.03291207982708132,6.0
,,,,,,,,,,,,,,,,,,,,,6.0,0283,classic_1000_best,6,4.630148999783841,0.08936839905201295,5.350837545672577,0.2864583333333333,0.7556818181818182,0.44511942100600893,0.2920493111112604,1.9375305255457695,0.3233020746116315,0.7856880463385595,0.7774402894969955,6.0,2.0999306583684096,0.976623257886032,1.1185648556798755,0.6,0.9750864898621956,5.753639378377953,0.9765897666956634,0.23924077510278058,,,,,provisional,0.0,0.0,,,,,,,,,,,,,,,,0.19530466586227863,0.3128843589204167,candidate,6.0,0.0,0.22460813936468882,0.033238796065702306,6.0
,,,,,,,,,,,,,,,,,,,,,6.0,0283,classic_1000_best,6,4.630148999783841,0.08936839905201295,5.350837545672577,0.2864583333333333,0.7556818181818182,0.44511942100600893,0.2920493111112604,1.9375305255457695,0.3233020746116315,0.7856880463385595,0.7774402894969955,6.0,2.0999306583684096,0.976623257886032,1.1185648556798755,0.6,0.9750864898621956,5.753639378377953,0.9765897666956634,0.23924077510278058,,,,,provisional,0.0,0.0,,,,,,,,,,,,,,,,0.19530466586227863,0.3128843589204167,selected,6.0,0.0,0.22460813936468882,0.033238796065702306,6.0
,,,,,,,,,,,,,,,,,,,,,6.0,0283,classic_1000_best,6,4.630041401531052,0.08934887127580675,5.350730987619699,0.2864583333333333,0.7556818181818182,0.4451019386502382,0.29204816320729565,1.9374075584961739,0.3232548584429545,0.785704460826197,0.7774490306748809,6.0,2.115970984388738,0.9763668568235163,1.1197629100195343,0.6,0.9748599671666796,5.75828179237817,0.9770365741166852,0.238173435403918,,,,,final,0.0,0.0,,,,,,,,,,,,,,,,0.19529300745153494,0.3129062235810473,candidate,6.0,0.0,0.22455457776405083,0.03359420896910735,6.0
,,,,,,,,,,,,,,,0.0006393233331589339,0.003856957932267788,0.012671817069838975,0.0006607997446638651,0.0035547805788755152,0.013725131794939319,6.0,0283,classic_1000_best,6,4.630041401531052,0.08934887127580675,5.350730987619699,0.2864583333333333,0.7556818181818182,0.4451019386502382,0.29204816320729565,1.9374075584961739,0.3232548584429545,0.785704460826197,0.7774490306748809,6.0,2.115970984388738,0.9763668568235163,1.1197629100195343,0.6,0.9748599671666796,5.75828179237817,0.9770365741166852,0.238173435403918,0.11086466163396835,0.5274664130886241,1.6250659064281965,2.449346107921152,final,0.0,0.0,6.184530244073695e-05,0.0006484640055821502,0.0028023487565321283,3.8977006454568386,0.4309025058985707,3.73453049549851,0.7587690729310984,0.7727427972532022,0.2352294921875,0.040970417747557435,0.15680029341073667,0.5437007223018485,3.9295631679576757,0.7587690729310984,0.4647668870013295,0.19529300745153494,0.3129062235810473,selected,6.0,0.0,0.22455457776405083,0.03359420896910735,6.0
,,,,,,,,,,,,,,,,,,,,,6.0,0284,classic_1000_best,6,4.613954894256579,0.09079500124759599,5.314896316523599,0.2916666666666667,0.7556818181818182,0.44457563202132905,0.2938677851700887,1.9494859971653054,0.32616081427191207,0.7859855983225391,0.7777121839893355,6.0,3.057875112593534,0.9394136855150971,1.2275083002373621,0.6,0.9518811484443823,5.756190152859469,0.9768101302251462,0.23261645465092223,,,,,base,0.0,0.0,,,,,,,,,,,,,,,,0.19690282988486804,0.30808517743377967,candidate,6.0,0.0,0.2249861630840551,0.034554531199154144,6.0
,,,,,,,,,,,,,,,,,,,,,6.0,0284,classic_1000_best,6,4.613954894256579,0.09079500124759599,5.314896316523599,0.2916666666666667,0.7556818181818182,0.44457563202132905,0.2938677851700887,1.9494859971653054,0.32616081427191207,0.7859855983225391,0.7777121839893355,6.0,3.057875112593534,0.9394136855150971,1.2275083002373621,0.6,0.9518811484443823,5.756190152859469,0.9768101302251462,0.23261645465092223,,,,,base,0.0,0.0,,,,,,,,,,,,,,,,0.19690282988486804,0.30808517743377967,selected,6.0,0.0,0.2249861630840551,0.034554531199154144,6.0
,,,,,,,,,,,,,,,,,,,,,6.0,0284,classic_1000_best,6,4.609610381801534,0.09137786921128661,5.3089868988571585,0.296875,0.7556818181818182,0.445156049697745,0.29461964428131393,1.9541194307922396,0.3271714246300893,0.7849459313607889,0.7774219751511275,6.0,2.5629598728246825,0.9463560602041097,1.1999719511244717,0.6,0.9564358592376248,5.759219809804793,0.9771111446010547,0.23444374768837561,,,,,provisional,0.0,0.0,,,,,,,,,,,,,,,,0.19762346467461359,0.30709984751958896,candidate,6.0,0.0,0.22523653348758566,0.03258870521095935,6.0
,,,,,,,,,,,,,,,,,,,,,6.0,0284,classic_1000_best,6,4.609610381801534,0.09137786921128661,5.3089868988571585,0.296875,0.7556818181818182,0.445156049697745,0.29461964428131393,1.9541194307922396,0.3271714246300893,0.7849459313607889,0.7774219751511275,6.0,2.5629598728246825,0.9463560602041097,1.1999719511244717,0.6,0.9564358592376248,5.759219809804793,0.9771111446010547,0.23444374768837561,,,,,provisional,0.0,0.0,,,,,,,,,,,,,,,,0.19762346467461359,0.30709984751958896,selected,6.0,0.0,0.22523653348758566,0.03258870521095935,6.0
,,,,,,,,,,,,,,,,,,,,,6.0,0284,classic_1000_best,6,4.609243830769306,0.09139644236494605,5.308624234929436,0.296875,0.7556818181818182,0.4451251100052778,0.29463125843288696,1.954224825632646,0.3271821867377098,0.7849256181497157,0.777437444997361,6.0,2.5937895061322345,0.9474138011188914,1.1977587855731688,0.6,0.9571374916121942,5.761048108443657,0.9772875703158412,0.23377375874133066,,,,,final,0.0,0.0,,,,,,,,,,,,,,,,0.19764336776411048,0.30706688250528913,candidate,6.0,0.0,0.22523035796722962,0.032404866251531904,6.0
,,,,,,,,,,,,,,,0.001450359593302133,0.00501685565508331,0.024556168000126128,0.001415649335922033,0.004802947392475258,0.02445702148285551,6.0,0284,classic_1000_best,6,4.609243830769306,0.09139644236494605,5.308624234929436,0.296875,0.7556818181818182,0.4451251100052778,0.29463125843288696,1.954224825632646,0.3271821867377098,0.7849256181497157,0.777437444997361,6.0,2.5937895061322345,0.9474138011188914,1.1977587855731688,0.6,0.9571374916121942,5.761048108443657,0.9772875703158412,0.23377375874133066,0.1129753589630127,0.40628134734036425,1.724123093746786,3.1878737238534818,final,0.0,0.0,4.368709006803445e-05,0.0005375998484507732,0.0018877095636534655,3.9246581184302642,0.4266799548333103,3.7648187579788255,0.7578386360544247,0.7764364639292978,0.2257080078125,0.041012811809442946,0.15752331517040294,0.5411327630031106,3.9178938721122822,0.7578386360544247,0.4641078394168534,0.19764336776411048,0.30706688250528913,selected,6.0,0.0,0.22523035796722962,0.032404866251531904,6.0
,,,,,,,,,,,,,,,,,,,,,6.0,0285,classic_1000_best,6,4.60471647820355,0.09116473879388316,5.283521498132719,0.296875,0.7528409090909091,0.44395679365206353,0.29709048575975006,1.9528587452189594,0.3270469252260049,0.7854672327787151,0.7780216031739683,6.0,1.6856130045906992,0.9444556913576162,1.2062606162890752,0.6,0.9503114183104462,5.759987974441212,0.9771995521707267,0.24079481895908111,,,,,base,0.0,0.0,,,,,,,,,,,,,,,,0.19732799105803647,0.30735425698691676,candidate,6.0,0.0,0.1745596649478866,0.02999685924958532,6.0
,,,,,,,,,,,,,,,,,,,,,6.0,0285,classic_1000_best,6,4.60471647820355,0.09116473879388316,5.283521498132719,0.296875,0.7528409090909091,0.44395679365206353,0.29709048575975006,1.9528587452189594,0.3270469252260049,0.7854672327787151,0.7780216031739683,6.0,1.6856130045906992,0.9444556913576162,1.2062606162890752,0.6,0.9503114183104462,5.759987974441212,0.9771995521707267,0.24079481895908111,,,,,base,0.0,0.0,,,,,,,,,,,,,,,,0.19732799105803647,0.30735425698691676,selected,6.0,0.0,0.1745596649478866,0.02999685924958532,6.0
,,,,,,,,,,,,,,,,,,,,,6.0,0285,classic_1000_best,6,4.605026760447034,0.09113889591250829,5.284356040450807,0.296875,0.7528409090909091,0.4440473370231545,0.2969445542890324,1.9525275727136837,0.32704378424257663,0.785736727072007,0.7779763314884227,6.0,1.6367602332689022,0.9431661711258601,1.2055815528187745,0.6,0.9499101843605626,5.7437820034182625,0.9756388438983759,0.24464052869723057,,,,,provisional,0.0,0.0,,,,,,,,,,,,,,,,0.19744905508029845,0.307342250023877,candidate,6.0,0.0,0.17430866745947238,0.03189593224819288,6.0
,,,,,,,,,,,,,,,,,,,,,6.0,0285,classic_1000_best,6,4.605026760447034,0.09113889591250829,5.284356040450807,0.296875,0.7528409090909091,0.4440473370231545,0.2969445542890324,1.9525275727136837,0.32704378424257663,0.785736727072007,0.7779763314884227,6.0,1.6367602332689022,0.9431661711258601,1.2055815528187745,0.6,0.9499101843605626,5.7437820034182625,0.9756388438983759,0.24464052869723057,,,,,provisional,0.0,0.0,,,,,,,,,,,,,,,,0.19744905508029845,0.307342250023877,selected,6.0,0.0,0.17430866745947238,0.03189593224819288,6.0
,,,,,,,,,,,,,,,,,,,,,6.0,0285,classic_1000_best,6,4.604787841162156,0.09115356425871386,5.284135436313282,0.296875,0.7528409090909091,0.4441301411123996,0.29698653745343623,1.9526837612231276,0.3270889212008755,0.785700191773302,0.7779349294438002,6.0,1.630492611074178,0.9436939567639299,1.206036026532246,0.6,0.9497400480688574,5.74535417994237,0.9757925649374238,0.2457231940424361,,,,,final,0.0,0.0,,,,,,,,,,,,,,,,0.1975395420610094,0.307264268267291,candidate,6.0,0.0,0.17435634483814982,0.031345998261998596,6.0
,,,,,,,,,,,,,,,0.000847884014132012,0.004744863947206108,0.019572921969429776,0.0009201584661029851,0.004583067033451931,0.02042086705839159,6.0,0285,classic_1000_best,6,4.604787841162156,0.09115356425871386,5.284135436313282,0.296875,0.7528409090909091,0.4441301411123996,0.29698653745343623,1.9526837612231276,0.3270889212008755,0.785700191773302,0.7779349294438002,6.0,1.630492611074178,0.9436939567639299,1.206036026532246,0.6,0.9497400480688574,5.74535417994237,0.9757925649374238,0.2457231940424361,0.11091499030590057,0.4797676090943897,1.7726638106048929,2.6108481547705096,final,0.0,0.0,9.242544813834289e-05,0.0008523071387693815,0.0035861125335867384,3.8487936875600472,0.43525882721401793,3.710630195918945,0.7624257832119741,0.7689311868410209,0.2177734375,0.04053084027321607,0.1556591000109294,0.5461846390334998,3.9519801492181115,0.7624257832119741,0.4601375186414828,0.1975395420610094,0.307264268267291,selected,6.0,0.0,0.17435634483814982,0.031345998261998596,6.0
,,,,,,,,,,,,,,,,,,,,,6.0,0286,classic_1000_best,6,4.6596174212128965,0.09102869483156796,5.401829546095157,0.2760416666666667,0.7528409090909091,0.45108169223713174,0.29290909196896625,1.9533960748427919,0.3277337758496325,0.778996919505437,0.774459153881434,6.0,1.7322865299278591,0.9529970829083148,1.167689458947124,0.6,0.9615119461631136,5.7390210508456345,0.975148962864642,0.24509655636953204,,,,,base,0.0,0.0,,,,,,,,,,,,,,,,0.19804344427409767,0.31225501173777953,candidate,6.0,0.0,0.14576571012192194,0.02904231614449055,6.0
,,,,,,,,,,,,,,,,,,,,,6.0,0286,classic_1000_best,6,4.6596174212128965,0.09102869483156796,5.401829546095157,0.2760416666666667,0.7528409090909091,0.45108169223713174,0.29290909196896625,1.9533960748427919,0.3277337758496325,0.778996919505437,0.774459153881434,6.0,1.7322865299278591,0.9529970829083148,1.167689458947124,0.6,0.9615119461631136,5.7390210508456345,0.975148962864642,0.24509655636953204,,,,,base,0.0,0.0,,,,,,,,,,,,,,,,0.19804344427409767,0.31225501173777953,selected,6.0,0.0,0.14576571012192194,0.02904231614449055,6.0
,,,,,,,,,,,,,,,,,,,,,6.0,0286,classic_1000_best,6,4.659306433286337,0.09127910738971079,5.4014949868237645,0.2760416666666667,0.7528409090909091,0.45154034850819946,0.2932447771950634,1.9556615342893764,0.3282273028623823,0.7784133525259097,0.7742298257459003,6.0,1.7626845208729094,0.9515483083042678,1.1669717042584538,0.6,0.9615976273230009,5.719128941380882,0.9732061988801911,0.2484358839881871,,,,,provisional,0.0,0.0,,,,,,,,,,,,,,,,0.19831377610151532,0.31192139585133116,candidate,6.0,0.0,0.14604427625834654,0.028329165960237795,6.0
,,,,,,,,,,,,,,,,,,,,,6.0,0286,classic_1000_best,6,4.659306433286337,0.09127910738971079,5.4014949868237645,0.2760416666666667,0.7528409090909091,0.45154034850819946,0.2932447771950634,1.9556615342893764,0.3282273028623823,0.7784133525259097,0.7742298257459003,6.0,1.7626845208729094,0.9515483083042678,1.1669717042584538,0.6,0.9615976273230009,5.719128941380882,0.9732061988801911,0.2484358839881871,,,,,provisional,0.0,0.0,,,,,,,,,,,,,,,,0.19831377610151532,0.31192139585133116,selected,6.0,0.0,0.14604427625834654,0.028329165960237795,6.0
,,,,,,,,,,,,,,,,,,,,,6.0,0286,classic_1000_best,6,4.658533653558887,0.0913281183256834,5.400562369826644,0.2760416666666667,0.7528409090909091,0.4515606429814516,0.29331283020700033,1.956034789240448,0.3283141942767121,0.7783696416338334,0.7742196785092742,6.0,1.7776751395584212,0.9544688915315179,1.158070681576962,0.6,0.9640025817115827,5.722405054205067,0.9735322520650269,0.24902623423050158,,,,,final,0.0,0.0,,,,,,,,,,,,,,,,0.19839323901703151,0.3118227160754512,candidate,6.0,0.0,0.14616280971270995,0.027371217885146053,6.0
,,,,,,,,,,,,,,,0.0005307122336612838,0.0038638760035099155,0.01524887422927997,0.0005157260666303025,0.0037831071105642344,0.01434240033936631,6.0,0286,classic_1000_best,6,4.658533653558887,0.0913281183256834,5.400562369826644,0.2760416666666667,0.7528409090909091,0.4515606429814516,0.29331283020700033,1.956034789240448,0.3283141942767121,0.7783696416338334,0.7742196785092742,6.0,1.7776751395584212,0.9544688915315179,1.158070681576962,0.6,0.9640025817115827,5.722405054205067,0.9735322520650269,0.24902623423050158,0.1099337786436081,0.5065762788972193,1.8790893082703493,2.3666590863749826,final,0.0,0.0,6.751587241438508e-05,0.0006893363786009513,0.0038624001115168914,3.8760795630906686,0.43931886497424577,3.6820010976874222,0.76512719811495,0.7608536564185683,0.2261962890625,0.04050327736396886,0.1541617659400093,0.5519476632642283,3.9697218575617503,0.76512719811495,0.4576051958204627,0.19839323901703151,0.3118227160754512,selected,6.0,0.0,0.14616280971270995,0.027371217885146053,6.0
,,,,,,,,,,,,,,,,,,,,,6.0,0287,classic_1000_best,6,4.666292769336106,0.09145809203765407,5.413273853107586,0.265625,0.7585227272727273,0.45209595826985255,0.29308269826864325,1.9587082692874829,0.3290165700012468,0.777465315720649,0.7739520208650739,6.0,2.1011721836867756,0.9600969846889856,1.1436125167392248,0.8,0.9687969177238909,5.756885132243111,0.9768928884300927,0.2467294594646164,,,,,base,0.0,0.0,,,,,,,,,,,,,,,,0.19843700485460605,0.31209802145415405,candidate,6.0,0.0,0.1428249230874149,0.024932836325250604,6.0
,,,,,,,,,,,,,,,,,,,,,6.0,0287,classic_1000_best,6,4.666292769336106,0.09145809203765407,5.413273853107586,0.265625,0.7585227272727273,0.45209595826985255,0.29308269826864325,1.9587082692874829,0.3290165700012468,0.777465315720649,0.7739520208650739,6.0,2.1011721836867756,0.9600969846889856,1.1436125167392248,0.8,0.9687969177238909,5.756885132243111,0.9768928884300927,0.2467294594646164,,,,,base,0.0,0.0,,,,,,,,,,,,,,,,0.19843700485460605,0.31209802145415405,selected,6.0,0.0,0.1428249230874149,0.024932836325250604,6.0
,,,,,,,,,,,,,,,,,,,,,6.0,0287,classic_1000_best,6,4.6617026579411505,0.0914943531047045,5.407594411648712,0.2708333333333333,0.7585227272727273,0.45191140710127636,0.29317398561372393,1.958058537193432,0.32881846604007015,0.7778068497973031,0.7740442964493618,6.0,2.275882306415036,0.9614551432411546,1.13923203596199,0.8,0.9702844838396458,5.703713417429555,0.9716999347876335,0.25803872446537784,,,,,provisional,0.0,0.0,,,,,,,,,,,,,,,,0.1984346971627264,0.31199321491002885,candidate,6.0,0.0,0.14304476535731692,0.024643204156876847,6.0
,,,,,,,,,,,,,,,,,,,,,6.0,0287,classic_1000_best,6,4.6617026579411505,0.0914943531047045,5.407594411648712,0.2708333333333333,0.7585227272727273,0.45191140710127636,0.29317398561372393,1.958058537193432,0.32881846604007015,0.7778068497973031,0.7740442964493618,6.0,2.275882306415036,0.9614551432411546,1.13923203596199,0.8,0.9702844838396458,5.703713417429555,0.9716999347876335,0.25803872446537784,,,,,provisional,0.0,0.0,,,,,,,,,,,,,,,,0.1984346971627264,0.31199321491002885,selected,6.0,0.0,0.14304476535731692,0.024643204156876847,6.0
,,,,,,,,,,,,,,,,,,,,,6.0,0287,classic_1000_best,6,4.661545453347451,0.09147729018179859,5.407339872009109,0.2760416666666667,0.7613636363636364,0.4519031709373675,0.29315308210453683,1.9578289420605932,0.3287656090762423,0.7778942816319435,0.7740484145313163,6.0,2.1665446409911593,0.9617381120594329,1.138134380005789,0.8,0.9702314741398841,5.70604773140896,0.971935469238814,0.25819920301233557,,,,,final,0.0,0.0,,,,,,,,,,,,,,,,0.19840149742779684,0.3120114795437145,candidate,6.0,0.0,0.14295413309268004,0.025020933727792814,6.0
,,,,,,,,,,,,,,,0.0006535356429337615,0.004920639523935579,0.02012382555969291,0.0005497699995514789,0.004160225190734533,0.020467613626529695,6.0,0287,classic_1000_best,6,4.661545453347451,0.09147729018179859,5.407339872009109,0.2760416666666667,0.7613636363636364,0.4519031709373675,0.29315308210453683,1.9578289420605932,0.3287656090762423,0.7778942816319435,0.7740484145313163,6.0,2.1665446409911593,0.9617381120594329,1.138134380005789,0.8,0.9702314741398841,5.70604773140896,0.971935469238814,0.25819920301233557,0.11399555206298828,0.47032640309726503,1.9600888533330372,2.417476382802668,final,0.0,0.0,6.773960001308957e-05,0.0008968911256418288,0.0032864139320143613,3.9004706560315845,0.43889946448659933,3.696232287681263,0.7655557817789232,0.7616970609811183,0.2276611328125,0.040824945105079495,0.15435938705657654,0.5510635408849035,3.9726136534410355,0.7655557817789232,0.45761776403753696,0.19840149742779684,0.3120114795437145,selected,6.0,0.0,0.14295413309268004,0.025020933727792814,6.0
,,,,,,,,,,,,,,,,,,,,,6.0,0288,classic_1000_best,6,4.609551729056129,0.09235642894054515,5.3114000116467395,0.3020833333333333,0.7471590909090909,0.44333695986614075,0.2939634807816827,1.9661671714855735,0.32919860063776435,0.7829709961550327,0.7783315200669296,6.0,2.221525936051854,0.9547307131235461,1.1888824164769964,0.4,0.958394381681978,5.796473351573109,0.9807039303404286,0.23077299530547898,,,,,base,0.0,0.0,,,,,,,,,,,,,,,,0.19732388685489707,0.3054539847988063,candidate,6.0,0.0,0.22176519957390628,0.03894432792819778,6.0
,,,,,,,,,,,,,,,,,,,,,6.0,0288,classic_1000_best,6,4.609551729056129,0.09235642894054515,5.3114000116467395,0.3020833333333333,0.7471590909090909,0.44333695986614075,0.2939634807816827,1.9661671714855735,0.32919860063776435,0.7829709961550327,0.7783315200669296,6.0,2.221525936051854,0.9547307131235461,1.1888824164769964,0.4,0.958394381681978,5.796473351573109,0.9807039303404286,0.23077299530547898,,,,,base,0.0,0.0,,,,,,,,,,,,,,,,0.19732388685489707,0.3054539847988063,selected,6.0,0.0,0.22176519957390628,0.03894432792819778,6.0
,,,,,,,,,,,,,,,,,,,,,6.0,0288,classic_1000_best,6,4.606883124164962,0.0918020446941816,5.3092461780875615,0.3020833333333333,0.7528409090909091,0.44318715423582167,0.2935313055828105,1.960290017085108,0.3278059187381603,0.7840284512597262,0.7784064228820892,6.0,1.672973675959581,0.9392959351933823,1.237538481674097,0.4,0.9418421795393928,5.738332587934609,0.9750782900067657,0.24155406001068985,,,,,provisional,0.0,0.0,,,,,,,,,,,,,,,,0.19699258504170916,0.3060044964640892,candidate,6.0,0.0,0.22062571876396514,0.050065941919286955,6.0
,,,,,,,,,,,,,,,,,,,,,6.0,0288,classic_1000_best,6,4.606883124164962,0.0918020446941816,5.3092461780875615,0.3020833333333333,0.7528409090909091,0.44318715423582167,0.2935313055828105,1.960290017085108,0.3278059187381603,0.7840284512597262,0.7784064228820892,6.0,1.672973675959581,0.9392959351933823,1.237538481674097,0.4,0.9418421795393928,5.738332587934609,0.9750782900067657,0.24155406001068985,,,,,provisional,0.0,0.0,,,,,,,,,,,,,,,,0.19699258504170916,0.3060044964640892,selected,6.0,0.0,0.22062571876396514,0.050065941919286955,6.0
,,,,,,,,,,,,,,,,,,,,,6.0,0288,classic_1000_best,6,4.606987026621192,0.09205697414164007,5.308693935338118,0.3020833333333333,0.7528409090909091,0.4434338023389307,0.2938178301610003,1.9626511144425944,0.32839166487573657,0.783589079463869,0.7782830988305346,6.0,1.6224644232618837,0.9418372933358221,1.2289385697930175,0.4,0.9437141273735451,5.748377612099863,0.9760669499661876,0.23987335997035716,,,,,final,0.0,0.0,,,,,,,,,,,,,,,,0.19722813408935505,0.30566047104671373,candidate,6.0,0.0,0.22089743789712202,0.04820036017313397,6.0
,,,,,,,,,,,,,,,0.001197276159599828,0.006352812940205493,0.02505282375784837,0.0014271883752116456,0.0075654691754673395,0.025681414665527636,6.0,0288,classic_1000_best,6,4.606987026621192,0.09205697414164007,5.308693935338118,0.3020833333333333,0.7528409090909091,0.4434338023389307,0.2938178301610003,1.9626511144425944,0.32839166487573657,0.783589079463869,0.7782830988305346,6.0,1.6224644232618837,0.9418372933358221,1.2289385697930175,0.4,0.9437141273735451,5.748377612099863,0.9760669499661876,0.23987335997035716,0.10388932377099991,0.4850440826019306,1.666138699652729,2.6311737159565043,final,0.0,0.0,0.00018527457626996537,0.001836594221712737,0.0041573275428957975,3.837626182561328,0.43324988433064426,3.719549000496557,0.7624744253414503,0.773996324862613,0.2064208984375,0.04151764917069005,0.15607880015825118,0.5442456819977883,3.9489365028714976,0.7624744253414503,0.4578240086594832,0.19722813408935505,0.30566047104671373,selected,6.0,0.0,0.22089743789712202,0.04820036017313397,6.0
,,,,,,,,,,,,,,,,,,,,,6.0,0289,classic_1000_best,6,4.524784373585647,0.08932992993205655,5.182122622731465,0.3020833333333333,0.7585227272727273,0.4414303678846764,0.2996462784213239,1.9264965810419794,0.3195040274743542,0.7908610170649203,0.7792848160576618,6.0,2.0300772302342653,0.9440413141435964,1.2143660679347237,0.6,0.9504589081750456,5.727855346988471,0.9740549614555905,0.24623281716128514,,,,,base,0.0,0.0,,,,,,,,,,,,,,,,0.1963242276520385,0.30931192220836107,candidate,6.0,0.0,0.19035664465571886,0.038268359650812184,6.0
,,,,,,,,,,,,,,,,,,,,,6.0,0289,classic_1000_best,6,4.524784373585647,0.08932992993205655,5.182122622731465,0.3020833333333333,0.7585227272727273,0.4414303678846764,0.2996462784213239,1.9264965810419794,0.3195040274743542,0.7908610170649203,0.7792848160576618,6.0,2.0300772302342653,0.9440413141435964,1.2143660679347237,0.6,0.9504589081750456,5.727855346988471,0.9740549614555905,0.24623281716128514,,,,,base,0.0,0.0,,,,,,,,,,,,,,,,0.1963242276520385,0.30931192220836107,selected,6.0,0.0,0.19035664465571886,0.038268359650812184,6.0
,,,,,,,,,,,,,,,,,,,,,6.0,0289,classic_1000_best,6,4.529909460673369,0.08955255536674726,5.187371270184543,0.3020833333333333,0.7585227272727273,0.4415894163517349,0.299849087629179,1.9297860572131713,0.32031450391400007,0.7899952390872765,0.7792052918241326,6.0,1.9110172946185051,0.9420421919822618,1.2110926745709893,0.8,0.9507619342839376,5.702053373460298,0.9715363955543572,0.25532938151666795,,,,,provisional,0.0,0.0,,,,,,,,,,,,,,,,0.19618995053853058,0.3093423284830168,candidate,6.0,0.0,0.19092268238982066,0.03590440072885247,6.0
,,,,,,,,,,,,,,,,,,,,,6.0,0289,classic_1000_best,6,4.529909460673369,0.08955255536674726,5.187371270184543,0.3020833333333333,0.7585227272727273,0.4415894163517349,0.299849087629179,1.9297860572131713,0.32031450391400007,0.7899952390872765,0.7792052918241326,6.0,1.9110172946185051,0.9420421919822618,1.2110926745709893,0.8,0.9507619342839376,5.702053373460298,0.9715363955543572,0.25532938151666795,,,,,provisional,0.0,0.0,,,,,,,,,,,,,,,,0.19618995053853058,0.3093423284830168,selected,6.0,0.0,0.19092268238982066,0.03590440072885247,6.0
,,,,,,,,,,,,,,,,,,,,,6.0,0289,classic_1000_best,6,4.528984548557875,0.08951945280693527,5.1864617758217735,0.3020833333333333,0.7585227272727273,0.4415092823572691,0.2997974560445893,1.929273513935339,0.3201720932176238,0.7901347785332501,0.7792453588213654,6.0,1.9252004843408907,0.9426415363695955,1.21115046451663,0.8,0.9508698202353468,5.701755307461437,0.9715030701861754,0.2560426579341698,,,,,final,0.0,0.0,,,,,,,,,,,,,,,,0.19615986091377208,0.30937659063290457,candidate,6.0,0.0,0.19091624506808383,0.03582893687263003,6.0
,,,,,,,,,,,,,,,0.0012973076751404684,0.006982719766682836,0.02618209021804901,0.0012999754977172503,0.007609226718237984,0.02626229633960862,6.0,0289,classic_1000_best,6,4.528984548557875,0.08951945280693527,5.1864617758217735,0.3020833333333333,0.7585227272727273,0.4415092823572691,0.2997974560445893,1.929273513935339,0.3201720932176238,0.7901347785332501,0.7792453588213654,6.0,1.9252004843408907,0.9426415363695955,1.21115046451663,0.8,0.9508698202353468,5.701755307461437,0.9715030701861754,0.2560426579341698,0.11427976191043854,0.45124119320458506,1.6937046931931246,2.5414632749133785,final,0.0,0.0,6.597682642344165e-05,0.000834386679586673,0.0025751368107878813,3.931862032181435,0.41687029800755687,3.819711684346646,0.7516745117896557,0.7900682837860665,0.206787109375,0.04186556007787743,0.16005325256645286,0.5329816444002642,3.873132002863155,0.7516745117896557,0.4677793498214198,0.19615986091377208,0.30937659063290457,selected,6.0,0.0,0.19091624506808383,0.03582893687263003,6.0
,,,,,,,,,,,,,,,,,,,,,6.0,0290,classic_1000_best,6,4.609756144784409,0.09260089570995711,5.2948363155133435,0.3125,0.75,0.44307888230734915,0.29610596659730676,1.971014037080596,0.329993888493361,0.7827538584871424,0.7784605588463255,6.0,2.3812761123363893,0.9443144216130442,1.2139520627868245,0.6,0.9523898797733008,5.7946673651237885,0.9805528515551212,0.2245852632310362,,,,,base,0.0,0.0,,,,,,,,,,,,,,,,0.19729928331754415,0.30531938589741586,candidate,6.0,0.0,0.2136376385390204,0.03278546510790169,6.0
,,,,,,,,,,,,,,,,,,,,,6.0,0290,classic_1000_best,6,4.609756144784409,0.09260089570995711,5.2948363155133435,0.3125,0.75,0.44307888230734915,0.29610596659730676,1.971014037080596,0.329993888493361,0.7827538584871424,0.7784605588463255,6.0,2.3812761123363893,0.9443144216130442,1.2139520627868245,0.6,0.9523898797733008,5.7946673651237885,0.9805528515551212,0.2245852632310362,,,,,base,0.0,0.0,,,,,,,,,,,,,,,,0.19729928331754415,0.30531938589741586,selected,6.0,0.0,0.2136376385390204,0.03278546510790169,6.0
,,,,,,,,,,,,,,,,,,,,,6.0,0290,classic_1000_best,6,4.602999066270168,0.0931101922834404,5.286235128378592,0.3125,0.7528409090909091,0.4439171261210973,0.2968453314370999,1.9741148505555934,0.33076266335571425,0.7823320367672681,0.7780414369394513,6.0,1.9405922284388386,0.9367677830554124,1.2223492242584293,0.8,0.947517027757212,5.763432271363564,0.9775472439561683,0.23025477855910212,,,,,provisional,0.0,0.0,,,,,,,,,,,,,,,,0.19838583403310056,0.3040996025522437,candidate,6.0,0.0,0.21318590197636075,0.034426087379225076,6.0
,,,,,,,,,,,,,,,,,,,,,6.0,0290,classic_1000_best,6,4.602999066270168,0.0931101922834404,5.286235128378592,0.3125,0.7528409090909091,0.4439171261210973,0.2968453314370999,1.9741148505555934,0.33076266335571425,0.7823320367672681,0.7780414369394513,6.0,1.9405922284388386,0.9367677830554124,1.2223492242584293,0.8,0.947517027757212,5.763432271363564,0.9775472439561683,0.23025477855910212,,,,,provisional,0.0,0.0,,,,,,,,,,,,,,,,0.19838583403310056,0.3040996025522437,selected,6.0,0.0,0.21318590197636075,0.034426087379225076,6.0
,,,,,,,,,,,,,,,,,,,,,6.0,0290,classic_1000_best,6,4.602955469305787,0.09307310384319262,5.286364306058875,0.3125,0.7528409090909091,0.44381883442584596,0.2967841566938516,1.973818360172194,0.3306667066587885,0.782400981226569,0.7780905827870771,6.0,1.9375308236867244,0.9380546556345065,1.2180763025197408,0.8,0.948678093086507,5.765755683421965,0.9777727592840529,0.22984203493093752,,,,,final,0.0,0.0,,,,,,,,,,,,,,,,0.19831448320616227,0.30417605935976594,candidate,6.0,0.0,0.2132403866367236,0.03432256356697719,6.0
,,,,,,,,,,,,,,,0.0013553952087584128,0.007210515517886024,0.019559461909734743,0.0013940361272781275,0.007317979509049299,0.019710012041249565,6.0,0290,classic_1000_best,6,4.602955469305787,0.09307310384319262,5.286364306058875,0.3125,0.7528409090909091,0.44381883442584596,0.2967841566938516,1.973818360172194,0.3306667066587885,0.782400981226569,0.7780905827870771,6.0,1.9375308236867244,0.9380546556345065,1.2180763025197408,0.8,0.948678093086507,5.765755683421965,0.9777727592840529,0.22984203493093752,0.12055951356887817,0.43928167312775923,1.7287714561282475,2.873409549905187,final,0.0,0.0,5.367157433892869e-05,0.0005854000458387715,0.0019379363414586427,3.8506165766918916,0.4291958971198495,3.755551822216977,0.7591007102386842,0.7798142757024193,0.20654296875,0.04138340120073765,0.15751119476227265,0.5396600894467218,3.926584205621805,0.7591007102386842,0.46219698315174396,0.19831448320616227,0.30417605935976594,selected,6.0,0.0,0.2132403866367236,0.03432256356697719,6.0
,,,,,,,,,,,,,,,,,,,,,6.0,0291,classic_1000_best,6,4.59513426871479,0.08934241785398382,5.263685882508674,0.3125,0.75,0.44121210048582515,0.29769862715737605,1.9442026773793513,0.32345063154291787,0.7882821593562518,0.7793939497570874,6.0,2.3518487488282167,0.9726519651534763,1.1226166950527074,0.8,0.9748506847579657,5.778442936475431,0.9789984129498681,0.24242673045762916,,,,,base,0.0,0.0,,,,,,,,,,,,,,,,0.19557609122259914,0.31087403341343106,candidate,6.0,0.0,0.18407473752752887,0.026068058441394648,6.0
,,,,,,,,,,,,,,,,,,,,,6.0,0291,classic_1000_best,6,4.59513426871479,0.08934241785398382,5.263685882508674,0.3125,0.75,0.44121210048582515,0.29769862715737605,1.9442026773793513,0.32345063154291787,0.7882821593562518,0.7793939497570874,6.0,2.3518487488282167,0.9726519651534763,1.1226166950527074,0.8,0.9748506847579657,5.778442936475431,0.9789984129498681,0.24242673045762916,,,,,base,0.0,0.0,,,,,,,,,,,,,,,,0.19557609122259914,0.31087403341343106,selected,6.0,0.0,0.18407473752752887,0.026068058441394648,6.0
,,,,,,,,,,,,,,,,,,,,,6.0,0291,classic_1000_best,6,4.592025891662415,0.08990382108325015,5.258680804808009,0.3125,0.75,0.44184010269673846,0.2985189481518773,1.9488213900307498,0.32473682713704144,0.7874979637962055,0.7790799486516309,6.0,2.1771761844996096,0.9784765915235037,1.0966763275755822,0.8,0.9806415773276506,5.757306431107311,0.9769378190305612,0.24255596239045096,,,,,provisional,0.0,0.0,,,,,,,,,,,,,,,,0.19650662916181438,0.3098633047519063,candidate,6.0,0.0,0.18471116030647095,0.020940922546596775,6.0
,,,,,,,,,,,,,,,,,,,,,6.0,0291,classic_1000_best,6,4.592025891662415,0.08990382108325015,5.258680804808009,0.3125,0.75,0.44184010269673846,0.2985189481518773,1.9488213900307498,0.32473682713704144,0.7874979637962055,0.7790799486516309,6.0,2.1771761844996096,0.9784765915235037,1.0966763275755822,0.8,0.9806415773276506,5.757306431107311,0.9769378190305612,0.24255596239045096,,,,,provisional,0.0,0.0,,,,,,,,,,,,,,,,0.19650662916181438,0.3098633047519063,selected,6.0,0.0,0.18471116030647095,0.020940922546596775,6.0
,,,,,,,,,,,,,,,,,,,,,6.0,0291,classic_1000_best,6,4.591317230099132,0.089776656604496,5.258244295589571,0.3125,0.75,0.4416826239444916,0.29836723663722253,1.9474623744674429,0.3243936490327986,0.7877543203716071,0.7791586880277541,6.0,2.1922511008389858,0.9771335319314777,1.1025499188730343,0.8,0.979345395622134,5.752116416829721,0.9764265438100433,0.24407408495065108,,,,,final,0.0,0.0,,,,,,,,,,,,,,,,0.19638368845850257,0.31002927434704075,candidate,6.0,0.0,0.1846132556219986,0.021923084831704995,6.0
,,,,,,,,,,,,,,,0.0010605783526058596,0.004874774236164922,0.022558973326754647,0.0010481820140148842,0.0051667382827425105,0.02191231726141526,6.0,0291,classic_1000_best,6,4.591317230099132,0.089776656604496,5.258244295589571,0.3125,0.75,0.4416826239444916,0.29836723663722253,1.9474623744674429,0.3243936490327986,0.7877543203716071,0.7791586880277541,6.0,2.1922511008389858,0.9771335319314777,1.1025499188730343,0.8,0.979345395622134,5.752116416829721,0.9764265438100433,0.24407408495065108,0.11660610139369965,0.5022301349780273,1.6151013659401892,1.8761077628562441,final,0.0,0.0,0.0001084047785472844,0.0013390655076966488,0.0035033483086421616,3.814362482098013,0.43041247931362453,3.7064744213267833,0.7582172348348292,0.7763377289553561,0.2265625,0.04163642993413445,0.1567930990966423,0.5434859035523155,3.924629792057591,0.7582172348348292,0.46266249418392086,0.19638368845850257,0.31002927434704075,selected,6.0,0.0,0.1846132556219986,0.021923084831704995,6.0
,,,,,,,,,,,,,,,,,,,,,6.0,0292,classic_1000_best,6,4.595146671724382,0.09346882572221032,5.281653914635265,0.3072916666666667,0.7556818181818182,0.4447273293177551,0.2980459126041133,1.9738108305687956,0.33181693310983773,0.7812122364734441,0.7776363353411224,6.0,2.43231869474196,0.9642987321974054,1.143491631776172,0.8,0.9699654839174452,5.830438916563589,0.9839793267639242,0.21676430353765194,,,,,base,0.0,0.0,,,,,,,,,,,,,,,,0.19913110760063102,0.30420009972498496,candidate,6.0,0.0,0.11377955773092706,0.016692039832569262,6.0
,,,,,,,,,,,,,,,,,,,,,6.0,0292,classic_1000_best,6,4.595146671724382,0.09346882572221032,5.281653914635265,0.3072916666666667,0.7556818181818182,0.4447273293177551,0.2980459126041133,1.9738108305687956,0.33181693310983773,0.7812122364734441,0.7776363353411224,6.0,2.43231869474196,0.9642987321974054,1.143491631776172,0.8,0.9699654839174452,5.830438916563589,0.9839793267639242,0.21676430353765194,,,,,base,0.0,0.0,,,,,,,,,,,,,,,,0.19913110760063102,0.30420009972498496,selected,6.0,0.0,0.11377955773092706,0.016692039832569262,6.0
,,,,,,,,,,,,,,,,,,,,,6.0,0292,classic_1000_best,6,4.595673417786639,0.09334511450758794,5.283519600088506,0.3072916666666667,0.7528409090909091,0.44491708660713786,0.2977915396810501,1.9722434836649108,0.331365498516426,0.7813257507693159,0.7775414566964312,6.0,2.0453007060810093,0.9373434288715051,1.2222843316217502,0.8,0.9482841557609321,5.764579892300915,0.9776360158474573,0.22433254326112576,,,,,provisional,0.0,0.0,,,,,,,,,,,,,,,,0.1991146236481751,0.3042265800138442,candidate,6.0,0.0,0.11340232857032458,0.022079060717027775,6.0
,,,,,,,,,,,,,,,,,,,,,6.0,0292,classic_1000_best,6,4.595673417786639,0.09334511450758794,5.283519600088506,0.3072916666666667,0.7528409090909091,0.44491708660713786,0.2977915396810501,1.9722434836649108,0.331365498516426,0.7813257507693159,0.7775414566964312,6.0,2.0453007060810093,0.9373434288715051,1.2222843316217502,0.8,0.9482841557609321,5.764579892300915,0.9776360158474573,0.22433254326112576,,,,,provisional,0.0,0.0,,,,,,,,,,,,,,,,0.1991146236481751,0.3042265800138442,selected,6.0,0.0,0.11340232857032458,0.022079060717027775,6.0
,,,,,,,,,,,,,,,,,,,,,6.0,0292,classic_1000_best,6,4.595760187646705,0.0933179626579514,5.28367445416252,0.3072916666666667,0.7528409090909091,0.4449059289500797,0.297761209276239,1.9719869521604032,0.3313027419342306,0.7813679707295108,0.7775470355249602,6.0,2.0632270594169726,0.936491232041016,1.2248665352200783,0.6,0.9476929618714365,5.760633804867682,0.977255807144445,0.2259125392861286,,,,,final,0.0,0.0,,,,,,,,,,,,,,,,0.19910445866028717,0.30425137733505486,candidate,6.0,0.0,0.11336934316457493,0.022383469101669592,6.0
,,,,,,,,,,,,,,,0.001360659300074562,0.0020164067421317732,0.025802531130425455,0.0013880102701543824,0.002094153075692933,0.026325772271116165,6.0,0292,classic_1000_best,6,4.595760187646705,0.0933179626579514,5.28367445416252,0.3072916666666667,0.7528409090909091,0.4449059289500797,0.297761209276239,1.9719869521604032,0.3313027419342306,0.7813679707295108,0.7775470355249602,6.0,2.0632270594169726,0.936491232041016,1.2248665352200783,0.6,0.9476929618714365,5.760633804867682,0.977255807144445,0.2259125392861286,0.09560171514749527,0.4134922220444791,1.6126804017392529,2.9469976403624782,final,0.0,0.0,2.5088017458901554e-05,0.0003009504097091504,0.0023481667524322208,3.9381025864306975,0.4119218840696269,3.8568827684409235,0.7473796104475094,0.798132522627653,0.2218017578125,0.04193144107013517,0.16185425255805094,0.5273603552261613,3.8469861132702996,0.7473796104475094,0.47205932176808296,0.19910445866028717,0.30425137733505486,selected,6.0,0.0,0.11336934316457493,0.022383469101669592,6.0
,,,,,,,,,,,,,,,,,,,,,6.0,0653,classic_1000_best,6,4.638745493950802,0.09331764526210505,5.353507475770211,0.3020833333333333,0.75,0.4438634567154546,0.2923424566854679,1.9757734616614238,0.33244343351671773,0.7810629255791394,0.7780682716422728,6.0,1.7792875092956693,0.9621394396871611,1.1659414192619726,0.6,0.961866076206045,5.733916553022542,0.9746584010547561,0.2462109232867718,,,,,base,0.0,0.0,,,,,,,,,,,,,,,,0.19683372093310908,0.30572161780232165,candidate,6.0,0.0,0.18819582579484428,0.03228605665016481,6.0
,,,,,,,,,,,,,,,,,,,,,6.0,0653,classic_1000_best,6,4.638745493950802,0.09331764526210505,5.353507475770211,0.3020833333333333,0.75,0.4438634567154546,0.2923424566854679,1.9757734616614238,0.33244343351671773,0.7810629255791394,0.7780682716422728,6.0,1.7792875092956693,0.9621394396871611,1.1659414192619726,0.6,0.961866076206045,5.733916553022542,0.9746584010547561,0.2462109232867718,,,,,base,0.0,0.0,,,,,,,,,,,,,,,,0.19683372093310908,0.30572161780232165,selected,6.0,0.0,0.18819582579484428,0.03228605665016481,6.0
,,,,,,,,,,,,,,,,,,,,,6.0,0653,classic_1000_best,6,4.641866753136962,0.09343082081430003,5.3566898789691875,0.3020833333333333,0.75,0.4442864487875342,0.2926627143075016,1.9776855652870988,0.33298489654589547,0.7803599019650623,0.7778567756062329,6.0,1.8202088218224313,0.9607519141822123,1.1762318687452478,0.4,0.9592415024876818,5.6966796642209445,0.9709715465132176,0.25393595206279357,,,,,provisional,0.0,0.0,,,,,,,,,,,,,,,,0.1969860311793865,0.3055340479332198,candidate,6.0,0.0,0.18911731262628673,0.027958600122275103,6.0
,,,,,,,,,,,,,,,,,,,,,6.0,0653,classic_1000_best,6,4.641866753136962,0.09343082081430003,5.3566898789691875,0.3020833333333333,0.75,0.4442864487875342,0.2926627143075016,1.9776855652870988,0.33298489654589547,0.7803599019650623,0.7778567756062329,6.0,1.8202088218224313,0.9607519141822123,1.1762318687452478,0.4,0.9592415024876818,5.6966796642209445,0.9709715465132176,0.25393595206279357,,,,,provisional,0.0,0.0,,,,,,,,,,,,,,,,0.1969860311793865,0.3055340479332198,selected,6.0,0.0,0.18911731262628673,0.027958600122275103,6.0
,,,,,,,,,,,,,,,,,,,,,6.0,0653,classic_1000_best,6,4.641882975927522,0.09344157070670714,5.356712025840509,0.3020833333333333,0.75,0.44428108794868115,0.2926728992154275,1.9778199668514418,0.3330044297570656,0.7803369286445486,0.7778594560256594,6.0,1.794629862341531,0.961340523105553,1.173937149802803,0.4,0.9597380722706793,5.696677516297479,0.9709749463820557,0.25383033450572634,,,,,final,0.0,0.0,,,,,,,,,,,,,,,,0.19697817799990835,0.305532617605958,candidate,6.0,0.0,0.18909480984175372,0.02773557952549691,6.0
,,,,,,,,,,,,,,,0.0010998019410637591,0.006567690008041072,0.022122872229623447,0.0010977100429620296,0.006440239249952448,0.021625706144148393,6.0,0653,classic_1000_best,6,4.641882975927522,0.09344157070670714,5.356712025840509,0.3020833333333333,0.75,0.44428108794868115,0.2926728992154275,1.9778199668514418,0.3330044297570656,0.7803369286445486,0.7778594560256594,6.0,1.794629862341531,0.961340523105553,1.173937149802803,0.4,0.9597380722706793,5.696677516297479,0.9709749463820557,0.25383033450572634,0.12370588630437851,0.46522260588121617,1.722369650105754,2.374659492726921,final,0.0,0.0,3.8231566437821114e-05,0.0004383074173323301,0.0016850764087952216,3.89197162390644,0.4241950358947632,3.7711106157781344,0.7557509843543515,0.7811560945061733,0.2218017578125,0.04157336908382295,0.15839071033019497,0.5381495212236875,3.904687556963193,0.7557509843543515,0.4661360696509025,0.19697817799990835,0.305532617605958,selected,6.0,0.0,0.18909480984175372,0.02773557952549691,6.0
,,,,,,,,,,,,,,,,,,,,,6.0,0273,classic_1000_latest,6,4.211254515829686,0.0737839894248494,4.763040924489982,0.3177083333333333,0.7755681818181818,0.41102070846703587,0.3273104835942453,1.7579592474637078,0.27756239410182726,0.8081249077366985,0.7944896457664822,6.0,1.2987149688211537,0.931213339346273,1.2255769188605532,0.6666666666666666,0.9288402221449771,5.746812857233407,0.9759192426912745,0.23675268296966376,,,,,base,0.0,0.0,,,,,,,,,,,,,,,,0.18941871933536242,0.33558655845352275,candidate,6.0,0.0,0.09661913350203605,0.027178795976702176,6.0
,,,,,,,,,,,,,,,,,,,,,6.0,0273,classic_1000_latest,6,4.211254515829686,0.0737839894248494,4.763040924489982,0.3177083333333333,0.7755681818181818,0.41102070846703587,0.3273104835942453,1.7579592474637078,0.27756239410182726,0.8081249077366985,0.7944896457664822,6.0,1.2987149688211537,0.931213339346273,1.2255769188605532,0.6666666666666666,0.9288402221449771,5.746812857233407,0.9759192426912745,0.23675268296966376,,,,,base,0.0,0.0,,,,,,,,,,,,,,,,0.18941871933536242,0.33558655845352275,selected,6.0,0.0,0.09661913350203605,0.027178795976702176,6.0
,,,,,,,,,,,,,,,,,,,,,6.0,0273,classic_1000_latest,6,4.20810509264085,0.07375159061621049,4.760740221424255,0.3177083333333333,0.7755681818181818,0.410824297503344,0.3273091610077991,1.757416775407136,0.2773398807708145,0.8083550881822261,0.7945878512483279,6.0,1.3308633715104805,0.937759565908498,1.2054696204925655,0.6666666666666666,0.9364725156021908,5.7479298670289,0.9760335186254908,0.23918859569306275,,,,,provisional,0.0,0.0,,,,,,,,,,,,,,,,0.1894098364292664,0.3356460785124608,candidate,6.0,0.0,0.0966431080994688,0.026806877760024026,6.0
,,,,,,,,,,,,,,,,,,,,,6.0,0273,classic_1000_latest,6,4.20810509264085,0.07375159061621049,4.760740221424255,0.3177083333333333,0.7755681818181818,0.410824297503344,0.3273091610077991,1.757416775407136,0.2773398807708145,0.8083550881822261,0.7945878512483279,6.0,1.3308633715104805,0.937759565908498,1.2054696204925655,0.6666666666666666,0.9364725156021908,5.7479298670289,0.9760335186254908,0.23918859569306275,,,,,provisional,0.0,0.0,,,,,,,,,,,,,,,,0.1894098364292664,0.3356460785124608,selected,6.0,0.0,0.0966431080994688,0.026806877760024026,6.0
,,,,,,,,,,,,,,,,,,,,,6.0,0273,classic_1000_latest,6,4.208016300943057,0.07377232840454771,4.760631108635703,0.3177083333333333,0.7755681818181818,0.41082975293331647,0.327348221251467,1.7576217734878483,0.27739657174038346,0.8082974241084004,0.7945851235333418,6.0,1.3073288502320213,0.9391569329354392,1.2015789031706483,0.6666666666666666,0.9376591209756494,5.755268762867201,0.9767431195162853,0.23790341521557443,,,,,final,0.0,0.0,,,,,,,,,,,,,,,,0.1894308087916101,0.33562218240611325,candidate,6.0,0.0,0.09666081646987844,0.026577640529031134,6.0
,,,,,,,,,,,,,,,0.0007148990114557637,0.0032300175972376707,0.012925745869515759,0.0006747484965478719,0.0031413978593051064,0.012561214711083964,6.0,0273,classic_1000_latest,6,4.208016300943057,0.07377232840454771,4.760631108635703,0.3177083333333333,0.7755681818181818,0.41082975293331647,0.327348221251467,1.7576217734878483,0.27739657174038346,0.8082974241084004,0.7945851235333418,6.0,1.3073288502320213,0.9391569329354392,1.2015789031706483,0.6666666666666666,0.9376591209756494,5.755268762867201,0.9767431195162853,0.23790341521557443,0.07219171524047852,0.43026674486393196,1.967973623960065,2.5397311996496463,final,0.0,0.0,2.0183406709463728e-05,0.00023779143723946965,0.001364545266679872,3.937742838473982,0.3770789755014424,4.010780665433807,0.7122729854433232,0.851403584635841,0.2259521484375,0.04462160830099995,0.1717486585638599,0.49767404090692086,3.6146916598264984,0.7122729854433232,0.4913395370219631,0.1894308087916101,0.33562218240611325,selected,6.0,0.0,0.09666081646987844,0.026577640529031134,6.0
,,,,,,,,,,,,,,,,,,,,,6.0,0274,classic_1000_latest,6,4.2370509223995105,0.07246218941153809,4.806471329718771,0.3385416666666667,0.7784090909090909,0.4115552580803961,0.3251711430006592,1.7476027863620283,0.27428354397518456,0.8083206657189398,0.7942223709598021,6.0,1.2537080890535355,0.933219361574885,1.22428088066059,0.6666666666666666,0.9285075456011693,5.784683992060521,0.9795879357649575,0.22138483952615748,,,,,base,0.0,0.0,,,,,,,,,,,,,,,,0.1894468201212696,0.3390305530903359,candidate,6.0,0.0,0.1872694826665407,0.042034856407791005,6.0
,,,,,,,,,,,,,,,,,,,,,6.0,0274,classic_1000_latest,6,4.2370509223995105,0.07246218941153809,4.806471329718771,0.3385416666666667,0.7784090909090909,0.4115552580803961,0.3251711430006592,1.7476027863620283,0.27428354397518456,0.8083206657189398,0.7942223709598021,6.0,1.2537080890535355,0.933219361574885,1.22428088066059,0.6666666666666666,0.9285075456011693,5.784683992060521,0.9795879357649575,0.22138483952615748,,,,,base,0.0,0.0,,,,,,,,,,,,,,,,0.1894468201212696,0.3390305530903359,selected,6.0,0.0,0.1872694826665407,0.042034856407791005,6.0
,,,,,,,,,,,,,,,,,,,,,6.0,0274,classic_1000_latest,6,4.240483880652608,0.07252313293389658,4.808249573118524,0.3385416666666667,0.78125,0.41245246568564065,0.32537360432504975,1.7488273863899162,0.27470134436901894,0.8080252415867898,0.7937737671571796,6.0,1.1709215877979433,0.9270965304294371,1.2388426693824064,0.6666666666666666,0.9218049589038464,5.7663910144691455,0.9777938982344621,0.21984132381280863,,,,,provisional,0.0,0.0,,,,,,,,,,,,,,,,0.18961207297497157,0.3388669806351223,candidate,6.0,0.0,0.18743789653510726,0.04174389484969426,6.0
,,,,,,,,,,,,,,,,,,,,,6.0,0274,classic_1000_latest,6,4.240483880652608,0.07252313293389658,4.808249573118524,0.3385416666666667,0.78125,0.41245246568564065,0.32537360432504975,1.7488273863899162,0.27470134436901894,0.8080252415867898,0.7937737671571796,6.0,1.1709215877979433,0.9270965304294371,1.2388426693824064,0.6666666666666666,0.9218049589038464,5.7663910144691455,0.9777938982344621,0.21984132381280863,,,,,provisional,0.0,0.0,,,,,,,,,,,,,,,,0.18961207297497157,0.3388669806351223,selected,6.0,0.0,0.18743789653510726,0.04174389484969426,6.0
,,,,,,,,,,,,,,,,,,,,,6.0,0274,classic_1000_latest,6,4.240342353220438,0.0725182743505736,4.8083352202938965,0.3385416666666667,0.78125,0.4124463842425292,0.32534878441731657,1.7487494133878234,0.2746673216494617,0.8080439876601465,0.7937768078787354,6.0,1.163443177582831,0.9265271528550492,1.2413736586534443,0.6666666666666666,0.9207006525358489,5.766659146607282,0.9778153745300179,0.21939392529968194,,,,,final,0.0,0.0,,,,,,,,,,,,,,,,0.18961540928828802,0.33886207296364657,candidate,6.0,0.0,0.1874391591901403,0.04186736182323655,6.0
,,,,,,,,,,,,,,,0.00041448187967945983,0.003969794797368632,0.009921282827707156,0.0004092248655281898,0.0041143689525872,0.010024975395878334,6.0,0274,classic_1000_latest,6,4.240342353220438,0.0725182743505736,4.8083352202938965,0.3385416666666667,0.78125,0.4124463842425292,0.32534878441731657,1.7487494133878234,0.2746673216494617,0.8080439876601465,0.7937768078787354,6.0,1.163443177582831,0.9265271528550492,1.2413736586534443,0.6666666666666666,0.9207006525358489,5.766659146607282,0.9778153745300179,0.21939392529968194,0.052749812602996826,0.41372473403773075,2.1081460521627142,3.20891193889585,final,0.0,0.0,2.412843957048334e-05,0.0004389647925108436,0.0011557845666855932,3.9316082254700366,0.37392322246883525,4.029035270289099,0.7092176437946438,0.8569247672917972,0.2154541015625,0.04456435087131002,0.1728532066106693,0.4947904023997881,3.595847969494005,0.7092176437946438,0.4934645214152885,0.18961540928828802,0.33886207296364657,selected,6.0,0.0,0.1874391591901403,0.04186736182323655,6.0
,,,,,,,,,,,,,,,,,,,,,6.0,0275,classic_1000_latest,6,4.173782862785558,0.07321283762316098,4.726762343153961,0.3229166666666667,0.7755681818181818,0.40802550945640126,0.32808977105760095,1.747946349660394,0.27476533731614117,0.8102054769662135,0.7959872452717992,6.0,1.6557286057343483,0.9751797103036137,1.1025171524316784,0.6666666666666666,0.9732958272195936,5.7524024631377655,0.9764429963423358,0.22788124801951404,,,,,base,0.0,0.0,,,,,,,,,,,,,,,,0.18989907226572827,0.33626917928783323,candidate,6.0,0.0,0.16041361234287496,0.02295524515239512,6.0
,,,,,,,,,,,,,,,,,,,,,6.0,0275,classic_1000_latest,6,4.173782862785558,0.07321283762316098,4.726762343153961,0.3229166666666667,0.7755681818181818,0.40802550945640126,0.32808977105760095,1.747946349660394,0.27476533731614117,0.8102054769662135,0.7959872452717992,6.0,1.6557286057343483,0.9751797103036137,1.1025171524316784,0.6666666666666666,0.9732958272195936,5.7524024631377655,0.9764429963423358,0.22788124801951404,,,,,base,0.0,0.0,,,,,,,,,,,,,,,,0.18989907226572827,0.33626917928783323,selected,6.0,0.0,0.16041361234287496,0.02295524515239512,6.0
,,,,,,,,,,,,,,,,,,,,,6.0,0275,classic_1000_latest,6,4.181601544333521,0.07342504159022975,4.732339727617273,0.3229166666666667,0.7755681818181818,0.40878200612913657,0.32844341456795545,1.7514744269236477,0.27581141908140255,0.8094596740795666,0.7956089969354316,6.0,1.347443921416755,0.9839732770921193,1.0633744996451153,1.0,0.9840102829766616,5.733606047759903,0.974611088951425,0.23779549047131252,,,,,provisional,0.0,0.0,,,,,,,,,,,,,,,,0.18994189050659702,0.3361352450958726,candidate,6.0,0.0,0.16118113913503906,0.019181886192674635,6.0
,,,,,,,,,,,,,,,,,,,,,6.0,0275,classic_1000_latest,6,4.181601544333521,0.07342504159022975,4.732339727617273,0.3229166666666667,0.7755681818181818,0.40878200612913657,0.32844341456795545,1.7514744269236477,0.27581141908140255,0.8094596740795666,0.7956089969354316,6.0,1.347443921416755,0.9839732770921193,1.0633744996451153,1.0,0.9840102829766616,5.733606047759903,0.974611088951425,0.23779549047131252,,,,,provisional,0.0,0.0,,,,,,,,,,,,,,,,0.18994189050659702,0.3361352450958726,selected,6.0,0.0,0.16118113913503906,0.019181886192674635,6.0
,,,,,,,,,,,,,,,,,,,,,6.0,0275,classic_1000_latest,6,4.181522062438844,0.07343854295182546,4.732104390961356,0.3229166666666667,0.7755681818181818,0.40879106009126703,0.32849773980443936,1.7516077032490116,0.2758606436049222,0.8094102241391568,0.7956044699543664,6.0,1.333862797009688,0.9834348168348236,1.064539142331859,1.0,0.9836267307498061,5.734951115065271,0.9747412304218775,0.23734911241750903,,,,,final,0.0,0.0,,,,,,,,,,,,,,,,0.18998424867924277,0.33611351126147604,candidate,6.0,0.0,0.16110353551722206,0.019621812889502127,6.0
,,,,,,,,,,,,,,,0.0006715076930953637,0.004514225486047268,0.013653309539361136,0.0007360153868975548,0.004556724070215495,0.01381974702709512,6.0,0275,classic_1000_latest,6,4.181522062438844,0.07343854295182546,4.732104390961356,0.3229166666666667,0.7755681818181818,0.40879106009126703,0.32849773980443936,1.7516077032490116,0.2758606436049222,0.8094102241391568,0.7956044699543664,6.0,1.333862797009688,0.9834348168348236,1.064539142331859,1.0,0.9836267307498061,5.734951115065271,0.9747412304218775,0.23734911241750903,0.07781587541103363,0.561775565272562,1.6448694947661522,2.056546173794949,final,0.0,0.0,3.265089369189695e-05,0.0004977618534392545,0.0010318854037355146,3.927826009850595,0.3765284444329122,4.0000119541189445,0.710352229940927,0.8514640693050107,0.2275390625,0.04455161235448267,0.17194854091262632,0.49794947950507007,3.6037905438265394,0.710352229940927,0.49392884004355053,0.18998424867924277,0.33611351126147604,selected,6.0,0.0,0.16110353551722206,0.019621812889502127,6.0
,,,,,,,,,,,,,,,,,,,,,6.0,0276,classic_1000_latest,6,4.1736555589037225,0.07080811750433477,4.737141551461767,0.3385416666666667,0.7784090909090909,0.40806406480198676,0.32896818987980225,1.7292027931075917,0.26912622023897287,0.8108452121337063,0.7959679675990067,6.0,1.1881220340906162,0.9749235671483962,1.1069705875948324,0.6666666666666666,0.9696631188820907,5.818895461138589,0.9828881971393761,0.23989448555765627,,,,,base,0.0,0.0,,,,,,,,,,,,,,,,0.18880653265675892,0.34214679665833364,candidate,6.0,0.0,0.16699214683076785,0.029179228666719927,6.0
,,,,,,,,,,,,,,,,,,,,,6.0,0276,classic_1000_latest,6,4.1736555589037225,0.07080811750433477,4.737141551461767,0.3385416666666667,0.7784090909090909,0.40806406480198676,0.32896818987980225,1.7292027931075917,0.26912622023897287,0.8108452121337063,0.7959679675990067,6.0,1.1881220340906162,0.9749235671483962,1.1069705875948324,0.6666666666666666,0.9696631188820907,5.818895461138589,0.9828881971393761,0.23989448555765627,,,,,base,0.0,0.0,,,,,,,,,,,,,,,,0.18880653265675892,0.34214679665833364,selected,6.0,0.0,0.16699214683076785,0.029179228666719927,6.0
,,,,,,,,,,,,,,,,,,,,,6.0,0276,classic_1000_latest,6,4.187456395746255,0.07085155343487948,4.74926504450466,0.3385416666666667,0.7784090909090909,0.4090252854369647,0.32919304185956033,1.733132595565509,0.2702544948594107,0.8097790643289339,0.7954873572815176,6.0,1.2889878069718435,0.9703624511672732,1.111124514011418,0.6666666666666666,0.9690684059768132,5.766683307989196,0.9778581285436918,0.24617702838808272,,,,,provisional,0.0,0.0,,,,,,,,,,,,,,,,0.18868831940907835,0.34220764524613795,candidate,6.0,0.0,0.16655263746742244,0.03324396683593866,6.0
,,,,,,,,,,,,,,,,,,,,,6.0,0276,classic_1000_latest,6,4.187456395746255,0.07085155343487948,4.74926504450466,0.3385416666666667,0.7784090909090909,0.4090252854369647,0.32919304185956033,1.733132595565509,0.2702544948594107,0.8097790643289339,0.7954873572815176,6.0,1.2889878069718435,0.9703624511672732,1.111124514011418,0.6666666666666666,0.9690684059768132,5.766683307989196,0.9778581285436918,0.24617702838808272,,,,,provisional,0.0,0.0,,,,,,,,,,,,,,,,0.18868831940907835,0.34220764524613795,selected,6.0,0.0,0.16655263746742244,0.03324396683593866,6.0
,,,,,,,,,,,,,,,,,,,,,6.0,0276,classic_1000_latest,6,4.187749042179912,0.07087192888591366,4.749389386420396,0.3385416666666667,0.7784090909090909,0.4090731006564978,0.3292307245496691,1.7333916172350088,0.2703282108705652,0.8097154015686021,0.795463449671751,6.0,1.2752626447483202,0.9711959206383031,1.1086835661163688,0.6666666666666666,0.9697717495386692,5.7693782886805645,0.9781200740679988,0.2458806966331694,,,,,final,0.0,0.0,,,,,,,,,,,,,,,,0.1887108659805306,0.34218839824209013,candidate,6.0,0.0,0.1666294312322165,0.03265392689009955,6.0
,,,,,,,,,,,,,,,0.0012455522146032271,0.008657083988122887,0.01662856215464625,0.0012862180331116681,0.008419233933861852,0.016869353766232307,6.0,0276,classic_1000_latest,6,4.187749042179912,0.07087192888591366,4.749389386420396,0.3385416666666667,0.7784090909090909,0.4090731006564978,0.3292307245496691,1.7333916172350088,0.2703282108705652,0.8097154015686021,0.795463449671751,6.0,1.2752626447483202,0.9711959206383031,1.1086835661163688,0.6666666666666666,0.9697717495386692,5.7693782886805645,0.9781200740679988,0.2458806966331694,0.07706908881664276,0.4536942745962422,2.1168181493407956,2.1960463979520934,final,0.0,0.0,2.436913216378599e-05,0.00035825387270996056,0.0009776439452667644,3.9227158390425396,0.3762299205139596,4.0131933997013585,0.7112972902314444,0.8543966458651951,0.2138671875,0.04480788475216059,0.1721277307692004,0.4965574163932569,3.609834070026435,0.7112972902314444,0.49156000487678086,0.1887108659805306,0.34218839824209013,selected,6.0,0.0,0.1666294312322165,0.03265392689009955,6.0
,,,,,,,,,,,,,,,,,,,,,6.0,0277,classic_1000_latest,6,4.21048176827149,0.07043235602169098,4.771774628883689,0.3489583333333333,0.7840909090909091,0.40943319107586296,0.3275116610946794,1.730084233531266,0.26913694991615605,0.8110452866887744,0.7952834044620686,6.0,1.7946808984393594,0.9470700124832596,1.1979591914420635,0.3333333333333333,0.9442322991382358,5.826848386598155,0.9836353578023385,0.21318092914205247,,,,,base,0.0,0.0,,,,,,,,,,,,,,,,0.18819756243888042,0.34269085773835084,candidate,6.0,0.0,0.19702934272931708,0.04936554417059253,6.0
,,,,,,,,,,,,,,,,,,,,,6.0,0277,classic_1000_latest,6,4.21048176827149,0.07043235602169098,4.771774628883689,0.3489583333333333,0.7840909090909091,0.40943319107586296,0.3275116610946794,1.730084233531266,0.26913694991615605,0.8110452866887744,0.7952834044620686,6.0,1.7946808984393594,0.9470700124832596,1.1979591914420635,0.3333333333333333,0.9442322991382358,5.826848386598155,0.9836353578023385,0.21318092914205247,,,,,base,0.0,0.0,,,,,,,,,,,,,,,,0.18819756243888042,0.34269085773835084,selected,6.0,0.0,0.19702934272931708,0.04936554417059253,6.0
,,,,,,,,,,,,,,,,,,,,,6.0,0277,classic_1000_latest,6,4.210465640247637,0.07053435409228695,4.772811009951515,0.3489583333333333,0.7840909090909091,0.40984250449124765,0.3273708642985626,1.7307669040944031,0.26932318553766965,0.8109906273626716,0.795078747754376,6.0,1.5649072874542953,0.9378390645581546,1.2127406829504177,0.3333333333333333,0.9369065182338913,5.790274304592612,0.980132596548146,0.21704413112205992,,,,,provisional,0.0,0.0,,,,,,,,,,,,,,,,0.18850425592135372,0.3421890654167726,candidate,6.0,0.0,0.19597211806032433,0.058103388664418526,6.0
,,,,,,,,,,,,,,,,,,,,,6.0,0277,classic_1000_latest,6,4.210465640247637,0.07053435409228695,4.772811009951515,0.3489583333333333,0.7840909090909091,0.40984250449124765,0.3273708642985626,1.7307669040944031,0.26932318553766965,0.8109906273626716,0.795078747754376,6.0,1.5649072874542953,0.9378390645581546,1.2127406829504177,0.3333333333333333,0.9369065182338913,5.790274304592612,0.980132596548146,0.21704413112205992,,,,,provisional,0.0,0.0,,,,,,,,,,,,,,,,0.18850425592135372,0.3421890654167726,selected,6.0,0.0,0.19597211806032433,0.058103388664418526,6.0
,,,,,,,,,,,,,,,,,,,,,6.0,0277,classic_1000_latest,6,4.210366618076625,0.07053660603904091,4.772595674755424,0.3489583333333333,0.7840909090909091,0.40985768221715274,0.3273758055048552,1.7307358086211668,0.2693160444988921,0.8110045411401209,0.7950711588914235,6.0,1.5598644570104894,0.9374750416068323,1.214228831749148,0.3333333333333333,0.9363431805100014,5.789042473850164,0.9800137503573324,0.2174096726813938,,,,,final,0.0,0.0,,,,,,,,,,,,,,,,0.18851390350746883,0.34217691751225837,candidate,6.0,0.0,0.19592377815515147,0.05832510399697325,6.0
,,,,,,,,,,,,,,,0.0010406913907538633,0.00421504029135723,0.014301966186409878,0.0010033344794964365,0.004066806468775935,0.014390498377871264,6.0,0277,classic_1000_latest,6,4.210366618076625,0.07053660603904091,4.772595674755424,0.3489583333333333,0.7840909090909091,0.40985768221715274,0.3273758055048552,1.7307358086211668,0.2693160444988921,0.8110045411401209,0.7950711588914235,6.0,1.5598644570104894,0.9374750416068323,1.214228831749148,0.3333333333333333,0.9363431805100014,5.789042473850164,0.9800137503573324,0.2174096726813938,0.06831561774015427,0.43542936101105684,2.1602554229740534,2.559850995361447,final,0.0,0.0,9.754205935215326e-06,0.00021472503308521914,0.0007139549205563573,3.9618450571373343,0.37445969631532183,4.042870748045272,0.70968110143426,0.854692993498704,0.2137451171875,0.04465945739210436,0.17284930214625294,0.49499362509484635,3.6006620551920183,0.70968110143426,0.49541629230167894,0.18851390350746883,0.34217691751225837,selected,6.0,0.0,0.19592377815515147,0.05832510399697325,6.0
,,,,,,,,,,,,,,,,,,,,,6.0,0278,classic_1000_latest,6,4.136768366432355,0.07356762030946365,4.666558509820518,0.3229166666666667,0.78125,0.401579446572179,0.3318482065448079,1.7518006668365569,0.2759490971645872,0.8106411033318984,0.7992102767139105,6.0,1.9308470952896621,0.97805636383574,1.1170799926014514,0.6666666666666666,0.9701227932335112,5.738692615582145,0.9751388463471442,0.24156860434671382,,,,,base,0.0,0.0,,,,,,,,,,,,,,,,0.18625221074798934,0.3358807769614014,candidate,6.0,0.0,0.21871292519087346,0.02436013025288692,6.0
,,,,,,,,,,,,,,,,,,,,,6.0,0278,classic_1000_latest,6,4.136768366432355,0.07356762030946365,4.666558509820518,0.3229166666666667,0.78125,0.401579446572179,0.3318482065448079,1.7518006668365569,0.2759490971645872,0.8106411033318984,0.7992102767139105,6.0,1.9308470952896621,0.97805636383574,1.1170799926014514,0.6666666666666666,0.9701227932335112,5.738692615582145,0.9751388463471442,0.24156860434671382,,,,,base,0.0,0.0,,,,,,,,,,,,,,,,0.18625221074798934,0.3358807769614014,selected,6.0,0.0,0.21871292519087346,0.02436013025288692,6.0
,,,,,,,,,,,,,,,,,,,,,6.0,0278,classic_1000_latest,6,4.126162412966938,0.07332292236168905,4.659551601979085,0.3229166666666667,0.7840909090909091,0.4004210730604585,0.331500742019125,1.7479518480009049,0.2747635453745185,0.8114355121151111,0.7997894634697708,6.0,1.8669589981659709,0.9776587987162382,1.1209546903136187,0.6666666666666666,0.9687804191987383,5.728534225769001,0.974156452812161,0.24240149295243218,,,,,provisional,0.0,0.0,,,,,,,,,,,,,,,,0.18609662317214715,0.3360583481284056,candidate,6.0,0.0,0.2188200386139201,0.02708715340343316,6.0
,,,,,,,,,,,,,,,,,,,,,6.0,0278,classic_1000_latest,6,4.126162412966938,0.07332292236168905,4.659551601979085,0.3229166666666667,0.7840909090909091,0.4004210730604585,0.331500742019125,1.7479518480009049,0.2747635453745185,0.8114355121151111,0.7997894634697708,6.0,1.8669589981659709,0.9776587987162382,1.1209546903136187,0.6666666666666666,0.9687804191987383,5.728534225769001,0.974156452812161,0.24240149295243218,,,,,provisional,0.0,0.0,,,,,,,,,,,,,,,,0.18609662317214715,0.3360583481284056,selected,6.0,0.0,0.2188200386139201,0.02708715340343316,6.0
,,,,,,,,,,,,,,,,,,,,,6.0,0278,classic_1000_latest,6,4.125640632468655,0.07325616913423809,4.659317735264671,0.3229166666666667,0.7840909090909091,0.400289886827267,0.3314238838016017,1.7473270279607858,0.2745798038414335,0.8115929661327353,0.7998550565863666,6.0,1.9124475991754926,0.9774570426447577,1.1217889000478753,0.6666666666666666,0.9686874450176477,5.734311502962445,0.974717712442641,0.241286402382184,,,,,final,0.0,0.0,,,,,,,,,,,,,,,,0.1860336276825265,0.33613684743761335,candidate,6.0,0.0,0.21868688507097084,0.02755599216073582,6.0
,,,,,,,,,,,,,,,0.0009519431998279291,0.0067972628029244545,0.010980324050883889,0.0009419956434627932,0.006552627337017033,0.011461636033061579,6.0,0278,classic_1000_latest,6,4.125640632468655,0.07325616913423809,4.659317735264671,0.3229166666666667,0.7840909090909091,0.400289886827267,0.3314238838016017,1.7473270279607858,0.2745798038414335,0.8115929661327353,0.7998550565863666,6.0,1.9124475991754926,0.9774570426447577,1.1217889000478753,0.6666666666666666,0.9686874450176477,5.734311502962445,0.974717712442641,0.241286402382184,0.054337043315172195,0.5562759966393551,1.6641963628263838,2.3864576154171075,final,0.0,0.0,6.737136262257887e-05,0.0006544494270264812,0.0019307306685272911,3.8949219662581873,0.3738158785161743,4.001679616408477,0.7116518977196525,0.8581559957560532,0.206298828125,0.04598457420094492,0.17235284520443392,0.49659766217899043,3.6129931816360807,0.7116518977196525,0.4879816080406719,0.1860336276825265,0.33613684743761335,selected,6.0,0.0,0.21868688507097084,0.02755599216073582,6.0
,,,,,,,,,,,,,,,,,,,,,6.0,0279,classic_1000_latest,6,4.106740850558098,0.073108474943116,4.63870123475161,0.328125,0.7755681818181818,0.39999064936376283,0.3329089667656631,1.745873203625193,0.2742750828567414,0.8117411563767778,0.8000046753181185,6.0,1.966293751847499,0.9728437117532566,1.125877832085175,0.6666666666666666,0.9676121954129672,5.730969205287522,0.9743582673757828,0.23952790835282833,,,,,base,0.0,0.0,,,,,,,,,,,,,,,,0.18639885443324256,0.33553478674352566,candidate,6.0,0.0,0.15984420110911332,0.022481641674159055,6.0
,,,,,,,,,,,,,,,,,,,,,6.0,0279,classic_1000_latest,6,4.106740850558098,0.073108474943116,4.63870123475161,0.328125,0.7755681818181818,0.39999064936376283,0.3329089667656631,1.745873203625193,0.2742750828567414,0.8117411563767778,0.8000046753181185,6.0,1.966293751847499,0.9728437117532566,1.125877832085175,0.6666666666666666,0.9676121954129672,5.730969205287522,0.9743582673757828,0.23952790835282833,,,,,base,0.0,0.0,,,,,,,,,,,,,,,,0.18639885443324256,0.33553478674352566,selected,6.0,0.0,0.15984420110911332,0.022481641674159055,6.0
,,,,,,,,,,,,,,,,,,,,,6.0,0279,classic_1000_latest,6,4.099973423185641,0.07320509327401788,4.630866645927406,0.328125,0.7755681818181818,0.39985292795554633,0.33306270788146397,1.7448622132205316,0.2739870103077433,0.8120439261836384,0.8000735360222269,6.0,1.8852254306152592,0.9670887349357735,1.1408054088637485,0.6666666666666666,0.9625268971531353,5.714626941912958,0.972750089907492,0.24635085087256603,,,,,provisional,0.0,0.0,,,,,,,,,,,,,,,,0.18658804154145497,0.33532744467575154,candidate,6.0,0.0,0.1596818125013769,0.021714296664260144,6.0
,,,,,,,,,,,,,,,,,,,,,6.0,0279,classic_1000_latest,6,4.099973423185641,0.07320509327401788,4.630866645927406,0.328125,0.7755681818181818,0.39985292795554633,0.33306270788146397,1.7448622132205316,0.2739870103077433,0.8120439261836384,0.8000735360222269,6.0,1.8852254306152592,0.9670887349357735,1.1408054088637485,0.6666666666666666,0.9625268971531353,5.714626941912958,0.972750089907492,0.24635085087256603,,,,,provisional,0.0,0.0,,,,,,,,,,,,,,,,0.18658804154145497,0.33532744467575154,selected,6.0,0.0,0.1596818125013769,0.021714296664260144,6.0
,,,,,,,,,,,,,,,,,,,,,6.0,0279,classic_1000_latest,6,4.099914347608205,0.07321080803811023,4.630747291072969,0.328125,0.7755681818181818,0.3998526647855966,0.3330659405071762,1.7448595332139896,0.27399020337590396,0.812042623650309,0.8000736676072017,6.0,1.8853836160823256,0.9674241849295044,1.1404165339638723,0.6666666666666666,0.9626613551937275,5.724265315223185,0.9736932897701622,0.2444233444754161,,,,,final,0.0,0.0,,,,,,,,,,,,,,,,0.18658726928629665,0.3353295630405186,candidate,6.0,0.0,0.15971038507915142,0.02159357199882402,6.0
,,,,,,,,,,,,,,,0.0009239437559577143,0.0059270816109255236,0.012650682424644427,0.000912764532870515,0.005788986217070188,0.01249015835745626,6.0,0279,classic_1000_latest,6,4.099914347608205,0.07321080803811023,4.630747291072969,0.328125,0.7755681818181818,0.3998526647855966,0.3330659405071762,1.7448595332139896,0.27399020337590396,0.812042623650309,0.8000736676072017,6.0,1.8853836160823256,0.9674241849295044,1.1404165339638723,0.6666666666666666,0.9626613551937275,5.724265315223185,0.9736932897701622,0.2444233444754161,0.08087871223688126,0.45493235039341406,1.9181289825714376,2.246193653304155,final,0.0,0.0,1.729103145803916e-05,0.00023694997978776768,0.0018637283090524547,3.8535467868459095,0.3736811422043311,4.005620576679174,0.7089900930068578,0.862436515864922,0.2001953125,0.04558546247716317,0.17307854740871562,0.4933641342871651,3.594021598768748,0.7089900930068578,0.4905044179119258,0.18658726928629665,0.3353295630405186,selected,6.0,0.0,0.15971038507915142,0.02159357199882402,6.0
,,,,,,,,,,,,,,,,,,,,,6.0,0280,classic_1000_latest,6,4.141310369995285,0.07361269427292885,4.682734294307384,0.328125,0.7727272727272727,0.4028147157674905,0.3305332371018589,1.7515486738912192,0.2757655288795119,0.8097298238280466,0.7985926421162547,6.0,1.2326912935036825,0.9308380566857682,1.2396486740336468,0.3333333333333333,0.9216581783125705,5.730387176376446,0.9743198769979556,0.23122156083917345,,,,,base,0.0,0.0,,,,,,,,,,,,,,,,0.18689788313850048,0.3352434628791405,candidate,6.0,0.0,0.1940625893509757,0.0518447604440924,6.0
,,,,,,,,,,,,,,,,,,,,,6.0,0280,classic_1000_latest,6,4.141310369995285,0.07361269427292885,4.682734294307384,0.328125,0.7727272727272727,0.4028147157674905,0.3305332371018589,1.7515486738912192,0.2757655288795119,0.8097298238280466,0.7985926421162547,6.0,1.2326912935036825,0.9308380566857682,1.2396486740336468,0.3333333333333333,0.9216581783125705,5.730387176376446,0.9743198769979556,0.23122156083917345,,,,,base,0.0,0.0,,,,,,,,,,,,,,,,0.18689788313850048,0.3352434628791405,selected,6.0,0.0,0.1940625893509757,0.0518447604440924,6.0
,,,,,,,,,,,,,,,,,,,,,6.0,0280,classic_1000_latest,6,4.139259029373257,0.07370651365790735,4.680134468620444,0.328125,0.7755681818181818,0.402791282056737,0.3309192900106074,1.7524900961081222,0.27608929315309877,0.8094629279863289,0.7986043589716316,6.0,1.156488556933346,0.9367525511939375,1.2171647527691352,0.6666666666666666,0.9295432855831175,5.731197872038372,0.9743987807120228,0.23853945657829498,,,,,provisional,0.0,0.0,,,,,,,,,,,,,,,,0.1871453524396904,0.33502415904695043,candidate,6.0,0.0,0.19435406645558326,0.049887165723534854,6.0
,,,,,,,,,,,,,,,,,,,,,6.0,0280,classic_1000_latest,6,4.139259029373257,0.07370651365790735,4.680134468620444,0.328125,0.7755681818181818,0.402791282056737,0.3309192900106074,1.7524900961081222,0.27608929315309877,0.8094629279863289,0.7986043589716316,6.0,1.156488556933346,0.9367525511939375,1.2171647527691352,0.6666666666666666,0.9295432855831175,5.731197872038372,0.9743987807120228,0.23853945657829498,,,,,provisional,0.0,0.0,,,,,,,,,,,,,,,,0.1871453524396904,0.33502415904695043,selected,6.0,0.0,0.19435406645558326,0.049887165723534854,6.0
,,,,,,,,,,,,,,,,,,,,,6.0,0280,classic_1000_latest,6,4.1383623722819936,0.07364937576220384,4.679672286233142,0.328125,0.7755681818181818,0.4025916210368916,0.3308591806811411,1.7519070310564733,0.2759216224922565,0.8095515900104541,0.7987041894815541,6.0,1.1810029885436872,0.9375521566196969,1.217725837316554,0.6666666666666666,0.9298326207274686,5.734859957631858,0.9747534860078535,0.23769521559275,,,,,final,0.0,0.0,,,,,,,,,,,,,,,,0.18706051200827156,0.3351245980561412,candidate,6.0,0.0,0.19436608969296082,0.04982696845039014,6.0
,,,,,,,,,,,,,,,0.00033548256443338454,0.002692918154932876,0.011325359873255786,0.000306490284594889,0.0028237588252031237,0.011469689903615405,6.0,0280,classic_1000_latest,6,4.1383623722819936,0.07364937576220384,4.679672286233142,0.328125,0.7755681818181818,0.4025916210368916,0.3308591806811411,1.7519070310564733,0.2759216224922565,0.8095515900104541,0.7987041894815541,6.0,1.1810029885436872,0.9375521566196969,1.217725837316554,0.6666666666666666,0.9298326207274686,5.734859957631858,0.9747534860078535,0.23769521559275,0.057284556329250336,0.4599269553703874,2.0790893599049065,2.7507377470593255,final,0.0,0.0,5.630945003603474e-05,0.0007187078940680499,0.001661840691205889,3.7983620803664415,0.37445908636348746,3.96649511736704,0.7077816601893662,0.8644092839105633,0.22021484375,0.045318500691974545,0.17279671874327954,0.4949497446813611,3.591205987211424,0.7077816601893662,0.48971361011538794,0.18706051200827156,0.3351245980561412,selected,6.0,0.0,0.19436608969296082,0.04982696845039014,6.0
,,,,,,,,,,,,,,,,,,,,,6.0,0281,classic_1000_latest,6,4.098539237554204,0.07237996478996263,4.619039343621258,0.328125,0.7784090909090909,0.40046415663288093,0.3318212229346568,1.7303924186981874,0.2695448135905879,0.8157794314147173,0.7997679216835594,6.0,1.458435245625928,0.9201393453304565,1.2713905933291385,0.3333333333333333,0.9139395313275315,5.724032755455089,0.9737190366165036,0.22956153787096625,,,,,base,0.0,0.0,,,,,,,,,,,,,,,,0.18542025519956062,0.33656373323878264,candidate,6.0,0.0,0.2554215819726077,0.050323682749554614,6.0
,,,,,,,,,,,,,,,,,,,,,6.0,0281,classic_1000_latest,6,4.098539237554204,0.07237996478996263,4.619039343621258,0.328125,0.7784090909090909,0.40046415663288093,0.3318212229346568,1.7303924186981874,0.2695448135905879,0.8157794314147173,0.7997679216835594,6.0,1.458435245625928,0.9201393453304565,1.2713905933291385,0.3333333333333333,0.9139395313275315,5.724032755455089,0.9737190366165036,0.22956153787096625,,,,,base,0.0,0.0,,,,,,,,,,,,,,,,0.18542025519956062,0.33656373323878264,selected,6.0,0.0,0.2554215819726077,0.050323682749554614,6.0
,,,,,,,,,,,,,,,,,,,,,6.0,0281,classic_1000_latest,6,4.106903190770134,0.07224884519994873,4.629853235558594,0.328125,0.7784090909090909,0.4010415877080046,0.33143956626485294,1.7313606260528236,0.269735975268829,0.8153419833259381,0.7994792061459978,6.0,1.3649499763487325,0.915086289806354,1.2731372675893808,0.6666666666666666,0.9115674256081819,5.701284515258642,0.9714892886217387,0.22973493117339894,,,,,provisional,0.0,0.0,,,,,,,,,,,,,,,,0.18538535124058927,0.33661176752174893,candidate,6.0,0.0,0.2553334327655538,0.05056896985117668,6.0
,,,,,,,,,,,,,,,,,,,,,6.0,0281,classic_1000_latest,6,4.106903190770134,0.07224884519994873,4.629853235558594,0.328125,0.7784090909090909,0.4010415877080046,0.33143956626485294,1.7313606260528236,0.269735975268829,0.8153419833259381,0.7994792061459978,6.0,1.3649499763487325,0.915086289806354,1.2731372675893808,0.6666666666666666,0.9115674256081819,5.701284515258642,0.9714892886217387,0.22973493117339894,,,,,provisional,0.0,0.0,,,,,,,,,,,,,,,,0.18538535124058927,0.33661176752174893,selected,6.0,0.0,0.2553334327655538,0.05056896985117668,6.0
,,,,,,,,,,,,,,,,,,,,,6.0,0281,classic_1000_latest,6,4.106017376840584,0.07223074171348462,4.629191284549349,0.328125,0.7784090909090909,0.40093715034867033,0.33142231829361124,1.7310801804499463,0.26964970181968634,0.8153978822308844,0.7995314248256649,6.0,1.3722142606098853,0.9160793686105086,1.272422406350958,0.6666666666666666,0.9120065663627286,5.705219587422377,0.971876020428502,0.22912740961512001,,,,,final,0.0,0.0,,,,,,,,,,,,,,,,0.1853634195295844,0.33663638432603366,candidate,6.0,0.0,0.2553705773115265,0.05047631663687427,6.0
,,,,,,,,,,,,,,,0.0007397301172727619,0.009078859911162742,0.00935627415647876,0.0007497081920270849,0.009155470445768914,0.0096738370215968,6.0,0281,classic_1000_latest,6,4.106017376840584,0.07223074171348462,4.629191284549349,0.328125,0.7784090909090909,0.40093715034867033,0.33142231829361124,1.7310801804499463,0.26964970181968634,0.8153978822308844,0.7995314248256649,6.0,1.3722142606098853,0.9160793686105086,1.272422406350958,0.6666666666666666,0.9120065663627286,5.705219587422377,0.971876020428502,0.22912740961512001,0.04942750185728073,0.4157428773138923,2.1891654044447595,3.1183383989824693,final,0.0,0.0,1.7219346018737997e-05,0.0003919586852711001,0.001016812294109399,3.818938407939838,0.36603317467370516,4.002538673869567,0.6997785328489431,0.8733839281715035,0.2171630859375,0.0460804119869218,0.17494532457306788,0.4901684272536069,3.54008365668078,0.6997785328489431,0.4948732643721417,0.1853634195295844,0.33663638432603366,selected,6.0,0.0,0.2553705773115265,0.05047631663687427,6.0
,,,,,,,,,,,,,,,,,,,,,6.0,0282,classic_1000_latest,6,4.105451735240176,0.07321884560742266,4.636343437720373,0.3229166666666667,0.78125,0.40005096159711634,0.33196549749000215,1.7450493609098388,0.27382381977036946,0.8127187153253596,0.7999745192014419,6.0,1.3846829514962427,0.9805257825023879,1.0857108516916905,0.6666666666666666,0.9773964078962902,5.75588542111602,0.9767961255577358,0.24496823195434114,,,,,base,0.0,0.0,,,,,,,,,,,,,,,,0.18608734829537354,0.3353209395536383,candidate,6.0,0.0,0.21853247622271205,0.034056540645564196,6.0
,,,,,,,,,,,,,,,,,,,,,6.0,0282,classic_1000_latest,6,4.105451735240176,0.07321884560742266,4.636343437720373,0.3229166666666667,0.78125,0.40005096159711634,0.33196549749000215,1.7450493609098388,0.27382381977036946,0.8127187153253596,0.7999745192014419,6.0,1.3846829514962427,0.9805257825023879,1.0857108516916905,0.6666666666666666,0.9773964078962902,5.75588542111602,0.9767961255577358,0.24496823195434114,,,,,base,0.0,0.0,,,,,,,,,,,,,,,,0.18608734829537354,0.3353209395536383,selected,6.0,0.0,0.21853247622271205,0.034056540645564196,6.0
,,,,,,,,,,,,,,,,,,,,,6.0,0282,classic_1000_latest,6,4.09184349983707,0.07401095777105576,4.620488736450623,0.328125,0.78125,0.40060327453406025,0.3333123334092277,1.7496322021098576,0.2751193981776671,0.8119943589690729,0.79969836273297,6.0,1.3935722065570102,0.9834615603874934,1.0713601535116692,0.6666666666666666,0.9816611416401771,5.713452613196189,0.9726222885924622,0.2514689217891158,,,,,provisional,0.0,0.0,,,,,,,,,,,,,,,,0.1877009505135341,0.3335954907899549,candidate,6.0,0.0,0.21924626937563313,0.031755212912494744,6.0
,,,,,,,,,,,,,,,,,,,,,6.0,0282,classic_1000_latest,6,4.09184349983707,0.07401095777105576,4.620488736450623,0.328125,0.78125,0.40060327453406025,0.3333123334092277,1.7496322021098576,0.2751193981776671,0.8119943589690729,0.79969836273297,6.0,1.3935722065570102,0.9834615603874934,1.0713601535116692,0.6666666666666666,0.9816611416401771,5.713452613196189,0.9726222885924622,0.2514689217891158,,,,,provisional,0.0,0.0,,,,,,,,,,,,,,,,0.1877009505135341,0.3335954907899549,selected,6.0,0.0,0.21924626937563313,0.031755212912494744,6.0
,,,,,,,,,,,,,,,,,,,,,6.0,0282,classic_1000_latest,6,4.092289681418863,0.07380606770289318,4.621624163393508,0.328125,0.78125,0.4003226950386269,0.3330455157321818,1.7479438618044123,0.27465759128497175,0.8122910490781002,0.7998386524806865,6.0,1.3252691582411018,0.9828634127121305,1.075125034544815,0.6666666666666666,0.9802846891495979,5.7211925928375935,0.9733791076387105,0.2509989053433877,,,,,final,0.0,0.0,,,,,,,,,,,,,,,,0.18741723034648167,0.3339613962885533,candidate,6.0,0.0,0.21916617470548075,0.032878523083623976,6.0
,,,,,,,,,,,,,,,0.0012234531611169362,0.0071041966604448795,0.013812098728341405,0.0014982560626132515,0.00854943254690945,0.015662876944893128,6.0,0282,classic_1000_latest,6,4.092289681418863,0.07380606770289318,4.621624163393508,0.328125,0.78125,0.4003226950386269,0.3330455157321818,1.7479438618044123,0.27465759128497175,0.8122910490781002,0.7998386524806865,6.0,1.3252691582411018,0.9828634127121305,1.075125034544815,0.6666666666666666,0.9802846891495979,5.7211925928375935,0.9733791076387105,0.2509989053433877,0.0894988626241684,0.4600874003188045,1.7547030475268495,1.936291836012433,final,0.0,0.0,0.00016592582535500126,0.001861798839512576,0.0028394874457157125,3.8850107062436186,0.3716960132583402,4.0220546113043465,0.7081126523498494,0.864147733786719,0.2042236328125,0.04536637324126961,0.17341753560995524,0.4918746867992769,3.5848949340717873,0.7081126523498494,0.4919454771511076,0.18741723034648167,0.3339613962885533,selected,6.0,0.0,0.21916617470548075,0.032878523083623976,6.0
,,,,,,,,,,,,,,,,,,,,,6.0,0283,classic_1000_latest,6,4.620779438413906,0.08648921865506247,5.339015744521758,0.3020833333333333,0.7556818181818182,0.44901491198206034,0.290029401905431,1.9088921207719594,0.3150393179039286,0.791838295232409,0.7754925440089699,6.0,2.217059599791858,0.9745891643401571,1.1262026063106596,0.6,0.9735967069546051,5.767440802501316,0.9779137027890622,0.23505363892898537,,,,,base,0.0,0.0,,,,,,,,,,,,,,,,0.19476058236268662,0.3133680795658735,candidate,6.0,0.0,0.22448307578236845,0.03251002306774556,6.0
,,,,,,,,,,,,,,,,,,,,,6.0,0283,classic_1000_latest,6,4.620779438413906,0.08648921865506247,5.339015744521758,0.3020833333333333,0.7556818181818182,0.44901491198206034,0.290029401905431,1.9088921207719594,0.3150393179039286,0.791838295232409,0.7754925440089699,6.0,2.217059599791858,0.9745891643401571,1.1262026063106596,0.6,0.9735967069546051,5.767440802501316,0.9779137027890622,0.23505363892898537,,,,,base,0.0,0.0,,,,,,,,,,,,,,,,0.19476058236268662,0.3133680795658735,selected,6.0,0.0,0.22448307578236845,0.03251002306774556,6.0
,,,,,,,,,,,,,,,,,,,,,6.0,0283,classic_1000_latest,6,4.625731737367433,0.08624238659223961,5.344838718458922,0.3020833333333333,0.7556818181818182,0.44889283353161696,0.28970890193079274,1.9075716840418098,0.31480782781909705,0.7920298413911923,0.7755535832341915,6.0,2.135056710550799,0.9765766930714338,1.1196381866380483,0.6,0.9749232357278259,5.749808011327929,0.9762183146184137,0.24039961617902073,,,,,provisional,0.0,0.0,,,,,,,,,,,,,,,,0.19447603916342762,0.31379318566777725,candidate,6.0,0.0,0.22461077970989488,0.03287801137684521,6.0
,,,,,,,,,,,,,,,,,,,,,6.0,0283,classic_1000_latest,6,4.625731737367433,0.08624238659223961,5.344838718458922,0.3020833333333333,0.7556818181818182,0.44889283353161696,0.28970890193079274,1.9075716840418098,0.31480782781909705,0.7920298413911923,0.7755535832341915,6.0,2.135056710550799,0.9765766930714338,1.1196381866380483,0.6,0.9749232357278259,5.749808011327929,0.9762183146184137,0.24039961617902073,,,,,provisional,0.0,0.0,,,,,,,,,,,,,,,,0.19447603916342762,0.31379318566777725,selected,6.0,0.0,0.22461077970989488,0.03287801137684521,6.0
,,,,,,,,,,,,,,,,,,,,,6.0,0283,classic_1000_latest,6,4.625665750851188,0.08621650636439913,5.344766989777265,0.3020833333333333,0.7556818181818182,0.4488688221072987,0.2896989345549774,1.907381653409235,0.3147472290715791,0.7920670803313025,0.7755655889463507,6.0,2.1599915295297216,0.9762650402980405,1.1213889428323753,0.6,0.9745872969227756,5.756764237270103,0.9768889735321714,0.2393068711894097,,,,,final,0.0,0.0,,,,,,,,,,,,,,,,0.19445328936757847,0.3138259275171921,candidate,6.0,0.0,0.22455701598524935,0.033281435399288246,6.0
,,,,,,,,,,,,,,,0.0006119753637733025,0.0037397112575387422,0.012452137220001278,0.0006405477100991415,0.0034570526414707016,0.01364465473732491,6.0,0283,classic_1000_latest,6,4.625665750851188,0.08621650636439913,5.344766989777265,0.3020833333333333,0.7556818181818182,0.4488688221072987,0.2896989345549774,1.907381653409235,0.3147472290715791,0.7920670803313025,0.7755655889463507,6.0,2.1599915295297216,0.9762650402980405,1.1213889428323753,0.6,0.9745872969227756,5.756764237270103,0.9768889735321714,0.2393068711894097,0.11096960306167603,0.5295054674222835,1.6134633085972052,2.444969395781856,final,0.0,0.0,5.505720895499362e-05,0.0005532837539763908,0.003076291779887108,3.896900229907389,0.43251820576742805,3.7236632899790996,0.7604769987691388,0.7705570912948265,0.232421875,0.040842705610210056,0.15623067298379265,0.5453413877401474,3.9399872189904603,0.7604769987691388,0.46324998379008536,0.19445328936757847,0.3138259275171921,selected,6.0,0.0,0.22455701598524935,0.033281435399288246,6.0
,,,,,,,,,,,,,,,,,,,,,6.0,0284,classic_1000_latest,6,4.610038972730716,0.08776152304336218,5.311641577538669,0.2916666666666667,0.7556818181818182,0.4484536537647453,0.29143840128761705,1.919914578595819,0.31792222545761906,0.792092080440912,0.7757731731176272,6.0,3.0376209331233874,0.9394461040876816,1.2261147743176146,0.6,0.9521308828339313,5.755555205657656,0.9767558600725466,0.23281030409844855,,,,,base,0.0,0.0,,,,,,,,,,,,,,,,0.19617031408761154,0.3091293270384736,candidate,6.0,0.0,0.22511482758623608,0.03404984018876985,6.0
,,,,,,,,,,,,,,,,,,,,,6.0,0284,classic_1000_latest,6,4.610038972730716,0.08776152304336218,5.311641577538669,0.2916666666666667,0.7556818181818182,0.4484536537647453,0.29143840128761705,1.919914578595819,0.31792222545761906,0.792092080440912,0.7757731731176272,6.0,3.0376209331233874,0.9394461040876816,1.2261147743176146,0.6,0.9521308828339313,5.755555205657656,0.9767558600725466,0.23281030409844855,,,,,base,0.0,0.0,,,,,,,,,,,,,,,,0.19617031408761154,0.3091293270384736,selected,6.0,0.0,0.22511482758623608,0.03404984018876985,6.0
,,,,,,,,,,,,,,,,,,,,,6.0,0284,classic_1000_latest,6,4.6056913147514,0.08838160725686475,5.305565138762652,0.296875,0.7556818181818182,0.4490805873980296,0.2922322550297254,1.9248744359858012,0.31903421349910477,0.7909867429590683,0.7754597063009854,6.0,2.559175137954319,0.9476422411201054,1.1945825987431948,0.6,0.9577203919557784,5.75679183001377,0.9768757795990771,0.23460801978433085,,,,,provisional,0.0,0.0,,,,,,,,,,,,,,,,0.19692134088304208,0.30809603005365876,candidate,6.0,0.0,0.22535895088595315,0.0314952390549596,6.0
,,,,,,,,,,,,,,,,,,,,,6.0,0284,classic_1000_latest,6,4.6056913147514,0.08838160725686475,5.305565138762652,0.296875,0.7556818181818182,0.4490805873980296,0.2922322550297254,1.9248744359858012,0.31903421349910477,0.7909867429590683,0.7754597063009854,6.0,2.559175137954319,0.9476422411201054,1.1945825987431948,0.6,0.9577203919557784,5.75679183001377,0.9768757795990771,0.23460801978433085,,,,,provisional,0.0,0.0,,,,,,,,,,,,,,,,0.19692134088304208,0.30809603005365876,selected,6.0,0.0,0.22535895088595315,0.0314952390549596,6.0
,,,,,,,,,,,,,,,,,,,,,6.0,0284,classic_1000_latest,6,4.605264767799534,0.0883958635414332,5.30514583695465,0.296875,0.7556818181818182,0.44904963554859373,0.2922389900591472,1.924923889559447,0.3190313609074192,0.790985047492225,0.7754751822257032,6.0,2.5742006610186716,0.9483677177931209,1.1933398090999117,0.6,0.9581266379853031,5.759447552893424,0.9771335620979379,0.23380154996971864,,,,,final,0.0,0.0,,,,,,,,,,,,,,,,0.19694241761249798,0.30806423094368873,candidate,6.0,0.0,0.22535681943189353,0.03137912148781545,6.0
,,,,,,,,,,,,,,,0.0015340097374859551,0.0048737656100720115,0.026498737045782983,0.0014920366245645283,0.004758916468327115,0.02654906095072949,6.0,0284,classic_1000_latest,6,4.605264767799534,0.0883958635414332,5.30514583695465,0.296875,0.7556818181818182,0.44904963554859373,0.2922389900591472,1.924923889559447,0.3190313609074192,0.790985047492225,0.7754751822257032,6.0,2.5742006610186716,0.9483677177931209,1.1933398090999117,0.6,0.9581266379853031,5.759447552893424,0.9771335620979379,0.23380154996971864,0.11327113956212997,0.40942639033229916,1.716865678751459,3.1693124606612586,final,0.0,0.0,4.2599090630892836e-05,0.0005215274488937813,0.0018270449899819516,3.912985353584421,0.4298773052951207,3.7441345648196527,0.7605374456000651,0.7730120090373382,0.2198486328125,0.04085964301610434,0.15660962706615703,0.5437702147882548,3.9356048300023865,0.7605374456000651,0.46179141664480705,0.19694241761249798,0.30806423094368873,selected,6.0,0.0,0.22535681943189353,0.03137912148781545,6.0
,,,,,,,,,,,,,,,,,,,,,6.0,0285,classic_1000_latest,6,4.601944699613475,0.08808935147106454,5.283860722142946,0.296875,0.7528409090909091,0.44801034557864566,0.29433806798380185,1.9224294379895677,0.31866813165172697,0.7915581182566974,0.7759948272106773,6.0,1.6779355149658015,0.9432131096143938,1.2091354264320644,0.6,0.9494348208086713,5.755788608906885,0.9767947917508432,0.24138418672068598,,,,,base,0.0,0.0,,,,,,,,,,,,,,,,0.19657020450170481,0.3085961357937002,candidate,6.0,0.0,0.17453487661452838,0.030163876914701883,6.0
,,,,,,,,,,,,,,,,,,,,,6.0,0285,classic_1000_latest,6,4.601944699613475,0.08808935147106454,5.283860722142946,0.296875,0.7528409090909091,0.44801034557864566,0.29433806798380185,1.9224294379895677,0.31866813165172697,0.7915581182566974,0.7759948272106773,6.0,1.6779355149658015,0.9432131096143938,1.2091354264320644,0.6,0.9494348208086713,5.755788608906885,0.9767947917508432,0.24138418672068598,,,,,base,0.0,0.0,,,,,,,,,,,,,,,,0.19657020450170481,0.3085961357937002,selected,6.0,0.0,0.17453487661452838,0.030163876914701883,6.0
,,,,,,,,,,,,,,,,,,,,,6.0,0285,classic_1000_latest,6,4.601831160629699,0.08807291818231612,5.28409008897824,0.296875,0.7613636363636364,0.4480642524364786,0.2942342861526823,1.922229954447466,0.31868054213873503,0.791832418451406,0.7759678737817608,6.0,1.6206822470222877,0.9446550237034729,1.1995924119520276,0.6,0.9514645270676786,5.739905082377381,0.9752603379347887,0.2461397616349213,,,,,provisional,0.0,0.0,,,,,,,,,,,,,,,,0.19670269415832647,0.30856792281617806,candidate,6.0,0.0,0.17435173557583367,0.03137468753896032,6.0
,,,,,,,,,,,,,,,,,,,,,6.0,0285,classic_1000_latest,6,4.601831160629699,0.08807291818231612,5.28409008897824,0.296875,0.7613636363636364,0.4480642524364786,0.2942342861526823,1.922229954447466,0.31868054213873503,0.791832418451406,0.7759678737817608,6.0,1.6206822470222877,0.9446550237034729,1.1995924119520276,0.6,0.9514645270676786,5.739905082377381,0.9752603379347887,0.2461397616349213,,,,,provisional,0.0,0.0,,,,,,,,,,,,,,,,0.19670269415832647,0.30856792281617806,selected,6.0,0.0,0.17435173557583367,0.03137468753896032,6.0
,,,,,,,,,,,,,,,,,,,,,6.0,0285,classic_1000_latest,6,4.601581122298121,0.08809641286439493,5.283841836083037,0.296875,0.7613636363636364,0.4481717537198989,0.29429123468965934,1.9224770108409164,0.31874396464537763,0.7917661494826239,0.7759141231400506,6.0,1.6177122741453116,0.9451469503466222,1.2003555315279868,0.6,0.9512391130061596,5.743404208781783,0.97560209365045,0.2467981280350838,,,,,final,0.0,0.0,,,,,,,,,,,,,,,,0.1968023897463124,0.30847702240393565,candidate,6.0,0.0,0.17442174852122141,0.030663694864151804,6.0
,,,,,,,,,,,,,,,0.0008415156508269281,0.0044764291402630005,0.019944150134220375,0.000908435417415451,0.004416002562715167,0.02119226407192983,6.0,0285,classic_1000_latest,6,4.601581122298121,0.08809641286439493,5.283841836083037,0.296875,0.7613636363636364,0.4481717537198989,0.29429123468965934,1.9224770108409164,0.31874396464537763,0.7917661494826239,0.7759141231400506,6.0,1.6177122741453116,0.9451469503466222,1.2003555315279868,0.6,0.9512391130061596,5.743404208781783,0.97560209365045,0.2467981280350838,0.11132918298244476,0.48307376542414626,1.7649345863406636,2.6017867280693645,final,0.0,0.0,0.00010022728574221868,0.000937010025766858,0.003812892896684851,3.8349501525365857,0.4390987146921779,3.6877040486790875,0.7654332285064552,0.764726500916604,0.2139892578125,0.040282428904562094,0.15459571400380037,0.5492913839399542,3.971936629201651,0.7654332285064552,0.45756419170643803,0.1968023897463124,0.30847702240393565,selected,6.0,0.0,0.17442174852122141,0.030663694864151804,6.0
,,,,,,,,,,,,,,,,,,,,,6.0,0286,classic_1000_latest,6,4.653944960257906,0.08778268578118162,5.394078378976657,0.2760416666666667,0.7613636363636364,0.4546448128536373,0.29045541668148633,1.9224981508237147,0.3189484748766992,0.7850532907916511,0.7726775935731814,6.0,1.7551578651984916,0.9549015274232863,1.1609590199324886,0.6,0.9634070070142103,5.737207238034616,0.9749729850246424,0.24625374254632476,,,,,base,0.0,0.0,,,,,,,,,,,,,,,,0.19709881654216702,0.3131897705798952,candidate,6.0,0.0,0.14584454093019483,0.028500774077047545,6.0
,,,,,,,,,,,,,,,,,,,,,6.0,0286,classic_1000_latest,6,4.653944960257906,0.08778268578118162,5.394078378976657,0.2760416666666667,0.7613636363636364,0.4546448128536373,0.29045541668148633,1.9224981508237147,0.3189484748766992,0.7850532907916511,0.7726775935731814,6.0,1.7551578651984916,0.9549015274232863,1.1609590199324886,0.6,0.9634070070142103,5.737207238034616,0.9749729850246424,0.24625374254632476,,,,,base,0.0,0.0,,,,,,,,,,,,,,,,0.19709881654216702,0.3131897705798952,selected,6.0,0.0,0.14584454093019483,0.028500774077047545,6.0
,,,,,,,,,,,,,,,,,,,,,6.0,0286,classic_1000_latest,6,4.652786818202049,0.08803243087303866,5.392770052369555,0.2760416666666667,0.7613636363636364,0.4551052968490346,0.2907927020147682,1.924544267648195,0.31939984497994367,0.7845085789522589,0.7724473515754827,6.0,1.7574444255305604,0.9528117556947012,1.1625589739834745,0.6,0.9627650683314494,5.715719063765732,0.9728687111629861,0.24948198402686006,,,,,provisional,0.0,0.0,,,,,,,,,,,,,,,,0.19739272690389634,0.31281709643995087,candidate,6.0,0.0,0.14605893302439815,0.02808734344261635,6.0
,,,,,,,,,,,,,,,,,,,,,6.0,0286,classic_1000_latest,6,4.652786818202049,0.08803243087303866,5.392770052369555,0.2760416666666667,0.7613636363636364,0.4551052968490346,0.2907927020147682,1.924544267648195,0.31939984497994367,0.7845085789522589,0.7724473515754827,6.0,1.7574444255305604,0.9528117556947012,1.1625589739834745,0.6,0.9627650683314494,5.715719063765732,0.9728687111629861,0.24948198402686006,,,,,provisional,0.0,0.0,,,,,,,,,,,,,,,,0.19739272690389634,0.31281709643995087,selected,6.0,0.0,0.14605893302439815,0.02808734344261635,6.0
,,,,,,,,,,,,,,,,,,,,,6.0,0286,classic_1000_latest,6,4.652181608633209,0.0880727061829269,5.392040681277516,0.2760416666666667,0.7613636363636364,0.45511785870146243,0.29085017534910657,1.9248766217311628,0.31947888317361867,0.7844795989702739,0.7724410706492687,6.0,1.7699057572298325,0.955825530994667,1.1539907609715627,0.6,0.9650625247831999,5.720534473756767,0.9733461915356589,0.24989887549692785,,,,,final,0.0,0.0,,,,,,,,,,,,,,,,0.19746098892048594,0.31273370693629765,candidate,6.0,0.0,0.14618124005588912,0.02708853907907674,6.0
,,,,,,,,,,,,,,,0.0005359966666020746,0.003852905352871118,0.014566483767014029,0.0005320593075759452,0.00364348396997851,0.013967251586988355,6.0,0286,classic_1000_latest,6,4.652181608633209,0.0880727061829269,5.392040681277516,0.2760416666666667,0.7613636363636364,0.45511785870146243,0.29085017534910657,1.9248766217311628,0.31947888317361867,0.7844795989702739,0.7724410706492687,6.0,1.7699057572298325,0.955825530994667,1.1539907609715627,0.6,0.9650625247831999,5.720534473756767,0.9733461915356589,0.24989887549692785,0.11066670715808868,0.5059654268098482,1.8787479814759633,2.379441441127296,final,0.0,0.0,6.127741542742254e-05,0.0006373408656942728,0.0036892577662638814,3.8689342553553865,0.4409479618601041,3.6721567611135497,0.7668499682928043,0.7594952084983264,0.219482421875,0.04036834423559549,0.15367681165725114,0.5531295773244186,3.980336651152128,0.7668499682928043,0.4560725817414255,0.19746098892048594,0.31273370693629765,selected,6.0,0.0,0.14618124005588912,0.02708853907907674,6.0
,,,,,,,,,,,,,,,,,,,,,6.0,0287,classic_1000_latest,6,4.661679327723688,0.08815932385420856,5.406765928354076,0.2708333333333333,0.7585227272727273,0.4557605105423619,0.29054333499174695,1.9275357600280338,0.3201819800251657,0.7837085996047511,0.7721197447288191,6.0,2.0743932733132846,0.9602995843420241,1.1409977351424638,0.8,0.9693539782471335,5.7513927313671775,0.97635698961059,0.2483093590027881,,,,,base,0.0,0.0,,,,,,,,,,,,,,,,0.197479155968098,0.3130409318387181,candidate,6.0,0.0,0.14284333269823277,0.024803864046393245,6.0
,,,,,,,,,,,,,,,,,,,,,6.0,0287,classic_1000_latest,6,4.661679327723688,0.08815932385420856,5.406765928354076,0.2708333333333333,0.7585227272727273,0.4557605105423619,0.29054333499174695,1.9275357600280338,0.3201819800251657,0.7837085996047511,0.7721197447288191,6.0,2.0743932733132846,0.9602995843420241,1.1409977351424638,0.8,0.9693539782471335,5.7513927313671775,0.97635698961059,0.2483093590027881,,,,,base,0.0,0.0,,,,,,,,,,,,,,,,0.197479155968098,0.3130409318387181,selected,6.0,0.0,0.14284333269823277,0.024803864046393245,6.0
,,,,,,,,,,,,,,,,,,,,,6.0,0287,classic_1000_latest,6,4.656473829953751,0.08818529451350438,5.400290361286441,0.2708333333333333,0.7585227272727273,0.45550192936954337,0.290651654900907,1.9267650846299038,0.3199348017128879,0.7841287366205795,0.7722490353152284,6.0,2.2772544183929124,0.9628236195213075,1.1343724529695298,0.8,0.9714866535353683,5.703832778393528,0.9717088282434686,0.25833152400329407,,,,,provisional,0.0,0.0,,,,,,,,,,,,,,,,0.19747319744441025,0.31294483149046826,candidate,6.0,0.0,0.14310001412172849,0.024138774491570338,6.0
,,,,,,,,,,,,,,,,,,,,,6.0,0287,classic_1000_latest,6,4.656473829953751,0.08818529451350438,5.400290361286441,0.2708333333333333,0.7585227272727273,0.45550192936954337,0.290651654900907,1.9267650846299038,0.3199348017128879,0.7841287366205795,0.7722490353152284,6.0,2.2772544183929124,0.9628236195213075,1.1343724529695298,0.8,0.9714866535353683,5.703832778393528,0.9717088282434686,0.25833152400329407,,,,,provisional,0.0,0.0,,,,,,,,,,,,,,,,0.19747319744441025,0.31294483149046826,selected,6.0,0.0,0.14310001412172849,0.024138774491570338,6.0
,,,,,,,,,,,,,,,,,,,,,6.0,0287,classic_1000_latest,6,4.656459190326206,0.08816590291410738,5.4001823897605945,0.2708333333333333,0.7585227272727273,0.45548961484024814,0.2906263914361601,1.9265375919532275,0.3198823888920683,0.7842036929663605,0.7722551925798758,6.0,2.1582058588996387,0.9629066893996883,1.1338924597496844,0.8,0.9712617061697177,5.706962984412928,0.9720228418130126,0.2582180341093016,,,,,final,0.0,0.0,,,,,,,,,,,,,,,,0.19742853132200622,0.31297291713083625,candidate,6.0,0.0,0.1429944341248995,0.02461256521387504,6.0
,,,,,,,,,,,,,,,0.0006239316796396685,0.0049114344329866735,0.019143628699513974,0.0005236043554213367,0.004142383277899946,0.019463390497812427,6.0,0287,classic_1000_latest,6,4.656459190326206,0.08816590291410738,5.4001823897605945,0.2708333333333333,0.7585227272727273,0.45548961484024814,0.2906263914361601,1.9265375919532275,0.3198823888920683,0.7842036929663605,0.7722551925798758,6.0,2.1582058588996387,0.9629066893996883,1.1338924597496844,0.8,0.9712617061697177,5.706962984412928,0.9720228418130126,0.2582180341093016,0.11396937072277069,0.47330962643248353,1.9499732615689709,2.4076419925146073,final,0.0,0.0,7.6887771587355e-05,0.0010004647593494038,0.0035555580817894193,3.8869268834306423,0.441776632406801,3.675281528182334,0.767636891025868,0.7586320108829594,0.2281494140625,0.0405704202514523,0.15354579545589644,0.5534545545683865,3.986210974682118,0.767636891025868,0.4559386369491756,0.19742853132200622,0.31297291713083625,selected,6.0,0.0,0.1429944341248995,0.02461256521387504,6.0
,,,,,,,,,,,,,,,,,,,,,6.0,0288,classic_1000_latest,6,4.610206316290439,0.08952718564685139,5.311518829979578,0.3072916666666667,0.7471590909090909,0.44753523930066746,0.29154583051176236,1.9393985121651725,0.3215846162864254,0.7883996045377692,0.7762323803496664,6.0,2.195217745888262,0.954639913169672,1.1891310186823079,0.4,0.9582042531001631,5.794569884851089,0.9805196507824083,0.2316280166409599,,,,,base,0.0,0.0,,,,,,,,,,,,,,,,0.19663111276169318,0.30615081548246736,candidate,6.0,0.0,0.22177232627333884,0.03897377003893705,6.0
,,,,,,,,,,,,,,,,,,,,,6.0,0288,classic_1000_latest,6,4.610206316290439,0.08952718564685139,5.311518829979578,0.3072916666666667,0.7471590909090909,0.44753523930066746,0.29154583051176236,1.9393985121651725,0.3215846162864254,0.7883996045377692,0.7762323803496664,6.0,2.195217745888262,0.954639913169672,1.1891310186823079,0.4,0.9582042531001631,5.794569884851089,0.9805196507824083,0.2316280166409599,,,,,base,0.0,0.0,,,,,,,,,,,,,,,,0.19663111276169318,0.30615081548246736,selected,6.0,0.0,0.22177232627333884,0.03897377003893705,6.0
,,,,,,,,,,,,,,,,,,,,,6.0,0288,classic_1000_latest,6,4.608232128621449,0.08893072010932074,5.310286251207095,0.3020833333333333,0.7528409090909091,0.4473613460830677,0.2910702384908503,1.9333572630807083,0.3201338970139309,0.7894099024054091,0.7763193269584662,6.0,1.6697440494235432,0.9381856046095646,1.2395645106453261,0.4,0.9413053796144875,5.7358197451391755,0.9748265341732718,0.24171766295622646,,,,,provisional,0.0,0.0,,,,,,,,,,,,,,,,0.1962431252337969,0.3067941052696058,candidate,6.0,0.0,0.22050642457831937,0.05107825315301159,6.0
,,,,,,,,,,,,,,,,,,,,,6.0,0288,classic_1000_latest,6,4.608232128621449,0.08893072010932074,5.310286251207095,0.3020833333333333,0.7528409090909091,0.4473613460830677,0.2910702384908503,1.9333572630807083,0.3201338970139309,0.7894099024054091,0.7763193269584662,6.0,1.6697440494235432,0.9381856046095646,1.2395645106453261,0.4,0.9413053796144875,5.7358197451391755,0.9748265341732718,0.24171766295622646,,,,,provisional,0.0,0.0,,,,,,,,,,,,,,,,0.1962431252337969,0.3067941052696058,selected,6.0,0.0,0.22050642457831937,0.05107825315301159,6.0
,,,,,,,,,,,,,,,,,,,,,6.0,0288,classic_1000_latest,6,4.608275720152621,0.08918069693744297,5.309645860201491,0.3020833333333333,0.7528409090909091,0.44761853530489903,0.29135317910839376,1.9356379903077796,0.32071759238080094,0.7889656032179838,0.7761907323475505,6.0,1.6171548503785074,0.9410248496401913,1.2306713993657212,0.4,0.9432223434791294,5.747284501423114,0.9759558099550862,0.23992269827370788,,,,,final,0.0,0.0,,,,,,,,,,,,,,,,0.19648399879711093,0.3064492413445234,candidate,6.0,0.0,0.22079652140769146,0.048971305423731376,6.0
,,,,,,,,,,,,,,,0.0012141233199575144,0.006413339383434751,0.02418914220246633,0.001458829544968887,0.007720126160904238,0.025175545792927547,6.0,0288,classic_1000_latest,6,4.608275720152621,0.08918069693744297,5.309645860201491,0.3020833333333333,0.7528409090909091,0.44761853530489903,0.29135317910839376,1.9356379903077796,0.32071759238080094,0.7889656032179838,0.7761907323475505,6.0,1.6171548503785074,0.9410248496401913,1.2306713993657212,0.4,0.9432223434791294,5.747284501423114,0.9759558099550862,0.23992269827370788,0.10412950813770294,0.4856037549238036,1.6645721321679252,2.6261233761863223,final,0.0,0.0,0.00018492974368064562,0.0018486004680672169,0.00420607837723782,3.823234320787329,0.43600911817225846,3.7014795490224714,0.7644190149702654,0.7713453628087119,0.20361328125,0.04128639310677305,0.15534006125387914,0.5463083168482109,3.9617658343161546,0.7644190149702654,0.45624140873772956,0.19648399879711093,0.3064492413445234,selected,6.0,0.0,0.22079652140769146,0.048971305423731376,6.0
,,,,,,,,,,,,,,,,,,,,,6.0,0289,classic_1000_latest,6,4.513485367493979,0.08657059831746464,5.162975344123428,0.3020833333333333,0.7585227272727273,0.44576860684595815,0.29824870064074843,1.898957240443675,0.31131412527044067,0.796503092762924,0.777115696577021,6.0,2.051088754077285,0.9465597916781247,1.207742826151154,0.6,0.9523388331605872,5.728314727515942,0.9741009912542868,0.24649813899913062,,,,,base,0.0,0.0,,,,,,,,,,,,,,,,0.1956591507504272,0.310083476447347,candidate,6.0,0.0,0.1904618998974632,0.037304513175142585,6.0
,,,,,,,,,,,,,,,,,,,,,6.0,0289,classic_1000_latest,6,4.513485367493979,0.08657059831746464,5.162975344123428,0.3020833333333333,0.7585227272727273,0.44576860684595815,0.29824870064074843,1.898957240443675,0.31131412527044067,0.796503092762924,0.777115696577021,6.0,2.051088754077285,0.9465597916781247,1.207742826151154,0.6,0.9523388331605872,5.728314727515942,0.9741009912542868,0.24649813899913062,,,,,base,0.0,0.0,,,,,,,,,,,,,,,,0.1956591507504272,0.310083476447347,selected,6.0,0.0,0.1904618998974632,0.037304513175142585,6.0
,,,,,,,,,,,,,,,,,,,,,6.0,0289,classic_1000_latest,6,4.517763301482203,0.08679408619164015,5.1672471866990906,0.3072916666666667,0.7528409090909091,0.44593945617580677,0.29845505456253374,1.902006221904928,0.3120829684719758,0.7957959192031874,0.7770302719120966,6.0,1.93745522153286,0.9453568717955112,1.202313714648009,0.8,0.9532902538713746,5.700163633384795,0.9713518192183446,0.25652531783459653,,,,,provisional,0.0,0.0,,,,,,,,,,,,,,,,0.1955474001856576,0.31008468957146124,candidate,6.0,0.0,0.1910484406624575,0.03480303162652379,6.0
,,,,,,,,,,,,,,,,,,,,,6.0,0289,classic_1000_latest,6,4.517763301482203,0.08679408619164015,5.1672471866990906,0.3072916666666667,0.7528409090909091,0.44593945617580677,0.29845505456253374,1.902006221904928,0.3120829684719758,0.7957959192031874,0.7770302719120966,6.0,1.93745522153286,0.9453568717955112,1.202313714648009,0.8,0.9532902538713746,5.700163633384795,0.9713518192183446,0.25652531783459653,,,,,provisional,0.0,0.0,,,,,,,,,,,,,,,,0.1955474001856576,0.31008468957146124,selected,6.0,0.0,0.1910484406624575,0.03480303162652379,6.0
,,,,,,,,,,,,,,,,,,,,,6.0,0289,classic_1000_latest,6,4.516947435930336,0.08676435471092461,5.166461235357648,0.3072916666666667,0.7528409090909091,0.4458605676389071,0.2984086219354388,1.9015613547383932,0.31195661378986017,0.7959155684860075,0.7770697161805464,6.0,1.9546280682184882,0.9459667232312114,1.202173613955978,0.8,0.9534676260072139,5.700323495103428,0.9713635259696617,0.25699634442331265,,,,,final,0.0,0.0,,,,,,,,,,,,,,,,0.19552482895683077,0.31011323631643245,candidate,6.0,0.0,0.19103206228816333,0.034689060719460485,6.0
,,,,,,,,,,,,,,,0.0012157030144038402,0.006602603725143749,0.025717427316107155,0.0012226528001979533,0.007246497932089385,0.02577738799402135,6.0,0289,classic_1000_latest,6,4.516947435930336,0.08676435471092461,5.166461235357648,0.3072916666666667,0.7528409090909091,0.4458605676389071,0.2984086219354388,1.9015613547383932,0.31195661378986017,0.7959155684860075,0.7770697161805464,6.0,1.9546280682184882,0.9459667232312114,1.202173613955978,0.8,0.9534676260072139,5.700323495103428,0.9713635259696617,0.25699634442331265,0.11396303027868271,0.4541945311064784,1.688096630552477,2.542193088419231,final,0.0,0.0,6.48182796318941e-05,0.0008181420264945409,0.0025164273350523265,3.915137021570808,0.4200301499713461,3.798360654334534,0.7539860750022738,0.7869052987943705,0.203125,0.04166342950393803,0.15916424852836214,0.5354488253530189,3.8880539276743376,0.7539860750022738,0.46555066116599764,0.19552482895683077,0.31011323631643245,selected,6.0,0.0,0.19103206228816333,0.034689060719460485,6.0
,,,,,,,,,,,,,,,,,,,,,6.0,0290,classic_1000_latest,6,4.610474821109077,0.08981467001457162,5.29540197465499,0.3177083333333333,0.7471590909090909,0.44735735393666737,0.2936204394124956,1.9441675412099897,0.32245368368361055,0.7879636730264371,0.7763213230316665,6.0,2.3788186800922544,0.9443495598792953,1.2135602760651836,0.6,0.9524586846926351,5.792907269594081,0.980383007564335,0.22496925873897675,,,,,base,0.0,0.0,,,,,,,,,,,,,,,,0.1966813052429608,0.30580900719666076,candidate,6.0,0.0,0.21364839855749784,0.032773837283155124,6.0
,,,,,,,,,,,,,,,,,,,,,6.0,0290,classic_1000_latest,6,4.610474821109077,0.08981467001457162,5.29540197465499,0.3177083333333333,0.7471590909090909,0.44735735393666737,0.2936204394124956,1.9441675412099897,0.32245368368361055,0.7879636730264371,0.7763213230316665,6.0,2.3788186800922544,0.9443495598792953,1.2135602760651836,0.6,0.9524586846926351,5.792907269594081,0.980383007564335,0.22496925873897675,,,,,base,0.0,0.0,,,,,,,,,,,,,,,,0.1966813052429608,0.30580900719666076,selected,6.0,0.0,0.21364839855749784,0.032773837283155124,6.0
,,,,,,,,,,,,,,,,,,,,,6.0,0290,classic_1000_latest,6,4.604393041899336,0.09029584434143093,5.28755083204916,0.3177083333333333,0.7471590909090909,0.4481847804761236,0.29434179479929,1.947293439187548,0.32322202678206974,0.7874954616081925,0.7759076097619382,6.0,1.9393996064632093,0.9368497579667238,1.2207136058952652,0.8,0.9479203108535103,5.76079742871042,0.9772922476197801,0.2306130730790767,,,,,provisional,0.0,0.0,,,,,,,,,,,,,,,,0.19772079948411456,0.3046512901551664,candidate,6.0,0.0,0.2131642421451089,0.03451697434980882,6.0
,,,,,,,,,,,,,,,,,,,,,6.0,0290,classic_1000_latest,6,4.604393041899336,0.09029584434143093,5.28755083204916,0.3177083333333333,0.7471590909090909,0.4481847804761236,0.29434179479929,1.947293439187548,0.32322202678206974,0.7874954616081925,0.7759076097619382,6.0,1.9393996064632093,0.9368497579667238,1.2207136058952652,0.8,0.9479203108535103,5.76079742871042,0.9772922476197801,0.2306130730790767,,,,,provisional,0.0,0.0,,,,,,,,,,,,,,,,0.19772079948411456,0.3046512901551664,selected,6.0,0.0,0.2131642421451089,0.03451697434980882,6.0
,,,,,,,,,,,,,,,,,,,,,6.0,0290,classic_1000_latest,6,4.604225326150359,0.09028761996577184,5.287450357526538,0.3177083333333333,0.7471590909090909,0.4481191236842407,0.2943189654938256,1.9472266886041119,0.3231879006081676,0.7875250553118369,0.7759404381578796,6.0,1.934291296017134,0.9384236446612326,1.215846841742572,0.8,0.9492344989231853,5.7651109106202085,0.9777105751064922,0.23001886342896144,,,,,final,0.0,0.0,,,,,,,,,,,,,,,,0.19769090375470122,0.30467843303424647,candidate,6.0,0.0,0.21324045670652605,0.034249606939485415,6.0
,,,,,,,,,,,,,,,0.0013560692006558278,0.007291422389546966,0.019374769382609947,0.0013629257543769273,0.007194705634417813,0.019516129669861115,6.0,0290,classic_1000_latest,6,4.604225326150359,0.09028761996577184,5.287450357526538,0.3177083333333333,0.7471590909090909,0.4481191236842407,0.2943189654938256,1.9472266886041119,0.3231879006081676,0.7875250553118369,0.7759404381578796,6.0,1.934291296017134,0.9384236446612326,1.215846841742572,0.8,0.9492344989231853,5.7651109106202085,0.9777105751064922,0.23001886342896144,0.12093804031610489,0.44063872744864646,1.7240542714571239,2.86125165433055,final,0.0,0.0,3.3226199553477384e-05,0.0004202522048775269,0.0019021309195847967,3.8441644886985773,0.43095661432946214,3.743443035369544,0.7605726683201137,0.7777110827042422,0.2061767578125,0.04128151110799394,0.15701023829865232,0.541229262442809,3.936690079483847,0.7605726683201137,0.4613168913687522,0.19769090375470122,0.30467843303424647,selected,6.0,0.0,0.21324045670652605,0.034249606939485415,6.0
,,,,,,,,,,,,,,,,,,,,,6.0,0291,classic_1000_latest,6,4.603535581840903,0.0867087847619598,5.278340267786526,0.3177083333333333,0.75,0.4456630803067833,0.294420389371571,1.9190869194550968,0.31633926849252847,0.7932799741822331,0.7771684598466084,6.0,2.353817223404831,0.9733746711976392,1.121127436366259,0.8,0.9751822307587013,5.774266023287647,0.9785955773535672,0.24376966608734874,,,,,base,0.0,0.0,,,,,,,,,,,,,,,,0.19493707510520272,0.3112339497234607,candidate,6.0,0.0,0.1841717841770224,0.025721113972638182,6.0
,,,,,,,,,,,,,,,,,,,,,6.0,0291,classic_1000_latest,6,4.603535581840903,0.0867087847619598,5.278340267786526,0.3177083333333333,0.75,0.4456630803067833,0.294420389371571,1.9190869194550968,0.31633926849252847,0.7932799741822331,0.7771684598466084,6.0,2.353817223404831,0.9733746711976392,1.121127436366259,0.8,0.9751822307587013,5.774266023287647,0.9785955773535672,0.24376966608734874,,,,,base,0.0,0.0,,,,,,,,,,,,,,,,0.19493707510520272,0.3112339497234607,selected,6.0,0.0,0.1841717841770224,0.025721113972638182,6.0
,,,,,,,,,,,,,,,,,,,,,6.0,0291,classic_1000_latest,6,4.600695879644892,0.08721312823658428,5.273754986915063,0.3177083333333333,0.75,0.44628360572533604,0.2951882433060872,1.9233330785439542,0.3175252186926221,0.7925581029852125,0.776858197137332,6.0,2.2126842296013014,0.9783399093627616,1.0967247403782963,1.0,0.9806880820627084,5.754481133784733,0.9766620968053326,0.2437768627991123,,,,,provisional,0.0,0.0,,,,,,,,,,,,,,,,0.19580718908867825,0.3103009564725102,candidate,6.0,0.0,0.1847577635892396,0.02114670155418682,6.0
,,,,,,,,,,,,,,,,,,,,,6.0,0291,classic_1000_latest,6,4.600695879644892,0.08721312823658428,5.273754986915063,0.3177083333333333,0.75,0.44628360572533604,0.2951882433060872,1.9233330785439542,0.3175252186926221,0.7925581029852125,0.776858197137332,6.0,2.2126842296013014,0.9783399093627616,1.0967247403782963,1.0,0.9806880820627084,5.754481133784733,0.9766620968053326,0.2437768627991123,,,,,provisional,0.0,0.0,,,,,,,,,,,,,,,,0.19580718908867825,0.3103009564725102,selected,6.0,0.0,0.1847577635892396,0.02114670155418682,6.0
,,,,,,,,,,,,,,,,,,,,,6.0,0291,classic_1000_latest,6,4.600273503016124,0.08709486536154286,5.273597719027073,0.3177083333333333,0.75,0.4461350734957288,0.29504760991633977,1.9221251301898379,0.3172194277359815,0.7927881552468147,0.7769324632521356,6.0,2.210011387327853,0.9770735652960069,1.1022607145939738,0.8,0.9794401455734247,5.750569583596766,0.9762746912988496,0.2448550276882068,,,,,final,0.0,0.0,,,,,,,,,,,,,,,,0.19568830975846851,0.31046211964543585,candidate,6.0,0.0,0.1846714534688503,0.022079947901835543,6.0
,,,,,,,,,,,,,,,0.0009986774143378838,0.004541487321830826,0.022341606097670025,0.00099116600639078,0.004885764852518008,0.021783659159937258,6.0,0291,classic_1000_latest,6,4.600273503016124,0.08709486536154286,5.273597719027073,0.3177083333333333,0.75,0.4461350734957288,0.29504760991633977,1.9221251301898379,0.3172194277359815,0.7927881552468147,0.7769324632521356,6.0,2.210011387327853,0.9770735652960069,1.1022607145939738,0.8,0.9794401455734247,5.750569583596766,0.9762746912988496,0.2448550276882068,0.11696475744247437,0.5032630012220036,1.6141410511626717,1.883844651855589,final,0.0,0.0,0.00010221058714699171,0.0011882133638624138,0.003251642211668262,3.816978627887378,0.43123086592404547,3.705809425273161,0.7592027720078577,0.7755150172313916,0.2242431640625,0.04155862411632373,0.1565760790191159,0.543922391644769,3.9305765763776868,0.7592027720078577,0.4621261954013804,0.19568830975846851,0.31046211964543585,selected,6.0,0.0,0.1846714534688503,0.022079947901835543,6.0
,,,,,,,,,,,,,,,,,,,,,6.0,0292,classic_1000_latest,6,4.5890365004598515,0.09054464098675075,5.27165059649719,0.3125,0.7528409090909091,0.44902935182616344,0.29592616817691336,1.9452548997304264,0.32368125199485787,0.7873303329684669,0.7754853240869182,6.0,2.423074966140569,0.9644264091881173,1.142640662306932,0.8,0.9701440053530737,5.826740329153571,0.9836242354685755,0.21813666276986007,,,,,base,0.0,0.0,,,,,,,,,,,,,,,,0.19844170912213036,0.3049619564798848,candidate,6.0,0.0,0.11378345793106755,0.016629366986664607,6.0
,,,,,,,,,,,,,,,,,,,,,6.0,0292,classic_1000_latest,6,4.5890365004598515,0.09054464098675075,5.27165059649719,0.3125,0.7528409090909091,0.44902935182616344,0.29592616817691336,1.9452548997304264,0.32368125199485787,0.7873303329684669,0.7754853240869182,6.0,2.423074966140569,0.9644264091881173,1.142640662306932,0.8,0.9701440053530737,5.826740329153571,0.9836242354685755,0.21813666276986007,,,,,base,0.0,0.0,,,,,,,,,,,,,,,,0.19844170912213036,0.3049619564798848,selected,6.0,0.0,0.11378345793106755,0.016629366986664607,6.0
,,,,,,,,,,,,,,,,,,,,,6.0,0292,classic_1000_latest,6,4.5899263725465484,0.09042640313257021,5.273839451829647,0.3125,0.7528409090909091,0.44922525508419736,0.295693859955679,1.943881132830253,0.32328923272761023,0.7874096477617621,0.7753873724579012,6.0,2.070148607964604,0.9402621014745753,1.2133944104404435,0.6,0.9507572794888819,5.767960373548,0.9779655125257067,0.22399276775326005,,,,,provisional,0.0,0.0,,,,,,,,,,,,,,,,0.19841871168316935,0.3050081192267113,candidate,6.0,0.0,0.1134558182157301,0.021524862962885496,6.0
,,,,,,,,,,,,,,,,,,,,,6.0,0292,classic_1000_latest,6,4.5899263725465484,0.09042640313257021,5.273839451829647,0.3125,0.7528409090909091,0.44922525508419736,0.295693859955679,1.943881132830253,0.32328923272761023,0.7874096477617621,0.7753873724579012,6.0,2.070148607964604,0.9402621014745753,1.2133944104404435,0.6,0.9507572794888819,5.767960373548,0.9779655125257067,0.22399276775326005,,,,,provisional,0.0,0.0,,,,,,,,,,,,,,,,0.19841871168316935,0.3050081192267113,selected,6.0,0.0,0.1134558182157301,0.021524862962885496,6.0
,,,,,,,,,,,,,,,,,,,,,6.0,0292,classic_1000_latest,6,4.590018411152443,0.09039863855461829,5.274028484333578,0.3125,0.7528409090909091,0.4492113009179219,0.29566042595354186,1.943621505480894,0.3232237466760324,0.7874581060993254,0.775394349541039,6.0,2.088493850092844,0.9391906319636354,1.2166587538542901,0.6,0.9499905612634322,5.764195269978143,0.9776034312948725,0.225441386608847,,,,,final,0.0,0.0,,,,,,,,,,,,,,,,0.19840750558119707,0.30503454875730807,candidate,6.0,0.0,0.11341622828374964,0.021903709989153235,6.0
,,,,,,,,,,,,,,,0.0012358987194221124,0.0018723088332288508,0.025069399500629825,0.0012538248619221742,0.0019230438449537814,0.025523606985341934,6.0,0292,classic_1000_latest,6,4.590018411152443,0.09039863855461829,5.274028484333578,0.3125,0.7528409090909091,0.4492113009179219,0.29566042595354186,1.943621505480894,0.3232237466760324,0.7874581060993254,0.775394349541039,6.0,2.088493850092844,0.9391906319636354,1.2166587538542901,0.6,0.9499905612634322,5.764195269978143,0.9776034312948725,0.225441386608847,0.09538190811872482,0.4159529439743172,1.6064076797136615,2.9341402451287295,final,0.0,0.0,2.7474900990555413e-05,0.00028617402175123405,0.0022762103277337285,3.9291140632657333,0.41448964967211527,3.842343900884018,0.7494899914836177,0.7953035327573532,0.2164306640625,0.04190478267618292,0.16113118507381172,0.5293585303030578,3.8606322571810807,0.7494899914836177,0.4702316366208162,0.19840750558119707,0.30503454875730807,selected,6.0,0.0,0.11341622828374964,0.021903709989153235,6.0
,,,,,,,,,,,,,,,,,,,,,6.0,0653,classic_1000_latest,6,4.643221568696512,0.09046782520756097,5.362719885999357,0.3020833333333333,0.7528409090909091,0.44807597759595763,0.289499585929322,1.9489861178699248,0.3250711760350361,0.7861257962699755,0.7759620112020212,6.0,1.7334459638548363,0.9618006443415915,1.1656323064137482,0.6,0.961724437018628,5.730323416873909,0.9743046570726752,0.2467348253347148,,,,,base,0.0,0.0,,,,,,,,,,,,,,,,0.1962361059594958,0.3064999252936093,candidate,6.0,0.0,0.1882255668786955,0.032185847748958475,6.0
,,,,,,,,,,,,,,,,,,,,,6.0,0653,classic_1000_latest,6,4.643221568696512,0.09046782520756097,5.362719885999357,0.3020833333333333,0.7528409090909091,0.44807597759595763,0.289499585929322,1.9489861178699248,0.3250711760350361,0.7861257962699755,0.7759620112020212,6.0,1.7334459638548363,0.9618006443415915,1.1656323064137482,0.6,0.961724437018628,5.730323416873909,0.9743046570726752,0.2467348253347148,,,,,base,0.0,0.0,,,,,,,,,,,,,,,,0.1962361059594958,0.3064999252936093,selected,6.0,0.0,0.1882255668786955,0.032185847748958475,6.0
,,,,,,,,,,,,,,,,,,,,,6.0,0653,classic_1000_latest,6,4.645286303150778,0.09054831016354362,5.364764998148424,0.3020833333333333,0.75,0.448406904033048,0.28976950838889554,1.9503402023232228,0.3254431067473384,0.7854727251999326,0.7757965479834762,6.0,1.8205102519087706,0.9609025312059049,1.1746775613099742,0.4,0.9596567493134602,5.694537507280854,0.9707587418380064,0.2541130129474817,,,,,provisional,0.0,0.0,,,,,,,,,,,,,,,,0.19631789503791464,0.30636948233797534,candidate,6.0,0.0,0.18915659663479295,0.02771222515240437,6.0
,,,,,,,,,,,,,,,,,,,,,6.0,0653,classic_1000_latest,6,4.645286303150778,0.09054831016354362,5.364764998148424,0.3020833333333333,0.75,0.448406904033048,0.28976950838889554,1.9503402023232228,0.3254431067473384,0.7854727251999326,0.7757965479834762,6.0,1.8205102519087706,0.9609025312059049,1.1746775613099742,0.4,0.9596567493134602,5.694537507280854,0.9707587418380064,0.2541130129474817,,,,,provisional,0.0,0.0,,,,,,,,,,,,,,,,0.19631789503791464,0.30636948233797534,selected,6.0,0.0,0.18915659663479295,0.02771222515240437,6.0
,,,,,,,,,,,,,,,,,,,,,6.0,0653,classic_1000_latest,6,4.645337372587705,0.09056439789255283,5.36481145335813,0.3020833333333333,0.75,0.4484094204294793,0.2897865468414495,1.9505222477126571,0.32548020354908147,0.7854386317035861,0.7757952897852604,6.0,1.7957670075929717,0.961595232479142,1.1721087557993641,0.4,0.9602243200290304,5.695873064123927,0.9708942757061436,0.253829271542833,,,,,final,0.0,0.0,,,,,,,,,,,,,,,,0.19631721696773913,0.3063598139802704,candidate,6.0,0.0,0.1891406843124863,0.02747058946803687,6.0
,,,,,,,,,,,,,,,0.0011101462577929788,0.006783681732695728,0.022964366982485298,0.0011098766030241862,0.006666796507610799,0.022618141023287786,6.0,0653,classic_1000_latest,6,4.645337372587705,0.09056439789255283,5.36481145335813,0.3020833333333333,0.75,0.4484094204294793,0.2897865468414495,1.9505222477126571,0.32548020354908147,0.7854386317035861,0.7757952897852604,6.0,1.7957670075929717,0.961595232479142,1.1721087557993641,0.4,0.9602243200290304,5.695873064123927,0.9708942757061436,0.253829271542833,0.12393674999475479,0.46659371156539814,1.7211292910268154,2.3770751170400497,final,0.0,0.0,3.3392628551633825e-05,0.0003813963914516484,0.001609597391687809,3.890809528799939,0.42608245106376513,3.7590487004146693,0.7575713681176302,0.7789490169180691,0.217529296875,0.041477166427930146,0.15776329091612998,0.5400401545055805,3.9162248475584374,0.7575713681176302,0.4644444384159391,0.19631721696773913,0.3063598139802704,selected,6.0,0.0,0.1891406843124863,0.02747058946803687,6.0
,,,,,,,,,,,,,,,,,,,,,6.0,0273,stage1_1005_best,6,3.1436995361645748,0.0895674551770777,3.4545884550787536,0.4791666666666667,0.6732954545454546,0.5645087198869841,0.4246203995730391,1.6712080724242664,0.2476901888198946,0.8187933273667092,0.717745640056508,6.0,1.4283483817089377,0.8625260753625875,1.524033941631511,0.3333333333333333,0.8198661535395787,5.2021911255918445,0.9191963426086065,0.2792903421298539,,,,,base,0.0,0.0,,,,,,,,,,,,,,,,0.16932309363378967,0.26183013278282247,candidate,6.0,0.0,0.09648929295848165,0.031278351842507796,6.0
,,,,,,,,,,,,,,,,,,,,,6.0,0273,stage1_1005_best,6,3.1436995361645748,0.0895674551770777,3.4545884550787536,0.4791666666666667,0.6732954545454546,0.5645087198869841,0.4246203995730391,1.6712080724242664,0.2476901888198946,0.8187933273667092,0.717745640056508,6.0,1.4283483817089377,0.8625260753625875,1.524033941631511,0.3333333333333333,0.8198661535395787,5.2021911255918445,0.9191963426086065,0.2792903421298539,,,,,base,0.0,0.0,,,,,,,,,,,,,,,,0.16932309363378967,0.26183013278282247,selected,6.0,0.0,0.09648929295848165,0.031278351842507796,6.0
,,,,,,,,,,,,,,,,,,,,,6.0,0273,stage1_1005_best,6,3.108706422693325,0.08939409210749034,3.4472362708215263,0.4739583333333333,0.6704545454545454,0.5713120457222174,0.42681619547681754,1.6727114920397226,0.248814675859171,0.8177431310465441,0.7143439771388913,6.0,1.3788845956381406,0.6425936730420513,2.1327778903903085,0.3333333333333333,0.5154235769502621,3.5591604331244464,0.7012793872275627,0.46708709178162683,,,,,provisional,0.0,0.0,,,,,,,,,,,,,,,,0.17101978209632976,0.26188511461571234,candidate,6.0,0.0,0.08316426674183075,0.07324399013306795,6.0
,,,,,,,,,,,,,,,,,,,,,6.0,0273,stage1_1005_best,6,3.108706422693325,0.08939409210749034,3.4472362708215263,0.4739583333333333,0.6704545454545454,0.5713120457222174,0.42681619547681754,1.6727114920397226,0.248814675859171,0.8177431310465441,0.7143439771388913,6.0,1.3788845956381406,0.6425936730420513,2.1327778903903085,0.3333333333333333,0.5154235769502621,3.5591604331244464,0.7012793872275627,0.46708709178162683,,,,,provisional,0.0,0.0,,,,,,,,,,,,,,,,0.17101978209632976,0.26188511461571234,selected,6.0,0.0,0.08316426674183075,0.07324399013306795,6.0
,,,,,,,,,,,,,,,,,,,,,6.0,0273,stage1_1005_best,6,3.1068245701366743,0.08949608815857472,3.4472530927456635,0.4739583333333333,0.6704545454545454,0.5718395975114933,0.42694996458905504,1.6737216843208174,0.24913235261051664,0.8174504638037833,0.7140802012442534,6.0,1.3771045601392924,0.6434624657299486,2.1318781054404927,0.3333333333333333,0.516606193833398,3.5636069402517503,0.7019603731262621,0.47120410183865485,,,,,final,0.0,0.0,,,,,,,,,,,,,,,,0.17106215388860757,0.2619663594069584,candidate,6.0,0.0,0.08347233815226465,0.07337917647446102,6.0
0.20521211739136097,3.940886983557706,0.3025958529344878,0.2745586523337186,3.64513353636537,0.37899238831877463,0.15372938528768945,3.6122072752774526,0.49276185705664216,0.1506039229449604,3.5153201684099753,0.5119985843388176,0.2149123174797341,4.179126471402515,0.41420779347397335,0.033676761213589146,0.03127288650099332,0.1448702769138218,0.03324838086245399,0.02939959929706434,0.14266776890173757,6.0,0273,stage1_1005_best,6,3.1068245701366743,0.08949608815857472,3.4472530927456635,0.4739583333333333,0.6704545454545454,0.5718395975114933,0.42694996458905504,1.6737216843208174,0.24913235261051664,0.8174504638037833,0.7140802012442534,6.0,1.3771045601392924,0.6434624657299486,2.1318781054404927,0.3333333333333333,0.516606193833398,3.5636069402517503,0.7019603731262621,0.47120410183865485,0.15090546011924744,0.29199360888161346,2.9611824980354826,3.7544605438649032,final,0.0,0.0,0.0003942743839012059,0.0025732422796075163,0.005088459052681173,3.6539960439220613,0.1553402609307791,4.404294705680639,0.31057473314727524,1.2720365716618227,0.3133544921875,0.042782319240410795,0.2626953256535775,0.3137260717243519,1.8801739844738874,0.31057473314727524,0.7791612206445557,0.17106215388860757,0.2619663594069584,selected,6.0,0.0,0.08347233815226465,0.07337917647446102,6.0
,,,,,,,,,,,,,,,,,,,,,6.0,0274,stage1_1005_best,6,2.970362153666448,0.08987701562641429,3.2946520529826238,0.4895833333333333,0.6704545454545454,0.5589963906394604,0.4482108164809493,1.659057805768222,0.24555166296643866,0.8173476571568861,0.7205018046802698,6.0,1.9543722312683571,0.7301867294252022,1.9641726513616145,0.3333333333333333,0.65406095448776,4.29991771704496,0.8116687081692826,0.37979847036249176,,,,,base,0.0,0.0,,,,,,,,,,,,,,,,0.1709566352899025,0.2630077340280178,candidate,6.0,0.0,0.1745893323765065,0.10514268432436882,6.0
,,,,,,,,,,,,,,,,,,,,,6.0,0274,stage1_1005_best,6,2.970362153666448,0.08987701562641429,3.2946520529826238,0.4895833333333333,0.6704545454545454,0.5589963906394604,0.4482108164809493,1.659057805768222,0.24555166296643866,0.8173476571568861,0.7205018046802698,6.0,1.9543722312683571,0.7301867294252022,1.9641726513616145,0.3333333333333333,0.65406095448776,4.29991771704496,0.8116687081692826,0.37979847036249176,,,,,base,0.0,0.0,,,,,,,,,,,,,,,,0.1709566352899025,0.2630077340280178,selected,6.0,0.0,0.1745893323765065,0.10514268432436882,6.0
,,,,,,,,,,,,,,,,,,,,,6.0,0274,stage1_1005_best,6,2.941004888757202,0.08943406368153115,3.2870653225040387,0.484375,0.6789772727272727,0.5529224026522459,0.4470999460510949,1.6506440951043502,0.242507899728652,0.8198875898917999,0.723538798673877,6.0,1.5438479533038625,0.570601918417108,2.3101125634467214,0.6666666666666666,0.41236916765011405,3.066327524894876,0.6249249942786789,0.5411416706880514,,,,,provisional,0.0,0.0,,,,,,,,,,,,,,,,0.17077546240755578,0.26352736583776454,candidate,6.0,0.0,0.1527148699570769,0.14362664268069927,6.0
,,,,,,,,,,,,,,,,,,,,,6.0,0274,stage1_1005_best,6,2.941004888757202,0.08943406368153115,3.2870653225040387,0.484375,0.6789772727272727,0.5529224026522459,0.4470999460510949,1.6506440951043502,0.242507899728652,0.8198875898917999,0.723538798673877,6.0,1.5438479533038625,0.570601918417108,2.3101125634467214,0.6666666666666666,0.41236916765011405,3.066327524894876,0.6249249942786789,0.5411416706880514,,,,,provisional,0.0,0.0,,,,,,,,,,,,,,,,0.17077546240755578,0.26352736583776454,selected,6.0,0.0,0.1527148699570769,0.14362664268069927,6.0
,,,,,,,,,,,,,,,,,,,,,6.0,0274,stage1_1005_best,6,2.9426618931318345,0.08943592266937721,3.2885000992033357,0.484375,0.6789772727272727,0.5529625404089258,0.44693023803221993,1.6507036227047687,0.24250841734686546,0.8199047732018924,0.7235187297955371,6.0,1.559188474437967,0.5697409866592728,2.3312853142676198,0.6666666666666666,0.4078132723026871,3.0600459112316725,0.623598880526544,0.5384713660328146,,,,,final,0.0,0.0,,,,,,,,,,,,,,,,0.1707768671658358,0.2635388078231418,candidate,6.0,0.0,0.1527085942112994,0.1436690549044321,6.0
0.23260209389143566,3.76428007327408,0.35351642011767315,0.27572015134859196,3.4194665301313796,0.37006089190398833,0.17357349961081356,4.523067318516914,0.24134462797928777,0.2508049277670439,4.022756333416946,0.3468162188756397,0.25435226482501005,4.228544317904563,0.33482104708813754,0.009980201230331665,0.02232368866002792,0.12491018841959305,0.009943576204434841,0.02230722899308075,0.12320621390469016,6.0,0274,stage1_1005_best,6,2.9426618931318345,0.08943592266937721,3.2885000992033357,0.484375,0.6789772727272727,0.5529625404089258,0.44693023803221993,1.6507036227047687,0.24250841734686546,0.8199047732018924,0.7235187297955371,6.0,1.559188474437967,0.5697409866592728,2.3312853142676198,0.6666666666666666,0.4078132723026871,3.0600459112316725,0.623598880526544,0.5384713660328146,0.10949347168207169,0.29371735989414927,2.4735633096713463,3.761543964732285,final,0.0,0.0,7.016250953568748e-05,0.0007783693248650907,0.005078131612629932,3.683109893530447,0.2270408984460733,4.479551826677889,0.4524864286092137,1.1604764425961145,0.237060546875,0.03831469551618222,0.23486189085613962,0.3455988252555776,2.341780252814917,0.4524864286092137,0.6773065486248554,0.1707768671658358,0.2635388078231418,selected,6.0,0.0,0.1527085942112994,0.1436690549044321,6.0
,,,,,,,,,,,,,,,,,,,,,6.0,0275,stage1_1005_best,6,3.1270544476134563,0.0914698268753852,3.3634457063911887,0.4791666666666667,0.6732954545454546,0.5582858524677744,0.4403952996046018,1.6719562153002652,0.24840274389546932,0.8147322391258914,0.7208570737661127,6.0,1.1294188868834452,0.8726847948918357,1.5124509156764623,0.6666666666666666,0.8043741967996265,4.637425787840986,0.8548592992544773,0.3597110366385419,,,,,base,0.0,0.0,,,,,,,,,,,,,,,,0.16941804534183222,0.26133602390043015,candidate,6.0,0.0,0.151740616809822,0.06465404053564702,6.0
,,,,,,,,,,,,,,,,,,,,,6.0,0275,stage1_1005_best,6,3.1270544476134563,0.0914698268753852,3.3634457063911887,0.4791666666666667,0.6732954545454546,0.5582858524677744,0.4403952996046018,1.6719562153002652,0.24840274389546932,0.8147322391258914,0.7208570737661127,6.0,1.1294188868834452,0.8726847948918357,1.5124509156764623,0.6666666666666666,0.8043741967996265,4.637425787840986,0.8548592992544773,0.3597110366385419,,,,,base,0.0,0.0,,,,,,,,,,,,,,,,0.16941804534183222,0.26133602390043015,selected,6.0,0.0,0.151740616809822,0.06465404053564702,6.0
,,,,,,,,,,,,,,,,,,,,,6.0,0275,stage1_1005_best,6,3.0742072306598804,0.09038376906912973,3.3442563540796058,0.5,0.6931818181818182,0.5479992289129677,0.4363818797637285,1.6558042120232745,0.2426075554187142,0.8223762826423954,0.7260003855435162,6.0,1.2151705312480108,0.6472737385101233,1.687891846035989,0.6666666666666666,0.7312236165352769,3.647952949033622,0.7159398687337158,0.5113119964698879,,,,,provisional,0.0,0.0,,,,,,,,,,,,,,,,0.16773031629032875,0.2613385838277867,candidate,6.0,0.0,0.12735713384913108,0.11094123615748647,6.0
,,,,,,,,,,,,,,,,,,,,,6.0,0275,stage1_1005_best,6,3.0742072306598804,0.09038376906912973,3.3442563540796058,0.5,0.6931818181818182,0.5479992289129677,0.4363818797637285,1.6558042120232745,0.2426075554187142,0.8223762826423954,0.7260003855435162,6.0,1.2151705312480108,0.6472737385101233,1.687891846035989,0.6666666666666666,0.7312236165352769,3.647952949033622,0.7159398687337158,0.5113119964698879,,,,,provisional,0.0,0.0,,,,,,,,,,,,,,,,0.16773031629032875,0.2613385838277867,selected,6.0,0.0,0.12735713384913108,0.11094123615748647,6.0
,,,,,,,,,,,,,,,,,,,,,6.0,0275,stage1_1005_best,6,3.0753149945664373,0.09035322710460823,3.345312176192835,0.4947916666666667,0.6875,0.548122674268555,0.4363261868730218,1.6561588565206387,0.24273203939587013,0.8222796449479025,0.7259386628657225,6.0,1.1837189792406737,0.6468010675473773,1.669001435720511,0.6666666666666666,0.7343950660097186,3.6431695025777326,0.716123083535129,0.5107526218781219,,,,,final,0.0,0.0,,,,,,,,,,,,,,,,0.16766771120096813,0.26137090726057793,candidate,6.0,0.0,0.12812251454105347,0.11193683751291762,6.0
0.20547832296854313,4.610744414215477,0.2924117266341697,0.18498187362402774,4.254020490756214,0.28478544656825555,0.16633074785557256,4.577202094434768,0.3267141024643051,0.23166154813438253,3.754647116175038,0.5011161109200324,0.1807001914342416,4.895245663992252,0.3178377732095122,0.02886139515963168,0.037128738588127604,0.11599466581712199,0.028575556682587672,0.03702223323583184,0.11647926411066752,6.0,0275,stage1_1005_best,6,3.0753149945664373,0.09035322710460823,3.345312176192835,0.4947916666666667,0.6875,0.548122674268555,0.4363261868730218,1.6561588565206387,0.24273203939587013,0.8222796449479025,0.7259386628657225,6.0,1.1837189792406737,0.6468010675473773,1.669001435720511,0.6666666666666666,0.7343950660097186,3.6431695025777326,0.716123083535129,0.5107526218781219,0.1377410739660263,0.2196267185593414,2.7461232165711214,3.7654820696236224,final,0.0,0.0,0.00015197173687011404,0.001244276459671885,0.005555589135477612,3.596552683685123,0.18745548653702956,4.250930662817289,0.40053468441685375,1.1880867028844515,0.306884765625,0.03867105554127329,0.24388468713675895,0.34333154662439225,2.208776464786872,0.4005346844168537,0.7116090710456618,0.16766771120096813,0.26137090726057793,selected,6.0,0.0,0.12812251454105347,0.11193683751291762,6.0
,,,,,,,,,,,,,,,,,,,,,6.0,0276,stage1_1005_best,6,2.915616464076915,0.09019837157853224,3.298311256168994,0.4791666666666667,0.6789772727272727,0.5508174406825586,0.4384542437565235,1.649473326475751,0.24082459984723764,0.8236706939823994,0.7245912796587207,6.0,1.342801469262714,0.7868427334956619,1.7187239199271065,0.6666666666666666,0.7172787939154895,4.580460135468511,0.8489025296607354,0.3471256665530677,,,,,base,0.0,0.0,,,,,,,,,,,,,,,,0.1687020108595761,0.2626403056086625,candidate,6.0,0.0,0.1514780613273337,0.09704938208058102,6.0
,,,,,,,,,,,,,,,,,,,,,6.0,0276,stage1_1005_best,6,2.915616464076915,0.09019837157853224,3.298311256168994,0.4791666666666667,0.6789772727272727,0.5508174406825586,0.4384542437565235,1.649473326475751,0.24082459984723764,0.8236706939823994,0.7245912796587207,6.0,1.342801469262714,0.7868427334956619,1.7187239199271065,0.6666666666666666,0.7172787939154895,4.580460135468511,0.8489025296607354,0.3471256665530677,,,,,base,0.0,0.0,,,,,,,,,,,,,,,,0.1687020108595761,0.2626403056086625,selected,6.0,0.0,0.1514780613273337,0.09704938208058102,6.0
,,,,,,,,,,,,,,,,,,,,,6.0,0276,stage1_1005_best,6,2.8917629806719196,0.08927288230855256,3.292521021231748,0.484375,0.6875,0.5407327084136212,0.4337804761063034,1.631824109739205,0.23456236409164832,0.829322053238421,0.7296336457931893,6.0,1.3040974566073553,0.6314052584224482,1.973890059516823,0.3333333333333333,0.5838367112252795,3.8770200262342684,0.7539710327990071,0.43138047628374254,,,,,provisional,0.0,0.0,,,,,,,,,,,,,,,,0.1670276462532972,0.2627865599625149,candidate,6.0,0.0,0.12839641959693124,0.13762487880911195,6.0
,,,,,,,,,,,,,,,,,,,,,6.0,0276,stage1_1005_best,6,2.8917629806719196,0.08927288230855256,3.292521021231748,0.484375,0.6875,0.5407327084136212,0.4337804761063034,1.631824109739205,0.23456236409164832,0.829322053238421,0.7296336457931893,6.0,1.3040974566073553,0.6314052584224482,1.973890059516823,0.3333333333333333,0.5838367112252795,3.8770200262342684,0.7539710327990071,0.43138047628374254,,,,,provisional,0.0,0.0,,,,,,,,,,,,,,,,0.1670276462532972,0.2627865599625149,selected,6.0,0.0,0.12839641959693124,0.13762487880911195,6.0
,,,,,,,,,,,,,,,,,,,,,6.0,0276,stage1_1005_best,6,2.894253043042314,0.0892771345673024,3.2933259153476624,0.484375,0.6875,0.5412230991033012,0.433993691108469,1.6326808209959338,0.2348844798243634,0.829070944880545,0.7293884504483493,6.0,1.3458733135724317,0.6305015457676026,1.9872582176790623,0.3333333333333333,0.5829235424613438,3.8780778523394033,0.7545156133348276,0.4356611335521194,,,,,final,0.0,0.0,,,,,,,,,,,,,,,,0.167099607372918,0.26276710933559855,candidate,6.0,0.0,0.1287668383209156,0.13616287065072233,6.0
0.19481756386918478,4.389679251442745,0.3530134054793611,0.22397556497319637,3.656232243282375,0.37165896831049183,0.10429898494956079,4.797891870036325,0.3504751455948883,0.21881792751196277,3.805427333445542,0.485508475627739,0.19188423374843025,4.0740948960309025,0.3705613760757885,0.017961628515028298,0.03142686789905843,0.10020982362829052,0.01797481239182436,0.033093203423255446,0.10254350990162749,6.0,0276,stage1_1005_best,6,2.894253043042314,0.0892771345673024,3.2933259153476624,0.484375,0.6875,0.5412230991033012,0.433993691108469,1.6326808209959338,0.2348844798243634,0.829070944880545,0.7293884504483493,6.0,1.3458733135724317,0.6305015457676026,1.9872582176790623,0.3333333333333333,0.5829235424613438,3.8780778523394033,0.7545156133348276,0.4356611335521194,0.1616990864276886,0.2483133692085395,2.931872470336968,3.574023092191913,final,0.0,0.0,0.00016676458546514706,0.0018816176410578688,0.0064286423984863,3.8832027849450714,0.1638941151408397,4.589451275089145,0.39665162771415796,1.2139397283514144,0.2869873046875,0.037517340323272794,0.2520385919956232,0.3260335948829697,2.163537738694645,0.39665162771415796,0.7090324480783248,0.167099607372918,0.26276710933559855,selected,6.0,0.0,0.1287668383209156,0.13616287065072233,6.0
,,,,,,,,,,,,,,,,,,,,,6.0,0277,stage1_1005_best,6,3.004724829340081,0.09193543183997918,3.318091657304088,0.4791666666666667,0.6704545454545454,0.5663234637348705,0.4479316270224658,1.6792503554799796,0.25207940067805185,0.8107559957903864,0.7168382681325647,6.0,1.3200036753844675,0.7480719358922858,1.7076684980972408,0.6666666666666666,0.6993024271102707,4.577514857535739,0.8442612300060435,0.3320041580632451,,,,,base,0.0,0.0,,,,,,,,,,,,,,,,0.16953277757919677,0.26444927805097995,candidate,6.0,0.0,0.17893428210886014,0.13174201629939938,6.0
,,,,,,,,,,,,,,,,,,,,,6.0,0277,stage1_1005_best,6,3.004724829340081,0.09193543183997918,3.318091657304088,0.4791666666666667,0.6704545454545454,0.5663234637348705,0.4479316270224658,1.6792503554799796,0.25207940067805185,0.8107559957903864,0.7168382681325647,6.0,1.3200036753844675,0.7480719358922858,1.7076684980972408,0.6666666666666666,0.6993024271102707,4.577514857535739,0.8442612300060435,0.3320041580632451,,,,,base,0.0,0.0,,,,,,,,,,,,,,,,0.16953277757919677,0.26444927805097995,selected,6.0,0.0,0.17893428210886014,0.13174201629939938,6.0
,,,,,,,,,,,,,,,,,,,,,6.0,0277,stage1_1005_best,6,2.9255969778456197,0.0887369726465622,3.2263124054119476,0.5052083333333334,0.7017045454545454,0.5262466025931084,0.44339097581517806,1.6172820246619122,0.22969786216847246,0.831305034587991,0.7368766987034457,6.0,1.0387611588892824,0.6074298971081383,1.8067092487824798,0.6666666666666666,0.5675631307775953,3.780986673475301,0.7375611426977342,0.43852230885954757,,,,,provisional,0.0,0.0,,,,,,,,,,,,,,,,0.16480381747050127,0.26316648869894244,candidate,6.0,0.0,0.1448410490152054,0.17438694511290445,6.0
,,,,,,,,,,,,,,,,,,,,,6.0,0277,stage1_1005_best,6,2.9255969778456197,0.0887369726465622,3.2263124054119476,0.5052083333333334,0.7017045454545454,0.5262466025931084,0.44339097581517806,1.6172820246619122,0.22969786216847246,0.831305034587991,0.7368766987034457,6.0,1.0387611588892824,0.6074298971081383,1.8067092487824798,0.6666666666666666,0.5675631307775953,3.780986673475301,0.7375611426977342,0.43852230885954757,,,,,provisional,0.0,0.0,,,,,,,,,,,,,,,,0.16480381747050127,0.26316648869894244,selected,6.0,0.0,0.1448410490152054,0.17438694511290445,6.0
,,,,,,,,,,,,,,,,,,,,,6.0,0277,stage1_1005_best,6,2.931746048027642,0.08867786334761857,3.233392363253376,0.5052083333333334,0.7017045454545454,0.5280547500991114,0.44313148290967386,1.6198049736681313,0.23070237855181686,0.8306269127305144,0.7359726249504444,6.0,1.0310801770829001,0.6188728142250353,1.794793908383739,0.6666666666666666,0.5751148268425694,3.7946263289417175,0.7398096616289891,0.4440459986618371,,,,,final,0.0,0.0,,,,,,,,,,,,,,,,0.164830009520247,0.26338069201106046,candidate,6.0,0.0,0.14709135384643754,0.17221378404279863,6.0
0.24642507703544947,3.8251261668835976,0.3780912749915604,0.26698937486903956,2.9217680509289505,0.4819670314059419,0.14619258680694805,4.343691762731625,0.3111879333206033,0.3129679356697918,4.0564443432558965,0.3003056228772365,0.23609234752996974,3.933894129773254,0.3846991178012466,0.05291517934020965,0.11835359407078565,0.09920312518982904,0.05588656225330748,0.12284719519443693,0.0962754367332898,6.0,0277,stage1_1005_best,6,2.931746048027642,0.08867786334761857,3.233392363253376,0.5052083333333334,0.7017045454545454,0.5280547500991114,0.44313148290967386,1.6198049736681313,0.23070237855181686,0.8306269127305144,0.7359726249504444,6.0,1.0310801770829001,0.6188728142250353,1.794793908383739,0.6666666666666666,0.5751148268425694,3.7946263289417175,0.7398096616289891,0.4440459986618371,0.13919872045516968,0.26439619840240947,2.58341756391218,3.3380778284327213,final,0.0,0.0,0.00036038382831012793,0.005125111573532087,0.006820107837661425,3.520313970451688,0.2419006893753451,4.174699625126278,0.5109617552052731,1.0922401318442683,0.320068359375,0.03625921410137117,0.2187208860856543,0.3871759059405468,2.6067556165511063,0.5109617552052731,0.6220255853026899,0.164830009520247,0.26338069201106046,selected,6.0,0.0,0.14709135384643754,0.17221378404279863,6.0
,,,,,,,,,,,,,,,,,,,,,6.0,0278,stage1_1005_best,6,3.5659769543461124,0.07740626721850961,3.969774079478936,0.4635416666666667,0.6136363636363636,0.6995753827797859,0.37928972772486674,1.6080231194167027,0.23555698460687016,0.8279798217553306,0.650212308610107,6.0,1.7241340138501051,0.830547937847124,1.7197629296705141,0.3333333333333333,0.7574848289092194,4.3687042700313485,0.8176392247411352,0.38178464962130504,,,,,base,0.0,0.0,,,,,,,,,,,,,,,,0.16577679644055632,0.3054360451640986,candidate,6.0,0.0,0.19485726924976493,0.09708513954759933,6.0
,,,,,,,,,,,,,,,,,,,,,6.0,0278,stage1_1005_best,6,3.5659769543461124,0.07740626721850961,3.969774079478936,0.4635416666666667,0.6136363636363636,0.6995753827797859,0.37928972772486674,1.6080231194167027,0.23555698460687016,0.8279798217553306,0.650212308610107,6.0,1.7241340138501051,0.830547937847124,1.7197629296705141,0.3333333333333333,0.7574848289092194,4.3687042700313485,0.8176392247411352,0.38178464962130504,,,,,base,0.0,0.0,,,,,,,,,,,,,,,,0.16577679644055632,0.3054360451640986,selected,6.0,0.0,0.19485726924976493,0.09708513954759933,6.0
,,,,,,,,,,,,,,,,,,,,,6.0,0278,stage1_1005_best,6,3.3858699037902373,0.0739428782358465,3.7482106776127964,0.5,0.6022727272727273,0.7007837635926157,0.3932352854283383,1.5628070489947212,0.2222717506136404,0.8460397379093201,0.649608118203692,6.0,1.2360069126931439,0.5810650442703428,1.596828612181005,0.6666666666666666,0.7508092713077602,3.3361562870013635,0.6625526598874394,0.5139167281283948,,,,,provisional,0.0,0.0,,,,,,,,,,,,,,,,0.16757635906975368,0.30534322304532885,candidate,6.0,0.0,0.152654401230604,0.17927585746757788,6.0
,,,,,,,,,,,,,,,,,,,,,6.0,0278,stage1_1005_best,6,3.3858699037902373,0.0739428782358465,3.7482106776127964,0.5,0.6022727272727273,0.7007837635926157,0.3932352854283383,1.5628070489947212,0.2222717506136404,0.8460397379093201,0.649608118203692,6.0,1.2360069126931439,0.5810650442703428,1.596828612181005,0.6666666666666666,0.7508092713077602,3.3361562870013635,0.6625526598874394,0.5139167281283948,,,,,provisional,0.0,0.0,,,,,,,,,,,,,,,,0.16757635906975368,0.30534322304532885,selected,6.0,0.0,0.152654401230604,0.17927585746757788,6.0
,,,,,,,,,,,,,,,,,,,,,6.0,0278,stage1_1005_best,6,3.3800805193038137,0.07396200219375011,3.7450242445014172,0.5,0.6022727272727273,0.7003455588242009,0.39336992599862475,1.5620059876278205,0.22198502445374027,0.8461549356824097,0.6498272205878995,6.0,1.2516503632718141,0.5816471253656432,1.5938615139938626,0.6666666666666666,0.7522665583026106,3.347211673602582,0.6650418605300764,0.5094405444857831,,,,,final,0.0,0.0,,,,,,,,,,,,,,,,0.16759702989096809,0.30534582402198107,candidate,6.0,0.0,0.1520891527941213,0.18062841710278582,6.0
0.2126342218598362,3.1793397870343045,0.5961093708367817,0.21755285388025192,3.8714070307141015,0.3748824847590777,0.092296690850099,4.518563794621746,0.290409255092827,0.22466721843649276,4.02937547763872,0.3504847851025065,0.21503483867659945,4.351062447555511,0.31069045222939584,0.057744796011614995,0.08875335084511893,0.15947550962001952,0.057029301782643926,0.08816483113129474,0.16064380741483034,6.0,0278,stage1_1005_best,6,3.3800805193038137,0.07396200219375011,3.7450242445014172,0.5,0.6022727272727273,0.7003455588242009,0.39336992599862475,1.5620059876278205,0.22198502445374027,0.8461549356824097,0.6498272205878995,6.0,1.2516503632718141,0.5816471253656432,1.5938615139938626,0.6666666666666666,0.7522665583026106,3.347211673602582,0.6650418605300764,0.5094405444857831,0.11095432937145233,0.22561570064891462,2.6058153681310796,2.860762104141066,final,0.0,0.0,0.00015181633834537433,0.0021691131265723696,0.004373661118892159,3.3356667399900544,0.2064469003530288,3.9547495730359272,0.4082182623899888,1.161302818044275,0.3765869140625,0.03961781446976937,0.2357162738070178,0.36079669436761624,2.218460369932533,0.4082182623899888,0.7126601693469985,0.16759702989096809,0.30534582402198107,selected,6.0,0.0,0.1520891527941213,0.18062841710278582,6.0
,,,,,,,,,,,,,,,,,,,,,6.0,0279,stage1_1005_best,6,3.4355044216343944,0.07644695431666891,3.715773442979315,0.515625,0.6051136363636364,0.6972092828162819,0.4054763605241033,1.5928156563446063,0.2308447572741594,0.835609599151017,0.6513953585918589,6.0,1.8365552192239563,0.8581396857559273,1.6063496615037964,0.3333333333333333,0.8021031705410842,4.744686906053711,0.8675507931594739,0.31982952957254973,,,,,base,0.0,0.0,,,,,,,,,,,,,,,,0.16444544591889512,0.3071664044732363,candidate,6.0,0.0,0.15187416210229301,0.05764332691512149,6.0
,,,,,,,,,,,,,,,,,,,,,6.0,0279,stage1_1005_best,6,3.4355044216343944,0.07644695431666891,3.715773442979315,0.515625,0.6051136363636364,0.6972092828162819,0.4054763605241033,1.5928156563446063,0.2308447572741594,0.835609599151017,0.6513953585918589,6.0,1.8365552192239563,0.8581396857559273,1.6063496615037964,0.3333333333333333,0.8021031705410842,4.744686906053711,0.8675507931594739,0.31982952957254973,,,,,base,0.0,0.0,,,,,,,,,,,,,,,,0.16444544591889512,0.3071664044732363,selected,6.0,0.0,0.15187416210229301,0.05764332691512149,6.0
,,,,,,,,,,,,,,,,,,,,,6.0,0279,stage1_1005_best,6,3.411989751228506,0.07636594355728828,3.706760875874151,0.5104166666666666,0.6079545454545454,0.6982828715898196,0.4046595078703912,1.5888869787451494,0.22926879242951986,0.8366637694918325,0.6508585642050903,6.0,1.957349044136578,0.6757554780997332,2.100317001517112,0.3333333333333333,0.5771068486542165,3.540537334820982,0.6875714383659,0.5184700940122892,,,,,provisional,0.0,0.0,,,,,,,,,,,,,,,,0.16563002758732107,0.3061639031463423,candidate,6.0,0.0,0.11726568100997838,0.09117717314004532,6.0
,,,,,,,,,,,,,,,,,,,,,6.0,0279,stage1_1005_best,6,3.411989751228506,0.07636594355728828,3.706760875874151,0.5104166666666666,0.6079545454545454,0.6982828715898196,0.4046595078703912,1.5888869787451494,0.22926879242951986,0.8366637694918325,0.6508585642050903,6.0,1.957349044136578,0.6757554780997332,2.100317001517112,0.3333333333333333,0.5771068486542165,3.540537334820982,0.6875714383659,0.5184700940122892,,,,,provisional,0.0,0.0,,,,,,,,,,,,,,,,0.16563002758732107,0.3061639031463423,selected,6.0,0.0,0.11726568100997838,0.09117717314004532,6.0
,,,,,,,,,,,,,,,,,,,,,6.0,0279,stage1_1005_best,6,3.406671947399909,0.07639100925283762,3.705174795282615,0.5104166666666666,0.6079545454545454,0.69780941342739,0.4046060307056645,1.5883746560779202,0.22913288772759505,0.8367502779451468,0.6510952932863051,6.0,1.9507022746897422,0.6711720059593793,2.113681812820182,0.3333333333333333,0.5664410731035769,3.5443521382366043,0.6860119055694042,0.5201166166404515,,,,,final,0.0,0.0,,,,,,,,,,,,,,,,0.16564353259658582,0.3061239580929929,candidate,6.0,0.0,0.11464565183842564,0.09236655618794835,6.0
0.18361903246821493,4.267079330210519,0.3434036971564478,0.2444094130705142,3.77431433606351,0.3465024203117776,0.08566071897831287,4.379799685389385,0.4177000243199365,0.17746082588372863,3.4933987422714368,0.5540604223841428,0.18251962735927066,4.463789257239935,0.3006378254710321,0.025481936128879574,0.02951584601038222,0.13886492452825305,0.0241062165991025,0.028322723707377928,0.13765442175262535,6.0,0279,stage1_1005_best,6,3.406671947399909,0.07639100925283762,3.705174795282615,0.5104166666666666,0.6079545454545454,0.69780941342739,0.4046060307056645,1.5883746560779202,0.22913288772759505,0.8367502779451468,0.6510952932863051,6.0,1.9507022746897422,0.6711720059593793,2.113681812820182,0.3333333333333333,0.5664410731035769,3.5443521382366043,0.6860119055694042,0.5201166166404515,0.15704162418842316,0.25207416986996495,2.951512334514478,3.7357924951261507,final,0.0,0.0,0.0002920268708719984,0.0024948812949744732,0.0053027341435205565,3.626644298302631,0.1560038270365906,4.37818537976034,0.34171986120298936,1.2475640850475531,0.29296875,0.04057189266739079,0.2576849237257,0.3218617081535797,1.9925533803347566,0.34171986120298936,0.7532037593110236,0.16564353259658582,0.3061239580929929,selected,6.0,0.0,0.11464565183842564,0.09236655618794835,6.0
,,,,,,,,,,,,,,,,,,,,,6.0,0280,stage1_1005_best,6,3.312875480720319,0.07823821926760435,3.654565147474122,0.515625,0.6193181818181818,0.6929969794009107,0.4041516214070982,1.580670936865203,0.22695215420522283,0.8418997418506885,0.6535015102995447,6.0,1.8136433894900164,0.6774581081508441,2.1408815616007275,0.3333333333333333,0.5797433619626587,4.375855376603857,0.8235278999835339,0.396066381953006,,,,,base,0.0,0.0,,,,,,,,,,,,,,,,0.16542944013474203,0.30629119050216036,candidate,6.0,0.0,0.172319331565145,0.12896196581248826,6.0
,,,,,,,,,,,,,,,,,,,,,6.0,0280,stage1_1005_best,6,3.312875480720319,0.07823821926760435,3.654565147474122,0.515625,0.6193181818181818,0.6929969794009107,0.4041516214070982,1.580670936865203,0.22695215420522283,0.8418997418506885,0.6535015102995447,6.0,1.8136433894900164,0.6774581081508441,2.1408815616007275,0.3333333333333333,0.5797433619626587,4.375855376603857,0.8235278999835339,0.396066381953006,,,,,base,0.0,0.0,,,,,,,,,,,,,,,,0.16542944013474203,0.30629119050216036,selected,6.0,0.0,0.172319331565145,0.12896196581248826,6.0
,,,,,,,,,,,,,,,,,,,,,6.0,0280,stage1_1005_best,6,3.2254421585241873,0.07666484713095918,3.516033979474938,0.5260416666666666,0.625,0.6841381009385125,0.41585458065619085,1.5579794732232262,0.21932756522240243,0.8508237002560782,0.6579309495307438,6.0,1.3721941507686342,0.5301417946159356,2.1949360836400307,0.6666666666666666,0.46008521933237906,3.0809941622294446,0.6195682800125446,0.5395928610887855,,,,,provisional,0.0,0.0,,,,,,,,,,,,,,,,0.16539649903242315,0.3078577278751661,candidate,6.0,0.0,0.13583926408435512,0.18937560278256158,6.0
,,,,,,,,,,,,,,,,,,,,,6.0,0280,stage1_1005_best,6,3.2254421585241873,0.07666484713095918,3.516033979474938,0.5260416666666666,0.625,0.6841381009385125,0.41585458065619085,1.5579794732232262,0.21932756522240243,0.8508237002560782,0.6579309495307438,6.0,1.3721941507686342,0.5301417946159356,2.1949360836400307,0.6666666666666666,0.46008521933237906,3.0809941622294446,0.6195682800125446,0.5395928610887855,,,,,provisional,0.0,0.0,,,,,,,,,,,,,,,,0.16539649903242315,0.3078577278751661,selected,6.0,0.0,0.13583926408435512,0.18937560278256158,6.0
,,,,,,,,,,,,,,,,,,,,,6.0,0280,stage1_1005_best,6,3.2262942775325327,0.0767495111771727,3.518273725310042,0.5260416666666666,0.625,0.6845185331324366,0.4156386479836378,1.5585321625367214,0.21950626451227026,0.8506623504832701,0.6577407334337817,6.0,1.3706423015645604,0.5333227579538481,2.1922577032430484,0.6666666666666666,0.4636430832546172,3.1072771389209577,0.6244533450342649,0.534240437590492,,,,,final,0.0,0.0,,,,,,,,,,,,,,,,0.1654287048951197,0.30776739826830346,candidate,6.0,0.0,0.1373563981918468,0.18808513871199134,6.0
0.2009430703831299,3.747901176306875,0.3552178919100962,0.19843864121801275,3.5073876694663912,0.4066107705242657,0.13358681928443739,4.026428839456169,0.37344069255984086,0.24900535933027548,4.085485751433889,0.30135436309849695,0.19951663679769424,4.050011871156155,0.3737253904050663,0.01640406619195306,0.054067674224442745,0.11367769580602884,0.01698351376542434,0.05514483893493612,0.11383688780801281,6.0,0280,stage1_1005_best,6,3.2262942775325327,0.0767495111771727,3.518273725310042,0.5260416666666666,0.625,0.6845185331324366,0.4156386479836378,1.5585321625367214,0.21950626451227026,0.8506623504832701,0.6577407334337817,6.0,1.3706423015645604,0.5333227579538481,2.1922577032430484,0.6666666666666666,0.4636430832546172,3.1072771389209577,0.6244533450342649,0.534240437590492,0.11773519217967987,0.2372335199921898,2.626364381949385,2.8905946705212173,final,0.0,0.0,0.00012438959776190744,0.0016499615615870988,0.0031202378036113212,3.7578903453444776,0.19713039413824698,4.467388598430942,0.45911791795329554,1.1491753893109213,0.241943359375,0.03886284484908961,0.2349854479487773,0.3575169059220299,2.3858213059758677,0.45911791795329554,0.655013266278078,0.1654287048951197,0.30776739826830346,selected,6.0,0.0,0.1373563981918468,0.18808513871199134,6.0
,,,,,,,,,,,,,,,,,,,,,6.0,0281,stage1_1005_best,6,3.7054536771773354,0.07696089035327604,4.037567352154192,0.484375,0.5880681818181818,0.7188516115410583,0.37515322875396334,1.6242653125291608,0.24075154338314814,0.8275992731094396,0.6405741942294708,6.0,1.7481297111733098,0.7972068270853073,1.8404531224986131,0.3333333333333333,0.7019675424857855,4.665082063042701,0.8585581301653289,0.3454359107590171,,,,,base,0.0,0.0,,,,,,,,,,,,,,,,0.1666207251139302,0.30579919366745667,candidate,6.0,0.0,0.2453570696170695,0.10113785548383802,6.0
,,,,,,,,,,,,,,,,,,,,,6.0,0281,stage1_1005_best,6,3.7054536771773354,0.07696089035327604,4.037567352154192,0.484375,0.5880681818181818,0.7188516115410583,0.37515322875396334,1.6242653125291608,0.24075154338314814,0.8275992731094396,0.6405741942294708,6.0,1.7481297111733098,0.7972068270853073,1.8404531224986131,0.3333333333333333,0.7019675424857855,4.665082063042701,0.8585581301653289,0.3454359107590171,,,,,base,0.0,0.0,,,,,,,,,,,,,,,,0.1666207251139302,0.30579919366745667,selected,6.0,0.0,0.2453570696170695,0.10113785548383802,6.0
,,,,,,,,,,,,,,,,,,,,,6.0,0281,stage1_1005_best,6,3.590067456174994,0.07457322320221116,4.003850158496506,0.46875,0.6022727272727273,0.7117798801458582,0.3736690350830107,1.6001702677711076,0.23440291199450944,0.8331466474494603,0.6441100599270709,6.0,1.8187678980753545,0.4468114265553932,2.6451707665075817,0.3333333333333333,0.3035323677208043,2.8220025385099574,0.5743133889363075,0.6000899209748216,,,,,provisional,0.0,0.0,,,,,,,,,,,,,,,,0.16778784744285108,0.30079815970691515,candidate,6.0,0.0,0.17387550734752827,0.24433703923595326,6.0
,,,,,,,,,,,,,,,,,,,,,6.0,0281,stage1_1005_best,6,3.590067456174994,0.07457322320221116,4.003850158496506,0.46875,0.6022727272727273,0.7117798801458582,0.3736690350830107,1.6001702677711076,0.23440291199450944,0.8331466474494603,0.6441100599270709,6.0,1.8187678980753545,0.4468114265553932,2.6451707665075817,0.3333333333333333,0.3035323677208043,2.8220025385099574,0.5743133889363075,0.6000899209748216,,,,,provisional,0.0,0.0,,,,,,,,,,,,,,,,0.16778784744285108,0.30079815970691515,selected,6.0,0.0,0.17387550734752827,0.24433703923595326,6.0
,,,,,,,,,,,,,,,,,,,,,6.0,0281,stage1_1005_best,6,3.5897772397568333,0.07459807843525319,4.0052453703834034,0.46875,0.6022727272727273,0.7114698608756853,0.37352847757992796,1.6002149189822867,0.2344083874028328,0.8330138292333213,0.6442650695621573,6.0,1.813018936964218,0.4494280342792398,2.635456377323815,0.3333333333333333,0.3084246119493106,2.8359876724525415,0.5770965051056814,0.5977909086355083,,,,,final,0.0,0.0,,,,,,,,,,,,,,,,0.16777997089018187,0.3007865414636751,candidate,6.0,0.0,0.17421259658781763,0.24388817504306826,6.0
0.22083531347746116,3.6666208456268508,0.3293772431550485,0.19269522145835383,3.4830600689499316,0.3552299274349916,0.13072316728836242,4.194690512401477,0.2842851492533457,0.28067130956775466,3.5593255147963005,0.46259482629661436,0.19787938246717646,3.8981149346955153,0.4495972751013667,0.04300351807621903,0.10006841202906631,0.1481446427742335,0.04341776113651219,0.09892881366656346,0.1488497730930545,6.0,0281,stage1_1005_best,6,3.5897772397568333,0.07459807843525319,4.0052453703834034,0.46875,0.6022727272727273,0.7114698608756853,0.37352847757992796,1.6002149189822867,0.2344083874028328,0.8330138292333213,0.6442650695621573,6.0,1.813018936964218,0.4494280342792398,2.635456377323815,0.3333333333333333,0.3084246119493106,2.8359876724525415,0.5770965051056814,0.5977909086355083,0.09918542206287384,0.24804894068057964,2.8679413354528314,3.170438194289932,final,0.0,0.0,5.258864441016819e-05,0.0015036103051393312,0.0019568543274614244,3.3649936682780446,0.2190333767100002,4.076118056331709,0.4345212135187603,1.1612506042460928,0.2921142578125,0.036453554372065995,0.23411019887201645,0.35926789225067934,2.3555289271756434,0.4345212135187603,0.6783644406145424,0.16777997089018187,0.3007865414636751,selected,6.0,0.0,0.17421259658781763,0.24388817504306826,6.0
,,,,,,,,,,,,,,,,,,,,,6.0,0282,stage1_1005_best,6,3.44076163829495,0.07697398284910748,3.788038632095892,0.5104166666666666,0.6079545454545454,0.6979712045873611,0.3963834970674368,1.5959612142163782,0.23188993903949054,0.833652910084032,0.6510143977063194,6.0,1.5245566630289002,0.7094064017029361,1.8589536963866382,0.6666666666666666,0.6663428303738735,4.472745370373648,0.8358539867124333,0.364319790927194,,,,,base,0.0,0.0,,,,,,,,,,,,,,,,0.16451885733384566,0.30620857940696816,candidate,6.0,0.0,0.19440667830286962,0.11686617864293854,6.0
,,,,,,,,,,,,,,,,,,,,,6.0,0282,stage1_1005_best,6,3.44076163829495,0.07697398284910748,3.788038632095892,0.5104166666666666,0.6079545454545454,0.6979712045873611,0.3963834970674368,1.5959612142163782,0.23188993903949054,0.833652910084032,0.6510143977063194,6.0,1.5245566630289002,0.7094064017029361,1.8589536963866382,0.6666666666666666,0.6663428303738735,4.472745370373648,0.8358539867124333,0.364319790927194,,,,,base,0.0,0.0,,,,,,,,,,,,,,,,0.16451885733384566,0.30620857940696816,selected,6.0,0.0,0.19440667830286962,0.11686617864293854,6.0
,,,,,,,,,,,,,,,,,,,,,6.0,0282,stage1_1005_best,6,3.421287834363976,0.07546750702257048,3.827859477693225,0.4791666666666667,0.6221590909090909,0.6897269138349656,0.3898929327555399,1.5836318691797684,0.22814614509933426,0.834798185209423,0.6551365430825171,6.0,1.6087808157261603,0.6623617379268596,2.0536385664978205,0.3333333333333333,0.5768169302982055,3.940760196810911,0.762952318127149,0.46722240477416105,,,,,provisional,0.0,0.0,,,,,,,,,,,,,,,,0.16497494775166985,0.30501280992234764,candidate,6.0,0.0,0.176304021154967,0.16869541124325882,6.0
,,,,,,,,,,,,,,,,,,,,,6.0,0282,stage1_1005_best,6,3.421287834363976,0.07546750702257048,3.827859477693225,0.4791666666666667,0.6221590909090909,0.6897269138349656,0.3898929327555399,1.5836318691797684,0.22814614509933426,0.834798185209423,0.6551365430825171,6.0,1.6087808157261603,0.6623617379268596,2.0536385664978205,0.3333333333333333,0.5768169302982055,3.940760196810911,0.762952318127149,0.46722240477416105,,,,,provisional,0.0,0.0,,,,,,,,,,,,,,,,0.16497494775166985,0.30501280992234764,selected,6.0,0.0,0.176304021154967,0.16869541124325882,6.0
,,,,,,,,,,,,,,,,,,,,,6.0,0282,stage1_1005_best,6,3.4160501121016917,0.07550757138577192,3.82167235744612,0.4791666666666667,0.6221590909090909,0.6896651204891485,0.3904571671248963,1.583137467181837,0.22798117033529774,0.8350277863725187,0.6551674397554258,6.0,1.5569678188350258,0.6657273206149656,2.013736464694745,0.3333333333333333,0.5886772587079925,3.926034119983079,0.7611087506719175,0.46257822457034464,,,,,final,0.0,0.0,,,,,,,,,,,,,,,,0.16497614642563496,0.30502041472475316,candidate,6.0,0.0,0.1753005271042211,0.17083772266067346,6.0
0.25338386057707635,3.8481003248781263,0.36707039966970473,0.25512761016581637,3.144971410195175,0.5756213684255211,0.16379983675184917,4.179503193728335,0.3309208497755055,0.2319853577550017,4.059081420383248,0.4468858869629283,0.2336454494335303,3.6220654271721844,0.42583501888520714,0.02684291642784856,0.062075104875892295,0.11580142929666287,0.026756656006437132,0.06302622810387133,0.11548617462335348,6.0,0282,stage1_1005_best,6,3.4160501121016917,0.07550757138577192,3.82167235744612,0.4791666666666667,0.6221590909090909,0.6896651204891485,0.3904571671248963,1.583137467181837,0.22798117033529774,0.8350277863725187,0.6551674397554258,6.0,1.5569678188350258,0.6657273206149656,2.013736464694745,0.3333333333333333,0.5886772587079925,3.926034119983079,0.7611087506719175,0.46257822457034464,0.1666923463344574,0.2957154011665688,2.772533991076219,2.404648735673755,final,0.0,0.0,0.00029664261986768426,0.0036123767742617815,0.006481570554936045,3.177086781784875,0.1975682847308625,3.943681842879283,0.3589688545614461,1.212542334260606,0.281982421875,0.036658289929576086,0.24522725446295143,0.34479440509040293,2.0944106051042564,0.3589688545614461,0.7416536761372196,0.16497614642563496,0.30502041472475316,selected,6.0,0.0,0.1753005271042211,0.17083772266067346,6.0
,,,,,,,,,,,,,,,,,,,,,6.0,0283,stage1_1005_best,6,2.8920399476492067,0.09068426911594697,3.303418490212928,0.4791666666666667,0.6789772727272727,0.5497378245802985,0.4323894547195725,1.6387977707708525,0.23571745438676825,0.8278991841646569,0.7251310877098507,6.0,2.1227438197944317,0.7965460941373274,1.876955727560746,0.4,0.7590353612979174,4.460172029566003,0.8309209005505547,0.40178276241446936,,,,,base,0.0,0.0,,,,,,,,,,,,,,,,0.17023394616951656,0.26208991771506535,candidate,6.0,0.0,0.20578680538639357,0.08822027764099086,6.0
,,,,,,,,,,,,,,,,,,,,,6.0,0283,stage1_1005_best,6,2.8920399476492067,0.09068426911594697,3.303418490212928,0.4791666666666667,0.6789772727272727,0.5497378245802985,0.4323894547195725,1.6387977707708525,0.23571745438676825,0.8278991841646569,0.7251310877098507,6.0,2.1227438197944317,0.7965460941373274,1.876955727560746,0.4,0.7590353612979174,4.460172029566003,0.8309209005505547,0.40178276241446936,,,,,base,0.0,0.0,,,,,,,,,,,,,,,,0.17023394616951656,0.26208991771506535,selected,6.0,0.0,0.20578680538639357,0.08822027764099086,6.0
,,,,,,,,,,,,,,,,,,,,,6.0,0283,stage1_1005_best,6,2.8363419460258315,0.0915604882402187,3.2572254772097042,0.484375,0.6931818181818182,0.5414177534135665,0.43411929978764513,1.6189820019878975,0.2293035140014024,0.832384552843593,0.7292911232932169,6.0,2.2033155486844334,0.6280429046605024,1.9805091252227216,0.4,0.732280485962488,3.890333010625106,0.7501712164377223,0.44518804654437893,,,,,provisional,0.0,0.0,,,,,,,,,,,,,,,,0.17194428081095148,0.26022174502104145,candidate,6.0,0.0,0.1770644997285871,0.163291640750638,6.0
,,,,,,,,,,,,,,,,,,,,,6.0,0283,stage1_1005_best,6,2.8363419460258315,0.0915604882402187,3.2572254772097042,0.484375,0.6931818181818182,0.5414177534135665,0.43411929978764513,1.6189820019878975,0.2293035140014024,0.832384552843593,0.7292911232932169,6.0,2.2033155486844334,0.6280429046605024,1.9805091252227216,0.4,0.732280485962488,3.890333010625106,0.7501712164377223,0.44518804654437893,,,,,provisional,0.0,0.0,,,,,,,,,,,,,,,,0.17194428081095148,0.26022174502104145,selected,6.0,0.0,0.1770644997285871,0.163291640750638,6.0
,,,,,,,,,,,,,,,,,,,,,6.0,0283,stage1_1005_best,6,2.8346380448052715,0.09154054792813282,3.257138043504097,0.484375,0.6931818181818182,0.541403363125196,0.4339714890081664,1.61838210087598,0.22910423101611835,0.8325210083008378,0.729298318437402,6.0,2.215761014445768,0.6347827321298001,1.9666506269688557,0.4,0.736649740602735,3.907965341511562,0.7530795605953536,0.4429502983280777,,,,,final,0.0,0.0,,,,,,,,,,,,,,,,0.17192035560101734,0.26030888856120254,candidate,6.0,0.0,0.1776935269433055,0.16199594606090723,6.0
0.12805791367854855,4.644493188872088,0.3487895912235446,0.1201594481169969,4.1809558156390665,0.33380773699809413,0.056936268857066166,3.775523277830414,0.5488546568824724,0.1286541076586211,4.691936090678055,0.3614377834634986,0.12595928453081356,4.361028481113521,0.35972452304229857,0.03585150109959641,0.0389561966734044,0.2012453690399869,0.03674494247183178,0.03922328264815799,0.20479055622442813,6.0,0283,stage1_1005_best,6,2.8346380448052715,0.09154054792813282,3.257138043504097,0.484375,0.6931818181818182,0.541403363125196,0.4339714890081664,1.61838210087598,0.22910423101611835,0.8325210083008378,0.729298318437402,6.0,2.215761014445768,0.6347827321298001,1.9666506269688557,0.4,0.736649740602735,3.907965341511562,0.7530795605953536,0.4429502983280777,0.21250200271606445,0.1378644052493932,2.7007170817835493,3.9045369860755974,final,0.0,0.0,0.00017920812683541623,0.001606088681190149,0.009302970904047561,4.056246162319675,0.13149144611840097,4.828996891611427,0.3443584562499874,1.263781255718571,0.244140625,0.04245826326489415,0.2660554048161755,0.3058550367031494,1.9660627330088754,0.3443584562499874,0.7495170781061622,0.17192035560101734,0.26030888856120254,selected,6.0,0.0,0.1776935269433055,0.16199594606090723,6.0
,,,,,,,,,,,,,,,,,,,,,6.0,0284,stage1_1005_best,6,3.148172487245207,0.09068610680302859,3.430659356379104,0.4895833333333333,0.6903409090909091,0.559169816356756,0.42571667720804457,1.6628405967310869,0.2437385208311363,0.8225704549158152,0.720415091821622,6.0,2.7382429445725047,0.7153903417035843,2.076304693664173,0.4,0.7216234570292294,4.483189385019089,0.8357829813285832,0.4110258158967822,,,,,base,0.0,0.0,,,,,,,,,,,,,,,,0.1725708206264393,0.2603154820718213,candidate,6.0,0.0,0.2109508340383115,0.10759333799059291,6.0
,,,,,,,,,,,,,,,,,,,,,6.0,0284,stage1_1005_best,6,3.148172487245207,0.09068610680302859,3.430659356379104,0.4895833333333333,0.6903409090909091,0.559169816356756,0.42571667720804457,1.6628405967310869,0.2437385208311363,0.8225704549158152,0.720415091821622,6.0,2.7382429445725047,0.7153903417035843,2.076304693664173,0.4,0.7216234570292294,4.483189385019089,0.8357829813285832,0.4110258158967822,,,,,base,0.0,0.0,,,,,,,,,,,,,,,,0.1725708206264393,0.2603154820718213,selected,6.0,0.0,0.2109508340383115,0.10759333799059291,6.0
,,,,,,,,,,,,,,,,,,,,,6.0,0284,stage1_1005_best,6,3.1070931893222418,0.08852962818468917,3.3969966713402493,0.4947916666666667,0.6960227272727273,0.5452416614723236,0.423006824738581,1.6305319636186777,0.23259038709336075,0.8318859278370078,0.7273791692638383,6.0,2.4522983461937233,0.502803530871346,2.9797364857760926,0.4,0.48797026962306383,3.6541947778808797,0.6971747747802765,0.5276039002158116,,,,,provisional,0.0,0.0,,,,,,,,,,,,,,,,0.17152382932371976,0.25995511458917697,candidate,6.0,0.0,0.17159497991018952,0.16923392262824632,6.0
,,,,,,,,,,,,,,,,,,,,,6.0,0284,stage1_1005_best,6,3.1070931893222418,0.08852962818468917,3.3969966713402493,0.4947916666666667,0.6960227272727273,0.5452416614723236,0.423006824738581,1.6305319636186777,0.23259038709336075,0.8318859278370078,0.7273791692638383,6.0,2.4522983461937233,0.502803530871346,2.9797364857760926,0.4,0.48797026962306383,3.6541947778808797,0.6971747747802765,0.5276039002158116,,,,,provisional,0.0,0.0,,,,,,,,,,,,,,,,0.17152382932371976,0.25995511458917697,selected,6.0,0.0,0.17159497991018952,0.16923392262824632,6.0
,,,,,,,,,,,,,,,,,,,,,6.0,0284,stage1_1005_best,6,3.111820954116467,0.08839818874408305,3.3987261332685716,0.4947916666666667,0.6960227272727273,0.5455419338609722,0.42287545098613455,1.6307520633742378,0.23269134160561897,0.8319013027546461,0.7272290330695138,6.0,2.4608095279213877,0.5090083758624897,2.940656554531295,0.4,0.501921397181615,3.7079672206325,0.7083482805645874,0.5141156798771617,,,,,final,0.0,0.0,,,,,,,,,,,,,,,,0.17136404568345276,0.25997479963510456,candidate,6.0,0.0,0.17380445808376557,0.1656926265265466,6.0
0.16873017991701575,4.409363248390972,0.3127166127073129,0.12117292198067348,4.474140055109324,0.32948815214149574,0.10740882888261186,5.477921773976744,0.21887530812991196,0.14733090607332264,4.527528726134247,0.3172340003929812,0.1513306536730753,4.616735504028787,0.295929800978572,0.04930767486393773,0.05508946495408612,0.24265610725617184,0.04975667731617952,0.05555665645174659,0.24702231214260303,6.0,0284,stage1_1005_best,6,3.111820954116467,0.08839818874408305,3.3987261332685716,0.4947916666666667,0.6960227272727273,0.5455419338609722,0.42287545098613455,1.6307520633742378,0.23269134160561897,0.8319013027546461,0.7272290330695138,6.0,2.4608095279213877,0.5090083758624897,2.940656554531295,0.4,0.501921397181615,3.7079672206325,0.7083482805645874,0.5141156798771617,0.21761147677898407,0.12903375119573196,3.0523036777668793,4.772051142194677,final,0.0,0.0,0.0003818418251840575,0.0023802044933387235,0.01627040091333238,3.9935251615413576,0.1474139163116052,4.774516816333639,0.3662503109055681,1.2450996803057617,0.237060546875,0.04443683822657611,0.2587474095446957,0.3163564279958493,2.0434694254321197,0.3662503109055681,0.7284989530011292,0.17136404568345276,0.25997479963510456,selected,6.0,0.0,0.17380445808376557,0.1656926265265466,6.0
,,,,,,,,,,,,,,,,,,,,,6.0,0285,stage1_1005_best,6,3.2538650679542225,0.08667965698893071,3.576903322533257,0.4583333333333333,0.6789772727272727,0.5613145639765791,0.4027198138553397,1.6507423481097583,0.238647636694156,0.8284246147386175,0.7193427180117106,6.0,1.948596020281518,0.789367690993149,1.7088274097654783,0.6,0.8045843293325172,4.7841940965003165,0.8709360269297597,0.3365287666935438,,,,,base,0.0,0.0,,,,,,,,,,,,,,,,0.1689814581972488,0.2627120489677783,candidate,6.0,0.0,0.16781926388970453,0.07043797919937135,6.0
,,,,,,,,,,,,,,,,,,,,,6.0,0285,stage1_1005_best,6,3.2538650679542225,0.08667965698893071,3.576903322533257,0.4583333333333333,0.6789772727272727,0.5613145639765791,0.4027198138553397,1.6507423481097583,0.238647636694156,0.8284246147386175,0.7193427180117106,6.0,1.948596020281518,0.789367690993149,1.7088274097654783,0.6,0.8045843293325172,4.7841940965003165,0.8709360269297597,0.3365287666935438,,,,,base,0.0,0.0,,,,,,,,,,,,,,,,0.1689814581972488,0.2627120489677783,selected,6.0,0.0,0.16781926388970453,0.07043797919937135,6.0
,,,,,,,,,,,,,,,,,,,,,6.0,0285,stage1_1005_best,6,3.1160155022030125,0.08847962957317629,3.456810890969079,0.46875,0.6704545454545454,0.5651827787844522,0.41973623083938616,1.656481649061784,0.24109601453002302,0.8236814037049465,0.7174086106077738,6.0,1.734303318397735,0.5628838011709768,2.3366045988828734,0.6,0.5543210630907889,3.175397949164455,0.6411680040420141,0.5078064199556233,,,,,provisional,0.0,0.0,,,,,,,,,,,,,,,,0.17228816271611502,0.2612452139421732,candidate,6.0,0.0,0.14419905954280263,0.12651200947483657,6.0
,,,,,,,,,,,,,,,,,,,,,6.0,0285,stage1_1005_best,6,3.1160155022030125,0.08847962957317629,3.456810890969079,0.46875,0.6704545454545454,0.5651827787844522,0.41973623083938616,1.656481649061784,0.24109601453002302,0.8236814037049465,0.7174086106077738,6.0,1.734303318397735,0.5628838011709768,2.3366045988828734,0.6,0.5543210630907889,3.175397949164455,0.6411680040420141,0.5078064199556233,,,,,provisional,0.0,0.0,,,,,,,,,,,,,,,,0.17228816271611502,0.2612452139421732,selected,6.0,0.0,0.14419905954280263,0.12651200947483657,6.0
,,,,,,,,,,,,,,,,,,,,,6.0,0285,stage1_1005_best,6,3.1158062043910806,0.08849175539946644,3.4559768666859454,0.46875,0.6704545454545454,0.5648008049657581,0.4196555189314547,1.6562695135128525,0.24101113134394048,0.8237932060343134,0.7175995975171209,6.0,1.7519773373739898,0.5636639042389002,2.344665377704473,0.4,0.5561328457011252,3.1984446767401744,0.6451431400723098,0.5027356037146655,,,,,final,0.0,0.0,,,,,,,,,,,,,,,,0.17219683588532803,0.2612135561035651,candidate,6.0,0.0,0.14468505445210075,0.12513207705163432,6.0
0.1621190682761859,4.332717543405181,0.32536709800006514,0.19100715009961233,4.4259517121810985,0.3298698951030655,0.12039347049091918,2.5893780541236957,0.7228605034728222,0.17469002296650343,3.5940386196554757,0.5472494930386128,0.16728675469239607,4.662080684709096,0.25905068888618465,0.03721167721869682,0.05670119341070228,0.2266858626720086,0.03685014713354671,0.057440113270544296,0.22974999376223937,6.0,0285,stage1_1005_best,6,3.1158062043910806,0.08849175539946644,3.4559768666859454,0.46875,0.6704545454545454,0.5648008049657581,0.4196555189314547,1.6562695135128525,0.24101113134394048,0.8237932060343134,0.7175995975171209,6.0,1.7519773373739898,0.5636639042389002,2.344665377704473,0.4,0.5561328457011252,3.1984446767401744,0.6451431400723098,0.5027356037146655,0.2236167937517166,0.21782318045261684,2.9164769164428375,4.089245556777812,final,0.0,0.0,0.0002911052820022387,0.0019850520522102714,0.009922750202169232,3.7063892242625176,0.1481922197192044,4.388574583769127,0.33757415567018983,1.2423917020414998,0.345703125,0.03825233795688452,0.25864534633786906,0.32281854680831473,1.9639579137280605,0.33757415567018983,0.7600142663254871,0.17219683588532803,0.2612135561035651,selected,6.0,0.0,0.14468505445210075,0.12513207705163432,6.0
,,,,,,,,,,,,,,,,,,,,,6.0,0286,stage1_1005_best,6,2.992842042005166,0.08802475320697746,3.3733993630892676,0.484375,0.6875,0.5580529487777862,0.4280310001371926,1.642719113575211,0.23940402806394737,0.827331692604795,0.720973525611107,6.0,2.351610536538748,0.8520579037435093,1.5197808173754053,0.4,0.8701572629806842,4.915746786223627,0.8883559458494168,0.3284475779838745,,,,,base,0.0,0.0,,,,,,,,,,,,,,,,0.16854200640269884,0.26443033983758263,candidate,6.0,0.0,0.14313821715272732,0.0420617953986452,6.0
,,,,,,,,,,,,,,,,,,,,,6.0,0286,stage1_1005_best,6,2.992842042005166,0.08802475320697746,3.3733993630892676,0.484375,0.6875,0.5580529487777862,0.4280310001371926,1.642719113575211,0.23940402806394737,0.827331692604795,0.720973525611107,6.0,2.351610536538748,0.8520579037435093,1.5197808173754053,0.4,0.8701572629806842,4.915746786223627,0.8883559458494168,0.3284475779838745,,,,,base,0.0,0.0,,,,,,,,,,,,,,,,0.16854200640269884,0.26443033983758263,selected,6.0,0.0,0.14313821715272732,0.0420617953986452,6.0
,,,,,,,,,,,,,,,,,,,,,6.0,0286,stage1_1005_best,6,2.952276627629435,0.08680435889914341,3.3646663133276906,0.4791666666666667,0.6846590909090909,0.5505531053548199,0.4246714529626328,1.6285125863649978,0.23404669111103338,0.8325515480943162,0.7247234473225901,6.0,1.6599454586639713,0.6896115647999111,1.775806183803453,0.6,0.7670230346411324,3.5134870210546767,0.6959083629819859,0.43788411185472,,,,,provisional,0.0,0.0,,,,,,,,,,,,,,,,0.16695265487883712,0.265229025646219,candidate,6.0,0.0,0.12852362481228768,0.07907488111785027,6.0
,,,,,,,,,,,,,,,,,,,,,6.0,0286,stage1_1005_best,6,2.952276627629435,0.08680435889914341,3.3646663133276906,0.4791666666666667,0.6846590909090909,0.5505531053548199,0.4246714529626328,1.6285125863649978,0.23404669111103338,0.8325515480943162,0.7247234473225901,6.0,1.6599454586639713,0.6896115647999111,1.775806183803453,0.6,0.7670230346411324,3.5134870210546767,0.6959083629819859,0.43788411185472,,,,,provisional,0.0,0.0,,,,,,,,,,,,,,,,0.16695265487883712,0.265229025646219,selected,6.0,0.0,0.12852362481228768,0.07907488111785027,6.0
,,,,,,,,,,,,,,,,,,,,,6.0,0286,stage1_1005_best,6,2.9411997679699304,0.08690377540867715,3.3579740095888537,0.4791666666666667,0.6846590909090909,0.5498985807152578,0.4250663930176424,1.6279052413037156,0.233751624052195,0.8327918832976708,0.7250507096423712,6.0,1.7437658369793894,0.6597834134914577,1.8395457801122332,0.4,0.7503096433185059,3.520434843909294,0.6962135586002779,0.43857761055362987,,,,,final,0.0,0.0,,,,,,,,,,,,,,,,0.16688940812204942,0.2651646876557869,candidate,6.0,0.0,0.12689222284813198,0.083952816759441,6.0
0.1634863557137431,4.612797005026076,0.2684594233896849,0.1524796790371333,4.549782466226464,0.3510016513142881,0.10372622088340072,4.285145483432,0.3946337229911369,0.16604534213806596,3.738593452110407,0.5612091099964542,0.15185094348810546,4.652803778702089,0.3426218830013394,0.038368285510749035,0.031013274873492494,0.20763389297717857,0.032186929306440244,0.02889403511132672,0.20587586451029774,6.0,0286,stage1_1005_best,6,2.9411997679699304,0.08690377540867715,3.3579740095888537,0.4791666666666667,0.6846590909090909,0.5498985807152578,0.4250663930176424,1.6279052413037156,0.233751624052195,0.8327918832976708,0.7250507096423712,6.0,1.7437658369793894,0.6597834134914577,1.8395457801122332,0.4,0.7503096433185059,3.520434843909294,0.6962135586002779,0.43857761055362987,0.20832224190235138,0.1719700978173881,2.639032351613965,3.5909704428269325,final,0.0,0.0,0.0008249416462698132,0.003555026172754163,0.015621563622180645,3.9375699418764962,0.13282306861616372,4.705725257764627,0.33656317912914924,1.2696800160850112,0.28125,0.040824177793955446,0.26622791183687,0.30602803589638716,1.9527279273890676,0.33656317912914924,0.755985999146501,0.16688940812204942,0.2651646876557869,selected,6.0,0.0,0.12689222284813198,0.083952816759441,6.0
,,,,,,,,,,,,,,,,,,,,,6.0,0287,stage1_1005_best,6,2.9812837618274224,0.0867448471719106,3.395146796691804,0.46875,0.6818181818181818,0.5545938164274914,0.4225406927771699,1.6328259184497613,0.2354738672940776,0.8303876937393797,0.7227030917862542,6.0,2.2665565486910215,0.7997502210773516,1.677351684993201,0.4,0.8288127666348523,4.873441083604744,0.8823696209516142,0.3109311239808772,,,,,base,0.0,0.0,,,,,,,,,,,,,,,,0.16685294285953325,0.2662288060046766,candidate,6.0,0.0,0.13348765689210967,0.05052679062289295,6.0
,,,,,,,,,,,,,,,,,,,,,6.0,0287,stage1_1005_best,6,2.9812837618274224,0.0867448471719106,3.395146796691804,0.46875,0.6818181818181818,0.5545938164274914,0.4225406927771699,1.6328259184497613,0.2354738672940776,0.8303876937393797,0.7227030917862542,6.0,2.2665565486910215,0.7997502210773516,1.677351684993201,0.4,0.8288127666348523,4.873441083604744,0.8823696209516142,0.3109311239808772,,,,,base,0.0,0.0,,,,,,,,,,,,,,,,0.16685294285953325,0.2662288060046766,selected,6.0,0.0,0.13348765689210967,0.05052679062289295,6.0
,,,,,,,,,,,,,,,,,,,,,6.0,0287,stage1_1005_best,6,2.9926454785854095,0.08623772992806078,3.3820308899744966,0.4635416666666667,0.6846590909090909,0.5501018093560239,0.4250677018789038,1.6292962562392692,0.2344618661198101,0.8303445746464467,0.724949095321988,6.0,1.9949235381935624,0.7274512563756449,1.7506667028091583,0.4,0.8012013052332815,3.8890642693458304,0.7543911330344447,0.3991378679132084,,,,,provisional,0.0,0.0,,,,,,,,,,,,,,,,0.16696750799685753,0.265382273291076,candidate,6.0,0.0,0.12764728225725094,0.07423338951941363,6.0
,,,,,,,,,,,,,,,,,,,,,6.0,0287,stage1_1005_best,6,2.9926454785854095,0.08623772992806078,3.3820308899744966,0.4635416666666667,0.6846590909090909,0.5501018093560239,0.4250677018789038,1.6292962562392692,0.2344618661198101,0.8303445746464467,0.724949095321988,6.0,1.9949235381935624,0.7274512563756449,1.7506667028091583,0.4,0.8012013052332815,3.8890642693458304,0.7543911330344447,0.3991378679132084,,,,,provisional,0.0,0.0,,,,,,,,,,,,,,,,0.16696750799685753,0.265382273291076,selected,6.0,0.0,0.12764728225725094,0.07423338951941363,6.0
,,,,,,,,,,,,,,,,,,,,,6.0,0287,stage1_1005_best,6,2.972405175942582,0.08631889615541369,3.368460040599449,0.4635416666666667,0.6846590909090909,0.5487549695496182,0.4259303401900614,1.6274826624958785,0.233822861863802,0.8310665598935968,0.7256225152251908,6.0,2.004801784872906,0.7232948513448002,1.772902724923136,0.4,0.7958714357095761,3.916075949733739,0.7574067329722748,0.40063687294791317,,,,,final,0.0,0.0,,,,,,,,,,,,,,,,0.16694955229347458,0.2651133354941021,candidate,6.0,0.0,0.1270462102656779,0.0759569488569005,6.0
0.17163497683118742,4.690057259224343,0.31194786538019226,0.19277338459961724,4.571759791892702,0.283878410119164,0.11589404578202153,4.369382067527487,0.32269607899982233,0.1512372453536296,3.6600817799276264,0.5650450414707443,0.16409873280462017,4.757056587165152,0.2731353604434766,0.03184165654905211,0.03061529613906912,0.19851876362551357,0.031710930211887124,0.03250755414309343,0.19597717519334149,6.0,0287,stage1_1005_best,6,2.972405175942582,0.08631889615541369,3.368460040599449,0.4635416666666667,0.6846590909090909,0.5487549695496182,0.4259303401900614,1.6274826624958785,0.233822861863802,0.8310665598935968,0.7256225152251908,6.0,2.004801784872906,0.7232948513448002,1.772902724923136,0.4,0.7958714357095761,3.916075949733739,0.7574067329722748,0.40063687294791317,0.22309811413288116,0.23537051488516264,2.470963863837961,3.8224131380840185,final,0.0,0.0,0.0012793786889503563,0.005146392285061203,0.01345074581095704,3.9306204959488413,0.13622342682621866,4.695189176123338,0.343005127483616,1.2598364016233528,0.270751953125,0.04158881735626103,0.2640584506835824,0.3104093477146545,1.9749089476281931,0.343005127483616,0.7514319622229871,0.16694955229347458,0.2651133354941021,selected,6.0,0.0,0.1270462102656779,0.0759569488569005,6.0
,,,,,,,,,,,,,,,,,,,,,6.0,0288,stage1_1005_best,6,3.5774596288445,0.076388599307143,4.001676883800051,0.4739583333333333,0.59375,0.7195628044875684,0.37027723996811135,1.5963095016479067,0.23167618448697677,0.8353188096620184,0.6402185977562158,6.0,1.8425700258815683,0.7711243108825212,1.8071939156794274,0.4,0.7780251488496465,4.647919599429724,0.8543183481614739,0.3476671782375057,,,,,base,0.0,0.0,,,,,,,,,,,,,,,,0.16752372437463597,0.3048835617366093,candidate,6.0,0.0,0.198456452085027,0.10376642402611148,6.0
,,,,,,,,,,,,,,,,,,,,,6.0,0288,stage1_1005_best,6,3.5774596288445,0.076388599307143,4.001676883800051,0.4739583333333333,0.59375,0.7195628044875684,0.37027723996811135,1.5963095016479067,0.23167618448697677,0.8353188096620184,0.6402185977562158,6.0,1.8425700258815683,0.7711243108825212,1.8071939156794274,0.4,0.7780251488496465,4.647919599429724,0.8543183481614739,0.3476671782375057,,,,,base,0.0,0.0,,,,,,,,,,,,,,,,0.16752372437463597,0.3048835617366093,selected,6.0,0.0,0.198456452085027,0.10376642402611148,6.0
,,,,,,,,,,,,,,,,,,,,,6.0,0288,stage1_1005_best,6,3.527996987834622,0.07700962445492636,3.9668742114422595,0.46875,0.5795454545454546,0.7129098300322881,0.3729422596516069,1.5944377094407438,0.23067600870441216,0.8347404509559556,0.643545084983856,6.0,2.470462615994046,0.4613322411517918,2.603650972382938,0.4,0.5381117119646919,3.3196418975964073,0.6657485815680008,0.5100658521709437,,,,,provisional,0.0,0.0,,,,,,,,,,,,,,,,0.16667643294181264,0.30438808256153493,candidate,6.0,0.0,0.1630448439857028,0.18615466587740032,6.0
,,,,,,,,,,,,,,,,,,,,,6.0,0288,stage1_1005_best,6,3.527996987834622,0.07700962445492636,3.9668742114422595,0.46875,0.5795454545454546,0.7129098300322881,0.3729422596516069,1.5944377094407438,0.23067600870441216,0.8347404509559556,0.643545084983856,6.0,2.470462615994046,0.4613322411517918,2.603650972382938,0.4,0.5381117119646919,3.3196418975964073,0.6657485815680008,0.5100658521709437,,,,,provisional,0.0,0.0,,,,,,,,,,,,,,,,0.16667643294181264,0.30438808256153493,selected,6.0,0.0,0.1630448439857028,0.18615466587740032,6.0
,,,,,,,,,,,,,,,,,,,,,6.0,0288,stage1_1005_best,6,3.530722307766606,0.07702953088471862,3.970088367514745,0.46875,0.5795454545454546,0.7129436237129877,0.37272577803966733,1.5950803428732356,0.23084178737572955,0.8345790776216032,0.6435281881435061,6.0,2.464140608881306,0.464566761839937,2.5787294823228457,0.4,0.5440432725838193,3.3383511404410378,0.66788326514572,0.5062301362345227,,,,,final,0.0,0.0,,,,,,,,,,,,,,,,0.1666390903641839,0.30439172893692906,candidate,6.0,0.0,0.16361295907212,0.18564138917960246,6.0
0.16220979718629147,4.699888436896771,0.28767604381128636,0.14772096778053226,4.723007691950965,0.29311139922100027,0.11742478612161437,4.786243525904455,0.2945800422889128,0.1477638918343012,4.56464375737628,0.33649929722038174,0.16086017796343918,4.9260413119825905,0.27774714119858307,0.037806676275212704,0.03368201319050803,0.20902436302684643,0.03729069440117912,0.033477550330945335,0.21356067458554084,6.0,0288,stage1_1005_best,6,3.530722307766606,0.07702953088471862,3.970088367514745,0.46875,0.5795454545454546,0.7129436237129877,0.37272577803966733,1.5950803428732356,0.23084178737572955,0.8345790776216032,0.6435281881435061,6.0,2.464140608881306,0.464566761839937,2.5787294823228457,0.4,0.5440432725838193,3.3383511404410378,0.66788326514572,0.5062301362345227,0.20589327812194824,0.16600590139593485,2.8984331984627976,4.373292154596084,final,0.0,0.0,0.00028186108614980756,0.001408785403570365,0.010663950152441405,4.030547783618578,0.14393834277668022,4.805787937376374,0.35862700095006567,1.2512793643308973,0.2569580078125,0.04554032754353376,0.2616499800872766,0.3111299618769586,2.007171893932678,0.35862700095006567,0.7375904500900862,0.1666390903641839,0.30439172893692906,selected,6.0,0.0,0.16361295907212,0.18564138917960246,6.0
,,,,,,,,,,,,,,,,,,,,,6.0,0289,stage1_1005_best,6,3.8771606522269897,0.07615846230423892,4.378101040903124,0.40625,0.5568181818181818,0.7277725688856896,0.33813100365598237,1.6329209125546928,0.24210704653547607,0.8227659090777788,0.6361137155571551,6.0,2.4108108135607136,0.7616071801693156,1.8851027943989789,0.4,0.7719575028439738,4.508119078450405,0.8363399905284792,0.37140409857154466,,,,,base,0.0,0.0,,,,,,,,,,,,,,,,0.16721484723138258,0.30533499293024136,candidate,6.0,0.0,0.1731585522422029,0.08701486534862962,6.0
,,,,,,,,,,,,,,,,,,,,,6.0,0289,stage1_1005_best,6,3.8771606522269897,0.07615846230423892,4.378101040903124,0.40625,0.5568181818181818,0.7277725688856896,0.33813100365598237,1.6329209125546928,0.24210704653547607,0.8227659090777788,0.6361137155571551,6.0,2.4108108135607136,0.7616071801693156,1.8851027943989789,0.4,0.7719575028439738,4.508119078450405,0.8363399905284792,0.37140409857154466,,,,,base,0.0,0.0,,,,,,,,,,,,,,,,0.16721484723138258,0.30533499293024136,selected,6.0,0.0,0.1731585522422029,0.08701486534862962,6.0
,,,,,,,,,,,,,,,,,,,,,6.0,0289,stage1_1005_best,6,3.862301800102633,0.07667755688401295,4.4072908144646465,0.390625,0.5795454545454546,0.7216336131059463,0.3364940742622106,1.6349197723555404,0.2423836223113938,0.818959465908302,0.6391831934470268,6.0,2.209000717602271,0.5159834126960852,2.6153235542915017,0.4,0.5563742519970605,3.554788027503321,0.6865813790230438,0.489247873389159,,,,,provisional,0.0,0.0,,,,,,,,,,,,,,,,0.16722540193591545,0.3032762058108954,candidate,6.0,0.0,0.14127708760653884,0.15030705197859423,6.0
,,,,,,,,,,,,,,,,,,,,,6.0,0289,stage1_1005_best,6,3.862301800102633,0.07667755688401295,4.4072908144646465,0.390625,0.5795454545454546,0.7216336131059463,0.3364940742622106,1.6349197723555404,0.2423836223113938,0.818959465908302,0.6391831934470268,6.0,2.209000717602271,0.5159834126960852,2.6153235542915017,0.4,0.5563742519970605,3.554788027503321,0.6865813790230438,0.489247873389159,,,,,provisional,0.0,0.0,,,,,,,,,,,,,,,,0.16722540193591545,0.3032762058108954,selected,6.0,0.0,0.14127708760653884,0.15030705197859423,6.0
,,,,,,,,,,,,,,,,,,,,,6.0,0289,stage1_1005_best,6,3.8654649906671694,0.0766755225660522,4.4112369349801375,0.390625,0.5795454545454546,0.7214778950415524,0.33620975440354633,1.6352749760432517,0.24251468475108473,0.8187617564624389,0.6392610524792238,6.0,2.1813948733633444,0.5153441645171989,2.6090471445921373,0.4,0.5561460335399678,3.5586342042207795,0.6870899600269028,0.4887725263053374,,,,,final,0.0,0.0,,,,,,,,,,,,,,,,0.1671525630898299,0.30329066994786924,candidate,6.0,0.0,0.1407498181166654,0.1510267878801979,6.0
0.16003129781977396,4.671341599835017,0.31683591928015514,0.1253774001838025,4.801618274590503,0.2990042724305131,0.06827314537702228,3.7131938871724075,0.534677488561232,0.13688919892566342,3.993572736532238,0.5056080960182131,0.13668422610169256,4.912703366880174,0.27159928527406885,0.02692105162294356,0.06387974448011982,0.19107033145672694,0.02648295007811279,0.06350865039702937,0.18667057139220114,6.0,0289,stage1_1005_best,6,3.8654649906671694,0.0766755225660522,4.4112369349801375,0.390625,0.5795454545454546,0.7214778950415524,0.33620975440354633,1.6352749760432517,0.24251468475108473,0.8187617564624389,0.6392610524792238,6.0,2.1813948733633444,0.5153441645171989,2.6090471445921373,0.4,0.5561460335399678,3.5586342042207795,0.6870899600269028,0.4887725263053374,0.21738335490226746,0.15619133626621118,2.9949523966644302,4.413947715805803,final,0.0,0.0,0.00011081763943795806,0.002247558218374478,0.010524532147977357,3.775003714725293,0.1385970933959923,4.502727351851094,0.3260939794894535,1.2720801098964385,0.2840576171875,0.04030699467797474,0.2660484709635968,0.3078755917300964,1.930952205729208,0.3260939794894535,0.7695804729991981,0.1671525630898299,0.30329066994786924,selected,6.0,0.0,0.1407498181166654,0.1510267878801979,6.0
,,,,,,,,,,,,,,,,,,,,,6.0,0290,stage1_1005_best,6,3.2946149828977727,0.07510023351977425,3.6232270550532166,0.5104166666666666,0.6051136363636364,0.6930740328705768,0.4078992042321798,1.5621059976654612,0.2214325141951741,0.8447427928531503,0.6534629835647117,6.0,2.9905137550982097,0.720354286252755,2.346854149783188,0.2,0.6797524565226969,4.60463540907354,0.8515989426527575,0.3920396296029815,,,,,base,0.0,0.0,,,,,,,,,,,,,,,,0.16402527463940897,0.30820323226143437,candidate,6.0,0.0,0.19902029647169428,0.096261101627008,6.0
,,,,,,,,,,,,,,,,,,,,,6.0,0290,stage1_1005_best,6,3.2946149828977727,0.07510023351977425,3.6232270550532166,0.5104166666666666,0.6051136363636364,0.6930740328705768,0.4078992042321798,1.5621059976654612,0.2214325141951741,0.8447427928531503,0.6534629835647117,6.0,2.9905137550982097,0.720354286252755,2.346854149783188,0.2,0.6797524565226969,4.60463540907354,0.8515989426527575,0.3920396296029815,,,,,base,0.0,0.0,,,,,,,,,,,,,,,,0.16402527463940897,0.30820323226143437,selected,6.0,0.0,0.19902029647169428,0.096261101627008,6.0
,,,,,,,,,,,,,,,,,,,,,6.0,0290,stage1_1005_best,6,3.292805460891355,0.07308899332797668,3.6862884079520835,0.4895833333333333,0.6136363636363636,0.6902734704533935,0.3987286950722999,1.551158320670034,0.21813810793359836,0.8448890075994777,0.6548632647733033,6.0,2.512644920604975,0.5352168883142525,2.755788235932835,0.2,0.5518127906904655,3.783780486158572,0.732360451180013,0.4623138513843637,,,,,provisional,0.0,0.0,,,,,,,,,,,,,,,,0.16491732685813676,0.3063599910080595,candidate,6.0,0.0,0.1817454281072867,0.15362925907236555,6.0
,,,,,,,,,,,,,,,,,,,,,6.0,0290,stage1_1005_best,6,3.292805460891355,0.07308899332797668,3.6862884079520835,0.4895833333333333,0.6136363636363636,0.6902734704533935,0.3987286950722999,1.551158320670034,0.21813810793359836,0.8448890075994777,0.6548632647733033,6.0,2.512644920604975,0.5352168883142525,2.755788235932835,0.2,0.5518127906904655,3.783780486158572,0.732360451180013,0.4623138513843637,,,,,provisional,0.0,0.0,,,,,,,,,,,,,,,,0.16491732685813676,0.3063599910080595,selected,6.0,0.0,0.1817454281072867,0.15362925907236555,6.0
,,,,,,,,,,,,,,,,,,,,,6.0,0290,stage1_1005_best,6,3.2920890649823895,0.07306949605862788,3.685341165958883,0.4895833333333333,0.6136363636363636,0.6903417252742425,0.398810669172078,1.5511363501411062,0.21813001197877072,0.8449496949013079,0.6548291373628787,6.0,2.5294286427754744,0.533080988915059,2.7766499225791463,0.2,0.5464873622713677,3.7769637736947295,0.7318058387331708,0.46410399017965726,,,,,final,0.0,0.0,,,,,,,,,,,,,,,,0.16494061157557527,0.3063134535223112,candidate,6.0,0.0,0.1815614562429254,0.15427318076859198,6.0
0.16192904456699533,4.539934787242714,0.33760436241204894,0.14136665773124504,4.636668371544921,0.271742619572663,0.11639973107200746,5.311169249533211,0.2625935063583891,0.16589125367067523,4.592607330309488,0.34984579328151366,0.1705671891250905,4.592942364725299,0.27089782240516824,0.04222226546890364,0.06485668027261689,0.17450873066332762,0.041943416183502086,0.06466209657072126,0.17519177927014498,6.0,0290,stage1_1005_best,6,3.2920890649823895,0.07306949605862788,3.685341165958883,0.4895833333333333,0.6136363636363636,0.6903417252742425,0.398810669172078,1.5511363501411062,0.21813001197877072,0.8449496949013079,0.6548291373628787,6.0,2.5294286427754744,0.533080988915059,2.7766499225791463,0.2,0.5464873622713677,3.7769637736947295,0.7318058387331708,0.46410399017965726,0.23482970893383026,0.14144833779112237,3.006102952930666,4.377940997476081,final,0.0,0.0,4.60968888870551e-05,0.0007057715597373395,0.005189738375206472,3.8916903318632285,0.14948267371821983,4.66596481248655,0.36254282571454544,1.2368174590834005,0.2791748046875,0.04411131840510052,0.25694976957956933,0.3198616620946,2.0281496619789867,0.36254282571454544,0.7349122787297986,0.16494061157557527,0.3063134535223112,selected,6.0,0.0,0.1815614562429254,0.15427318076859198,6.0
,,,,,,,,,,,,,,,,,,,,,6.0,0291,stage1_1005_best,6,3.0398358784035087,0.07430473141631935,3.422948944238342,0.5208333333333334,0.625,0.6790172192740372,0.4216041649649083,1.524265370056181,0.20932675103595003,0.8567636600133758,0.6604913903629813,6.0,1.4715126334138182,0.849337160333288,1.6099430791581921,0.6,0.8257276681918944,4.67674423625168,0.8578543425265317,0.3424097524240709,,,,,base,0.0,0.0,,,,,,,,,,,,,,,,0.16387656619174118,0.3066244606693241,candidate,6.0,0.0,0.1681473982423202,0.07676931658713691,6.0
,,,,,,,,,,,,,,,,,,,,,6.0,0291,stage1_1005_best,6,3.0398358784035087,0.07430473141631935,3.422948944238342,0.5208333333333334,0.625,0.6790172192740372,0.4216041649649083,1.524265370056181,0.20932675103595003,0.8567636600133758,0.6604913903629813,6.0,1.4715126334138182,0.849337160333288,1.6099430791581921,0.6,0.8257276681918944,4.67674423625168,0.8578543425265317,0.3424097524240709,,,,,base,0.0,0.0,,,,,,,,,,,,,,,,0.16387656619174118,0.3066244606693241,selected,6.0,0.0,0.1681473982423202,0.07676931658713691,6.0
,,,,,,,,,,,,,,,,,,,,,6.0,0291,stage1_1005_best,6,3.0099680107095224,0.07376935212688271,3.433145949972997,0.5104166666666666,0.6136363636363636,0.6791403533935694,0.4184080979031533,1.516294017949285,0.20609889433066192,0.8574901643042688,0.6604298233032153,6.0,1.834272567263579,0.69049147446832,1.7658750930828124,0.6,0.7736490766033501,3.9707963131190964,0.7676999760175913,0.41488237847119935,,,,,provisional,0.0,0.0,,,,,,,,,,,,,,,,0.16534035496427735,0.30480823118939,candidate,6.0,0.0,0.15042233188496193,0.13197720412262068,6.0
,,,,,,,,,,,,,,,,,,,,,6.0,0291,stage1_1005_best,6,3.0099680107095224,0.07376935212688271,3.433145949972997,0.5104166666666666,0.6136363636363636,0.6791403533935694,0.4184080979031533,1.516294017949285,0.20609889433066192,0.8574901643042688,0.6604298233032153,6.0,1.834272567263579,0.69049147446832,1.7658750930828124,0.6,0.7736490766033501,3.9707963131190964,0.7676999760175913,0.41488237847119935,,,,,provisional,0.0,0.0,,,,,,,,,,,,,,,,0.16534035496427735,0.30480823118939,selected,6.0,0.0,0.15042233188496193,0.13197720412262068,6.0
,,,,,,,,,,,,,,,,,,,,,6.0,0291,stage1_1005_best,6,3.0102915861048265,0.07375548749341602,3.4300478427455245,0.5104166666666666,0.6136363636363636,0.6791748223489089,0.4187892476430145,1.516139207038491,0.20608551463435218,0.8576805557903437,0.6604125888255455,6.0,1.7616926575820961,0.7011781250673274,1.7691454997800666,0.6,0.7709155682202655,3.9795071639875252,0.7686959665146924,0.4125620993100446,,,,,final,0.0,0.0,,,,,,,,,,,,,,,,0.16529695298394365,0.3049379177476621,candidate,6.0,0.0,0.15062862907945046,0.13005074885536502,6.0
0.2113295253618532,3.989803836312598,0.413674224644918,0.24830144654832573,3.827121803161786,0.4760762663359141,0.14294234830675073,3.6586793899877055,0.4668667739784807,0.15686472866483692,4.104248991118552,0.40264728670576544,0.21788579750399667,4.15533238416637,0.326736481574014,0.029073054156484035,0.04253180795041985,0.18158523065218213,0.030820897041916043,0.04517339592254791,0.1796332027191204,6.0,0291,stage1_1005_best,6,3.0102915861048265,0.07375548749341602,3.4300478427455245,0.5104166666666666,0.6136363636363636,0.6791748223489089,0.4187892476430145,1.516139207038491,0.20608551463435218,0.8576805557903437,0.6604125888255455,6.0,1.7616926575820961,0.7011781250673274,1.7691454997800666,0.6,0.7709155682202655,3.9795071639875252,0.7686959665146924,0.4125620993100446,0.23766064643859863,0.27128353653331255,2.524547603201754,3.056895674104302,final,0.0,0.0,0.0004898503209422356,0.0028243276434276724,0.016890081774869625,3.495921052332163,0.16740879044875856,4.230109869741137,0.3571812983517933,1.2289632194355689,0.326171875,0.04306064470244988,0.2516530501970919,0.3318123266173258,2.0448433910998833,0.3571812983517933,0.7411524594478549,0.16529695298394365,0.3049379177476621,selected,6.0,0.0,0.15062862907945046,0.13005074885536502,6.0
,,,,,,,,,,,,,,,,,,,,,6.0,0292,stage1_1005_best,6,3.8145543412127663,0.07648588329022467,4.252114868295115,0.4375,0.5738636363636364,0.7260152991782053,0.3508486884967425,1.6283368322140925,0.23998399166413867,0.824961984600824,0.6369923504108974,6.0,2.0114264400062942,0.7992307923173686,1.8620331503048102,0.4,0.7717675031102817,4.8908651160331384,0.8838304471331939,0.31694429590875267,,,,,base,0.0,0.0,,,,,,,,,,,,,,,,0.16668083793979996,0.30711866373688296,candidate,6.0,0.0,0.10841734452637336,0.051862619617843095,6.0
,,,,,,,,,,,,,,,,,,,,,6.0,0292,stage1_1005_best,6,3.8145543412127663,0.07648588329022467,4.252114868295115,0.4375,0.5738636363636364,0.7260152991782053,0.3508486884967425,1.6283368322140925,0.23998399166413867,0.824961984600824,0.6369923504108974,6.0,2.0114264400062942,0.7992307923173686,1.8620331503048102,0.4,0.7717675031102817,4.8908651160331384,0.8838304471331939,0.31694429590875267,,,,,base,0.0,0.0,,,,,,,,,,,,,,,,0.16668083793979996,0.30711866373688296,selected,6.0,0.0,0.10841734452637336,0.051862619617843095,6.0
,,,,,,,,,,,,,,,,,,,,,6.0,0292,stage1_1005_best,6,3.82878212271116,0.07644920525298785,4.286193675187868,0.4322916666666667,0.5625,0.7254467324714846,0.34892480727801434,1.6301914019956054,0.24070803388167974,0.8223170861556711,0.6372766337642578,6.0,1.5752234747120881,0.636952207644646,2.285294240872722,0.4,0.562395474511394,3.6830820599988585,0.7112415458755328,0.5088173202941826,,,,,provisional,0.0,0.0,,,,,,,,,,,,,,,,0.16665147722512363,0.30655399786799736,candidate,6.0,0.0,0.09890482820846254,0.07482378178073613,6.0
,,,,,,,,,,,,,,,,,,,,,6.0,0292,stage1_1005_best,6,3.82878212271116,0.07644920525298785,4.286193675187868,0.4322916666666667,0.5625,0.7254467324714846,0.34892480727801434,1.6301914019956054,0.24070803388167974,0.8223170861556711,0.6372766337642578,6.0,1.5752234747120881,0.636952207644646,2.285294240872722,0.4,0.562395474511394,3.6830820599988585,0.7112415458755328,0.5088173202941826,,,,,provisional,0.0,0.0,,,,,,,,,,,,,,,,0.16665147722512363,0.30655399786799736,selected,6.0,0.0,0.09890482820846254,0.07482378178073613,6.0
,,,,,,,,,,,,,,,,,,,,,6.0,0292,stage1_1005_best,6,3.8233910604312484,0.07651707342605205,4.281506051951611,0.4322916666666667,0.5625,0.7253419960128222,0.3491940332769975,1.6300485334746917,0.24062846379023936,0.822286074465664,0.6373290019935888,6.0,1.6331632198911712,0.6235358694750898,2.323410697331391,0.4,0.5565141737495587,3.646001724532507,0.7070163182961293,0.5088059817352015,,,,,final,0.0,0.0,,,,,,,,,,,,,,,,0.16666654014647989,0.30645760428857394,candidate,6.0,0.0,0.09795962784691468,0.07713129654147886,6.0
0.16032652518638,4.243365338278114,0.3463110253664539,0.20238686835114242,3.906124866033387,0.3914363478308684,0.1390784183414158,3.6587252719880086,0.5044398997577922,0.12812774516081585,3.996965316640083,0.46363443629694406,0.15852168234476763,4.491634595409005,0.3450372862643181,0.027576712572521204,0.02579572031240222,0.2180319649795326,0.02688278669013246,0.025031886183220952,0.21969181413165584,6.0,0292,stage1_1005_best,6,3.8233910604312484,0.07651707342605205,4.281506051951611,0.4322916666666667,0.5625,0.7253419960128222,0.3491940332769975,1.6300485334746917,0.24062846379023936,0.822286074465664,0.6373290019935888,6.0,1.6331632198911712,0.6235358694750898,2.323410697331391,0.4,0.5565141737495587,3.646001724532507,0.7070163182961293,0.5088059817352015,0.20353499054908752,0.2146568437741652,2.5750686373502396,4.156859179856734,final,0.0,0.0,0.0004106953119477201,0.0023722972147646316,0.00941253948655761,3.735338393895643,0.14454316187253277,4.47766640730635,0.3390845705053662,1.2541072525280348,0.2864990234375,0.04086827444380934,0.26088867906740215,0.31543333573243,1.9701469880609555,0.3390845705053662,0.7577248849072445,0.16666654014647989,0.30645760428857394,selected,6.0,0.0,0.09795962784691468,0.07713129654147886,6.0
,,,,,,,,,,,,,,,,,,,,,6.0,0653,stage1_1005_best,6,3.255825232360822,0.08555851678762827,3.8573237376612246,0.3802083333333333,0.6051136363636364,0.6770749375524775,0.39204910585403263,1.6892817513692346,0.2582235801755777,0.8035944336079074,0.6614625312237613,6.0,1.9556024220506505,0.7329328077741588,2.040125364133845,0.4,0.7240717623806096,4.45290176988895,0.828327585186966,0.3713224739186461,,,,,base,0.0,0.0,,,,,,,,,,,,,,,,0.17157468454151736,0.283257286970925,candidate,6.0,0.0,0.16538146034662093,0.09227905283179892,6.0
,,,,,,,,,,,,,,,,,,,,,6.0,0653,stage1_1005_best,6,3.255825232360822,0.08555851678762827,3.8573237376612246,0.3802083333333333,0.6051136363636364,0.6770749375524775,0.39204910585403263,1.6892817513692346,0.2582235801755777,0.8035944336079074,0.6614625312237613,6.0,1.9556024220506505,0.7329328077741588,2.040125364133845,0.4,0.7240717623806096,4.45290176988895,0.828327585186966,0.3713224739186461,,,,,base,0.0,0.0,,,,,,,,,,,,,,,,0.17157468454151736,0.283257286970925,selected,6.0,0.0,0.16538146034662093,0.09227905283179892,6.0
,,,,,,,,,,,,,,,,,,,,,6.0,0653,stage1_1005_best,6,3.1634731261932614,0.08520331503262529,3.790741067633254,0.3802083333333333,0.6335227272727273,0.657014015818724,0.39421055303036756,1.6715132947200841,0.2514409174484829,0.8073084100664097,0.671492992090638,6.0,1.7089919722170839,0.5319670171221828,2.2240284476100225,0.4,0.6261667648664822,3.3493939652363536,0.6656648930795896,0.4829846403137533,,,,,provisional,0.0,0.0,,,,,,,,,,,,,,,,0.17043661969020008,0.2838061960714888,candidate,6.0,0.0,0.14231589780280887,0.17137099769107408,6.0
,,,,,,,,,,,,,,,,,,,,,6.0,0653,stage1_1005_best,6,3.1634731261932614,0.08520331503262529,3.790741067633254,0.3802083333333333,0.6335227272727273,0.657014015818724,0.39421055303036756,1.6715132947200841,0.2514409174484829,0.8073084100664097,0.671492992090638,6.0,1.7089919722170839,0.5319670171221828,2.2240284476100225,0.4,0.6261667648664822,3.3493939652363536,0.6656648930795896,0.4829846403137533,,,,,provisional,0.0,0.0,,,,,,,,,,,,,,,,0.17043661969020008,0.2838061960714888,selected,6.0,0.0,0.14231589780280887,0.17137099769107408,6.0
,,,,,,,,,,,,,,,,,,,,,6.0,0653,stage1_1005_best,6,3.1638353510280934,0.08509071460823549,3.7914760968314973,0.375,0.625,0.6571023414640885,0.3940071830270906,1.6710754118329796,0.25133835869859206,0.8076158498049398,0.6714488292679558,6.0,1.7130787969843815,0.5330062412793358,2.238236212531077,0.4,0.622621127018766,3.3709580639544967,0.6682847837997904,0.4816168794534331,,,,,final,0.0,0.0,,,,,,,,,,,,,,,,0.17046091870001465,0.28377403306546184,candidate,6.0,0.0,0.14278089777818476,0.16886458527464587,6.0
0.14385138856665233,4.8221032604630825,0.283639938949083,0.12740706012052183,4.771818282815315,0.35252998012284253,0.08091590387311848,4.2406452480971115,0.46829842205411354,0.11458433931933791,4.5692933426553495,0.4516164647875833,0.14574498549061055,4.836682388745098,0.31997189785346936,0.024300942796885345,0.04305046534219539,0.1595882842471447,0.024356094609975162,0.042845356844083304,0.16072681021900684,6.0,0653,stage1_1005_best,6,3.1638353510280934,0.08509071460823549,3.7914760968314973,0.375,0.625,0.6571023414640885,0.3940071830270906,1.6710754118329796,0.25133835869859206,0.8076158498049398,0.6714488292679558,6.0,1.7130787969843815,0.5330062412793358,2.238236212531077,0.4,0.622621127018766,3.3709580639544967,0.6682847837997904,0.4816168794534331,0.2508792281150818,0.13818504133187642,3.0843187279233555,4.206962115524303,final,0.0,0.0,0.0002814572279283762,0.0022293087683238834,0.008614933117994526,4.126033847020139,0.11398052643558855,4.9107082019147485,0.30985407568403744,1.3043704293289111,0.256103515625,0.04538647849017782,0.2765478071306589,0.28957357779457554,1.8498999155835623,0.30985407568403744,0.7766292081289232,0.17046091870001465,0.28377403306546184,selected,6.0,0.0,0.14278089777818476,0.16886458527464587,6.0
,,,,,,,,,,,,,,,,,,,,,6.0,0273,stage1_1005_latest,6,3.131848223868487,0.08857171946712944,3.4630393100241834,0.4635416666666667,0.6761363636363636,0.5616842781492211,0.41909479923366433,1.6674508660529022,0.24492293883492208,0.8225133016865748,0.7191578609253896,6.0,1.430687128099703,0.8631190653394185,1.5197082011332634,0.3333333333333333,0.821387400281688,5.172985276400527,0.9161431230240045,0.28262479898282905,,,,,base,0.0,0.0,,,,,,,,,,,,,,,,0.16989703738400755,0.2596186454322038,candidate,6.0,0.0,0.09652582662318951,0.03122753035608451,6.0
,,,,,,,,,,,,,,,,,,,,,6.0,0273,stage1_1005_latest,6,3.131848223868487,0.08857171946712944,3.4630393100241834,0.4635416666666667,0.6761363636363636,0.5616842781492211,0.41909479923366433,1.6674508660529022,0.24492293883492208,0.8225133016865748,0.7191578609253896,6.0,1.430687128099703,0.8631190653394185,1.5197082011332634,0.3333333333333333,0.821387400281688,5.172985276400527,0.9161431230240045,0.28262479898282905,,,,,base,0.0,0.0,,,,,,,,,,,,,,,,0.16989703738400755,0.2596186454322038,selected,6.0,0.0,0.09652582662318951,0.03122753035608451,6.0
,,,,,,,,,,,,,,,,,,,,,6.0,0273,stage1_1005_latest,6,3.096855416550017,0.08916779146034888,3.4559431170499337,0.4739583333333333,0.6704545454545454,0.5683792172443799,0.42149558955284094,1.6721929606019212,0.24669054907807028,0.8204338634457176,0.71581039137781,6.0,1.3761094111996168,0.6459388223046753,2.1309825225844734,0.3333333333333333,0.5152515391100883,3.517884698597237,0.6950984996655946,0.4673575259948213,,,,,provisional,0.0,0.0,,,,,,,,,,,,,,,,0.17162367383673532,0.25968513161536066,candidate,6.0,0.0,0.08337120034895022,0.07308324869515687,6.0
,,,,,,,,,,,,,,,,,,,,,6.0,0273,stage1_1005_latest,6,3.096855416550017,0.08916779146034888,3.4559431170499337,0.4739583333333333,0.6704545454545454,0.5683792172443799,0.42149558955284094,1.6721929606019212,0.24669054907807028,0.8204338634457176,0.71581039137781,6.0,1.3761094111996168,0.6459388223046753,2.1309825225844734,0.3333333333333333,0.5152515391100883,3.517884698597237,0.6950984996655946,0.4673575259948213,,,,,provisional,0.0,0.0,,,,,,,,,,,,,,,,0.17162367383673532,0.25968513161536066,selected,6.0,0.0,0.08337120034895022,0.07308324869515687,6.0
,,,,,,,,,,,,,,,,,,,,,6.0,0273,stage1_1005_latest,6,3.0953411812899336,0.08926492387965691,3.4558177894884636,0.4739583333333333,0.6704545454545454,0.568694907169142,0.4216319877062801,1.6731585822251078,0.2469767103484928,0.8200818634674968,0.715652546415429,6.0,1.374824748860529,0.6470860631145249,2.130836244939033,0.3333333333333333,0.5153204468589901,3.534059986769414,0.6976453166045733,0.4686116832009543,,,,,final,0.0,0.0,,,,,,,,,,,,,,,,0.17163081823584045,0.25977521677131354,candidate,6.0,0.0,0.0837501929656732,0.07292169446188834,6.0
0.2159054842011226,3.854061684358619,0.3252336362915913,0.2825161405180984,3.388742128231365,0.4254417993450716,0.15889672702103264,3.590115288921407,0.46304030465598645,0.15935197972884196,3.419360798994369,0.5365809839791902,0.2250019522217032,3.9786868378031923,0.4521497916837524,0.03290353287606051,0.03150285624105712,0.14573515383354993,0.03321182951840057,0.03014927167735701,0.14595599067401455,6.0,0273,stage1_1005_latest,6,3.0953411812899336,0.08926492387965691,3.4558177894884636,0.4739583333333333,0.6704545454545454,0.568694907169142,0.4216319877062801,1.6731585822251078,0.2469767103484928,0.8200818634674968,0.715652546415429,6.0,1.374824748860529,0.6470860631145249,2.130836244939033,0.3333333333333333,0.5153204468589901,3.534059986769414,0.6976453166045733,0.4686116832009543,0.14939658343791962,0.3009392583591477,2.924872822296327,3.5679705312086596,final,0.0,0.0,0.0003771206389833997,0.002199217086470869,0.004953235261089405,3.5137565629363685,0.1648045803290347,4.230598604097588,0.31361497734882027,1.2567713737874746,0.3277587890625,0.04180979457151087,0.25796967193233394,0.3227156162585765,1.8959142787812813,0.31361497734882016,0.7758524947056439,0.17163081823584045,0.25977521677131354,selected,6.0,0.0,0.0837501929656732,0.07292169446188834,6.0
,,,,,,,,,,,,,,,,,,,,,6.0,0274,stage1_1005_latest,6,2.9536225886093312,0.09111897998051417,3.3003460712733217,0.484375,0.6761363636363636,0.5549444485786749,0.4431867664864073,1.6586760978549242,0.2437998664718333,0.819881211419701,0.7225277757106625,6.0,1.9611655165571231,0.7297626682794907,1.9748691880521791,0.3333333333333333,0.6507841512305822,4.289961780613268,0.8103994939597355,0.38563637104797444,,,,,base,0.0,0.0,,,,,,,,,,,,,,,,0.17195715064207098,0.26020138688291033,candidate,6.0,0.0,0.17475492945056403,0.10523925959599166,6.0
,,,,,,,,,,,,,,,,,,,,,6.0,0274,stage1_1005_latest,6,2.9536225886093312,0.09111897998051417,3.3003460712733217,0.484375,0.6761363636363636,0.5549444485786749,0.4431867664864073,1.6586760978549242,0.2437998664718333,0.819881211419701,0.7225277757106625,6.0,1.9611655165571231,0.7297626682794907,1.9748691880521791,0.3333333333333333,0.6507841512305822,4.289961780613268,0.8103994939597355,0.38563637104797444,,,,,base,0.0,0.0,,,,,,,,,,,,,,,,0.17195715064207098,0.26020138688291033,selected,6.0,0.0,0.17475492945056403,0.10523925959599166,6.0
,,,,,,,,,,,,,,,,,,,,,6.0,0274,stage1_1005_latest,6,2.9247420601023433,0.0912722120042008,3.2927928057746456,0.484375,0.6789772727272727,0.5491015008524524,0.4422560979250453,1.6504517340276557,0.24092191217504647,0.821503393600436,0.7254492495737739,6.0,1.576663648440998,0.5716930330387235,2.3378630012350556,0.6666666666666666,0.41178092654710724,3.101931175275638,0.6311114874501951,0.527313396895119,,,,,provisional,0.0,0.0,,,,,,,,,,,,,,,,0.17177929382183246,0.26078941362708086,candidate,6.0,0.0,0.15372934236534874,0.14332664252873747,6.0
,,,,,,,,,,,,,,,,,,,,,6.0,0274,stage1_1005_latest,6,2.9247420601023433,0.0912722120042008,3.2927928057746456,0.484375,0.6789772727272727,0.5491015008524524,0.4422560979250453,1.6504517340276557,0.24092191217504647,0.821503393600436,0.7254492495737739,6.0,1.576663648440998,0.5716930330387235,2.3378630012350556,0.6666666666666666,0.41178092654710724,3.101931175275638,0.6311114874501951,0.527313396895119,,,,,provisional,0.0,0.0,,,,,,,,,,,,,,,,0.17177929382183246,0.26078941362708086,selected,6.0,0.0,0.15372934236534874,0.14332664252873747,6.0
,,,,,,,,,,,,,,,,,,,,,6.0,0274,stage1_1005_latest,6,2.926344408342804,0.09127839581833562,3.2945746909342644,0.484375,0.6789772727272727,0.5491492483552513,0.44205613282854617,1.6505095860910644,0.2409198126752146,0.8214261527443943,0.7254253758223744,6.0,1.5926117769145312,0.5717863123296094,2.3580595370069206,0.6666666666666666,0.4072423546806376,3.0964173901525007,0.6299427839506919,0.524360214977372,,,,,final,0.0,0.0,,,,,,,,,,,,,,,,0.17178384979852887,0.2608401070062668,candidate,6.0,0.0,0.1539243409208865,0.14334661828883088,6.0
0.2419294838660293,3.5910924239337465,0.3253885129231458,0.28901078232643324,2.952662486397263,0.5000869209334942,0.16524220905983225,4.220334417379314,0.33959614530447335,0.2601992075668262,3.843055931131939,0.3476421683472401,0.2598344589582824,3.7964808472693337,0.4507929001585852,0.010327035756401105,0.022852549964164692,0.12304973881889543,0.010148555163691477,0.02243847766817536,0.1220697492010846,6.0,0274,stage1_1005_latest,6,2.926344408342804,0.09127839581833562,3.2945746909342644,0.484375,0.6789772727272727,0.5491492483552513,0.44205613282854617,1.6505095860910644,0.2409198126752146,0.8214261527443943,0.7254253758223744,6.0,1.5926117769145312,0.5717863123296094,2.3580595370069206,0.6666666666666666,0.4072423546806376,3.0964173901525007,0.6299427839506919,0.524360214977372,0.10829199850559235,0.30715289258927064,2.417270098330975,3.619521699982092,final,0.0,0.0,0.00010052197760783101,0.0012323566031721457,0.004397475180634388,3.4586081465916907,0.2322606282580973,4.263138560831861,0.4403477084053117,1.1587424817783598,0.2601318359375,0.037222774877971765,0.2326890586529394,0.3535233863333686,2.3105574195039593,0.4403477084053117,0.6861000959262724,0.17178384979852887,0.2608401070062668,selected,6.0,0.0,0.1539243409208865,0.14334661828883088,6.0
,,,,,,,,,,,,,,,,,,,,,6.0,0275,stage1_1005_latest,6,3.112345952982556,0.09078513992406982,3.372848463236296,0.4895833333333333,0.6903409090909091,0.5541168485174008,0.4346812244166194,1.6671367433745716,0.24590617307407833,0.8192792157793272,0.7229415757412995,6.0,1.1277527446701097,0.8717630102351454,1.517103739924086,0.6666666666666666,0.8013993157063884,4.614671043288644,0.8521989485048619,0.365727035742103,,,,,base,0.0,0.0,,,,,,,,,,,,,,,,0.17014914471421705,0.2590631842849753,candidate,6.0,0.0,0.1517837175083089,0.0647618297930022,6.0
,,,,,,,,,,,,,,,,,,,,,6.0,0275,stage1_1005_latest,6,3.112345952982556,0.09078513992406982,3.372848463236296,0.4895833333333333,0.6903409090909091,0.5541168485174008,0.4346812244166194,1.6671367433745716,0.24590617307407833,0.8192792157793272,0.7229415757412995,6.0,1.1277527446701097,0.8717630102351454,1.517103739924086,0.6666666666666666,0.8013993157063884,4.614671043288644,0.8521989485048619,0.365727035742103,,,,,base,0.0,0.0,,,,,,,,,,,,,,,,0.17014914471421705,0.2590631842849753,selected,6.0,0.0,0.1517837175083089,0.0647618297930022,6.0
,,,,,,,,,,,,,,,,,,,,,6.0,0275,stage1_1005_latest,6,3.0634021736444765,0.09003186919975532,3.3524698360638117,0.4947916666666667,0.6960227272727273,0.5442005427659625,0.4313762209681562,1.6525096362858867,0.24063067844055172,0.8255099544352241,0.7278997286170188,6.0,1.2155012478546408,0.6494421501620994,1.6870206042079552,0.6666666666666666,0.732595135770635,3.6585952875455976,0.7185108249505991,0.5030419228362712,,,,,provisional,0.0,0.0,,,,,,,,,,,,,,,,0.16840156621289026,0.2590585454206872,candidate,6.0,0.0,0.12768612179722022,0.11041024413610025,6.0
,,,,,,,,,,,,,,,,,,,,,6.0,0275,stage1_1005_latest,6,3.0634021736444765,0.09003186919975532,3.3524698360638117,0.4947916666666667,0.6960227272727273,0.5442005427659625,0.4313762209681562,1.6525096362858867,0.24063067844055172,0.8255099544352241,0.7278997286170188,6.0,1.2155012478546408,0.6494421501620994,1.6870206042079552,0.6666666666666666,0.732595135770635,3.6585952875455976,0.7185108249505991,0.5030419228362712,,,,,provisional,0.0,0.0,,,,,,,,,,,,,,,,0.16840156621289026,0.2590585454206872,selected,6.0,0.0,0.12768612179722022,0.11041024413610025,6.0
,,,,,,,,,,,,,,,,,,,,,6.0,0275,stage1_1005_latest,6,3.0641248011331914,0.08991712617161912,3.35361640344207,0.4947916666666667,0.6960227272727273,0.5439748297878285,0.4311400726466435,1.6521782194471752,0.24051927042846064,0.8256619126773841,0.7280125851060858,6.0,1.1904038839136748,0.6488852347688934,1.668442449455711,0.6666666666666666,0.7367563575450734,3.6666045598887327,0.7205129300984441,0.4998561358697507,,,,,final,0.0,0.0,,,,,,,,,,,,,,,,0.16826833330816557,0.2591074367573936,candidate,6.0,0.0,0.12835211090529836,0.11127843175402152,6.0
0.21759914325716948,4.594373920389157,0.2893896912072931,0.19831408794229938,4.15506010326529,0.2800921753539309,0.1721180219841417,4.567652118547985,0.29638487096760496,0.23900600077661247,3.654528949221105,0.5240243395242896,0.1904643344948645,4.831824776546951,0.320607825511543,0.02834103135275887,0.036153249172022756,0.11341652911649569,0.027858805870355538,0.03517796988118816,0.11466308105709043,6.0,0275,stage1_1005_latest,6,3.0641248011331914,0.08991712617161912,3.35361640344207,0.4947916666666667,0.6960227272727273,0.5439748297878285,0.4311400726466435,1.6521782194471752,0.24051927042846064,0.8256619126773841,0.7280125851060858,6.0,1.1904038839136748,0.6488852347688934,1.668442449455711,0.6666666666666666,0.7367563575450734,3.6666045598887327,0.7205129300984441,0.4998561358697507,0.13733050227165222,0.2381612425916046,2.7036020966105188,3.661445172775788,final,0.0,0.0,0.00016145304403657304,0.0014771886841293627,0.0059605251911980335,3.4888890637230237,0.19340450547404137,4.149288538595521,0.39855236158241913,1.1839590912277043,0.3082275390625,0.03804178292262157,0.24216886525214062,0.34690585354076214,2.2084073464697944,0.39855236158241913,0.7139488732288398,0.16826833330816557,0.2591074367573936,selected,6.0,0.0,0.12835211090529836,0.11127843175402152,6.0
,,,,,,,,,,,,,,,,,,,,,6.0,0276,stage1_1005_latest,6,2.892893366040509,0.09181841259604186,3.2993557531568927,0.4791666666666667,0.6789772727272727,0.5459691197150772,0.43406659572518624,1.651093575800963,0.23903190908708208,0.8241175352167697,0.7270154401424613,6.0,1.33150351840544,0.786312801327891,1.7198257446064964,0.6666666666666666,0.715558344616234,4.5516033625136805,0.8453918286331147,0.35140924779636445,,,,,base,0.0,0.0,,,,,,,,,,,,,,,,0.16926983732430353,0.25997768517531417,candidate,6.0,0.0,0.15151038841419517,0.0972602673980771,6.0
,,,,,,,,,,,,,,,,,,,,,6.0,0276,stage1_1005_latest,6,2.892893366040509,0.09181841259604186,3.2993557531568927,0.4791666666666667,0.6789772727272727,0.5459691197150772,0.43406659572518624,1.651093575800963,0.23903190908708208,0.8241175352167697,0.7270154401424613,6.0,1.33150351840544,0.786312801327891,1.7198257446064964,0.6666666666666666,0.715558344616234,4.5516033625136805,0.8453918286331147,0.35140924779636445,,,,,base,0.0,0.0,,,,,,,,,,,,,,,,0.16926983732430353,0.25997768517531417,selected,6.0,0.0,0.15151038841419517,0.0972602673980771,6.0
,,,,,,,,,,,,,,,,,,,,,6.0,0276,stage1_1005_latest,6,2.8726401434958575,0.09084924723399676,3.2931799031558824,0.484375,0.6875,0.5358343821072156,0.4298531684591826,1.6335220212429622,0.23287545023962186,0.8298073377762231,0.7320828089463922,6.0,1.3063930377267523,0.636262102139535,1.9455482784480964,0.3333333333333333,0.5968895225995098,3.8977509187018646,0.757447728134135,0.4258359049404145,,,,,provisional,0.0,0.0,,,,,,,,,,,,,,,,0.16754719779970792,0.2600630409791951,candidate,6.0,0.0,0.1288360583747651,0.1372698407095156,6.0
,,,,,,,,,,,,,,,,,,,,,6.0,0276,stage1_1005_latest,6,2.8726401434958575,0.09084924723399676,3.2931799031558824,0.484375,0.6875,0.5358343821072156,0.4298531684591826,1.6335220212429622,0.23287545023962186,0.8298073377762231,0.7320828089463922,6.0,1.3063930377267523,0.636262102139535,1.9455482784480964,0.3333333333333333,0.5968895225995098,3.8977509187018646,0.757447728134135,0.4258359049404145,,,,,provisional,0.0,0.0,,,,,,,,,,,,,,,,0.16754719779970792,0.2600630409791951,selected,6.0,0.0,0.1288360583747651,0.1372698407095156,6.0
,,,,,,,,,,,,,,,,,,,,,6.0,0276,stage1_1005_latest,6,2.8780059401954956,0.0907188629890766,3.2967275931897353,0.484375,0.6875,0.5361466310019888,0.42960523742585305,1.633660101459731,0.23296512470070918,0.8298119767671807,0.7319266844990057,6.0,1.3441770493354568,0.6330335682440718,1.9686293510970028,0.3333333333333333,0.5882173248435366,3.8972848801159508,0.7576227009570021,0.4301087034127192,,,,,final,0.0,0.0,,,,,,,,,,,,,,,,0.1675403001642098,0.2600796771506873,candidate,6.0,0.0,0.12900851887241863,0.13591645525380475,6.0
0.20688141164293697,4.1544656165672045,0.36471577878084444,0.23756999404433898,3.5438436901567907,0.3883095260709637,0.1195530605357413,4.462884173944948,0.41977414545520825,0.23941983544247475,3.6054614079518785,0.5341793586363476,0.20449530855957349,3.88723473264586,0.4037345778243786,0.01784991033935327,0.03115626861100083,0.0983606918314913,0.01765998696940421,0.03217938490407927,0.10168106437710321,6.0,0276,stage1_1005_latest,6,2.8780059401954956,0.0907188629890766,3.2967275931897353,0.484375,0.6875,0.5361466310019888,0.42960523742585305,1.633660101459731,0.23296512470070918,0.8298119767671807,0.7319266844990057,6.0,1.3441770493354568,0.6330335682440718,1.9686293510970028,0.3333333333333333,0.5882173248435366,3.8972848801159508,0.7576227009570021,0.4301087034127192,0.15294620394706726,0.2599954868692252,2.8896509533191796,3.498424649369734,final,0.0,0.0,0.0001776159661839821,0.001382759218402076,0.007270034460716002,3.6702372966719667,0.17880099531482793,4.356722747358133,0.40600617143656537,1.1961218418776882,0.2945556640625,0.03662652339997332,0.24588161790479898,0.33760712706174745,2.2120631088265306,0.40600617143656537,0.6995899817521443,0.1675403001642098,0.2600796771506873,selected,6.0,0.0,0.12900851887241863,0.13591645525380475,6.0
,,,,,,,,,,,,,,,,,,,,,6.0,0277,stage1_1005_latest,6,2.9783559147381076,0.09322978229236702,3.320879555981945,0.484375,0.6789772727272727,0.5603900802496056,0.4429197407504533,1.6775053458825662,0.24996379358555548,0.8132278036695831,0.7198049598751972,6.0,1.3085311465709455,0.7478447402014916,1.7083261991268728,0.6666666666666666,0.6968007451663144,4.553064400495228,0.8415277197055988,0.34100996664399535,,,,,base,0.0,0.0,,,,,,,,,,,,,,,,0.17011759573748603,0.2621023980318394,candidate,6.0,0.0,0.17895494465696135,0.13180936014427833,6.0
,,,,,,,,,,,,,,,,,,,,,6.0,0277,stage1_1005_latest,6,2.9783559147381076,0.09322978229236702,3.320879555981945,0.484375,0.6789772727272727,0.5603900802496056,0.4429197407504533,1.6775053458825662,0.24996379358555548,0.8132278036695831,0.7198049598751972,6.0,1.3085311465709455,0.7478447402014916,1.7083261991268728,0.6666666666666666,0.6968007451663144,4.553064400495228,0.8415277197055988,0.34100996664399535,,,,,base,0.0,0.0,,,,,,,,,,,,,,,,0.17011759573748603,0.2621023980318394,selected,6.0,0.0,0.17895494465696135,0.13180936014427833,6.0
,,,,,,,,,,,,,,,,,,,,,6.0,0277,stage1_1005_latest,6,2.9063947889432225,0.08947492789710476,3.2283495069673016,0.5104166666666666,0.6960227272727273,0.5224875955391649,0.43930140876680224,1.6163032855799504,0.22828905813323963,0.8332394742665007,0.7387562022304176,6.0,1.0348033231013833,0.6109865184442372,1.8086603058253383,0.6666666666666666,0.5694621009682758,3.8045837671655085,0.7413246864737053,0.42299726104954755,,,,,provisional,0.0,0.0,,,,,,,,,,,,,,,,0.1655766918744358,0.2605977899803247,candidate,6.0,0.0,0.14523880301266198,0.17348426298472736,6.0
,,,,,,,,,,,,,,,,,,,,,6.0,0277,stage1_1005_latest,6,2.9063947889432225,0.08947492789710476,3.2283495069673016,0.5104166666666666,0.6960227272727273,0.5224875955391649,0.43930140876680224,1.6163032855799504,0.22828905813323963,0.8332394742665007,0.7387562022304176,6.0,1.0348033231013833,0.6109865184442372,1.8086603058253383,0.6666666666666666,0.5694621009682758,3.8045837671655085,0.7413246864737053,0.42299726104954755,,,,,provisional,0.0,0.0,,,,,,,,,,,,,,,,0.1655766918744358,0.2605977899803247,selected,6.0,0.0,0.14523880301266198,0.17348426298472736,6.0
,,,,,,,,,,,,,,,,,,,,,6.0,0277,stage1_1005_latest,6,2.914519031114331,0.0891758457041443,3.2371656100575095,0.5052083333333334,0.6960227272727273,0.5234685545386486,0.4385749099393116,1.6173438455698081,0.2287630083387725,0.8328735837574063,0.7382657227306756,6.0,1.0322539035098646,0.6194661962450064,1.8117899770613293,0.6666666666666666,0.5706309029746962,3.8076159911930887,0.7417853267172786,0.4306980766525356,,,,,final,0.0,0.0,,,,,,,,,,,,,,,,0.1653461846354869,0.26093095220143775,candidate,6.0,0.0,0.1470612106043319,0.17190158988833204,6.0
0.26261617011639843,3.5306045249623046,0.41773918220605805,0.28277386352374256,2.6920798215270474,0.5398502197926613,0.1642371849339509,3.871584053525765,0.37639110918296453,0.33028069919816655,3.8842808364913943,0.36512703056880497,0.25041710483138174,3.5506435355434522,0.460259955636866,0.05330763472722564,0.11503120150010608,0.09579358689485638,0.055208824334153195,0.11782037332350226,0.09240055126745055,6.0,0277,stage1_1005_latest,6,2.914519031114331,0.0891758457041443,3.2371656100575095,0.5052083333333334,0.6960227272727273,0.5234685545386486,0.4385749099393116,1.6173438455698081,0.2287630083387725,0.8328735837574063,0.7382657227306756,6.0,1.0322539035098646,0.6194661962450064,1.8117899770613293,0.6666666666666666,0.5706309029746962,3.8076159911930887,0.7417853267172786,0.4306980766525356,0.13956454396247864,0.2777046532614681,2.564268499603646,3.1926603630513397,final,0.0,0.0,0.0004192007348829795,0.004286143748004886,0.006581384900845973,3.1432655939775604,0.25703227119580135,3.843502699454659,0.5013528306033032,1.0938921870356744,0.3343505859375,0.03431025372895827,0.21613354843736246,0.3944215633386054,2.5975969470976947,0.5013528306033032,0.6288750748831538,0.1653461846354869,0.26093095220143775,selected,6.0,0.0,0.1470612106043319,0.17190158988833204,6.0
,,,,,,,,,,,,,,,,,,,,,6.0,0278,stage1_1005_latest,6,3.584499493108277,0.07792622744395604,4.119552270393852,0.4322916666666667,0.59375,0.6999918340595261,0.35959142553231327,1.626761230304547,0.2385312327538171,0.8235120128689535,0.6500040829702369,6.0,1.7183655625460887,0.8302680231980949,1.718089061702709,0.3333333333333333,0.7580814723888564,4.277329743589577,0.8059853211114669,0.3876457395387207,,,,,base,0.0,0.0,,,,,,,,,,,,,,,,0.16633670312824617,0.2976198416796886,candidate,6.0,0.0,0.19460418045781075,0.0968781317392178,6.0
,,,,,,,,,,,,,,,,,,,,,6.0,0278,stage1_1005_latest,6,3.584499493108277,0.07792622744395604,4.119552270393852,0.4322916666666667,0.59375,0.6999918340595261,0.35959142553231327,1.626761230304547,0.2385312327538171,0.8235120128689535,0.6500040829702369,6.0,1.7183655625460887,0.8302680231980949,1.718089061702709,0.3333333333333333,0.7580814723888564,4.277329743589577,0.8059853211114669,0.3876457395387207,,,,,base,0.0,0.0,,,,,,,,,,,,,,,,0.16633670312824617,0.2976198416796886,selected,6.0,0.0,0.19460418045781075,0.0968781317392178,6.0
,,,,,,,,,,,,,,,,,,,,,6.0,0278,stage1_1005_latest,6,3.417541111414299,0.0745259908185363,3.9104217676137263,0.4583333333333333,0.5795454545454546,0.703296958170671,0.3735279026441511,1.58302959577222,0.22609080308998883,0.8383261358583386,0.6483515209146645,6.0,1.2313186239901628,0.5856005027202323,1.5813354448526333,0.6666666666666666,0.7570399469897992,3.2831209979882323,0.6545037481143218,0.5161566098398156,,,,,provisional,0.0,0.0,,,,,,,,,,,,,,,,0.16821128872809737,0.29729548842158265,candidate,6.0,0.0,0.15336773381847466,0.17763146921522513,6.0
,,,,,,,,,,,,,,,,,,,,,6.0,0278,stage1_1005_latest,6,3.417541111414299,0.0745259908185363,3.9104217676137263,0.4583333333333333,0.5795454545454546,0.703296958170671,0.3735279026441511,1.58302959577222,0.22609080308998883,0.8383261358583386,0.6483515209146645,6.0,1.2313186239901628,0.5856005027202323,1.5813354448526333,0.6666666666666666,0.7570399469897992,3.2831209979882323,0.6545037481143218,0.5161566098398156,,,,,provisional,0.0,0.0,,,,,,,,,,,,,,,,0.16821128872809737,0.29729548842158265,selected,6.0,0.0,0.15336773381847466,0.17763146921522513,6.0
,,,,,,,,,,,,,,,,,,,,,6.0,0278,stage1_1005_latest,6,3.412404894539048,0.07459144235323321,3.9070890584514,0.4583333333333333,0.5795454545454546,0.7028741150477827,0.37371549627989403,1.5824913208132718,0.22591001474673908,0.8383223033102009,0.6485629424761086,6.0,1.2549042952607965,0.5853380582119084,1.585094261804005,0.6666666666666666,0.756447980873328,3.297174088397847,0.657702016341112,0.5111490121286437,,,,,final,0.0,0.0,,,,,,,,,,,,,,,,0.16823251905705666,0.2972744003132799,candidate,6.0,0.0,0.15276495669703685,0.17891361328293529,6.0
0.2484228512038792,3.0633125573833655,0.5754351616576495,0.2413555331012319,3.351306123245188,0.5224742955971324,0.09422951907780126,4.3556861840014465,0.3250589282822089,0.25771675781361164,3.626138026171541,0.406880603185348,0.24920236497805245,4.088872777681739,0.3866926065458483,0.05721013731647623,0.08697103539616004,0.1587733430516092,0.05654246806425515,0.0865099075249234,0.16058959985967206,6.0,0278,stage1_1005_latest,6,3.412404894539048,0.07459144235323321,3.9070890584514,0.4583333333333333,0.5795454545454546,0.7028741150477827,0.37371549627989403,1.5824913208132718,0.22591001474673908,0.8383223033102009,0.6485629424761086,6.0,1.2549042952607965,0.5853380582119084,1.585094261804005,0.6666666666666666,0.756447980873328,3.297174088397847,0.657702016341112,0.5111490121286437,0.11075691878795624,0.2495257293215221,2.579901013750213,2.8966998952737923,final,0.0,0.0,0.00011940776523888882,0.0020217398793025178,0.004017331588242412,3.097936963860814,0.2378290767608822,3.76663130112505,0.4180580286502609,1.147555750114166,0.3687744140625,0.03667326343907869,0.22963832654484317,0.36896812254348343,2.28293969052098,0.4180580286502609,0.7109512678626889,0.16823251905705666,0.2972744003132799,selected,6.0,0.0,0.15276495669703685,0.17891361328293529,6.0
,,,,,,,,,,,,,,,,,,,,,6.0,0279,stage1_1005_latest,6,3.4491847439831487,0.0766676236843816,3.885232492179148,0.4739583333333333,0.5852272727272727,0.7062292494278826,0.3837974553236626,1.6103982715550422,0.23506792233198154,0.8314531121294287,0.6468853752860588,6.0,1.8112084310215926,0.857376124072428,1.610699331713029,0.3333333333333333,0.7990171115872511,4.684314825785496,0.8606241677728899,0.3179142750916655,,,,,base,0.0,0.0,,,,,,,,,,,,,,,,0.16647233491054755,0.29904198923195563,candidate,6.0,0.0,0.1516977355067142,0.05776849121512045,6.0
,,,,,,,,,,,,,,,,,,,,,6.0,0279,stage1_1005_latest,6,3.4491847439831487,0.0766676236843816,3.885232492179148,0.4739583333333333,0.5852272727272727,0.7062292494278826,0.3837974553236626,1.6103982715550422,0.23506792233198154,0.8314531121294287,0.6468853752860588,6.0,1.8112084310215926,0.857376124072428,1.610699331713029,0.3333333333333333,0.7990171115872511,4.684314825785496,0.8606241677728899,0.3179142750916655,,,,,base,0.0,0.0,,,,,,,,,,,,,,,,0.16647233491054755,0.29904198923195563,selected,6.0,0.0,0.1516977355067142,0.05776849121512045,6.0
,,,,,,,,,,,,,,,,,,,,,6.0,0279,stage1_1005_latest,6,3.4424624349510022,0.07567328778852155,3.886419791985677,0.46875,0.5994318181818182,0.7073682826461122,0.38149054118779613,1.5997401048038622,0.2325752757296119,0.8344088823013589,0.646315858676944,6.0,1.9332909722253135,0.6739521811120759,2.06932925801892,0.3333333333333333,0.5833771077912244,3.5093660688796113,0.6828233723303776,0.513421441889457,,,,,provisional,0.0,0.0,,,,,,,,,,,,,,,,0.16764418347128562,0.29795766446778166,candidate,6.0,0.0,0.11639837485871926,0.090325918189553,6.0
,,,,,,,,,,,,,,,,,,,,,6.0,0279,stage1_1005_latest,6,3.4424624349510022,0.07567328778852155,3.886419791985677,0.46875,0.5994318181818182,0.7073682826461122,0.38149054118779613,1.5997401048038622,0.2325752757296119,0.8344088823013589,0.646315858676944,6.0,1.9332909722253135,0.6739521811120759,2.06932925801892,0.3333333333333333,0.5833771077912244,3.5093660688796113,0.6828233723303776,0.513421441889457,,,,,provisional,0.0,0.0,,,,,,,,,,,,,,,,0.16764418347128562,0.29795766446778166,selected,6.0,0.0,0.11639837485871926,0.090325918189553,6.0
,,,,,,,,,,,,,,,,,,,,,6.0,0279,stage1_1005_latest,6,3.4383651624107943,0.0756847451238631,3.8846101836631584,0.46875,0.5994318181818182,0.7068410660151652,0.3814998177466943,1.5993914848444455,0.2324288087922462,0.8344914523504752,0.6465794669924174,6.0,1.9238244908945872,0.6725741552080173,2.076390168537926,0.3333333333333333,0.5755582188382621,3.5287943580814995,0.6838252997669498,0.5139201305630045,,,,,final,0.0,0.0,,,,,,,,,,,,,,,,0.1676659078615722,0.29788500699760884,candidate,6.0,0.0,0.11423544010803999,0.09117816199729568,6.0
0.19737328007021437,4.158941909982238,0.36307187883562125,0.25902224106483934,3.616756454049923,0.36511230677538886,0.08604406079949972,4.502942801289354,0.3553183915578188,0.18771790338515565,3.224559267443045,0.6076672722922654,0.19734511528012388,4.371207199563329,0.3338335413895841,0.02593966696985091,0.028827197397515436,0.14038709643073158,0.025060291205494512,0.027897427242197015,0.14041074998389197,6.0,0279,stage1_1005_latest,6,3.4383651624107943,0.0756847451238631,3.8846101836631584,0.46875,0.5994318181818182,0.7068410660151652,0.3814998177466943,1.5993914848444455,0.2324288087922462,0.8344914523504752,0.6465794669924174,6.0,1.9238244908945872,0.6725741552080173,2.076390168537926,0.3333333333333333,0.5755582188382621,3.5287943580814995,0.6838252997669498,0.5139201305630045,0.15340539813041687,0.26466420358804693,2.90197443469564,3.756064613654918,final,0.0,0.0,0.0002756592872617211,0.002032408163013489,0.004982200878420205,3.4983636683543877,0.16717051920215178,4.21625331330351,0.3466649396726493,1.2344872267824378,0.3218994140625,0.038179024367379286,0.25377897103635716,0.32961108239493553,2.0249402755192514,0.3466649396726493,0.7510503318704614,0.1676659078615722,0.29788500699760884,selected,6.0,0.0,0.11423544010803999,0.09117816199729568,6.0
,,,,,,,,,,,,,,,,,,,,,6.0,0280,stage1_1005_latest,6,3.325896719352887,0.07820528116008423,3.806285398951676,0.453125,0.5994318181818182,0.6960217854589278,0.3813073039848385,1.6010801800247556,0.22994322138625564,0.8380527518629588,0.651989107270536,6.0,1.819006965499751,0.675233985353641,2.141190922594975,0.3333333333333333,0.5792004915614494,4.302528670856271,0.8142390911359257,0.40319442555753343,,,,,base,0.0,0.0,,,,,,,,,,,,,,,,0.16608501312116125,0.2981648181217813,candidate,6.0,0.0,0.1719115868596361,0.1293796039436977,6.0
,,,,,,,,,,,,,,,,,,,,,6.0,0280,stage1_1005_latest,6,3.325896719352887,0.07820528116008423,3.806285398951676,0.453125,0.5994318181818182,0.6960217854589278,0.3813073039848385,1.6010801800247556,0.22994322138625564,0.8380527518629588,0.651989107270536,6.0,1.819006965499751,0.675233985353641,2.141190922594975,0.3333333333333333,0.5792004915614494,4.302528670856271,0.8142390911359257,0.40319442555753343,,,,,base,0.0,0.0,,,,,,,,,,,,,,,,0.16608501312116125,0.2981648181217813,selected,6.0,0.0,0.1719115868596361,0.1293796039436977,6.0
,,,,,,,,,,,,,,,,,,,,,6.0,0280,stage1_1005_latest,6,3.232799094022567,0.07732155653570756,3.6665601080823307,0.46875,0.6136363636363636,0.687543670410223,0.3925074589453526,1.5809002477838856,0.22335517270088942,0.8459409397444517,0.6562281647948885,6.0,1.3763696996721344,0.5276977013775368,2.199952394676129,0.6666666666666666,0.45806558117889873,3.0366017340372267,0.6119850701366805,0.5496972756862187,,,,,provisional,0.0,0.0,,,,,,,,,,,,,,,,0.1658687769970932,0.29952677535369254,candidate,6.0,0.0,0.13531424367419223,0.19003046355077188,6.0
,,,,,,,,,,,,,,,,,,,,,6.0,0280,stage1_1005_latest,6,3.232799094022567,0.07732155653570756,3.6665601080823307,0.46875,0.6136363636363636,0.687543670410223,0.3925074589453526,1.5809002477838856,0.22335517270088942,0.8459409397444517,0.6562281647948885,6.0,1.3763696996721344,0.5276977013775368,2.199952394676129,0.6666666666666666,0.45806558117889873,3.0366017340372267,0.6119850701366805,0.5496972756862187,,,,,provisional,0.0,0.0,,,,,,,,,,,,,,,,0.1658687769970932,0.29952677535369254,selected,6.0,0.0,0.13531424367419223,0.19003046355077188,6.0
,,,,,,,,,,,,,,,,,,,,,6.0,0280,stage1_1005_latest,6,3.2343472819671844,0.0773936778415245,3.6705809286233326,0.46875,0.6136363636363636,0.6879896279246079,0.39210768050734685,1.5815149174365104,0.22357288366390018,0.8457417218714477,0.656005186037696,6.0,1.3798974358760674,0.5302721335788395,2.196865913908524,0.6666666666666666,0.46079123683777407,3.073769587921401,0.6195138787597654,0.5424421678486145,,,,,final,0.0,0.0,,,,,,,,,,,,,,,,0.1658948970802012,0.2994327186301282,candidate,6.0,0.0,0.13698296079391276,0.18863851585465577,6.0
0.2178520381703616,3.4754377806720935,0.38618111095799534,0.21976915163521896,3.2346156482003448,0.46896596122319173,0.1400556898593282,3.8267722657874272,0.3725214763064029,0.2759683804585124,3.795517365990862,0.40586174678873216,0.22005834182328882,3.626116255531694,0.4577616685133093,0.01632511547437106,0.054927811019148017,0.11074247744419918,0.017356845692220433,0.05694285939150545,0.11365571826076261,6.0,0280,stage1_1005_latest,6,3.2343472819671844,0.0773936778415245,3.6705809286233326,0.46875,0.6136363636363636,0.6879896279246079,0.39210768050734685,1.5815149174365104,0.22357288366390018,0.8457417218714477,0.656005186037696,6.0,1.3798974358760674,0.5302721335788395,2.196865913908524,0.6666666666666666,0.46079123683777407,3.073769587921401,0.6195138787597654,0.5424421678486145,0.11696865409612656,0.25482272804713163,2.669417530490909,2.6813110500607857,final,0.0,0.0,9.618863527920065e-05,0.0024007697937920383,0.004949618114247452,3.33589959903401,0.216340717545363,4.049946933973626,0.46161039127194525,1.1320937121804424,0.26611328125,0.03656880391233822,0.22785095305523986,0.3740988246515473,2.4229721606518733,0.46161039127194525,0.649087479089115,0.1658948970802012,0.2994327186301282,selected,6.0,0.0,0.13698296079391276,0.18863851585465577,6.0
,,,,,,,,,,,,,,,,,,,,,6.0,0281,stage1_1005_latest,6,3.7219126113490733,0.07679231865459622,4.202864895212605,0.4322916666666667,0.5738636363636364,0.7175453589380222,0.3516680934995288,1.6358574005515687,0.242055611767327,0.8244929045318825,0.641227320530989,6.0,1.750770683525998,0.7976511508000859,1.823377966034309,0.3333333333333333,0.7065450952062516,4.602784432585019,0.8512630545940127,0.3517744392438085,,,,,base,0.0,0.0,,,,,,,,,,,,,,,,0.16631243503521947,0.29895551999942077,candidate,6.0,0.0,0.2445466005852488,0.10073456199796746,6.0
,,,,,,,,,,,,,,,,,,,,,6.0,0281,stage1_1005_latest,6,3.7219126113490733,0.07679231865459622,4.202864895212605,0.4322916666666667,0.5738636363636364,0.7175453589380222,0.3516680934995288,1.6358574005515687,0.242055611767327,0.8244929045318825,0.641227320530989,6.0,1.750770683525998,0.7976511508000859,1.823377966034309,0.3333333333333333,0.7065450952062516,4.602784432585019,0.8512630545940127,0.3517744392438085,,,,,base,0.0,0.0,,,,,,,,,,,,,,,,0.16631243503521947,0.29895551999942077,selected,6.0,0.0,0.2445466005852488,0.10073456199796746,6.0
,,,,,,,,,,,,,,,,,,,,,6.0,0281,stage1_1005_latest,6,3.646505943672487,0.0736630866027539,4.176093303681526,0.4166666666666667,0.59375,0.7081931851310763,0.35157962666097103,1.6122787430462904,0.2355158235961867,0.8300552083806592,0.6459034074344618,6.0,1.8325632796725906,0.4527785423697667,2.639104679023231,0.3333333333333333,0.3136937684859123,2.8376402217593584,0.578824009473022,0.5928672480596167,,,,,provisional,0.0,0.0,,,,,,,,,,,,,,,,0.16754715584469285,0.2940767224805867,candidate,6.0,0.0,0.17510314097335977,0.24088719407010206,6.0
,,,,,,,,,,,,,,,,,,,,,6.0,0281,stage1_1005_latest,6,3.646505943672487,0.0736630866027539,4.176093303681526,0.4166666666666667,0.59375,0.7081931851310763,0.35157962666097103,1.6122787430462904,0.2355158235961867,0.8300552083806592,0.6459034074344618,6.0,1.8325632796725906,0.4527785423697667,2.639104679023231,0.3333333333333333,0.3136937684859123,2.8376402217593584,0.578824009473022,0.5928672480596167,,,,,provisional,0.0,0.0,,,,,,,,,,,,,,,,0.16754715584469285,0.2940767224805867,selected,6.0,0.0,0.17510314097335977,0.24088719407010206,6.0
,,,,,,,,,,,,,,,,,,,,,6.0,0281,stage1_1005_latest,6,3.645643076606811,0.07367626104022973,4.176660130843843,0.4166666666666667,0.59375,0.707809419383267,0.35151334520069927,1.6121739738193215,0.23547577456733065,0.8299582887951843,0.6460952903083664,6.0,1.8285362892641097,0.4562714079624574,2.6280724524594525,0.3333333333333333,0.3204161996054203,2.860458049155414,0.583398592386467,0.5870924364023549,,,,,final,0.0,0.0,,,,,,,,,,,,,,,,0.16754829150366307,0.2940735909217587,candidate,6.0,0.0,0.17560944304847165,0.2402738086371405,6.0
0.25057071870379777,3.4199357472637657,0.379261692872831,0.2034857192407982,3.225699802211069,0.4103800179699031,0.13982059803588223,3.8717872414076977,0.37704545319715604,0.3243241683182825,3.2634257325932197,0.5232461656374039,0.22754285946785188,3.462587357808751,0.5121889455451623,0.0411941891978248,0.09249134368574223,0.14617895204049142,0.04168094778519935,0.09121251548164167,0.14773467332112203,6.0,0281,stage1_1005_latest,6,3.645643076606811,0.07367626104022973,4.176660130843843,0.4166666666666667,0.59375,0.707809419383267,0.35151334520069927,1.6121739738193215,0.23547577456733065,0.8299582887951843,0.6460952903083664,6.0,1.8285362892641097,0.4562714079624574,2.6280724524594525,0.3333333333333333,0.3204161996054203,2.860458049155414,0.583398592386467,0.5870924364023549,0.10080969333648682,0.25684652495921423,2.7704722024937034,2.972732616751579,final,0.0,0.0,6.722681159477448e-05,0.0017116399877369261,0.0031760391332468544,2.953821416603474,0.2557909900885362,3.654203072964989,0.4480637465576449,1.133501768850433,0.3228759765625,0.03363114952407664,0.22356731493387041,0.3813580155491344,2.445112036403991,0.4480637465576449,0.6646396578519704,0.16754829150366307,0.2940735909217587,selected,6.0,0.0,0.17560944304847165,0.2402738086371405,6.0
,,,,,,,,,,,,,,,,,,,,,6.0,0282,stage1_1005_latest,6,3.458621143347795,0.07654271074988432,3.947396076758903,0.4583333333333333,0.5852272727272727,0.7001213483521066,0.3733116604178753,1.6126627054607414,0.23413625175320893,0.8316488697828254,0.6499393258239468,6.0,1.509724047652874,0.708282909222302,1.8560881257554205,0.6666666666666666,0.6635970830418682,4.3944463622052625,0.8259000654915079,0.3773179160954451,,,,,base,0.0,0.0,,,,,,,,,,,,,,,,0.165472079951331,0.2983804811924737,candidate,6.0,0.0,0.19444302922899956,0.11703539875356109,6.0
,,,,,,,,,,,,,,,,,,,,,6.0,0282,stage1_1005_latest,6,3.458621143347795,0.07654271074988432,3.947396076758903,0.4583333333333333,0.5852272727272727,0.7001213483521066,0.3733116604178753,1.6126627054607414,0.23413625175320893,0.8316488697828254,0.6499393258239468,6.0,1.509724047652874,0.708282909222302,1.8560881257554205,0.6666666666666666,0.6635970830418682,4.3944463622052625,0.8259000654915079,0.3773179160954451,,,,,base,0.0,0.0,,,,,,,,,,,,,,,,0.165472079951331,0.2983804811924737,selected,6.0,0.0,0.19444302922899956,0.11703539875356109,6.0
,,,,,,,,,,,,,,,,,,,,,6.0,0282,stage1_1005_latest,6,3.4520530504400315,0.07588469488730759,3.982515980984985,0.4427083333333333,0.5994318181818182,0.6908718883696072,0.36948886548049603,1.60419711073759,0.2316683545544918,0.8294432028031298,0.6545640558151965,6.0,1.6445010371322912,0.6641102719647205,2.045507622734999,0.3333333333333333,0.5773176298057511,3.919160828149021,0.7598095451163454,0.46484205693125685,,,,,provisional,0.0,0.0,,,,,,,,,,,,,,,,0.166167938156071,0.29665214293584297,candidate,6.0,0.0,0.17695794150709607,0.16824466768788132,6.0
,,,,,,,,,,,,,,,,,,,,,6.0,0282,stage1_1005_latest,6,3.4520530504400315,0.07588469488730759,3.982515980984985,0.4427083333333333,0.5994318181818182,0.6908718883696072,0.36948886548049603,1.60419711073759,0.2316683545544918,0.8294432028031298,0.6545640558151965,6.0,1.6445010371322912,0.6641102719647205,2.045507622734999,0.3333333333333333,0.5773176298057511,3.919160828149021,0.7598095451163454,0.46484205693125685,,,,,provisional,0.0,0.0,,,,,,,,,,,,,,,,0.166167938156071,0.29665214293584297,selected,6.0,0.0,0.17695794150709607,0.16824466768788132,6.0
,,,,,,,,,,,,,,,,,,,,,6.0,0282,stage1_1005_latest,6,3.4459650616187827,0.07605157380150417,3.977575136439488,0.4427083333333333,0.5994318181818182,0.6903760609361427,0.36986900262778194,1.6041803941953559,0.23162573155484267,0.82933245719786,0.6548119695319287,6.0,1.590131372039756,0.6681932143640931,2.009161892081922,0.3333333333333333,0.5875545171495,3.9193019202374964,0.7599956345222187,0.45839512044645603,,,,,final,0.0,0.0,,,,,,,,,,,,,,,,0.1661537651086797,0.29657243245386816,candidate,6.0,0.0,0.17605941573854575,0.16985415553831185,6.0
0.270252677399941,3.6732380370796034,0.40327551893350577,0.27844861232159784,2.8508109207309134,0.631500206523487,0.16789462421888388,4.22534681624868,0.30547902677935906,0.24612567520419942,3.748786206504164,0.5039123571327052,0.2495424032715272,3.3465924365515334,0.4804885699626514,0.027373756557346612,0.06259542341450153,0.11491485612854939,0.027059935806392304,0.061756884297876936,0.11570030835427918,6.0,0282,stage1_1005_latest,6,3.4459650616187827,0.07605157380150417,3.977575136439488,0.4427083333333333,0.5994318181818182,0.6903760609361427,0.36986900262778194,1.6041803941953559,0.23162573155484267,0.82933245719786,0.6548119695319287,6.0,1.590131372039756,0.6681932143640931,2.009161892081922,0.3333333333333333,0.5875545171495,3.9193019202374964,0.7599956345222187,0.45839512044645603,0.16659316420555115,0.31154377766599745,2.7993341025362892,2.3138073377365935,final,0.0,0.0,0.00022250608433680807,0.0019431625151260757,0.005951388294776446,3.0255435247703972,0.21215951807795053,3.796514160845139,0.3549802667674382,1.204748017841412,0.283447265625,0.03487552596794205,0.24225110079943699,0.350842641326704,2.0995601920034437,0.35498026676743827,0.7490778082154119,0.1661537651086797,0.29657243245386816,selected,6.0,0.0,0.17605941573854575,0.16985415553831185,6.0
,,,,,,,,,,,,,,,,,,,,,6.0,0283,stage1_1005_latest,6,2.8657803400778348,0.09256328251275785,3.2993149212518946,0.4791666666666667,0.6931818181818182,0.5443659455615982,0.4288923543082965,1.643267255502143,0.23443069382384815,0.826727831247247,0.7278170272192009,6.0,2.081771796531116,0.7975936481990764,1.8866046387690405,0.4,0.7548724031998606,4.411596141836226,0.8247737875115135,0.40595452401424426,,,,,base,0.0,0.0,,,,,,,,,,,,,,,,0.17059314946765536,0.2595276971571184,candidate,6.0,0.0,0.2055825002345754,0.08849088165840353,6.0
,,,,,,,,,,,,,,,,,,,,,6.0,0283,stage1_1005_latest,6,2.8657803400778348,0.09256328251275785,3.2993149212518946,0.4791666666666667,0.6931818181818182,0.5443659455615982,0.4288923543082965,1.643267255502143,0.23443069382384815,0.826727831247247,0.7278170272192009,6.0,2.081771796531116,0.7975936481990764,1.8866046387690405,0.4,0.7548724031998606,4.411596141836226,0.8247737875115135,0.40595452401424426,,,,,base,0.0,0.0,,,,,,,,,,,,,,,,0.17059314946765536,0.2595276971571184,selected,6.0,0.0,0.2055825002345754,0.08849088165840353,6.0
,,,,,,,,,,,,,,,,,,,,,6.0,0283,stage1_1005_latest,6,2.817596150432337,0.0932815917749408,3.25691619380498,0.484375,0.6988636363636364,0.5366735080720807,0.4303879802773596,1.6216879522691119,0.22775526622423398,0.8330440114093736,0.7316632459639597,6.0,2.2335941835881137,0.6278120830331898,1.9973567541775086,0.4,0.7278368066175493,3.8580642616012923,0.7462489533662757,0.4468322525760037,,,,,provisional,0.0,0.0,,,,,,,,,,,,,,,,0.1719997592694868,0.2574599418605955,candidate,6.0,0.0,0.17712829543592487,0.16376371071796547,6.0
,,,,,,,,,,,,,,,,,,,,,6.0,0283,stage1_1005_latest,6,2.817596150432337,0.0932815917749408,3.25691619380498,0.484375,0.6988636363636364,0.5366735080720807,0.4303879802773596,1.6216879522691119,0.22775526622423398,0.8330440114093736,0.7316632459639597,6.0,2.2335941835881137,0.6278120830331898,1.9973567541775086,0.4,0.7278368066175493,3.8580642616012923,0.7462489533662757,0.4468322525760037,,,,,provisional,0.0,0.0,,,,,,,,,,,,,,,,0.1719997592694868,0.2574599418605955,selected,6.0,0.0,0.17712829543592487,0.16376371071796547,6.0
,,,,,,,,,,,,,,,,,,,,,6.0,0283,stage1_1005_latest,6,2.8149749269956046,0.09329898601125289,3.256002492513556,0.484375,0.6988636363636364,0.536484535610776,0.4303264776125888,1.6210575723210099,0.22752836289791137,0.833235234546728,0.7317577321946118,6.0,2.2468377734432585,0.632527510179991,1.9920091736492138,0.4,0.73002247619754,3.8720399374977497,0.748401932564601,0.44364610197679316,,,,,final,0.0,0.0,,,,,,,,,,,,,,,,0.17196253221646732,0.2575286630688115,candidate,6.0,0.0,0.1775391240472047,0.16312480587838127,6.0
0.14062232254869572,4.376760782568774,0.36817292912566124,0.13948172481246338,4.013484158888666,0.378088445295015,0.057977276536410986,3.7866925078570883,0.5340981519263408,0.13951155973649568,4.4863919249920885,0.3911832302341357,0.13797476037719394,4.1449435876901,0.4027709209965471,0.03822197322721498,0.04000024182686517,0.19982730480008293,0.038985842855182154,0.040200213230310526,0.20404733894305305,6.0,0283,stage1_1005_latest,6,2.8149749269956046,0.09329898601125289,3.256002492513556,0.484375,0.6988636363636364,0.536484535610776,0.4303264776125888,1.6210575723210099,0.22752836289791137,0.833235234546728,0.7317577321946118,6.0,2.2468377734432585,0.632527510179991,1.9920091736492138,0.4,0.73002247619754,3.8720399374977497,0.748401932564601,0.44364610197679316,0.2093004733324051,0.15192171048029815,2.65859977179505,3.8155152222268045,final,0.0,0.0,0.00015507289388115738,0.001622146591832999,0.007623288857159014,3.8393322606227884,0.13846791952258564,4.602092984346388,0.34125281927197576,1.2559693810056678,0.2669677734375,0.04087967699295141,0.262381620059557,0.3142176628570666,1.9667482224843758,0.34125281927197576,0.7524100401610923,0.17196253221646732,0.2575286630688115,selected,6.0,0.0,0.1775391240472047,0.16312480587838127,6.0
,,,,,,,,,,,,,,,,,,,,,6.0,0284,stage1_1005_latest,6,3.1254310612788205,0.09111107011115152,3.4354405599474447,0.4791666666666667,0.6732954545454546,0.5545622635985091,0.4207524854374136,1.6608951443606432,0.2413247360878084,0.8239148224858144,0.7227188682007454,6.0,2.718625671033318,0.7175483228685817,2.055467956574964,0.4,0.7253002169963711,4.454011752696124,0.8321146939316489,0.411574254534602,,,,,base,0.0,0.0,,,,,,,,,,,,,,,,0.17286961419967709,0.25819328510773953,candidate,6.0,0.0,0.2115239260244635,0.1064136281446809,6.0
,,,,,,,,,,,,,,,,,,,,,6.0,0284,stage1_1005_latest,6,3.1254310612788205,0.09111107011115152,3.4354405599474447,0.4791666666666667,0.6732954545454546,0.5545622635985091,0.4207524854374136,1.6608951443606432,0.2413247360878084,0.8239148224858144,0.7227188682007454,6.0,2.718625671033318,0.7175483228685817,2.055467956574964,0.4,0.7253002169963711,4.454011752696124,0.8321146939316489,0.411574254534602,,,,,base,0.0,0.0,,,,,,,,,,,,,,,,0.17286961419967709,0.25819328510773953,selected,6.0,0.0,0.2115239260244635,0.1064136281446809,6.0
,,,,,,,,,,,,,,,,,,,,,6.0,0284,stage1_1005_latest,6,3.091780432371635,0.08872454239073088,3.4025597297350982,0.4947916666666667,0.6960227272727273,0.5407357562625503,0.4181908427402056,1.6278658256017806,0.23019903498161112,0.8333946122806011,0.7296321218687247,6.0,2.4383050875747,0.5081470199042661,2.964435368688739,0.4,0.49192969833529804,3.6604946777975442,0.698723296350995,0.5250217169150951,,,,,provisional,0.0,0.0,,,,,,,,,,,,,,,,0.17164101898982753,0.25758042101509854,candidate,6.0,0.0,0.17187591329210047,0.16706911242968656,6.0
,,,,,,,,,,,,,,,,,,,,,6.0,0284,stage1_1005_latest,6,3.091780432371635,0.08872454239073088,3.4025597297350982,0.4947916666666667,0.6960227272727273,0.5407357562625503,0.4181908427402056,1.6278658256017806,0.23019903498161112,0.8333946122806011,0.7296321218687247,6.0,2.4383050875747,0.5081470199042661,2.964435368688739,0.4,0.49192969833529804,3.6604946777975442,0.698723296350995,0.5250217169150951,,,,,provisional,0.0,0.0,,,,,,,,,,,,,,,,0.17164101898982753,0.25758042101509854,selected,6.0,0.0,0.17187591329210047,0.16706911242968656,6.0
,,,,,,,,,,,,,,,,,,,,,6.0,0284,stage1_1005_latest,6,3.09567082263789,0.08849548904096798,3.4036859779590576,0.4947916666666667,0.6960227272727273,0.5408647504520102,0.41802725639408117,1.6275989584434642,0.2301334896651631,0.8335191330509847,0.7295676247739948,6.0,2.4570107616385264,0.513542856269288,2.932105935753914,0.4,0.5046861139730086,3.715433872966733,0.7102599030859507,0.5121529438928817,,,,,final,0.0,0.0,,,,,,,,,,,,,,,,0.17147782554437338,0.25760438296072985,candidate,6.0,0.0,0.1741462188077577,0.16399261487218508,6.0
0.17211930976129822,4.259187852172056,0.34563747604108186,0.1203605390922252,4.45362966210022,0.3030003911385362,0.11051922342250747,5.441751932566987,0.2452489530700243,0.14893652107943234,4.436755202612418,0.3618616348718592,0.15160224950303158,4.480195838279438,0.36211079690701103,0.04961196094201847,0.05442732137804968,0.24228430011485372,0.049897158416156516,0.05430427071406698,0.2478004515134248,6.0,0284,stage1_1005_latest,6,3.09567082263789,0.08849548904096798,3.4036859779590576,0.4947916666666667,0.6960227272727273,0.5408647504520102,0.41802725639408117,1.6275989584434642,0.2301334896651631,0.8335191330509847,0.7295676247739948,6.0,2.4570107616385264,0.513542856269288,2.932105935753914,0.4,0.5046861139730086,3.715433872966733,0.7102599030859507,0.5121529438928817,0.21983174979686737,0.13036145136791882,3.0575606300617264,4.755164584955353,final,0.0,0.0,0.0003868483585291057,0.002328586059667301,0.017055119112377826,3.9035973907132506,0.14858234695541214,4.6704724710649606,0.3599476920766864,1.2456692505232523,0.252685546875,0.04340289028611986,0.2585386077458826,0.31799189977603864,2.0273374537588627,0.3599476920766864,0.7360524396436531,0.17147782554437338,0.25760438296072985,selected,6.0,0.0,0.1741462188077577,0.16399261487218508,6.0
,,,,,,,,,,,,,,,,,,,,,6.0,0285,stage1_1005_latest,6,3.241986808891507,0.08582277805067152,3.5829176657569657,0.4583333333333333,0.6704545454545454,0.5578131770689823,0.3978098871590148,1.6472313043240385,0.2359916814103896,0.8322658039867794,0.7210934114655089,6.0,1.9404776263728667,0.7906032400208722,1.703413101555653,0.6,0.8057216835310962,4.759859963469179,0.8682356405717665,0.34052402559261263,,,,,base,0.0,0.0,,,,,,,,,,,,,,,,0.16926783067359485,0.26061224599793315,candidate,6.0,0.0,0.16772031401336937,0.07000450524224477,6.0
,,,,,,,,,,,,,,,,,,,,,6.0,0285,stage1_1005_latest,6,3.241986808891507,0.08582277805067152,3.5829176657569657,0.4583333333333333,0.6704545454545454,0.5578131770689823,0.3978098871590148,1.6472313043240385,0.2359916814103896,0.8322658039867794,0.7210934114655089,6.0,1.9404776263728667,0.7906032400208722,1.703413101555653,0.6,0.8057216835310962,4.759859963469179,0.8682356405717665,0.34052402559261263,,,,,base,0.0,0.0,,,,,,,,,,,,,,,,0.16926783067359485,0.26061224599793315,selected,6.0,0.0,0.16772031401336937,0.07000450524224477,6.0
,,,,,,,,,,,,,,,,,,,,,6.0,0285,stage1_1005_latest,6,3.0974305109472797,0.08887795371551896,3.4587279046683106,0.4739583333333333,0.6619318181818182,0.5609225838454482,0.4155279609667622,1.657988777138512,0.2392682948708133,0.8246882537712836,0.7195387080772758,6.0,1.7239536737138805,0.5669154867446999,2.323458639332169,0.6,0.5579520353323232,3.1512881593442628,0.6371733703779888,0.5171540878284715,,,,,provisional,0.0,0.0,,,,,,,,,,,,,,,,0.17257139055644544,0.25928817698554246,candidate,6.0,0.0,0.14466737125848583,0.12503971658891214,6.0
,,,,,,,,,,,,,,,,,,,,,6.0,0285,stage1_1005_latest,6,3.0974305109472797,0.08887795371551896,3.4587279046683106,0.4739583333333333,0.6619318181818182,0.5609225838454482,0.4155279609667622,1.657988777138512,0.2392682948708133,0.8246882537712836,0.7195387080772758,6.0,1.7239536737138805,0.5669154867446999,2.323458639332169,0.6,0.5579520353323232,3.1512881593442628,0.6371733703779888,0.5171540878284715,,,,,provisional,0.0,0.0,,,,,,,,,,,,,,,,0.17257139055644544,0.25928817698554246,selected,6.0,0.0,0.14466737125848583,0.12503971658891214,6.0
,,,,,,,,,,,,,,,,,,,,,6.0,0285,stage1_1005_latest,6,3.0953486613875616,0.08883876838905008,3.456938924857194,0.4739583333333333,0.6704545454545454,0.5599417814706584,0.4153319995344112,1.6571773032826496,0.23894070290264635,0.8249944993053501,0.7200291092646708,6.0,1.7250697138163897,0.5673499894111591,2.3208396819187684,0.6,0.5622883756844792,3.185151246052373,0.6430654721522348,0.5041468705265577,,,,,final,0.0,0.0,,,,,,,,,,,,,,,,0.17238493952402656,0.25927668228212747,candidate,6.0,0.0,0.14498444167256802,0.12419630504778899,6.0
0.16656114223570787,4.263763503022399,0.3321894494679215,0.1900363085184759,4.239453081316451,0.34546599613220663,0.12396800442747162,2.4922036704717607,0.7346686289234966,0.17996591937415307,3.477626175501027,0.5703873326958219,0.17087731850701038,4.526709356287658,0.27494835580642957,0.03652993256553733,0.055605454092842406,0.2247696118537863,0.03628855743182811,0.05678938866241001,0.2300786163255201,6.0,0285,stage1_1005_latest,6,3.0953486613875616,0.08883876838905008,3.456938924857194,0.4739583333333333,0.6704545454545454,0.5599417814706584,0.4153319995344112,1.6571773032826496,0.23894070290264635,0.8249944993053501,0.7200291092646708,6.0,1.7250697138163897,0.5673499894111591,2.3208396819187684,0.6,0.5622883756844792,3.185151246052373,0.6430654721522348,0.5041468705265577,0.2247227132320404,0.21497318795168377,2.93363555650827,3.9848714401135155,final,0.0,0.0,0.0004092773286064979,0.003128783993217305,0.012453871445294177,3.5998338502090044,0.15163704809882014,4.260200022397477,0.3338476018416778,1.2380936920718937,0.3575439453125,0.03762486745231238,0.25688864864486166,0.3276585618680741,1.958969778757202,0.3338476018416778,0.7629063273879966,0.17238493952402656,0.25927668228212747,selected,6.0,0.0,0.14498444167256802,0.12419630504778899,6.0
,,,,,,,,,,,,,,,,,,,,,6.0,0286,stage1_1005_latest,6,2.971594237069371,0.0894351657636394,3.3770723880246245,0.4791666666666667,0.6789772727272727,0.5557212795969094,0.42295586817342995,1.644102758379929,0.23770439784171082,0.8291858373396567,0.7221393602015452,6.0,2.3711244135932508,0.8534761660524988,1.5141746414350514,0.4,0.8719013803010014,4.8966597103910035,0.8861942430190336,0.32842633528911314,,,,,base,0.0,0.0,,,,,,,,,,,,,,,,0.16928923243935848,0.2608065613678622,candidate,6.0,0.0,0.143115363616358,0.041681070450729774,6.0
,,,,,,,,,,,,,,,,,,,,,6.0,0286,stage1_1005_latest,6,2.971594237069371,0.0894351657636394,3.3770723880246245,0.4791666666666667,0.6789772727272727,0.5557212795969094,0.42295586817342995,1.644102758379929,0.23770439784171082,0.8291858373396567,0.7221393602015452,6.0,2.3711244135932508,0.8534761660524988,1.5141746414350514,0.4,0.8719013803010014,4.8966597103910035,0.8861942430190336,0.32842633528911314,,,,,base,0.0,0.0,,,,,,,,,,,,,,,,0.16928923243935848,0.2608065613678622,selected,6.0,0.0,0.143115363616358,0.041681070450729774,6.0
,,,,,,,,,,,,,,,,,,,,,6.0,0286,stage1_1005_latest,6,2.9364583068171024,0.0885684893941737,3.3702991740867327,0.4739583333333333,0.6761363636363636,0.5483977597787546,0.41986734961029143,1.6309334638153372,0.23271252650261934,0.8331084324219326,0.7258011201106226,6.0,1.6659824977356996,0.6940151353109061,1.7588390757637942,0.6,0.7730741121600472,3.5137211571543014,0.6968823166482045,0.43868642736682995,,,,,provisional,0.0,0.0,,,,,,,,,,,,,,,,0.16775196711053678,0.2617015904928742,candidate,6.0,0.0,0.12872136176692806,0.07776484124531133,6.0
,,,,,,,,,,,,,,,,,,,,,6.0,0286,stage1_1005_latest,6,2.9364583068171024,0.0885684893941737,3.3702991740867327,0.4739583333333333,0.6761363636363636,0.5483977597787546,0.41986734961029143,1.6309334638153372,0.23271252650261934,0.8331084324219326,0.7258011201106226,6.0,1.6659824977356996,0.6940151353109061,1.7588390757637942,0.6,0.7730741121600472,3.5137211571543014,0.6968823166482045,0.43868642736682995,,,,,provisional,0.0,0.0,,,,,,,,,,,,,,,,0.16775196711053678,0.2617015904928742,selected,6.0,0.0,0.12872136176692806,0.07776484124531133,6.0
,,,,,,,,,,,,,,,,,,,,,6.0,0286,stage1_1005_latest,6,2.922701233582346,0.08883198402812266,3.3610812247118345,0.4791666666666667,0.6903409090909091,0.54743492723108,0.420611838669795,1.630654879540631,0.2324640306876914,0.833046496245597,0.7262825363844599,6.0,1.7675793603998782,0.6636519906088829,1.8209223648598205,0.6,0.7574668087656867,3.5290783354618314,0.6983358592343083,0.43825939557959914,,,,,final,0.0,0.0,,,,,,,,,,,,,,,,0.16769072774316102,0.2616518496485337,candidate,6.0,0.0,0.12688001552013342,0.08294133896710987,6.0
0.1694763792895341,4.571368236477391,0.27676572429282065,0.15885125750001775,4.512406463229593,0.31795221688821174,0.10411158333122514,4.3978726038673415,0.337941326706004,0.17072140538199138,3.6020725152015562,0.5780172072364366,0.16068981579009634,4.639510971958806,0.3096370049329183,0.03762595950178139,0.02976053113202366,0.20720140242914217,0.031131071363245406,0.027508390566256116,0.20609364730074864,6.0,0286,stage1_1005_latest,6,2.922701233582346,0.08883198402812266,3.3610812247118345,0.4791666666666667,0.6903409090909091,0.54743492723108,0.420611838669795,1.630654879540631,0.2324640306876914,0.833046496245597,0.7262825363844599,6.0,1.7675793603998782,0.6636519906088829,1.8209223648598205,0.6,0.7574668087656867,3.5290783354618314,0.6983358592343083,0.43825939557959914,0.20627517998218536,0.17953467025351708,2.6168098405632265,3.6289030465445946,final,0.0,0.0,0.0009691728431613436,0.004198300324371289,0.016649451919532748,3.8311689265040845,0.13711206328683087,4.585386486407237,0.33809007214997555,1.2610874923733102,0.288818359375,0.03966084630241507,0.26374308545814573,0.3111019345729979,1.9632915886510032,0.3380900721499755,0.7558918829157355,0.16769072774316102,0.2616518496485337,selected,6.0,0.0,0.12688001552013342,0.08294133896710987,6.0
,,,,,,,,,,,,,,,,,,,,,6.0,0287,stage1_1005_latest,6,2.9649140196461343,0.08824961694771032,3.3998391575852382,0.4739583333333333,0.6903409090909091,0.5524650505011276,0.4180000759460379,1.6362483674735218,0.23429032250844045,0.830965761064809,0.7237674747494363,6.0,2.2869451079458396,0.7989916254723091,1.6745588461910181,0.4,0.8299405477945445,4.845973035480317,0.879214834165622,0.3127550267974284,,,,,base,0.0,0.0,,,,,,,,,,,,,,,,0.16759120873429056,0.2628110441469343,candidate,6.0,0.0,0.13344427662742597,0.05052830144202145,6.0
,,,,,,,,,,,,,,,,,,,,,6.0,0287,stage1_1005_latest,6,2.9649140196461343,0.08824961694771032,3.3998391575852382,0.4739583333333333,0.6903409090909091,0.5524650505011276,0.4180000759460379,1.6362483674735218,0.23429032250844045,0.830965761064809,0.7237674747494363,6.0,2.2869451079458396,0.7989916254723091,1.6745588461910181,0.4,0.8299405477945445,4.845973035480317,0.879214834165622,0.3127550267974284,,,,,base,0.0,0.0,,,,,,,,,,,,,,,,0.16759120873429056,0.2628110441469343,selected,6.0,0.0,0.13344427662742597,0.05052830144202145,6.0
,,,,,,,,,,,,,,,,,,,,,6.0,0287,stage1_1005_latest,6,2.98184546516016,0.08742665425229429,3.3936735729199867,0.4635416666666667,0.6761363636363636,0.5488935225194157,0.4193382474986459,1.6302583117830522,0.23293886774066624,0.8326036471323693,0.7255532387402921,6.0,2.0171855340635796,0.7300489567714968,1.7240533978514385,0.4,0.8088088096740222,3.8761790006385177,0.7529994587383825,0.40108772383308305,,,,,provisional,0.0,0.0,,,,,,,,,,,,,,,,0.16782560023098814,0.2615148698368494,candidate,6.0,0.0,0.12811516586457286,0.07313510828295372,6.0
,,,,,,,,,,,,,,,,,,,,,6.0,0287,stage1_1005_latest,6,2.98184546516016,0.08742665425229429,3.3936735729199867,0.4635416666666667,0.6761363636363636,0.5488935225194157,0.4193382474986459,1.6302583117830522,0.23293886774066624,0.8326036471323693,0.7255532387402921,6.0,2.0171855340635796,0.7300489567714968,1.7240533978514385,0.4,0.8088088096740222,3.8761790006385177,0.7529994587383825,0.40108772383308305,,,,,provisional,0.0,0.0,,,,,,,,,,,,,,,,0.16782560023098814,0.2615148698368494,selected,6.0,0.0,0.12811516586457286,0.07313510828295372,6.0
,,,,,,,,,,,,,,,,,,,,,6.0,0287,stage1_1005_latest,6,2.960697913384872,0.08763707076465203,3.3793360878270553,0.4635416666666667,0.6761363636363636,0.5473949149378853,0.42029287666465154,1.628788339191842,0.23229860805375802,0.833030631893393,0.7263025425310574,6.0,2.005887529463608,0.7269176489472152,1.7471892751427653,0.4,0.8026019084709741,3.9174836732363083,0.7579509681825185,0.40210964776820707,,,,,final,0.0,0.0,,,,,,,,,,,,,,,,0.16777023451127657,0.26134321060643,candidate,6.0,0.0,0.12722814650698946,0.0752896188830174,6.0
0.18068479875037796,4.482612711453013,0.34234442071917526,0.20336031637138843,4.486099490787328,0.2930523092727298,0.11859016409457417,4.328390960161025,0.2863248712952652,0.16097024114665773,3.427807953543569,0.6032933518426088,0.17389919485110736,4.6181436501153925,0.27582452768853716,0.03192900458038163,0.031114437551052188,0.19647107929470642,0.03183233139012321,0.03322638530588627,0.19303200522333055,6.0,0287,stage1_1005_latest,6,2.960697913384872,0.08763707076465203,3.3793360878270553,0.4635416666666667,0.6761363636363636,0.5473949149378853,0.42029287666465154,1.628788339191842,0.23229860805375802,0.833030631893393,0.7263025425310574,6.0,2.005887529463608,0.7269176489472152,1.7471892751427653,0.4,0.8026019084709741,3.9174836732363083,0.7579509681825185,0.40210964776820707,0.2183144986629486,0.24473164472170966,2.4491936412400253,3.735372944592804,final,0.0,0.0,0.0013526501671247508,0.005368775409356793,0.01466105846629035,3.737158346252354,0.14459064144928985,4.480892981554527,0.34506943332377715,1.2466200872391475,0.2850341796875,0.039869898621883115,0.25943711610885806,0.319835128189539,1.991114733602179,0.34506943332377715,0.7501771978187302,0.16777023451127657,0.26134321060643,selected,6.0,0.0,0.12722814650698946,0.0752896188830174,6.0
,,,,,,,,,,,,,,,,,,,,,6.0,0288,stage1_1005_latest,6,3.5832752889844657,0.07492256286103581,4.127862864854913,0.4270833333333333,0.5909090909090909,0.7123787109684058,0.3487994003314793,1.5989606463722126,0.23080021971933168,0.8370721768663626,0.6438106445157971,6.0,1.8217087983928748,0.7734534354170596,1.8043371163924438,0.4,0.777653144032602,4.605885371602967,0.8494646640495995,0.3523142505917826,,,,,base,0.0,0.0,,,,,,,,,,,,,,,,0.1665222082160439,0.2988831507476441,candidate,6.0,0.0,0.19827492852209694,0.10300137656918908,6.0
,,,,,,,,,,,,,,,,,,,,,6.0,0288,stage1_1005_latest,6,3.5832752889844657,0.07492256286103581,4.127862864854913,0.4270833333333333,0.5909090909090909,0.7123787109684058,0.3487994003314793,1.5989606463722126,0.23080021971933168,0.8370721768663626,0.6438106445157971,6.0,1.8217087983928748,0.7734534354170596,1.8043371163924438,0.4,0.777653144032602,4.605885371602967,0.8494646640495995,0.3523142505917826,,,,,base,0.0,0.0,,,,,,,,,,,,,,,,0.1665222082160439,0.2988831507476441,selected,6.0,0.0,0.19827492852209694,0.10300137656918908,6.0
,,,,,,,,,,,,,,,,,,,,,6.0,0288,stage1_1005_latest,6,3.5215247182961287,0.07587116048430036,4.078414847128667,0.4270833333333333,0.59375,0.7041801755953797,0.3516034385045784,1.595825412400073,0.22970373387078913,0.8376841645658525,0.6479099122023101,6.0,2.5844898690414686,0.4649749094056092,2.6664948894092686,0.4,0.5371212238693657,3.348659415961154,0.6711308032890151,0.5004185843939952,,,,,provisional,0.0,0.0,,,,,,,,,,,,,,,,0.16567113753943571,0.2978395703888294,candidate,6.0,0.0,0.16307465685953215,0.18390205179635158,6.0
,,,,,,,,,,,,,,,,,,,,,6.0,0288,stage1_1005_latest,6,3.5215247182961287,0.07587116048430036,4.078414847128667,0.4270833333333333,0.59375,0.7041801755953797,0.3516034385045784,1.595825412400073,0.22970373387078913,0.8376841645658525,0.6479099122023101,6.0,2.5844898690414686,0.4649749094056092,2.6664948894092686,0.4,0.5371212238693657,3.348659415961154,0.6711308032890151,0.5004185843939952,,,,,provisional,0.0,0.0,,,,,,,,,,,,,,,,0.16567113753943571,0.2978395703888294,selected,6.0,0.0,0.16307465685953215,0.18390205179635158,6.0
,,,,,,,,,,,,,,,,,,,,,6.0,0288,stage1_1005_latest,6,3.5236352786595893,0.0758822533611617,4.080973827864468,0.4270833333333333,0.59375,0.7041145842461497,0.35141579203615386,1.5961453331420488,0.2298021489372413,0.8375540781623326,0.6479427078769252,6.0,2.5891859385081433,0.46695317164460104,2.648587376774643,0.4,0.5413396352190343,3.361677753391279,0.6725928184836486,0.4965331078029959,,,,,final,0.0,0.0,,,,,,,,,,,,,,,,0.16564106268435516,0.29782221301454903,candidate,6.0,0.0,0.16317514385606285,0.18395300505108142,6.0
0.16500519861528742,4.6790360183557125,0.29323508610143095,0.14782621861241735,4.619055888700141,0.30038120302655286,0.11526694245950049,4.72304906263991,0.31591241074020204,0.14421747911502766,4.46138523075785,0.3833600978689599,0.165411592180102,4.907233560102711,0.28577575031140967,0.036917528299317826,0.030654037500305816,0.2045980740290008,0.036386835674736225,0.030212833367756976,0.2089676960152498,6.0,0288,stage1_1005_latest,6,3.5236352786595893,0.0758822533611617,4.080973827864468,0.4270833333333333,0.59375,0.7041145842461497,0.35141579203615386,1.5961453331420488,0.2298021489372413,0.8375540781623326,0.6479427078769252,6.0,2.5891859385081433,0.46695317164460104,2.648587376774643,0.4,0.5413396352190343,3.361677753391279,0.6725928184836486,0.4965331078029959,0.20537272095680237,0.1685462618281604,2.858210028254568,4.321086425693844,final,0.0,0.0,0.00020861364344972698,0.001268556084409232,0.010924474079301326,4.048804448199529,0.14392778996225714,4.828970270892583,0.3592357881774049,1.2524217638255193,0.2381591796875,0.04505704479146905,0.26204098571026563,0.31003874423805855,2.010712499682498,0.35923578817740504,0.7378930235452157,0.16564106268435516,0.29782221301454903,selected,6.0,0.0,0.16317514385606285,0.18395300505108142,6.0
,,,,,,,,,,,,,,,,,,,,,6.0,0289,stage1_1005_latest,6,3.860275285678495,0.07435274483723539,4.462462752516086,0.3802083333333333,0.5681818181818182,0.714872492724501,0.3197832948435378,1.617008451176097,0.2386187664754086,0.829244494704589,0.6425637536377494,6.0,2.4439826316347717,0.7614304150119359,1.8652924717302695,0.4,0.7769394136302528,4.445987545598641,0.8287817833458403,0.3709971374606655,,,,,base,0.0,0.0,,,,,,,,,,,,,,,,0.16509923887336864,0.30031450228644424,candidate,6.0,0.0,0.17294173368956564,0.08662716260106675,6.0
,,,,,,,,,,,,,,,,,,,,,6.0,0289,stage1_1005_latest,6,3.860275285678495,0.07435274483723539,4.462462752516086,0.3802083333333333,0.5681818181818182,0.714872492724501,0.3197832948435378,1.617008451176097,0.2386187664754086,0.829244494704589,0.6425637536377494,6.0,2.4439826316347717,0.7614304150119359,1.8652924717302695,0.4,0.7769394136302528,4.445987545598641,0.8287817833458403,0.3709971374606655,,,,,base,0.0,0.0,,,,,,,,,,,,,,,,0.16509923887336864,0.30031450228644424,selected,6.0,0.0,0.17294173368956564,0.08662716260106675,6.0
,,,,,,,,,,,,,,,,,,,,,6.0,0289,stage1_1005_latest,6,3.850944832478178,0.07469363761515124,4.484933870862411,0.359375,0.59375,0.7063606490573605,0.3186199055895689,1.6196297005769225,0.23858133155469272,0.8271782985503506,0.6468196754713198,6.0,2.2827724732439756,0.5186537915977654,2.63513616117328,0.4,0.5604881438532607,3.5487032073375118,0.6876781707817575,0.484413699733932,,,,,provisional,0.0,0.0,,,,,,,,,,,,,,,,0.1653026601114894,0.29813236728903864,candidate,6.0,0.0,0.14163264664669756,0.1483699681484019,6.0
,,,,,,,,,,,,,,,,,,,,,6.0,0289,stage1_1005_latest,6,3.850944832478178,0.07469363761515124,4.484933870862411,0.359375,0.59375,0.7063606490573605,0.3186199055895689,1.6196297005769225,0.23858133155469272,0.8271782985503506,0.6468196754713198,6.0,2.2827724732439756,0.5186537915977654,2.63513616117328,0.4,0.5604881438532607,3.5487032073375118,0.6876781707817575,0.484413699733932,,,,,provisional,0.0,0.0,,,,,,,,,,,,,,,,0.1653026601114894,0.29813236728903864,selected,6.0,0.0,0.14163264664669756,0.1483699681484019,6.0
,,,,,,,,,,,,,,,,,,,,,6.0,0289,stage1_1005_latest,6,3.852364806383732,0.07472790302117,4.487397035416948,0.359375,0.59375,0.7060685531243497,0.31843968813271945,1.6198676058882988,0.23867305030931737,0.8269338417696388,0.6469657234378252,6.0,2.262382418222643,0.5170652468843329,2.633217481459229,0.4,0.5594370239275726,3.551811734815611,0.6880742615535056,0.4829428942943602,,,,,final,0.0,0.0,,,,,,,,,,,,,,,,0.165258648280647,0.2981189933982348,candidate,6.0,0.0,0.14085960248115806,0.14937113085795106,6.0
0.17338474828428735,4.47519644697982,0.3191019711068046,0.1334932024163244,4.582241990320299,0.3093094541984552,0.06303412836564673,3.6267444758410554,0.5435276433497895,0.1463738447193337,3.7931528623629376,0.5404111973478476,0.14742357401436842,4.660277566217987,0.3183997950360271,0.026910957982842775,0.06074289384632886,0.18867045336236485,0.026256758858568967,0.05984488738213498,0.18536260072421373,6.0,0289,stage1_1005_latest,6,3.852364806383732,0.07472790302117,4.487397035416948,0.359375,0.59375,0.7060685531243497,0.31843968813271945,1.6198676058882988,0.23867305030931737,0.8269338417696388,0.6469657234378252,6.0,2.262382418222643,0.5170652468843329,2.633217481459229,0.4,0.5594370239275726,3.551811734815611,0.6880742615535056,0.4829428942943602,0.21199588477611542,0.16720913323000186,2.9696839238724917,4.3112880343369415,final,0.0,0.0,9.618412592858e-05,0.0019529779661452255,0.009226017686352018,3.6260039858575857,0.1491434121879585,4.345517112312248,0.33242685216734097,1.2577172901220077,0.2979736328125,0.039147427680620454,0.2612467568133872,0.3164436986570908,1.9647611941129173,0.33242685216734097,0.7657447210903373,0.165258648280647,0.2981189933982348,selected,6.0,0.0,0.14085960248115806,0.14937113085795106,6.0
,,,,,,,,,,,,,,,,,,,,,6.0,0290,stage1_1005_latest,6,3.316427050284937,0.07457604624537915,3.7836901813909676,0.4739583333333333,0.5852272727272727,0.6985600489566156,0.3855854392655244,1.5797164102452843,0.224389352344101,0.8406114752842683,0.6507199755216923,6.0,2.9657520477669905,0.7196826773219163,2.3272421629297813,0.2,0.6820986039571053,4.537767688595101,0.843491649315956,0.392161547529397,,,,,base,0.0,0.0,,,,,,,,,,,,,,,,0.1655353370073073,0.30035092914161343,candidate,6.0,0.0,0.19836029718359754,0.09597279514215053,6.0
,,,,,,,,,,,,,,,,,,,,,6.0,0290,stage1_1005_latest,6,3.316427050284937,0.07457604624537915,3.7836901813909676,0.4739583333333333,0.5852272727272727,0.6985600489566156,0.3855854392655244,1.5797164102452843,0.224389352344101,0.8406114752842683,0.6507199755216923,6.0,2.9657520477669905,0.7196826773219163,2.3272421629297813,0.2,0.6820986039571053,4.537767688595101,0.843491649315956,0.392161547529397,,,,,base,0.0,0.0,,,,,,,,,,,,,,,,0.1655353370073073,0.30035092914161343,selected,6.0,0.0,0.19836029718359754,0.09597279514215053,6.0
,,,,,,,,,,,,,,,,,,,,,6.0,0290,stage1_1005_latest,6,3.325699309123645,0.0735722434438285,3.839360942684563,0.453125,0.5909090909090909,0.6941406092001728,0.3793184361042777,1.5708219227624596,0.2220676225960655,0.8394527375819508,0.6529296953999136,6.0,2.539927288223514,0.5425953478650725,2.74011592497548,0.2,0.5575211571241068,3.7865204247172066,0.7337243682533613,0.4578921937223742,,,,,provisional,0.0,0.0,,,,,,,,,,,,,,,,0.1664089173838711,0.2983016088743476,candidate,6.0,0.0,0.18186810055905303,0.15031463828651326,6.0
,,,,,,,,,,,,,,,,,,,,,6.0,0290,stage1_1005_latest,6,3.325699309123645,0.0735722434438285,3.839360942684563,0.453125,0.5909090909090909,0.6941406092001728,0.3793184361042777,1.5708219227624596,0.2220676225960655,0.8394527375819508,0.6529296953999136,6.0,2.539927288223514,0.5425953478650725,2.74011592497548,0.2,0.5575211571241068,3.7865204247172066,0.7337243682533613,0.4578921937223742,,,,,provisional,0.0,0.0,,,,,,,,,,,,,,,,0.1664089173838711,0.2983016088743476,selected,6.0,0.0,0.18186810055905303,0.15031463828651326,6.0
,,,,,,,,,,,,,,,,,,,,,6.0,0290,stage1_1005_latest,6,3.3254597095265805,0.07353544324755387,3.838895608331891,0.453125,0.5909090909090909,0.6942520033239457,0.37934074062440243,1.5707577223654692,0.2220569266234036,0.8395211865498323,0.6528739983380272,6.0,2.557796520071928,0.5391865378121549,2.772390709653744,0.2,0.5492425164509729,3.777613289523842,0.7327081549643149,0.4612168664372727,,,,,final,0.0,0.0,,,,,,,,,,,,,,,,0.1664251743495557,0.2982576432052597,candidate,6.0,0.0,0.18156672856367442,0.15148473330175186,6.0
0.17006866430450016,4.329401888428627,0.33168630106532226,0.1527648016752628,4.495813302538281,0.3278650154560482,0.12568221787201825,5.0008617599346055,0.2871174202893901,0.1727874202860358,4.254400136021839,0.4353614096143297,0.1802564974574971,4.364006218861186,0.36082198811739985,0.0415772709804598,0.0634543237676124,0.17035483755751904,0.041124286279821155,0.0630808868769714,0.17101276843583543,6.0,0290,stage1_1005_latest,6,3.3254597095265805,0.07353544324755387,3.838895608331891,0.453125,0.5909090909090909,0.6942520033239457,0.37934074062440243,1.5707577223654692,0.2220569266234036,0.8395211865498323,0.6528739983380272,6.0,2.557796520071928,0.5391865378121549,2.772390709653744,0.2,0.5492425164509729,3.777613289523842,0.7327081549643149,0.4612168664372727,0.23271150887012482,0.15150761488787698,2.946715334596456,4.18417579899761,final,0.0,0.0,7.233818628940313e-05,0.000880309295650941,0.008010092460794331,3.783232466758149,0.15582375105854257,4.561550040616102,0.3616834515116354,1.2351516553666113,0.2724609375,0.04223059318805069,0.2554203504659457,0.32270410823180407,2.0380303849210106,0.36168345151163533,0.7373669028060584,0.1664251743495557,0.2982576432052597,selected,6.0,0.0,0.18156672856367442,0.15148473330175186,6.0
,,,,,,,,,,,,,,,,,,,,,6.0,0291,stage1_1005_latest,6,3.0238521137347254,0.07659877104627966,3.537722522492333,0.4635416666666667,0.6022727272727273,0.6805545501044565,0.4013042826855813,1.552354264301192,0.21433499176983595,0.8502868906646608,0.6597227249477717,6.0,1.4621647744135111,0.8497375921200185,1.6072463865610973,0.6,0.8258520209796087,4.572410170787266,0.8454004704245829,0.35269832248680116,,,,,base,0.0,0.0,,,,,,,,,,,,,,,,0.1648903050378987,0.2987761795597992,candidate,6.0,0.0,0.16808071352491089,0.07638675542284028,6.0
,,,,,,,,,,,,,,,,,,,,,6.0,0291,stage1_1005_latest,6,3.0238521137347254,0.07659877104627966,3.537722522492333,0.4635416666666667,0.6022727272727273,0.6805545501044565,0.4013042826855813,1.552354264301192,0.21433499176983595,0.8502868906646608,0.6597227249477717,6.0,1.4621647744135111,0.8497375921200185,1.6072463865610973,0.6,0.8258520209796087,4.572410170787266,0.8454004704245829,0.35269832248680116,,,,,base,0.0,0.0,,,,,,,,,,,,,,,,0.1648903050378987,0.2987761795597992,selected,6.0,0.0,0.16808071352491089,0.07638675542284028,6.0
,,,,,,,,,,,,,,,,,,,,,6.0,0291,stage1_1005_latest,6,3.001585908029689,0.07681027224983693,3.5451416369201105,0.4791666666666667,0.5965909090909091,0.6795827284650116,0.3994578311613223,1.5436109289217768,0.21156675216416782,0.8492327775230608,0.6602086357674942,6.0,1.7918496320544928,0.695912317927205,1.744062873225556,0.6,0.7784054897677682,3.9066060284387243,0.7585829019896055,0.42134213275792154,,,,,provisional,0.0,0.0,,,,,,,,,,,,,,,,0.16596856823352807,0.2966738655075665,candidate,6.0,0.0,0.1505739710928003,0.13029597012810384,6.0
,,,,,,,,,,,,,,,,,,,,,6.0,0291,stage1_1005_latest,6,3.001585908029689,0.07681027224983693,3.5451416369201105,0.4791666666666667,0.5965909090909091,0.6795827284650116,0.3994578311613223,1.5436109289217768,0.21156675216416782,0.8492327775230608,0.6602086357674942,6.0,1.7918496320544928,0.695912317927205,1.744062873225556,0.6,0.7784054897677682,3.9066060284387243,0.7585829019896055,0.42134213275792154,,,,,provisional,0.0,0.0,,,,,,,,,,,,,,,,0.16596856823352807,0.2966738655075665,selected,6.0,0.0,0.1505739710928003,0.13029597012810384,6.0
,,,,,,,,,,,,,,,,,,,,,6.0,0291,stage1_1005_latest,6,3.0013281774702403,0.07679108388745291,3.542656111699459,0.4791666666666667,0.5965909090909091,0.6795769111251021,0.39974598101023295,1.5435847163822933,0.2115582279032677,0.8493943647547685,0.660211544437449,6.0,1.7372915562563287,0.7051614533336537,1.7485559313308099,0.6,0.7751791235851219,3.9085063369917337,0.7587803650968082,0.41903065164019837,,,,,final,0.0,0.0,,,,,,,,,,,,,,,,0.1659346850877503,0.2967979304131175,candidate,6.0,0.0,0.15096306728748246,0.12862214775990075,6.0
0.23036714135712294,3.7488526749100073,0.3917328018628678,0.2680543653408028,3.4415139702941606,0.5347555176557031,0.13020667279009918,3.578910691399576,0.46211390168655586,0.1718332232504086,3.715194989856753,0.46692080242581346,0.23793809048340028,3.874965743177976,0.41241097068577504,0.029064507239767928,0.04325370174669894,0.1783880140527546,0.030900677085255613,0.04555968170536179,0.17702096019894153,6.0,0291,stage1_1005_latest,6,3.0013281774702403,0.07679108388745291,3.542656111699459,0.4791666666666667,0.5965909090909091,0.6795769111251021,0.39974598101023295,1.5435847163822933,0.2115582279032677,0.8493943647547685,0.660211544437449,6.0,1.7372915562563287,0.7051614533336537,1.7485559313308099,0.6,0.7751791235851219,3.9085063369917337,0.7587803650968082,0.41903065164019837,0.23339232802391052,0.2909403212485039,2.5194094082475713,2.816271581033701,final,0.0,0.0,0.00036670192646343964,0.002485740317097229,0.0127066444555737,3.3089598757140957,0.18170115405653184,4.06786450819626,0.35630024168631047,1.2228658857130805,0.3258056640625,0.039898488398602244,0.2481682020513272,0.3371823994780926,2.0565503901605178,0.3563002416863104,0.7477103635649527,0.1659346850877503,0.2967979304131175,selected,6.0,0.0,0.15096306728748246,0.12862214775990075,6.0
,,,,,,,,,,,,,,,,,,,,,6.0,0292,stage1_1005_latest,6,3.8043420500539047,0.07471822200806465,4.360945238821918,0.390625,0.5653409090909091,0.7168642223359526,0.3292759277024683,1.615633458752824,0.2371289362292002,0.8306758255788935,0.6415678888320236,6.0,2.011026237401846,0.7971037664644879,1.862489256523231,0.4,0.7707574258916018,4.816375081946846,0.8756028895889245,0.317506423434382,,,,,base,0.0,0.0,,,,,,,,,,,,,,,,0.16479362570146097,0.301747311217091,candidate,6.0,0.0,0.10837441229168542,0.05212865513378639,6.0
,,,,,,,,,,,,,,,,,,,,,6.0,0292,stage1_1005_latest,6,3.8043420500539047,0.07471822200806465,4.360945238821918,0.390625,0.5653409090909091,0.7168642223359526,0.3292759277024683,1.615633458752824,0.2371289362292002,0.8306758255788935,0.6415678888320236,6.0,2.011026237401846,0.7971037664644879,1.862489256523231,0.4,0.7707574258916018,4.816375081946846,0.8756028895889245,0.317506423434382,,,,,base,0.0,0.0,,,,,,,,,,,,,,,,0.16479362570146097,0.301747311217091,selected,6.0,0.0,0.10837441229168542,0.05212865513378639,6.0
,,,,,,,,,,,,,,,,,,,,,6.0,0292,stage1_1005_latest,6,3.8271773644746134,0.07452823566983656,4.398039415550384,0.390625,0.5710227272727273,0.7154583567649766,0.3274054693602225,1.6179907146355579,0.23780278518442616,0.8289047051772446,0.6422708216175117,6.0,1.6126314978561191,0.6385821628872551,2.303977217805721,0.4,0.5653352389172879,3.6944641675779395,0.7143824303394746,0.4992825540339556,,,,,provisional,0.0,0.0,,,,,,,,,,,,,,,,0.16485792378540728,0.301136882076471,candidate,6.0,0.0,0.09886430410531097,0.07478500405746787,6.0
,,,,,,,,,,,,,,,,,,,,,6.0,0292,stage1_1005_latest,6,3.8271773644746134,0.07452823566983656,4.398039415550384,0.390625,0.5710227272727273,0.7154583567649766,0.3274054693602225,1.6179907146355579,0.23780278518442616,0.8289047051772446,0.6422708216175117,6.0,1.6126314978561191,0.6385821628872551,2.303977217805721,0.4,0.5653352389172879,3.6944641675779395,0.7143824303394746,0.4992825540339556,,,,,provisional,0.0,0.0,,,,,,,,,,,,,,,,0.16485792378540728,0.301136882076471,selected,6.0,0.0,0.09886430410531097,0.07478500405746787,6.0
,,,,,,,,,,,,,,,,,,,,,6.0,0292,stage1_1005_latest,6,3.821875391714302,0.07459937893814005,4.394418376593801,0.390625,0.5710227272727273,0.7152406302074532,0.32759532687343007,1.6178729074212252,0.23773215507253992,0.8288846683973684,0.6423796848962734,6.0,1.6804289200078921,0.6223564836462376,2.349108454545615,0.4,0.5584743868872412,3.6588241443534337,0.7100302413172922,0.4991150886363309,,,,,final,0.0,0.0,,,,,,,,,,,,,,,,0.16490326062665603,0.30099322319068866,candidate,6.0,0.0,0.09775778480618628,0.07728533912947749,6.0
0.16757401505451527,4.10296723810536,0.3663687909507418,0.2060601277931953,3.644730070482967,0.4299092456112703,0.13670267559442897,3.672331651425186,0.4752562396233244,0.13033283955745129,3.8538216018619122,0.4874095763646508,0.16395943396102883,4.398457397623024,0.39800125975301837,0.028441590341933384,0.026215987809785794,0.21504784624253917,0.026511985941838328,0.024434081076677595,0.21607416211827202,6.0,0292,stage1_1005_latest,6,3.821875391714302,0.07459937893814005,4.394418376593801,0.390625,0.5710227272727273,0.7152406302074532,0.32759532687343007,1.6178729074212252,0.23773215507253992,0.8288846683973684,0.6423796848962734,6.0,1.6804289200078921,0.6223564836462376,2.349108454545615,0.4,0.5584743868872412,3.6588241443534337,0.7100302413172922,0.4991150886363309,0.20135672390460968,0.21783678373855542,2.578142548923569,3.9783004492019423,final,0.0,0.0,0.0005456449005487119,0.003027243147515518,0.01080433367132722,3.625566240818357,0.1503970665329206,4.347760960488996,0.3410942692875214,1.2424810741795578,0.30224609375,0.0401998600952213,0.2573820562623837,0.3228549591204164,1.9825480808838536,0.3410942692875214,0.7572084941551871,0.16490326062665603,0.30099322319068866,selected,6.0,0.0,0.09775778480618628,0.07728533912947749,6.0
,,,,,,,,,,,,,,,,,,,,,6.0,0653,stage1_1005_latest,6,3.2567071488162047,0.08551844728170276,3.898507894165926,0.3333333333333333,0.6136363636363636,0.6702344184477957,0.38024843948802867,1.6963319462153388,0.25708365628118895,0.8037005248006341,0.6648827907761021,6.0,1.9539155671507387,0.7313314803310121,2.032465553885241,0.4,0.7246059782830911,4.397334057955167,0.8215359287723425,0.3759230653149189,,,,,base,0.0,0.0,,,,,,,,,,,,,,,,0.1714686278332814,0.27954225613489625,candidate,6.0,0.0,0.16515829685469002,0.09217687772627807,6.0
,,,,,,,,,,,,,,,,,,,,,6.0,0653,stage1_1005_latest,6,3.2567071488162047,0.08551844728170276,3.898507894165926,0.3333333333333333,0.6136363636363636,0.6702344184477957,0.38024843948802867,1.6963319462153388,0.25708365628118895,0.8037005248006341,0.6648827907761021,6.0,1.9539155671507387,0.7313314803310121,2.032465553885241,0.4,0.7246059782830911,4.397334057955167,0.8215359287723425,0.3759230653149189,,,,,base,0.0,0.0,,,,,,,,,,,,,,,,0.1714686278332814,0.27954225613489625,selected,6.0,0.0,0.16515829685469002,0.09217687772627807,6.0
,,,,,,,,,,,,,,,,,,,,,6.0,0653,stage1_1005_latest,6,3.168015346189489,0.08536708476628112,3.831991377844384,0.3229166666666667,0.6392045454545454,0.6483981419618957,0.38212843099694943,1.6775757131537432,0.25082673461498706,0.8075049964195902,0.6758009290190521,6.0,1.6757038314240524,0.5333972564789515,2.1958588693090864,0.4,0.6287496825490425,3.3139656126268533,0.6599789604205637,0.4878566860614746,,,,,provisional,0.0,0.0,,,,,,,,,,,,,,,,0.16993852209645574,0.27949171455503763,candidate,6.0,0.0,0.14204842386791772,0.1704703505100556,6.0
,,,,,,,,,,,,,,,,,,,,,6.0,0653,stage1_1005_latest,6,3.168015346189489,0.08536708476628112,3.831991377844384,0.3229166666666667,0.6392045454545454,0.6483981419618957,0.38212843099694943,1.6775757131537432,0.25082673461498706,0.8075049964195902,0.6758009290190521,6.0,1.6757038314240524,0.5333972564789515,2.1958588693090864,0.4,0.6287496825490425,3.3139656126268533,0.6599789604205637,0.4878566860614746,,,,,provisional,0.0,0.0,,,,,,,,,,,,,,,,0.16993852209645574,0.27949171455503763,selected,6.0,0.0,0.14204842386791772,0.1704703505100556,6.0
,,,,,,,,,,,,,,,,,,,,,6.0,0653,stage1_1005_latest,6,3.167584757033558,0.08531353000762147,3.8320542883917916,0.3229166666666667,0.6392045454545454,0.6480076740938058,0.38195203035911257,1.6771869846324527,0.25069239684917183,0.8077488378799611,0.6759961629530971,6.0,1.6878507745427402,0.5353644135190802,2.2105047587949374,0.4,0.6249213017806952,3.3458579091773637,0.664399709061305,0.4837026499312776,,,,,final,0.0,0.0,,,,,,,,,,,,,,,,0.1699513658601532,0.27945341873402263,candidate,6.0,0.0,0.14222286942819118,0.16806852199876446,6.0
0.1529549901994067,4.74191483265467,0.3008065668194052,0.135255225523464,4.692290066476708,0.36174824190629634,0.08652367765194101,4.454895224647338,0.4233482878194259,0.12282431046352944,4.351127180340548,0.4832012248043397,0.15700757696586568,4.689951302485642,0.3525093349651125,0.024442745306768886,0.04377951948891501,0.15752524101957652,0.02446110661512387,0.042788209235691044,0.15960394794185082,6.0,0653,stage1_1005_latest,6,3.167584757033558,0.08531353000762147,3.8320542883917916,0.3229166666666667,0.6392045454545454,0.6480076740938058,0.38195203035911257,1.6771869846324527,0.25069239684917183,0.8077488378799611,0.6759961629530971,6.0,1.6878507745427402,0.5353644135190802,2.2105047587949374,0.4,0.6249213017806952,3.3458579091773637,0.664399709061305,0.4837026499312776,0.24469490349292755,0.1483688794764078,3.0290887252511447,4.158010212527259,final,0.0,0.0,0.000337206786314914,0.00325393298211518,0.01084781671949596,4.00580909281975,0.11903685722834496,4.77263821119603,0.31111636874777093,1.2970431403949993,0.258544921875,0.04351395327787924,0.27386366604831136,0.2947401151048086,1.861735428284591,0.31111636874777093,0.7763498902263261,0.1699513658601532,0.27945341873402263,selected,6.0,0.0,0.14222286942819118,0.16806852199876446,6.0
,,,,,,,,,,,,,,,,,,,,,6.0,0273,stage2_1007_best,6,1.4602389463457628,0.5932098505626419,1.7773381830607264,0.625,0.8181818181818182,0.2481780990436458,0.6727751993975667,3.2001817793509506,0.5743751004298844,0.6275865855335611,0.8759109504781771,6.0,1.647662902457872,0.9180398122968575,1.3257606557559563,0.3333333333333333,0.8979614109235782,5.724266972896493,0.9737412991914407,0.24869325747532503,,,,,base,0.0,0.0,,,,,,,,,,,,,,,,0.23419359337727053,0.14612999466411733,candidate,6.0,1.0,0.09634991096848954,0.028785370912749318,6.0
,,,,,,,,,,,,,,,,,,,,,6.0,0273,stage2_1007_best,6,1.46023894676782,0.5932098505646402,1.7773381829753252,0.625,0.8181818181818182,0.24817809865338203,0.6727751995324498,3.2001817800940615,0.5743751007420471,0.6275865852871606,0.8759109506733089,6.0,1.6476628603988022,0.9180398139941659,1.3257606476065782,0.3333333333333333,0.8979614132091994,5.724266981132153,0.9737412999911387,0.2486932558802483,,,,,base,0.0,0.0,,,,,,,,,,,,,,,,0.23419359150625113,0.14612995946786295,selected,6.0,1.0,0.09634991049798332,0.0287853677126821,6.0
,,,,,,,,,,,,,,,,,,,,,6.0,0273,stage2_1007_best,6,2.066649115979837,0.5105755602648353,2.7142988077972463,0.4322916666666667,0.78125,0.3152999725834736,0.5772741156842216,3.1555491348362428,0.612355621780028,0.6031183598867541,0.8423500137082633,6.0,1.323466418992441,0.8403137666058238,1.549380664320937,0.6666666666666666,0.799984139507567,4.771785660405616,0.8691672379571919,0.3799760563375027,,,,,provisional,0.0,0.0,,,,,,,,,,,,,,,,0.23792452693239788,0.19789674722632783,candidate,6.0,1.0,0.09255649324038114,0.04474567244376509,6.0
,,,,,,,,,,,,,,,,,,,,,6.0,0273,stage2_1007_best,6,2.0666491175595527,0.5105755597348565,2.714298809275824,0.4322916666666667,0.78125,0.3152999728968778,0.5772741154010403,3.1555491324068257,0.6123556213704187,0.6031183603234781,0.8423500135515612,6.0,1.323466418992441,0.8403137666058238,1.549380664320937,0.6666666666666666,0.799984139507567,4.771785660405616,0.8691672379571919,0.3799760563375027,,,,,provisional,0.0,0.0,,,,,,,,,,,,,,,,0.2379245216573104,0.19789677199518657,selected,6.0,1.0,0.09255649324038114,0.04474567244376509,6.0
,,,,,,,,,,,,,,,,,,,,,6.0,0273,stage2_1007_best,6,1.9826634226155782,0.5215690509625949,2.633885574389481,0.4427083333333333,0.7784090909090909,0.31016929539505667,0.585622009587843,3.1500570277105577,0.6109556350493496,0.6068422670217641,0.8449153523024716,6.0,1.3346241608856024,0.842771644964579,1.5322601364860877,0.6666666666666666,0.8056258926686785,4.7655027982877165,0.8686151866634522,0.38230094462017644,,,,,final,0.0,0.0,,,,,,,,,,,,,,,,0.23833118905404427,0.19434433221274658,candidate,6.0,1.0,0.09276312012604675,0.04438076925778125,6.0
0.2573246588644412,3.7642785508946397,0.4087354031513404,0.29853750559311754,3.3801685733731874,0.3609634453302535,0.18097422777183728,3.405082076027646,0.44806345214450355,0.2706237671955081,3.5017049772750957,0.5447399106041576,0.2654373344594195,3.513194415767269,0.4324714980234823,0.08127841874389591,0.5441717929377718,0.1109013644206747,0.08340087067849711,0.615017220753993,0.09312754141662627,6.0,0273,stage2_1007_best,6,1.9826634214426568,0.5215690511007077,2.6338855738474116,0.4427083333333333,0.7784090909090909,0.3101692953539475,0.5856220094683903,3.150057026050561,0.6109556348206711,0.6068422673617736,0.8449153523230263,6.0,1.3346241608856024,0.842771644964579,1.5322601364860877,0.6666666666666666,0.8056258926686785,4.7655027982877165,0.8686151866634522,0.38230094462017644,0.1038067489862442,0.29744295161361567,2.716611896903951,3.2096021114392412,final,0.0,0.0,0.0032277426449040976,0.045599381442472796,0.004039251814401353,3.135448103054434,0.22260189081295792,3.876743740095509,0.4021142383274373,1.1677091170655025,0.28955078125,0.03543699232316905,0.2334647264811739,0.3623907169613817,2.204025467700384,0.4021142383274373,0.716992888169312,0.23833119165173508,0.194344303640611,selected,6.0,1.0,0.09276312012604675,0.04438076925778125,6.0
,,,,,,,,,,,,,,,,,,,,,6.0,0274,stage2_1007_best,6,1.2554472664371261,0.6663658409510816,1.6403826899027678,0.6770833333333334,0.8210227272727273,0.2331774962952674,0.695148514462011,3.082915323843626,0.5467196875770708,0.6531544122244545,0.8834112518523664,6.0,1.8262593081464937,0.8676583532997549,1.5707069780914826,0.3333333333333333,0.8132388435119209,5.440277693531463,0.9452781978691394,0.29277186580389375,,,,,base,0.0,0.0,,,,,,,,,,,,,,,,0.23409863279238774,0.13666851551089482,candidate,6.0,1.0,0.18202470022915626,0.07593089672364375,6.0
,,,,,,,,,,,,,,,,,,,,,6.0,0274,stage2_1007_best,6,1.2554472666300227,0.6663658407946053,1.6403826906368915,0.6770833333333334,0.8210227272727273,0.23317749622767067,0.6951485142545,3.0829153255000974,0.5467196881475049,0.6531544118817767,0.8834112518861645,6.0,1.8262593081464937,0.8676583532997549,1.5707069780914826,0.3333333333333333,0.8132388435119209,5.440277693531463,0.9452781978691394,0.29277186580389375,,,,,base,0.0,0.0,,,,,,,,,,,,,,,,0.2340986377926392,0.13666851629173837,selected,6.0,1.0,0.18202470022915626,0.07593089672364375,6.0
,,,,,,,,,,,,,,,,,,,,,6.0,0274,stage2_1007_best,6,1.2418027107435163,0.6756332653500531,1.8699120961886015,0.5625,0.8579545454545454,0.2254533758479414,0.6650340218194315,3.1502875026459685,0.5832251967138866,0.6381260599317502,0.8872733120760293,6.0,1.8111597140882907,0.8386225038917339,1.6625150169597613,0.3333333333333333,0.7808996955029945,4.9477857683988935,0.8919073920423062,0.34510280487895545,,,,,provisional,0.0,0.0,,,,,,,,,,,,,,,,0.23937299995887434,0.1446793920168115,candidate,6.0,1.0,0.17869342711969297,0.08342083877990038,6.0
,,,,,,,,,,,,,,,,,,,,,6.0,0274,stage2_1007_best,6,1.2418027111475336,0.6756332654481069,1.8699120966629512,0.5625,0.8579545454545454,0.22545337501903295,0.6650340216305191,3.1502875040039604,0.5832251969837882,0.6381260597030458,0.8872733124904836,6.0,1.8111597052053299,0.8386225033978916,1.6625150183972304,0.3333333333333333,0.7808996944393094,4.9477857668621015,0.891907391864512,0.34510280462565085,,,,,provisional,0.0,0.0,,,,,,,,,,,,,,,,0.23937300827134844,0.144679398911879,selected,6.0,1.0,0.17869343004530064,0.08342083346495172,6.0
,,,,,,,,,,,,,,,,,,,,,6.0,0274,stage2_1007_best,6,1.2356640018402,0.6791360373011462,1.8748290686809412,0.5572916666666666,0.8607954545454546,0.225525977342706,0.663384501408888,3.1653815744773026,0.5858399214405715,0.6370940056637177,0.8872370113286469,6.0,1.7964292567205309,0.8399723775655906,1.6539343465459229,0.3333333333333333,0.7834446837338067,4.955914394656859,0.8928325316637294,0.3428651609468237,,,,,final,0.0,0.0,,,,,,,,,,,,,,,,0.23917297328456993,0.1442432493641887,candidate,6.0,1.0,0.178749264265822,0.08304439340791694,6.0
0.27213576109960763,3.590984047714216,0.3463006498164963,0.3729374690276543,2.7948281231752676,0.385064143746563,0.11412969056699952,4.064454684977602,0.43701687426802793,0.2832193163246559,4.241058245022411,0.30048861114393177,0.25944575199542996,3.3847187131728402,0.45143146040468235,0.04325168212506527,0.3440987017222951,0.060210292760381666,0.04461626446148425,0.34092902235639744,0.06030272863232863,6.0,0274,stage2_1007_best,6,1.2356640024187306,0.679136037493261,1.874829069209113,0.5572916666666666,0.8607954545454546,0.22552597743369934,0.6633845011792706,3.165381573676941,0.5858399213804969,0.6370940058029055,0.8872370112831504,6.0,1.7964292567205309,0.8399723775655906,1.6539343465459229,0.3333333333333333,0.7834446837338067,4.955914394656859,0.8928325316637294,0.3428651609468237,0.07208824157714844,0.35516891619082336,2.162414084715541,2.87765308500912,final,0.0,0.0,0.0011983431964929258,0.01138373872446112,0.0023214572182328375,3.6399160820190817,0.22897659638841322,4.34762216858037,0.46385000269208987,1.1240978190019912,0.2481689453125,0.036661687644116314,0.22979165863245932,0.36611726814261686,2.406057432296103,0.46385000269208987,0.6796496325876211,0.23917297160999995,0.14424326440953616,selected,6.0,1.0,0.178749264265822,0.08304439340791694,6.0
,,,,,,,,,,,,,,,,,,,,,6.0,0275,stage2_1007_best,6,1.3165326382837217,0.6635490034976379,1.8666372716969464,0.5364583333333334,0.8409090909090909,0.23192898746409812,0.6529898546824623,3.3828197817603574,0.6168097389675758,0.5888838713074178,0.8840355062679509,6.0,1.2097208722444732,0.9124652602978178,1.3515341474622165,0.3333333333333333,0.8802819014356533,5.580951229733171,0.9589034274123022,0.268925721724836,,,,,base,0.0,0.0,,,,,,,,,,,,,,,,0.2389131790843035,0.13968705067544188,candidate,6.0,1.0,0.15404099707656999,0.0579817306006791,6.0
,,,,,,,,,,,,,,,,,,,,,6.0,0275,stage2_1007_best,6,1.3165326359046023,0.6635490042210127,1.8666372700493494,0.5364583333333334,0.8409090909090909,0.2319289870911447,0.6529898553360766,3.382819785158422,0.6168097396424217,0.5888838705151324,0.8840355064544276,6.0,1.2097208722444732,0.9124652602978178,1.3515341474622165,0.3333333333333333,0.8802819014356533,5.580951229733171,0.9589034274123022,0.268925721724836,,,,,base,0.0,0.0,,,,,,,,,,,,,,,,0.23891317314886107,0.13968703294048485,selected,6.0,1.0,0.15404099707656999,0.0579817306006791,6.0
,,,,,,,,,,,,,,,,,,,,,6.0,0275,stage2_1007_best,6,1.6659279643965108,0.5980343427157984,1.8584736991897315,0.7552083333333334,0.8920454545454546,0.24164706187502596,0.7757983903856117,3.31948110947447,0.6520523512311587,0.5887786563747509,0.8791764690624869,6.0,1.2738126734004247,0.849434427397351,1.480305948581199,0.3333333333333333,0.829348079654641,4.972802207496176,0.8936077727914161,0.33744098116348414,,,,,provisional,0.0,0.0,,,,,,,,,,,,,,,,0.2742012258305218,0.17044759965899683,candidate,6.0,1.0,0.14810655062377395,0.06987816233456043,6.0
,,,,,,,,,,,,,,,,,,,,,6.0,0275,stage2_1007_best,6,1.6659279627466368,0.5980343425661752,1.8584737000890343,0.7552083333333334,0.8920454545454546,0.24164706163558175,0.7757983899743639,3.3194811073134356,0.6520523508380432,0.5887786567621908,0.8791764691822092,6.0,1.2738126612589122,0.8494344229250467,1.4803059696096854,0.3333333333333333,0.8293480707804903,4.97280218166204,0.8936077696426558,0.33744098589174426,,,,,provisional,0.0,0.0,,,,,,,,,,,,,,,,0.2742012284107245,0.170447586832274,selected,6.0,1.0,0.14810655330776504,0.06987816145170705,6.0
,,,,,,,,,,,,,,,,,,,,,6.0,0275,stage2_1007_best,6,1.5927256222695827,0.6072517658762097,1.890379040620702,0.734375,0.8607954545454546,0.24810000582969474,0.7657809552428865,3.317801717200352,0.6514892006164508,0.5925098127868781,0.8759499970851526,6.0,1.2753042632493603,0.8581305815199015,1.4466820041482755,0.3333333333333333,0.8428160559142066,4.998134337995676,0.8966981394820127,0.3315945239723537,,,,,final,0.0,0.0,,,,,,,,,,,,,,,,0.27371248945454946,0.16847466321463772,candidate,6.0,1.0,0.1492189667329641,0.06771324697700624,6.0
0.3031713845403499,4.136834803871858,0.23762822631912173,0.39480421534972127,2.8954044150510714,0.34603131762560174,0.2559013546497709,4.189541099396062,0.2993104246762128,0.2978066247452144,3.533286392107073,0.4738101787437397,0.30695503949745123,3.9787766906613142,0.3244841621110791,0.12705861131365695,0.9577585841434635,0.09132543474289644,0.1363522512256291,0.9847060014988891,0.09231466154818023,6.0,0275,stage2_1007_best,6,1.5927256198465571,0.6072517666090075,1.8903790407641203,0.734375,0.8607954545454546,0.2481000059554469,0.7657809551258731,3.317801718469275,0.6514892008130649,0.5925098125130549,0.8759499970222766,6.0,1.2753042706408826,0.8581305835508497,1.4466820016575352,0.3333333333333333,0.8428160576255473,4.998134338151424,0.8966981394978537,0.3315945252239696,0.09536097198724747,0.40279958229727825,2.3871887046154976,2.9385121075556153,final,0.0,0.0,0.005253490835781431,0.04730376054026805,0.00708502005813736,3.615921225900093,0.25477599000907053,4.151413349928399,0.5374774345875335,1.0412003131672614,0.3170166015625,0.036780091847209755,0.2150293096718905,0.40590072046727554,2.7685353323019752,0.5374774345875335,0.6238387830434624,0.27371248156041933,0.16847468448804195,selected,6.0,1.0,0.14921896096945744,0.06771325612021206,6.0
,,,,,,,,,,,,,,,,,,,,,6.0,0276,stage2_1007_best,6,1.21416181206288,0.7121966125307139,1.2342271657481523,0.9270833333333334,0.9204545454545454,0.18669996016796225,0.8677802445498088,2.612998561882399,0.4478344849322183,0.7428869396077746,0.9066500199160189,6.0,1.3890111836398324,0.9271064583519515,1.3002216695488975,0.3333333333333333,0.9024868364614408,5.711208470810836,0.9723914532578605,0.24423672931823637,,,,,base,0.0,0.0,,,,,,,,,,,,,,,,0.23771989394787274,0.12258341920870888,candidate,6.0,1.0,0.16340731920005286,0.05304570608596253,6.0
,,,,,,,,,,,,,,,,,,,,,6.0,0276,stage2_1007_best,6,1.2141618134198457,0.7121966122517386,1.2342271657712556,0.9270833333333334,0.9204545454545454,0.18669996033791902,0.8677802447092997,2.6129985620377503,0.4478344853007801,0.7428869396369372,0.9066500198310404,6.0,1.3890112477140628,0.9271064569983569,1.3002216764522772,0.3333333333333333,0.9024868354958131,5.711208469217698,0.9723914530859756,0.2442367289928579,,,,,base,0.0,0.0,,,,,,,,,,,,,,,,0.2377198955008992,0.12258343451597625,selected,6.0,1.0,0.16340732306138653,0.05304570952586055,6.0
,,,,,,,,,,,,,,,,,,,,,6.0,0276,stage2_1007_best,6,1.2359198897376573,0.6641761800015417,1.2245931834768642,0.9270833333333334,0.9232954545454546,0.17782021361328268,0.8723739007843887,2.446812031474692,0.4184511383101274,0.7650530210809313,0.9110898931933586,6.0,1.5522349773803048,0.8973049069386541,1.391174231629363,0.3333333333333333,0.8763768665673002,5.366110913373682,0.9364086424616558,0.27808448486159937,,,,,provisional,0.0,0.0,,,,,,,,,,,,,,,,0.24017163617320114,0.12869905812155255,candidate,6.0,1.0,0.15869504585598465,0.06119124640486437,6.0
,,,,,,,,,,,,,,,,,,,,,6.0,0276,stage2_1007_best,6,1.2359198902454378,0.6641761798789922,1.2245931842049718,0.9270833333333334,0.9232954545454546,0.17782021353708946,0.8723739004327931,2.4468120332669994,0.41845113886435864,0.7650530207737442,0.9110898932314552,6.0,1.5522349746561568,0.8973049077401009,1.3911742303233268,0.3333333333333333,0.8763768669250744,5.366110920550494,0.9364086432699379,0.2780844849067068,,,,,provisional,0.0,0.0,,,,,,,,,,,,,,,,0.2401716245256926,0.12869904776833815,selected,6.0,1.0,0.15869504861687575,0.06119123137855973,6.0
,,,,,,,,,,,,,,,,,,,,,6.0,0276,stage2_1007_best,6,1.2399352969185726,0.663548975310428,1.2207751115937238,0.9322916666666666,0.9261363636363636,0.1767852475891189,0.8748695653951831,2.4429679051234787,0.41760311706024383,0.7663148850527883,0.9116073762054405,6.0,1.624281343680135,0.8928838196913205,1.4125499898457043,0.3333333333333333,0.8699678688519809,5.364217587839842,0.9362173357469497,0.280194888914195,,,,,final,0.0,0.0,,,,,,,,,,,,,,,,0.24011594917148948,0.12888899169352275,candidate,6.0,1.0,0.15854797088146125,0.06133007888429799,6.0
0.30297481506372115,3.8402257060311165,0.335816361021533,0.370388628482964,3.23170505755313,0.32599461412202313,0.2404335843083847,3.5610896372575973,0.47747940621086316,0.3187613742000745,3.2942008035834354,0.5559090310379295,0.31623529685734225,3.523382182493702,0.43881893403378697,0.020253937767446602,0.08325434664512964,0.07165117146924842,0.019473926583144844,0.07849043738231314,0.07410012144993584,6.0,0276,stage2_1007_best,6,1.2399352975696578,0.6635489755318957,1.2207751113614806,0.9322916666666666,0.9261363636363636,0.17678524742299634,0.8748695657110669,2.4429679069174544,0.41760311782234993,0.7663148847929647,0.9116073762885019,6.0,1.624281357464575,0.892883820684677,1.412549983958371,0.3333333333333333,0.8699678711969968,5.364217591440085,0.9362173361529136,0.2801948871717071,0.1118660420179367,0.3907639757201858,2.568561233593788,3.1587967528421426,final,0.0,0.0,0.0014570135843863224,0.008994469142386828,0.005955042799357962,3.6649887730449566,0.26147106816174454,4.126356612189867,0.5384553426878416,1.0389971115932664,0.3072509765625,0.036297365510007895,0.21229434887356935,0.4104645402414021,2.7627454928043815,0.5384553426878416,0.6169891385340902,0.24011594844984194,0.1288889965972316,selected,6.0,1.0,0.15854797278903726,0.06133007592388728,6.0
,,,,,,,,,,,,,,,,,,,,,6.0,0277,stage2_1007_best,6,1.2953050323528474,0.6565402140804922,1.5169285241333592,0.7395833333333334,0.8068181818181818,0.21301010604035933,0.7559675718142336,2.9892937384908453,0.5296688829481403,0.6562138608298448,0.8934949469798202,6.0,1.519996811855078,0.9105247194403445,1.3948013070059238,0.3333333333333333,0.8687991519691884,5.576450871982772,0.9587075671123299,0.27419443884286854,,,,,base,0.0,0.0,,,,,,,,,,,,,,,,0.2340772936089441,0.1408828666905964,candidate,6.0,1.0,0.19395554438871804,0.0714382587569986,6.0
,,,,,,,,,,,,,,,,,,,,,6.0,0277,stage2_1007_best,6,1.2953050326349353,0.6565402142766403,1.516928524941999,0.7395833333333334,0.8068181818181818,0.21301010612572222,0.755967571460162,2.9892937389713574,0.5296688831921234,0.6562138606988172,0.8934949469371389,6.0,1.5199968311737315,0.9105247194346869,1.3948013123843233,0.3333333333333333,0.868799150380561,5.576450868285556,0.9587075667620243,0.274194440490232,,,,,base,0.0,0.0,,,,,,,,,,,,,,,,0.23407729542742053,0.14088288947301544,selected,6.0,1.0,0.1939555447769587,0.07143825873190107,6.0
,,,,,,,,,,,,,,,,,,,,,6.0,0277,stage2_1007_best,6,1.4896250504753519,0.5554740852607103,1.6685076105337409,0.703125,0.8295454545454546,0.22048305767873988,0.748157586532715,2.9293874829165927,0.5436515898931138,0.653303761926176,0.88975847116063,6.0,1.5175507313410865,0.8589987216225733,1.4919332469917577,0.6666666666666666,0.8255615308645644,5.064292821183335,0.9028431840248765,0.34663479207022374,,,,,provisional,0.0,0.0,,,,,,,,,,,,,,,,0.24257575674354245,0.15065284044697322,candidate,6.0,1.0,0.18870815568631608,0.08742768934342764,6.0
,,,,,,,,,,,,,,,,,,,,,6.0,0277,stage2_1007_best,6,1.4896250499752157,0.5554740857605825,1.6685076101583296,0.703125,0.8295454545454546,0.22048305666217952,0.7481575870627467,2.9293874849787236,0.5436515904924761,0.6533037613098661,0.8897584716689103,6.0,1.5175507313410865,0.8589987216225733,1.4919332469917577,0.6666666666666666,0.8255615308645644,5.064292821183335,0.9028431840248765,0.34663479207022374,,,,,provisional,0.0,0.0,,,,,,,,,,,,,,,,0.24257575674354245,0.15065283547712313,selected,6.0,1.0,0.18870815568631608,0.08742768934342764,6.0
,,,,,,,,,,,,,,,,,,,,,6.0,0277,stage2_1007_best,6,1.4812188016718284,0.5609803882680311,1.6608979517543843,0.703125,0.8295454545454546,0.218456110007119,0.749082413454556,2.929785373155472,0.5421962279464311,0.6549351843360792,0.8907719449964404,6.0,1.4683849281930867,0.8648544011034164,1.4719319770438806,0.6666666666666666,0.8316109159349999,5.071214862487699,0.9035414805579995,0.3466485304237548,,,,,final,0.0,0.0,,,,,,,,,,,,,,,,0.24182182310682865,0.15039221360242389,candidate,6.0,1.0,0.18927770489620827,0.08641626550340617,6.0
0.2906680464318801,3.881604434853991,0.34915345312171475,0.31517856254559123,2.716408602638208,0.46113620008261813,0.21342798473337593,3.6481592639466074,0.3261171549088775,0.326371121012582,4.111120391099186,0.27995472551215533,0.2879600540576962,3.4651015657902398,0.31255214224318784,0.030788467140378705,0.2352196764931265,0.07722267905242892,0.033696740319140904,0.24122931589866772,0.07722453997719068,6.0,0277,stage2_1007_best,6,1.4812188028852329,0.5609803880804284,1.660897951970643,0.703125,0.8295454545454546,0.21845611002236406,0.7490824134479137,2.929785373079144,0.5421962281430762,0.6549351842129181,0.890771944988818,6.0,1.4683849281930867,0.8648544011034164,1.4719319770438806,0.6666666666666666,0.8316109159349999,5.071214862487699,0.9035414805579995,0.3466485304237548,0.09513290971517563,0.32733917872291357,2.5402451213355026,2.747338497794939,final,0.0,0.0,0.0016151552574281986,0.01325592814674808,0.002972252066746799,3.7219478470857474,0.2646888931579696,4.274152293906465,0.5629790818297477,1.0373915299020289,0.290283203125,0.03763424232154749,0.20975262765045363,0.4075325697250374,2.8325016925881275,0.5629790818297477,0.5969176652383505,0.2418218198206436,0.15039219814835114,selected,6.0,1.0,0.18927770489620827,0.08641626550340617,6.0
,,,,,,,,,,,,,,,,,,,,,6.0,0278,stage2_1007_best,6,1.827385146007829,0.5284835804491993,2.0551232678274447,0.5104166666666666,0.8267045454545454,0.23599252782413147,0.6731832498261417,3.0861502840705235,0.5782283049532314,0.6141165149146169,0.8820037360879344,6.0,1.5911589160210058,0.9129229846333952,1.2880945765767446,1.0,0.9122602423652618,5.519306901636132,0.9528983713370789,0.2804681699830936,,,,,base,0.0,0.0,,,,,,,,,,,,,,,,0.24266049168434226,0.17507307503605105,candidate,6.0,1.0,0.21151268828544798,0.07546899510085474,6.0
,,,,,,,,,,,,,,,,,,,,,6.0,0278,stage2_1007_best,6,1.8273851461998785,0.5284835803750899,2.0551232678504663,0.5104166666666666,0.8267045454545454,0.23599252762310313,0.6731832497773839,3.0861502835625187,0.5782283050350253,0.6141165149314668,0.8820037361884484,6.0,1.5911589034110694,0.9129229823328836,1.288094583447509,1.0,0.9122602398150169,5.519306894105476,0.9528983705408066,0.28046816959619925,,,,,base,0.0,0.0,,,,,,,,,,,,,,,,0.24266049425767355,0.17507306287647045,selected,6.0,1.0,0.2115126882941393,0.0754689841169231,6.0
,,,,,,,,,,,,,,,,,,,,,6.0,0278,stage2_1007_best,6,1.8669404212903287,0.5321335808998249,1.6228322624809846,0.8177083333333334,0.8607954545454546,0.2273422429631982,0.7703667696508807,2.4878121140099445,0.4491083694167886,0.736178832020367,0.8863288785184008,6.0,1.2551228073580218,0.7660884869073572,1.510364823979609,0.6666666666666666,0.7826817485307581,4.255322588318592,0.8038034002334586,0.463381408170701,,,,,provisional,0.0,0.0,,,,,,,,,,,,,,,,0.2384347663180146,0.16327500400960288,candidate,6.0,1.0,0.19327528029867147,0.13995516250684015,6.0
,,,,,,,,,,,,,,,,,,,,,6.0,0278,stage2_1007_best,6,1.8669404212490255,0.5321335815129715,1.6228322618450606,0.8177083333333334,0.8607954545454546,0.22734224284662555,0.7703667699039811,2.4878121144949463,0.4491083697821398,0.7361788318974849,0.8863288785766872,6.0,1.2551228097589198,0.7660884827996282,1.5103648280383641,0.6666666666666666,0.7826817465717312,4.255322575010089,0.803803398124473,0.46338140901059105,,,,,provisional,0.0,0.0,,,,,,,,,,,,,,,,0.2384347663180146,0.16327503286451758,selected,6.0,1.0,0.19327528025698196,0.13995516064059624,6.0
,,,,,,,,,,,,,,,,,,,,,6.0,0278,stage2_1007_best,6,1.8460499133164145,0.5294507634940435,1.601674724548257,0.8177083333333334,0.8607954545454546,0.2253265349045919,0.7746108812288705,2.4583733647196744,0.4422688852251978,0.7428967897750459,0.8873367325477041,6.0,1.258981474054346,0.7638412107792824,1.505466439088916,0.6666666666666666,0.7843791864710963,4.25708096041858,0.8040781310670315,0.46312286283538234,,,,,final,0.0,0.0,,,,,,,,,,,,,,,,0.23810090061039207,0.1631213164279294,candidate,6.0,1.0,0.1932826412245865,0.1401023788796234,6.0
0.28547742721627845,3.3239012304337114,0.5087456997979801,0.2884259705681861,2.679894216316072,0.5668757800344005,0.1373901841898331,3.7240753875862493,0.4431176254310073,0.3216972757842634,3.833624157311405,0.3896476683068001,0.2637935042825723,3.3093477846210098,0.5196328194341957,0.0687163069946838,0.6135142373362193,0.10470345148502025,0.06711217350264741,0.6014489951195944,0.10413252708366495,6.0,0278,stage2_1007_best,6,1.8460499134141442,0.5294507637131987,1.6016747244718381,0.8177083333333334,0.8607954545454546,0.22532653475868888,0.7746108813681569,2.4583733656688174,0.4422688856260919,0.7428967896893713,0.8873367326206556,6.0,1.258981474054346,0.7638412107792824,1.505466439088916,0.6666666666666666,0.7843791864710963,4.25708096041858,0.8040781310670315,0.46312286283538234,0.08375824242830276,0.274158429545373,2.41820098661726,2.724732981507778,final,0.0,0.0,0.0010938261996974626,0.018589155775139473,0.0026550777547916047,3.1198468981178227,0.25426372146429765,3.795946374739941,0.4919681663367755,1.0783470178992234,0.3446044921875,0.036293429145376546,0.21725134197551546,0.3947919780144961,2.543939033027433,0.4919681663367755,0.6560553529359692,0.23810090468366937,0.16312130381269005,selected,6.0,1.0,0.1932826412245865,0.1401023788796234,6.0
,,,,,,,,,,,,,,,,,,,,,6.0,0279,stage2_1007_best,6,1.3408800963369554,0.5810066587931229,2.103105640648018,0.578125,0.8693181818181818,0.2733610789248425,0.6450191323208873,2.6709342482095075,0.5060808721194973,0.7022997674590629,0.8633194605375788,6.0,1.9810318432486758,0.9417352325855082,1.2512470452558908,0.3333333333333333,0.9285250880372186,5.765381594434088,0.9776368010729442,0.24300621700036484,,,,,base,0.0,0.0,,,,,,,,,,,,,,,,0.25289014437700924,0.16653445158311167,candidate,6.0,1.0,0.15846326530737162,0.03566211052201847,6.0
,,,,,,,,,,,,,,,,,,,,,6.0,0279,stage2_1007_best,6,1.3408800971171395,0.5810066588811291,2.1031056407106807,0.578125,0.8693181818181818,0.2733610791371853,0.6450191324802008,2.670934249695037,0.5060808726217377,0.7022997672364185,0.8633194604314074,6.0,1.9810318429511171,0.9417352350042564,1.25124703692747,0.3333333333333333,0.9285250907674142,5.765381600282712,0.9776368016293245,0.24300621499855146,,,,,base,0.0,0.0,,,,,,,,,,,,,,,,0.2528901429779635,0.16653445988628007,selected,6.0,1.0,0.15846326835096278,0.0356621344825807,6.0
,,,,,,,,,,,,,,,,,,,,,6.0,0279,stage2_1007_best,6,1.489064743793759,0.6466501907900625,2.2612150069609833,0.5729166666666666,0.8664772727272727,0.26550418947595084,0.623746096967506,2.837383725244454,0.5561127868073786,0.6474154302543232,0.8672479052620244,6.0,1.827548318004202,0.8949224141534283,1.4749028098057089,0.3333333333333333,0.8511737803153953,5.309491417326033,0.9302913628753285,0.3131395115727222,,,,,provisional,0.0,0.0,,,,,,,,,,,,,,,,0.25652970152471705,0.16701695470618966,candidate,6.0,1.0,0.1525531586571108,0.05540282445008583,6.0
,,,,,,,,,,,,,,,,,,,,,6.0,0279,stage2_1007_best,6,1.4890647442391856,0.6466501906988583,2.2612150069977113,0.5729166666666666,0.8664772727272727,0.2655041895724288,0.6237460969370591,2.8373837251793113,0.556112786887557,0.6474154301374989,0.8672479052137857,6.0,1.827548318004202,0.8949224141534283,1.4749028098057089,0.3333333333333333,0.8511737803153953,5.309491417326033,0.9302913628753285,0.3131395115727222,,,,,provisional,0.0,0.0,,,,,,,,,,,,,,,,0.2565297066818294,0.16701695220755708,selected,6.0,1.0,0.1525531586571108,0.05540282445008583,6.0
,,,,,,,,,,,,,,,,,,,,,6.0,0279,stage2_1007_best,6,1.5292797123232447,0.642570061393769,2.3101599686108787,0.5572916666666666,0.8778409090909091,0.2646626746419361,0.6141302698474153,2.8703307082874616,0.5625773282678347,0.6395637336617394,0.8676686626790319,6.0,1.8212008795597787,0.8930166860273249,1.4852155731185313,0.3333333333333333,0.8471567818695842,5.31215144951318,0.9304886424232679,0.3108630634635716,,,,,final,0.0,0.0,,,,,,,,,,,,,,,,0.254522004331782,0.16979133493014348,candidate,6.0,1.0,0.1523109101288629,0.055960186834942215,6.0
0.25996752426494457,4.313768128367546,0.32124344356837164,0.332200647910943,3.2580026600311087,0.4144736269755605,0.23422255921207383,3.9835593744353837,0.416101791070067,0.25486822746825727,3.335218032603686,0.5732260547301073,0.29346785335441583,3.8116863251541244,0.4410320258196343,0.06507800428014786,0.32029742440085507,0.054830805011346594,0.061689249085980946,0.296888069687093,0.05551129261399292,6.0,0279,stage2_1007_best,6,1.5292797139608125,0.6425700611383057,2.310159969650539,0.5572916666666666,0.8778409090909091,0.26466267406619143,0.6141302696126565,2.8703307081044627,0.5625773284031764,0.6395637339329522,0.8676686629669043,6.0,1.8212008770428854,0.8930166857562641,1.4852155742528768,0.3333333333333333,0.8471567815206948,5.312151455471821,0.9304886431061002,0.3108630634909933,0.11088110506534576,0.34210655004410867,2.669067431386358,3.4451261501404646,final,0.0,0.0,0.001855415981244628,0.04040896618672099,0.005026388085256389,3.6305407979614484,0.22282765769953847,4.1999032010183965,0.47156095769438905,1.1262892072095698,0.311279296875,0.040136831387114,0.22952839692968138,0.3707986427019913,2.4813083517982246,0.47156095769438905,0.6618161921758816,0.25452200111696766,0.16979136170551595,selected,6.0,1.0,0.1523109106674527,0.05596020161933397,6.0
,,,,,,,,,,,,,,,,,,,,,6.0,0280,stage2_1007_best,6,2.0246812400952363,0.4902068738205641,2.5014155249899033,0.421875,0.7869318181818182,0.28403042844876714,0.5920064604105142,3.3730375171948968,0.6393669259930269,0.5574969958566552,0.8579847857756164,6.0,1.3454656374327438,0.8787943558864507,1.4577470948181075,0.6666666666666666,0.8379825242860491,5.500162428540651,0.9513294504608127,0.2843673258748108,,,,,base,0.0,0.0,,,,,,,,,,,,,,,,0.23385891675852055,0.20207810618343536,candidate,6.0,1.0,0.18926832732068746,0.08040515716337678,6.0
,,,,,,,,,,,,,,,,,,,,,6.0,0280,stage2_1007_best,6,2.024681236961584,0.4902068740264966,2.501415523453688,0.421875,0.7869318181818182,0.28403042867836226,0.5920064603839827,3.3730375158283725,0.6393669257353737,0.5574969960369067,0.8579847856608189,6.0,1.3454656223043389,0.878794357844026,1.4577470870254061,0.6666666666666666,0.8379825268341056,5.500162429339077,0.951329450548598,0.2843673280246785,,,,,base,0.0,0.0,,,,,,,,,,,,,,,,0.23385891479960183,0.2020780920280671,selected,6.0,1.0,0.18926832070686428,0.08040515768865825,6.0
,,,,,,,,,,,,,,,,,,,,,6.0,0280,stage2_1007_best,6,2.4809242954047583,0.413817423081264,2.828975789490867,0.40625,0.7017045454545454,0.3070076265235786,0.5436041768341059,3.2626432728912227,0.6238068648356724,0.5697868615500248,0.8464961867382107,6.0,1.0592801417968118,0.812334973306727,1.479371132057581,0.6666666666666666,0.8181039869139797,4.376400606725251,0.8151209868301189,0.416969203984191,,,,,provisional,0.0,0.0,,,,,,,,,,,,,,,,0.22444454912159004,0.2290040119761445,candidate,6.0,1.0,0.17930744399948315,0.10341191772771542,6.0
,,,,,,,,,,,,,,,,,,,,,6.0,0280,stage2_1007_best,6,2.480924298853613,0.41381742277037553,2.8289757912474456,0.40625,0.7017045454545454,0.30700762658846203,0.5436041769232279,3.2626432721568897,0.6238068647300562,0.5697868616257762,0.8464961867057691,6.0,1.0592801417968118,0.812334973306727,1.479371132057581,0.6666666666666666,0.8181039869139797,4.376400606725251,0.8151209868301189,0.416969203984191,,,,,provisional,0.0,0.0,,,,,,,,,,,,,,,,0.22444455135269276,0.22900404606956984,selected,6.0,1.0,0.17930744399948315,0.10341191772771542,6.0
,,,,,,,,,,,,,,,,,,,,,6.0,0280,stage2_1007_best,6,2.4344996318524856,0.41989924387475763,2.7987608513143827,0.40625,0.7017045454545454,0.3044716244902094,0.5407750442045576,3.271904916109687,0.6228489454542968,0.5723975124074857,0.8477641877548954,6.0,1.0647565961837906,0.8172502895294076,1.4694596782394003,1.0,0.8224449297067801,4.389378613181982,0.816523431456983,0.4182867284514227,,,,,final,0.0,0.0,,,,,,,,,,,,,,,,0.22370001510139984,0.2265622600137725,candidate,6.0,1.0,0.17962232387824806,0.10204170292558173,6.0
0.26010971469091093,3.422301457206843,0.472226109570416,0.2953838892364249,3.1755252006956503,0.4173279003694291,0.17034045813353466,3.2760485489519535,0.4830215616005009,0.2794193141525543,4.097854352567678,0.38774257156303893,0.26700048617361977,3.4003145282603366,0.44399047156905336,0.04441755613333929,0.3189118119851359,0.10655981023251848,0.045099545517706,0.3137381225010735,0.10750440304666385,6.0,0280,stage2_1007_best,6,2.434499634402291,0.4198992436133882,2.798760851351162,0.40625,0.7017045454545454,0.3044716244998116,0.5407750443895217,3.2719049167867453,0.6228489455674572,0.572397512556928,0.8477641877500943,6.0,1.0647565961837906,0.8172502895294076,1.4694596782394003,1.0,0.8224449297067801,4.389378613181982,0.816523431456983,0.4182867284514227,0.08272688090801239,0.3061358903112838,2.5245142207988542,2.7813592381506176,final,0.0,0.0,0.0012159879723010359,0.02961608226109218,0.002565383555384503,3.3561566282863096,0.2349093248834487,4.020488039094573,0.46877635110182453,1.1127847272213458,0.303466796875,0.036333303979079475,0.22427703858996503,0.37863961742316016,2.430437550128062,0.46877635110182453,0.6660065520077716,0.2237000222446962,0.22656225215706427,selected,6.0,1.0,0.17962232387824806,0.10204170292558173,6.0
,,,,,,,,,,,,,,,,,,,,,6.0,0281,stage2_1007_best,6,2.1582424380237115,0.5592768729547265,2.3836482791977844,0.453125,0.7642045454545454,0.25151799777399647,0.6853505623574613,3.6815250271296414,0.7076657858383423,0.5040813791726263,0.8742410011130018,6.0,1.7756113296571208,0.9024500235287845,1.4271891372581766,0.3333333333333333,0.8640517982833494,5.62633289403072,0.9641119259066676,0.2659242648900491,,,,,base,0.0,0.0,,,,,,,,,,,,,,,,0.253546221575954,0.18178702071677166,candidate,6.0,1.0,0.2533851672595894,0.07098742655545642,6.0
,,,,,,,,,,,,,,,,,,,,,6.0,0281,stage2_1007_best,6,2.158242441785613,0.5592768723641396,2.383648279365955,0.453125,0.7642045454545454,0.2515179976816027,0.6853505625637885,3.681525026920143,0.7076657858886396,0.5040813789377122,0.8742410011591987,6.0,1.7756113296571208,0.9024500235287845,1.4271891372581766,0.3333333333333333,0.8640517982833494,5.62633289403072,0.9641119259066676,0.2659242648900491,,,,,base,0.0,0.0,,,,,,,,,,,,,,,,0.2535462126130139,0.1817869724551107,selected,6.0,1.0,0.2533851672595894,0.07098742655545642,6.0
,,,,,,,,,,,,,,,,,,,,,6.0,0281,stage2_1007_best,6,2.0647285782599707,0.49382840675665096,2.352956866733807,0.4322916666666667,0.8125,0.24521885243120378,0.6612013291255373,3.46202341153667,0.666685638929507,0.5274414736311736,0.877390573784398,6.0,1.1996668042733043,0.7775239746244121,1.6885899746204407,0.6666666666666666,0.728553951137035,4.427186799261878,0.8229359692714421,0.4219836937664072,,,,,provisional,0.0,0.0,,,,,,,,,,,,,,,,0.24040661077477077,0.20611806995922907,candidate,6.0,1.0,0.24555650687821615,0.11153405280732318,6.0
,,,,,,,,,,,,,,,,,,,,,6.0,0281,stage2_1007_best,6,2.0647285796190347,0.493828406967826,2.352956865862094,0.4322916666666667,0.8125,0.24521885231429952,0.6612013296217065,3.462023413299459,0.6666856393366926,0.5274414731108945,0.8773905738428502,6.0,1.1996668231858802,0.7775239732731692,1.6885899751704136,0.6666666666666666,0.7285539514992374,4.427186794455818,0.8229359687026093,0.42198369639221145,,,,,provisional,0.0,0.0,,,,,,,,,,,,,,,,0.24040661700723667,0.20611805087939514,selected,6.0,1.0,0.24555651018950966,0.11153404327908469,6.0
,,,,,,,,,,,,,,,,,,,,,6.0,0281,stage2_1007_best,6,1.999333041270423,0.49694478907372264,2.328759601902237,0.4427083333333333,0.8267045454545454,0.242444825978727,0.6591114868025707,3.435847696411392,0.6611552651879248,0.5334361354524315,0.8787775870106366,6.0,1.2055886045956103,0.7779569868344246,1.690303116405372,0.6666666666666666,0.7278497619867096,4.422132551036223,0.822623876067049,0.4232458832349628,,,,,final,0.0,0.0,,,,,,,,,,,,,,,,0.24008149843212442,0.20440829854342304,candidate,6.0,1.0,0.24512228409415662,0.11237532062300495,6.0
0.27455183905199154,3.8497019892675612,0.3141564263167471,0.30918295829377734,3.1023173894532152,0.38740619608661897,0.1775955863140854,3.691546131069552,0.3682304749635579,0.3158389331315875,3.7426571597939042,0.45225352876114044,0.2559600727136225,3.465811917421428,0.4523805599451745,0.07719702355457204,0.4008633010727684,0.13024492675455698,0.0757284458715373,0.38549492838884863,0.13034089971782023,6.0,0281,stage2_1007_best,6,1.9993330410426209,0.49694478903938816,2.3287596021686308,0.4427083333333333,0.8267045454545454,0.2424448261908396,0.6591114865002334,3.435847695545418,0.6611552649777,0.533436135823254,0.8787775869045802,6.0,1.2055886049425473,0.7779569867935542,1.6903031159789166,0.6666666666666666,0.7278497622494964,4.422132549952512,0.8226238758927392,0.4232458834768857,0.07385073602199554,0.2929004340908562,2.6802298813602,2.978316514321901,final,0.0,0.0,0.0009447981022110971,0.025764268440778212,0.002917259371199144,3.383958841606604,0.25457284910093636,4.074096444024659,0.46190374297023373,1.1093335983956276,0.300537109375,0.03490867670107474,0.2251225193724786,0.37576885113711994,2.4273098480801005,0.46190374297023373,0.686142670475113,0.24008150117498858,0.20440831780831836,selected,6.0,1.0,0.24512228006964434,0.11237531566775397,6.0
,,,,,,,,,,,,,,,,,,,,,6.0,0282,stage2_1007_best,6,1.3213933280271442,0.560036292711659,2.032784319717051,0.5,0.9005681818181818,0.20431346808956305,0.6354952252181078,3.028698685609955,0.5707487245758318,0.644136065042287,0.8978432659552186,6.0,1.6483009761216858,0.9382773613690388,1.265877683889963,0.3333333333333333,0.920156264226813,5.836801924936225,0.9845718013180582,0.23856848630628713,,,,,base,0.0,0.0,,,,,,,,,,,,,,,,0.24117445326551545,0.16446050271414994,candidate,6.0,1.0,0.2143084652917321,0.0576082131573428,6.0
,,,,,,,,,,,,,,,,,,,,,6.0,0282,stage2_1007_best,6,1.3213933284890143,0.5600362929903379,2.0327843203160905,0.5,0.9005681818181818,0.20431346835961098,0.6354952251995208,3.0286986871265142,0.5707487249857695,0.6441360648431714,0.8978432658201944,6.0,1.6483009746944612,0.9382773610767161,1.2658776859505616,0.3333333333333333,0.9201562635044809,5.836801923523166,0.9845718011807906,0.23856848813960618,,,,,base,0.0,0.0,,,,,,,,,,,,,,,,0.24117445483009572,0.16446048759457566,selected,6.0,1.0,0.2143084654081596,0.057608205131146714,6.0
,,,,,,,,,,,,,,,,,,,,,6.0,0282,stage2_1007_best,6,1.4890601692028294,0.48149063555681304,2.254908791816689,0.5416666666666666,0.8977272727272727,0.2169206890006069,0.6049313662045034,2.9128992617237905,0.5603034739051663,0.6598465351177818,0.8915396554996966,6.0,1.5643012025157685,0.9544084093546317,1.2016568656963311,0.6666666666666666,0.9414492857533668,5.744348797498026,0.975613744244299,0.2526827543502604,,,,,provisional,0.0,0.0,,,,,,,,,,,,,,,,0.23903277685022276,0.198910022342377,candidate,6.0,1.0,0.2150216286509909,0.04695015258939242,6.0
,,,,,,,,,,,,,,,,,,,,,6.0,0282,stage2_1007_best,6,1.489060169060628,0.48149063644972634,2.254908791396282,0.5416666666666666,0.8977272727272727,0.21692068929883757,0.6049313661925984,2.912899263125354,0.5603034743864895,0.6598465349255808,0.8915396553505811,6.0,1.5643011993946643,0.9544084092008676,1.2016568657725821,0.6666666666666666,0.941449285750096,5.744348792721808,0.9756137437692652,0.2526827564818523,,,,,provisional,0.0,0.0,,,,,,,,,,,,,,,,0.23903277112178015,0.19891002609362607,selected,6.0,1.0,0.21502163455831722,0.046950127408913585,6.0
,,,,,,,,,,,,,,,,,,,,,6.0,0282,stage2_1007_best,6,1.486100279129821,0.47441382490137884,2.2453280771928426,0.53125,0.9034090909090909,0.2146672837595258,0.6039285550883852,2.8882869923757397,0.5548222061216844,0.6678126582268057,0.8926663581202372,6.0,1.4769178690957474,0.9555654925231515,1.1960192110010293,0.6666666666666666,0.9424165307961226,5.728625648033991,0.9740902185366869,0.2566081795255522,,,,,final,0.0,0.0,,,,,,,,,,,,,,,,0.23827541590199822,0.1995031058390689,candidate,6.0,1.0,0.21516566996330283,0.045411556751693706,6.0
0.2759929134572579,4.211939415679917,0.29772707392750086,0.3478421368722675,2.9031844046317885,0.3881365239003404,0.19993468853139795,3.9978826079403635,0.41938466095464016,0.3011158138130709,3.831789789293461,0.4018935251497786,0.29010850072280364,3.6203709744997066,0.3683275377807988,0.028827750156639173,0.20355208085270726,0.05184034000685297,0.02880264141302916,0.19910841825132108,0.05003446857884353,6.0,0282,stage2_1007_best,6,1.4861002795043563,0.47441382488749806,2.245328077605528,0.53125,0.9034090909090909,0.21466728375837515,0.6039285550135586,2.8882869930295136,0.5548222063789788,0.6678126582420806,0.8926663581208125,6.0,1.4769178690957474,0.9555654925231515,1.1960192110010293,0.6666666666666666,0.9424165307961226,5.728625648033991,0.9740902185366869,0.2566081795255522,0.11984940618276596,0.33726733892356137,2.4348608622829473,2.8876345960883905,final,0.0,0.0,0.0021599989619061535,0.030240113911405093,0.00470389983577046,3.6886770744195463,0.2569699858777677,4.278993090162825,0.5365855291154891,1.0702579116152804,0.306640625,0.040208997201676804,0.21549374664936619,0.3920927251138253,2.695658866043205,0.5365855291154891,0.6218924669134706,0.23827540594681634,0.1995031379372139,selected,6.0,1.0,0.21516566996330283,0.045411556751693706,6.0
,,,,,,,,,,,,,,,,,,,,,6.0,0283,stage2_1007_best,6,1.4757591879513925,0.6104169494445872,1.443724271585853,0.7864583333333334,0.8295454545454546,0.23818875111821722,0.7757521618651629,2.656136533880209,0.4605776663271577,0.7181988471226513,0.8809056244408914,6.0,1.934623860750799,0.8802900445916345,1.476819131606744,0.6,0.8744074053166615,5.374977162655691,0.9373150438018625,0.30451665326973965,,,,,base,0.0,0.0,,,,,,,,,,,,,,,,0.23375462055222743,0.14024342119583844,candidate,6.0,1.0,0.21394134289184738,0.08644972917604592,6.0
,,,,,,,,,,,,,,,,,,,,,6.0,0283,stage2_1007_best,6,1.4757591875762555,0.6104169502077966,1.4437242710256235,0.7864583333333334,0.8295454545454546,0.23818875074036372,0.7757521620861689,2.6561365350373163,0.4605776666201652,0.718198846920228,0.880905624629818,6.0,1.9346238531286974,0.8802900422262276,1.4768191409500206,0.6,0.8744074025480485,5.37497714622155,0.9373150419287355,0.30451665538325307,,,,,base,0.0,0.0,,,,,,,,,,,,,,,,0.23375461206298287,0.1402434296549379,selected,6.0,1.0,0.2139413432295132,0.08644976331304899,6.0
,,,,,,,,,,,,,,,,,,,,,6.0,0283,stage2_1007_best,6,1.7020019284139842,0.5414062486226747,1.5388104079981497,0.7760416666666666,0.8295454545454546,0.2549033229383705,0.7536324637184147,2.4682092078610776,0.4306686548459885,0.7402223037918394,0.8725483385308146,6.0,2.250631295753116,0.8468931432163362,1.459761017606577,0.8,0.8805009693591812,4.767725452957907,0.8665039834704593,0.39271548748889,,,,,provisional,0.0,0.0,,,,,,,,,,,,,,,,0.23495983048256847,0.15230797240092947,candidate,6.0,1.0,0.21052283997695517,0.09717873986529862,6.0
,,,,,,,,,,,,,,,,,,,,,6.0,0283,stage2_1007_best,6,1.7020019291050625,0.5414062486229086,1.5388104082967082,0.7760416666666666,0.8295454545454546,0.2549033227080071,0.7536324637362061,2.4682092103283937,0.4306686555052135,0.7402223032776027,0.8725483386459966,6.0,2.2506312959273336,0.8468931428775792,1.4597610167862836,0.8,0.8805009697947842,4.767725454001541,0.8665039835751156,0.39271548768833314,,,,,provisional,0.0,0.0,,,,,,,,,,,,,,,,0.23495982854147823,0.15230799534235445,selected,6.0,1.0,0.21052283997695517,0.09717876604072467,6.0
,,,,,,,,,,,,,,,,,,,,,6.0,0283,stage2_1007_best,6,1.6961596263290932,0.5428524897911485,1.5194222689236714,0.7864583333333334,0.8267045454545454,0.2514235730577835,0.7592076994951924,2.4642207579273094,0.4290144817890861,0.7417488201616976,0.8742882134711081,6.0,2.289303638204776,0.8430992572909021,1.4707972317236349,0.8,0.8785352292274287,4.753749573792197,0.8648007048754038,0.3954053426062898,,,,,final,0.0,0.0,,,,,,,,,,,,,,,,0.23495934474362684,0.15222614887132002,candidate,6.0,1.0,0.21025386395536919,0.0978252906049622,6.0
0.2122455796736295,4.159980441261426,0.3873939017232938,0.23581309551562163,2.9148770625841225,0.5027237922563242,0.1342670418721089,4.665883272315257,0.30828412250709347,0.25339404946571614,4.002635265155985,0.4594663677027533,0.19087946411314025,3.3279682907631245,0.5586848121383905,0.017585541769858444,0.08481426930707638,0.11143400141020994,0.017860927713509223,0.08745727578971874,0.11226205089900539,6.0,0283,stage2_1007_best,6,1.696159626093361,0.5428524902449536,1.5194222683460339,0.7864583333333334,0.8267045454545454,0.2514235729880973,0.7592076996211985,2.4642207588134952,0.4290144821414722,0.7417488200452916,0.8742882135059514,6.0,2.289303638204776,0.8430992572909021,1.4707972317236349,0.8,0.8785352292274287,4.753749573792197,0.8648007048754038,0.3954053426062898,0.17149049043655396,0.20421070974129113,2.274712502967405,3.1400258951785776,final,0.0,0.0,0.0012123399906182886,0.015702242070467026,0.006614590580974275,3.6988397097625327,0.2032293933662371,4.3452134503354465,0.4559971068088265,1.142612363296239,0.277099609375,0.03664214665666433,0.2352301941519114,0.3603146894885777,2.3953643050191196,0.4559971068088265,0.6742224153979437,0.23495933736281607,0.15222617845440253,selected,6.0,1.0,0.21025386395536919,0.0978252906049622,6.0
,,,,,,,,,,,,,,,,,,,,,6.0,0284,stage2_1007_best,6,1.4662211258478175,0.6220974262989837,1.8157076214561072,0.59375,0.8039772727272727,0.2367223760413034,0.6611020022882326,3.1285822830449077,0.5589214219896916,0.6431743993758937,0.8816388119793485,6.0,2.82979684833451,0.8132958461543836,1.8589211296256283,0.4,0.7997856302473583,5.433546968344158,0.9438539402671485,0.303605912058176,,,,,base,0.0,0.0,,,,,,,,,,,,,,,,0.22944662707324665,0.15253061244020188,candidate,6.0,1.0,0.21681973837627444,0.09089297061199195,6.0
,,,,,,,,,,,,,,,,,,,,,6.0,0284,stage2_1007_best,6,1.4662211257048667,0.6220974265682572,1.815707621216224,0.59375,0.8039772727272727,0.2367223762823605,0.6611020023900462,3.128582283770106,0.558921422303621,0.6431743992288093,0.8816388118588198,6.0,2.82979684833451,0.8132958461543836,1.8589211296256283,0.4,0.7997856302473583,5.433546968344158,0.9438539402671485,0.303605912058176,,,,,base,0.0,0.0,,,,,,,,,,,,,,,,0.22944662873120314,0.15253062374025494,selected,6.0,1.0,0.21681973837627444,0.09089297061199195,6.0
,,,,,,,,,,,,,,,,,,,,,6.0,0284,stage2_1007_best,6,1.707631373746602,0.6226603769634612,2.0580742084372763,0.5572916666666666,0.8380681818181818,0.2531328972299917,0.6672816657797455,3.4920568860295362,0.6486346030449895,0.590526385660692,0.8734335513850041,6.0,2.2976990671542974,0.7780142610578893,1.9621572271135337,0.4,0.7546603504704595,4.957942852224381,0.8900308849635938,0.3517976880284329,,,,,provisional,0.0,0.0,,,,,,,,,,,,,,,,0.24673054620045407,0.15076835344129913,candidate,6.0,1.0,0.214262831306069,0.09293491171653502,6.0
,,,,,,,,,,,,,,,,,,,,,6.0,0284,stage2_1007_best,6,1.707631372910394,0.6226603772637866,2.0580742084437054,0.5572916666666666,0.8380681818181818,0.25313289701498004,0.6672816656372912,3.4920568864631023,0.6486346031928306,0.5905263857163027,0.87343355149251,6.0,2.2976990671542974,0.7780142610578893,1.9621572271135337,0.4,0.7546603504704595,4.957942852224381,0.8900308849635938,0.3517976880284329,,,,,provisional,0.0,0.0,,,,,,,,,,,,,,,,0.2467305527976669,0.1507683339718929,selected,6.0,1.0,0.214262831306069,0.09293491171653502,6.0
,,,,,,,,,,,,,,,,,,,,,6.0,0284,stage2_1007_best,6,1.7073224265900706,0.6199862999296176,2.061345141960576,0.5572916666666666,0.8380681818181818,0.25549434124815124,0.6659491078834056,3.4803924645435793,0.646824033440203,0.5908656053582644,0.8722528293759243,6.0,2.266820326870048,0.7797094931711753,1.9585354218195594,0.4,0.7536483654298213,4.936585046941074,0.887607711104018,0.3543326326136421,,,,,final,0.0,0.0,,,,,,,,,,,,,,,,0.2466099785772786,0.15119554886452144,candidate,6.0,1.0,0.21457016428334783,0.09346810820964727,6.0
0.22245009516547623,4.673581129822676,0.27165166161505694,0.20727227574187496,4.330119100765457,0.2646242480035198,0.14243777914241482,4.935368735402283,0.24024588976509986,0.25064281205330025,4.327431816334806,0.3821899955815895,0.20389448407794844,4.204491426480363,0.3696968329735595,0.06271269601270789,0.33960766051249397,0.11277238723341014,0.061632415553305814,0.33958830939823387,0.11103458243025786,6.0,0284,stage2_1007_best,6,1.707322427790961,0.6199862997245421,2.0613451420592597,0.5572916666666666,0.8380681818181818,0.2554943410205697,0.6659491080317813,3.4803924649828297,0.6468240335967365,0.5908656052072726,0.8722528294897152,6.0,2.2668203398507383,0.7797094910180391,1.9585354320398758,0.4,0.7536483631289749,4.936585039427058,0.887607710271916,0.35433263408863513,0.16320443153381348,0.19180928446834994,2.728725043564209,4.401638532730967,final,0.0,0.0,0.0019183094039772232,0.01374572199148833,0.009831235624262795,3.919681556814306,0.20011190170893595,4.5842146721206465,0.4683784678796466,1.1402606450799249,0.2735595703125,0.03690147749024509,0.23543412148585605,0.3571054927685392,2.4247970861754427,0.4683784678796466,0.6657958294606219,0.24660997943459248,0.1511955347769388,selected,6.0,1.0,0.21457016300768939,0.09346808692687134,6.0
,,,,,,,,,,,,,,,,,,,,,6.0,0285,stage2_1007_best,6,1.3351636460420522,0.6073700134070109,1.8368702857320778,0.5677083333333334,0.8409090909090909,0.24636744300453062,0.64453166384685,3.154672115569278,0.5675781523922971,0.6439448947190428,0.8768162784977348,6.0,2.295349514589123,0.8310526204309813,1.666599465144312,0.4,0.8293540229543999,5.371568418267992,0.937283390890385,0.2984189941387593,,,,,base,0.0,0.0,,,,,,,,,,,,,,,,0.23135060898150822,0.14968184824557842,candidate,6.0,1.0,0.16674727419144744,0.06754326238280325,6.0
,,,,,,,,,,,,,,,,,,,,,6.0,0285,stage2_1007_best,6,1.3351636456791864,0.6073700136031841,1.8368702850988896,0.5677083333333334,0.8409090909090909,0.24636744304482133,0.6445316641552099,3.154672118057045,0.5675781528629142,0.6439448942019409,0.8768162784775894,6.0,2.29534950944733,0.8310526197036985,1.6665994692870294,0.4,0.8293540215999485,5.3715684166936715,0.9372833907234577,0.298418994636235,,,,,base,0.0,0.0,,,,,,,,,,,,,,,,0.231350611315165,0.14968182601284571,selected,6.0,1.0,0.16674727419144744,0.06754327777151005,6.0
,,,,,,,,,,,,,,,,,,,,,6.0,0285,stage2_1007_best,6,1.717467334157348,0.5213637137026206,2.258251628571322,0.5052083333333334,0.8522727272727273,0.2755077824605049,0.5906563214084091,3.3695206043666475,0.6258760957154013,0.5955896352731725,0.8622461087697476,6.0,1.854075037628701,0.8288938701266455,1.5875951140317106,0.6,0.8421134343143862,4.845395642304713,0.8788519015689318,0.3588132757478064,,,,,provisional,0.0,0.0,,,,,,,,,,,,,,,,0.22815636176098114,0.1923728722124545,candidate,6.0,1.0,0.16310280173065492,0.07550013738291016,6.0
,,,,,,,,,,,,,,,,,,,,,6.0,0285,stage2_1007_best,6,1.7174673344145623,0.5213637139405738,2.258251628777606,0.5052083333333334,0.8522727272727273,0.2755077823458443,0.5906563215201223,3.369520605631282,0.6258760961253809,0.595589634997666,0.8622461088270779,6.0,1.8540750187828858,0.8288938705230048,1.5875951165334437,0.6,0.8421134329371531,4.845395645122311,0.8788519019286789,0.3588132758530319,,,,,provisional,0.0,0.0,,,,,,,,,,,,,,,,0.2281563600239757,0.19237287215333965,selected,6.0,1.0,0.1631028029755952,0.07550014944533491,6.0
,,,,,,,,,,,,,,,,,,,,,6.0,0285,stage2_1007_best,6,1.7160010331766737,0.5211494762241196,2.268570687533507,0.5052083333333334,0.84375,0.27572442317736123,0.5891924981029305,3.3523122454629193,0.6238260260378179,0.5973323710522624,0.8621377884113194,6.0,1.7923483525259818,0.8238075390870851,1.6045085989431467,0.6,0.8345225482265499,4.80896800014144,0.8746677785541828,0.36402365716269436,,,,,final,0.0,0.0,,,,,,,,,,,,,,,,0.22839286589652585,0.19245769342981955,candidate,6.0,1.0,0.16292385861736225,0.07685157729038138,6.0
0.27559136588416827,3.6924356697028604,0.38573450392969916,0.2367565629752728,3.8346704115221115,0.34747020775178683,0.20138777766382931,4.017409645792528,0.36204574064360995,0.30701116047292076,2.7687275915983456,0.671291729273289,0.26436295778583757,3.786835572242117,0.4130473650484075,0.047897528307440686,0.26759432316128556,0.11538692280622727,0.04800259644286367,0.2626944493334325,0.11169567659597279,6.0,0285,stage2_1007_best,6,1.7160010342023588,0.5211494762742315,2.2685706891948096,0.5052083333333334,0.84375,0.27572442354553545,0.589192497996139,3.3523122467007203,0.6238260264350751,0.5973323708835897,0.8621377882272323,6.0,1.7923483492471577,0.8238075386847178,1.6045086030275746,0.6,0.8345225466483489,4.808968000787171,0.8746677786214525,0.3640236577542714,0.1582028567790985,0.24194884986176604,2.777421617523928,3.67919327453575,final,0.0,0.0,0.0011980418743048398,0.017081904993207348,0.008249425034272862,2.796040886079141,0.24205465246186067,3.472572541861309,0.40208508972035867,1.14812648688604,0.3453369140625,0.0369392738317273,0.226732242372797,0.3809330601422148,2.260847474216654,0.40208508972035867,0.7105017317829199,0.2283928566020008,0.19245773187900553,selected,6.0,1.0,0.16292385938640624,0.07685158387057142,6.0
,,,,,,,,,,,,,,,,,,,,,6.0,0286,stage2_1007_best,6,1.3685823371087318,0.6221195115007433,1.4852613550291816,0.765625,0.8181818181818182,0.23169868092515797,0.7705657753833217,2.8769170140948206,0.50386672352642,0.686254796085815,0.884150659537421,6.0,2.0558092798997487,0.8819925861024249,1.4649419784448026,0.6,0.8824627171603583,5.33894737128437,0.9338357431171168,0.2949007686175379,,,,,base,0.0,0.0,,,,,,,,,,,,,,,,0.22970769146055722,0.13820903260452427,candidate,6.0,1.0,0.14278557380546483,0.04573771861475804,6.0
,,,,,,,,,,,,,,,,,,,,,6.0,0286,stage2_1007_best,6,1.3685823378853048,0.6221195115287184,1.4852613553781093,0.765625,0.8181818181818182,0.23169868087332757,0.7705657754431848,2.876917015554762,0.5038667240604905,0.6862547957508797,0.8841506595633362,6.0,2.0558092798997487,0.8819925861024249,1.4649419784448026,0.6,0.8824627171603583,5.33894737128437,0.9338357431171168,0.2949007686175379,,,,,base,0.0,0.0,,,,,,,,,,,,,,,,0.22970769730917204,0.13820903214602215,selected,6.0,1.0,0.14278557380546483,0.04573771861475804,6.0
,,,,,,,,,,,,,,,,,,,,,6.0,0286,stage2_1007_best,6,1.5412839952487423,0.595597355662546,1.361284085892014,0.8958333333333334,0.875,0.20875248015585804,0.8440008720645522,2.8441649755116267,0.5005613992650049,0.6923369154369695,0.895623759922071,6.0,1.833622542500648,0.8465872459213553,1.6023817078107518,0.4,0.8381939626216275,5.001980228145178,0.8970854480848768,0.3272888692966117,,,,,provisional,0.0,0.0,,,,,,,,,,,,,,,,0.23087878162087988,0.1387167196090369,candidate,6.0,1.0,0.14042806577208278,0.04980071865454982,6.0
,,,,,,,,,,,,,,,,,,,,,6.0,0286,stage2_1007_best,6,1.5412839959717646,0.5955973559442591,1.3612840852902022,0.8958333333333334,0.875,0.20875248026761895,0.8440008722830462,2.8441649750268745,0.5005613993187121,0.6923369155606899,0.8956237598661907,6.0,1.833622556657744,0.8465872433323238,1.6023817203873099,0.4,0.8381939592010929,5.001980216779055,0.8970854467621925,0.32728887143094737,,,,,provisional,0.0,0.0,,,,,,,,,,,,,,,,0.23087877758669634,0.13871670342359843,selected,6.0,1.0,0.14042806577208278,0.0498007185791451,6.0
,,,,,,,,,,,,,,,,,,,,,6.0,0286,stage2_1007_best,6,1.5709771697467074,0.5902237642324817,1.3920507363271317,0.8697916666666666,0.8494318181818182,0.2134101673214959,0.8328214684903865,2.890675616617083,0.5092885873110581,0.6833208791010151,0.8932949163392521,6.0,1.8970893108900502,0.8326532772170168,1.6557446567173484,0.4,0.8248804343631129,4.983745913607113,0.8947850070224546,0.33100159932110784,,,,,final,0.0,0.0,,,,,,,,,,,,,,,,0.22998407498681156,0.14054779585892432,candidate,6.0,1.0,0.13950459622527028,0.05331630253894806,6.0
0.25882342055936414,4.36333817025922,0.2874974156435457,0.23279341021660976,4.512355959816233,0.26209589692601637,0.19954831755203042,3.932902672397699,0.4490184544587626,0.26069749806422127,2.7390369637482967,0.6856003750202508,0.24621127993056827,4.604200963655901,0.27062298925010386,0.03274702471099065,0.18177765896588746,0.08228513341056105,0.03227584230312313,0.1848262584181205,0.07589009910952156,6.0,0286,stage2_1007_best,6,1.5709771713057092,0.5902237641295482,1.3920507365115722,0.8697916666666666,0.8494318181818182,0.2134101675804703,0.8328214684884104,2.8906756164852236,0.5092885875685282,0.6833208791347721,0.893294916209765,6.0,1.897089348106818,0.8326532760882146,1.6557446647202507,0.4,0.8248804332883692,4.983745909089042,0.8947850065008297,0.33100160072165963,0.1572531908750534,0.2453234723071912,2.726229606609015,4.193852829869863,final,0.0,0.0,0.002213980450111843,0.024360630450127967,0.015281408150509074,3.4020933270422336,0.2250074435853445,3.9851309469094676,0.45959493694432024,1.1187334880265778,0.353515625,0.03422832290726989,0.22930370886158558,0.378681124978245,2.4604281770335077,0.45959493694432024,0.6813660920292983,0.22998407092332399,0.1405478092845723,selected,6.0,1.0,0.13950459667696638,0.05331630836794954,6.0
,,,,,,,,,,,,,,,,,,,,,6.0,0287,stage2_1007_best,6,1.2891218723446447,0.6633248120453991,1.3421836794413846,0.859375,0.84375,0.22405525423097936,0.8232541492438459,2.729989428517854,0.47212544844410426,0.714138834511135,0.8879723728845103,6.0,2.0010749291036998,0.9117600557954764,1.3588506167785008,0.4,0.9137438908786271,5.547551284988981,0.9551015395554634,0.265771895040479,,,,,base,0.0,0.0,,,,,,,,,,,,,,,,0.23296263341269233,0.12488575575875326,candidate,6.0,1.0,0.1389827489897275,0.03922360335304713,6.0
,,,,,,,,,,,,,,,,,,,,,6.0,0287,stage2_1007_best,6,1.2891218701398979,0.6633248133530959,1.3421836781794052,0.859375,0.84375,0.22405525382155453,0.8232541497437643,2.7299894282944983,0.47212544872259454,0.714138834572132,0.8879723730892227,6.0,2.0010749291036998,0.9117600557954764,1.3588506167785008,0.4,0.9137438908786271,5.547551284988981,0.9551015395554634,0.265771895040479,,,,,base,0.0,0.0,,,,,,,,,,,,,,,,0.2329626282492854,0.12488575227291594,selected,6.0,1.0,0.1389827489897275,0.03922360335304713,6.0
,,,,,,,,,,,,,,,,,,,,,6.0,0287,stage2_1007_best,6,1.2800989393689362,0.6543252190774967,1.324739842300151,0.8802083333333334,0.8693181818181818,0.21612582001352332,0.833570746731559,2.7672651745148644,0.47906615620836485,0.7106766512338781,0.8919370899932385,6.0,1.7930014192501968,0.8738941658588116,1.4707187876159575,0.6,0.8722453551797086,5.025526907842897,0.8980825337000402,0.33430356658196525,,,,,provisional,0.0,0.0,,,,,,,,,,,,,,,,0.23211546328973642,0.1277041501419899,candidate,6.0,1.0,0.13510101672085392,0.048940401658207344,6.0
,,,,,,,,,,,,,,,,,,,,,6.0,0287,stage2_1007_best,6,1.2800989396331914,0.6543252191797462,1.3247398420375651,0.8802083333333334,0.8693181818181818,0.21612581937588463,0.8335707467490395,2.767265175651494,0.47906615664774904,0.7106766510672329,0.8919370903120577,6.0,1.793001426634348,0.873894166959809,1.4707187842308114,0.6,0.8722453562138892,5.025526913266376,0.8980825344366957,0.3343035657852277,,,,,provisional,0.0,0.0,,,,,,,,,,,,,,,,0.23211546261762772,0.12770414227761923,selected,6.0,1.0,0.13510101664606555,0.048940414936652826,6.0
,,,,,,,,,,,,,,,,,,,,,6.0,0287,stage2_1007_best,6,1.2644804583203186,0.6630346919736773,1.3232223357996475,0.875,0.8693181818181818,0.21531032543882764,0.8328700720416237,2.75160090272432,0.47630104753061103,0.7130151035543335,0.8923448372805862,6.0,1.884172485015992,0.8604723072449564,1.5228785874827184,0.8,0.8589562583135526,5.007104297060256,0.8959930740117085,0.33707333388978905,,,,,final,0.0,0.0,,,,,,,,,,,,,,,,0.23270372414398893,0.12744839886958212,candidate,6.0,1.0,0.13488553784443622,0.05011244356863957,6.0
0.25734523499594697,4.177361632494046,0.326768729860948,0.26235015671944323,4.108179222020911,0.2972710837432914,0.1832397225623397,4.1270178575569645,0.40388091775106383,0.2449009097702133,2.698933257188934,0.6959633737565163,0.24962640293005064,4.089723532467313,0.36821401892625205,0.016216542515268988,0.08397976339294577,0.0958219358672619,0.014877985789884987,0.06972930708040892,0.09163682671453748,6.0,0287,stage2_1007_best,6,1.2644804604815825,0.6630346916551779,1.323222336219824,0.875,0.8693181818181818,0.21531032593307026,0.8328700720254336,2.751600903921917,0.4763010479011066,0.7130151033777988,0.8923448370334648,6.0,1.8841724994462128,0.8604723091468688,1.5228785788702266,0.8,0.8589562608269716,5.007104301101229,0.8959930744735531,0.3370733336381808,0.16536560654640198,0.2684246641088769,2.5796603312708037,4.18331861430798,final,0.0,0.0,0.002547582001742747,0.01819376707199265,0.013933367600017572,3.4294139592327246,0.21400107682041594,4.0276618991062705,0.4465900193218143,1.124192001315776,0.3438720703125,0.03506536567476814,0.2307266897142465,0.3754640905518041,2.378836661636894,0.4465900193218143,0.6855652500702383,0.23270372509729154,0.12744839100834426,selected,6.0,1.0,0.13488553564849373,0.05011248973089307,6.0
,,,,,,,,,,,,,,,,,,,,,6.0,0288,stage2_1007_best,6,1.5723990512653323,0.5035871060267897,2.205532268000867,0.5,0.8778409090909091,0.23983321761810847,0.6109814688110157,2.967449942519997,0.5569982099236386,0.659942440460549,0.8800833911909458,6.0,2.4551857321635278,0.853135945690641,1.5915058430975482,0.4,0.8582673465465552,5.551991437740214,0.9559901877034654,0.2602998257116434,,,,,base,0.0,0.0,,,,,,,,,,,,,,,,0.24069083020806697,0.18065656052925802,candidate,6.0,1.0,0.21445850652199827,0.08440265467680516,6.0
,,,,,,,,,,,,,,,,,,,,,6.0,0288,stage2_1007_best,6,1.572399051683056,0.5035871059775323,2.2055322684813667,0.5,0.8778409090909091,0.23983321758355777,0.6109814686270463,2.967449941888809,0.5569982100439477,0.6599424405188559,0.8800833912082211,6.0,2.455185761554582,0.8531359441110833,1.5915058532672481,0.4,0.8582673443567082,5.5519914333482285,0.9559901872759393,0.2602998289813666,,,,,base,0.0,0.0,,,,,,,,,,,,,,,,0.24069082534354552,0.1806565395949437,selected,6.0,1.0,0.21445850855031492,0.08440266426029426,6.0
,,,,,,,,,,,,,,,,,,,,,6.0,0288,stage2_1007_best,6,1.691714116523038,0.5280787125170056,2.169009178656767,0.5416666666666666,0.8863636363636364,0.24132548432679946,0.655560424128215,3.4473165374466457,0.6514990240996181,0.5770882011311841,0.8793372578366003,6.0,2.1338002925015167,0.7969530775237605,1.6658170257134168,0.6,0.822601990557105,4.850394430367125,0.8791456417726596,0.34636554637118505,,,,,provisional,0.0,0.0,,,,,,,,,,,,,,,,0.2437655199510911,0.17597262323958418,candidate,6.0,1.0,0.20687851174407948,0.10021173801657048,6.0
,,,,,,,,,,,,,,,,,,,,,6.0,0288,stage2_1007_best,6,1.6917141143695222,0.5280787127582227,2.1690091775082676,0.5416666666666666,0.8863636363636364,0.24132548420016586,0.6555604242769502,3.447316537355477,0.6514990241814229,0.5770882011513189,0.8793372578999171,6.0,2.133800295400955,0.7969530771111822,1.6658170268376422,0.6,0.8226019903134144,4.850394432458477,0.8791456420261266,0.3463655461596863,,,,,provisional,0.0,0.0,,,,,,,,,,,,,,,,0.24376551911908573,0.17597260987759675,selected,6.0,1.0,0.20687851152015704,0.10021174021960533,6.0
,,,,,,,,,,,,,,,,,,,,,6.0,0288,stage2_1007_best,6,1.7215198547024357,0.524271448747862,2.1897650890805687,0.5260416666666666,0.8721590909090909,0.24139469654144044,0.656213682789058,3.5321974178895132,0.6669655884496448,0.5599905403316885,0.8793026517292798,6.0,2.1571033984735415,0.7922423029704546,1.6913756134698348,0.6,0.8158578538588417,4.843850583347997,0.8780659100563696,0.346919691172684,,,,,final,0.0,0.0,,,,,,,,,,,,,,,,0.24419909935478912,0.17829925368475763,candidate,6.0,1.0,0.20693854329878866,0.1006386962396101,6.0
0.24957133365357123,4.454710580320205,0.25943718744670735,0.2570992621266596,3.962704537829948,0.25471757574839804,0.22205295638135084,4.52167010154103,0.3222420759203683,0.25377630705124593,3.797058063026576,0.49217617427693977,0.2509687794601349,3.9876214901972147,0.3329146821882063,0.03438856814249352,0.2715352464983774,0.1248351920994518,0.0318614038732982,0.2471920757054535,0.12509559587913774,6.0,0288,stage2_1007_best,6,1.721519856472861,0.5242714488442709,2.1897650893179104,0.5260416666666666,0.8721590909090909,0.24139469610972775,0.6562136831420228,3.532197420041682,0.6669655888823419,0.5599905398830222,0.8793026519451362,6.0,2.1571033986246637,0.7922423010485348,1.6913756192159761,0.6,0.8158578521298538,4.843850575323846,0.8780659091357603,0.3469196908890411,0.14850574731826782,0.25500289477511934,2.474487532867409,3.8002941854881147,final,0.0,0.0,0.002733435961664482,0.04516222094066902,0.01116486358443842,3.7930789052402405,0.2143875508398941,4.4393134450495975,0.47776992124582557,1.1237604345056855,0.2625732421875,0.03790479281084724,0.2315764800756789,0.36360943483519376,2.467416269111105,0.47776992124582557,0.6667302665103803,0.24419910259179864,0.17829922365673825,selected,6.0,1.0,0.20693854709954027,0.10063869728612553,6.0
,,,,,,,,,,,,,,,,,,,,,6.0,0289,stage2_1007_best,6,2.030788947930921,0.6184397775639081,1.6859380023469333,0.7083333333333334,0.8693181818181818,0.21874860859246334,0.8236005335383376,3.5902962813635475,0.7030210773069412,0.5192292650332744,0.8906256957037684,6.0,2.2170243398504113,0.8720590619847576,1.530448071784782,0.4,0.8696947605318381,5.616495155810732,0.9626230129903384,0.26294790091365616,,,,,base,0.0,0.0,,,,,,,,,,,,,,,,0.2814234085498108,0.1435165471051242,candidate,6.0,1.0,0.18552533341932154,0.06612115977966194,6.0
,,,,,,,,,,,,,,,,,,,,,6.0,0289,stage2_1007_best,6,2.030788949705412,0.61843977678666,1.6859380029343027,0.7083333333333334,0.8693181818181818,0.2187486087179935,0.8236005334285654,3.5902962802763283,0.7030210771120129,0.5192292651645797,0.8906256956410032,6.0,2.2170243325927155,0.8720590609814379,1.5304480761067203,0.4,0.869694759328795,5.616495154688185,0.9626230128729152,0.26294790168211857,,,,,base,0.0,0.0,,,,,,,,,,,,,,,,0.2814234132250883,0.14351654306717826,selected,6.0,1.0,0.18552533373822885,0.06612115977966194,6.0
,,,,,,,,,,,,,,,,,,,,,6.0,0289,stage2_1007_best,6,1.8280741656810628,0.6008634422379574,1.6774952034185056,0.7395833333333334,0.8465909090909091,0.18015526682981384,0.8059504356152151,3.3192676176599996,0.638610708787344,0.5790343150786285,0.9099223665850932,6.0,2.013114958940138,0.7391521687548951,1.905960902063962,0.4,0.7571385697091473,4.861079336944669,0.8764857533384907,0.32605833129388817,,,,,provisional,0.0,0.0,,,,,,,,,,,,,,,,0.2664754453435226,0.14995815677693208,candidate,6.0,1.0,0.17286703576190413,0.10326460066145118,6.0
,,,,,,,,,,,,,,,,,,,,,6.0,0289,stage2_1007_best,6,1.8280741631573032,0.6008634431825501,1.677495202137156,0.7395833333333334,0.8465909090909091,0.1801552665725701,0.8059504360505123,3.319267619736855,0.6386107091545699,0.5790343145646634,0.909922366713715,6.0,2.0131149616277133,0.7391521696409131,1.9059608980980418,0.4,0.7571385707680761,4.861079340852504,0.876485753902687,0.32605833079799285,,,,,provisional,0.0,0.0,,,,,,,,,,,,,,,,0.2664754438945814,0.1499581594214629,selected,6.0,1.0,0.17286703616957264,0.1032646105720255,6.0
,,,,,,,,,,,,,,,,,,,,,6.0,0289,stage2_1007_best,6,1.8089054467298822,0.6036539124422807,1.6312004507335491,0.765625,0.8522727272727273,0.1760303044633655,0.812710469186901,3.286940794702614,0.6305557101599257,0.5891741904466483,0.9119848477683171,6.0,1.989074765209967,0.7413231411648312,1.8907142294355186,0.4,0.7609302669526983,4.871250325042465,0.877563622597114,0.3216162931413943,,,,,final,0.0,0.0,,,,,,,,,,,,,,,,0.26613385410077117,0.14782667718059025,candidate,6.0,1.0,0.1727751773799931,0.1043566702977613,6.0
0.21467191830546276,4.388155957144853,0.2991075098805409,0.22834653888281936,3.960176707121031,0.3271810133402192,0.1857026873707863,4.602517205031619,0.23818149910357392,0.2364486191008902,3.492078139795991,0.5671803490518321,0.21558865586379425,3.8744547799929916,0.37568106269418633,0.10445327788291674,0.9679179665731968,0.13203147808728694,0.10203917568723786,0.9302601000278328,0.1308593502603937,6.0,0289,stage2_1007_best,6,1.8089054429754963,0.6036539131789126,1.6312004495002064,0.765625,0.8522727272727273,0.17603030371943393,0.8127104695611046,3.2869407953590155,0.6305557103885556,0.5891741901493884,0.911984848140283,6.0,1.9890747608777442,0.7413231427009055,1.8907142259873708,0.4,0.7609302680632103,4.871250329116508,0.8775636230083917,0.3216162929050326,0.16088394820690155,0.22187935287191618,2.6444102555237827,4.018383272011253,final,0.0,0.0,0.002240540656580014,0.04109033560087835,0.009226810275240825,3.734352929260452,0.19253065232219815,4.446873154309313,0.4246403965213718,1.1781890400767643,0.276123046875,0.036682166153993966,0.24338883597558048,0.34460150028838576,2.2815809589786147,0.4246403965213718,0.7059476827297696,0.2661338574895479,0.14782668087648576,selected,6.0,1.0,0.17277518000600614,0.10435667312251816,6.0
,,,,,,,,,,,,,,,,,,,,,6.0,0290,stage2_1007_best,6,1.7376984109234386,0.5632070285391518,2.259053562710567,0.4635416666666667,0.7982954545454546,0.241703781219988,0.6059412192228557,3.6394968279315374,0.669642374615935,0.5421149688142538,0.879148109390006,6.0,2.5491409485937164,0.8545750148459674,1.6797990773031128,0.4,0.8338504814568823,5.482649557679719,0.9494235971406089,0.29563701746602283,,,,,base,0.0,0.0,,,,,,,,,,,,,,,,0.234036931503663,0.1701807524552375,candidate,6.0,1.0,0.2074356293840677,0.07909957591380645,6.0
,,,,,,,,,,,,,,,,,,,,,6.0,0290,stage2_1007_best,6,1.7376984125265742,0.5632070276653313,2.2590535633801943,0.4635416666666667,0.7982954545454546,0.24170378098270337,0.6059412190977418,3.6394968277601403,0.6696423747139164,0.542114968941694,0.8791481095086482,6.0,2.5491409485937164,0.8545750148459674,1.6797990773031128,0.4,0.8338504814568823,5.482649557679719,0.9494235971406089,0.29563701746602283,,,,,base,0.0,0.0,,,,,,,,,,,,,,,,0.23403693550495946,0.1701807767506048,selected,6.0,1.0,0.2074356293840677,0.07909957591380645,6.0
,,,,,,,,,,,,,,,,,,,,,6.0,0290,stage2_1007_best,6,1.4179085328998249,0.6191854943638467,2.1425460716650493,0.4947916666666667,0.8607954545454546,0.22271999467608009,0.626728985635075,3.6268848968676637,0.6756766841322597,0.5436541428876976,0.88864000266196,6.0,2.5009394693976037,0.8024475364696341,1.8621016452361974,0.4,0.7823831410962871,5.051959684753831,0.9031528551710003,0.33002515459244225,,,,,provisional,0.0,0.0,,,,,,,,,,,,,,,,0.24014930816686753,0.16158879100272702,candidate,6.0,1.0,0.20339383657503093,0.09388880284571652,6.0
,,,,,,,,,,,,,,,,,,,,,6.0,0290,stage2_1007_best,6,1.4179085338839295,0.6191854941891233,2.142546072347027,0.4947916666666667,0.8607954545454546,0.2227199947420914,0.6267289853739082,3.626884896403736,0.6756766840126518,0.5436541430733991,0.8886400026289543,6.0,2.5009394913984004,0.80244753586203,1.86210165193052,0.4,0.7823831402092862,5.0519596881138,0.9031528555218113,0.3300251559526993,,,,,provisional,0.0,0.0,,,,,,,,,,,,,,,,0.2401493073587602,0.16158877245340775,selected,6.0,1.0,0.2033938389202174,0.09388881802620108,6.0
,,,,,,,,,,,,,,,,,,,,,6.0,0290,stage2_1007_best,6,1.400931132285771,0.6213286550006629,2.1047522037407735,0.46875,0.8465909090909091,0.2223351800854794,0.6271339295703803,3.5983298310794276,0.6675273751977102,0.5505508425740864,0.8888324099572603,6.0,2.498694981148712,0.8020416027721952,1.8645575734400492,0.4,0.7816297307360399,5.044394417109701,0.9023117849113441,0.3293683880537235,,,,,final,0.0,0.0,,,,,,,,,,,,,,,,0.23912599819606448,0.15975580531652192,candidate,6.0,1.0,0.20308550800195432,0.09452127928172355,6.0
0.23508354863146322,4.55119181476302,0.2707655475173918,0.24988773826575397,4.044017938139526,0.28830880561758704,0.22356852771252259,4.727145579748323,0.26165168720381987,0.25613954680848006,4.47987044644698,0.3547639699869497,0.23858271342719925,4.1350125287385415,0.3406908110700336,0.03245269227046312,0.19978221047830633,0.08162993144213511,0.03372372977883638,0.22001013324005028,0.08161686359414123,6.0,0290,stage2_1007_best,6,1.4009311329588252,0.62132865479253,2.1047522041186517,0.46875,0.8465909090909091,0.22233518009567366,0.6271339292285814,3.5983298306412848,0.6675273751407836,0.5505508425202953,0.8888324099521632,6.0,2.49869497415651,0.8020416014808945,1.8645575747681993,0.4,0.7816297300106215,5.044394419610512,0.9023117852101747,0.32936838812664704,0.1780732125043869,0.25092992278229104,2.496010598642395,3.9372044906619212,final,0.0,0.0,0.0023717344318757174,0.03549669814828694,0.0051163307934104394,3.819270592692266,0.22278483268945443,4.455589722672949,0.4938753966201199,1.1133578489635647,0.27685546875,0.03678443868996252,0.22615731236835723,0.3725522136177208,2.5230970091665865,0.4938753966201199,0.6374824098243177,0.23912599417029964,0.15975581210436687,selected,6.0,1.0,0.20308550368895648,0.09452127456138638,6.0
,,,,,,,,,,,,,,,,,,,,,6.0,0291,stage2_1007_best,6,1.771192883634437,0.5615308056796545,2.268665489721174,0.5052083333333334,0.8409090909090909,0.24757092359830032,0.59263781116851,3.2155198496078157,0.5949315844285777,0.6322164442066375,0.8762145382008498,6.0,2.1326221603827613,0.9051329525082684,1.3955648131173766,0.6,0.9051807234863061,5.612019531387916,0.9620250803072675,0.26778798869771936,,,,,base,0.0,0.0,,,,,,,,,,,,,,,,0.23032023496884793,0.17097814145029783,candidate,6.0,1.0,0.17736258573771047,0.059161709361171474,6.0
,,,,,,,,,,,,,,,,,,,,,6.0,0291,stage2_1007_best,6,1.7711928839414093,0.5615308058254324,2.2686654903451826,0.5052083333333334,0.8409090909090909,0.2475709232539467,0.5926378112281061,3.2155198498507658,0.5949315845298035,0.6322164440616443,0.8762145383730268,6.0,2.1326221460632957,0.9051329515950207,1.3955648157080427,0.6,0.9051807227006419,5.612019525998588,0.9620250797447694,0.26778798882368804,,,,,base,0.0,0.0,,,,,,,,,,,,,,,,0.23032023671965074,0.17097813727486835,selected,6.0,1.0,0.17736258860255005,0.059161733155109975,6.0
,,,,,,,,,,,,,,,,,,,,,6.0,0291,stage2_1007_best,6,2.055441832473638,0.5141541912987908,2.686986024012032,0.4166666666666667,0.8465909090909091,0.2661454911625157,0.5756471827521507,3.2730759619370873,0.6286611213415682,0.6008832095998001,0.8669272544187421,6.0,2.1260024227942624,0.8626134004212439,1.420605529748955,1.0,0.8916405350579752,4.888798863914041,0.8814399695776421,0.3780491161359918,,,,,provisional,0.0,0.0,,,,,,,,,,,,,,,,0.23302356898449275,0.19530809796227805,candidate,6.0,1.0,0.17045869273197042,0.07094555713670792,6.0
,,,,,,,,,,,,,,,,,,,,,6.0,0291,stage2_1007_best,6,2.055441828960671,0.514154192388118,2.68698602120325,0.4166666666666667,0.8465909090909091,0.26614549071510823,0.5756471830609476,3.2730759639381533,0.6286611216408597,0.6008832094596029,0.8669272546424459,6.0,2.126002423691761,0.8626133997003288,1.4206055330118037,1.0,0.8916405342049887,4.888798862764254,0.8814399694380586,0.3780491158382979,,,,,provisional,0.0,0.0,,,,,,,,,,,,,,,,0.23302357220936235,0.19530809802401708,selected,6.0,1.0,0.17045868979297477,0.07094557667262133,6.0
,,,,,,,,,,,,,,,,,,,,,6.0,0291,stage2_1007_best,6,2.052251594104108,0.5148129187705321,2.6867495921190394,0.4114583333333333,0.8551136363636364,0.2657239678876683,0.5750859936756849,3.2721252950309494,0.6284000522396362,0.602211110793883,0.8671380160561658,6.0,2.1324287917595903,0.8653186452175508,1.4106795576655913,1.0,0.8952953275324699,4.906762949150777,0.8839449269663233,0.3769695373378964,,,,,final,0.0,0.0,,,,,,,,,,,,,,,,0.23250833938293297,0.19536267727930007,candidate,6.0,1.0,0.17063245579829137,0.07197274099269306,6.0
0.2452585323298146,4.1533025860480945,0.36471089685516467,0.3137961063920119,3.071832546336483,0.48870889314834526,0.19053794601022192,4.0156818183341585,0.3977251441069485,0.2645073637881454,3.727263501893939,0.5034039643283813,0.2569023656444282,3.1949680559250018,0.5159983387908058,0.028338092438640588,0.31243399123097465,0.12006514020919039,0.028404872364921594,0.31536243413196674,0.1216154674457941,6.0,0291,stage2_1007_best,6,2.052251593407739,0.5148129186437616,2.6867495924431632,0.4114583333333333,0.8551136363636364,0.2657239677899193,0.575085993363979,3.2721252943924823,0.6284000521496653,0.6022111109584588,0.8671380161050402,6.0,2.1324287882136694,0.865318645240254,1.4106795575397364,1.0,0.8952953276322779,4.906762951429721,0.8839449272063064,0.37696953700753155,0.18279114365577698,0.3065368280916606,2.2836000524267406,2.782478351441981,final,0.0,0.0,0.0006439074340348314,0.013580118209806374,0.008072352648988172,3.406448192026594,0.22785033047413797,4.118770966650442,0.4667278895498134,1.1291545921179649,0.2747802734375,0.03575563393889096,0.22789310403190896,0.3717177666042882,2.4521183614442075,0.4667278895498134,0.6608748356595966,0.2325083394106698,0.1953626983672997,selected,6.0,1.0,0.17063245837627736,0.07197273981126952,6.0
,,,,,,,,,,,,,,,,,,,,,6.0,0292,stage2_1007_best,6,1.7967457229576795,0.601235332544624,1.805341175401854,0.7552083333333334,0.8522727272727273,0.2431977569730188,0.7461748801494952,3.126767250377558,0.6029568085350845,0.628474790494604,0.8784011215134907,6.0,2.7190181961311746,0.8963556570528689,1.4995512858796631,0.4,0.8845367478071189,5.69281138199365,0.9704935637308599,0.26112089108473163,,,,,base,0.0,0.0,,,,,,,,,,,,,,,,0.27706183421651526,0.14066801509682084,candidate,6.0,1.0,0.11199775471875632,0.03188639075196941,6.0
,,,,,,,,,,,,,,,,,,,,,6.0,0292,stage2_1007_best,6,1.7967457234546003,0.6012353325087931,1.805341175733614,0.7552083333333334,0.8522727272727273,0.24319775682099956,0.7461748802142752,3.1267672506408957,0.6029568085549782,0.628474790357573,0.8784011215895003,6.0,2.7190181961311746,0.8963556570528689,1.4995512858796631,0.4,0.8845367478071189,5.69281138199365,0.9704935637308599,0.26112089108473163,,,,,base,0.0,0.0,,,,,,,,,,,,,,,,0.2770618316910788,0.140667995566299,selected,6.0,1.0,0.11199775471875632,0.03188639075196941,6.0
,,,,,,,,,,,,,,,,,,,,,6.0,0292,stage2_1007_best,6,2.7154998501310166,0.6778949303389532,1.9072698476641945,0.4635416666666667,0.8323863636363636,0.19049327767361987,0.8199854686329064,4.2819622894164455,0.806597577218787,0.4163387341120736,0.9047533611631899,6.0,1.9691305248498734,0.792534454341331,1.8976714726218427,0.4,0.7556383740745569,5.00954567039233,0.8967539607854927,0.36420237224339597,,,,,provisional,0.0,0.0,,,,,,,,,,,,,,,,0.28213833819217565,0.10953994018919937,candidate,6.0,1.0,0.1081282757274397,0.0491746997593202,6.0
,,,,,,,,,,,,,,,,,,,,,6.0,0292,stage2_1007_best,6,2.715499848006214,0.6778949304096837,1.9072698473698573,0.4635416666666667,0.8323863636363636,0.19049327768356042,0.8199854687587749,4.281962288554641,0.806597577084208,0.41633873448900244,0.9047533611582197,6.0,1.9691305301686837,0.7925344580145516,1.8976714613749641,0.4,0.7556383779305854,5.009545687487391,0.896753962837034,0.36420237025023827,,,,,provisional,0.0,0.0,,,,,,,,,,,,,,,,0.28213833488081375,0.10953996746234634,selected,6.0,1.0,0.10812827742758455,0.049174685901549164,6.0
,,,,,,,,,,,,,,,,,,,,,6.0,0292,stage2_1007_best,6,2.644207051688501,0.6812048240036851,1.89213504053826,0.5208333333333334,0.84375,0.18812508958050211,0.8193225510935741,4.257736777260882,0.8020222294531,0.4265933526901149,0.9059374552097489,6.0,2.031735434849212,0.7852638633532589,1.9327431381808744,0.4,0.7484170284413463,4.987603622591452,0.8944944844500993,0.3664000101608914,,,,,final,0.0,0.0,,,,,,,,,,,,,,,,0.28112513520308197,0.10619005909106005,candidate,6.0,1.0,0.10786624000180174,0.05047981636510437,6.0
0.20366493588683948,4.520947369168222,0.26417127233108434,0.2286182665809771,3.9709101123608677,0.3034425084686664,0.20104929322763584,4.342417981201739,0.3819528654703812,0.2311917811176332,3.9405270083681194,0.46828065882863745,0.2059711687418489,4.024030887445809,0.33876958798836715,0.12753332940405948,1.0808848456321019,0.14464693473387635,0.1281720884549642,1.0737526104192325,0.14428592801030374,6.0,0292,stage2_1007_best,6,2.6442070479738056,0.6812048240696917,1.892135040816262,0.5208333333333334,0.84375,0.1881250897331631,0.8193225508827493,4.257736777071586,0.8020222293997766,0.42659335270450355,0.9059374551334184,6.0,2.0317354332975626,0.7852638641071465,1.9327431342358221,0.4,0.7484170296151718,4.987603626482395,0.8944944849103561,0.36640000945159434,0.14424677193164825,0.23104037797600824,2.3627929949317763,3.9827865436657315,final,0.0,0.0,0.008553233270058297,0.07687655645209325,0.009524846132007948,3.666585007645918,0.19934503242227428,4.407780651094307,0.426324686291493,1.1721287320193272,0.2708740234375,0.03729580022839529,0.23983741406586787,0.34836463215013147,2.270452684651586,0.426324686291493,0.6971732731875101,0.28112513520308197,0.10619005971256477,selected,6.0,1.0,0.1078662395694373,0.050479817676016885,6.0
,,,,,,,,,,,,,,,,,,,,,6.0,0653,stage2_1007_best,6,1.6208718181912698,0.5705839565791421,1.84201496280415,0.6614583333333334,0.8267045454545454,0.26920315263440686,0.6605418601210259,2.8017618072489374,0.5038984452415124,0.690635371564846,0.8653984236827966,6.0,1.9870415114575584,0.864979161558307,1.537440411861669,0.4,0.8647136455077653,5.536320520920955,0.9542305451116991,0.26029346587662927,,,,,base,0.0,0.0,,,,,,,,,,,,,,,,0.23469555461746247,0.14666502653003247,candidate,6.0,1.0,0.17970744591146948,0.07149453738019095,6.0
,,,,,,,,,,,,,,,,,,,,,6.0,0653,stage2_1007_best,6,1.620871817388232,0.5705839573485602,1.842014961962376,0.6614583333333334,0.8267045454545454,0.2692031520365708,0.6605418605616723,2.8017618100668447,0.5038984460626285,0.6906353710298574,0.8653984239817146,6.0,1.9870415114575584,0.864979161558307,1.537440411861669,0.4,0.8647136455077653,5.536320520920955,0.9542305451116991,0.26029346587662927,,,,,base,0.0,0.0,,,,,,,,,,,,,,,,0.2346955553256971,0.14666501594302228,selected,6.0,1.0,0.17970744591146948,0.07149453738019095,6.0
,,,,,,,,,,,,,,,,,,,,,6.0,0653,stage2_1007_best,6,1.23411960551865,0.6299715322923568,1.722381277263183,0.7083333333333334,0.8295454545454546,0.26335624405566666,0.6884219235910873,2.5335249899582037,0.4515464488676218,0.7385016005169572,0.8683218779721668,6.0,1.9748984662001967,0.846760609412927,1.516942702641941,0.6,0.861452967536995,4.9971932026987345,0.8957860958936849,0.3402936337139752,,,,,provisional,0.0,0.0,,,,,,,,,,,,,,,,0.24281087022297013,0.1358053004534986,candidate,6.0,1.0,0.18162605606498453,0.07568801989363975,6.0
,,,,,,,,,,,,,,,,,,,,,6.0,0653,stage2_1007_best,6,1.2341196053656711,0.6299715324452559,1.722381276830188,0.7083333333333334,0.8295454545454546,0.26335624341573527,0.6884219238909035,2.533524990252918,0.4515464490926906,0.7385016002913138,0.8683218782921324,6.0,1.9748984662001967,0.846760609412927,1.516942702641941,0.6,0.861452967536995,4.9971932026987345,0.8957860958936849,0.3402936337139752,,,,,provisional,0.0,0.0,,,,,,,,,,,,,,,,0.24281086752804953,0.13580530291157974,selected,6.0,1.0,0.18162605606498453,0.07568801989363975,6.0
,,,,,,,,,,,,,,,,,,,,,6.0,0653,stage2_1007_best,6,1.2144717106796488,0.6366530912153148,1.735424648554669,0.6927083333333334,0.8238636363636364,0.26374897389277896,0.6852558865581672,2.5094925158665284,0.4476349417643846,0.7430018235529098,0.8681255130536107,6.0,2.0114319603665662,0.8426839572601902,1.533106348715278,0.6,0.85776740797029,4.99977510787715,0.8960634091640632,0.3382540698530814,,,,,final,0.0,0.0,,,,,,,,,,,,,,,,0.2432975774851909,0.13462410248745893,candidate,6.0,1.0,0.18106741344487332,0.07661365037289326,6.0
0.2605519247650036,4.156890612231651,0.3771462685871536,0.26855777887106824,3.843305327548314,0.4695910042128832,0.23357426141285853,4.287685609384186,0.27679424831983745,0.23872978823492255,3.003166150586635,0.6502823531175895,0.27689937535199033,3.837699930944029,0.4593601743671731,0.045624230905096784,0.27834717602589715,0.11816523160033948,0.04424085944983535,0.2698492661947038,0.11881034210225438,6.0,0653,stage2_1007_best,6,1.2144717117378345,0.6366530910934602,1.7354246499698434,0.6927083333333334,0.8238636363636364,0.2637489741346061,0.6852558861380267,2.5094925150219765,0.4476349418199488,0.7430018237541836,0.868125512932697,6.0,2.0114319778686607,0.8426839577224606,1.5331063522429205,0.6,0.8577674074065123,4.999775119189525,0.8960634103135838,0.3382540675820434,0.18022577464580536,0.2821172224973318,2.6269894030435337,3.6815844803373268,final,0.0,0.0,0.0013001681793650772,0.02056431614493651,0.007160442431765582,3.3930454853050485,0.22306460952702453,4.011758252770697,0.4437830725473985,1.1329631464591898,0.326171875,0.03759975507334976,0.22888418809599564,0.3743828718699785,2.3710058707064503,0.44378307254739846,0.6776445121551737,0.24329757902216248,0.134624096393418,selected,6.0,1.0,0.18106740975356184,0.07661365068202432,6.0
,,,,,,,,,,,,,,,,,,,,,6.0,0273,stage2_1007_latest,6,1.4265271499752354,0.5840499413370099,1.7522593964791748,0.6302083333333334,0.8210227272727273,0.24607697473103937,0.67022887727543,3.1942303945823363,0.5690218113980636,0.6298119483274505,0.8769615126344803,6.0,1.666116426481426,0.9203477240177891,1.3167978343998312,0.3333333333333333,0.9016314423874597,5.737272061705666,0.9750057809876217,0.24594873072841775,,,,,base,0.0,0.0,,,,,,,,,,,,,,,,0.23273478647293902,0.1474562780244867,candidate,6.0,1.0,0.09635861278081251,0.028763013914654266,6.0
,,,,,,,,,,,,,,,,,,,,,6.0,0273,stage2_1007_latest,6,1.426527151881368,0.5840499406344658,1.7522593974046103,0.6302083333333334,0.8210227272727273,0.24607697460107605,0.6702288771902299,3.1942303953057825,0.5690218116974621,0.6298119482663619,0.876961512699462,6.0,1.666116426481426,0.9203477240177891,1.3167978343998312,0.3333333333333333,0.9016314423874597,5.737272061705666,0.9750057809876217,0.24594873072841775,,,,,base,0.0,0.0,,,,,,,,,,,,,,,,0.232734790580726,0.1474562864976126,selected,6.0,1.0,0.09635861278081251,0.028763013914654266,6.0
,,,,,,,,,,,,,,,,,,,,,6.0,0273,stage2_1007_latest,6,2.0804496780529482,0.49153709870499174,2.703989901733068,0.40625,0.7556818181818182,0.32346601115880563,0.5726612384541291,3.180848126396093,0.6140199028345331,0.5959141990124156,0.8382669944205972,6.0,1.2849072100457595,0.8532503027590971,1.5038723114361607,0.6666666666666666,0.8216177124290999,4.876949153036899,0.8819680864105852,0.3606564530545988,,,,,provisional,0.0,0.0,,,,,,,,,,,,,,,,0.23638569342707472,0.20214916161375723,candidate,6.0,1.0,0.09307945668165679,0.04259051412830795,6.0
,,,,,,,,,,,,,,,,,,,,,6.0,0273,stage2_1007_latest,6,2.0804496769837764,0.4915370993555668,2.703989900847837,0.40625,0.7556818181818182,0.32346601090243066,0.5726612384619119,3.1808481265481494,0.6140199029764286,0.5959141989975334,0.8382669945487847,6.0,1.2849072139464213,0.8532503030744387,1.5038723044186153,0.6666666666666666,0.8216177159861783,4.876949142178316,0.8819680852461709,0.3606564528162666,,,,,provisional,0.0,0.0,,,,,,,,,,,,,,,,0.23638569327348796,0.20214916779728415,selected,6.0,1.0,0.09307945497116604,0.0425905042680131,6.0
,,,,,,,,,,,,,,,,,,,,,6.0,0273,stage2_1007_latest,6,1.964279613583327,0.502967315042168,2.5955922656834467,0.4322916666666667,0.7727272727272727,0.31625308393997353,0.5823499738972399,3.168806206015367,0.610826573940807,0.6024149866524429,0.8418734580300132,6.0,1.3054936427646127,0.8579904921586475,1.4811949088092666,0.6666666666666666,0.8302479371048758,4.879004282800376,0.8824186033301921,0.3630618841384468,,,,,final,0.0,0.0,,,,,,,,,,,,,,,,0.23648055424471556,0.19840581999352735,candidate,6.0,1.0,0.09337072368699746,0.04186846661145181,6.0
0.2691592786561368,3.6358411079135275,0.43700861242809397,0.31028293802173085,3.319679306427739,0.3726180651003213,0.1901536348891942,3.5253622416702344,0.4047238781665078,0.27894530893651864,3.5280758343533556,0.5317259057109602,0.277078352516012,3.468273438527045,0.4322508434316806,0.07920912119938607,0.5695119092679832,0.08860626860820153,0.08187250864832192,0.5877155399389561,0.0888350947057831,6.0,0273,stage2_1007_latest,6,1.9642796139815166,0.5029673148830803,2.5955922660339215,0.4322916666666667,0.7727272727272727,0.31625308402419416,0.5823499739998379,3.16880620738026,0.6108265741376999,0.6024149862065006,0.8418734579879029,6.0,1.3054936427646127,0.8579904921586475,1.4811949088092666,0.6666666666666666,0.8302479371048758,4.879004282800376,0.8824186033301921,0.3630618841384468,0.10186227411031723,0.30926457455583056,2.6993327427949194,3.148633446143821,final,0.0,0.0,0.0037588509843047182,0.05305233109057397,0.004642051821500592,3.06722790698517,0.23320025286838622,3.790812078289072,0.4158310648375908,1.1544601314686083,0.299560546875,0.03597887983561237,0.22962990971042377,0.37005058213952197,2.264969672113357,0.4158310648375908,0.7032350081635192,0.23648055839152102,0.1984057655263252,selected,6.0,1.0,0.09337072368699746,0.04186846661145181,6.0
,,,,,,,,,,,,,,,,,,,,,6.0,0274,stage2_1007_latest,6,1.250089261145633,0.6606623994500224,1.6395241493653685,0.671875,0.7954545454545454,0.24057581676548992,0.6839899671440218,3.1044831916497864,0.5474389038072767,0.6474813902203604,0.8797120916172552,6.0,1.7754916454122096,0.8701521422683164,1.5547489728691366,0.3333333333333333,0.8177361585862214,5.450070888159605,0.9462343014234792,0.2904926089402488,,,,,base,0.0,0.0,,,,,,,,,,,,,,,,0.23378813734699627,0.1360054642739571,candidate,6.0,1.0,0.18189819792015802,0.07557775940649157,6.0
,,,,,,,,,,,,,,,,,,,,,6.0,0274,stage2_1007_latest,6,1.2500892606363996,0.6606623995906709,1.6395241493555393,0.671875,0.7954545454545454,0.24057581642746612,0.6839899671334976,3.104483192218806,0.547438904060444,0.6474813900877685,0.8797120917862667,6.0,1.7754916501903817,0.8701521437637322,1.554748971552243,0.3333333333333333,0.817736159243252,5.450070891660817,0.946234301792511,0.2904926097322294,,,,,base,0.0,0.0,,,,,,,,,,,,,,,,0.23378814151458147,0.13600547763738519,selected,6.0,1.0,0.18189819396242982,0.0755777606303387,6.0
,,,,,,,,,,,,,,,,,,,,,6.0,0274,stage2_1007_latest,6,1.2769777723560125,0.658930587997088,1.8757830947884635,0.5572916666666666,0.8636363636363636,0.23406859155341664,0.6531966932014226,3.209331844655818,0.5893574373392358,0.6252510995628254,0.8829657042232917,6.0,1.8069740914220667,0.8429414838351449,1.6493013573193067,0.3333333333333333,0.7851137335109556,4.9560111374194316,0.8929611876756623,0.34611093641111296,,,,,provisional,0.0,0.0,,,,,,,,,,,,,,,,0.23803006435866836,0.14965125847531552,candidate,6.0,1.0,0.17899705908088562,0.08272420493961172,6.0
,,,,,,,,,,,,,,,,,,,,,6.0,0274,stage2_1007_latest,6,1.2769777733239234,0.6589305878608038,1.8757830953834316,0.5572916666666666,0.8636363636363636,0.23406859185274662,0.6531966931258626,3.2093318466896115,0.5893574379000457,0.6252510991856018,0.8829657040736266,6.0,1.8069740914220667,0.8429414838351449,1.6493013573193067,0.3333333333333333,0.7851137335109556,4.9560111374194316,0.8929611876756623,0.34611093641111296,,,,,provisional,0.0,0.0,,,,,,,,,,,,,,,,0.2380300610588857,0.14965122195969266,selected,6.0,1.0,0.17899705908088562,0.08272420493961172,6.0
,,,,,,,,,,,,,,,,,,,,,6.0,0274,stage2_1007_latest,6,1.2653707693152467,0.6640625644680919,1.8723809938201212,0.5572916666666666,0.8551136363636364,0.23339161868707084,0.652843672384754,3.223865654232411,0.5914148467977469,0.624259466311298,0.8833041906564645,6.0,1.7802335231791033,0.844481612009017,1.638469846932232,0.3333333333333333,0.7881045925669611,4.963404248730321,0.8937612734341301,0.3441346337174662,,,,,final,0.0,0.0,,,,,,,,,,,,,,,,0.2378047627367519,0.14888928505628482,candidate,6.0,1.0,0.1789883776175343,0.08224327060676316,6.0
0.2660317580585044,3.5439034151259228,0.3603150559441261,0.37087309360009424,2.8339214782727327,0.3993625799868012,0.11515212873278752,4.1770819269975155,0.4119415117703527,0.27744661556946126,4.315212345602882,0.2841438619756811,0.2530116771313645,3.4355129380880456,0.4211514728960512,0.048652350035356236,0.35357429269270324,0.059939879611879694,0.05075559042583394,0.35484676539506504,0.059630816762465205,6.0,0274,stage2_1007_latest,6,1.2653707689327085,0.6640625648623256,1.872380993769647,0.5572916666666666,0.8551136363636364,0.23339161881034645,0.652843672407558,3.2238656552527267,0.5914148471242241,0.6242594661118989,0.8833041905948267,6.0,1.7802335231791033,0.844481612009017,1.638469846932232,0.3333333333333333,0.7881045925669611,4.963404248730321,0.8937612734341301,0.3441346337174662,0.07009543478488922,0.34574311586450723,2.231794219047814,2.929300179725687,final,0.0,0.0,0.0014361220155361487,0.010033262379762669,0.0023678228719954133,3.682175713717756,0.22351272372924275,4.382754000580421,0.46742695757704966,1.1243755459206515,0.247802734375,0.03680308570999793,0.23044395472728915,0.3646993270129835,2.419376036027567,0.46742695757704966,0.6758769778084818,0.2378047601672826,0.148889294450532,selected,6.0,1.0,0.1789883776175343,0.08224327060676316,6.0
,,,,,,,,,,,,,,,,,,,,,6.0,0275,stage2_1007_latest,6,1.3192193468929285,0.6583968711517616,1.859958894586169,0.5416666666666666,0.8607954545454546,0.23648657015901586,0.6506425294572328,3.3923505655680657,0.617544376328334,0.5873010543542899,0.881756714920492,6.0,1.221786266296829,0.9127321946319494,1.3522372593680267,0.3333333333333333,0.8805429288488599,5.57752438345682,0.958532290671907,0.26940301848806264,,,,,base,0.0,0.0,,,,,,,,,,,,,,,,0.23936133312594854,0.13960173772032738,candidate,6.0,1.0,0.15402928287609724,0.057722327511950826,6.0
,,,,,,,,,,,,,,,,,,,,,6.0,0275,stage2_1007_latest,6,1.319219345031396,0.6583968717194177,1.859958893890687,0.5416666666666666,0.8607954545454546,0.2364865693441391,0.65064252941521,3.3923505674532635,0.6175443766741571,0.5873010541093203,0.8817567153279303,6.0,1.221786266296829,0.9127321946319494,1.3522372593680267,0.3333333333333333,0.8805429288488599,5.57752438345682,0.958532290671907,0.26940301848806264,,,,,base,0.0,0.0,,,,,,,,,,,,,,,,0.23936133312763153,0.13960175056911336,selected,6.0,1.0,0.15402928287609724,0.057722327511950826,6.0
,,,,,,,,,,,,,,,,,,,,,6.0,0275,stage2_1007_latest,6,1.9192344300784292,0.5726748337616009,2.0920900482477927,0.6822916666666666,0.8409090909090909,0.2616567925007552,0.7404635239280624,3.4683881663127494,0.6768925236243327,0.5515833540670178,0.8691716037496224,6.0,1.2687607524562543,0.8527790255580261,1.45839721742137,0.3333333333333333,0.8373423748113944,4.987566390778281,0.8955103446429001,0.3306733889134916,,,,,provisional,0.0,0.0,,,,,,,,,,,,,,,,0.2696540227252474,0.18067038564356003,candidate,6.0,1.0,0.1486172989218509,0.06851443293899415,6.0
,,,,,,,,,,,,,,,,,,,,,6.0,0275,stage2_1007_latest,6,1.9192344295135515,0.5726748338856777,2.0920900470691164,0.6822916666666666,0.8409090909090909,0.2616567921871887,0.740463523967727,3.468388166448932,0.6768925237680639,0.5515833539277106,0.8691716039064056,6.0,1.2687607455165653,0.8527790272092334,1.4583972090663209,0.3333333333333333,0.8373423781952832,4.987566405851073,0.8955103463796585,0.3306733867072393,,,,,provisional,0.0,0.0,,,,,,,,,,,,,,,,0.26965402463659094,0.18067038381139708,selected,6.0,1.0,0.14861730189975297,0.06851440632075781,6.0
,,,,,,,,,,,,,,,,,,,,,6.0,0275,stage2_1007_latest,6,1.8196639322897843,0.5828443060374856,2.1007483138395995,0.6822916666666666,0.8238636363636364,0.26586580953819516,0.7352697175673815,3.4737877677033375,0.6770619957754908,0.5551825590201896,0.8670670952309024,6.0,1.2701639050257802,0.8638164888846082,1.420877367275259,0.3333333333333333,0.8524340514418717,5.01830251607145,0.8991481053174397,0.32400859085611194,,,,,final,0.0,0.0,,,,,,,,,,,,,,,,0.2696418344949572,0.1773125872677435,candidate,6.0,1.0,0.14989668072569287,0.06574405601290499,6.0
0.31438063641833563,4.1307976283555154,0.2123303319849496,0.40522983565347404,2.871946900150312,0.39185565462678834,0.2635820636537362,4.264420774078054,0.30145503614137203,0.3033257732650563,3.7356741938934226,0.40216644028128257,0.3195165393490144,4.022351022518143,0.2688539116615571,0.13633082631332244,0.8892179770451563,0.09153752730438453,0.14393809543712252,0.9135215234668674,0.09253040877747332,6.0,0275,stage2_1007_latest,6,1.8196639308929816,0.5828443063960638,2.1007483130597846,0.6822916666666666,0.8238636363636364,0.26586580922593245,0.7352697175805505,3.4737877670721673,0.6770619957202387,0.555182559267161,0.8670670953870337,6.0,1.27016389693507,0.863816489634057,1.420877364628727,0.3333333333333333,0.8524340521363977,5.018302515038276,0.8991481051978261,0.3240085900716138,0.09439121186733246,0.4154797160173823,2.379780235587059,2.9415856285743085,final,0.0,0.0,0.004173533644808,0.04272478676404526,0.006971903040998359,3.7105830271955274,0.26324598725664144,4.249143283163563,0.5543105290355077,1.0259161968578605,0.27783203125,0.036939165778513916,0.2124811120925476,0.4089501257509252,2.8394682431758342,0.5543105290355077,0.6156591792681225,0.2696418406944772,0.17731259128500443,selected,6.0,1.0,0.14989668081199622,0.06574405531375899,6.0
,,,,,,,,,,,,,,,,,,,,,6.0,0276,stage2_1007_latest,6,1.2045156737546905,0.7081227873468444,1.2554126297406212,0.90625,0.9034090909090909,0.19736684929520373,0.846744155155121,2.650848336326309,0.4514668547196031,0.7359416548359717,0.9013165753523982,6.0,1.4250509344901594,0.9288243788907001,1.294346518132658,0.3333333333333333,0.905685112367569,5.715720323580186,0.9728291716025642,0.2430300411153644,,,,,base,0.0,0.0,,,,,,,,,,,,,,,,0.23613219385456766,0.12329982707426526,candidate,6.0,1.0,0.16349057044067,0.05195620808498542,6.0
,,,,,,,,,,,,,,,,,,,,,6.0,0276,stage2_1007_latest,6,1.204515672642084,0.7081227880063263,1.2554126300600061,0.90625,0.9034090909090909,0.19736684954679867,0.8467441549067312,2.6508483398542793,0.45146685553615756,0.7359416542092312,0.9013165752266006,6.0,1.4250509504877011,0.9288243806419753,1.2943465111332981,0.3333333333333333,0.9056851152843078,5.715720327455121,0.9728291719826203,0.24303004007359985,,,,,base,0.0,0.0,,,,,,,,,,,,,,,,0.23613220082214426,0.12329983767792577,selected,6.0,1.0,0.163490570429135,0.05195620233358095,6.0
,,,,,,,,,,,,,,,,,,,,,6.0,0276,stage2_1007_latest,6,1.2092016041166065,0.6635768949836774,1.2340142878774636,0.921875,0.9232954545454546,0.18691525832957867,0.8556076219466004,2.5029076823972227,0.42428963433004335,0.757136513156674,0.9065423708352107,6.0,1.6224665133622782,0.9031375892293455,1.372485551373638,0.3333333333333333,0.8848962572419646,5.347158073202864,0.9342301517542908,0.28110098713706205,,,,,provisional,0.0,0.0,,,,,,,,,,,,,,,,0.23755004811964,0.12934622581406366,candidate,6.0,1.0,0.15892420569784343,0.05811014567748574,6.0
,,,,,,,,,,,,,,,,,,,,,6.0,0276,stage2_1007_latest,6,1.2092016044948355,0.6635768955005064,1.234014287670668,0.921875,0.9232954545454546,0.18691525864698388,0.8556076222047725,2.502907683518751,0.424289634801126,0.7571365131221555,0.9065423706765081,6.0,1.6224665146420387,0.9031375880303415,1.3724855602163601,0.3333333333333333,0.8848962541613098,5.347158063436635,0.9342301506742156,0.2811009915504372,,,,,provisional,0.0,0.0,,,,,,,,,,,,,,,,0.23755005071522411,0.12934623235971676,selected,6.0,1.0,0.1589242040328507,0.058110135917443545,6.0
,,,,,,,,,,,,,,,,,,,,,6.0,0276,stage2_1007_latest,6,1.2103335047797577,0.6635401523445317,1.231018749985957,0.921875,0.9176136363636364,0.18604180057422862,0.8576550690949645,2.5011261553946618,0.423835004365018,0.758073141532368,0.9069790997128858,6.0,1.6999571893369503,0.8988529867334681,1.391963088853648,0.3333333333333333,0.8790374187217429,5.341454241128074,0.9336369153692033,0.2837603030290581,,,,,final,0.0,0.0,,,,,,,,,,,,,,,,0.23749151601103266,0.1294659943762021,candidate,6.0,1.0,0.15880091485198233,0.05784312845887491,6.0
0.3027009932272807,3.8338309839844453,0.3397702562044061,0.36897525808500503,3.253466287517715,0.32305642365124965,0.23471221958981686,3.535879498317803,0.4914478911942908,0.3105567721123542,3.284771373354205,0.5620186352291664,0.3122227064711573,3.5291118352824435,0.4483006660634214,0.022382928449848422,0.08785422194039412,0.0772231091401056,0.021525419804783123,0.08314985648258154,0.07936113730054843,6.0,0276,stage2_1007_latest,6,1.2103335049155115,0.6635401528069413,1.2310187500978076,0.921875,0.9176136363636364,0.18604180090861513,0.8576550692052859,2.501126157511039,0.42383500512130007,0.7580731412151445,0.9069790995456924,6.0,1.6999571893369503,0.8988529867334681,1.391963088853648,0.3333333333333333,0.8790374187217429,5.341454241128074,0.9336369153692033,0.2837603030290581,0.10851190984249115,0.38943491771625893,2.5913268147634683,3.184754214371606,final,0.0,0.0,0.0013957575963241843,0.007903455223184907,0.005787886463813375,3.6326051198962173,0.256887017196935,4.095803692891243,0.5307064153147437,1.044970269421876,0.3194580078125,0.03644328766753094,0.21388495087751327,0.4082659955410852,2.731302512195551,0.5307064153147437,0.6237084959103683,0.23749151125934884,0.12946599491029262,selected,6.0,1.0,0.15880091485198233,0.05784312845887491,6.0
,,,,,,,,,,,,,,,,,,,,,6.0,0277,stage2_1007_latest,6,1.2549536290080427,0.6626712587124473,1.5058311132776196,0.734375,0.7755681818181818,0.22016108970090123,0.7438457252715721,3.024279310597013,0.530913543037545,0.6535467283288537,0.8899194551495494,6.0,1.5321510259184898,0.910601671451287,1.3961776879214278,0.3333333333333333,0.8683887741563181,5.577410549928864,0.9588732922815026,0.27322745367004825,,,,,base,0.0,0.0,,,,,,,,,,,,,,,,0.23285649219407675,0.13725197666340314,candidate,6.0,1.0,0.19389712868109205,0.07137454375692869,6.0
,,,,,,,,,,,,,,,,,,,,,6.0,0277,stage2_1007_latest,6,1.2549536295394752,0.6626712587869485,1.5058311141810459,0.734375,0.7755681818181818,0.22016108984773738,0.7438457249945499,3.0242793115775704,0.5309135434743176,0.6535467281671242,0.8899194550761312,6.0,1.5321510063888248,0.9106016698870929,1.3961776916432553,0.3333333333333333,0.868388772141587,5.577410541971766,0.9588732914427774,0.27322745383326247,,,,,base,0.0,0.0,,,,,,,,,,,,,,,,0.23285648668082082,0.13725199014024309,selected,6.0,1.0,0.19389713166197822,0.07137454893231586,6.0
,,,,,,,,,,,,,,,,,,,,,6.0,0277,stage2_1007_latest,6,1.4819053491539993,0.5376880397452022,1.626466982169724,0.71875,0.8267045454545454,0.2261760359692705,0.7430286946295502,2.9321540820966345,0.5345721420777256,0.660992345337097,0.8869119820153647,6.0,1.5190843867173802,0.8578071532777606,1.4885832011480253,0.6666666666666666,0.8260681081864322,5.028919577630748,0.8987821780237073,0.3484526620696564,,,,,provisional,0.0,0.0,,,,,,,,,,,,,,,,0.23744910155884336,0.15098748386430955,candidate,6.0,1.0,0.18884630329492608,0.08705539261790271,6.0
,,,,,,,,,,,,,,,,,,,,,6.0,0277,stage2_1007_latest,6,1.481905348431919,0.5376880397394312,1.6264669808083572,0.71875,0.8267045454545454,0.2261760353148591,0.7430286952067262,2.9321540847888685,0.5345721426536998,0.6609923446057979,0.8869119823425705,6.0,1.5190843718719222,0.8578071535865874,1.488583199609365,0.6666666666666666,0.8260681081248773,5.028919582760376,0.89878217877651,0.34845266227679206,,,,,provisional,0.0,0.0,,,,,,,,,,,,,,,,0.23744909902201553,0.1509874893603111,selected,6.0,1.0,0.18884630661596144,0.08705540991734466,6.0
,,,,,,,,,,,,,,,,,,,,,6.0,0277,stage2_1007_latest,6,1.475794313987591,0.5434119609824061,1.6242297546711957,0.71875,0.8238636363636364,0.22478305393457235,0.7428261837941902,2.938346490746447,0.5346449326537317,0.6616698735590973,0.887608473032714,6.0,1.4622264592580714,0.8644457019878296,1.4687286256129426,0.6666666666666666,0.8320654552645412,5.040693526536155,0.9000886368070224,0.3480024063602767,,,,,final,0.0,0.0,,,,,,,,,,,,,,,,0.23686924459715505,0.15105288951314325,candidate,6.0,1.0,0.18936031256935865,0.08590242170321613,6.0
0.28212643763699535,3.8542894101758147,0.37626062773269175,0.3102154355908339,2.6802292118380686,0.49784852672720087,0.21401164389229715,3.6424291761241685,0.34322832263901604,0.31450113344079933,4.246592479976915,0.27573327354279764,0.2809205547328281,3.475875564210598,0.3175141910589601,0.033920472997982884,0.2249234959114673,0.08013026978276071,0.036670999423971035,0.22920312726640546,0.0799801172724305,6.0,0277,stage2_1007_latest,6,1.4757943165540957,0.5434119605078099,1.6242297550227867,0.71875,0.8238636363636364,0.22478305353644654,0.7428261839494849,2.9383464921073874,0.5346449329935606,0.6616698731339411,0.8876084732317767,6.0,1.4622264574628527,0.8644457011148279,1.4687286301808333,0.6666666666666666,0.832065453301992,5.040693521968638,0.9000886363289107,0.3480024083530871,0.09356921911239624,0.32395052126947677,2.5803712116779427,2.7422674001649514,final,0.0,0.0,0.0015923499490543742,0.013014835158404176,0.0030267421355812773,3.6747692662771647,0.2585997936466836,4.240093830728843,0.5567322859262188,1.04431813783236,0.3125,0.03863073149630412,0.21102861041374052,0.4047319524109323,2.80183356827326,0.5567322859262188,0.5987850916899706,0.23686924132747703,0.15105286545692653,selected,6.0,1.0,0.18936030958729716,0.08590243423140449,6.0
,,,,,,,,,,,,,,,,,,,,,6.0,0278,stage2_1007_latest,6,1.85056426900465,0.524076846952804,2.1208534190883306,0.484375,0.8181818181818182,0.24250500336278694,0.6584779053302134,3.128012835985358,0.5876931033608105,0.6054096246766991,0.8787474983186065,6.0,1.5625837231247082,0.9145292879661305,1.2815826160879782,1.0,0.914014708305188,5.530763208929147,0.9541443487211686,0.2776921162944211,,,,,base,0.0,0.0,,,,,,,,,,,,,,,,0.2420294221214906,0.1774502882296969,candidate,6.0,1.0,0.2113819223411987,0.0746634816138048,6.0
,,,,,,,,,,,,,,,,,,,,,6.0,0278,stage2_1007_latest,6,1.850564269182609,0.5240768474539986,2.1208534185760985,0.484375,0.8181818181818182,0.24250500308677117,0.6584779056210422,3.1280128372109175,0.5876931036058091,0.6054096244569296,0.8787474984566145,6.0,1.5625837231247082,0.9145292879661305,1.2815826160879782,1.0,0.914014708305188,5.530763208929147,0.9541443487211686,0.2776921162944211,,,,,base,0.0,0.0,,,,,,,,,,,,,,,,0.24202942054518534,0.17745029444062071,selected,6.0,1.0,0.2113819223411987,0.0746634816138048,6.0
,,,,,,,,,,,,,,,,,,,,,6.0,0278,stage2_1007_latest,6,1.930840440045499,0.5105647005032031,1.7372997387563152,0.7864583333333334,0.84375,0.23929558152905556,0.7369433003845629,2.5656531957756243,0.46568003187054174,0.7199701438825031,0.8803522092354722,6.0,1.2226029957292242,0.7560455660900629,1.4934808584900134,0.6666666666666666,0.7869367949837868,4.255133299919614,0.8047264027238394,0.4571171394076779,,,,,provisional,0.0,0.0,,,,,,,,,,,,,,,,0.23528838390675944,0.17086542725750273,candidate,6.0,1.0,0.19256093753388803,0.1419013561770619,6.0
,,,,,,,,,,,,,,,,,,,,,6.0,0278,stage2_1007_latest,6,1.930840438748351,0.5105647013485032,1.7372997381560396,0.7864583333333334,0.84375,0.23929558129175055,0.7369433005894304,2.5656531970458247,0.4656800322811808,0.719970143715923,0.8803522093541247,6.0,1.2226029957292242,0.7560455660900629,1.4934808584900134,0.6666666666666666,0.7869367949837868,4.255133299919614,0.8047264027238394,0.4571171394076779,,,,,provisional,0.0,0.0,,,,,,,,,,,,,,,,0.23528838390675944,0.17086543022433773,selected,6.0,1.0,0.19256093753388803,0.1419013561770619,6.0
,,,,,,,,,,,,,,,,,,,,,6.0,0278,stage2_1007_latest,6,1.9043535284896178,0.5105556256090912,1.7000537113988732,0.7864583333333334,0.84375,0.23625403673808384,0.744849336505809,2.52804281967789,0.4569183409846899,0.7285749519664524,0.8818729816309582,6.0,1.2287727572647917,0.7559245918723626,1.482481469764183,0.6666666666666666,0.7921221950247993,4.2564667048817695,0.804875399774554,0.45674067113114475,,,,,final,0.0,0.0,,,,,,,,,,,,,,,,0.2350269839871909,0.1697374273421801,candidate,6.0,1.0,0.19303815187596488,0.14108293324130325,6.0
0.28014614087519496,3.4671357520322705,0.4745296874616478,0.2929361750210941,2.786182485490758,0.5421904534085653,0.13966491942529163,3.8098940732633624,0.4377941485237809,0.31161829558117854,3.865903420437188,0.3959346447503965,0.26277371178286923,3.387246017356728,0.5178089076543522,0.07218667341705816,0.6296061544368076,0.10498613104125677,0.07094583794786047,0.6146434934623923,0.10480725771132156,6.0,0278,stage2_1007_latest,6,1.9043535284005066,0.5105556261727974,1.700053710438885,0.7864583333333334,0.84375,0.23625403676813825,0.7448493368272291,2.528042820215009,0.45691834133683584,0.7285749518298926,0.8818729816159309,6.0,1.2287727572647917,0.7559245918723626,1.482481469764183,0.6666666666666666,0.7921221950247993,4.2564667048817695,0.804875399774554,0.45674067113114475,0.08354976028203964,0.27714885181227034,2.421411335620546,2.84950780443561,final,0.0,0.0,0.0013363560523767138,0.02506673079372077,0.0029905227196333575,3.303726052390197,0.25055491257691076,3.9340600433977264,0.513446049455414,1.062680113622858,0.329833984375,0.0370484363317951,0.21631662019565942,0.3978376210873538,2.6312904399999675,0.513446049455414,0.6391679048089449,0.23502699192622856,0.16973747806263798,selected,6.0,1.0,0.19303815187596488,0.14108293324130325,6.0
,,,,,,,,,,,,,,,,,,,,,6.0,0279,stage2_1007_latest,6,1.3056444050417635,0.5887378899091201,2.0738151088528616,0.609375,0.8607954545454546,0.2707284086161784,0.6466837556269115,2.5617214938373647,0.48482484970897294,0.7203857720486134,0.8646357956919107,6.0,1.9443681076782813,0.9481916652364841,1.2260651244433893,0.3333333333333333,0.9362485707023099,5.771524908720228,0.978239282993689,0.24124007852922671,,,,,base,0.0,0.0,,,,,,,,,,,,,,,,0.2543537471941787,0.16627596646607823,candidate,6.0,1.0,0.1590281756684344,0.031705802498594574,6.0
,,,,,,,,,,,,,,,,,,,,,6.0,0279,stage2_1007_latest,6,1.3056444036565167,0.5887378907067486,2.073815107908553,0.609375,0.8607954545454546,0.27072840848079505,0.6466837559464598,2.5617214947360885,0.4848248500841523,0.7203857720060093,0.8646357957596025,6.0,1.944368106625414,0.9481916645069078,1.2260651241597036,0.3333333333333333,0.9362485707833175,5.771524906278991,0.978239282753802,0.24124007864973418,,,,,base,0.0,0.0,,,,,,,,,,,,,,,,0.25435374719637605,0.1662759679274967,selected,6.0,1.0,0.1590281699812814,0.03170580093774214,6.0
,,,,,,,,,,,,,,,,,,,,,6.0,0279,stage2_1007_latest,6,1.4489193633983604,0.6614711773444645,2.2170117417825157,0.6197916666666666,0.8494318181818182,0.2617243829845436,0.6342227388100735,2.8186032622037227,0.5536312012128072,0.6469686897092669,0.8691378085077281,6.0,1.9143764731217647,0.9080775595472678,1.4196076809986313,0.3333333333333333,0.8715132132910944,5.337615131439371,0.9337951819370551,0.3074176771111871,,,,,provisional,0.0,0.0,,,,,,,,,,,,,,,,0.2594369202702,0.16058370864937804,candidate,6.0,1.0,0.1543998348103269,0.04954889264891333,6.0
,,,,,,,,,,,,,,,,,,,,,6.0,0279,stage2_1007_latest,6,1.4489193619098886,0.6614711773727021,2.217011740724047,0.6197916666666666,0.8494318181818182,0.2617243826753215,0.6342227387291346,2.8186032619466324,0.5536312013600335,0.6469686898760337,0.8691378086623393,6.0,1.9143764756845176,0.9080775579594589,1.4196076912167832,0.3333333333333333,0.8715132096544861,5.337615130399137,0.933795181832205,0.30741767766077405,,,,,provisional,0.0,0.0,,,,,,,,,,,,,,,,0.25943692107109995,0.16058373267099693,selected,6.0,1.0,0.15439982776643585,0.049548914580164666,6.0
,,,,,,,,,,,,,,,,,,,,,6.0,0279,stage2_1007_latest,6,1.4845960002303369,0.6585050060882638,2.2638656031645343,0.5885416666666666,0.8636363636363636,0.2606174539738884,0.6246908419936904,2.8487855520138954,0.5596038373049238,0.638765342076835,0.8696912730130557,6.0,1.9158271754761032,0.9069377535019536,1.4271927699354718,0.3333333333333333,0.8687394063257708,5.343687957321724,0.9344217982056934,0.30476980241214036,,,,,final,0.0,0.0,,,,,,,,,,,,,,,,0.2574965048968541,0.16369615994521053,candidate,6.0,1.0,0.15431648241613125,0.04957291562000351,6.0
0.2650794445145262,4.319037452124157,0.3009006613747815,0.3402205605349023,3.282255268191584,0.3836138699096339,0.24415280841351034,4.010776855680505,0.41084789731782567,0.2573316293529424,3.399799257521898,0.5606899951328183,0.29694495757930733,3.883124687305581,0.4136088225694295,0.07364446389388174,0.35108176705699917,0.05163790479703164,0.07018896952165454,0.3279998362190269,0.051928359355978664,6.0,0279,stage2_1007_latest,6,1.4845960001389646,0.6585050064042479,2.263865602848402,0.5885416666666666,0.8636363636363636,0.2606174532461087,0.6246908422227213,2.848785553008426,0.5596038375550518,0.6387653416850586,0.8696912733769456,6.0,1.9158271754761032,0.9069377535019536,1.4271927699354718,0.3333333333333333,0.8687394063257708,5.343687957321724,0.9344217982056934,0.30476980241214036,0.10845724493265152,0.3502075966747514,2.6718926299022168,3.4451950164314096,final,0.0,0.0,0.002103546637914432,0.038535461105174355,0.004290848953273505,3.6722824213205008,0.22754686113199973,4.227380899388668,0.4838270002733434,1.1149400167813717,0.3052978515625,0.04057064471537252,0.22759519488979776,0.3745605503842359,2.5331972256264272,0.4838270002733434,0.6537495074102291,0.25749650423576675,0.16369615976307728,selected,6.0,1.0,0.15431648241613125,0.04957291562000351,6.0
,,,,,,,,,,,,,,,,,,,,,6.0,0280,stage2_1007_latest,6,2.123786843783288,0.46509859837885564,2.6352266757181573,0.3854166666666667,0.7585227272727273,0.29479585981246503,0.5810271605384469,3.3470312963642894,0.6409284789363623,0.5559594679510377,0.8526020700937675,6.0,1.3585808159669195,0.8762918323290555,1.4521765521046182,0.6666666666666666,0.8403111618939668,5.507797889288046,0.9521555533962148,0.27981641080086206,,,,,base,0.0,0.0,,,,,,,,,,,,,,,,0.23317668338635694,0.2118288381981577,candidate,6.0,1.0,0.18939361649333636,0.08085091149007412,6.0
,,,,,,,,,,,,,,,,,,,,,6.0,0280,stage2_1007_latest,6,2.1237868438468483,0.4650985984478648,2.6352266754689593,0.3854166666666667,0.7585227272727273,0.29479585945595654,0.5810271606909958,3.3470312966505715,0.6409284790648867,0.5559594677635215,0.8526020702720217,6.0,1.3585808114958775,0.8762918337667195,1.452176548278324,0.6666666666666666,0.8403111633039012,5.507797890093911,0.9521555534791797,0.2798164120043937,,,,,base,0.0,0.0,,,,,,,,,,,,,,,,0.23317668488549068,0.2118288075524894,selected,6.0,1.0,0.18939360973073224,0.08085090181373122,6.0
,,,,,,,,,,,,,,,,,,,,,6.0,0280,stage2_1007_latest,6,2.78830575309304,0.3898377849361146,3.072163928211146,0.3541666666666667,0.6619318181818182,0.32718957873827087,0.5441063027508047,3.2638727170474806,0.6342289221854863,0.5471796871460707,0.8364052106308645,6.0,1.0464967102210403,0.800909252934514,1.487319651426658,0.6666666666666666,0.8161159020749241,4.389311830546101,0.8177202608540788,0.40901201140057,,,,,provisional,0.0,0.0,,,,,,,,,,,,,,,,0.2254328246931557,0.242235225573157,candidate,6.0,1.0,0.17886928757182252,0.10557803258183074,6.0
,,,,,,,,,,,,,,,,,,,,,6.0,0280,stage2_1007_latest,6,2.7883057526754635,0.38983778515258743,3.0721639268914203,0.3541666666666667,0.6619318181818182,0.32718957845058577,0.544106302802653,3.263872717174905,0.6342289222873957,0.5471796868806498,0.8364052107747071,6.0,1.0464967102210403,0.800909252934514,1.487319651426658,0.6666666666666666,0.8161159020749241,4.389311830546101,0.8177202608540788,0.40901201140057,,,,,provisional,0.0,0.0,,,,,,,,,,,,,,,,0.22543282085149668,0.24223520239167254,selected,6.0,1.0,0.17886928757182252,0.10557803258183074,6.0
,,,,,,,,,,,,,,,,,,,,,6.0,0280,stage2_1007_latest,6,2.740112703741129,0.39495404619112595,3.0628054986486553,0.3489583333333333,0.6732954545454546,0.3263390138500439,0.5390239807471198,3.2750467875968945,0.6343561249492343,0.5496924176793131,0.8368304930749779,6.0,1.0523772662918978,0.803631053900128,1.4850122878191307,0.6666666666666666,0.8168294138408125,4.392380504011499,0.8179070966640085,0.4101051031507388,,,,,final,0.0,0.0,,,,,,,,,,,,,,,,0.2247957620960003,0.24007678026492907,candidate,6.0,1.0,0.1790067659761498,0.10501487020822385,6.0
0.27185284797149406,3.312003750700663,0.4694625747242349,0.29603075398571416,3.117174441182121,0.42310262661216813,0.18714442044261764,3.3303518128618586,0.4457059231509356,0.290787761136974,3.991111280759279,0.41052462866459377,0.2714674664347467,3.2833292995744663,0.46359310788956726,0.04397740314044763,0.3655112715451434,0.10520845454710888,0.04497634098118785,0.37719312080008166,0.10567889511436457,6.0,0280,stage2_1007_latest,6,2.740112703948361,0.39495404628133174,3.0628054985666253,0.3489583333333333,0.6732954545454546,0.3263390140345779,0.539023980698164,3.275046787927732,0.634356125107676,0.5496924173953516,0.8368304929827111,6.0,1.0523772560878026,0.8036310534925825,1.485012295164577,0.6666666666666666,0.81682941126495,4.392380516547572,0.817907098141234,0.41010509944081464,0.08171530067920685,0.30248149060339574,2.5554255661536804,2.7336780366004114,final,0.0,0.0,0.001029225935211277,0.029940357739177314,0.0019602356669196045,3.2540711759860197,0.24240552095302098,3.9034822447059057,0.4779503488358604,1.099336380326256,0.3026123046875,0.03628459350715525,0.22058165289131848,0.3871148677352353,2.475019778735007,0.4779503488358604,0.654387082387689,0.2247957537931886,0.24007682844972478,selected,6.0,1.0,0.1790067583754574,0.10501485899912465,6.0
,,,,,,,,,,,,,,,,,,,,,6.0,0281,stage2_1007_latest,6,2.1461462545651453,0.5648182497987209,2.407787872509184,0.4322916666666667,0.7585227272727273,0.2538661360106506,0.681273471424955,3.702842390003989,0.7120930365243939,0.4963963610028331,0.8730669319946746,6.0,1.7760871006243133,0.8997370827102787,1.431085811952462,0.3333333333333333,0.8626667199750653,5.631288864335576,0.9646023708804992,0.2636485655638033,,,,,base,0.0,0.0,,,,,,,,,,,,,,,,0.2525958911004209,0.1813751911000574,candidate,6.0,1.0,0.2533245459858202,0.07106819247200043,6.0
,,,,,,,,,,,,,,,,,,,,,6.0,0281,stage2_1007_latest,6,2.14614625356007,0.5648182501102457,2.4077878701795097,0.4322916666666667,0.7585227272727273,0.25386613562703364,0.6812734720310863,3.7028423914322155,0.7120930367420728,0.4963963607091035,0.8730669321864831,6.0,1.776087098920097,0.8997370826664688,1.4310858148685988,0.3333333333333333,0.8626667189308778,5.6312888588208905,0.9646023703324773,0.2636485670359306,,,,,base,0.0,0.0,,,,,,,,,,,,,,,,0.25259589895876666,0.18137519350941883,selected,6.0,1.0,0.25332454277683336,0.07106821104903993,6.0
,,,,,,,,,,,,,,,,,,,,,6.0,0281,stage2_1007_latest,6,2.229694497316137,0.48520270379572794,2.4709883885503285,0.4270833333333333,0.7585227272727273,0.2604699496758691,0.6529515300387607,3.52590708403725,0.6791052866151835,0.5130253642116882,0.8697650251620654,6.0,1.1772587033063553,0.7717879983599971,1.6959346144168796,0.6666666666666666,0.7221291638319238,4.422172457000896,0.8216990889087944,0.42042650573760737,,,,,provisional,0.0,0.0,,,,,,,,,,,,,,,,0.23888672464106264,0.21061820476483284,candidate,6.0,1.0,0.24475392688941414,0.1118140130764793,6.0
,,,,,,,,,,,,,,,,,,,,,6.0,0281,stage2_1007_latest,6,2.229694497482451,0.48520270394184556,2.470988387888271,0.4270833333333333,0.7585227272727273,0.26046994948519725,0.6529515300267759,3.525907083284405,0.6791052865548198,0.5130253643381998,0.8697650252574014,6.0,1.1772587033063553,0.7717879983599971,1.6959346144168796,0.6666666666666666,0.7221291638319238,4.422172457000896,0.8216990889087944,0.42042650573760737,,,,,provisional,0.0,0.0,,,,,,,,,,,,,,,,0.23888672374186087,0.210618160131848,selected,6.0,1.0,0.24475392688941414,0.1118140130764793,6.0
,,,,,,,,,,,,,,,,,,,,,6.0,0281,stage2_1007_latest,6,2.1760008441582595,0.4878693580873532,2.4545477260503517,0.421875,0.7727272727272727,0.2589768646821385,0.6503580693229406,3.5031642636884412,0.6744972927207353,0.518466309777711,0.8705115676589308,6.0,1.1792647953388327,0.7735079192797026,1.6966798338377138,0.6666666666666666,0.7215410684786278,4.421938632983217,0.8221173433805101,0.42108514702605887,,,,,final,0.0,0.0,,,,,,,,,,,,,,,,0.23853153392252,0.20940526470413862,candidate,6.0,1.0,0.2446312368381013,0.11176822311131646,6.0
0.27988857467182565,3.8059549220412134,0.31320254404217124,0.3147497625226857,3.0879456363503874,0.3798366849619935,0.1837438056740875,3.6702237776030078,0.37261921076879984,0.32299809614031727,3.705020008900476,0.4617482224137179,0.26278230685496085,3.433018639762392,0.452772898457527,0.07670846998106169,0.40013482139362605,0.13036569474617038,0.07570866323604371,0.38893532158926253,0.1304641997185327,6.0,0281,stage2_1007_latest,6,2.176000846794213,0.4878693576827389,2.4545477266934768,0.421875,0.7727272727272727,0.25897686434166134,0.6503580694056809,3.5031642635416436,0.674497292738528,0.5184663097500688,0.8705115678291694,6.0,1.1792647953388327,0.7735079192797026,1.6966798338377138,0.6666666666666666,0.7215410684786278,4.421938632983217,0.8221173433805101,0.42108514702605887,0.07272893190383911,0.29709559813467973,2.6823703607862974,2.9996897201942736,final,0.0,0.0,0.0007171298131603477,0.021689146597870485,0.002389682842096934,3.3455899167341308,0.2607478519217661,4.021412350705326,0.4749516482199982,1.0980227426466274,0.30029296875,0.03460690523258126,0.22202405206536355,0.38194827140545207,2.486460581842706,0.4749516482199982,0.6747629540381253,0.2385315307539692,0.20940525217210934,selected,6.0,1.0,0.2446312368381013,0.11176822311131646,6.0
,,,,,,,,,,,,,,,,,,,,,6.0,0282,stage2_1007_latest,6,1.2441148366446575,0.5887851243080607,2.023295448832294,0.5104166666666666,0.9176136363636364,0.19865654143081668,0.632100158970359,2.8835849722041953,0.5469821065605955,0.6738560300463504,0.9006717292845917,6.0,1.7325459982581883,0.9399972112455068,1.2623167932842865,0.3333333333333333,0.9224519623446751,5.841527718753135,0.9850252404347801,0.23692860800130489,,,,,base,0.0,0.0,,,,,,,,,,,,,,,,0.24256323462570561,0.15612498102713798,candidate,6.0,1.0,0.21456991932289668,0.05596236862435985,6.0
,,,,,,,,,,,,,,,,,,,,,6.0,0282,stage2_1007_latest,6,1.2441148363709,0.5887851247426265,2.0232954490212807,0.5104166666666666,0.9176136363636364,0.19865654117436451,0.6321001590139649,2.8835849729875633,0.5469821069967431,0.673856030014708,0.9006717294128177,6.0,1.7325459758667237,0.939997213984957,1.2623167817441294,0.3333333333333333,0.9224519660547026,5.841527726717476,0.9850252411931274,0.23692860574192767,,,,,base,0.0,0.0,,,,,,,,,,,,,,,,0.24256323211527506,0.15612497417741839,selected,6.0,1.0,0.21456992523057697,0.05596234251821942,6.0
,,,,,,,,,,,,,,,,,,,,,6.0,0282,stage2_1007_latest,6,1.383014505317051,0.5156551138503341,2.185630695274443,0.53125,0.9090909090909091,0.20380134303765002,0.6031988608673986,2.764568960850628,0.5293342976293398,0.6918039243364854,0.8980993284811749,6.0,1.5565396342018678,0.9582605700225028,1.1854270907697622,0.6666666666666666,0.9471960633495836,5.754325867043792,0.9764927135756131,0.24582945444966872,,,,,provisional,0.0,0.0,,,,,,,,,,,,,,,,0.23832221387429794,0.18708958275842727,candidate,6.0,1.0,0.21477607476618965,0.04445900618939559,6.0
,,,,,,,,,,,,,,,,,,,,,6.0,0282,stage2_1007_latest,6,1.3830145042262345,0.5156551142555783,2.1856306941504373,0.53125,0.9090909090909091,0.20380134270476596,0.603198861077124,2.7645689622863103,0.529334297983161,0.6918039239994599,0.8980993286476171,6.0,1.5565396399137996,0.958260570846764,1.185427086799436,0.6666666666666666,0.9471960647017582,5.754325868177001,0.9764927136847233,0.24582945344573695,,,,,provisional,0.0,0.0,,,,,,,,,,,,,,,,0.2383222122563756,0.1870895881949655,selected,6.0,1.0,0.21477606885933614,0.044459015203055854,6.0
,,,,,,,,,,,,,,,,,,,,,6.0,0282,stage2_1007_latest,6,1.3855732149048225,0.5069752034092916,2.178495954956164,0.5260416666666666,0.90625,0.2025857105309612,0.6036984718000737,2.755466667399762,0.526698743658583,0.6949997596735896,0.8987071447345194,6.0,1.4961669919406717,0.9591962301874414,1.1815916811841676,0.6666666666666666,0.9479214210169391,5.7373774533492705,0.974849660756816,0.2506448230627151,,,,,final,0.0,0.0,,,,,,,,,,,,,,,,0.2381166775401414,0.1880024453532031,candidate,6.0,1.0,0.21486099062598146,0.04350004119120225,6.0
0.2951083529710665,4.110459977090726,0.2805993024700579,0.38556826907488373,2.9389297626025495,0.36794800967178165,0.2153719021533196,3.999680674062338,0.4052923902570249,0.3146588164841637,3.8246215910116543,0.36679035034265595,0.31112617470636095,3.6074190377066,0.33936914957664893,0.02655088553026616,0.15634517130594125,0.0506207017770078,0.02613935629137971,0.15116557311270531,0.04892354484471709,6.0,0282,stage2_1007_latest,6,1.3855732145011737,0.5069752034321451,2.1784959548416727,0.5260416666666666,0.90625,0.20258570988476157,0.6036984718171172,2.75546666776026,0.5266987438810926,0.6949997596021068,0.8987071450576193,6.0,1.4961669919406717,0.9591962301874414,1.1815916811841676,0.6666666666666666,0.9479214210169391,5.7373774533492705,0.974849660756816,0.2506448230627151,0.11693642288446426,0.36730667675048356,2.4252536695850915,2.905620709246132,final,0.0,0.0,0.002453763397723628,0.022793862088631333,0.0051953129830277596,3.593468956253059,0.2711504076550229,4.154449364255995,0.5534408326771827,1.0442561039036036,0.3262939453125,0.04073362556588594,0.2095517359119028,0.4048104033043639,2.77152592349618,0.5534408326771827,0.6108347709424166,0.23811667327814645,0.1880024302826103,selected,6.0,1.0,0.21486099062598146,0.04350004119120225,6.0
,,,,,,,,,,,,,,,,,,,,,6.0,0283,stage2_1007_latest,6,1.4542865159097187,0.6037303516984356,1.4521413523040174,0.78125,0.8295454545454546,0.24285950920585672,0.7592054470270001,2.70018306234927,0.4652646508505389,0.7126391079247166,0.8785702453970717,6.0,1.9557688980147685,0.8822683403003363,1.4723891861969116,0.6,0.8762329333029291,5.39922127690786,0.9399280796029992,0.30026862225095396,,,,,base,0.0,0.0,,,,,,,,,,,,,,,,0.23268037600368455,0.14121218111182174,candidate,6.0,1.0,0.21434010153617097,0.08522740156832904,6.0
,,,,,,,,,,,,,,,,,,,,,6.0,0283,stage2_1007_latest,6,1.4542865187108371,0.6037303509420828,1.4521413536664962,0.78125,0.8295454545454546,0.242859509541914,0.7592054465371252,2.700183062130795,0.4652646511418945,0.7126391079608992,0.8785702452290429,6.0,1.9557689157776434,0.8822683404887723,1.4723891866692391,0.6,0.876232933256761,5.3992212720143,0.9399280790681618,0.3002686230152767,,,,,base,0.0,0.0,,,,,,,,,,,,,,,,0.23268037877577163,0.14121216493772593,selected,6.0,1.0,0.21434010408037463,0.08522740343063102,6.0
,,,,,,,,,,,,,,,,,,,,,6.0,0283,stage2_1007_latest,6,1.7321376983235106,0.5224672492401385,1.5945999047056811,0.75,0.7869318181818182,0.2631139480642577,0.7261131242307716,2.4904376241082007,0.43378971474480416,0.736747298975157,0.8684430259678713,6.0,2.3262980907289146,0.851278338292413,1.466612789284623,0.8,0.8808186792803421,4.844833207740519,0.8762205695012485,0.3805714361250794,,,,,provisional,0.0,0.0,,,,,,,,,,,,,,,,0.23309486076082683,0.1562205459264583,candidate,6.0,1.0,0.21169960302892624,0.09513357691947598,6.0
,,,,,,,,,,,,,,,,,,,,,6.0,0283,stage2_1007_latest,6,1.7321376991106765,0.5224672492234342,1.594599904575494,0.75,0.7869318181818182,0.26311394758083345,0.7261131244254067,2.4904376252979463,0.4337897152047342,0.7367472988562266,0.8684430262095834,6.0,2.326298083983537,0.8512783361394713,1.4666127990891036,0.8,0.8808186759923451,4.84483320446428,0.876220569171672,0.3805714382355393,,,,,provisional,0.0,0.0,,,,,,,,,,,,,,,,0.2330948659662784,0.15622055479994876,selected,6.0,1.0,0.21169960860549675,0.0951335867089502,6.0
,,,,,,,,,,,,,,,,,,,,,6.0,0283,stage2_1007_latest,6,1.723293038447067,0.5242280470694684,1.574320277305786,0.765625,0.8096590909090909,0.26012303422673894,0.7311401666441707,2.494309264630827,0.43359758031020085,0.7370373875117787,0.8699384828866304,6.0,2.368925203745891,0.848717694963516,1.4714350415899027,0.8,0.8804394318459756,4.834847112042846,0.8749729802528976,0.38409454921039615,,,,,final,0.0,0.0,,,,,,,,,,,,,,,,0.2327668908387215,0.1561535139092304,candidate,6.0,1.0,0.21167287027775314,0.09487054278195388,6.0
0.21471613532308614,4.067919370223112,0.40258994767329476,0.24164808059215317,2.895667775963962,0.5266817042033772,0.1342277082892361,4.730527721625952,0.2786575576687802,0.25323891270107046,3.9549542666995823,0.46866433452043815,0.1919485673297727,3.22313989076936,0.5852521573051656,0.02056954840050546,0.09126876178370265,0.10837613596271974,0.021232562511984344,0.09792785588589827,0.10887064993649158,6.0,0283,stage2_1007_latest,6,1.7232930380018463,0.5242280471215423,1.5743202760547859,0.765625,0.8096590909090909,0.26012303415087074,0.7311401670597149,2.494309266046456,0.43359758072659216,0.7370373872307753,0.8699384829245645,6.0,2.3689251966674303,0.8487176930325223,1.4714350528486397,0.8,0.8804394280277539,4.834847108989623,0.8749729799438996,0.38409455086448757,0.16666662693023682,0.2055822186242569,2.285743950303816,3.0766506587073073,final,0.0,0.0,0.0011073265949483142,0.017281720866563165,0.007879035533280164,3.6376612953241754,0.20467476452949052,4.265959578747449,0.45275466386632485,1.1412828806508528,0.289306640625,0.03684065829965338,0.23451480127319216,0.36274625995968257,2.3868306256074567,0.45275466386632485,0.6751386833688922,0.23276688699517528,0.15615352138985145,selected,6.0,1.0,0.21167287027775314,0.09487053373414157,6.0
,,,,,,,,,,,,,,,,,,,,,6.0,0284,stage2_1007_latest,6,1.4754578744309528,0.6062859991215336,1.8050001473705115,0.59375,0.7897727272727273,0.2409918465349836,0.6537284312191693,3.1816528952753855,0.5654538609891766,0.6343160176966494,0.8795040767325083,6.0,2.8409572825532767,0.8132101184768163,1.859317126485046,0.4,0.8000064851243159,5.436744768701096,0.9441919800334577,0.30309433170519584,,,,,base,0.0,0.0,,,,,,,,,,,,,,,,0.22880979019949332,0.15668786337220178,candidate,6.0,1.0,0.21676592912407805,0.09062301361393413,6.0
,,,,,,,,,,,,,,,,,,,,,6.0,0284,stage2_1007_latest,6,1.475457874769932,0.6062859992934873,1.8050001477899598,0.59375,0.7897727272727273,0.24099184669912982,0.6537284311771775,3.1816528953634347,0.56545386121865,0.6343160176956871,0.8795040766504351,6.0,2.8409572786255683,0.8132101189857336,1.859317123245192,0.4,0.8000064857606359,5.436744769869262,0.9441919801597861,0.3030943314344267,,,,,base,0.0,0.0,,,,,,,,,,,,,,,,0.22880979347237398,0.15668785572305402,selected,6.0,1.0,0.2167659295441675,0.0906230338045952,6.0
,,,,,,,,,,,,,,,,,,,,,6.0,0284,stage2_1007_latest,6,1.7471671659629038,0.601322832835207,2.03216726936794,0.5677083333333334,0.8494318181818182,0.25408257673118695,0.6614038803532081,3.494357725458464,0.6434655290023329,0.5919787014002169,0.8729587116344064,6.0,2.3227611162334747,0.7799301506717653,1.9558027746252136,0.4,0.7566542149436774,4.99553534040419,0.8950249631015847,0.34728637543272034,,,,,provisional,0.0,0.0,,,,,,,,,,,,,,,,0.24250207877453298,0.15688979721471077,candidate,6.0,1.0,0.2149908531894545,0.09158503144921987,6.0
,,,,,,,,,,,,,,,,,,,,,6.0,0284,stage2_1007_latest,6,1.7471671654564591,0.6013228331881353,2.0321672691629016,0.5677083333333334,0.8494318181818182,0.2540825765810014,0.6614038805006569,3.494357727012631,0.6434655293216012,0.5919787010438036,0.8729587117094991,6.0,2.3227611222152924,0.7799301443749215,1.9558028033061583,0.4,0.7566542083872452,4.995535318549054,0.8950249603554393,0.3472863788773874,,,,,provisional,0.0,0.0,,,,,,,,,,,,,,,,0.24250208393039863,0.15688979548292625,selected,6.0,1.0,0.2149908544791848,0.09158502709584143,6.0
,,,,,,,,,,,,,,,,,,,,,6.0,0284,stage2_1007_latest,6,1.7457289620687775,0.5998097421529387,2.0345959023001443,0.5677083333333334,0.8494318181818182,0.25622928226556013,0.6606607209210501,3.491391165747615,0.6431854692465228,0.5910209456348502,0.87188535886722,6.0,2.280424836370825,0.7817580935903662,1.9539042547896217,0.4,0.7550463681373909,4.9670960340543875,0.8917661995447498,0.35190788659513167,,,,,final,0.0,0.0,,,,,,,,,,,,,,,,0.24242807120267063,0.1570314981435688,candidate,6.0,1.0,0.21550131682266924,0.09183024876617316,6.0
0.22289395716986563,4.705552903911884,0.2531402545694314,0.2066591343389001,4.323641982162996,0.26739902568781426,0.14039918334120263,4.980711757947084,0.2246633330213581,0.250203922319307,4.408315959027085,0.3619173214445217,0.20367049433357923,4.279714101275661,0.3429975192135525,0.0666915962599047,0.3129639997452314,0.11254966381423996,0.06571349942548989,0.3107466631480447,0.10906112355094437,6.0,0284,stage2_1007_latest,6,1.7457289626674013,0.599809741989731,2.0345959020525903,0.5677083333333334,0.8494318181818182,0.25622928254769844,0.6606607209548422,3.49139116553374,0.6431854693022364,0.5910209456593304,0.8718853587261509,6.0,2.2804248346999865,0.7817580930127555,1.9539042567146194,0.4,0.7550463670943255,4.967096030299185,0.8917661991587931,0.35190788712864296,0.1599266231060028,0.19255069623320495,2.742383229255781,4.392286198249406,final,0.0,0.0,0.0017796276043087497,0.015009639275745959,0.010382640305474096,3.9391367337075898,0.20269080006349935,4.59043303934337,0.475290960272241,1.1337456955310103,0.275634765625,0.03740080269132879,0.233779497098084,0.3599630647646475,2.4480078506931156,0.475290960272241,0.6586122044351808,0.24242807276489695,0.15703148513109808,selected,6.0,1.0,0.21550131685136953,0.09183024605761335,6.0
,,,,,,,,,,,,,,,,,,,,,6.0,0285,stage2_1007_latest,6,1.3396344972708278,0.6005924300636726,1.8160882848798043,0.5833333333333334,0.8238636363636364,0.24776916589347,0.6388147650092972,3.210652657451952,0.5723135059890709,0.6328664382217823,0.8761154170532651,6.0,2.311022297073437,0.8359873930298677,1.6500349725098096,0.4,0.8345601004542681,5.400632631843658,0.9403336182172242,0.29321365672135463,,,,,base,0.0,0.0,,,,,,,,,,,,,,,,0.22994692853814092,0.15286480561041163,candidate,6.0,1.0,0.16697877086932164,0.0673311369530058,6.0
,,,,,,,,,,,,,,,,,,,,,6.0,0285,stage2_1007_latest,6,1.3396344978618124,0.6005924301471793,1.8160882853776634,0.5833333333333334,0.8238636363636364,0.2477691657505421,0.6388147649643838,3.210652659103437,0.5723135064420064,0.6328664379918616,0.8761154171247288,6.0,2.3110222775766975,0.8359873947461776,1.6500349674420351,0.4,0.8345601012784574,5.400632631526923,0.9403336182344754,0.2932136585553151,,,,,base,0.0,0.0,,,,,,,,,,,,,,,,0.22994693251405546,0.15286481191139886,selected,6.0,1.0,0.16697877356289142,0.06733115549831474,6.0
,,,,,,,,,,,,,,,,,,,,,6.0,0285,stage2_1007_latest,6,1.7014445730473153,0.5134100889093777,2.23025625556365,0.5208333333333334,0.8039772727272727,0.2783043980894567,0.586537482252952,3.366427713949895,0.6219540802352161,0.5935113961303268,0.8608478009552717,6.0,1.8865981316387315,0.8416381158998488,1.5454741092022506,0.6,0.8561229858677267,4.952898142163711,0.8913139671002906,0.3472867196119913,,,,,provisional,0.0,0.0,,,,,,,,,,,,,,,,0.22618655993789735,0.19566280643156836,candidate,6.0,1.0,0.16404041226770522,0.07322784732341017,6.0
,,,,,,,,,,,,,,,,,,,,,6.0,0285,stage2_1007_latest,6,1.7014445733008616,0.5134100891391484,2.2302562560177677,0.5208333333333334,0.8039772727272727,0.2783043981553322,0.5865374823492446,3.36642771458188,0.6219540804002313,0.5935113960314334,0.8608478009223339,6.0,1.8865981316387315,0.8416381158998488,1.5454741092022506,0.6,0.8561229858677267,4.952898142163711,0.8913139671002906,0.3472867196119913,,,,,provisional,0.0,0.0,,,,,,,,,,,,,,,,0.22618656258629452,0.1956627980668765,selected,6.0,1.0,0.16404041226770522,0.07322784732341017,6.0
,,,,,,,,,,,,,,,,,,,,,6.0,0285,stage2_1007_latest,6,1.684314007654687,0.5146132385967754,2.2243000197249625,0.5208333333333334,0.8153409090909091,0.27736942625938765,0.5861689973797977,3.3413486019886345,0.6175702374333862,0.5977635241774408,0.8613152868703061,6.0,1.8211289776043402,0.8380603494917997,1.561136115330884,0.6,0.8492908259108001,4.925387355415444,0.8882703457598881,0.35208177422738585,,,,,final,0.0,0.0,,,,,,,,,,,,,,,,0.22613737198864553,0.1947294869258494,candidate,6.0,1.0,0.163938652896579,0.07411008010325634,6.0
0.27889071208317756,3.644499724900816,0.3950149581505643,0.2375611979724344,3.839587453362599,0.3417452338900494,0.19984372894410157,4.20175042875953,0.295414896129805,0.31370882301435726,2.754773124807737,0.669391820784565,0.2654044425033245,3.78635666537246,0.41557048486905385,0.04567812585873255,0.25090234047150217,0.11066755186480114,0.04698114594189218,0.25452003916981353,0.10845584871489429,6.0,0285,stage2_1007_latest,6,1.684314008108864,0.514613238696329,2.2243000201936733,0.5208333333333334,0.8153409090909091,0.277369426389578,0.5861689973351782,3.3413486030368635,0.6175702376975477,0.5977635239570491,0.8613152868052109,6.0,1.8211289776043402,0.8380603494917997,1.561136115330884,0.6,0.8492908259108001,4.925387355415444,0.8882703457598881,0.35208177422738585,0.15645086765289307,0.2422904921281167,2.7967283488392227,3.688713697773746,final,0.0,0.0,0.0010437812536091718,0.015921380360528065,0.006812468369847964,2.7491631318111893,0.24803750479007566,3.414536914173815,0.4052723438554399,1.1403622564856741,0.35107421875,0.037101614135884586,0.22501801361706267,0.385702241892714,2.284026750594969,0.4052723438554399,0.7086444970864328,0.22613736682813054,0.19472950540353892,selected,6.0,1.0,0.163938652896579,0.07411008010325634,6.0
,,,,,,,,,,,,,,,,,,,,,6.0,0286,stage2_1007_latest,6,1.3647246123371781,0.61450110303645,1.5168761772713926,0.734375,0.8210227272727273,0.23840135152964817,0.7459685002829892,2.8989235175848194,0.505031362564877,0.6850514713270943,0.8807993242351759,6.0,2.0611459004014563,0.8805199100020663,1.468215973994489,0.6,0.8812213193120277,5.328485036097429,0.9327297820452722,0.2969717080101819,,,,,base,0.0,0.0,,,,,,,,,,,,,,,,0.22886448709263152,0.14066724149273774,candidate,6.0,1.0,0.14295675679558703,0.04589787996379117,6.0
,,,,,,,,,,,,,,,,,,,,,6.0,0286,stage2_1007_latest,6,1.3647246129909159,0.6145011035072997,1.5168761769275052,0.734375,0.8210227272727273,0.23840135091912426,0.7459685006514974,2.898923521022693,0.5050313634719638,0.6850514706527829,0.8807993245404379,6.0,2.061145903760043,0.8805199104040682,1.4682159749468444,0.6,0.8812213190715659,5.32848503667982,0.9327297821191455,0.29697170834348346,,,,,base,0.0,0.0,,,,,,,,,,,,,,,,0.22886448136431975,0.1406672261110875,selected,6.0,1.0,0.14295676088525308,0.04589787559352447,6.0
,,,,,,,,,,,,,,,,,,,,,6.0,0286,stage2_1007_latest,6,1.5008636849365222,0.5888059973956291,1.4075710633289276,0.84375,0.8323863636363636,0.21758025807485956,0.8120988834465869,2.901142398248608,0.5061983231243942,0.6841383654038126,0.8912098709625702,6.0,1.8458811469585352,0.8493441020963783,1.5993563350678595,0.4,0.8389146292570206,5.031717107407263,0.9005749658018413,0.32482751510448415,,,,,provisional,0.0,0.0,,,,,,,,,,,,,,,,0.22927997830948865,0.14223393998852163,candidate,6.0,1.0,0.14107437930589745,0.04879308948168323,6.0
,,,,,,,,,,,,,,,,,,,,,6.0,0286,stage2_1007_latest,6,1.5008636846540067,0.5888059978021196,1.4075710627958027,0.84375,0.8323863636363636,0.217580258269016,0.8120988836506788,2.901142398236672,0.506198323364238,0.6841383653646047,0.8912098708654921,6.0,1.8458811489739047,0.8493441020546492,1.5993563352609435,0.4,0.8389146293232054,5.031717107418757,0.9005749657935561,0.32482751492453615,,,,,provisional,0.0,0.0,,,,,,,,,,,,,,,,0.22927997735620764,0.14223392632405946,selected,6.0,1.0,0.14107438175328052,0.048793072935726794,6.0
,,,,,,,,,,,,,,,,,,,,,6.0,0286,stage2_1007_latest,6,1.5319925998017632,0.5834754061390225,1.4401973155476824,0.8385416666666666,0.8267045454545454,0.2217250910866724,0.8006476185509359,2.94446036231659,0.5143033056927001,0.6757337223217489,0.8891374544566638,6.0,1.918399931250909,0.8355420196325897,1.6530559503935973,0.4,0.8258439259767247,5.012630880485516,0.8982148417525311,0.3285201971004169,,,,,final,0.0,0.0,,,,,,,,,,,,,,,,0.2284697823267718,0.1438954729814938,candidate,6.0,1.0,0.14017357316819634,0.05214569109141741,6.0
0.26147357776388885,4.3280232662941724,0.2865997125790206,0.23335717629717662,4.474979017157262,0.2680096042734677,0.19877182241420363,3.926713378763795,0.4570340243146975,0.2605749486072434,2.734095284166394,0.6859297058851509,0.24547636450754542,4.603400422451519,0.27115142855527796,0.035128831316151764,0.17471219335157862,0.07895123357787731,0.03437930319568951,0.17630407646967816,0.07263647245471411,6.0,0286,stage2_1007_latest,6,1.5319926004212516,0.5834754063990947,1.4401973157710881,0.8385416666666666,0.8267045454545454,0.2217250910939392,0.8006476186047428,2.944460363320454,0.5143033060608281,0.6757337221694325,0.8891374544530304,6.0,1.9183998987392197,0.8355420213009617,1.6530559473674753,0.4,0.8258439255717128,5.012630872197077,0.8982148409168957,0.3285201977752007,0.15328483283519745,0.24569074780915498,2.7533785087562737,4.172623100439423,final,0.0,0.0,0.002181808441156473,0.02488820653772386,0.014724921075566466,3.346633389818392,0.22677613336072874,3.9190717624475315,0.4578338523446018,1.1164438134290797,0.360595703125,0.03447032229360091,0.22847177118684403,0.381374634128116,2.458550613150572,0.4578338523446018,0.6815178691252879,0.22846978500250778,0.14389546311889354,selected,6.0,1.0,0.1401735732053904,0.052145687030205,6.0
,,,,,,,,,,,,,,,,,,,,,6.0,0287,stage2_1007_latest,6,1.27812271713634,0.6571232471615066,1.3661405269820301,0.828125,0.84375,0.2300693254505301,0.8000289173536044,2.7768797705802384,0.4770700771119881,0.7079966549689214,0.884965337274735,6.0,2.037061568164238,0.9113722565683543,1.3564029255031773,0.4,0.9151305962106214,5.555123322113984,0.955899028650642,0.2615559691924916,,,,,base,0.0,0.0,,,,,,,,,,,,,,,,0.23178237489950929,0.12720539867475852,candidate,6.0,1.0,0.13904021442953393,0.03888160192550545,6.0
,,,,,,,,,,,,,,,,,,,,,6.0,0287,stage2_1007_latest,6,1.2781227160696025,0.6571232479577378,1.3661405261881168,0.828125,0.84375,0.23006932510770184,0.8000289178020734,2.776879771770592,0.47707007758875386,0.7079966548558246,0.884965337446149,6.0,2.0370615827840024,0.9113722559603394,1.3564029284403856,0.4,0.9151305957761018,5.555123325786086,0.9558990289977923,0.26155596788375585,,,,,base,0.0,0.0,,,,,,,,,,,,,,,,0.23178236975430114,0.12720539055636587,selected,6.0,1.0,0.13904021500496977,0.03888162650429756,6.0
,,,,,,,,,,,,,,,,,,,,,6.0,0287,stage2_1007_latest,6,1.2715705688720473,0.6468502897923547,1.3686552099063107,0.8333333333333334,0.8579545454545454,0.22464992378005907,0.8000156460022185,2.811727694319974,0.483881865149786,0.7036440100142842,0.8876750381099705,6.0,1.7810598681456409,0.8785758622786506,1.4559609585254853,0.6,0.8778125410627367,5.077777741536386,0.9043847257770334,0.32479032063246394,,,,,provisional,0.0,0.0,,,,,,,,,,,,,,,,0.23091103294137827,0.1319514133913604,candidate,6.0,1.0,0.13579394622019952,0.047129524956017146,6.0
,,,,,,,,,,,,,,,,,,,,,6.0,0287,stage2_1007_latest,6,1.2715705686624723,0.6468502904357462,1.3686552100221312,0.8333333333333334,0.8579545454545454,0.22464992364224304,0.800015645976114,2.8117276953791013,0.4838818656713789,0.7036440098041449,0.8876750381788785,6.0,1.781059843247266,0.878575863845689,1.455960957453543,0.6,0.8778125408648355,5.0777777368536725,0.9043847252880761,0.3247903210273336,,,,,provisional,0.0,0.0,,,,,,,,,,,,,,,,0.2309110319360992,0.13195140631718916,selected,6.0,1.0,0.1357939433197695,0.0471295191848831,6.0
,,,,,,,,,,,,,,,,,,,,,6.0,0287,stage2_1007_latest,6,1.2492127559239732,0.657711414852686,1.3625511209821666,0.8229166666666666,0.8607954545454546,0.22349351157001018,0.8008866074093782,2.7961526274558595,0.4811072861128168,0.7064317849746858,0.8882532442149951,6.0,1.8739639923833404,0.8651215858887652,1.5088750743067465,0.8,0.8643226801519053,5.052525584295233,0.9015476915130998,0.3293724966193202,,,,,final,0.0,0.0,,,,,,,,,,,,,,,,0.23164314626779398,0.13089170507354944,candidate,6.0,1.0,0.13554972486390143,0.048385106986965846,6.0
0.2625133466914497,4.133469125448953,0.32915663225403174,0.2646270961889579,4.128365525431619,0.28654540755179353,0.1874152616973251,4.054538234729374,0.41455153388757415,0.24639370275887404,2.6886324544260383,0.6980986660908116,0.2536922482772985,4.065614416176573,0.372448879764676,0.017822371941567494,0.09238975532817502,0.09670484640541949,0.016744604606721215,0.0789755061331412,0.09193641526098069,6.0,0287,stage2_1007_latest,6,1.249212755885342,0.6577114149152193,1.36255112123421,0.8229166666666666,0.8607954545454546,0.22349351141157967,0.8008866071867111,2.796152627700172,0.48110728634691824,0.7064317849861244,0.8882532442942103,6.0,1.8739639957978649,0.865121586819687,1.5088750709938985,0.8,0.8643226808361482,5.052525583846369,0.901547691583607,0.3293724965426731,0.16064561903476715,0.26921164286410776,2.6014711807596425,4.174268226826133,final,0.0,0.0,0.002537226378307921,0.018506020033888015,0.013699593546207459,3.3568075161220325,0.21813648225891127,3.9437096193792933,0.44869237093379366,1.119037262330894,0.3507080078125,0.034859806128539554,0.22891918911180598,0.3797282526061815,2.3926567623021304,0.44869237093379366,0.6825022798915428,0.2316431427192901,0.13089168035166274,selected,6.0,1.0,0.13554972395250725,0.04838509328390149,6.0
,,,,,,,,,,,,,,,,,,,,,6.0,0288,stage2_1007_latest,6,1.5334610151736363,0.5149670260813647,2.1750534614376513,0.5104166666666666,0.8863636363636364,0.23507973158120513,0.6040537861607782,2.865597436033584,0.5345410028090559,0.6795514441953188,0.8824601342093974,6.0,2.446105002475582,0.8575509995340246,1.577111531202945,0.4,0.8614702989642469,5.560635650703756,0.9568778291337463,0.2616690253364005,,,,,base,0.0,0.0,,,,,,,,,,,,,,,,0.23800507317338013,0.17814421642466421,candidate,6.0,1.0,0.21493610352749737,0.08199645271650713,6.0
,,,,,,,,,,,,,,,,,,,,,6.0,0288,stage2_1007_latest,6,1.5334610181211539,0.5149670255781661,2.1750534629425524,0.5104166666666666,0.8863636363636364,0.23507973106134575,0.6040537859035746,2.8655974372235513,0.5345410032646818,0.6795514441208432,0.882460134469327,6.0,2.44610500359806,0.8575509989005432,1.5771115349572198,0.4,0.861470298078712,5.560635650546889,0.9568778291178814,0.2616690266398513,,,,,base,0.0,0.0,,,,,,,,,,,,,,,,0.23800507725167794,0.17814419717782695,selected,6.0,1.0,0.21493611171913762,0.08199643305978899,6.0
,,,,,,,,,,,,,,,,,,,,,6.0,0288,stage2_1007_latest,6,1.625221402245192,0.538729065388344,2.029517866538731,0.5677083333333334,0.8892045454545454,0.23546062718518102,0.665830543456096,3.347565737520924,0.62466172989849,0.5942383751371363,0.8822696864074095,6.0,2.1144532243153766,0.7918014231096461,1.6910394858867503,0.6,0.8138526628466038,4.811816422754918,0.8747082899972924,0.3502664785896168,,,,,provisional,0.0,0.0,,,,,,,,,,,,,,,,0.23897655281045427,0.17020938628816326,candidate,6.0,1.0,0.20714938320684975,0.09990224179351558,6.0
,,,,,,,,,,,,,,,,,,,,,6.0,0288,stage2_1007_latest,6,1.6252214007571886,0.5387290655695054,2.0295178659287125,0.5677083333333334,0.8892045454545454,0.2354606276769208,0.6658305436118535,3.3475657369176974,0.6246617299132174,0.5942383753273379,0.8822696861615396,6.0,2.1144532243153766,0.7918014231096461,1.6910394858867503,0.6,0.8138526628466038,4.811816422754918,0.8747082899972924,0.3502664785896168,,,,,provisional,0.0,0.0,,,,,,,,,,,,,,,,0.23897655949288887,0.17020938029589472,selected,6.0,1.0,0.20714938320684975,0.09990224179351558,6.0
,,,,,,,,,,,,,,,,,,,,,6.0,0288,stage2_1007_latest,6,1.6529824416889123,0.533396652314837,2.0590501786050472,0.5625,0.8778409090909091,0.2365000241816909,0.6631586802413606,3.4322545107068776,0.6407692738417866,0.5777192743076635,0.8817499879091545,6.0,2.1376157482268807,0.7887860288564258,1.712081925080802,0.6,0.8085600049593931,4.810048836505794,0.8742113744806639,0.3501648977908907,,,,,final,0.0,0.0,,,,,,,,,,,,,,,,0.2395070285787894,0.17289851153485175,candidate,6.0,1.0,0.20739006614536498,0.09963683392787426,6.0
0.2603991467032143,4.4118968560281155,0.23645818802025456,0.26376111038983924,3.896139070267719,0.28275093987590494,0.22866943681674282,4.491971361352438,0.323634889986444,0.25909646874834996,3.905837083672021,0.4646775496973925,0.2571079971585928,3.927415908440271,0.35365740265342527,0.038452543195200965,0.3003704326729866,0.12896273290131186,0.03710727184443213,0.27969893459181383,0.1294270420878396,6.0,0288,stage2_1007_latest,6,1.6529824414571255,0.5333966525149318,2.0590501784962965,0.5625,0.8778409090909091,0.23650002426364278,0.663158680298705,3.432254509950102,0.6407692737804223,0.5777192743380645,0.8817499878681786,6.0,2.137615749075405,0.7887860273324471,1.712081929058402,0.6,0.8085600038375629,4.810048831753248,0.8742113739198993,0.35016489756285357,0.14576919376850128,0.26180184111561683,2.4621217731474343,3.705037823979943,final,0.0,0.0,0.0029598521382299685,0.04713332139249824,0.010950245508341097,3.7956165435465934,0.2255974283948816,4.410228182422328,0.4970095209950544,1.10524568648803,0.26953125,0.03867716012010568,0.22646588781688984,0.37252171578102944,2.541613666633849,0.49700952099505435,0.6502141095578459,0.23950702861993098,0.1728984936880704,selected,6.0,1.0,0.20739006667746257,0.09963681685941429,6.0
,,,,,,,,,,,,,,,,,,,,,6.0,0289,stage2_1007_latest,6,2.1694341112857107,0.6187768712027263,1.8061176637249055,0.6875,0.8551136363636364,0.22780222495628577,0.8069043023690079,3.6407855492215,0.7134263750652352,0.5107113631971897,0.8860988875218571,6.0,2.170308678005462,0.8704306147843417,1.5342145018376245,0.4,0.8675108133946822,5.610497183861845,0.962025038516753,0.26404875056012567,,,,,base,0.0,0.0,,,,,,,,,,,,,,,,0.2788644145673125,0.1452271597442109,candidate,6.0,1.0,0.18535024039517886,0.06688565368317587,6.0
,,,,,,,,,,,,,,,,,,,,,6.0,0289,stage2_1007_latest,6,2.1694341104596044,0.6187768711923763,1.8061176643007806,0.6875,0.8551136363636364,0.2278022257746042,0.8069043021374948,3.6407855489053826,0.7134263749624764,0.5107113632117167,0.886098887112698,6.0,2.17030869681033,0.8704306155176378,1.5342145009059847,0.4,0.867510814016011,5.610497186748441,0.9620250388178464,0.26404875092771046,,,,,base,0.0,0.0,,,,,,,,,,,,,,,,0.27886441587635197,0.1452271514806152,selected,6.0,1.0,0.18535024063598796,0.06688567252450801,6.0
,,,,,,,,,,,,,,,,,,,,,6.0,0289,stage2_1007_latest,6,1.8856712824958237,0.6073515279397949,1.6379142811309637,0.7916666666666666,0.8579545454545454,0.17320393696090527,0.8161332641396478,3.335956615679239,0.6432178434660958,0.5786396601911786,0.9133980315195473,6.0,2.004988194654702,0.7349896981310771,1.9029489276988811,0.4,0.7556516118412318,4.845862161568961,0.874723333542068,0.3272643238228728,,,,,provisional,0.0,0.0,,,,,,,,,,,,,,,,0.26853121036595534,0.14778671186182704,candidate,6.0,1.0,0.17177080478642226,0.10520900115670188,6.0
,,,,,,,,,,,,,,,,,,,,,6.0,0289,stage2_1007_latest,6,1.885671277549825,0.6073515285816231,1.6379142802464743,0.7916666666666666,0.8579545454545454,0.1732039363475878,0.8161332640138361,3.335956615202312,0.6432178433801884,0.5786396602476985,0.9133980318262062,6.0,2.0049881705264543,0.7349896973158239,1.9029489348907576,0.4,0.7556516092712228,4.845862159534705,0.8747233331763821,0.32726432597682314,,,,,provisional,0.0,0.0,,,,,,,,,,,,,,,,0.26853121036595534,0.14778671022313772,selected,6.0,1.0,0.1717707996775866,0.10520899331252473,6.0
,,,,,,,,,,,,,,,,,,,,,6.0,0289,stage2_1007_latest,6,1.8805299722046949,0.607046469233269,1.614604219124256,0.8177083333333334,0.8636363636363636,0.17168351357817235,0.8194047899944567,3.318811641887118,0.6389753909146888,0.5852661280636854,0.9141582432109139,6.0,1.9835008033030446,0.738765376151115,1.8870896971333908,0.4,0.7600734962711864,4.858555199749803,0.8761654182241295,0.3240324010881638,,,,,final,0.0,0.0,,,,,,,,,,,,,,,,0.26842281421142444,0.14730548017066944,candidate,6.0,1.0,0.17183713791112828,0.10579182366497046,6.0
0.22454840670974266,4.324724234723016,0.3163743077927311,0.23145825410589818,3.9117645797955207,0.3270018835955227,0.18467429023838455,4.589456966831688,0.22587647905883046,0.24338702609188848,3.422374202340852,0.580581832261532,0.22296248014321546,3.7701952683664324,0.3826950649119609,0.10138866237988442,0.9600712726966103,0.13287390302199997,0.1009628661073159,0.9386504949050427,0.13199358706148748,6.0,0289,stage2_1007_latest,6,1.8805299710211145,0.6070464699357568,1.6146042173723127,0.8177083333333334,0.8636363636363636,0.17168351310853733,0.8194047904026174,3.318811643231694,0.6389753913137873,0.5852661277526563,0.9141582434457313,6.0,1.9835007936147129,0.7387653759885922,1.887089695801088,0.4,0.7600734959683504,4.858555200172267,0.8761654182676261,0.32403240160676133,0.15956322848796844,0.22380552027863346,2.6293769293089615,3.951017267946276,final,0.0,0.0,0.0016028084145481786,0.02598478559106121,0.008551407929543463,3.6949234372642756,0.2001693991227192,4.371136356302499,0.43870907350550326,1.1614107790220276,0.284423828125,0.036823788897054954,0.2391905931949205,0.3520361981806148,2.3340246718275233,0.43870907350550326,0.6948528443617581,0.26842280823479225,0.14730549156698475,selected,6.0,1.0,0.1718371324331025,0.10579182169517377,6.0
,,,,,,,,,,,,,,,,,,,,,6.0,0290,stage2_1007_latest,6,1.6144892659631698,0.575288330499077,2.1294904435477293,0.5,0.7954545454545454,0.24100675524563614,0.609264958039685,3.6083485767561747,0.6559402930431903,0.5558130412044332,0.879496622377182,6.0,2.5328263607249846,0.8604989169675176,1.6492719733473935,0.4,0.8418382331307761,5.507157684783984,0.9518736575438552,0.29055138484186216,,,,,base,0.0,0.0,,,,,,,,,,,,,,,,0.23244377174568898,0.16608115575049065,candidate,6.0,1.0,0.20778744907282642,0.07734384802638782,6.0
,,,,,,,,,,,,,,,,,,,,,6.0,0290,stage2_1007_latest,6,1.6144892651106744,0.5752883306842647,2.1294904427054644,0.5,0.7954545454545454,0.24100675558000095,0.6092649578950399,3.608348576027369,0.6559402930636482,0.555813041379548,0.8794966222099995,6.0,2.532826364739629,0.8604989149018266,1.6492719817585775,0.4,0.8418382311029677,5.507157679324495,0.951873656972943,0.29055138537072595,,,,,base,0.0,0.0,,,,,,,,,,,,,,,,0.23244376905935946,0.1660811496927407,selected,6.0,1.0,0.2077874517825998,0.07734385059840192,6.0
,,,,,,,,,,,,,,,,,,,,,6.0,0290,stage2_1007_latest,6,1.3302176454095,0.6243292172171185,1.9925015399140367,0.4947916666666667,0.8551136363636364,0.21918423173142337,0.6257190136802167,3.5915865462403964,0.6553233933017163,0.5555358017231847,0.8904078841342883,6.0,2.4390997414750286,0.8107567367359747,1.826710814370588,0.4,0.7909442126357116,5.056410026119437,0.9036642368928252,0.32757520523628414,,,,,provisional,0.0,0.0,,,,,,,,,,,,,,,,0.2357916132887891,0.1586292893985798,candidate,6.0,1.0,0.20425616660410575,0.09130465266009853,6.0
,,,,,,,,,,,,,,,,,,,,,6.0,0290,stage2_1007_latest,6,1.3302176440917575,0.6243292171123279,1.9925015388846032,0.4947916666666667,0.8551136363636364,0.21918423172944557,0.625719013724907,3.5915865460430596,0.655323393399793,0.5555358017382636,0.8904078841352772,6.0,2.4390997414482833,0.8107567365600095,1.8267108145959525,0.4,0.7909442125590866,5.05641002941303,0.9036642372733282,0.3275752048775943,,,,,provisional,0.0,0.0,,,,,,,,,,,,,,,,0.23579160754184758,0.1586293129901767,selected,6.0,1.0,0.20425616420409928,0.09130465286983519,6.0
,,,,,,,,,,,,,,,,,,,,,6.0,0290,stage2_1007_latest,6,1.3160544072169555,0.6258259263080153,1.9503076825929109,0.5104166666666666,0.8465909090909091,0.21824056649635615,0.6287085231439746,3.561837881298137,0.6464218728267569,0.5634887393011171,0.890879716751822,6.0,2.4330911061250657,0.8114653095059695,1.8280325760931126,0.4,0.7904508655444306,5.050305563410016,0.9030067235023511,0.32868987775825753,,,,,final,0.0,0.0,,,,,,,,,,,,,,,,0.23459761010283783,0.15647900686418958,candidate,6.0,1.0,0.2043114325959567,0.09131309484890646,6.0
0.2434315242096804,4.513280296601072,0.2937490019588666,0.25572884304651616,3.9643943297407933,0.3264822726742546,0.2314268491325095,4.62750386160254,0.2936480958221323,0.25926549914087277,4.5683343258199205,0.31472683797924683,0.24636742897974348,4.112039009585833,0.3048572328576311,0.04099738077735957,0.23850803332728332,0.08572805761003617,0.04217279715898418,0.2413743985470395,0.08535147973166202,6.0,0290,stage2_1007_latest,6,1.3160544061771957,0.6258259269013586,1.9503076815936502,0.5104166666666666,0.8465909090909091,0.21824056629689045,0.6287085232708587,3.561837881807165,0.6464218729600076,0.563488739169716,0.8908797168515548,6.0,2.43309110121431,0.8114653095996676,1.828032576835288,0.4,0.7904508650630063,5.0503055618975425,0.9030067233278505,0.3286898788942122,0.1711588352918625,0.25673400715484596,2.4957869143849467,3.8791993129768065,final,0.0,0.0,0.002406149499661897,0.03864366222586529,0.0049122074555522895,3.7179464944031704,0.23097078291472167,4.339898334671094,0.5008488908136163,1.1007015679437688,0.3082275390625,0.0371244663669406,0.2223626728371104,0.38027803128853754,2.548800777239321,0.5008488908136163,0.6331280310518834,0.23459760523032538,0.15647899871347912,selected,6.0,1.0,0.20431143537093188,0.0913130959581976,6.0
,,,,,,,,,,,,,,,,,,,,,6.0,0291,stage2_1007_latest,6,1.6738538638186895,0.5587684185551076,2.250094337080883,0.4947916666666667,0.8409090909090909,0.25101014826108936,0.5946189910712054,3.1197697352852285,0.5791659925192664,0.6432756942001379,0.8744949258694553,6.0,2.118142420419987,0.9126951396602898,1.3650494022150208,0.6,0.9131569438568616,5.63883994645834,0.9647559989210917,0.2595935542033265,,,,,base,0.0,0.0,,,,,,,,,,,,,,,,0.2321220580309045,0.17372997757812333,candidate,6.0,1.0,0.17799075509673346,0.05667029321698747,6.0
,,,,,,,,,,,,,,,,,,,,,6.0,0291,stage2_1007_latest,6,1.6738538638969838,0.5587684185926487,2.2500943372779343,0.4947916666666667,0.8409090909090909,0.251010148108726,0.594618991327254,3.119769735686815,0.5791659927239606,0.6432756940223007,0.8744949259456369,6.0,2.1181424254234056,0.9126951386135074,1.3650494057016924,0.6,0.9131569430595367,5.638839942326316,0.9647559984812282,0.2595935540748075,,,,,base,0.0,0.0,,,,,,,,,,,,,,,,0.2321220537703132,0.1737299523316889,selected,6.0,1.0,0.1779907580642515,0.05667029646092668,6.0
,,,,,,,,,,,,,,,,,,,,,6.0,0291,stage2_1007_latest,6,1.963411480708907,0.4996665515887744,2.5926276784419615,0.484375,0.8636363636363636,0.2668313274036682,0.5883584853296046,3.1835789893680757,0.6140162264281741,0.6128492914706963,0.8665843362981659,6.0,2.137439196862521,0.8645344673822848,1.428020383185844,0.8,0.8899726770456589,4.922381556198177,0.8854798586702852,0.3716341580403234,,,,,provisional,0.0,0.0,,,,,,,,,,,,,,,,0.2328368037113314,0.19977101149774373,candidate,6.0,1.0,0.17119985011711186,0.06853382865094175,6.0
,,,,,,,,,,,,,,,,,,,,,6.0,0291,stage2_1007_latest,6,1.9634114793617305,0.49966655236249197,2.5926276770148116,0.484375,0.8636363636363636,0.2668313272454885,0.588358485578593,3.183578990307209,0.6140162266777308,0.6128492912910085,0.8665843363772556,6.0,2.137439196862521,0.8645344673822848,1.428020383185844,0.8,0.8899726770456589,4.922381556198177,0.8854798586702852,0.3716341580403234,,,,,provisional,0.0,0.0,,,,,,,,,,,,,,,,0.23283681029353218,0.19977098779249522,selected,6.0,1.0,0.17119985011711186,0.06853382865094175,6.0
,,,,,,,,,,,,,,,,,,,,,6.0,0291,stage2_1007_latest,6,1.9545313347132407,0.5015236992611657,2.591053650775086,0.4791666666666667,0.8664772727272727,0.2651317028936741,0.5867707579737952,3.1778656742236997,0.6127659382454115,0.6146740531747539,0.867434148553163,6.0,2.139749133369739,0.8689133788643782,1.4148525401918453,0.8,0.8946823792658565,4.944317446390289,0.8883930257100164,0.36991400562039967,,,,,final,0.0,0.0,,,,,,,,,,,,,,,,0.23211793123040703,0.19960942596719067,candidate,6.0,1.0,0.17150304625745255,0.0692770847290818,6.0
0.2510667399225994,4.122330263342236,0.35494704222242895,0.3136368676646736,3.108046950995054,0.4772622564281672,0.1941889633225292,4.06076809053416,0.38429673381437607,0.26716910691218926,3.7305337866580346,0.49397641237827744,0.25875033030608874,3.2123990326589946,0.5107005532861513,0.030631926610312287,0.28751659850875017,0.12078797860021645,0.031047017774180213,0.29246714443434846,0.1224186623498796,6.0,0291,stage2_1007_latest,6,1.954531334663868,0.5015236993431992,2.5910536517203253,0.4791666666666667,0.8664772727272727,0.26513170264343255,0.586770757580194,3.1778656746248277,0.6127659383623073,0.614674053226614,0.8674341486782837,6.0,2.139749133369739,0.8689133788643782,1.4148525401918453,0.8,0.8946823792658565,4.944317446390289,0.8883930257100164,0.36991400562039967,0.17546342313289642,0.30266942865999985,2.305535192960136,2.8580604060630628,final,0.0,0.0,0.0007202532368542584,0.017039048375296576,0.00820673853781752,3.3641026176013873,0.23428575106294655,4.075609382912344,0.47383162713222904,1.1211038594135891,0.27490234375,0.036343795569285464,0.22513881248346823,0.37680772986946337,2.474768007353437,0.47383162713222904,0.6534344174901232,0.2321179372799121,0.19960942569804002,selected,6.0,1.0,0.17150304625745255,0.0692770847290818,6.0
,,,,,,,,,,,,,,,,,,,,,6.0,0292,stage2_1007_latest,6,1.8418720842629124,0.5871803047438374,1.8023738820423356,0.765625,0.8664772727272727,0.24225331282826668,0.7443624998310036,3.0057306685749503,0.5786279292253488,0.6480994648775239,0.8788733435858667,6.0,2.7390316591584183,0.8959644801939362,1.500374203313124,0.4,0.884437527692681,5.693568907662047,0.9705808684351869,0.2608204584325434,,,,,base,0.0,0.0,,,,,,,,,,,,,,,,0.27467073501456685,0.14715967387812026,candidate,6.0,1.0,0.11202213952727641,0.03185144097386034,6.0
,,,,,,,,,,,,,,,,,,,,,6.0,0292,stage2_1007_latest,6,1.8418720844875716,0.5871803051490605,1.8023738820562112,0.765625,0.8664772727272727,0.24225331302654682,0.7443625002447616,3.005730670252666,0.5786279296399428,0.6480994644812769,0.8788733434867265,6.0,2.7390316370012475,0.8959644799618068,1.5003742033547636,0.4,0.8844375274084827,5.693568906562853,0.9705808683263291,0.260820458573023,,,,,base,0.0,0.0,,,,,,,,,,,,,,,,0.2746707377113731,0.14715966927635551,selected,6.0,1.0,0.11202213731670878,0.03185146397643842,6.0
,,,,,,,,,,,,,,,,,,,,,6.0,0292,stage2_1007_latest,6,2.8283343239310836,0.6446543567218821,1.9650784131034416,0.53125,0.7642045454545454,0.19830966292980026,0.8074518540698872,4.201283196638714,0.7939124401268908,0.42300119146009835,0.9008451685350999,6.0,1.9421891819871069,0.7939314836580763,1.8910253886344537,0.4,0.7558916185923229,5.019003220717332,0.8979591299445756,0.3612162326285214,,,,,provisional,0.0,0.0,,,,,,,,,,,,,,,,0.2801219827942531,0.12060093470104911,candidate,6.0,1.0,0.10816239396990622,0.049343493306356796,6.0
,,,,,,,,,,,,,,,,,,,,,6.0,0292,stage2_1007_latest,6,2.828334323125088,0.6446543566072372,1.9650784132741226,0.53125,0.7642045454545454,0.1983096635733486,0.8074518540351975,4.201283196687035,0.7939124401051199,0.42300119121747454,0.9008451682133256,6.0,1.9421891815594765,0.79393148484791,1.891025386199838,0.4,0.7558916191788265,5.019003223810918,0.8979591303236524,0.3612162326141569,,,,,provisional,0.0,0.0,,,,,,,,,,,,,,,,0.2801219761647589,0.12060092134597361,selected,6.0,1.0,0.10816239447229553,0.0493434977328474,6.0
,,,,,,,,,,,,,,,,,,,,,6.0,0292,stage2_1007_latest,6,2.788304318028207,0.6469641717672158,1.9475786667659805,0.5989583333333334,0.7528409090909091,0.19621489172861975,0.8069270534852515,4.174780739871461,0.7887928506534271,0.43425720502917103,0.9018925541356902,6.0,1.9930006564726996,0.7883660172626861,1.9202771655457982,0.4,0.7500042795911469,5.001784881983384,0.896234577747028,0.3632881886889282,,,,,final,0.0,0.0,,,,,,,,,,,,,,,,0.2792537180851934,0.11766403602560166,candidate,6.0,1.0,0.10799231980715672,0.05030240207283666,6.0
0.21281151925341737,4.464729264856326,0.28259652753175313,0.23346270379505366,3.9219921418798322,0.3120762491433602,0.203951361760111,4.36046764834731,0.3599621488679467,0.23701018950469682,3.8828658926631925,0.4797656488498721,0.21320193245319954,3.9802205973845672,0.3332016821830485,0.13173694841834485,1.08257112069547,0.1412365773751618,0.12918870003901592,1.0809288233757763,0.1411793407541201,6.0,0292,stage2_1007_latest,6,2.788304320806666,0.6469641714451068,1.9475786681706357,0.5989583333333334,0.7528409090909091,0.1962148923283733,0.806927053151552,4.174780738906983,0.7887928505476711,0.43425720529659756,0.9018925538358133,6.0,1.9930006564726996,0.7883660172626861,1.9202771655457982,0.4,0.7500042795911469,5.001784881983384,0.896234577747028,0.3632881886889282,0.1400531530380249,0.2363663822428057,2.352188397226105,3.951431714137508,final,0.0,0.0,0.008012609248761727,0.07565668287868496,0.009229529124826913,3.639391826678881,0.20604405202198653,4.366031008765516,0.4356820629856434,1.1639229560453948,0.2669677734375,0.03760987631698924,0.23718762750251768,0.3527206482033389,2.3063795570074945,0.4356820629856433,0.6890717916244747,0.2792537166624098,0.1176640275610309,selected,6.0,1.0,0.10799231980715672,0.05030240207283666,6.0
,,,,,,,,,,,,,,,,,,,,,6.0,0653,stage2_1007_latest,6,1.595735518522203,0.5596506377398212,1.8051216089176612,0.671875,0.8096590909090909,0.26879076083186004,0.660858935993408,2.789262982065869,0.4964045423828694,0.6939273008112985,0.8656046195840701,6.0,2.010454588462796,0.8732633024433956,1.5141226704848347,0.4,0.8712549415526073,5.560485623418102,0.9567782741955724,0.25957433630117815,,,,,base,0.0,0.0,,,,,,,,,,,,,,,,0.23332045215522013,0.1471359795552751,candidate,6.0,1.0,0.18052841618024687,0.0684022984107515,6.0
,,,,,,,,,,,,,,,,,,,,,6.0,0653,stage2_1007_latest,6,1.5957355189130082,0.5596506381598719,1.8051216096013774,0.671875,0.8096590909090909,0.2687907603260921,0.6608589360397564,2.789262983618031,0.4964045430127259,0.6939273004452273,0.865604619836954,6.0,2.01045459883667,0.8732633041196327,1.514122667566841,0.4,0.8712549426833676,5.560485626377385,0.9567782744852736,0.2595743366138735,,,,,base,0.0,0.0,,,,,,,,,,,,,,,,0.23332044397565588,0.14713600313428815,selected,6.0,1.0,0.1805284165859968,0.06840230508022822,6.0
,,,,,,,,,,,,,,,,,,,,,6.0,0653,stage2_1007_latest,6,1.2354085608977934,0.6282975930141396,1.7183011135374402,0.703125,0.8238636363636364,0.266151599058308,0.6839301313871041,2.4790880128064288,0.43877931658314645,0.7484056795715768,0.8669242004708461,6.0,1.969662258429668,0.8556057527805917,1.4976380939873444,0.8,0.8674911549444296,5.01039696735916,0.897267961485072,0.34258468504070505,,,,,provisional,0.0,0.0,,,,,,,,,,,,,,,,0.2437021850890973,0.1346319766948306,candidate,6.0,1.0,0.18255814605024154,0.07190888133038335,6.0
,,,,,,,,,,,,,,,,,,,,,6.0,0653,stage2_1007_latest,6,1.2354085612596635,0.6282975934050788,1.7183011135583162,0.703125,0.8238636363636364,0.2661515989450513,0.6839301314413365,2.479088012287601,0.43877931659824115,0.7484056796707614,0.8669242005274743,6.0,1.9696622637162158,0.8556057531880243,1.4976380930897724,0.8,0.8674911553309483,5.010396970718906,0.8972679618750924,0.3425846848061279,,,,,provisional,0.0,0.0,,,,,,,,,,,,,,,,0.2437021876052646,0.13463198079474525,selected,6.0,1.0,0.18255814363134115,0.07190887120924687,6.0
,,,,,,,,,,,,,,,,,,,,,6.0,0653,stage2_1007_latest,6,1.2178135697463763,0.6349515391633719,1.733944646129282,0.6979166666666666,0.8238636363636364,0.26700156282707826,0.6806383623942229,2.4526582428260375,0.43434829455471424,0.752953111392431,0.8664992185864608,6.0,2.0195853402660817,0.85226266196825,1.5131300229954872,0.6,0.8644740909066838,5.013157076212924,0.8975666308865832,0.33956000742675085,,,,,final,0.0,0.0,,,,,,,,,,,,,,,,0.24431471112762265,0.1335861499529011,candidate,6.0,1.0,0.18211803651804825,0.072385818677694,6.0
0.2634999534577037,4.1101961079950184,0.37962296021686054,0.26709416888653764,3.9074527905618313,0.4548009810362814,0.2304180549020933,4.232343980060146,0.30390961228102525,0.23569825953774706,3.008260286201274,0.649812423337432,0.2769050896039691,3.8452023396197315,0.45894263119492873,0.052258387559646874,0.29276709518372096,0.12235992101793121,0.05070052239038501,0.28558491552106596,0.12202076838437594,6.0,0653,stage2_1007_latest,6,1.2178135709501736,0.6349515392078598,1.7339446466410304,0.6979166666666666,0.8238636363636364,0.26700156254973073,0.6806383624410463,2.4526582436168556,0.4343482949920106,0.7529531113296466,0.8664992187251346,6.0,2.0195853256156022,0.8522626599132253,1.5131300302419837,0.6,0.8644740885250812,5.013157062143541,0.8975666292703948,0.33956000903664363,0.17408917844295502,0.2802276705675169,2.6489020044950746,3.7423166800613554,final,0.0,0.0,0.0014293486800805151,0.021394395960661543,0.007995443974121897,3.3635447227364845,0.22432781732721255,3.9766931182911613,0.44251672698812977,1.1303127566412403,0.329833984375,0.03800432733140296,0.22822335223141618,0.37628517490619545,2.3660129129221916,0.44251672698812977,0.6784021770071478,0.24431470856077103,0.13358614830880508,selected,6.0,1.0,0.18211803396777615,0.07238581257230055,6.0
,,,,,,,,,,,,,,,,,,,,,8.0,0273,stage4_1201_best,8,1.1857139073108665,0.41742496589836126,1.0556536834552863,1.0,1.0,0.07425079343320405,0.9902080740718865,3.3503707616538745,0.5782354286325575,0.5784429435404194,0.962874603283398,5.0,1.0425739386516797,0.8260772086115847,1.1637121648652047,1.0,0.9430100326779041,6.944270972212213,0.9293228922029534,0.16664376350415197,,,,,base,0.0,0.0,,,,,,,,,,,,,,,,0.22107295384765382,0.22243641443357262,candidate,5.0,1.0,0.08844197195946289,0.04591134740971409,5.0
,,,,,,,,,,,,,,,,,,,,,8.0,0273,stage4_1201_best,5,1.1841154395138138,0.9327909295571203,1.0557353548094737,1.0,1.0,0.0735292183656058,0.990215032985615,3.3369938223591262,0.7449673784051403,0.5787451112960348,0.9632353908171971,5.0,1.1345044615971063,0.9987621798194954,1.0082960660588007,0.6666666666666666,0.9984519744599943,4.995908343351139,0.9994912651712021,0.21396574276063177,,,,,base,0.0,0.0,,,,,,,,,,,,,,,,0.2923781261765212,0.004564532856349216,selected,5.0,1.0,0.09846874474014156,0.0036000684087128952,5.0
,,,,,,,,,,,,,,,,,,,,,8.0,0273,stage4_1201_best,8,1.6003318131053819,0.19232959850038872,1.0130808112003318,1.0,1.0,0.04418888107759667,0.9983665374968775,2.3683913325692036,0.41324227295168264,0.6553909340313202,0.9779055594612015,4.0,1.0741497936257167,0.8859994733883675,1.0526543020295789,0.6666666666666666,0.9862898613208695,7.251761996546338,0.9521471264082534,0.1614930326215461,,,,,provisional,0.0,0.0,,,,,,,,,,,,,,,,0.14129456697694706,0.28974180081066936,candidate,4.0,1.0,0.08644891390154699,0.034004350573578895,4.0
,,,,,,,,,,,,,,,,,,,,,8.0,0273,stage4_1201_best,4,1.6003318196273506,0.8975381260280265,1.013080811109285,1.0,1.0,0.04418888093600813,0.9983665375097022,2.3683913323931143,0.6198634093859523,0.6553909339433357,0.977905559531996,4.0,1.006186977846771,0.9994430006343723,1.0037339840327069,0.6666666666666666,0.9993627245475664,3.9970712557669397,0.9994715944750867,0.2622723703791235,,,,,provisional,0.0,0.0,,,,,,,,,,,,,,,,0.28248372378988823,0.009990240126512258,selected,4.0,1.0,0.09848537891119563,0.002623105663401774,4.0
,,,,,,,,,,,,,,,,,,,,,8.0,0273,stage4_1201_best,8,1.8961292858668881,0.1341522031746771,1.0165341104972836,1.0,1.0,0.03580312323308156,0.9978994467014239,2.57207864369003,0.45413133899246816,0.60366659495148,0.9820984383834592,3.0,1.0241824331679321,0.886185779002819,1.0465698565408763,0.6666666666666666,0.9880552998021018,7.233171965499673,0.9509808134695521,0.1638205731277099,,,,,final,0.0,0.0,,,,,,,,,,,,,,,,0.13548105564818338,0.3096942590662735,candidate,3.0,1.0,0.0856702378119781,0.03403716830843963,3.0
0.9997384001097972,1.0017523710680472,0.34122207991170045,0.9995230490022102,1.002967770083922,0.3409107978701432,0.9992083693667624,1.004670923607041,0.3374233272107777,0.9999036179474451,1.000727152858801,0.34226629429738986,0.999408672601411,1.0036017635513996,0.3415585916766898,0.5568964127667825,0.32650176352451643,0.19992878174116827,0.4322848725334258,0.3357930652298579,0.09661597706530645,8.0,0273,stage4_1201_best,3,1.8725710050186755,0.9915398250052937,1.016489301334157,1.0,1.0,0.035334541441945304,0.9979046252225675,2.5663677156011637,0.8576087206226234,0.6038981102750195,0.9823327292790274,3.0,1.0247632477168083,0.9995501071090476,1.002718369233706,0.6666666666666666,0.9995547897154995,2.9994206269447155,0.9998241889990568,0.33975116430971514,0.11513645946979523,0.9992340782957531,1.3743217470666582,1.0044757228950176,final,0.0,0.0,0.528810259514513,0.24641506339900487,0.13095876203292414,1.4878923263252704,0.9999209365674601,1.0005964453101681,0.9999575930473186,0.005852653335050013,0.74072265625,0.000585207770530897,0.0023516177051281706,0.9999469547315356,2.9998602396495686,0.9999575930473186,0.337076328344073,0.28736002729544113,0.0019950912027509064,selected,3.0,1.0,0.09849512280371193,0.002401782758287197,3.0
,,,,,,,,,,,,,,,,,,,,,8.0,0274,stage4_1201_best,8,1.4458221132109055,0.10639206701874679,1.020089393734755,1.0,1.0,0.031878000082307206,0.9972552141391612,2.6449263125406475,0.46762865747347293,0.5729232441489897,0.9840609999588463,3.0,1.7939179972736299,0.8923296458611925,1.0181673443161696,0.6666666666666666,0.9964721450517321,6.950460178985019,0.9323642612718007,0.16540588528337366,,,,,base,0.0,0.0,,,,,,,,,,,,,,,,0.10763454495617364,0.2682876440410743,candidate,3.0,1.0,0.16642812977859106,0.06660170171995633,3.0
,,,,,,,,,,,,,,,,,,,,,8.0,0274,stage4_1201_best,3,1.44582210100719,0.9929926254763269,1.0200893937090216,1.0,1.0,0.03187799961598432,0.9972552141366728,2.6449263111304706,0.8851225003851763,0.5729232447217404,0.9840610001920079,3.0,1.0003836593340323,0.9980834613129875,1.009203500319438,1.0,0.9982294416879719,2.9759494499765196,0.9926648265372416,0.3878227991868373,,,,,base,0.0,0.0,,,,,,,,,,,,,,,,0.286849771115887,0.002326315857513621,selected,3.0,1.0,0.1902177329548767,0.005000132599059489,3.0
,,,,,,,,,,,,,,,,,,,,,8.0,0274,stage4_1201_best,8,1.3757065278917495,0.1017863721392797,1.0189811942362417,1.0,1.0,0.03984433991311034,0.9974242994484342,2.203886479112623,0.3792022364773709,0.6990272851774414,0.9800778300434448,3.0,1.673547547299053,0.8880331132042346,1.039883138437282,1.0,0.99110463451803,6.9763400780111136,0.9340198184520291,0.18992554975997736,,,,,provisional,0.0,0.0,,,,,,,,,,,,,,,,0.10546310208048967,0.2688625271238843,candidate,3.0,1.0,0.16605386503559208,0.07261815970805416,3.0
,,,,,,,,,,,,,,,,,,,,,8.0,0274,stage4_1201_best,3,1.3757065311787569,0.9500061400500771,1.018981194228773,1.0,1.0,0.03984433991239488,0.9974242994505508,2.2038864789161923,0.7177499207632526,0.6990272852583308,0.9800778300438027,3.0,1.7421322690696008,0.9939137912146845,1.025487907476606,0.6666666666666666,0.994770122962775,2.972688378528176,0.9916553609029632,0.3734075926730486,,,,,provisional,0.0,0.0,,,,,,,,,,,,,,,,0.28105925809198845,0.011549549067175995,selected,3.0,1.0,0.19021307264701176,0.014991385546049528,3.0
,,,,,,,,,,,,,,,,,,,,,8.0,0274,stage4_1201_best,8,1.3542452692438267,0.07137377241216498,1.0044980058661195,1.0,1.0,0.012865723030165893,0.999487344243877,1.9627685947669258,0.32420445555576904,0.623314379401961,0.993567138484917,2.0,1.3312065771726516,0.8865480583479494,1.0487324320052709,1.0,0.9881063213975946,6.908572320632422,0.9291107734025396,0.2038897235066451,,,,,final,0.0,0.0,,,,,,,,,,,,,,,,0.09354870551598649,0.27127697142106066,candidate,2.0,1.0,0.16608007196847985,0.07536510468265147,2.0
0.9973106300173372,1.009140318221327,0.6777153393249046,0.9930684770077668,1.0207827625865231,0.6779760274296175,0.9875167517144643,1.0345888058010178,0.6740304343913629,0.998621867287534,1.0051629282204098,0.6657221304361122,0.9927893522705582,1.021225154684293,0.6868616531762135,0.6282752694514735,0.4864262306997967,0.19391139959341866,0.503026000333949,0.3045861378009109,0.0232548164961799,8.0,0274,stage4_1201_best,2,1.0,0.9987832830220401,1.004110080978436,1.0,1.0,0.010420413405938729,0.9995220557859834,1.937426893327416,0.9541173990614638,0.6248713928032095,0.9947897932970307,2.0,1.0,0.9873652953249994,1.0353821429201102,1.0,0.9916738199709988,1.9651606364865006,0.9744855300897666,0.5851677587937821,0.07955433428287506,0.9908235606161767,1.444543519661543,1.0264135260645773,final,0.0,0.0,0.6279285446995284,0.32945567684162574,0.17947372809176362,1.0,0.9990280983916466,1.0037493277929064,0.9763417681753587,0.016558573431062477,1.0,0.0019712938778554405,0.010670522392747267,0.9995731273333868,1.9674851665997868,0.9763417681753587,0.5896547899308417,0.2883458667207945,0.002286349450686282,selected,2.0,1.0,0.1903151757220976,0.020812346048325513,2.0
,,,,,,,,,,,,,,,,,,,,,8.0,0275,stage4_1201_best,8,1.2676850724035373,0.08597674305048705,1.0126020390773214,1.0,1.0,0.035181126407888834,0.9983525101479366,1.9296497866098405,0.31536022311178713,0.6956236793221917,0.9824094367960555,3.0,1.0264473903112115,0.8846374045572352,1.2281706070262315,1.0,0.9271510637192053,7.292472868945143,0.9513926993097401,0.15523259775939416,,,,,base,0.0,0.0,,,,,,,,,,,,,,,,0.10794237557654911,0.27337259803246144,candidate,3.0,1.0,0.1535565644488064,0.04387438295200405,3.0
,,,,,,,,,,,,,,,,,,,,,8.0,0275,stage4_1201_best,3,1.2676850753003965,0.8024496016526189,1.012602038823525,1.0,1.0,0.035181125870539225,0.9983525101852309,1.9296497871582068,0.5969104438319401,0.6956236790283844,0.9824094370647303,3.0,1.2370622553512984,0.9973498330670187,1.0144398334874385,1.0,0.9971071040415688,2.9819550775192254,0.9945026285576175,0.380288987936064,,,,,base,0.0,0.0,,,,,,,,,,,,,,,,0.2876706472703409,0.01853062077874851,selected,3.0,1.0,0.16164565607105835,0.007986068077012057,3.0
,,,,,,,,,,,,,,,,,,,,,8.0,0275,stage4_1201_best,8,1.0695756093423106,0.09491051909208793,1.0121175208036377,1.0,1.0,0.059841509000194935,0.9982678397806244,1.4006475855313625,0.15702113949084415,0.917555356460977,0.9700792454999025,3.0,1.1207368752677616,0.9429005495875394,1.0931798040892216,0.6666666666666666,0.974832212516779,7.567988606192532,0.9724956742548972,0.15480900726539928,,,,,provisional,0.0,0.0,,,,,,,,,,,,,,,,0.1065957380405383,0.2701125602646206,candidate,3.0,1.0,0.15651237758790978,0.035156989152036223,3.0
,,,,,,,,,,,,,,,,,,,,,8.0,0275,stage4_1201_best,3,1.069575609769456,0.885831511587751,1.012117520861197,1.0,1.0,0.05984150917626934,0.9982678397724087,1.4006475866220347,0.29720792721612305,0.9175553562078423,0.9700792454118653,3.0,1.4296552552442165,0.9944624493017239,1.0222623895643697,0.6666666666666666,0.9953859853541838,2.97549131458498,0.9925131364430223,0.3663871329416257,,,,,provisional,0.0,0.0,,,,,,,,,,,,,,,,0.28407961934085946,0.006884863314725097,selected,3.0,1.0,0.1612254978741978,0.013511333381711775,3.0
,,,,,,,,,,,,,,,,,,,,,8.0,0275,stage4_1201_best,8,1.0466935418397783,0.070354816614405,1.0039379354446947,1.0,1.0,0.027781156123728244,0.9995119664570604,1.106232413107558,0.046090312241287394,0.9790451460472941,0.9861094219381358,2.0,1.115146935244166,0.9356054023250637,1.1406208222235121,0.6666666666666666,0.958381220906085,7.590020692295841,0.9739003111103584,0.15067514236591575,,,,,final,0.0,0.0,,,,,,,,,,,,,,,,0.10229082810793107,0.28107620189388033,candidate,2.0,1.0,0.15562042858229372,0.04015272685606133,2.0
0.996043350150538,1.0135603670473894,0.6288146057731202,0.990060925969183,1.0299428883982296,0.6304997093536691,0.995471275991648,1.0155024476994987,0.6098285972840748,0.997994390419733,1.0075948908419117,0.613811548117465,0.9913762070280163,1.0265508080855326,0.6291686782576627,0.6276923366210212,0.5867834308517224,0.159296497840707,0.5093692056838367,0.5030535947420183,0.02158300767624641,8.0,0275,stage4_1201_best,2,1.0,0.6626449524081034,1.0036718793844215,1.0,1.0,0.02257674835003732,0.9995553536596512,1.086704933127973,0.1159642345167765,0.9818397193623015,0.9887116258249814,2.0,1.0,0.9926819874791487,1.0233277924259543,1.0,0.9948381765073933,1.9824413034560253,0.9872344930676615,0.5592314466297083,0.11964647471904755,0.9899386089260528,1.4157934091711004,1.030764355690134,final,0.0,0.0,0.6305641769138536,0.12856872630891855,0.18087950551695342,1.0,0.9981673007141059,1.006881709451977,0.9857046003096556,0.024322330559721238,1.0,0.001957838855579205,0.014857290426669448,0.9991531547197859,1.9802985234714048,0.9857046003096556,0.5686599320414941,0.28546032810073163,0.016254741552730465,selected,2.0,1.0,0.16117401572054418,0.01944916260155735,2.0
,,,,,,,,,,,,,,,,,,,,,8.0,0276,stage4_1201_best,8,1.0328442115248568,0.06964902176152869,1.0042389482390495,1.0,1.0,0.013995891465757537,0.999509413215787,1.8651869446135356,0.29972214753629167,0.6890372668065169,0.9930020542671212,2.0,1.059784672382818,0.8492587120666747,1.2332947791287616,1.0,0.9219193192127905,6.635944357934015,0.9091057896512525,0.26204537924104837,,,,,base,0.0,0.0,,,,,,,,,,,,,,,,0.1112895259118376,0.2652466643592687,candidate,2.0,1.0,0.1505359376024622,0.07862189065365416,2.0
,,,,,,,,,,,,,,,,,,,,,8.0,0276,stage4_1201_best,2,1.0,0.9982650587790365,1.0042081726544365,1.0,1.0,0.013258465127519966,0.9995118830419714,1.8574543904156988,0.8932527349843726,0.6894649577534929,0.9933707674362402,2.0,1.0,0.9970383267509233,1.0105124434660837,1.0,0.9979463819180868,1.9806880259040038,0.9859792543826162,0.56693761993795,,,,,base,0.0,0.0,,,,,,,,,,,,,,,,0.28798005760349893,0.001129241907118751,selected,2.0,1.0,0.16797105851216587,0.009469831284230013,2.0
,,,,,,,,,,,,,,,,,,,,,8.0,0276,stage4_1201_best,8,1.0429918860347274,0.07260028897854706,1.0049515394874775,1.0,1.0,0.013073624428230058,0.9994140239081257,1.9888072339830625,0.3306053980494913,0.5736585652261311,0.9934631877858849,2.0,1.067647714546517,0.8974737795827529,1.1601549474363826,1.0,0.9495083634234044,7.113368588322551,0.9425206724067984,0.2250291444411172,,,,,provisional,0.0,0.0,,,,,,,,,,,,,,,,0.10770630074512885,0.2607908362149602,candidate,2.0,1.0,0.1565891025468566,0.06131349771614816,2.0
,,,,,,,,,,,,,,,,,,,,,8.0,0276,stage4_1201_best,2,1.0,0.9987359236484876,1.0049054181752592,1.0,1.0,0.012218825667592349,0.9994185242194586,1.9774388867104957,0.9836232366104307,0.5741668343001529,0.9938905871662039,2.0,1.0,0.9969946894675918,1.0108822048775832,1.0,0.997860830047153,1.9868864229844359,0.9904938733327496,0.5540019481109891,,,,,provisional,0.0,0.0,,,,,,,,,,,,,,,,0.28796692571245075,0.0006840823963136533,selected,2.0,1.0,0.16799404497751,0.00941727679046922,2.0
,,,,,,,,,,,,,,,,,,,,,8.0,0276,stage4_1201_best,8,1.131734698190253,0.12276863121452762,1.0810035545868666,1.0,1.0,0.058260875531539205,0.9844695470799109,2.628745712449101,0.4633231687154307,0.49127562084833826,0.9708695622342305,3.0,1.4491908502804767,0.9484722706020835,1.0886210302887518,0.6666666666666666,0.9770545199002284,7.406564827436747,0.9626980955411196,0.197332534333597,,,,,final,0.0,0.0,,,,,,,,,,,,,,,,0.14742416175976086,0.28497142028722156,candidate,3.0,1.0,0.16245561961650068,0.03523234202647289,3.0
0.9970050155746075,1.013359470929256,0.5752266785106274,0.9929501266981023,1.0275656648032803,0.5862701810762437,0.9949143463837385,1.0217880723637542,0.5825263320324919,0.9973167444630008,1.0120012238957778,0.5634761287747968,0.9942485553482117,1.0232063146299102,0.5866505445640854,0.6276882285492664,0.39666111993737446,0.2278175046070615,0.6000329735956276,0.2305962469066799,0.006467835913480445,8.0,0276,stage4_1201_best,3,1.1311279351931385,0.90047636267248,1.0810001536092264,1.0,1.0,0.058158111297003,0.9844700016832941,2.626540327633378,0.8761363455528444,0.49134633720583504,0.9709209443514986,3.0,1.1056109063472848,0.9941616293866896,1.0235940882913939,1.0,0.9947864573868702,2.8901508997264056,0.965930330205012,0.455635009214123,0.12198396772146225,0.991943803743203,1.6345335886324206,1.0312411929394987,final,0.0,0.0,0.6276875084677641,0.2610823969211005,0.2278175046070615,1.1071315076354213,0.9972052421118477,1.011790771367189,0.9638295220685682,0.03122736050607322,1.0,0.0029280848892282146,0.012846601324452476,0.9984700202402788,2.883334837796455,0.9638295220685682,0.4595921250930046,0.28245415339920676,0.012129005537350973,selected,3.0,1.0,0.16730720617535738,0.005938005700499869,3.0
,,,,,,,,,,,,,,,,,,,,,8.0,0277,stage4_1201_best,8,1.0,0.03540391724696295,1.0194320525048157,1.0,1.0,0.036446101729736474,0.9972042295538608,1.887664966248077,0.30543058976423637,0.6658505689745057,0.9817769491351317,2.0,1.4367444364439859,0.7474342488433533,1.019284703193884,1.0,0.9960982672051638,6.890002761260315,0.92816188605403,0.19122748275090803,,,,,base,0.0,0.0,,,,,,,,,,,,,,,,0.07184875009887269,0.21498934897047925,candidate,2.0,1.0,0.17535624690243623,0.09317721600141739,2.0
,,,,,,,,,,,,,,,,,,,,,8.0,0277,stage4_1201_best,2,1.0,0.9913096829149627,1.0194320525048157,1.0,1.0,0.036446101729736474,0.9972042295538608,1.887664966248077,0.916291769292709,0.6658505689745057,0.9817769491351317,2.0,1.0,0.9948002940011464,1.0175815050871573,1.0,0.9962866725526789,1.9868737087776587,0.9904742986282078,0.551479398872183,,,,,base,0.0,0.0,,,,,,,,,,,,,,,,0.2870787726144539,0.006648390157423098,selected,2.0,1.0,0.20051645476944122,0.009659108152861716,2.0
,,,,,,,,,,,,,,,,,,,,,8.0,0277,stage4_1201_best,8,1.6820049946330085,0.21230187604747533,1.0301177457588426,1.0,1.0,0.037164417009262256,0.995705634222776,3.5396724826385864,0.607799063841175,0.44937170770128926,0.9814177914953688,4.0,1.342804158641787,0.5334112918256856,1.025918748467602,0.6666666666666666,0.9944385221936481,5.9115633589616,0.8545116304863076,0.19813613888590242,,,,,provisional,0.0,0.0,,,,,,,,,,,,,,,,0.1437403783866098,0.28736533361775823,candidate,4.0,1.0,0.15024516273343475,0.15216343255779047,4.0
,,,,,,,,,,,,,,,,,,,,,8.0,0277,stage4_1201_best,4,1.6820049944985953,0.9907420881685521,1.0301177458439457,1.0,1.0,0.037164416836963234,0.9957056342077591,3.5396724834001305,0.9116985959191554,0.44937170744641836,0.9814177915815183,4.0,1.1751730429404517,0.9939166709143229,1.0327374520553463,0.6666666666666666,0.9925367376497402,3.928842470363964,0.9870499255866312,0.30058151781786546,,,,,provisional,0.0,0.0,,,,,,,,,,,,,,,,0.287375347512874,0.008509909578336505,selected,4.0,1.0,0.200294170543421,0.00505257317741397,4.0
,,,,,,,,,,,,,,,,,,,,,8.0,0277,stage4_1201_best,8,1.9120020716980008,0.21285733164905926,1.0235800561690271,1.0,1.0,0.028438239852745073,0.9968201198032384,3.627930572204552,0.6196816701473823,0.4101797963163815,0.9857808800736275,3.0,1.3086171292994209,0.6571653152513222,1.024704638096804,0.6666666666666666,0.994713816267177,5.891808856557636,0.8529021919600065,0.2013072645267371,,,,,final,0.0,0.0,,,,,,,,,,,,,,,,0.14392420893487587,0.2871787106947469,candidate,3.0,1.0,0.15024401898235695,0.12480227174115166,3.0
0.9969008273532184,1.0152423717490093,0.3873070667763582,0.9945169190880235,1.0248769597736744,0.39237394444750384,0.9938392982676091,1.0271958514733313,0.38248710131071206,0.9989549758572253,1.005769435916142,0.3892265862250241,0.9924357877399593,1.0328354166963116,0.3856031482101961,0.6285119435912052,0.9244574713077748,0.15788134429730039,0.6559835192070868,1.1206595560110688,0.2214750123965239,8.0,0277,stage4_1201_best,3,1.338462005765111,0.9959825327685894,1.0199408359243616,1.0,1.0,0.026233485008178566,0.997228233727713,2.8838495819685046,0.9639829654173953,0.4610925116499393,0.9868832574959108,3.0,1.1283047535616368,0.9915920967999737,1.0341805712398922,0.6666666666666666,0.9920625653586073,2.988326332817685,0.9964505708920033,0.36543679231434223,0.10985162109136581,0.9914860240791693,1.5141316190590484,1.0365544188149787,final,0.0,0.0,0.5276095907727212,0.22302787028282878,0.08889292261823074,1.548413863141001,0.9993490359714623,1.0039821763105927,0.9981564252367253,0.017128751102203153,1.0,0.0012625541144071315,0.006703833178456828,0.999567090191545,2.9939311706722416,0.9981564252367253,0.36184585675510994,0.2871642671674917,0.005617627902519189,selected,3.0,1.0,0.2000390514046873,0.004890074536809117,3.0
,,,,,,,,,,,,,,,,,,,,,8.0,0278,stage4_1201_best,8,1.0273907913512834,0.1754113845175047,1.0227440592924302,1.0,1.0,0.05898010490414054,0.9964725122816086,1.9776111483519958,0.32547640265871053,0.7706261834712783,0.9705099475479297,3.0,1.83243079306404,0.5355135182171551,1.0026496319278169,0.6666666666666666,0.9995958879361555,5.97913038693171,0.8599783746657003,0.17928169262229368,,,,,base,0.0,0.0,,,,,,,,,,,,,,,,0.15369276708484564,0.2970153631133353,candidate,3.0,1.0,0.16501795858974166,0.21667574767817813,3.0
,,,,,,,,,,,,,,,,,,,,,8.0,0278,stage4_1201_best,3,1.0204596430459478,0.9697916630594362,1.0227220431383381,1.0,1.0,0.05770331153035085,0.9964812344932462,1.9570265996026317,0.6073072376752973,0.771823999235789,0.9711483442348245,3.0,1.0887465932512768,0.9999165719407066,1.0005958369203367,0.6666666666666666,0.9999180374107302,2.999360079752437,0.9998058107194263,0.339412675835671,,,,,base,0.0,0.0,,,,,,,,,,,,,,,,0.29216055640431426,0.0032140672698118228,selected,3.0,1.0,0.2200236163106124,0.002367260400233139,3.0
,,,,,,,,,,,,,,,,,,,,,8.0,0278,stage4_1201_best,8,1.535672868951256,0.36812774446187607,1.0542328697982057,1.0,1.0,0.07394069465737399,0.991206112881056,3.55578718016962,0.6085430213905861,0.5244564477023356,0.9630296526713131,5.0,1.7145415084133773,0.5351831477508561,1.006548116282044,0.6666666666666666,0.9988778582511872,5.927592928690174,0.8558138524840182,0.19335815900911513,,,,,provisional,0.0,0.0,,,,,,,,,,,,,,,,0.21322381320730538,0.2568358219848397,candidate,5.0,1.0,0.16489262175513805,0.21749265601664639,5.0
,,,,,,,,,,,,,,,,,,,,,8.0,0278,stage4_1201_best,5,1.5356822303047761,0.9385221010751286,1.054243363063786,1.0,1.0,0.073897403523801,0.991206276238435,3.554885913983034,0.7861205370735713,0.5244698848253262,0.9630512982380995,5.0,1.730387121212401,0.9988113541708694,1.007258164482205,1.0,0.9987408684678848,4.934674756946738,0.9918247342123391,0.23412748175294398,,,,,provisional,0.0,0.0,,,,,,,,,,,,,,,,0.29556943442038386,0.013705810973515658,selected,5.0,1.0,0.21974775655047116,0.005064220621554354,5.0
,,,,,,,,,,,,,,,,,,,,,8.0,0278,stage4_1201_best,8,1.472861599519272,0.3590841636289947,1.0531159098716574,1.0,1.0,0.07230303803537708,0.9913304034452101,3.5590555528653063,0.6089369512585694,0.5246291307325117,0.9638484809823115,4.0,1.684364613564805,0.5351690756646608,1.0069271788073777,0.6666666666666666,0.9988017136433767,5.947424812517565,0.8574204992923101,0.1913239769698708,,,,,final,0.0,0.0,,,,,,,,,,,,,,,,0.19352333348890333,0.28211836232514154,candidate,4.0,1.0,0.16491392136826138,0.21764958130903955,4.0
0.9986784636838827,1.007493391693525,0.33193848448236674,0.9972837785826126,1.0135803631568345,0.34983911317620947,0.9973597932230431,1.0149273649031276,0.33546312038160886,0.9989653921477905,1.0059495685817652,0.32881741727609964,0.9979052423435282,1.0111314798329647,0.3391983941360322,0.5301190328582355,0.3016155146001606,0.09962959537196665,0.5581646805101513,0.5019519383442721,0.1904697119975877,8.0,0278,stage4_1201_best,4,1.5377644394893966,0.932950427405868,1.0379273579796107,1.0,1.0,0.06089038524657493,0.994237091872301,2.689403007872373,0.7111217811721326,0.625530453911312,0.9695548073767125,4.0,1.5474075645234358,0.998566912314156,1.008670459848315,1.0,0.9984360088815215,3.95773118697844,0.9923317470051009,0.295369434785473,0.0810321718454361,0.9971610817588293,1.3134536373312975,1.0141968676757906,final,0.0,0.0,0.42822068522451295,0.2774121792624788,0.11706374087647199,1.6702130876641001,0.9989155977702905,1.0060163200520094,0.993867286630593,0.021124694363967557,1.0,0.0018516638845562773,0.006349098933396827,0.9993201400172212,3.9661569621159587,0.993867286630593,0.29038908494573806,0.2974112810280106,0.015020726450806111,selected,4.0,1.0,0.2197270450601433,0.005634853043891903,4.0
,,,,,,,,,,,,,,,,,,,,,8.0,0279,stage4_1201_best,8,1.2328765669715482,0.5084446053893747,1.0474457573062488,0.984375,0.9715909090909091,0.05977538836773915,0.9919776944268097,3.6852205595674614,0.6252588102073703,0.4627037414188128,0.9701123058161304,6.0,1.3536203637491848,0.7488546739463712,1.0104917169098764,0.6666666666666666,0.9980284063905646,6.97589737763646,0.9341260694600025,0.16059661129174116,,,,,base,0.0,0.0,,,,,,,,,,,,,,,,0.2193571853183879,0.21888930593799025,candidate,6.0,1.0,0.14100870361316578,0.12344497020940816,6.0
,,,,,,,,,,,,,,,,,,,,,8.0,0279,stage4_1201_best,6,1.2328765631485246,0.9490965966605294,1.0474457571880311,0.984375,0.9715909090909091,0.05977538824373832,0.9919776944631116,3.685220560286337,0.7256493780406982,0.46270374099892225,0.9701123058781307,6.0,1.304827742436469,0.9982415564729973,1.011730644805768,0.6666666666666666,0.9977496959320328,5.979000242354317,0.9980428476084671,0.18972921851771277,,,,,base,0.0,0.0,,,,,,,,,,,,,,,,0.29244110796453554,0.007878679329447164,selected,6.0,1.0,0.16111155606145866,0.007705764537039849,6.0
,,,,,,,,,,,,,,,,,,,,,8.0,0279,stage4_1201_best,8,1.0270834994931053,0.17397763970803132,1.0163277557433854,1.0,1.0,0.05967871060510809,0.9975810454924294,1.8475089075366788,0.29228300964901616,0.806362257169203,0.970160644697446,3.0,1.3955026917613442,0.5341873606237872,1.0161437286895671,0.6666666666666666,0.996796166861525,5.929222950675839,0.8559393885504855,0.19163090700389143,,,,,provisional,0.0,0.0,,,,,,,,,,,,,,,,0.1498514028703654,0.2931296511827827,candidate,3.0,1.0,0.12067198633134267,0.2070961948546988,3.0
,,,,,,,,,,,,,,,,,,,,,8.0,0279,stage4_1201_best,3,1.0099070733694062,0.9623894792273514,1.0161995239020942,1.0,1.0,0.05669271960384001,0.9976118553078407,1.815768291561317,0.5389678669719575,0.808616963095718,0.97165364019808,3.0,1.1222125512641952,0.9978988753863739,1.0102608519321223,0.6666666666666666,0.998028079589783,2.9950078109682643,0.9984822438577874,0.3477457525123402,,,,,provisional,0.0,0.0,,,,,,,,,,,,,,,,0.28973795497409394,0.003685463031239885,selected,3.0,1.0,0.16106664199097329,0.009005672752399267,3.0
,,,,,,,,,,,,,,,,,,,,,8.0,0279,stage4_1201_best,8,1.030950182948012,0.1781277810612963,1.019645455438772,1.0,1.0,0.05939142780210451,0.9970207954420337,2.060932988438112,0.34551489361812054,0.7510705994131275,0.9703042860989477,3.0,1.3458266392781837,0.5336770085606459,1.0203393822324045,0.6666666666666666,0.9958032742097133,5.929676589314248,0.8559729339313161,0.19165677936241451,,,,,final,0.0,0.0,,,,,,,,,,,,,,,,0.14968780797056389,0.29233448113203075,candidate,3.0,1.0,0.12059390537511991,0.2078631064637627,3.0
0.9988318504074165,1.0060073636063047,0.36666654467887166,0.9975209333315451,1.0115420130925599,0.36999542395821844,0.9979832301450934,1.0098539965678912,0.36449559316417546,0.9992437836404743,1.0041627437558878,0.35988659011498747,0.9974227247623441,1.0119967449033718,0.36922178000194855,0.5842865638940276,1.1253960747362814,0.2615553081591035,0.5842731328761692,1.1253960747362814,0.2615553081591035,8.0,0279,stage4_1201_best,3,1.0120974755930023,0.9750790684752353,1.0194737490212558,1.0,1.0,0.05634171571016324,0.9970607550857892,2.019553687380983,0.6369050917780448,0.7536629365338191,0.9718291421449184,3.0,1.0997510860690813,0.9971851398775736,1.0129257632255997,0.6666666666666666,0.9974266128283272,2.992242506228424,0.997639245539997,0.35102774682827104,0.13252723217010498,0.9968045109701379,1.5213384163132673,1.0145849354370784,final,0.0,0.0,0.500311287149307,0.10990805312379753,0.0031925673197854276,1.058038465659234,0.99951141005329,1.0027322366668328,0.9984187283996275,0.013452598350704992,1.0,0.0010996574431336203,0.0054425148477449045,0.9997027601237383,2.9947943796265024,0.9984187283996275,0.34947213268877886,0.2894953928290619,0.0027671334507658415,selected,3.0,1.0,0.16098680644242916,0.01036026670164383,3.0
,,,,,,,,,,,,,,,,,,,,,8.0,0280,stage4_1201_best,8,1.0,0.004368420341836542,1.0000005177926798,1.0,1.0,6.851594007010386e-05,0.9999999716105566,1.000158290259842,7.572624324458959e-05,0.9999792899565474,0.9999657420299649,1.0,1.3417060357586295,0.3568775855539986,1.005402930155927,0.6666666666666666,0.9990680331027485,4.981407910765007,0.7721844589719431,0.2181270608130128,,,,,base,0.0,0.0,,,,,,,,,,,,,,,,0.07294144092681902,0.23913247111921138,candidate,1.0,1.0,0.12379961336562159,0.25993492931700707,1.0
,,,,,,,,,,,,,,,,,,,,,8.0,0280,stage4_1201_best,1,0.0,0.0,1.0,1.0,1.0,0.0,1.0,1.0,0.0,1.0,1.0,1.0,0.0,0.0,1.0,1.0,1.0,1.0,0.0,1.0,,,,,base,0.0,0.0,,,,,,,,,,,,,,,,0.2880228852271988,0.0,selected,1.0,1.0,0.19805283474125412,0.0,1.0
,,,,,,,,,,,,,,,,,,,,,8.0,0280,stage4_1201_best,8,1.0289434374951691,0.15650442449399662,1.014574381915907,1.0,1.0,0.05497177558168297,0.9978374399372171,1.4327977853294775,0.16758774531993212,0.9080409239834856,0.9725141122091585,3.0,1.7324801563677295,0.35697928561419484,1.0031424792383408,1.0,0.9995086519921421,4.985503905038929,0.7725795829802962,0.22405617272411105,,,,,provisional,0.0,0.0,,,,,,,,,,,,,,,,0.15366989228778785,0.3007603050236509,candidate,3.0,1.0,0.12381673156977722,0.2593887176568317,3.0
,,,,,,,,,,,,,,,,,,,,,8.0,0280,stage4_1201_best,3,1.0261481403854327,0.8915001099098626,1.0145951072786077,1.0,1.0,0.053923989440517996,0.9978410462312903,1.4256792622603873,0.3135841326163433,0.9085714390282854,0.973038005279741,3.0,1.9715287745562617,0.9996410320635646,1.0023961129298542,0.6666666666666666,0.999641662156337,2.9995372602691064,0.9998595851616713,0.33966176716763236,,,,,provisional,0.0,0.0,,,,,,,,,,,,,,,,0.29894623458449227,0.010697876711416773,selected,3.0,1.0,0.19803836839495353,0.0034652171670472775,3.0
,,,,,,,,,,,,,,,,,,,,,8.0,0280,stage4_1201_best,8,1.0298454456984611,0.18833571100938246,1.0184206711300123,1.0,1.0,0.06266299534165908,0.9971666050544067,1.619699183403224,0.22561329634769098,0.8704569314967193,0.9686685023291705,3.0,1.8660719052026191,0.35698473326226754,1.0031934288556694,1.0,0.999503942640334,4.989479729173678,0.7729630223054677,0.22193651300190667,,,,,final,0.0,0.0,,,,,,,,,,,,,,,,0.1507900771069566,0.29637209886484056,candidate,3.0,1.0,0.1238167738133423,0.25929903152734934,3.0
0.999684806347431,1.0020344237520367,0.34426193377390996,0.9993452957125047,1.0039491585771136,0.34893642764051996,0.998988174167834,1.005684155756828,0.34375599468265333,0.9997871634585863,1.0014193022142195,0.3415156243219652,0.9994853395649298,1.0032254215786596,0.34766960259355345,0.756031279309834,0.2486566769714347,0.3363819702140544,0.7559146965225175,0.1828571219434294,0.33484465886694004,8.0,0280,stage4_1201_best,3,1.0244256651583519,0.9235413704265697,1.0182137142944192,1.0,1.0,0.05721437845306876,0.9972303514277613,1.5632622576379085,0.3983024360409303,0.8756716615142827,0.9713928107734656,3.0,1.7061654311754486,0.9995892591437529,1.0026617701446368,0.6666666666666666,0.9995906202232187,2.9993079086731953,0.9997899825153721,0.34102779965565416,0.08882643282413483,0.9994870892133566,1.3652650131604525,1.0032679255806227,final,0.0,0.0,0.5007774706870562,0.06579955502800529,0.001728961932916287,1.1361770889075395,0.9998283318129421,1.001138636277322,0.9997614975408342,0.008611199099086853,0.5347900390625,0.0006197868077448537,0.0033332683498297055,0.9998887565026492,2.9992140973613384,0.9997614975408342,0.3387626132071654,0.2967884078425714,0.0088999487490006,selected,3.0,1.0,0.1980369026612188,0.003221852829205503,3.0
,,,,,,,,,,,,,,,,,,,,,8.0,0281,stage4_1201_best,8,1.02910910746254,0.20535707571157552,1.018825846628054,1.0,1.0,0.07232981568880902,0.9971206674585679,2.1148063648815474,0.35603587830325273,0.7799917132983282,0.9638350921555955,4.0,1.5407015083653492,0.5348828705628357,1.0104005813108041,0.6666666666666666,0.9980827114204597,5.991679006797825,0.8609867641614328,0.17668587378732392,,,,,base,0.0,0.0,,,,,,,,,,,,,,,,0.14474458068359794,0.2891301413315597,candidate,4.0,1.0,0.1941688640662869,0.22769025716455812,4.0
,,,,,,,,,,,,,,,,,,,,,8.0,0281,stage4_1201_best,4,1.0291091084815602,0.9583330200598675,1.0188258466095526,1.0,1.0,0.07232981574063511,0.9971206674644245,2.1148063649189766,0.5340538174831623,0.7799917132858548,0.9638350921296825,4.0,1.064780996997246,0.9987881048225601,1.007466191875526,0.6666666666666666,0.9986141097905347,3.995219371439042,0.9991373368201479,0.2652936397742268,,,,,base,0.0,0.0,,,,,,,,,,,,,,,,0.2893837430825445,0.005278348864046885,selected,4.0,1.0,0.25888667915753744,0.008743132984444518,4.0
,,,,,,,,,,,,,,,,,,,,,8.0,0281,stage4_1201_best,8,1.0134283368082326,0.10658186859310573,1.0059651856741403,1.0,1.0,0.038065220926048644,0.9991851382033952,1.1343666588127839,0.056473010985663034,0.9735184636263381,0.9809673895369756,2.0,1.0489112180542224,0.21408374069381658,1.0052499509475903,1.0,0.9990678026673825,3.9810964527166433,0.6643885102683246,0.28903677079225315,,,,,provisional,0.0,0.0,,,,,,,,,,,,,,,,0.11093251808282684,0.35707279733080777,candidate,2.0,1.0,0.12950767066997926,0.2975336907654583,2.0
,,,,,,,,,,,,,,,,,,,,,8.0,0281,stage4_1201_best,2,1.0,0.621537579850241,1.0052903653887972,1.0,1.0,0.027755084612078516,0.9993136385550708,1.0927310902587195,0.12246003994150059,0.9798587222093117,0.9861224576939608,2.0,1.0,0.9992175527079585,1.0032823927664578,1.0,0.999446855014308,1.984266127405548,0.9886016137264342,0.5620015967447378,,,,,provisional,0.0,0.0,,,,,,,,,,,,,,,,0.28762748483295564,0.026001937523898268,selected,2.0,1.0,0.2588951278308498,0.008066844064863172,2.0
,,,,,,,,,,,,,,,,,,,,,8.0,0281,stage4_1201_best,8,1.0123542382550372,0.10934904238258396,1.006993839853899,1.0,1.0,0.04397784997918637,0.999029478525952,1.1709406551703323,0.07109329417219493,0.9662372161959598,0.9780110750104068,2.0,1.0389765916463645,0.21405710664066,1.005950368619334,1.0,0.9989239364923757,3.9850822546585403,0.6648697071542689,0.28369346406584944,,,,,final,0.0,0.0,,,,,,,,,,,,,,,,0.1193618537821609,0.3519039214039356,candidate,2.0,1.0,0.12951270011039503,0.29761194694124193,2.0
0.9997896729062257,1.001062677696757,0.5405606266135661,0.9997045943830288,1.0014422638196978,0.5421233656875848,0.9984706310015231,1.0062108744373728,0.5523060488680893,0.999760281883295,1.0011949026850266,0.542689994324734,0.9996045667346569,1.0018722309704975,0.5446862867257412,0.6611864794524609,0.4188374626855425,0.25692349575253737,0.6601268867127412,0.40165628269636144,0.25692349575253737,8.0,0281,stage4_1201_best,2,1.0,0.6054131607740056,1.0018279855270507,1.0,1.0,0.015695805487431345,0.9997989007211677,1.0537972833933142,0.07325686385022127,0.9894104446286262,0.9921520972562842,2.0,1.0,0.9994387163537769,1.0025356654825621,1.0,0.9995876505886739,1.9949610516580183,0.9963594599917905,0.5345091409610381,0.07887693494558334,0.9994132978038044,1.4013262491835405,1.0026707089325866,final,0.0,0.0,0.6003819836006644,0.019103444838628504,0.013746227891849866,1.0,0.9998391741310351,1.000834835469205,0.9989683136313606,0.007207325861076624,1.0,0.0008209034369234175,0.004477792331664278,0.9999200205773735,1.9985704025591566,0.9989683136313606,0.5183684689051227,0.28943645096094855,0.027080440985179886,selected,2.0,1.0,0.2589767082542524,0.006342403248745206,2.0
,,,,,,,,,,,,,,,,,,,,,8.0,0282,stage4_1201_best,8,1.2226511341053206,0.29180500622590305,1.015130920570202,1.0,1.0,0.05069450343116213,0.9979167746613918,2.05688239041437,0.3452118543025492,0.7669344732868616,0.9746527482844191,4.0,1.1695428588730483,0.7482391263893922,1.014903932549024,1.0,0.996993694793748,6.955504917045707,0.9327150664356231,0.16841293070840072,,,,,base,0.0,0.0,,,,,,,,,,,,,,,,0.1854823646078561,0.27448115522138833,candidate,4.0,1.0,0.19159408311265866,0.1310788275613639,4.0
,,,,,,,,,,,,,,,,,,,,,8.0,0282,stage4_1201_best,4,1.2186567276071527,0.9486382530006009,1.0151005630987628,1.0,1.0,0.04894148598292522,0.9979266759011904,2.038200477042732,0.5117953227891261,0.7679864585105419,0.9755292570085373,4.0,1.156208886245782,0.9961617724991644,1.018245379276748,1.0,0.9961992565699371,3.9698728021602814,0.9945377460478605,0.2847222803848957,,,,,base,0.0,0.0,,,,,,,,,,,,,,,,0.2908699381539064,0.008654203336534995,selected,4.0,1.0,0.21881434667230526,0.01687571265185615,4.0
,,,,,,,,,,,,,,,,,,,,,8.0,0282,stage4_1201_best,8,1.0481753112672596,0.3153637662449892,1.0283316518169001,1.0,1.0,0.0561842439953175,0.9954895729695461,2.607294575241644,0.4591428686297101,0.6317402687812331,0.9719078780023412,3.0,1.1276060721512489,0.7442303015452402,1.028520432395429,0.6666666666666666,0.9935014311056726,6.85253389552723,0.9255121960573316,0.1750342490487253,,,,,provisional,0.0,0.0,,,,,,,,,,,,,,,,0.18834349527369668,0.2783670793298744,candidate,3.0,1.0,0.19194428021768128,0.1326118165705655,3.0
,,,,,,,,,,,,,,,,,,,,,8.0,0282,stage4_1201_best,3,1.0130940578649557,0.987937035037528,1.0278347100125413,1.0,1.0,0.05151232979447335,0.9955890411964727,2.4643657171060886,0.8196355934162541,0.6385967986252382,0.9742438351027634,3.0,1.6208550970387177,0.9993234388296943,1.0039062678024102,0.6666666666666666,0.9993678083242162,2.993957627305857,0.9981643003624796,0.350836498511604,,,,,provisional,0.0,0.0,,,,,,,,,,,,,,,,0.28939158188936476,0.001402077711099783,selected,3.0,1.0,0.2192280371156502,0.006211357698992456,3.0
,,,,,,,,,,,,,,,,,,,,,8.0,0282,stage4_1201_best,8,1.0088945711457624,0.11452437646578874,1.0223897851068091,1.0,1.0,0.05507432106982104,0.996536707299163,2.1823180712914128,0.3739769454296124,0.7222943138412736,0.9724628394650895,3.0,1.1025041045545683,0.7427175423310973,1.036910126632787,0.6666666666666666,0.9911472114215886,6.855880982215047,0.9257416133628965,0.17471020766070536,,,,,final,0.0,0.0,,,,,,,,,,,,,,,,0.10882936723308524,0.2968064554954667,candidate,3.0,1.0,0.19156458692877992,0.13663640495037027,3.0
0.9997131201107446,1.0018274094642983,0.35789781437469154,0.9995808885950996,1.0025793533138132,0.3645019998667304,0.9993107351943458,1.0039302503430174,0.3558999319434882,0.9997260501745568,1.0017530921641884,0.3516423282037915,0.9996405474051127,1.0022866679871152,0.36209905775425844,0.5296774264695441,0.1721439051346539,0.13118107137590126,0.529653959373327,0.2797373471690205,0.13118107137590126,8.0,0282,stage4_1201_best,3,1.0088940439499736,0.9831063239741552,1.0223899291984586,1.0,1.0,0.055072640141685406,0.9965367075692002,2.1822995134181906,0.7078528783111901,0.7222948273591299,0.9724636799291573,3.0,1.7594223299681706,0.9995622105203875,1.0027471840089133,0.6666666666666666,0.9995773941423156,2.9969906645125364,0.9990863194042939,0.3465140858567041,0.14031918346881866,0.9995995410990298,1.5259661422608408,1.002545392916517,final,0.0,0.0,0.5001399943637109,0.1673960574677831,0.004330295427678983,1.3070398171342852,0.9998281874489066,1.0011220902393527,0.9989622050424811,0.008032892733017983,0.5677490234375,0.0007482433059022893,0.003290639280444256,0.9998921815917591,2.9965818577636396,0.9989622050424811,0.34544977561193324,0.2900361434756008,0.0016786294530522206,selected,3.0,1.0,0.2192460009073491,0.004933018783796264,3.0
,,,,,,,,,,,,,,,,,,,,,8.0,0283,stage4_1201_best,8,0.0,0.0,1.0,1.0,1.0,0.0,1.0,1.0,0.0,1.0,1.0,1.0,1.1870789763345388,0.9654813225013025,1.0789147218084485,1.0,0.9813609579542971,7.522148343270972,0.9701254096968696,0.17006742345569198,,,,,base,0.0,0.0,,,,,,,,,,,,,,,,0.03609509375620227,0.12500004967053732,candidate,1.0,1.0,0.22340590559983795,0.00878431791149306,1.0
,,,,,,,,,,,,,,,,,,,,,8.0,0283,stage4_1201_best,1,0.0,0.0,1.0,1.0,1.0,0.0,1.0,1.0,0.0,1.0,1.0,1.0,0.0,0.0,1.0,1.0,1.0,1.0,0.0,1.0,,,,,base,0.0,0.0,,,,,,,,,,,,,,,,0.2880228852271988,0.0,selected,1.0,1.0,0.2257562239092294,0.0,1.0
,,,,,,,,,,,,,,,,,,,,,8.0,0283,stage4_1201_best,8,1.4195075919611944,0.09361201767573964,1.016773467003102,1.0,1.0,0.041889931789990655,0.9976749456057021,1.6682429912969283,0.2459177603882317,0.8515575427570026,0.9790550341050047,3.0,1.9171163657495056,0.9522181520940501,1.1317978775491457,0.8,0.9715740182907732,7.647160310909491,0.9780764359162699,0.16158470373787065,,,,,provisional,0.0,0.0,,,,,,,,,,,,,,,,0.1086092301574641,0.26930330795617247,candidate,3.0,1.0,0.22343545407793355,0.0295090708094594,3.0
,,,,,,,,,,,,,,,,,,,,,8.0,0283,stage4_1201_best,3,1.4195075840053415,0.8737121651641733,1.0167734670168032,1.0,1.0,0.04188993186616289,0.9976749456021786,1.6682429926434563,0.4654704966293877,0.8515575424212338,0.9790550340669184,3.0,1.2951144335406903,0.9860036808880004,1.0606486243572684,0.8,0.9877855496329314,2.969255218300561,0.9905215399707944,0.38412145279161625,,,,,provisional,0.0,0.0,,,,,,,,,,,,,,,,0.28944892758582125,0.013966555561549137,selected,3.0,1.0,0.22507931242299722,0.024004382568497587,3.0
,,,,,,,,,,,,,,,,,,,,,8.0,0283,stage4_1201_best,8,1.4191893991927438,0.1255068101838278,1.0171554495140758,1.0,1.0,0.04197270290033089,0.9976083024139116,1.7403245247977128,0.2662152189383357,0.8347707310374224,0.9790136485498345,3.0,1.911814042753899,0.9493999212856453,1.1438438964593691,0.8,0.9685657780223785,7.643810341854632,0.9778315623720849,0.16134483297189858,,,,,final,0.0,0.0,,,,,,,,,,,,,,,,0.150055774216029,0.2983512034655969,candidate,3.0,1.0,0.22326603172844137,0.030556878326030455,3.0
0.9943820810330699,1.0272488266205984,0.40591401978406233,0.9865136555629742,1.057703381207398,0.4269183390556897,0.9945668771262692,1.026400220101629,0.40678177576240115,0.9970911365119101,1.0153229146512373,0.402479129162928,0.9861729860861611,1.0592127470835722,0.4029418339310099,0.7553245341986848,0.32950956971445217,0.5729220128813173,0.7553698802190305,0.29688491515753257,0.5732735888942949,8.0,0283,stage4_1201_best,3,1.3843326363832646,0.8893608140571229,1.017123859051377,1.0,1.0,0.04121293090914637,0.9976128512092796,1.7346417285150217,0.5008848842835226,0.835245215142774,0.9793935345454269,3.0,1.2967094506198371,0.9864175817792052,1.0590742248474927,0.8,0.9881299074826073,2.9682833635988457,0.99022747026775,0.3861697827876377,0.17353937029838562,0.9837763087478741,1.201709534039292,1.0676469167188574,final,0.0,0.0,0.5005225416114553,0.04368264637581005,0.0023588051527894996,1.1711655736300701,0.999056624943481,1.0055048860357685,0.9964678571123012,0.020088734976838052,1.0,0.0012866969511143031,0.007758847640164872,0.9993546389038782,2.9883877170026834,0.9964678571123012,0.37247811490886856,0.2881494177337462,0.011573824613435119,selected,3.0,1.0,0.22505597443704803,0.02408644753459676,3.0
,,,,,,,,,,,,,,,,,,,,,8.0,0284,stage4_1201_best,8,1.2338059689494945,0.15265607297462666,1.0031918076699038,1.0,1.0,0.022405480873245984,0.9996550312021735,1.5868404188305725,0.22167550491575022,0.835562604210191,0.9887972595633769,2.0,1.2256704385654054,0.9816932512729438,1.063641769057208,0.4,0.9865707947633313,7.907250070537754,0.9943589325168126,0.14223277881904633,,,,,base,0.0,0.0,,,,,,,,,,,,,,,,0.1653481501803201,0.29077849271103906,candidate,2.0,1.0,0.22778056828167922,0.005421403222748476,2.0
,,,,,,,,,,,,,,,,,,,,,8.0,0284,stage4_1201_best,2,1.0,0.9954253479349202,1.002881854077734,1.0,1.0,0.01825963555006542,0.9996842377371437,1.5560716691199532,0.6375684454028344,0.8382499613344446,0.9908701822249675,2.0,1.0,0.9998181939502917,1.0009367436170369,0.8,0.9998864251649495,1.9997578716908708,0.9998253262135914,0.5071852296887741,,,,,base,0.0,0.0,,,,,,,,,,,,,,,,0.2867466991484068,0.0016833585405787142,selected,2.0,1.0,0.22761145303874694,0.003824661260587164,2.0
,,,,,,,,,,,,,,,,,,,,,8.0,0284,stage4_1201_best,8,1.627234588682755,0.33389930154479536,1.0080661739004653,1.0,1.0,0.045217308345728374,0.9990694738140613,1.8636503933339152,0.2974337509346449,0.837500959327063,0.9773913458271358,4.0,1.5635278327892375,0.959469755367044,1.1092201143816958,0.4,0.9756837737698252,7.7919759854020025,0.9872305702024795,0.1528576009262283,,,,,provisional,0.0,0.0,,,,,,,,,,,,,,,,0.1800364443907825,0.2698265961639031,candidate,4.0,1.0,0.22766630345847508,0.03194192586174349,4.0
,,,,,,,,,,,,,,,,,,,,,8.0,0284,stage4_1201_best,4,1.6175170891839898,0.9594326081339579,1.0079571800409708,1.0,1.0,0.04295203512697111,0.9990804387250869,1.8113605168219713,0.42606808152701936,0.8416939857791365,0.9785239824365145,4.0,2.0572203143957566,0.9954644801469459,1.0254505885412115,0.6,0.9957577505139955,3.9874392711797073,0.9977301543153778,0.2756991656109299,,,,,provisional,0.0,0.0,,,,,,,,,,,,,,,,0.28293744164269,0.0045811261064402035,selected,4.0,1.0,0.2274290374169146,0.0140528691939489,4.0
,,,,,,,,,,,,,,,,,,,,,8.0,0284,stage4_1201_best,8,1.5280897084071368,0.3558302627376607,1.0073628111041357,1.0,1.0,0.04610223760020275,0.9991548110588118,1.811484425199345,0.2834047085946135,0.8495449946865098,0.9769488811998986,5.0,1.4893957106789835,0.9588465531982407,1.1130386336653337,0.4,0.9744282992486841,7.795885767878983,0.9874755442234339,0.15272850486229708,,,,,final,0.0,0.0,,,,,,,,,,,,,,,,0.17778385061401555,0.25289596254658997,candidate,5.0,1.0,0.22750635590062387,0.032537953218863165,5.0
0.9975895384046357,1.0157290529146095,0.24082341427697138,0.9951999601101249,1.028701839034843,0.2465015673151822,0.9966378068522905,1.0215619828340046,0.25247109166458914,0.9989056100516688,1.0079925138677865,0.2380398436912098,0.9950661996705916,1.0294520195308896,0.24508400679376577,0.6832562183254354,0.16888806373055257,0.4997173379716893,0.6563837696658014,0.17323435713499782,0.4199506999424181,8.0,0284,stage4_1201_best,5,1.5280919797525025,0.9465405394339858,1.0073628143960438,1.0,1.0,0.04610208263592583,0.9991548110641102,1.811482882967522,0.36616686215642064,0.8495450407549114,0.976948958682037,5.0,2.005658262464373,0.9961837113177772,1.0231317339972437,0.6,0.9961812404762485,4.986277246063034,0.9982918209778905,0.22098575361477799,0.18358667194843292,0.9942900025147978,1.1183042044566744,1.0334450008349068,final,0.0,0.0,0.4276207200563606,0.042009562158820755,0.16270004809972802,1.5234562230347157,0.9994643789425213,1.0040960514160908,0.9983810024079173,0.015217817368980473,0.8172607421875,0.001011671137838716,0.0036861778375034716,0.9995523841834718,4.986990644322172,0.9983810024079173,0.2210987154499241,0.2843909116021659,0.010346926270788868,selected,5.0,1.0,0.2274259592640801,0.013138715043618151,5.0
,,,,,,,,,,,,,,,,,,,,,8.0,0285,stage4_1201_best,8,2.255388943961114,0.352887377030659,1.0181891097054723,1.0,1.0,0.031524098205679696,0.9976686130363575,3.7761519488120108,0.6387942726729029,0.49418584705373086,0.9842379508971603,5.0,1.0296841667679908,0.9420368354961436,1.229271650400345,0.6,0.9366133416246033,7.773408762252569,0.9860239615694935,0.15564489156062752,,,,,base,0.0,0.0,,,,,,,,,,,,,,,,0.18098816380441415,0.2689544276501976,candidate,5.0,1.0,0.17508893115495663,0.019453101018323617,5.0
,,,,,,,,,,,,,,,,,,,,,8.0,0285,stage4_1201_best,5,2.255388929858174,0.9880846555052891,1.0181891099389972,1.0,1.0,0.03152409843223087,0.9976686130000427,3.776151950403273,0.8253411562701419,0.4941858468143148,0.9842379507838845,5.0,1.6430774928309102,0.9994518483534408,1.004182522246832,0.6,0.9994332865923671,4.996721064137533,0.9995922695145132,0.20927677086102808,,,,,base,0.0,0.0,,,,,,,,,,,,,,,,0.28951781255721326,0.00399258814852253,selected,5.0,1.0,0.17613582921664972,0.002324412946341443,5.0
,,,,,,,,,,,,,,,,,,,,,8.0,0285,stage4_1201_best,8,1.4731952122524385,0.3428154913698352,1.0117394782052145,1.0,1.0,0.05237438975718697,0.9985585251707728,2.4847898826580495,0.4361870028122998,0.7397230766556552,0.9738128051214064,5.0,1.1359407135979571,0.9554537196660383,1.158895058535534,0.4,0.9595710253006213,7.78199252955981,0.986530884206901,0.1526252452608516,,,,,provisional,0.0,0.0,,,,,,,,,,,,,,,,0.18031589298593098,0.2704220426670318,candidate,5.0,1.0,0.17533797815864427,0.006116479258537428,5.0
,,,,,,,,,,,,,,,,,,,,,8.0,0285,stage4_1201_best,5,1.4731952102985626,0.9598833758669951,1.011739478145806,1.0,1.0,0.05237438965862169,0.9985585251776271,2.4847898809167273,0.5635665507240726,0.7397230769776239,0.9738128051706891,5.0,2.270842994146853,0.9986671193597614,1.0091773473694325,0.8,0.998683791529207,4.993958050277455,0.9992485070518247,0.21359689865383152,,,,,provisional,0.0,0.0,,,,,,,,,,,,,,,,0.2884421792283749,0.008228740354029752,selected,5.0,1.0,0.17608322614217858,0.005429466483550012,5.0
,,,,,,,,,,,,,,,,,,,,,8.0,0285,stage4_1201_best,8,1.4479079827473245,0.34069560090439205,1.0098561427203254,1.0,1.0,0.05167556379232965,0.9988085979676653,2.2675025635880854,0.39179929021378773,0.7782177836553883,0.9741622181038352,5.0,1.1418381795570773,0.9594275659141008,1.1482411078933954,0.4,0.9633274355722211,7.7997972775042514,0.9875972345257755,0.15031722745110213,,,,,final,0.0,0.0,,,,,,,,,,,,,,,,0.17994581799255202,0.2709212614564442,candidate,5.0,1.0,0.17556731487109667,0.00828740094873425,5.0
0.9990815322795189,1.0067593136885897,0.22412045776726014,0.9978908743929349,1.014053583661893,0.23121393116783187,0.9988029858476246,1.0085455956615137,0.22194784778880117,0.9996200826739005,1.0031444728458994,0.2173055369178297,0.9982495990337759,1.0119418293117746,0.23010372439583923,0.3043130761972651,1.1241451773105549,0.020922974423433594,0.30324868434553587,1.049481010402123,0.02123992967018143,8.0,0285,stage4_1201_best,5,1.4479079858323327,0.95394768257557,1.0098561426880572,1.0,1.0,0.05167556357920819,0.9988085979723247,2.2675025649144245,0.5062163096822531,0.7782177834292133,0.974162218210396,5.0,2.0886992814840433,0.9986886516235849,1.0089674069295065,0.8,0.9987037240692154,4.993920261530586,0.9992437331163334,0.21331524803335328,0.17214512825012207,0.9978172723151009,1.1601051418408594,1.0145443990529144,final,0.0,0.0,0.3004202807360679,0.0813067869275479,0.002473100819133089,1.7112543097322814,0.9997522174466924,1.0020381747666576,0.9994289339228689,0.010665013406903751,0.78759765625,0.0007302994825818874,0.002490614811379017,0.9997971981834637,4.995406821235445,0.9994289339228689,0.21122539653818195,0.2878500664152713,0.008806774248773722,selected,5.0,1.0,0.17608373883076991,0.005443489137592173,5.0
,,,,,,,,,,,,,,,,,,,,,8.0,0286,stage4_1201_best,8,1.2215144944565484,0.18546179797028736,1.0085586687880723,1.0,1.0,0.03520522652474347,0.9989183372612375,1.836755642029985,0.2908470003060938,0.7885384725981148,0.9823973867376282,3.0,1.447988408856549,0.989406498827779,1.0489611553938032,0.6,0.9904317236947282,7.877606836762334,0.9925649830753174,0.15482262754318912,,,,,base,0.0,0.0,,,,,,,,,,,,,,,,0.13624240428208223,0.2847553780502199,candidate,3.0,1.0,0.14691035714803055,0.00990797355580373,3.0
,,,,,,,,,,,,,,,,,,,,,8.0,0286,stage4_1201_best,3,1.076470306712691,0.9611199939544542,1.0075578810445582,1.0,1.0,0.02774020738884123,0.999047795292533,1.7595733043769315,0.5132349601169017,0.7954198508178751,0.9861298963055792,3.0,1.7620888382094229,0.998688618701722,1.0069944115126284,1.0,0.9989991455904468,2.984988157607149,0.9954325788542857,0.37899723498907384,,,,,base,0.0,0.0,,,,,,,,,,,,,,,,0.28429729239254936,0.010303106470092582,selected,3.0,1.0,0.1471004566291084,0.0023952386210660437,3.0
,,,,,,,,,,,,,,,,,,,,,8.0,0286,stage4_1201_best,8,1.3360677181020058,0.2217081100951576,1.0145573302436819,1.0,1.0,0.029600836290097046,0.9981241607044311,2.0442035413839497,0.34301440260313176,0.7408604662502768,0.9851995818549514,3.0,1.6433529158980662,0.9599627491225865,1.1513015289662714,0.8,0.9650900312343561,7.734425410511086,0.9836085229957777,0.17391034438341263,,,,,provisional,0.0,0.0,,,,,,,,,,,,,,,,0.15472696766093316,0.3297404986131917,candidate,3.0,1.0,0.14596212357215435,0.011288910669708937,3.0
,,,,,,,,,,,,,,,,,,,,,8.0,0286,stage4_1201_best,3,1.3043950856060142,0.9753127174630342,1.0144391825669021,1.0,1.0,0.02786562268046352,0.9981348056115089,1.9782658186057143,0.6197692717863512,0.7453547974665327,0.9860671886597682,3.0,1.2732394506434463,0.9968887283567143,1.0136139496710155,1.0,0.9977774011638759,2.9741642147536274,0.9921139874450704,0.38553318722047436,,,,,provisional,0.0,0.0,,,,,,,,,,,,,,,,0.2909811303277086,0.006402631173962106,selected,3.0,1.0,0.14716382701219693,0.005222820121222024,3.0
,,,,,,,,,,,,,,,,,,,,,8.0,0286,stage4_1201_best,8,1.247812777749482,0.21850277897702483,1.0077308465629944,1.0,1.0,0.02684690578377817,0.9990783016859961,1.6983835002139498,0.2532623573198202,0.8454960715273954,0.986576547108111,4.0,1.8636276876859175,0.968790021200809,1.1300586907038037,0.8,0.9718715577693118,7.784321170448587,0.986728903627638,0.16855050835741475,,,,,final,0.0,0.0,,,,,,,,,,,,,,,,0.14810528711668258,0.3311084988857378,candidate,4.0,1.0,0.1462321851786842,0.011968464487432488,4.0
0.9987219199002392,1.0081632974261248,0.31943608121485123,0.9966578054526575,1.0185428719402982,0.32687201918409037,0.9976097040543239,1.0138538358854423,0.31803910262524177,0.9993083131502916,1.0046972710645992,0.32154719023743117,0.9970794731499915,1.0167444330717537,0.3208048159460212,0.5345043029618969,1.3592040991904923,0.1831343220875639,0.5063690505535884,1.1692875495116792,0.07881216191708168,8.0,0286,stage4_1201_best,4,1.2478082878814765,0.9516146543938042,1.007730860803955,1.0,1.0,0.026845007497265535,0.9990783017550414,1.698373509177804,0.379889914165628,0.8454964867827203,0.9865774962513673,4.0,1.685202331077204,0.9970710211176416,1.016297941252775,1.0,0.9973774137935802,3.9739487130258313,0.995279772426757,0.29006308712443474,0.16948537528514862,0.9956296474779949,1.2560353669098867,1.0235318284305561,final,0.0,0.0,0.5284049643111627,0.22420509111674294,0.2039189804673435,1.6819020550088937,0.9995678741751107,1.0030727176033896,0.9971933700783592,0.013540315420396914,1.0,0.001207904065002713,0.0040582669169144684,0.9996792877209947,3.984470661651155,0.9971933700783592,0.2839916724084537,0.29610512610687445,0.010420240056108495,selected,4.0,1.0,0.14712120997464517,0.006097025713074596,4.0
,,,,,,,,,,,,,,,,,,,,,8.0,0287,stage4_1201_best,8,1.1125289136056982,0.11339976733104633,1.0386409813400106,1.0,1.0,0.05280964464910209,0.9937195598511795,2.0562751308389817,0.3458995450078304,0.6544943972745089,0.973595177675449,3.0,1.5551556650644789,0.9790719898917907,1.059267927627384,1.0,0.9884094109749855,7.619616447044377,0.9764486686976894,0.1812006805723772,,,,,base,0.0,0.0,,,,,,,,,,,,,,,,0.11206569462144483,0.2703841841370597,candidate,3.0,1.0,0.14236690747767733,0.014211030416154465,3.0
,,,,,,,,,,,,,,,,,,,,,8.0,0287,stage4_1201_best,3,1.1123808345783055,0.9296516007742485,1.0386411229648844,1.0,1.0,0.052794166179929776,0.9937195750151573,2.056134698994929,0.6546590227645773,0.6544992820958191,0.9736029169100351,3.0,1.0863644504929004,0.9958067040600825,1.018839543740961,1.0,0.9966913690230086,2.9559367761286435,0.9864999896112696,0.4110214954183893,,,,,base,0.0,0.0,,,,,,,,,,,,,,,,0.29210784096180475,0.013724696605382912,selected,3.0,1.0,0.14405095475328206,0.0020547938983629384,3.0
,,,,,,,,,,,,,,,,,,,,,8.0,0287,stage4_1201_best,8,1.7361943230776533,0.2737113758612407,1.0275153730264426,1.0,1.0,0.05444821588200923,0.995999570335842,2.605144206637327,0.457224384223141,0.5813531641528553,0.9727758920589955,4.0,1.2885886550318404,0.955730340233175,1.099868840844661,1.0,0.9791609241462924,7.534724130072211,0.9702273830304965,0.1774852251738254,,,,,provisional,0.0,0.0,,,,,,,,,,,,,,,,0.1706850033517603,0.28179964589426104,candidate,4.0,1.0,0.1407609701043039,0.018810617425975024,4.0
,,,,,,,,,,,,,,,,,,,,,8.0,0287,stage4_1201_best,4,1.6538337644303245,0.9070655327946492,1.0249497799020197,1.0,1.0,0.04676742956527979,0.9964830255781812,2.533292903643322,0.6682312268013343,0.5849138481019672,0.9766162852173601,4.0,1.6216069245990696,0.9985801671318336,1.0077862366016637,1.0,0.9988611930145188,3.9285976903281794,0.987002513210611,0.29621066276785296,,,,,provisional,0.0,0.0,,,,,,,,,,,,,,,,0.2844510608569626,0.011807796989298465,selected,4.0,1.0,0.1438622514864545,0.0038770288856722008,4.0
,,,,,,,,,,,,,,,,,,,,,8.0,0287,stage4_1201_best,8,1.586642506978475,0.19373722860207548,1.041325305677384,1.0,1.0,0.05165427764772456,0.9936157471948411,2.7987702326408113,0.4938716893383218,0.5321105193828655,0.9741728611761378,4.0,1.2304498643074413,0.9483202091906664,1.1198606711932253,1.0,0.9738882180273526,7.407767725198942,0.961614085550404,0.1841963969084072,,,,,final,0.0,0.0,,,,,,,,,,,,,,,,0.14187791455473503,0.2902317172890398,candidate,4.0,1.0,0.14023691026650562,0.018168442619472088,4.0
0.998408406412846,1.0088451152339448,0.3230883035126429,0.9977245925129038,1.0114934538263594,0.3284712233313692,0.9980771451258167,1.0118405742125327,0.33003436745079506,0.9989397345963195,1.0068519503247686,0.33171222457909916,0.9975700853020188,1.0121903580199771,0.32516818218888904,0.5349491060045509,1.0713941808236587,0.20739860178394917,0.5365996111306108,1.2003740923763904,0.20784434350060388,8.0,0287,stage4_1201_best,4,1.5866425036243104,0.9041070667359112,1.0413253057164993,1.0,1.0,0.051654277757642905,0.993615747182667,2.7987702324058574,0.740807533940068,0.5321105194375447,0.9741728611211786,4.0,1.8745209377878465,0.998708278755569,1.0067851092489963,1.0,0.9990424875832264,3.9347141359654705,0.988125550299329,0.29398102659913355,0.1765686273574829,0.9973742192877763,1.2619824385818665,1.0130057376709842,final,0.0,0.0,0.40063108241295026,0.14929784161243134,0.004727743836316872,2.0418240788549187,0.999081232322606,1.0051496087722893,0.9909299352200862,0.019314806189673725,0.908447265625,0.0019415136724339206,0.00584789888986923,0.9994433934254466,3.950041231090978,0.9909299352200862,0.29109644809963603,0.28365041891232284,0.010553289193239107,selected,4.0,1.0,0.14386547766841243,0.003067690219199304,4.0
,,,,,,,,,,,,,,,,,,,,,8.0,0288,stage4_1201_best,8,1.3120328115164994,0.2084257761195651,1.0658667196570162,1.0,1.0,0.06393298385285455,0.9889693875364699,3.51668718786914,0.6041771301736815,0.46065862689962883,0.9680335080735728,4.0,2.1845334426480374,0.5128205421062545,1.003648753615476,0.6,0.9995289927408777,4.002894468038823,0.6670116172312984,0.2609304297065852,,,,,base,0.0,0.0,,,,,,,,,,,,,,,,0.1429151514236404,0.28699939097543403,candidate,4.0,1.0,0.1116057857418884,0.2994238304538012,4.0
,,,,,,,,,,,,,,,,,,,,,8.0,0288,stage4_1201_best,4,1.3120328113949706,0.9726536219140355,1.0658667204094479,1.0,1.0,0.06393298469143577,0.988969387404684,3.516687188831972,0.9062656954451983,0.46065862662940954,0.9680335076542821,4.0,2.1651957890338953,0.999509732773752,1.0036417905775668,0.6,0.9995295612816179,3.9962776073865856,0.9993283639992053,0.26098985407895015,,,,,base,0.0,0.0,,,,,,,,,,,,,,,,0.285724897532447,0.006654632864577743,selected,4.0,1.0,0.22314212518050758,0.002190539026996682,4.0
,,,,,,,,,,,,,,,,,,,,,8.0,0288,stage4_1201_best,8,1.1750298737722198,0.10630999608192777,1.0353560901436476,0.6510416666666666,0.7954545454545454,0.04249002559765169,0.994541085870045,2.9679334048890578,0.5231499109406605,0.38706219730200847,0.9787549872011742,3.0,1.4159474033705564,0.6891870883145034,1.0068770130593243,1.0,0.9989455661476272,3.2103842690171858,0.5571548616337343,0.34207934533281376,,,,,provisional,0.0,0.0,,,,,,,,,,,,,,,,0.10809021618306594,0.2682479368275655,candidate,3.0,1.0,0.08283453701154136,0.18755069982552125,3.0
,,,,,,,,,,,,,,,,,,,,,8.0,0288,stage4_1201_best,3,1.1750298843409492,0.992226630200299,1.0353560897140945,0.6510416666666666,0.7954545454545454,0.04249002502008756,0.9945410859551111,2.9679334052236848,0.9902125332749724,0.3870621969147913,0.9787549874899562,3.0,1.9667698734133032,0.9996997611896822,1.0020499978846404,1.0,0.9997487461716412,2.9978820109796516,0.9993570940969683,0.34718891966837634,,,,,provisional,0.0,0.0,,,,,,,,,,,,,,,,0.28806489438759975,0.003885863039922965,selected,3.0,1.0,0.2231350337612409,0.0023621482181518266,3.0
,,,,,,,,,,,,,,,,,,,,,8.0,0288,stage4_1201_best,8,1.4074211445676952,0.2098872174043207,1.0289748192181545,1.0,1.0,0.058646257659984456,0.9957489465307441,2.823696963525959,0.49809799425545453,0.6415934180122852,0.9706768711700078,3.0,2.2992048375092438,0.5127095532826866,1.0031863327306807,1.0,0.9995969625264127,4.005438260260536,0.6673149875131522,0.2652491645692829,,,,,final,0.0,0.0,,,,,,,,,,,,,,,,0.14341462614954067,0.2863031204965753,candidate,3.0,1.0,0.11158320578102786,0.2995067501577794,3.0
0.9994500477893844,1.0034265735382477,0.35936907479763736,0.9993878504973835,1.003795462435831,0.37161036103527695,0.9992640573401387,1.004388252477909,0.3668202885937684,0.9996069580793753,1.0025428440541462,0.34892947336769664,0.9993636639884929,1.0039207501452205,0.36854369117742003,0.5281581405854101,0.4964613665325101,0.21713310261635113,0.5288014882529146,0.6698689876963163,0.21218037156953548,8.0,0288,stage4_1201_best,3,1.3211913506837114,0.9712055354242599,1.0271619503310117,1.0,1.0,0.05645937316092355,0.9960021933490464,2.2281200229357787,0.7273494263338306,0.7083811154162386,0.9717703134195382,3.0,1.3881212458503334,0.9996902162228434,1.0020612307854706,1.0,0.9997373087914776,2.999025964308455,0.9997043672663235,0.3429163989807097,0.17569510638713837,0.9993844538799045,1.1217706442971094,1.0037940980474964,final,0.0,0.0,0.5013025616556516,0.8639525324503269,0.017386038887361666,1.5021768501733879,0.9998714471307891,1.0009206106584618,0.9997114168849217,0.007671873689932242,1.0,0.0006015559292161858,0.0029760455354363967,0.9999145892352529,2.9990490558336695,0.9997114168849217,0.34438519854802263,0.28603930756126345,0.005609840002999398,selected,3.0,1.0,0.22311723385487742,0.002079178580186431,3.0
,,,,,,,,,,,,,,,,,,,,,8.0,0289,stage4_1201_best,8,1.6423537222447269,0.21183145739743484,1.0454245826062034,1.0,1.0,0.042483255204168645,0.9931214392129519,3.8989212012973185,0.6543419541120145,0.34334420275618366,0.9787583723979157,4.0,1.8187379224501987,0.2141882381019315,1.0033195482593384,0.6,0.9995669687438677,3.999000656509709,0.666546500956649,0.2577717861941463,,,,,base,0.0,0.0,,,,,,,,,,,,,,,,0.14388342687290304,0.2876138296864471,candidate,4.0,1.0,0.09650657866116673,0.2893249027262936,4.0
,,,,,,,,,,,,,,,,,,,,,8.0,0289,stage4_1201_best,4,1.6423537162010804,0.9885468011577448,1.045424582658741,1.0,1.0,0.042483255318663996,0.9931214392004696,3.8989212014874215,0.9815129312032379,0.34334420262713544,0.978758372340668,4.0,1.8187379224501994,0.9995451111423469,1.0033195482593384,0.6,0.9995669687438677,3.99900065650971,0.9998197514349736,0.2577717861941463,,,,,base,0.0,0.0,,,,,,,,,,,,,,,,0.2876614425413995,0.007029095198630436,selected,4.0,1.0,0.19290774806198782,0.004274081541926722,4.0
,,,,,,,,,,,,,,,,,,,,,8.0,0289,stage4_1201_best,8,1.981272510970044,0.1061872290909359,1.032330242918093,1.0,1.0,0.03490445498500787,0.9954815908148866,2.8960874937196714,0.5113362491646762,0.45204957649306815,0.982547772507496,3.0,1.8596417413258337,0.23853166110824042,1.0060970246156156,0.4,0.999147494668757,2.999924690343742,0.5283086385911623,0.34383102669303583,,,,,provisional,0.0,0.0,,,,,,,,,,,,,,,,0.10783565315486494,0.268504936247019,candidate,3.0,1.0,0.07240846945110975,0.33387060416595343,3.0
,,,,,,,,,,,,,,,,,,,,,8.0,0289,stage4_1201_best,3,1.9812725077275066,0.9910808047976986,1.0323302429498316,1.0,1.0,0.03490445524686367,0.9954815908086797,2.8960874941634085,0.9678517611726739,0.4520495761321775,0.9825477723765682,3.0,1.8593892402751608,0.9989763640076587,1.0060967581144442,0.4,0.9991475092719669,2.9989748570093053,0.9996888793655941,0.34384320972862203,,,,,provisional,0.0,0.0,,,,,,,,,,,,,,,,0.28738607295467694,0.004514152230548221,selected,3.0,1.0,0.19291214119757208,0.004975737780552239,3.0
,,,,,,,,,,,,,,,,,,,,,8.0,0289,stage4_1201_best,8,1.0,0.035515220801660065,1.0154254211585902,1.0,1.0,0.02672657487141703,0.9978630463911498,1.9321686561736229,0.3166969672758898,0.6282816862356587,0.9866367125642916,2.0,1.730034142626615,0.8330752520270936,1.0031357405518495,0.6,0.9995856663790594,2.1677239885497808,0.3703982976397245,0.4999001254520863,,,,,final,0.0,0.0,,,,,,,,,,,,,,,,0.07216104624406365,0.21436552356251526,candidate,2.0,1.0,0.1315379214842421,0.07381877465692616,2.0
0.9998113289822327,1.000968651411092,0.5120935434183372,0.9994796543731103,1.0024096726700238,0.5100861922059057,0.9995982450345928,1.0019112007058448,0.5148735765119209,0.9998911789385538,1.000588273292433,0.5162326306539082,0.999586493102441,1.0019617203902709,0.5120924107188144,0.6561981429698559,1.1215615665053693,0.41728722661917833,0.528356905626402,0.6866884052542709,0.20786276883362384,8.0,0289,stage4_1201_best,2,1.0,0.9944261824464818,1.0154254211585902,1.0,1.0,0.02672657487141703,0.9978630463911498,1.9321686561736229,0.9500909018276693,0.6282816862356587,0.9866367125642916,2.0,1.0,0.9995477609070906,1.0021255856861826,0.6,0.9997175478387957,1.9996536523485744,0.9997501063037428,0.506936254911105,0.19341102242469788,0.9995124602538314,1.1525701139056364,1.0022733974572504,final,0.0,0.0,0.6281133858266738,0.4968440475571135,0.2771063743760562,1.0,0.9999620335968049,1.000225267911218,0.9998770375703692,0.0035644663385751697,1.0,0.0004016499775057127,0.002178176493158547,0.9999810261247921,1.9998295480234032,0.9998770375703692,0.5061538107478565,0.28832795719521775,0.002723603134341341,selected,2.0,1.0,0.1929323197145893,0.002899332977875422,2.0
,,,,,,,,,,,,,,,,,,,,,8.0,0290,stage4_1201_best,8,1.0,0.03407478040485885,1.0062263068469408,1.0,1.0,0.02829662436427011,0.9992207670227392,1.3247505114189984,0.13447938146422184,0.9181403985190862,0.985851687817865,2.0,2.3682200833195908,0.5350915703584647,1.0083940943608682,0.6,0.9988160314277945,5.881886029545974,0.8520886763402825,0.20728453356959306,,,,,base,0.0,0.0,,,,,,,,,,,,,,,,0.07097102918564818,0.21416488104725628,candidate,2.0,1.0,0.16138871468355478,0.20539612316167705,2.0
,,,,,,,,,,,,,,,,,,,,,8.0,0290,stage4_1201_best,2,1.0,0.9540938511611344,1.0062263068897852,1.0,1.0,0.02829662454098435,0.9992207670160033,1.3247505118723748,0.40343814487611007,0.9181403983730764,0.9858516877295077,2.0,1.0,0.9991758107648626,1.003630437757234,0.6,0.9994850519829809,1.9995786072913162,0.9996959706432206,0.5090128095591667,,,,,base,0.0,0.0,,,,,,,,,,,,,,,,0.2835678889615558,0.007359911633390977,selected,2.0,1.0,0.2151439670637638,0.006952867257771157,2.0
,,,,,,,,,,,,,,,,,,,,,8.0,0290,stage4_1201_best,8,1.0,0.024692735051919733,1.0016426600924033,1.0,1.0,0.015139367588688996,0.9998236782215587,1.0641186078663456,0.029206501605862457,0.9875273733881125,0.9924303162056556,2.0,1.9576231981902614,0.7229990519506042,1.0198771205221453,1.0,0.996776212751505,4.940699564501789,0.7679380614466415,0.2740938309171482,,,,,provisional,0.0,0.0,,,,,,,,,,,,,,,,0.06798909762348514,0.21686623257392454,candidate,2.0,1.0,0.15278885428778177,0.059324165532989324,2.0
,,,,,,,,,,,,,,,,,,,,,8.0,0290,stage4_1201_best,2,1.0,0.6913965816003292,1.001642660096448,1.0,1.0,0.01513936761253042,0.9998236782210778,1.0641186079642602,0.08761950494619765,0.987527373366048,0.9924303161937348,2.0,1.0,0.9991955554638723,1.0034939182763623,1.0,0.9995053195224456,1.9948655680201768,0.9962905795500371,0.5344183147607227,,,,,provisional,0.0,0.0,,,,,,,,,,,,,,,,0.27164016447031664,0.01720662764455866,selected,2.0,1.0,0.21510542131843255,0.0020171729911507173,2.0
,,,,,,,,,,,,,,,,,,,,,8.0,0290,stage4_1201_best,8,1.0,0.028716543862373788,1.0030977664143732,1.0,1.0,0.021812022411631455,0.9996424247412613,1.1182250214051528,0.0527492823014504,0.9751661093450023,0.9890939887941844,2.0,1.8984426064693125,0.7215581261876424,1.0192998498114303,1.0,0.9968330685106647,4.983569760337502,0.7719747602007199,0.26739756889442534,,,,,final,0.0,0.0,,,,,,,,,,,,,,,,0.06893475906468075,0.2153914959455649,candidate,2.0,1.0,0.15435839531840437,0.05771035606969827,2.0
0.9996005685195637,1.001894237514811,0.5354407588564172,0.9991383120686115,1.0037589826087765,0.536447874556374,0.9988147268543646,1.004966168734378,0.5490461935980492,0.9997300945280583,1.0013331169880213,0.5329444630198997,0.9992751617655087,1.0032218034456946,0.5385386491672538,0.603500988244476,0.11405142183182482,0.027778218600372138,0.6077287045871705,0.13877394998594328,0.029943190541082906,8.0,0290,stage4_1201_best,2,1.0,0.8040632284930698,1.0030977664203968,1.0,1.0,0.021812022439053537,0.9996424247405504,1.1182250216340939,0.15824784719544688,0.9751661092889888,0.9890939887804732,2.0,1.0,0.9992666654828033,1.003225873659773,1.0,0.9995480548505998,1.9955879949638498,0.996813134536757,0.5318203484318699,0.18743237853050232,0.9988538342715853,1.1626506053829533,1.004841743232897,final,0.0,0.0,0.601364566772784,0.024722528154118465,0.0021649719407107657,1.0,0.9998977515742751,1.0005544222660983,0.9992386147996726,0.005914117097131044,1.0,0.000536251997813852,0.0035715610773569134,0.9999490719275864,1.9989448239923324,0.9992386147996726,0.5158450392606397,0.27542280847768613,0.014365406088828818,selected,2.0,1.0,0.21511181547918762,0.0018085234891015735,2.0
,,,,,,,,,,,,,,,,,,,,,8.0,0291,stage4_1201_best,8,1.3896616603679781,0.10651756530100487,1.012249494670765,1.0,1.0,0.02736524217379971,0.998407023546648,2.7332879216733885,0.4834583489214865,0.4928135650524779,0.9863173789131001,3.0,1.2686938443944642,0.8591566790899534,1.028411536430885,1.0,0.9947874688306901,6.757622155912732,0.9187892024039606,0.21070357906690368,,,,,base,0.0,0.0,,,,,,,,,,,,,,,,0.10843412946140003,0.2684551191869615,candidate,3.0,1.0,0.16164898354411503,0.03319351736979958,3.0
,,,,,,,,,,,,,,,,,,,,,8.0,0291,stage4_1201_best,3,1.389661685980403,0.9941639427680121,1.0122494948864438,1.0,1.0,0.02736524246069997,0.9984070235205302,2.7332879225158684,0.9150847711214934,0.49281356441312507,0.98631737876965,3.0,1.1012354965318119,0.9902416725880632,1.0325332458736236,1.0,0.9937499095951287,2.9337358634447064,0.9795768092074104,0.41921534726505544,,,,,base,0.0,0.0,,,,,,,,,,,,,,,,0.2889819977486798,0.004002577538083273,selected,3.0,1.0,0.18470774286085867,0.007553305623934632,3.0
,,,,,,,,,,,,,,,,,,,,,8.0,0291,stage4_1201_best,8,1.3414927898513165,0.1041853513086175,1.0161788768318083,1.0,1.0,0.03422260404885603,0.9977977900282402,2.3794325875161193,0.4166859513950328,0.5249434361316364,0.982888697975572,3.0,1.2428253973289107,0.530338416877602,1.047348197153547,1.0,0.9904710593483366,5.8418137735736355,0.8487483693589292,0.21893424579863763,,,,,provisional,0.0,0.0,,,,,,,,,,,,,,,,0.10921348869251567,0.26815651988372224,candidate,3.0,1.0,0.13839995226200316,0.21640319704812025,3.0
,,,,,,,,,,,,,,,,,,,,,8.0,0291,stage4_1201_best,3,1.3414928027608042,0.9723966122833686,1.01617887714013,1.0,1.0,0.03422260417328902,0.9977977899838585,2.3794325865302075,0.7886986935182881,0.5249434376830308,0.9828886979133554,3.0,1.0726283100010072,0.9882217343698302,1.0422547761802166,1.0,0.9914475483891672,2.9636059771153693,0.9888365900711661,0.38748916213036744,,,,,provisional,0.0,0.0,,,,,,,,,,,,,,,,0.2910602877461324,0.007191214323011658,selected,3.0,1.0,0.18467121427207572,0.0071450318260432005,3.0
,,,,,,,,,,,,,,,,,,,,,8.0,0291,stage4_1201_best,8,1.1056187159297617,0.0845506024169828,1.007659580737893,0.921875,0.9147727272727273,0.02239355109821628,0.9990405198929733,2.0463450598894877,0.3442544652107694,0.5197209449969623,0.988803224450892,2.0,1.114314476947857,0.6268822750484764,1.054873754224946,1.0,0.988406033570634,5.821431202282265,0.8470101040054017,0.22889280278706958,,,,,final,0.0,0.0,,,,,,,,,,,,,,,,0.11294814510891636,0.27074297566709343,candidate,2.0,1.0,0.13836039934096359,0.14931731013881863,2.0
0.9994261936907723,1.0025842556852071,0.570071750460979,0.998734051408848,1.005159840563385,0.5889997017920269,0.998311394451697,1.006705883134731,0.575229251762649,0.9992458093456471,1.0033149135148083,0.5581393723304663,0.9991267819341428,1.0037295944617286,0.5822818014663075,0.6281717515440755,0.3419841212534271,0.2156087979728192,0.5010414759220255,0.3490253725775228,0.026438487612239964,8.0,0291,stage4_1201_best,2,1.0,0.998171069259417,1.0072927224356414,0.921875,0.9147727272727273,0.019450645368795018,0.9990893960208529,1.997266726893504,0.9980252410163422,0.522203753502929,0.9902746773156025,2.0,1.0,0.9987949556699925,1.0049331427054073,1.0,0.9992708965534126,1.9909686947656358,0.9934672069715639,0.5459534111549065,0.18071922659873962,0.9992018789313157,1.2236054001085561,1.003465728997745,final,0.0,0.0,0.6279689622031431,0.1274245905363687,0.23421920563990098,1.0,0.9998667716456265,1.0006955598415908,0.9965724465667963,0.006426891022183932,1.0,0.0008067475835609189,0.004061906873187788,0.999934639172942,1.9952543631999604,0.9965724465667963,0.534211191864643,0.28799610892233357,0.0025813780811000907,selected,2.0,1.0,0.1850002640911266,0.0013848118283742946,2.0
,,,,,,,,,,,,,,,,,,,,,8.0,0292,stage4_1201_best,8,1.5474972703506804,0.3496699635632737,1.0896722895061481,0.6614583333333334,0.6988636363636364,0.05874670256056311,0.9848294062645678,4.917545027469813,0.7659011043420906,0.24661025666382916,0.9706266487197184,5.0,2.0235959829078776,0.35691767602140007,1.0046574284117462,0.8,0.9993760124047727,4.996081512898131,0.7735989878997265,0.21002903373695334,,,,,base,0.0,0.0,,,,,,,,,,,,,,,,0.17939411026272858,0.26993204438189217,candidate,5.0,1.0,0.0714708266107518,0.2167403975916311,5.0
,,,,,,,,,,,,,,,,,,,,,8.0,0292,stage4_1201_best,5,1.5474972671911136,0.979075898071259,1.0896722891800057,0.6614583333333334,0.6988636363636364,0.058746702453332515,0.9848294063227836,4.9175450276131265,0.9895669543462176,0.2466102566810259,0.9706266487733337,5.0,2.0235959829078767,0.9993694928599203,1.0046574284117462,0.8,0.9993760124047727,4.996081512898131,0.9995128483131438,0.21002903373695334,,,,,base,0.0,0.0,,,,,,,,,,,,,,,,0.2869673316631616,0.005571327691339648,selected,5.0,1.0,0.11429007702099551,0.0010274875128498872,5.0
,,,,,,,,,,,,,,,,,,,,,8.0,0292,stage4_1201_best,8,1.0,0.03522780697762295,1.0377008976088378,1.0,1.0,0.04390082853764555,0.9939748515358,1.9645149985671282,0.32466804556938333,0.5854352893606702,0.9780495857311773,2.0,1.000877743143565,0.06764985422745926,1.0007054804647688,0.8,0.9999170000781039,2.000196529740814,0.33338053972156284,0.5062611640760306,,,,,provisional,0.0,0.0,,,,,,,,,,,,,,,,0.07181028244610475,0.2145371826436725,candidate,2.0,1.0,0.02865241374478064,0.21941607507361474,2.0
,,,,,,,,,,,,,,,,,,,,,8.0,0292,stage4_1201_best,2,1.0,0.9863785953734426,1.037700897608838,1.0,1.0,0.04390082853764555,0.9939748515358,1.9645149985671282,0.97400413670815,0.5854352893606702,0.9780495857311773,2.0,1.0,0.9998671276856346,1.0007053766269287,0.8,0.9999170047584496,1.9997875196339308,0.9998467127578867,0.5062721132343466,,,,,provisional,0.0,0.0,,,,,,,,,,,,,,,,0.28692490200338217,0.004188230272965309,selected,2.0,1.0,0.11429316263630353,0.0006166326544829153,2.0
,,,,,,,,,,,,,,,,,,,,,8.0,0292,stage4_1201_best,8,1.0,0.03523052843248554,1.0371807176712033,1.0,1.0,0.04392649530439177,0.9940739848465253,1.9619155067039575,0.3240271561770873,0.5892872530386283,0.9780367523478042,2.0,1.0076284303506124,0.06764118298740378,1.000873338687903,1.0,0.9998950050401788,2.001046015392011,0.33358432523377607,0.5071409689223967,,,,,final,0.0,0.0,,,,,,,,,,,,,,,,0.07180226281341959,0.21453461679097272,candidate,2.0,1.0,0.028652756405151605,0.21941349491412196,2.0
0.9996687216074216,1.0016069231724616,0.5186046453071889,0.9997701871861474,1.0011575422200825,0.5096479446482464,0.9997224673756601,1.0013717462207674,0.5107761378439497,0.9996755292582427,1.001575575577468,0.5253054083074692,0.999451201796906,1.002526397916989,0.5128056672669034,0.6834604301279028,1.2072961996457048,0.505070036143711,0.6834634717407196,1.2072961996457048,0.505070036143711,8.0,0292,stage4_1201_best,2,1.0,0.9864547961095951,1.0371807176712033,1.0,1.0,0.04392649530439177,0.9940739848465253,1.9619155067039575,0.9720814685312619,0.5892872530386283,0.9780367523478042,2.0,1.0,0.9998319536606085,1.0008722578076639,1.0,0.9998950728733428,1.9997096572530164,0.9997905307885527,0.5071826457446112,0.1671592891216278,0.9996918504523293,1.0005548562234874,1.0015051299690696,final,0.0,0.0,0.600006531185856,0.007703927355916078,0.000949795082923958,1.0,0.999838095689121,1.0008417027629275,0.9993962047717416,0.007349558884892705,1.0,0.0007847590716270191,0.004495451863932032,0.9999193060337355,1.999163208976912,0.9993962047717416,0.513748062730832,0.2868928234726415,0.004105819223628204,selected,2.0,1.0,0.114293795182493,0.0005019660685193445,2.0
,,,,,,,,,,,,,,,,,,,,,8.0,0653,stage4_1201_best,8,1.5120697194059753,0.5258161842555822,1.0253400434515476,0.9322916666666666,0.9147727272727273,0.03329225190344795,0.9964086440779508,4.994889753505965,0.773438826858147,0.29552051425303194,0.9833538740482761,6.0,1.1777822409181917,0.8840315328235756,1.0285906636972089,1.0,0.9945840360696743,6.674036384218702,0.9115767021694414,0.17560159175649645,,,,,base,0.0,0.0,,,,,,,,,,,,,,,,0.21709018388306212,0.21695029011591838,candidate,6.0,1.0,0.16567837148605338,0.03509618762030304,6.0
,,,,,,,,,,,,,,,,,,,,,8.0,0653,stage4_1201_best,6,1.5120697133547922,0.9815235439548098,1.025340043411411,0.9322916666666666,0.9147727272727273,0.033292251530970166,0.9964086440811248,4.994889751558962,0.8976209439664526,0.295520514295339,0.9833538742345148,6.0,2.178058073611672,0.9997846864491483,1.0018458391485126,1.0,0.9997787761346343,5.989130964983076,0.9989880172964427,0.18275506416413778,,,,,base,0.0,0.0,,,,,,,,,,,,,,,,0.2894184407334656,0.006309662914504889,selected,6.0,1.0,0.18895819822133045,0.0020001888577732634,6.0
,,,,,,,,,,,,,,,,,,,,,8.0,0653,stage4_1201_best,8,1.4534599529883445,0.3441620127472404,1.0239300472972306,1.0,1.0,0.0349110424042818,0.9966219447209396,3.8913779724521036,0.653365181435097,0.36886390065609637,0.982544478797859,5.0,1.0965606039339684,0.7764052734025915,1.0951101165508925,1.0,0.9740151232124795,6.574026172136986,0.9030712944897467,0.17661112984841032,,,,,provisional,0.0,0.0,,,,,,,,,,,,,,,,0.1838114546590631,0.2697066839712317,candidate,5.0,1.0,0.15828014816799646,0.04313789377676447,5.0
,,,,,,,,,,,,,,,,,,,,,8.0,0653,stage4_1201_best,5,1.453459951163956,0.9636536354047316,1.023930047694983,1.0,1.0,0.034911042380198175,0.9966219446543889,3.89137797257143,0.8441672025324167,0.36886390038995137,0.9825444788099009,5.0,1.8222096514139066,0.9996500282343346,1.0027915861084908,1.0,0.9996429656073307,4.992147698960006,0.9990233543600149,0.2214693119938215,,,,,provisional,0.0,0.0,,,,,,,,,,,,,,,,0.2940350811116122,0.012671602425256027,selected,5.0,1.0,0.18900117591232213,0.002301990646977577,5.0
,,,,,,,,,,,,,,,,,,,,,8.0,0653,stage4_1201_best,8,1.5182879034684222,0.3672368249857794,1.0273094787553176,0.9739583333333334,0.9630681818181818,0.03781579325624474,0.9960969048922746,4.151081133755634,0.6844415549153215,0.3304821094936175,0.9810921033718775,4.0,1.0751606912937681,0.7681825183175407,1.1021605218813448,1.0,0.9712777107498176,6.554683228746844,0.9015323328774748,0.1760036621344522,,,,,final,0.0,0.0,,,,,,,,,,,,,,,,0.1923004599319614,0.27212709490900683,candidate,4.0,1.0,0.1575209268115698,0.044058722585066025,4.0
0.9997188517688621,1.0022523606088547,0.29610446261961054,0.9996178844634193,1.0029339505319828,0.3078224306072224,0.9995581378585165,1.0033641254722396,0.2994935082959213,0.9997179750673048,1.0022488906611133,0.2865006196244365,0.9996922787150276,1.00242363566735,0.3045725947994654,0.4555483508159595,0.31488575039157335,0.28325898290147333,0.33036851848103393,0.3437435046289477,0.14831729161605264,8.0,0653,stage4_1201_best,4,1.310081811143735,0.9932457377628862,1.025354997867189,0.9739583333333334,0.9630681818181818,0.03399549608682422,0.9963560510624035,3.7691198407987834,0.957075486348327,0.3410967642034106,0.983002251956588,4.0,2.2807714664263354,0.9998116175720847,1.001545701016283,1.0,0.9998189753706468,3.993055120021878,0.9987464155755044,0.2749860689532631,0.1922895908355713,0.9996896196692721,1.2108295914068437,1.0023994657748767,final,0.0,0.0,0.42652716057449547,0.08504940760744946,0.16171151041991685,2.3943842476746506,0.9999084243897919,1.0007953018862115,0.9990697716974792,0.006859408898085208,1.0,0.0006977099267279658,0.00205305440309053,0.9999305518980841,3.9948451891826764,0.9990697716974792,0.2708166344813039,0.28744748966052447,0.003349001430297741,selected,4.0,1.0,0.18899506611904598,0.0010148965023253813,4.0
,,,,,,,,,,,,,,,,,,,,,8.0,0273,stage4_1201_latest,8,1.9682418535508495,0.4857227911865975,1.0604834895002655,1.0,1.0,0.05618332708439869,0.990588485543435,3.4918149626279287,0.5998283190849996,0.43553911577706694,0.9719083364578005,5.0,1.1405702828955633,0.9895483956939731,1.0505980124308059,0.6666666666666666,0.987509432177856,7.930393909647798,0.995793482379263,0.15335269158070763,,,,,base,0.0,0.0,,,,,,,,,,,,,,,,0.2429126093753393,0.18652776350679903,candidate,5.0,1.0,0.09839285805791698,0.005496172057152989,5.0
,,,,,,,,,,,,,,,,,,,,,8.0,0273,stage4_1201_latest,5,1.909817250688309,0.8774295619890659,1.059852407984568,1.0,1.0,0.052771807140158326,0.9906907799166015,3.4104878000314156,0.7611566893732477,0.4377254007581217,0.9736140964299209,5.0,1.1973312512675163,0.9996212849064751,1.0024816700376888,1.0,0.9996054498271058,4.969337650553777,0.9961779372517349,0.2379604736439643,,,,,base,0.0,0.0,,,,,,,,,,,,,,,,0.29216851014484896,0.01779309005906327,selected,5.0,1.0,0.09849278159214314,0.0019430004829897238,5.0
,,,,,,,,,,,,,,,,,,,,,8.0,0273,stage4_1201_latest,8,1.574739083111894,0.38622438877662857,1.0216277283477573,1.0,1.0,0.06630797383244154,0.9969905938876773,2.5215300883048433,0.44149590832101326,0.712959854890666,0.9668460130837793,4.0,1.5282607067903016,0.9828406080869413,1.1045694477902175,0.6666666666666666,0.9723271463060082,7.871355062071166,0.9922032349717206,0.1707932851660405,,,,,provisional,0.0,0.0,,,,,,,,,,,,,,,,0.19756682898218236,0.23149837732957937,candidate,4.0,1.0,0.09812738785379843,0.00805375486101419,4.0
,,,,,,,,,,,,,,,,,,,,,8.0,0273,stage4_1201_latest,4,1.4861695303846127,0.9738123352953968,1.0203923386689835,1.0,1.0,0.05806593815607472,0.9971806015667757,2.4183912505408123,0.6342869139355414,0.7190109343164091,0.9709670309219626,4.0,1.5898731581455066,0.9995967275491041,1.002775744022684,0.6666666666666666,0.9995676186939386,3.9951337636649455,0.9991217889790476,0.26385440828768186,,,,,provisional,0.0,0.0,,,,,,,,,,,,,,,,0.2908731504689573,0.006075003812214189,selected,4.0,1.0,0.09849126766199459,0.001627995056810658,4.0
,,,,,,,,,,,,,,,,,,,,,8.0,0273,stage4_1201_latest,8,1.6372624602736212,0.3028999820753365,1.0215054399020762,1.0,1.0,0.04877293460155865,0.9970817125802572,2.721076057244225,0.480246313014272,0.652547032472287,0.9756135326992208,4.0,1.5726187160147032,0.9799701228056155,1.109744494727987,0.6666666666666666,0.9709625663103401,7.873242275116361,0.9923168957668832,0.1656095257848185,,,,,final,0.0,0.0,,,,,,,,,,,,,,,,0.1906646341138935,0.242859608828175,candidate,4.0,1.0,0.0981155659468387,0.008873236178382671,4.0
0.9996527927778982,1.0025692256241818,0.29193270296799695,0.9995443112619675,1.003291412543295,0.2912232959035173,0.9984855229955456,1.009424220117468,0.2884526276278447,0.9994854531163105,1.003575690436886,0.2892415215065893,0.9994951713981263,1.003592459649867,0.2892088393974032,0.43263113575135553,0.5098901639997196,0.10625596037389982,0.4336855606338132,0.6356562365039786,0.1065744516772839,8.0,0273,stage4_1201_latest,4,1.6264669082507321,0.9806433484007112,1.0214694841073602,1.0,1.0,0.047865938909364907,0.9970886655907898,2.7123326923009743,0.7182521067844185,0.6528662330544658,0.9760670305453174,4.0,1.930862464640635,0.9993516029127779,1.0044741850197039,1.0,0.9992800299626401,3.99398007637425,0.9989133986090518,0.2673086114619961,0.12190854549407959,0.999400320054916,1.3853166393271736,1.004140147754247,final,0.0,0.0,0.4005664721774452,0.1324375682949014,0.00259226867381974,1.6488285379350327,0.9995587685954295,1.0030940313620935,0.9989069946612161,0.013563224227617509,0.9990234375,0.0011922172282668284,0.004146054283597947,0.9996760259667022,3.993944429778938,0.9989069946612161,0.2716444274635593,0.2920974666364764,0.00517401383373857,selected,4.0,1.0,0.09848051827659822,0.002376918142175126,4.0
,,,,,,,,,,,,,,,,,,,,,8.0,0274,stage4_1201_latest,8,1.2895917001112425,0.06517723665531529,1.0231703091729025,0.8229166666666666,0.8664772727272727,0.03376305950347327,0.9966180400767813,2.041600485428225,0.34284093794335674,0.5265638015924142,0.9831184702482634,2.0,1.287477794242746,0.9685609712263654,1.0123959968889993,1.0,0.9976228397765833,7.088667499506137,0.9417089989882712,0.1854849933290422,,,,,base,0.0,0.0,,,,,,,,,,,,,,,,0.0935458470002891,0.27787327567685366,candidate,2.0,1.0,0.189748184784352,0.020699631167405634,2.0
,,,,,,,,,,,,,,,,,,,,,8.0,0274,stage4_1201_latest,2,1.0,0.9937715467390619,1.0211058527840922,0.8229166666666666,0.8664772727272727,0.02924535236803416,0.9969237663773078,1.9941282883307476,0.9957459412765443,0.5297859991596472,0.9853773238159831,2.0,1.0,0.9997918258321642,1.0010444941279657,1.0,0.999846294944306,1.9960366781088155,0.9971379350133194,0.5310703661979109,,,,,base,0.0,0.0,,,,,,,,,,,,,,,,0.2881156025190118,0.001966906738051773,selected,2.0,1.0,0.19020509303737798,0.0017437727427887964,2.0
,,,,,,,,,,,,,,,,,,,,,8.0,0274,stage4_1201_latest,8,1.164052570794223,0.10348065403044678,1.1233583133725298,0.8489583333333334,0.8948863636363636,0.07075916206782344,0.9763327613928893,2.7877588356439524,0.4928917453711005,0.4853816027614511,0.9646204189660884,3.0,1.45511542699111,0.9564552017195568,1.027963886851122,1.0,0.9939837043959043,7.147298342986235,0.9456268629188119,0.18412210505575258,,,,,provisional,0.0,0.0,,,,,,,,,,,,,,,,0.10842800641802433,0.2695616696445291,candidate,3.0,1.0,0.18909467191564155,0.0365687596468569,3.0
,,,,,,,,,,,,,,,,,,,,,8.0,0274,stage4_1201_latest,3,1.1640525666712798,0.9658194376626504,1.123358313839124,0.8489583333333334,0.8948863636363636,0.07075916195757909,0.9763327612884858,2.787758834873699,0.9329402020693692,0.48538160281487747,0.9646204190212105,3.0,1.7548226668910498,0.996041251923129,1.014972701678835,1.0,0.9971588028630421,2.905883129049992,0.9709566816877716,0.4220594182657001,,,,,provisional,0.0,0.0,,,,,,,,,,,,,,,,0.2889656683474889,0.009689644232493813,selected,3.0,1.0,0.190172781114752,0.011891783883619169,3.0
,,,,,,,,,,,,,,,,,,,,,8.0,0274,stage4_1201_latest,8,1.1880369921860776,0.103589991715734,1.0962432116212093,0.9895833333333334,0.9829545454545454,0.06188761386477425,0.9821933510811872,2.6872331312543127,0.47497346782009137,0.5403321185423355,0.9690561930676128,3.0,1.3473227965796943,0.9593417011972231,1.0342410797168544,1.0,0.9922400707473861,7.204368838090992,0.949420339526695,0.17779217291167612,,,,,final,0.0,0.0,,,,,,,,,,,,,,,,0.10904087622663072,0.2694534367613917,candidate,3.0,1.0,0.18933017450928838,0.036272564390199366,3.0
0.9949183138497549,1.0155500645819218,0.5083815806900557,0.9903777139971638,1.0270258204938443,0.5217877437659252,0.9843481886756346,1.0402898447125866,0.49363434318795024,0.9957998039735824,1.0148655027851619,0.5062643276602039,0.9921448529665774,1.0224547283703493,0.5098864232422364,0.6285305043433226,0.610979982493607,0.1130723085565956,0.6287135952512815,0.6769035143597918,0.1131754494746401,8.0,0274,stage4_1201_latest,3,1.1880369802251496,0.9668399223761045,1.0962432125192332,0.9895833333333334,0.9829545454545454,0.061887614390316086,0.9821933508235154,2.6872331292739133,0.8990246783293079,0.5403321191951983,0.969056192804842,3.0,1.2752062379960256,0.9952763522702108,1.0141164952682078,1.0,0.9972170258966905,2.9034513972265863,0.9701802710935356,0.4254584825170773,0.08642450720071793,0.9884175413799122,1.4548162237947582,1.0310127259619817,final,0.0,0.0,0.5001488627951547,0.1317926451253155,0.004580489821482697,1.2527740689735716,0.9945497314235573,1.0172457039927205,0.9673182241711845,0.038669949166729056,1.0,0.003556852258515428,0.01573306933050296,0.9976532164629731,2.894467761971045,0.9673182241711845,0.425712213702792,0.2905999825621892,0.009526599889007009,selected,3.0,1.0,0.19030004295401198,0.01364690999220002,3.0
,,,,,,,,,,,,,,,,,,,,,8.0,0275,stage4_1201_latest,8,1.8014970030862754,0.35290592352990846,1.0739109077762332,0.6041666666666666,0.8920454545454546,0.04386559499154151,0.9881655850093454,4.490796146255025,0.7221993856452329,0.328349716302293,0.9780672025042292,5.0,1.0711174735116993,0.9776223889392172,1.1280131525137393,0.6666666666666666,0.9618102353625503,7.880224478878676,0.9927364951061814,0.16815605686352664,,,,,base,0.0,0.0,,,,,,,,,,,,,,,,0.1813336838200509,0.26934774057493993,candidate,5.0,1.0,0.16017543196073344,0.02117589193337086,5.0
,,,,,,,,,,,,,,,,,,,,,8.0,0275,stage4_1201_latest,5,1.801497005458928,0.9881365859786728,1.0739109072285717,0.6041666666666666,0.8920454545454546,0.043865594930961066,0.9881655851105562,4.490796146440423,0.9331030369848088,0.3283497161347824,0.9780672025345196,5.0,1.7014337211229502,0.997731344349328,1.014157147506696,0.3333333333333333,0.9973148240487545,4.991267388736682,0.9989136378809557,0.2159736157627049,,,,,base,0.0,0.0,,,,,,,,,,,,,,,,0.2900706485558741,0.0038168489781691974,selected,5.0,1.0,0.16161733323748725,0.006696275116975723,5.0
,,,,,,,,,,,,,,,,,,,,,8.0,0275,stage4_1201_latest,8,1.1675490322105824,0.11840704144236185,1.0391270187785129,1.0,1.0,0.06705245732928419,0.9936128225030443,2.204804573161037,0.37768942426744434,0.7017122034150419,0.9664737713353578,3.0,1.1368880985375798,0.9887156365256473,1.056542355596877,0.6666666666666666,0.985749866290163,7.944134549056197,0.9966284868138579,0.14646739342212295,,,,,provisional,0.0,0.0,,,,,,,,,,,,,,,,0.1308734253474655,0.30815163781939,candidate,3.0,1.0,0.1608931874127114,0.0200908927296468,3.0
,,,,,,,,,,,,,,,,,,,,,8.0,0275,stage4_1201_latest,3,1.1394514326355971,0.9109006158404428,1.038922103169318,1.0,1.0,0.06521996672923945,0.9936561511692092,2.1973757122614224,0.7123417278037594,0.7021513467866063,0.9673900166353803,3.0,1.0083138277252461,0.9978401085823251,1.0116171999283792,0.6666666666666666,0.9976811786394298,2.992117850590752,0.9976038862464682,0.3634938529879865,,,,,provisional,0.0,0.0,,,,,,,,,,,,,,,,0.27928448757794777,0.0053776911929605,selected,3.0,1.0,0.16167423675362386,0.00749179253087506,3.0
,,,,,,,,,,,,,,,,,,,,,8.0,0275,stage4_1201_latest,8,1.2763536251409615,0.06288442012612988,1.006762420243004,1.0,1.0,0.03324211141700279,0.9991938144261813,1.6567261182187594,0.2421369841241352,0.80460631210992,0.9833789442914985,2.0,1.1610930825820356,0.9865950378309307,1.0672879214493822,0.6666666666666666,0.9825660503561302,7.93800088229322,0.9962577655880133,0.1478850498903335,,,,,final,0.0,0.0,,,,,,,,,,,,,,,,0.0960899091605206,0.2790488221483224,candidate,2.0,1.0,0.16085772314317434,0.02101848322894463,2.0
0.9996207961258224,1.0018126087316297,0.5235804087573975,0.9992963958395213,1.0031489084975806,0.5220932770870655,0.9997675851355614,1.00116719728498,0.5245504175819092,0.999842911417359,1.0008197083926023,0.5228980734416709,0.9992684722700786,1.0032603707461794,0.5210046351968921,0.684224621163036,1.5079476650756678,0.29756201322161785,0.5604127189248986,1.166551145564077,0.19393315910644127,8.0,0275,stage4_1201_latest,2,1.0,0.9930369793599305,1.0059148728375846,1.0,1.0,0.02804739404124931,0.9992919088544816,1.6318139186097202,0.70595227112112,0.8070746725122889,0.9859763029793754,2.0,1.0,0.9993398464258794,1.0029759347195562,0.6666666666666666,0.9995057956496854,1.999247988004762,0.9994573220399748,0.5107563979201596,0.12879665195941925,0.9992723675850863,1.416101652159048,1.0032428551834989,final,0.0,0.0,0.6282651236013311,0.2218961263660806,0.18070144112526007,1.0,0.9998496684489466,1.0007869539889727,0.99936913262611,0.007143931752705398,1.0,0.0005822116041655121,0.004331607875501988,0.9999250804386876,1.9991256900315852,0.99936913262611,0.5141363412448147,0.28713457671920756,0.0031465544558798753,selected,2.0,1.0,0.16162209241575795,0.0037780715339492572,2.0
,,,,,,,,,,,,,,,,,,,,,8.0,0276,stage4_1201_latest,8,1.8295082815876191,0.25448599749346784,1.0526113902598293,1.0,1.0,0.08832584214336264,0.9903582894099305,1.8360433238484914,0.2872864212118352,0.7838272305830172,0.9558370789283187,4.0,1.1281994939561022,0.9680996417028185,1.0702241040204512,1.0,0.9815328601820194,7.7046900109083785,0.9818448621429924,0.17092910031311956,,,,,base,0.0,0.0,,,,,,,,,,,,,,,,0.17980147304392527,0.2727547742363709,candidate,4.0,1.0,0.16523032205572544,0.030203325830931844,4.0
,,,,,,,,,,,,,,,,,,,,,8.0,0276,stage4_1201_latest,4,1.7513847398830944,0.5499091760885525,1.0532955234668289,1.0,1.0,0.08273093384474625,0.9905619828512231,1.8102487447321847,0.4235829074146397,0.785785480357481,0.9586345330776268,4.0,1.1366370979652396,0.9946413369286882,1.0259006876755477,0.6666666666666666,0.9942900558174449,3.9804295396551077,0.9964578330259979,0.27724308465718334,,,,,base,0.0,0.0,,,,,,,,,,,,,,,,0.25885488004683993,0.034833049689685064,selected,4.0,1.0,0.1679016436987091,0.012899149853048776,4.0
,,,,,,,,,,,,,,,,,,,,,8.0,0276,stage4_1201_latest,8,1.6087901201109387,0.0711856987377554,1.0027262876834628,1.0,1.0,0.01595526250772913,0.9997106559294896,1.2326611731483164,0.10025960133891601,0.9468154890345094,0.9920223687461355,2.0,1.5833887678414422,0.9802464001594292,1.065104528933479,0.6666666666666666,0.9841552490036038,7.691142814389416,0.9810409895292832,0.15988053260421928,,,,,provisional,0.0,0.0,,,,,,,,,,,,,,,,0.09970709221569031,0.3685271160574812,candidate,2.0,1.0,0.16671332573641004,0.020381437976833446,2.0
,,,,,,,,,,,,,,,,,,,,,8.0,0276,stage4_1201_latest,2,1.0,0.9630345578706742,1.002152830353505,1.0,1.0,0.013638315601081391,0.9997687071311067,1.2242613452025108,0.2907574841976805,0.9483037505954112,0.9931808421994593,2.0,1.0,0.9982012749169336,1.007006600627981,1.0,0.9986964341008923,1.9900708207327134,0.9928145985960523,0.547580946690494,,,,,provisional,0.0,0.0,,,,,,,,,,,,,,,,0.29157934259241125,0.004648232852512982,selected,2.0,1.0,0.16827132082559632,0.007328301081355421,2.0
,,,,,,,,,,,,,,,,,,,,,8.0,0276,stage4_1201_latest,8,1.9070289420118618,0.07160824707212377,1.0040126661666826,1.0,1.0,0.019491456707209188,0.9995533535178627,1.2620035387112092,0.11153851376741655,0.9396700823571482,0.9902542716463952,2.0,1.6410110636647939,0.9838422950539873,1.0596371172866523,0.6666666666666666,0.9858134115375385,7.721552855689285,0.9829476535642298,0.1573914605873403,,,,,final,0.0,0.0,,,,,,,,,,,,,,,,0.1009865833956119,0.36214680390414716,candidate,2.0,1.0,0.16698849878909036,0.017136306676846416,2.0
0.9937654093740741,1.020238546255747,0.6212070106589513,0.9901124562447342,1.0297640094123968,0.6320962727644895,0.9950441812206229,1.0169054349289992,0.5984100314957262,0.9978440621923231,1.008221694106614,0.5928232457827953,0.9903376962896595,1.0293937509059499,0.6244836120259195,0.6562274775841715,0.3151184867101287,0.25623736033094285,0.6564408071940325,0.32518172712567156,0.25623736033094285,8.0,0276,stage4_1201_latest,2,1.0,0.9624868850332611,1.0025958660874477,1.0,1.0,0.01472212504923437,0.9997155115754746,1.2418329877597172,0.31115395703061294,0.9432781485369519,0.9926389374753826,2.0,1.0,0.997957156955786,1.0078363336090932,1.0,0.9985186297925989,1.9900030091455279,0.9927649189945078,0.5474440415005217,0.12916116416454315,0.9870293292927785,1.6347000609499025,1.0376886765707123,final,0.0,0.0,0.6000292702562823,0.010085693639559376,0.00047945734267675993,1.0,0.9974194081527836,1.0094829279536273,0.9896958502397887,0.029425763388854633,1.0,0.002338438263521553,0.017738956858856923,0.9987761751170355,1.9857832916916598,0.9896958502397887,0.5569658062002432,0.2918738962561431,0.004566976958659704,selected,2.0,1.0,0.1682691919532336,0.008011691415563158,2.0
,,,,,,,,,,,,,,,,,,,,,8.0,0277,stage4_1201_latest,8,1.0,0.03542965764222389,1.0257634843706636,0.8802083333333334,0.8465909090909091,0.03838672082373607,0.9961171678368708,1.989652767582528,0.33083058757064365,0.5424757568027143,0.9808066395881322,2.0,1.2951399931459546,0.9360485434966633,1.0515979243678242,0.6666666666666666,0.9873811661019821,7.2949557382692705,0.9555094642298855,0.16545177233188896,,,,,base,0.0,0.0,,,,,,,,,,,,,,,,0.07213812693461404,0.21443154603520254,candidate,2.0,1.0,0.19266882631405816,0.021390218668010132,2.0
,,,,,,,,,,,,,,,,,,,,,8.0,0277,stage4_1201_latest,2,1.0,0.9920304139822689,1.0257634843706636,0.8802083333333334,0.8465909090909091,0.03838672082373607,0.9961171678368708,1.989652767582528,0.9924917627119308,0.5424757568027143,0.9808066395881322,2.0,1.0,0.9948294577904756,1.017871858425245,0.6666666666666666,0.9961828492176007,1.9929976928871265,0.9949338245384747,0.5338547577700873,,,,,base,0.0,0.0,,,,,,,,,,,,,,,,0.2882362799574193,0.00690021907100285,selected,2.0,1.0,0.20027305348353916,0.01735695636268574,2.0
,,,,,,,,,,,,,,,,,,,,,8.0,0277,stage4_1201_latest,8,1.0,0.03551044255308123,1.0168567914340914,1.0,1.0,0.040939280945140995,0.9976283916670307,1.9514893595052263,0.3214930895230121,0.6074032339430923,0.9795303595274295,2.0,1.2990083555131096,0.9859902201585832,1.0477357999155017,1.0,0.988547941219358,7.458512702040426,0.9662861740275507,0.1629188881868371,,,,,provisional,0.0,0.0,,,,,,,,,,,,,,,,0.0720369545931224,0.21486171981708596,candidate,2.0,1.0,0.1988132576178361,0.014768388586063342,2.0
,,,,,,,,,,,,,,,,,,,,,8.0,0277,stage4_1201_latest,2,1.0,0.9942923914862745,1.0168567914340914,1.0,1.0,0.040939280945140995,0.9976283916670307,1.9514893595052263,0.9644792685690362,0.6074032339430923,0.9795303595274295,2.0,1.0,0.9949543778811341,1.0175775878795201,1.0,0.9962806560506889,1.994368261613409,0.9959219575106004,0.5279528502714553,,,,,provisional,0.0,0.0,,,,,,,,,,,,,,,,0.28783159059145275,0.007223897890760422,selected,2.0,1.0,0.20038050491185858,0.0060191650713215875,2.0
,,,,,,,,,,,,,,,,,,,,,8.0,0277,stage4_1201_latest,8,1.0,0.03554479399603283,1.016080072061274,1.0,1.0,0.03880826141415559,0.9977446353269791,1.9841518009073533,0.32949940733442423,0.5582352670837915,0.9805958692929221,2.0,1.5224440909578776,0.986505228522093,1.0398984150858304,1.0,0.9909702300330744,7.499289164780502,0.9688825471686189,0.16584067849450776,,,,,final,0.0,0.0,,,,,,,,,,,,,,,,0.07207427656959857,0.21466353336260385,candidate,2.0,1.0,0.19787191722369316,0.01758865204329401,2.0
0.9986515082380417,1.0055149211755152,0.5703078594168466,0.9971861988659853,1.010523363847317,0.5688748468857616,0.996339445468916,1.0132739487191371,0.5621506857696793,0.9993309411290823,1.0029818192107351,0.5565300255398221,0.9961986386927314,1.0136505781375402,0.5722434381888796,0.6002635875270468,0.1965806754461119,0.00983452072820297,0.6002732232365608,0.2949166091647134,0.007379767798045019,8.0,0277,stage4_1201_latest,2,1.0,0.9952542318889193,1.016080072061274,1.0,1.0,0.03880826141415559,0.9977446353269791,1.9841518009073533,0.9884982220032726,0.5582352670837915,0.9805958692929221,2.0,1.0,0.99486160621156,1.018003670741498,0.6666666666666666,0.9961687343639909,1.9966855745478231,0.9976033622078746,0.5193526441413002,0.11889266967773438,0.9955978884656155,1.5104441109468392,1.015491332293086,final,0.0,0.0,0.6000640113493488,0.0983359337186015,0.007152299510937141,1.0,0.9997409028713866,1.001270983898087,0.9969262832740299,0.008684395251266337,1.0,0.0011041341344962055,0.005667840945439803,0.9998724491249471,1.9957439304356002,0.9969262832740299,0.5321295690144019,0.28798087849735743,0.006312507434711877,selected,2.0,1.0,0.2002983282345426,0.0053870425746088005,2.0
,,,,,,,,,,,,,,,,,,,,,8.0,0278,stage4_1201_latest,8,1.0,0.035560145202525026,1.0154515917113978,0.765625,0.8210227272727273,0.02754789198434041,0.9978460653779331,1.9965355178522357,0.3324986284188292,0.5245213337666358,0.9862260540078299,2.0,1.7061385127505024,0.9482324495911385,1.0220943166923655,1.0,0.9955808483210741,7.20662971493783,0.9494439424777327,0.21744564179938766,,,,,base,0.0,0.0,,,,,,,,,,,,,,,,0.0720834144073752,0.2143987073842052,candidate,2.0,1.0,0.205700887436606,0.04454233491958779,2.0
,,,,,,,,,,,,,,,,,,,,,8.0,0278,stage4_1201_latest,2,1.0,0.9956840656707007,1.0154515917113978,0.765625,0.8210227272727273,0.02754789198434041,0.9978460653779331,1.9965355178522357,0.9974958852564876,0.5245213337666358,0.9862260540078299,2.0,1.0,0.9994352740789414,1.0020148712579109,1.0,0.9996789073720184,1.9296686307341178,0.9483406441997818,0.6327595522196511,,,,,base,0.0,0.0,,,,,,,,,,,,,,,,0.28801742984846396,0.0038223775243647904,selected,2.0,1.0,0.21975733743527526,0.002311028124749623,2.0
,,,,,,,,,,,,,,,,,,,,,8.0,0278,stage4_1201_latest,8,1.0,0.03522887714180743,1.0154042350740984,1.0,1.0,0.035385972281694336,0.9977939606752441,1.7199554717887995,0.26050643896269376,0.7659295426801599,0.9823070138591529,2.0,1.6828440484823477,0.8217805610399324,1.0446146177407734,1.0,0.9897757128421847,6.190383861876664,0.8760278236827103,0.22250409819977066,,,,,provisional,0.0,0.0,,,,,,,,,,,,,,,,0.0723606933298826,0.2136849592775157,candidate,2.0,1.0,0.17164265013964372,0.09637684766285967,2.0
,,,,,,,,,,,,,,,,,,,,,8.0,0278,stage4_1201_latest,2,1.0,0.9864085599584893,1.0154042350712507,1.0,1.0,0.03538597230499184,0.997793960674467,1.7199554715413956,0.7815193166807366,0.7659295428009885,0.9823070138475042,2.0,1.0,0.9983011203487433,1.005308739591399,1.0,0.9990413796347011,1.9262683763581439,0.9457708939947246,0.6355224906159552,,,,,provisional,0.0,0.0,,,,,,,,,,,,,,,,0.2891265455384936,0.014934258516541857,selected,2.0,1.0,0.21953539154458962,0.003969670374472086,2.0
,,,,,,,,,,,,,,,,,,,,,8.0,0278,stage4_1201_latest,8,1.0,0.03512641814010947,1.0187447929794113,1.0,1.0,0.03998497221592657,0.9972289111448299,1.7267368445493265,0.26234273280034126,0.7622070032205791,0.9800075138920369,2.0,1.8256036890950331,0.8345991608980297,1.0535572833186744,1.0,0.987614783777477,6.296677877751897,0.8841389117150097,0.21549423016380267,,,,,final,0.0,0.0,,,,,,,,,,,,,,,,0.07245732246893104,0.21374602176841093,candidate,2.0,1.0,0.17506032407044847,0.094193476852556,2.0
0.9928288355348092,1.0176237515579682,0.7748859052856606,0.9910861086178202,1.019512318821351,0.8033430742088832,0.9859590743573559,1.0318182631536432,0.7695106674031819,0.9937412757032216,1.0166327412749707,0.7512474321724509,0.9878763254159779,1.0268586456006539,0.7854900694733202,0.601335695185182,0.4882227831112051,0.005183987643185496,0.6012131320858984,0.49566786212350045,0.0031460065469500753,8.0,0278,stage4_1201_latest,2,1.0,0.9835397079031497,1.0187447929883242,1.0,1.0,0.039984972183286685,0.9972289111423116,1.7267368443964735,0.787028198272811,0.7622070032948406,0.9800075139083565,2.0,1.0,0.9957216846746119,1.0124404986625457,1.0,0.9974559755309081,1.9368881949987407,0.9536636503231284,0.6240815131811805,0.08362259715795517,0.9892848806897873,1.3199432328083387,1.0241121105914395,final,0.0,0.0,0.6000544013839847,0.009948996323985694,0.005720488717387349,1.0,0.9925881824649953,1.018745229408264,0.9384596867110118,0.04558196653116568,1.0,0.004462402310700801,0.028040209805188065,0.9973159417391272,1.9167414919020287,0.9384596867110118,0.6420939149835571,0.28951306408785776,0.014683776929307564,selected,2.0,1.0,0.21925314214353095,0.0072814644698434095,2.0
,,,,,,,,,,,,,,,,,,,,,8.0,0279,stage4_1201_latest,8,1.0,0.010033580042014835,1.0000093326409796,1.0,1.0,0.0004516620127886933,0.9999993832422361,1.0016354296269647,0.0007792652753374907,0.9997708973002438,0.9997741689936057,1.0,1.613406703179671,0.7484029433086896,1.0153382199409926,1.0,0.9970442191461392,6.886025382345831,0.9278867981117509,0.19373657812722578,,,,,base,0.0,0.0,,,,,,,,,,,,,,,,0.05506884900549818,0.2220722744471145,candidate,1.0,1.0,0.14101900691739355,0.12256601776257442,1.0
,,,,,,,,,,,,,,,,,,,,,8.0,0279,stage4_1201_latest,1,0.0,0.0,1.0,1.0,1.0,0.0,1.0,1.0,0.0,1.0,1.0,1.0,0.0,0.0,1.0,1.0,1.0,1.0,0.0,1.0,,,,,base,0.0,0.0,,,,,,,,,,,,,,,,0.2880228852271988,0.0,selected,1.0,1.0,0.16125332407968673,0.0,1.0
,,,,,,,,,,,,,,,,,,,,,8.0,0279,stage4_1201_latest,8,1.0,0.03528856023791318,1.022392798942158,1.0,1.0,0.044502384425780625,0.996794897084222,1.8500380179444103,0.29565041228313177,0.6921127345491457,0.9777488077871097,2.0,1.848248303321536,0.7445875583986015,1.0325327727639944,1.0,0.9931432136778664,6.664114137885803,0.9121157010170874,0.24003304547813617,,,,,provisional,0.0,0.0,,,,,,,,,,,,,,,,0.07174385111490937,0.21451428896945784,candidate,2.0,1.0,0.14047187217087773,0.12925737787135605,2.0
,,,,,,,,,,,,,,,,,,,,,8.0,0279,stage4_1201_latest,2,1.0,0.9880796866426846,1.0223927989715127,1.0,1.0,0.044502384460240504,0.9967948970798693,1.8500380179223772,0.8869512368307934,0.6921127345596751,0.9777488077698796,2.0,1.0,0.9948608023378636,1.0105840235026382,1.0,0.9978816976255412,1.8472049748152248,0.8851299851938129,0.6955225075103474,,,,,provisional,0.0,0.0,,,,,,,,,,,,,,,,0.28665917667860064,0.007903395548025926,selected,2.0,1.0,0.16054114908212844,0.01178421646947265,2.0
,,,,,,,,,,,,,,,,,,,,,8.0,0279,stage4_1201_latest,8,1.0,0.03464962046151853,1.0160300385152208,1.0,1.0,0.0455537409703849,0.9978173575509323,1.563238102706376,0.2140267175983298,0.8339732746776739,0.9772231295148075,2.0,1.8710882227064511,0.8864021517611153,1.0360260348429597,1.0,0.9923054293882317,6.683855235056041,0.9135379145609845,0.23661830175242382,,,,,final,0.0,0.0,,,,,,,,,,,,,,,,0.07117049856599268,0.21471229859686589,candidate,2.0,1.0,0.14043983952710373,0.06699946506320005,2.0
0.987535093679112,1.0205439551998163,0.8603785570424604,0.982030230384604,1.02873821220025,0.8558910614150453,0.9846707325399091,1.024648610875647,0.8594312632805741,0.9850842537570038,1.0252830083164914,0.8495021313917076,0.9799380461520882,1.0309212642055887,0.8599552898602276,0.727870005593165,0.33205345095989997,0.16130483461106446,0.728017112286429,0.61577453088065,0.15223874624482628,8.0,0279,stage4_1201_latest,2,1.0,0.9701893731967808,1.0160300384133365,1.0,1.0,0.045553740801974114,0.9978173575677698,1.5632381031407803,0.6420801532179055,0.83397327452005,0.9772231295990129,2.0,1.0,0.9930700013410625,1.0151116705325387,1.0,0.9968100290157924,1.8728826732525639,0.9050148031908551,0.6773903307778711,0.13883039355278015,0.9800573643331759,1.5468659811511678,1.032043472811068,final,0.0,0.0,0.6005248588503166,0.2837210799207501,0.009066088366238179,1.0,0.9848550470297059,1.0245893158206953,0.8615393921856954,0.057587962906273986,1.0,0.006001731473978543,0.035869984152922536,0.9962921029980447,1.8179334686698345,0.8615393921856954,0.712037299319306,0.284365764508679,0.011851009759395022,selected,2.0,1.0,0.16042367529114562,0.014129095194861873,2.0
,,,,,,,,,,,,,,,,,,,,,8.0,0280,stage4_1201_latest,8,1.0,0.035465883480678,1.0048406166938142,1.0,1.0,0.01808451708824655,0.999417267087621,1.5868772968623013,0.22189924985496848,0.8258380018669925,0.9909577414558768,2.0,1.9319205899415341,0.968965689529662,1.018372482301508,1.0,0.9964562310464696,7.135179520373999,0.944884272481406,0.22784788825262137,,,,,base,0.0,0.0,,,,,,,,,,,,,,,,0.07271353950648544,0.21544735032278764,candidate,2.0,1.0,0.1994842904877677,0.017051378075402888,2.0
,,,,,,,,,,,,,,,,,,,,,8.0,0280,stage4_1201_latest,2,1.0,0.9930447375570386,1.004840616641817,1.0,1.0,0.01808451701633311,0.9994172670950958,1.5868772972695204,0.6656977499414569,0.8258380017076208,0.9909577414918335,2.0,1.0,0.9974338394201692,1.0069914266367124,1.0,0.9987188175628691,1.9014806259388768,0.9270376964497244,0.6567676326737768,,,,,base,0.0,0.0,,,,,,,,,,,,,,,,0.290537922288459,0.0066826566514050926,selected,2.0,1.0,0.19803387742347864,0.009874969560698018,2.0
,,,,,,,,,,,,,,,,,,,,,8.0,0280,stage4_1201_latest,8,1.0000065641757558,0.04263630733971901,1.0463034125961008,1.0,1.0,0.056792334837731426,0.9920435840493893,1.767979069424628,0.27328721846758075,0.7373050920802088,0.9716038325811344,2.0,1.85325601680753,0.9415214898042075,1.0445135160574301,1.0,0.9900623865923827,7.129617916074895,0.9441633256324518,0.2229672718907664,,,,,provisional,0.0,0.0,,,,,,,,,,,,,,,,0.07345895900668549,0.3307401820585111,candidate,2.0,1.0,0.1982379011713503,0.036153074555706294,2.0
,,,,,,,,,,,,,,,,,,,,,8.0,0280,stage4_1201_latest,2,1.0,0.9619883132251155,1.0463052849839205,1.0,1.0,0.05678359904214873,0.9920435872623323,1.7679115343137453,0.8198120186054784,0.7373076346054092,0.9716082004789257,2.0,1.0,0.9946799117104325,1.0137623050172981,1.0,0.9972164407280045,1.9115039152197106,0.9345472327665404,0.647461453655836,,,,,provisional,0.0,0.0,,,,,,,,,,,,,,,,0.2843809412380666,0.0039566042082648445,selected,2.0,1.0,0.1981137210759609,0.016567245146169217,2.0
,,,,,,,,,,,,,,,,,,,,,8.0,0280,stage4_1201_latest,8,1.0,0.034836631670492245,1.0435328441472618,1.0,1.0,0.04990230925621119,0.9926723093915462,1.8576421512699752,0.29749855748115,0.6837204876213008,0.9750488453718944,2.0,1.8394731701823046,0.9447852521035655,1.0403599019457876,1.0,0.9911181484610796,7.1905482063142125,0.9483506227071364,0.2138796818241143,,,,,final,0.0,0.0,,,,,,,,,,,,,,,,0.07154423413362083,0.21422989436520526,candidate,2.0,1.0,0.19808228351715979,0.03579912049493451,2.0
0.9936076692190646,1.013270632510419,0.8299960208967959,0.9948136456513825,1.0105585534230488,0.8409848125859912,0.9871034971629407,1.0278102177667217,0.79154177281695,0.9924327593756044,1.0181247634558408,0.7814635579431948,0.9943885798849124,1.0112978511122186,0.8411933769009302,0.6009965031538249,1.0191169787063223,0.009718331628253038,0.6015081263871527,1.1262912726260599,0.004653089508970361,8.0,0280,stage4_1201_latest,2,1.0,0.9754256867311045,1.0435328442065392,1.0,1.0,0.04990230928365383,0.9926723093811921,1.857642151220669,0.8924956724021906,0.6837204876455405,0.9750488453581732,2.0,1.0,0.9957907064916176,1.011686390121184,1.0,0.9976921291969741,1.923287951738975,0.9434620718336214,0.6373309694172707,0.09248636662960052,0.9944140116685046,1.3555944211534445,1.011598472466191,final,0.0,0.0,0.6001536283217129,0.10717429391973747,0.0050652421192826785,1.0,0.990897043571032,1.020300253035831,0.9169490099848839,0.04844017821020963,1.0,0.0050934038754519816,0.030139740525806827,0.9970451901868239,1.8885201302087888,0.9169490099848839,0.6650611526739509,0.2858607087534465,0.002685668066318682,selected,2.0,1.0,0.19809656178958798,0.014477864616160883,2.0
,,,,,,,,,,,,,,,,,,,,,8.0,0281,stage4_1201_latest,8,1.0,0.03512573577083429,1.0364234170252868,1.0,1.0,0.04514749139705663,0.9941510834010464,1.9067352223198775,0.31020859058801425,0.6476772217478189,0.9774262543014717,2.0,1.8833315331126739,0.9021666820936088,1.0405183556765316,1.0,0.991150219008191,6.872743670197326,0.9267073242552883,0.2354252085250844,,,,,base,0.0,0.0,,,,,,,,,,,,,,,,0.07231866709203545,0.21431364836536634,candidate,2.0,1.0,0.23937506153555668,0.05434324163711766,2.0
,,,,,,,,,,,,,,,,,,,,,8.0,0281,stage4_1201_latest,2,1.0,0.9835206015833602,1.0364234170252868,1.0,1.0,0.04514749139705663,0.9941510834010464,1.9067352223198775,0.9306257717640428,0.6476772217478189,0.9774262543014717,2.0,1.0,0.9969344619926439,1.0094594444371294,1.0,0.9981477027516362,1.9421823119861525,0.9576262994762262,0.6191114194967656,,,,,base,0.0,0.0,,,,,,,,,,,,,,,,0.28895844058710496,0.007262187998401001,selected,2.0,1.0,0.2592823214319928,0.018413983104565837,2.0
,,,,,,,,,,,,,,,,,,,,,8.0,0281,stage4_1201_latest,8,1.0,0.03482715057359188,1.0327242495719322,1.0,1.0,0.050285167989528735,0.9946577558076719,1.7769451823274611,0.2760194302098956,0.7343722643948136,0.9748574160052357,2.0,1.374082547396281,0.8905781748221082,1.0339799583400102,1.0,0.9924421402268556,6.81882381323997,0.9231649791837921,0.209242783721769,,,,,provisional,0.0,0.0,,,,,,,,,,,,,,,,0.07221237145787444,0.21469861970652507,candidate,2.0,1.0,0.23051993695173562,0.07098305640869927,2.0
,,,,,,,,,,,,,,,,,,,,,8.0,0281,stage4_1201_latest,2,1.0,0.9751602159826389,1.032724249641041,1.0,1.0,0.05028516808167522,0.9946577557937865,1.77694518214605,0.828058290477958,0.7343722644841768,0.9748574159591624,2.0,1.0,0.9939754264994299,1.0192027404369242,1.0,0.9958919006070804,1.975272405506893,0.981996579049867,0.5740134821962509,,,,,provisional,0.0,0.0,,,,,,,,,,,,,,,,0.2885332580504609,0.007293858887028356,selected,2.0,1.0,0.25878216576319374,0.015324299730202303,2.0
,,,,,,,,,,,,,,,,,,,,,8.0,0281,stage4_1201_latest,8,1.0,0.034800067854613585,1.0294733584150133,1.0,1.0,0.04847057786926272,0.9952669935489404,1.742269912427842,0.26648167465182554,0.7530613156572997,0.9757647110653687,2.0,1.4542500479602778,0.8906666572639999,1.0342818230643287,1.0,0.9924426783297022,6.818991454817144,0.9231779793346523,0.20852678507922204,,,,,final,0.0,0.0,,,,,,,,,,,,,,,,0.07224410682460179,0.21473541771089208,candidate,2.0,1.0,0.23064962390832594,0.0711824520405448,2.0
0.99259769584657,1.0218357738691053,0.6829490978966748,0.98596065501768,1.0372499490325329,0.6918940903104229,0.9709968114702822,1.0706234973095559,0.6731600039068983,0.9966968335823001,1.011385879050269,0.6459444364657335,0.9877136527437983,1.0328921896870087,0.6987456321794555,0.6006385095533963,0.21076818788870563,0.023534180611477027,0.6006098703628366,0.1733900854727157,0.022548968650257382,8.0,0281,stage4_1201_latest,2,1.0,0.9744018999242857,1.0294733584123577,1.0,1.0,0.04847057784227812,0.99526699354816,1.742269912359766,0.7994450238999204,0.7530613156921717,0.975764711078861,2.0,1.0,0.9935681833346103,1.0203979286145826,1.0,0.995599367120244,1.9762176505218143,0.9826841722750259,0.5720430582738115,0.08427071571350098,0.9821514290904244,1.4181395255858802,1.0461373070395183,final,0.0,0.0,0.6000264361641242,0.037378102415989926,0.0009852119612196453,1.0,0.9958019461387974,1.013874095108724,0.9800669903917981,0.03797186169996404,1.0,0.0030120640297039715,0.022348738231755573,0.9981072338229653,1.972609954044987,0.9800669903917981,0.5797991211750722,0.2886601995173703,0.007606328393131842,selected,2.0,1.0,0.25878649280860955,0.01648190143502428,2.0
,,,,,,,,,,,,,,,,,,,,,8.0,0282,stage4_1201_latest,8,1.0,0.03524464909208784,1.038909807448003,0.90625,0.9346590909090909,0.040640945679861866,0.993715786723679,1.982582147078342,0.3291053140826268,0.555578321569152,0.979679527160069,2.0,1.2566310706272754,0.8833243959282023,1.0573388676497406,1.0,0.9858132109173039,6.865499383109195,0.9264486607176122,0.20001385989669881,,,,,base,0.0,0.0,,,,,,,,,,,,,,,,0.07203438074261599,0.21458959244350778,candidate,2.0,1.0,0.19082313502310067,0.03565706916608503,2.0
,,,,,,,,,,,,,,,,,,,,,8.0,0282,stage4_1201_latest,2,1.0,0.9868501745784595,1.038909807448003,0.90625,0.9346590909090909,0.040640945679861866,0.993715786723679,1.982582147078342,0.9873159422478803,0.555578321569152,0.979679527160069,2.0,1.0,0.9926888782042103,1.0199580447897314,1.0,0.9956996449523041,1.937933099649528,0.9543639787184147,0.6216561132791779,,,,,base,0.0,0.0,,,,,,,,,,,,,,,,0.2878212951894271,0.007648789422162586,selected,2.0,1.0,0.21830619189921874,0.02652752152523918,2.0
,,,,,,,,,,,,,,,,,,,,,8.0,0282,stage4_1201_latest,8,1.0,0.034889755014850546,1.0182967721985816,1.0,1.0,0.04243440993997717,0.9973985029272204,1.6461404631252285,0.23910832235325713,0.7995192561243688,0.9787827950300115,2.0,1.141724198777458,0.9833052256016279,1.0420219512339959,1.0,0.9900302501782438,6.906130864465513,0.9291565454871807,0.24809478066872856,,,,,provisional,0.0,0.0,,,,,,,,,,,,,,,,0.07116603492310053,0.21450828456880314,candidate,2.0,1.0,0.22036894083229686,0.02202333703948303,2.0
,,,,,,,,,,,,,,,,,,,,,8.0,0282,stage4_1201_latest,2,1.0,0.9769131406247802,1.018296772066882,1.0,1.0,0.04243440985097741,0.9973985029482303,1.6461404633422851,0.7173249672676814,0.7995192560458063,0.9787827950745112,2.0,1.0,0.9837489575713373,1.0306506018057557,1.0,0.9928460656760683,1.8615711727109838,0.8958596822146119,0.6830794825624084,,,,,provisional,0.0,0.0,,,,,,,,,,,,,,,,0.28434791191136527,0.010329385471069909,selected,2.0,1.0,0.22072863208153518,0.013703209283904982,2.0
,,,,,,,,,,,,,,,,,,,,,8.0,0282,stage4_1201_latest,8,1.0,0.03534954613098181,1.0218096060622959,1.0,1.0,0.039081800366857426,0.9967842544331352,1.880383153042685,0.30355089194999996,0.6709668957637552,0.9804590998165712,2.0,1.1174346555734302,0.9940434460968353,1.0431585547100843,1.0,0.9895884939152847,7.0786234844827645,0.9410104580424273,0.24745913008756756,,,,,final,0.0,0.0,,,,,,,,,,,,,,,,0.0717813313395858,0.2144507004407673,candidate,2.0,1.0,0.2204841951678971,0.008877400479866062,2.0
0.990813020723954,1.0161815866990496,0.8556413238687227,0.9848329726380136,1.0255007165249468,0.8507079358896742,0.9841183693825429,1.0246898998853375,0.8648744411911788,0.987863040089358,1.0221671949663316,0.8395504532793823,0.9857132574027544,1.023374938435007,0.8580165372214721,0.6007454266665697,0.23706598419521616,0.02709308693466087,0.6013937948986442,0.494170704759318,0.030711684641615153,8.0,0282,stage4_1201_latest,2,1.0,0.9897872916674907,1.0218096060622959,1.0,1.0,0.039081800366857426,0.9967842544331352,1.880383153042685,0.9106526758499998,0.6709668957637552,0.9804590998165712,2.0,1.0,0.9825620824431586,1.033747563533773,1.0,0.9919150141619189,1.8711397580853255,0.9032823639284236,0.6758422871484998,0.1453801840543747,0.9836583257331913,1.5469953099608535,1.0271574589834322,final,0.0,0.0,0.6003970661421973,0.2571047205641019,0.003618597706954283,1.0,0.9884409081167,1.0204816565129409,0.8735975219180884,0.05110803423135632,1.0,0.005327636147697373,0.03184469511389629,0.9970146589902938,1.8329245155715048,0.8735975219180884,0.7033856338748183,0.2868090975773064,0.00692902933165489,selected,2.0,1.0,0.22046204948533948,0.017689277347411384,2.0
,,,,,,,,,,,,,,,,,,,,,8.0,0283,stage4_1201_latest,8,1.0752379127397138,0.06461968835781545,1.0048212296923844,1.0,1.0,0.012320109618003333,0.9994359557666407,1.8933850657289957,0.3069469928967707,0.6699407363818634,0.9938399451909984,2.0,1.2053492660886884,0.9847658465813621,1.0852140602934712,0.6,0.9810598999490919,7.929977110560733,0.995761979612462,0.15342063321164065,,,,,base,0.0,0.0,,,,,,,,,,,,,,,,0.11503931724219336,0.2776283637344135,candidate,2.0,1.0,0.2253344275746131,0.012250351568760537,2.0
,,,,,,,,,,,,,,,,,,,,,8.0,0283,stage4_1201_latest,2,1.0,0.9982233046150237,1.0047419643918427,1.0,1.0,0.011551455295624962,0.9994418113441154,1.8841738414101006,0.9138676548889746,0.670479587148164,0.9942242723521876,2.0,1.0,0.9995820815036041,1.0019813297150462,0.6,0.9997388485100915,1.9997688058805,0.9998332121046314,0.5065483004612801,,,,,base,0.0,0.0,,,,,,,,,,,,,,,,0.28878970064613624,0.00038913052751339333,selected,2.0,1.0,0.22575354489082025,0.0010938190820149686,2.0
,,,,,,,,,,,,,,,,,,,,,8.0,0283,stage4_1201_latest,8,1.000000002108892,0.03358313856242927,1.0019436520832379,1.0,1.0,0.013870524501802615,0.9997834920795562,1.05375285742179,0.024367872392012543,0.9893935120600701,0.9930647377490988,2.0,1.6910555603193211,0.9851937612205061,1.0737592310378117,0.4,0.9851829380535133,7.936713771946094,0.9961604396736613,0.14339786264382132,,,,,provisional,0.0,0.0,,,,,,,,,,,,,,,,0.0738757451772381,0.3330929497959904,candidate,2.0,1.0,0.22517696749999533,0.015960488376259727,2.0
,,,,,,,,,,,,,,,,,,,,,8.0,0283,stage4_1201_latest,2,1.0,0.5924012896058664,1.0019436527302836,1.0,1.0,0.013870477968203008,0.9997834920788177,1.0537526551659184,0.07310338967791127,0.9893935227105876,0.9930647610158985,2.0,1.0,0.9936111531792912,1.0217101870147898,0.8,0.9960233211581953,1.9958763286239,0.9970208458147949,0.5289754231796299,,,,,provisional,0.0,0.0,,,,,,,,,,,,,,,,0.2951867431724595,0.03703557500011009,selected,2.0,1.0,0.22552167841834173,0.018864583903434387,2.0
,,,,,,,,,,,,,,,,,,,,,8.0,0283,stage4_1201_latest,8,1.0,0.011623127155432528,1.00030508242935,1.0,1.0,0.00416074456606692,0.9999723642412999,1.0100187725208918,0.004640318945463505,0.9982073235189391,0.9979196277169664,1.0,1.5769980547975564,0.9810595337952212,1.0881829195535988,0.4,0.981519579994288,7.918530545868132,0.9950441775995461,0.14586312015465194,,,,,final,0.0,0.0,,,,,,,,,,,,,,,,0.07275287366726171,0.22646402500947452,candidate,1.0,1.0,0.22501464871129973,0.016386796519413233,1.0
0.0,1.0,1.0,0.0,1.0,1.0,0.0,1.0,1.0,0.0,1.0,1.0,0.0,1.0,1.0,0.7279765702954407,0.6590408257036723,0.41863022990286064,0.621911776304259,1.3197462197175032,0.021066689768320532,8.0,0283,stage4_1201_latest,1,0.0,0.0,1.0,1.0,1.0,0.0,1.0,1.0,0.0,1.0,1.0,1.0,0.0,0.0,1.0,1.0,1.0,1.0,0.0,1.0,0.18270766735076904,0.0,1.2002859177482137,1.0,final,0.0,0.0,0.7286323588697141,0.021212954578824824,0.40398035709421287,0.0,0.0,1.0,0.0,0.0,1.0,0.0,0.0,1.0,1.0,0.0,1.0,0.2880228852271988,0.0,selected,1.0,1.0,0.2257562239092294,0.0,1.0
,,,,,,,,,,,,,,,,,,,,,8.0,0284,stage4_1201_latest,8,1.9990873791544328,0.28232496034466364,1.0305527681975037,1.0,1.0,0.045667361816856704,0.9957017346699352,3.047162448455856,0.5351135109298413,0.48461502109158827,0.9771663190915715,4.0,1.2061774857075058,0.9713116062218733,1.0860883475215533,0.4,0.9809328591739149,7.852813347314623,0.9909349134591727,0.142868552658458,,,,,base,0.0,0.0,,,,,,,,,,,,,,,,0.1981344712908077,0.2783781047351855,candidate,4.0,1.0,0.22290462866667085,0.02637205737947449,4.0
,,,,,,,,,,,,,,,,,,,,,8.0,0284,stage4_1201_latest,4,1.9988134949059364,0.951984086737841,1.03055743889086,1.0,1.0,0.045590816592626676,0.9957018241047401,3.046433091723383,0.8025187468860502,0.48462879602112025,0.9772045917036866,4.0,1.9780309127957496,0.9987553257873363,1.008011664759915,0.4,0.9988499183794456,3.997892239323457,0.9996197714298278,0.25938610867300294,,,,,base,0.0,0.0,,,,,,,,,,,,,,,,0.2866201933010564,0.0049736786033964375,selected,4.0,1.0,0.22756447188362608,0.005372651725073679,4.0
,,,,,,,,,,,,,,,,,,,,,8.0,0284,stage4_1201_latest,8,1.0131064057906192,0.059671213180706874,1.0197204121042573,1.0,1.0,0.029592840324741965,0.9971176423040351,1.7579589986787445,0.270928126072736,0.7491759816939223,0.985203579837629,2.0,1.5352058942571376,0.9633128657647232,1.068602080507078,0.6,0.9859566993093157,7.5392866302025325,0.9710765839285148,0.15724380925590176,,,,,provisional,0.0,0.0,,,,,,,,,,,,,,,,0.11270497063899046,0.27482525875065206,candidate,2.0,1.0,0.22046301483080905,0.027310465047258377,2.0
,,,,,,,,,,,,,,,,,,,,,8.0,0284,stage4_1201_latest,2,1.0,0.9844140711590783,1.0196555647878904,1.0,1.0,0.028739029827788386,0.9971222409454512,1.751478378259703,0.8076112972839192,0.7496137148802647,0.9856304850861058,2.0,1.0,0.9972354252043818,1.010528385303815,0.6,0.9982776288587386,1.9983698936874432,0.9988225267174916,0.5155744791998742,,,,,provisional,0.0,0.0,,,,,,,,,,,,,,,,0.2914997192254306,0.007704486161525627,selected,2.0,1.0,0.22761757497047727,0.00219782708508595,2.0
,,,,,,,,,,,,,,,,,,,,,8.0,0284,stage4_1201_latest,8,1.0000020824119187,0.04031587379226293,1.0253854146853578,1.0,1.0,0.033868315572843935,0.996032892913053,1.7266435146158383,0.2621800363211294,0.7614295294676806,0.9830658422135781,2.0,1.4896098002220057,0.9633861493014757,1.0681999511012976,0.6,0.9858803649903856,7.547446706866532,0.9716246884358535,0.15657171272112275,,,,,final,0.0,0.0,,,,,,,,,,,,,,,,0.07460330517922889,0.3284680567728304,candidate,2.0,1.0,0.2210934405693277,0.025832465683191926,2.0
0.9992842870102665,1.0032021091544832,0.5068030161076323,0.9988689203933079,1.0048010344153464,0.5168184798394709,0.9978125221904433,1.0085834657406678,0.5109541794209439,0.9993630150804023,1.0028858357198094,0.5109717866862645,0.9990073983937385,1.0042755748976384,0.5194832435867766,0.6564665071444024,0.5536034888203342,0.41279767970117937,0.6560600218787817,0.7896135444205282,0.41932954147576246,8.0,0284,stage4_1201_latest,2,1.0,0.9768309983981943,1.0253853723519357,1.0,1.0,0.03386655146661519,0.9960328932980828,1.7266239440059394,0.7865232525034874,0.7614305404312874,0.9830667242666923,2.0,1.0,0.9989937482006938,1.0043305574106178,0.8,0.9993717786099392,1.9993091496105162,0.9995014681595965,0.5112748651944728,0.19421271979808807,0.998707404346641,1.1151557155543166,1.0054070717988948,final,0.0,0.0,0.600208422616738,0.027369733996985012,0.006230729516758432,1.0,0.999856665142699,1.0007559063672786,0.9999482179969824,0.006848450950290814,0.55859375,0.0006930233560331855,0.004232982087795486,0.9999283300074906,1.9999282182268268,0.9999482179969824,0.5034410700742552,0.2925472881979913,0.009148521374201656,selected,2.0,1.0,0.22760249405606814,0.0019940109485178472,2.0
,,,,,,,,,,,,,,,,,,,,,8.0,0285,stage4_1201_latest,8,1.0822636807417672,0.2967437240917125,1.0842760621194587,1.0,1.0,0.12328944493560293,0.9817606543163842,3.1646494573124264,0.5429527176338454,0.5176937369150293,0.9383552775321985,5.0,1.0548031852177577,0.9299618601661462,1.1193391361253582,0.4,0.969888449439666,7.258816374290869,0.9517417478207197,0.16762163521660045,,,,,base,0.0,0.0,,,,,,,,,,,,,,,,0.16754129179396385,0.273346365014691,candidate,5.0,1.0,0.1714813753436096,0.02559713372999222,5.0
,,,,,,,,,,,,,,,,,,,,,8.0,0285,stage4_1201_latest,5,1.0822636806290367,0.8308824270442166,1.0842760622423309,1.0,1.0,0.12328944528825135,0.9817606542533228,3.164649455420456,0.7015110224707463,0.5176937372608627,0.9383552773558744,5.0,1.4200761003393616,0.9992364573264579,1.0052989002681434,0.4,0.9992460995806034,4.99673928229987,0.9995946303407061,0.20830821990704998,,,,,base,0.0,0.0,,,,,,,,,,,,,,,,0.2680028164822527,0.011330792159167723,selected,5.0,1.0,0.17610794604843863,0.0029278242646736687,5.0
,,,,,,,,,,,,,,,,,,,,,8.0,0285,stage4_1201_latest,8,1.0657659772786312,0.3614675800300682,1.2436267351967716,0.7916666666666666,0.8664772727272727,0.14216823725031238,0.9456220097009631,3.897257636665637,0.6516977854554243,0.36515448877629614,0.9289158813748437,4.0,1.2266686635746467,0.8751215612584459,1.1378292134607737,0.6,0.9644812386473026,7.142305772528024,0.9433623437995018,0.16086045623752623,,,,,provisional,0.0,0.0,,,,,,,,,,,,,,,,0.19573906654199685,0.2306434574177847,candidate,4.0,1.0,0.16392103840578534,0.03441393259621514,4.0
,,,,,,,,,,,,,,,,,,,,,8.0,0285,stage4_1201_latest,4,1.0301319084384812,0.9144395784942572,1.2441623405519968,0.7916666666666666,0.8664772727272727,0.13595219869863764,0.9461583320747688,3.757047909176471,0.9529614969120984,0.36818586134763925,0.9320239006506811,4.0,1.6654695643794863,0.9975323531950684,1.014754814644164,0.6,0.9976503575031799,3.995856553923062,0.9992522058336772,0.26538621696707315,,,,,provisional,0.0,0.0,,,,,,,,,,,,,,,,0.2840701135098699,0.009831027170874362,selected,4.0,1.0,0.17609108856363112,0.006499848961527141,4.0
,,,,,,,,,,,,,,,,,,,,,8.0,0285,stage4_1201_latest,8,1.145712706684821,0.24484021388051377,1.1344726850940239,0.9635416666666666,0.9431818181818182,0.11134856728393248,0.9718995056015137,3.037018787456509,0.5295697002672756,0.44347366667522187,0.9443257163580338,4.0,1.1373363343305425,0.8684306074753138,1.1611272208031633,0.6,0.9558733187243215,6.879003535444523,0.9233915812838402,0.17598905103823353,,,,,final,0.0,0.0,,,,,,,,,,,,,,,,0.16095550140104645,0.2806949550252617,candidate,4.0,1.0,0.16281839666360634,0.038189644434009726,4.0
0.9991450467421914,1.005741294292769,0.2599255558998535,0.9978678247653511,1.0130697597665534,0.2618405026021859,0.9983267149123561,1.0104945728087775,0.25893758964484914,0.9996261108012444,1.002779788363814,0.2604939023250116,0.998179140009401,1.011193397659504,0.26142470343008706,0.4294451179179246,0.2705974785966703,0.16964022073195964,0.4324364322365591,0.5278326347363723,0.16971168924609556,8.0,0285,stage4_1201_latest,4,1.1075599065840513,0.7564556485758498,1.1344800252925997,0.9635416666666666,0.9431818181818182,0.10521285110411696,0.9723033495335016,2.9650243857809215,0.7797109048920714,0.44553533538948953,0.9473935744479416,4.0,1.7432915824585058,0.9983699620231933,1.0102451021540813,0.6,0.9984562053629904,3.9970389768370396,0.999465764958737,0.26226596114262674,0.18107819557189941,0.9977483465587736,1.1670863946373975,1.0135048751354765,final,0.0,0.0,0.414376594285635,0.3765236938042326,0.009071940607310966,1.8899713180818274,0.9997822429000709,1.0016663526440632,0.9998053605522971,0.00977759114592006,0.5089111328125,0.000919478807399356,0.002972861431833393,0.999839493404364,3.998920903220783,0.9998053605522971,0.25632067618596327,0.2690059453286186,0.017138216325792988,selected,4.0,1.0,0.1761332296669539,0.003954582425194875,4.0
,,,,,,,,,,,,,,,,,,,,,8.0,0286,stage4_1201_latest,8,1.239149671273142,0.29858805501820174,1.0194459841939425,1.0,1.0,0.07900046543726394,0.997112729962725,1.6872499889351238,0.24422319166750908,0.8744586358463362,0.9604997672813679,4.0,1.4836800762341407,0.9846021511106157,1.0879831244837999,1.0,0.9810888622043304,7.462653815790749,0.9662266506889757,0.20828846775857585,,,,,base,0.0,0.0,,,,,,,,,,,,,,,,0.1737811891024077,0.2738537624989508,candidate,4.0,1.0,0.14705937853826898,0.008248883007261296,4.0
,,,,,,,,,,,,,,,,,,,,,8.0,0286,stage4_1201_latest,4,1.2262222089857693,0.8510655488305373,1.0192196984059525,1.0,1.0,0.07779933496518636,0.9971316830090066,1.6126517372042652,0.3336145982161453,0.8821825136018676,0.9611003325174068,4.0,2.028323393502553,0.9953692023435318,1.0266020975076164,0.8,0.9955200498254921,3.9859818088365784,0.9974666978662861,0.27879450923645666,,,,,base,0.0,0.0,,,,,,,,,,,,,,,,0.2795685846945707,0.010787580045060039,selected,4.0,1.0,0.14703460451900657,0.008190221795007939,4.0
,,,,,,,,,,,,,,,,,,,,,8.0,0286,stage4_1201_latest,8,1.2123522524701664,0.20221808405976338,1.0266575104790274,1.0,1.0,0.045893464962402764,0.9960274749419709,2.0728170528352754,0.3499711466097215,0.6013823844264036,0.9770532675187986,2.0,1.2524071463663553,0.9588075518706116,1.1990611314558732,1.0,0.9507210343521463,7.5505505750357615,0.9713210183481376,0.18765355932618344,,,,,provisional,0.0,0.0,,,,,,,,,,,,,,,,0.15093731091212026,0.33505432784665184,candidate,2.0,1.0,0.14841103800883343,0.016415788643856462,2.0
,,,,,,,,,,,,,,,,,,,,,8.0,0286,stage4_1201_latest,2,1.0,0.9908017233385183,1.025338218311337,1.0,1.0,0.039951169190906535,0.9961825235201964,1.9488173377836748,0.9624444698439327,0.6087072026792842,0.9800244154045467,2.0,1.0,0.9900533991055458,1.0317013318098247,0.6,0.9938503736681641,1.9937962891099255,0.9955046124243669,0.5314660041564603,,,,,provisional,0.0,0.0,,,,,,,,,,,,,,,,0.2872468707332456,0.0028014560552628164,selected,2.0,1.0,0.14702171405828623,0.00909343442712948,2.0
,,,,,,,,,,,,,,,,,,,,,8.0,0286,stage4_1201_latest,8,1.8281146106856263,0.22658688423244358,1.0183278699439304,1.0,1.0,0.03420757384079943,0.9975819600511082,2.353638688647894,0.41103100084580463,0.5629956555644647,0.9828962130796003,4.0,1.2505995403321246,0.9649992228869332,1.1787427375233208,0.8,0.9564378283062421,7.599566305424818,0.9746074261411438,0.1866566504503911,,,,,final,0.0,0.0,,,,,,,,,,,,,,,,0.170473786653853,0.30922934548460607,candidate,4.0,1.0,0.14828862002323412,0.013783003988737268,4.0
0.9959807729076529,1.023132244441528,0.3065264602913697,0.9912604321471862,1.044818695432628,0.30338044783074897,0.9937179610152858,1.0347714787485176,0.3274111729799743,0.9981872452408744,1.0113112571436154,0.3024748458199799,0.9899870106659394,1.0506998267913736,0.31158708626016923,0.4123925819702051,1.0525791782179887,0.04193274084907176,0.6573865694559176,0.6832216162967951,0.4284147267297384,8.0,0286,stage4_1201_latest,4,1.8258177539337737,0.947263946484481,1.0183273965010045,1.0,1.0,0.03411831632495792,0.9975821341025009,2.3530654485295113,0.6163874951805749,0.5630155351752392,0.982940841837521,4.0,1.9742068531028962,0.9884949960399969,1.056372989047961,0.8,0.989388287594523,3.9452691758989333,0.9900430676594321,0.3038104597753326,0.1781356930732727,0.9879471404329943,1.2692250941072025,1.0597153099529972,final,0.0,0.0,0.655637516827715,0.4362617125270603,0.4036757611117965,2.1271693945906276,0.9994349133582873,1.0035710683879493,0.9953767912966021,0.0149062567816663,0.807373046875,0.0015295643335106932,0.004679978665375171,0.9996307767827762,3.974451661680816,0.9953767912966021,0.27584830117963827,0.2943431234555442,0.009116010431766353,selected,4.0,1.0,0.14733288366997363,0.010266366782231957,4.0
,,,,,,,,,,,,,,,,,,,,,8.0,0287,stage4_1201_latest,8,1.1977696003808083,0.3129418041601726,1.119849115191541,1.0,1.0,0.12054576133788278,0.9771180689955442,3.1700056134106505,0.5512513418886779,0.5540826136513319,0.9397271193310585,5.0,1.1848458782802813,0.9732752744930535,1.132540192968231,1.0,0.9677476700209491,7.477576482652042,0.9668300453830022,0.20278231997455703,,,,,base,0.0,0.0,,,,,,,,,,,,,,,,0.17293618782091422,0.2726346449859303,candidate,5.0,1.0,0.1447935617025977,0.00826321619543237,5.0
,,,,,,,,,,,,,,,,,,,,,8.0,0287,stage4_1201_latest,5,1.1977695938080977,0.8762370516299287,1.119849114702749,1.0,1.0,0.12054576115022538,0.9771180690248117,3.1700056124438967,0.7122330914905158,0.5540826139755682,0.9397271194248873,5.0,1.6288203012499298,0.9961486541353958,1.0238191639331193,0.4,0.9959268315680843,4.980559712778422,0.9975761608315739,0.22326843336237187,,,,,base,0.0,0.0,,,,,,,,,,,,,,,,0.2766346581001852,0.010773069662148716,selected,5.0,1.0,0.14386530616253498,0.0026856674685363804,5.0
,,,,,,,,,,,,,,,,,,,,,8.0,0287,stage4_1201_latest,8,1.6847146075308417,0.4848982945010595,1.0688955833661469,0.7291666666666666,0.8380681818181818,0.05845356092923973,0.9890314636082864,4.114281249879177,0.6798718471203208,0.37492292871464167,0.97077321953538,5.0,1.0506814209866802,0.9383832817120207,1.2949000081453574,0.8,0.9109763114916122,7.459991548071389,0.9654099671547132,0.20344454777634136,,,,,provisional,0.0,0.0,,,,,,,,,,,,,,,,0.2231088445877978,0.22097698965557516,candidate,5.0,1.0,0.14431124600995573,0.0220682727285837,5.0
,,,,,,,,,,,,,,,,,,,,,8.0,0287,stage4_1201_latest,5,1.6695568285666202,0.9852593860208045,1.0687961130157049,0.7291666666666666,0.8380681818181818,0.057948494351483415,0.9890418838532637,4.072236655575257,0.8720824123619684,0.37562405261341664,0.9710257528242582,5.0,2.4120020557137702,0.9974594410551127,1.0147983895827026,0.8,0.9977665299249692,4.972029307629802,0.9965107531493779,0.21926200545730667,,,,,provisional,0.0,0.0,,,,,,,,,,,,,,,,0.2871264805145974,0.005557940069987618,selected,5.0,1.0,0.14378897517351316,0.0035767035603369354,5.0
,,,,,,,,,,,,,,,,,,,,,8.0,0287,stage4_1201_latest,8,1.7205968290737967,0.36732327451479574,1.06113873416864,0.8385416666666666,0.8664772727272727,0.05246156776168596,0.9903922955494053,3.838190716319127,0.6465627044352352,0.3909108085609058,0.973769216119157,5.0,1.0540646917295493,0.9337558569479071,1.3131029759996355,0.8,0.907279894607651,7.50796035347842,0.9684690291866442,0.19572744252047886,,,,,final,0.0,0.0,,,,,,,,,,,,,,,,0.18219768113396254,0.26555984806486604,candidate,5.0,1.0,0.14412873295589806,0.021669600295673788,5.0
0.9988396067176142,1.007856992962563,0.22748420007486014,0.9975742088498463,1.014603494344395,0.23327251985742828,0.9986255532805817,1.0094857497381757,0.22453158511902122,0.9992762098757042,1.00525537913865,0.21842100913588686,0.9974965371136802,1.0152734336985803,0.22953822310345434,0.31705826247445185,0.9817082886158786,0.04509268118570697,0.3155637067572655,0.795566326826674,0.045052815232394204,8.0,0287,stage4_1201_latest,5,1.7205946415423943,0.9779900821176029,1.0611387345094676,0.8385416666666666,0.8664772727272727,0.05246146785996842,0.9903922956301595,3.8381865564267286,0.8353775760069219,0.39091083917087716,0.9737692660700158,5.0,2.424824848036035,0.9975388333351637,1.014463517573974,0.4,0.997821631084826,4.972925795264274,0.996623952752098,0.2176655619815527,0.1853714883327484,0.997378182024673,1.2720504357279845,1.0159703704313658,final,0.0,0.0,0.3006378344157833,0.1880222583476059,0.0037238692633629173,2.419860215037622,0.9994692303669541,1.0040066946919741,0.9977657589887465,0.01624530288626252,0.44384765625,0.0015907368091497259,0.0040332921283859745,0.9995865321383495,4.982055215733539,0.9977657589887465,0.21459424398553664,0.2887308583798927,0.007472379582844817,selected,5.0,1.0,0.14379637858290423,0.003893105926925086,5.0
,,,,,,,,,,,,,,,,,,,,,8.0,0288,stage4_1201_latest,8,1.4141506459564754,0.1597101445209996,1.0572397433243892,0.9947916666666666,0.9886363636363636,0.07049662184390564,0.9904550181334214,2.581599109711149,0.4551675568924743,0.5582889407950219,0.9647516890780472,3.0,1.9376653888325945,0.9679119892724846,1.1238851103772185,0.6,0.9733494762341472,7.80096469964308,0.9878211610559774,0.15950862434773155,,,,,base,0.0,0.0,,,,,,,,,,,,,,,,0.13541573977872848,0.29995157870339584,candidate,3.0,1.0,0.2216065725974102,0.03185596281037992,3.0
,,,,,,,,,,,,,,,,,,,,,8.0,0288,stage4_1201_latest,3,1.3939895129956268,0.9759991622642281,1.0572245594259604,0.9947916666666666,0.9886363636363636,0.06837300017057148,0.9905029850905984,2.549807705578627,0.8510124907948491,0.5594565683128107,0.9658134999147143,3.0,1.0485930267657524,0.9924676755403867,1.032409260742246,0.6,0.9937192754160395,2.9917518244701777,0.9974919337149216,0.3611745597033081,,,,,base,0.0,0.0,,,,,,,,,,,,,,,,0.2856335468268273,0.005269791500195061,selected,3.0,1.0,0.22285974740807185,0.017778502982681278,3.0
,,,,,,,,,,,,,,,,,,,,,8.0,0288,stage4_1201_latest,8,1.5736844642463057,0.10429128930665699,1.0256940235312462,1.0,1.0,0.03797105543962867,0.9963338647642588,2.2971939522498013,0.39964797996347173,0.6146141661327684,0.9810144722801856,3.0,2.20422061636036,0.9583773716233496,1.1638390181018605,0.6,0.9643787506358276,7.751974880163695,0.9847845016951066,0.16541204681015703,,,,,provisional,0.0,0.0,,,,,,,,,,,,,,,,0.10663670139379605,0.2680238889105952,candidate,3.0,1.0,0.22144507571669206,0.034917062486027856,3.0
,,,,,,,,,,,,,,,,,,,,,8.0,0288,stage4_1201_latest,3,1.573684469067496,0.973385366861109,1.0256940233242948,1.0,1.0,0.037971055362126034,0.9963338647987896,2.2971939521803244,0.7564494045130459,0.6146141661760715,0.981014472318937,3.0,1.2581597348229716,0.9927688595387187,1.0336400796100593,0.8,0.9936948131209761,2.9879745255512984,0.9963364239488172,0.3667472358519829,,,,,provisional,0.0,0.0,,,,,,,,,,,,,,,,0.284188860222422,0.005618795904173586,selected,3.0,1.0,0.22275945790675633,0.018585496675942944,3.0
,,,,,,,,,,,,,,,,,,,,,8.0,0288,stage4_1201_latest,8,1.6601839420907947,0.10412505315278922,1.0259887377717012,1.0,1.0,0.04027828115344159,0.9963381422457891,2.2872399403083845,0.39753794943039933,0.6385563214339124,0.9798608594232793,3.0,2.3220697461797215,0.9489604500992626,1.2036913187122398,0.4,0.9550545136388198,7.685075947920285,0.9805657630234734,0.1756063801652858,,,,,final,0.0,0.0,,,,,,,,,,,,,,,,0.10662858085187649,0.26797513195130873,candidate,3.0,1.0,0.22170103848996872,0.03132656942827588,3.0
0.9897079877892904,1.046061978670807,0.41816638369175657,0.9801818950111997,1.0794740579993731,0.40293651693450394,0.9816368708011236,1.075027550550669,0.4124982080044126,0.9956675477041589,1.021733872653073,0.4001695665307962,0.9768246162119668,1.0915283134817073,0.414408357226021,0.501191367739168,0.6313719888373299,0.029931143726555993,0.5011068931748929,0.5834876784409316,0.02479694947719077,8.0,0288,stage4_1201_latest,3,1.6601839408083152,0.9718338295159151,1.0259887377317867,1.0,1.0,0.04027828109131445,0.9963381422524452,2.2872399403389054,0.7524555614224139,0.6385563213742705,0.9798608594543428,3.0,1.1629952798571086,0.9850043291854561,1.062797242409826,0.6,0.9867852671021963,2.977240765562242,0.9930338246987656,0.3787672727620907,0.18431706726551056,0.9731421277195041,1.1469342552021766,1.1035084520499225,final,0.0,0.0,0.5002149040385222,0.06469382260736327,0.014472470671043236,1.0500916796692656,0.9972687490870115,1.0145335427648052,0.9958414089911214,0.034738880134666,0.87939453125,0.0024393804269611883,0.014113260449134057,0.9980169645689233,2.9863427343695275,0.9958414089911214,0.37209943595668,0.28416719489752873,0.0064482365926931216,selected,3.0,1.0,0.2223870510405099,0.024221438837541825,3.0
,,,,,,,,,,,,,,,,,,,,,8.0,0289,stage4_1201_latest,8,1.0,0.03546996827263122,1.0131601633065666,1.0,1.0,0.025513507684160053,0.9981988721661362,1.8380100692691286,0.29260989540766735,0.7011279231774533,0.98724324615792,2.0,1.7663737847540841,0.8665044622298981,1.0337877425821476,1.0,0.9940875783265476,6.4805194661517636,0.89832235964286,0.23453715767515856,,,,,base,0.0,0.0,,,,,,,,,,,,,,,,0.07223606867791055,0.21496069228287043,candidate,2.0,1.0,0.17053352874688577,0.05846443512667157,2.0
,,,,,,,,,,,,,,,,,,,,,8.0,0289,stage4_1201_latest,2,1.0,0.9931591116336741,1.0131601633065666,1.0,1.0,0.025513507684160053,0.9981988721661362,1.8380100692691286,0.8778296862230021,0.7011279231774533,0.98724324615792,2.0,1.0,0.9981939824135377,1.0069779370687768,1.0,0.9989297173409074,1.9878977460502067,0.9912337122864231,0.5529982050145782,,,,,base,0.0,0.0,,,,,,,,,,,,,,,,0.28862804693060534,0.005612092261621437,selected,2.0,1.0,0.19271166510651508,0.008210251611469465,2.0
,,,,,,,,,,,,,,,,,,,,,8.0,0289,stage4_1201_latest,8,1.5991566487938778,0.20431860255173837,1.0272614301475416,1.0,1.0,0.058519156147125884,0.9961156782648899,2.4244790184079346,0.42413843005131385,0.650274482301806,0.970740421926437,4.0,1.8437483948545716,0.9296463984633798,1.0866931349916444,1.0,0.9826383888839464,6.808800084558643,0.9213470531824651,0.24382345455705998,,,,,provisional,0.0,0.0,,,,,,,,,,,,,,,,0.14200967153073654,0.2908588322035107,candidate,4.0,1.0,0.19500563634371373,0.017469609804613612,4.0
,,,,,,,,,,,,,,,,,,,,,8.0,0289,stage4_1201_latest,4,1.5991566503364538,0.9534868119295853,1.0272614302223568,1.0,1.0,0.05851915613228662,0.9961156782533034,2.4244790182514513,0.6362076450356016,0.6502744823434766,0.9707404219338567,4.0,1.136557835963486,0.985766357052008,1.05391296763325,1.0,0.9889152038265048,3.6738710867684596,0.9380843311655379,0.40226981902978826,,,,,provisional,0.0,0.0,,,,,,,,,,,,,,,,0.2839139338011275,0.013480589852098865,selected,4.0,1.0,0.19195638348235355,0.0126257323878498,4.0
,,,,,,,,,,,,,,,,,,,,,8.0,0289,stage4_1201_latest,8,1.6491780357345462,0.20610421687667327,1.0257413219027458,1.0,1.0,0.058132079628173454,0.9964133457321216,2.4626693155020245,0.4317462799038431,0.6605833372918261,0.9709339601859132,4.0,1.730508324192759,0.9407762515330921,1.0775561904468858,1.0,0.9845372176603695,6.822717695741818,0.9223869979632886,0.2451630052846075,,,,,final,0.0,0.0,,,,,,,,,,,,,,,,0.1421592874524446,0.2900736809075683,candidate,4.0,1.0,0.19377734975048766,0.016699942748019284,4.0
0.9881671202151386,1.04709867434643,0.5653323234669134,0.9840508580018713,1.0598196206851633,0.570863141038071,0.981538601987121,1.0720044897117007,0.5482179946258421,0.9910527121016585,1.0378271800452192,0.5564030064333301,0.9819994516054898,1.0687207692321288,0.5532193207110092,0.6555495554525129,0.18796144361855124,0.2679182274404482,0.6553705834024711,0.1602116740896109,0.26310844619747376,8.0,0289,stage4_1201_latest,4,1.6491780397914497,0.9618196787740314,1.0257413218977895,1.0,1.0,0.05813207949145864,0.9964133457350224,2.462669315244228,0.6476194197905302,0.6605833373194482,0.9709339602542706,4.0,1.15606279575771,0.9873100842746189,1.0514634779264729,1.0,0.9895576766333904,3.674954970722881,0.9383401436782549,0.40996968638161757,0.19974276423454285,0.9786402169327718,1.1754575544327848,1.0764202364941753,final,0.0,0.0,0.400476588779773,0.04782277157718714,0.012253846132797947,1.088186025162147,0.9930257531098099,1.0281700805873106,0.9422566524914877,0.05209459181858354,1.0,0.00567332470936889,0.016156403463730932,0.9957406798096476,3.6937279851933402,0.9422566524914877,0.4076040461356364,0.28421316564454363,0.011909058620811135,selected,4.0,1.0,0.19211736107413144,0.01198972518279274,4.0
,,,,,,,,,,,,,,,,,,,,,8.0,0290,stage4_1201_latest,8,1.0,0.03160380777965452,1.0101323324791114,1.0,1.0,0.03326775291332972,0.9986231917205796,1.26904827583367,0.11284756253998278,0.9339716572323714,0.9833661235433353,2.0,1.6030485330267186,0.9419025181475453,1.1141779013691597,1.0,0.9742765340633653,6.897199018755536,0.927158700640789,0.25397168346537036,,,,,base,0.0,0.0,,,,,,,,,,,,,,,,0.06885355850969413,0.21167845489131878,candidate,2.0,1.0,0.21808149322458772,0.029980216277394223,2.0
,,,,,,,,,,,,,,,,,,,,,8.0,0290,stage4_1201_latest,2,1.0,0.884906617683851,1.0101323325116696,1.0,1.0,0.03326775301195457,0.9986231917150414,1.2690482760557846,0.3385426878614455,0.9339716571623867,0.983366123494023,2.0,1.0,0.8317414584286633,1.0858884310655854,1.0,0.9789759298061554,1.5624307103246065,0.6288266380198424,0.8236685518765491,,,,,base,0.0,0.0,,,,,,,,,,,,,,,,0.2750980062577397,0.01740852496385921,selected,2.0,1.0,0.21673624149357043,0.05501021292644038,2.0
,,,,,,,,,,,,,,,,,,,,,8.0,0290,stage4_1201_latest,8,0.0,0.0,1.0,1.0,1.0,0.0,1.0,1.0,0.0,1.0,1.0,1.0,1.564113607552207,0.9723922313952246,1.1418484314823771,0.4,0.9678190593071274,7.613708040628391,0.9758289322299953,0.19408629082918746,,,,,provisional,0.0,0.0,,,,,,,,,,,,,,,,0.03609509375620227,0.12500004967053732,candidate,1.0,1.0,0.21636705338866627,0.017431282977624935,1.0
,,,,,,,,,,,,,,,,,,,,,8.0,0290,stage4_1201_latest,1,0.0,0.0,1.0,1.0,1.0,0.0,1.0,1.0,0.0,1.0,1.0,1.0,0.0,0.0,1.0,1.0,1.0,1.0,0.0,1.0,,,,,provisional,0.0,0.0,,,,,,,,,,,,,,,,0.2880228852271988,0.0,selected,1.0,1.0,0.21517228857800882,0.0,1.0
,,,,,,,,,,,,,,,,,,,,,8.0,0290,stage4_1201_latest,8,1.0001026945466944,0.04709488656642312,1.0254502726349644,0.9947916666666666,0.9886363636363636,0.02656622416550479,0.9961972990664673,1.9809277394874443,0.32870409948738355,0.5621603867837962,0.9867168879172475,2.0,1.203432567687,0.9501957272430926,1.208206757451807,1.0,0.945432558441562,7.171292709415772,0.9451619816405432,0.24904039579946263,,,,,final,0.0,0.0,,,,,,,,,,,,,,,,0.08807773512766127,0.277196767537235,candidate,2.0,1.0,0.21855570376858324,0.02239522415385252,2.0
0.9797652710833253,1.037775885320719,0.8149304921509043,0.9656910360840154,1.0578466281822962,0.8201012867368038,0.9653526237886932,1.058238990364197,0.8204951463974008,0.9859836566627146,1.0310348172955086,0.7782300137384623,0.9594436329908043,1.066275352576267,0.8211166904743875,0.6080893632837259,0.7436619435580205,0.1342467934059789,0.727382879659497,0.13205668567522674,0.14694287343620913,8.0,0290,stage4_1201_latest,2,1.0,0.9918551564596626,1.0254511675922013,0.9947916666666666,0.9886363636363636,0.0265423746802052,0.9961973219459259,1.9806483049808576,0.9859110869702884,0.5621693805175881,0.9867288126598975,2.0,1.0,0.9501993600167241,1.0875283797650148,1.0,0.9801898117208422,1.8757815480381494,0.9053213195169435,0.6625723997893743,0.19264675676822662,0.9544831984298678,1.1867022480777587,1.0768085699684184,final,0.0,0.0,0.7281102695623146,0.8757186292332472,0.28118966684218805,1.0,0.9939178281915891,1.0142012631039,0.9162204089269237,0.03935957378717521,1.0,0.004468313470599261,0.024550680563056988,0.9980466241572171,1.8874374186577003,0.9162204089269237,0.6667843369678653,0.28736625113624503,0.00802312905558867,selected,2.0,1.0,0.217292101487507,0.018684990542347395,2.0
,,,,,,,,,,,,,,,,,,,,,8.0,0291,stage4_1201_latest,8,1.810258022706353,0.07069916030594944,1.00082476706286,1.0,1.0,0.010177828864745614,0.9999249832449129,1.1079232639190677,0.04895585882879707,0.9803191651833784,0.9949110855676273,2.0,2.0862375435596308,0.9665486984810753,1.0674123550517756,1.0,0.986474656654579,6.552336474032439,0.9031650934420887,0.30676005722333144,,,,,base,0.0,0.0,,,,,,,,,,,,,,,,0.11635415171345544,0.26636172759788357,candidate,2.0,1.0,0.1820668287238289,0.015533016466868044,2.0
,,,,,,,,,,,,,,,,,,,,,8.0,0291,stage4_1201_latest,2,1.0,0.9405451813638943,1.0003695387421436,1.0,1.0,0.0069344490871016485,0.999967138033913,1.0828910211594402,0.11450677198033425,0.9843991357063958,0.9965327754564494,2.0,1.0,0.9916260359299987,1.0200070668075025,1.0,0.9963190255682818,1.904969228673604,0.9295450615264806,0.6519828833372422,,,,,base,0.0,0.0,,,,,,,,,,,,,,,,0.2916200818815393,0.014409209092241972,selected,2.0,1.0,0.18396978198398845,0.0035118658830197128,2.0
,,,,,,,,,,,,,,,,,,,,,8.0,0291,stage4_1201_latest,8,1.1023989534025647,0.18736546730897302,1.0552388910268282,1.0,1.0,0.071335032110144,0.9907405992794227,2.167138991632583,0.3716324602517497,0.6906451534844148,0.9643324839449281,3.0,2.0950689500174255,0.9888279538393961,1.0495576339935142,1.0,0.9909932088649777,7.213595411820677,0.9500783430391615,0.2490650275457455,,,,,provisional,0.0,0.0,,,,,,,,,,,,,,,,0.14336059322416062,0.2892027268038902,candidate,3.0,1.0,0.18489681403105612,0.015959524040112614,3.0
,,,,,,,,,,,,,,,,,,,,,8.0,0291,stage4_1201_latest,3,1.090397680971395,0.9453902337130624,1.0551686850797395,1.0,1.0,0.07028028135957363,0.9907549115923017,2.1202378113772062,0.6833161898012324,0.6935600167725765,0.9648598593202131,3.0,1.5967740085183382,0.991589957009862,1.0163473231945566,1.0,0.9973655215933525,2.720560130673233,0.9107538084068492,0.5176475449204527,,,,,provisional,0.0,0.0,,,,,,,,,,,,,,,,0.28727506782138934,0.015278837790465571,selected,3.0,1.0,0.18445783432313523,0.01583863201684921,3.0
,,,,,,,,,,,,,,,,,,,,,8.0,0291,stage4_1201_latest,8,1.1579762105779563,0.19758050071796124,1.0475502929360312,1.0,1.0,0.06953588372105085,0.9922813753210233,2.133271123641212,0.3633608729292057,0.731343471187229,0.9652320581394747,3.0,2.2317003062470286,0.9826828743865468,1.0487218183389118,1.0,0.9913182854908271,6.917284243336097,0.929824266641945,0.2667705916032187,,,,,final,0.0,0.0,,,,,,,,,,,,,,,,0.14519453483143244,0.28761235600556734,candidate,3.0,1.0,0.18477364893608486,0.018560087663480194,3.0
0.9637299531458942,1.0350836602061781,0.7937555341866657,0.9430837475098484,1.0397396058245114,0.8236325070636755,0.9648415078231226,1.0449217659515282,0.7818350688775142,0.9765740795226384,1.0378405018103654,0.7320851204836555,0.9460060138753946,1.0474159198929702,0.8021512396143063,0.6290068156695926,0.4933628936043271,0.09487819826512843,0.6299385496396291,0.5816782378676387,0.13994429290085195,8.0,0291,stage4_1201_latest,3,1.1307149972062434,0.9517194972578807,1.0473194240235901,1.0,1.0,0.06819452091422687,0.9923032718678222,2.0463321182016236,0.6495257971148108,0.7377176889042323,0.9659027395428865,3.0,1.3066080288195396,0.9803129580126915,1.0181776326455152,1.0,0.9968897623585178,2.5128694767316118,0.8379415292627509,0.5808477337047988,0.18390528857707977,0.9459126960271326,1.2563848405028404,1.0459175625031905,final,0.0,0.0,0.5011534081392708,0.112218101854284,0.05266682398695508,1.0512001964684952,0.9674215523252027,1.0403847179357018,0.8392448438992932,0.0804568667627099,1.0,0.0077592859421097525,0.03301708650699654,0.9933688179756794,2.5194717074744246,0.8392448438992932,0.5850012786131749,0.28974786724864954,0.014011415115399727,selected,3.0,1.0,0.18374840031126313,0.024164797899910138,3.0
,,,,,,,,,,,,,,,,,,,,,8.0,0292,stage4_1201_latest,8,1.000628813317024,0.05085092660095545,1.0259535447859536,1.0,1.0,0.0348497425430818,0.9961355381109791,1.9171590751277285,0.31289305549824814,0.6413495456420371,0.982575128728459,2.0,1.359568748937799,0.9666926078953034,1.0877796550541066,0.6,0.9804526114489548,7.259212271655322,0.9526452524719826,0.19134577373799283,,,,,base,0.0,0.0,,,,,,,,,,,,,,,,0.09775652429877145,0.30546084565289366,candidate,2.0,1.0,0.11371736006759557,0.008659843363917768,2.0
,,,,,,,,,,,,,,,,,,,,,8.0,0292,stage4_1201_latest,2,1.0,0.989217712563545,1.025961800486565,1.0,1.0,0.03479329425507896,0.9961357272879657,1.916133063732536,0.9378742316159241,0.6414050902969939,0.9826033528724605,2.0,1.0,0.9988870134982841,1.0047361201169627,0.6,0.9993048359572535,1.999342684499228,0.9995256869848023,0.510256719818486,,,,,base,0.0,0.0,,,,,,,,,,,,,,,,0.28844661456932275,0.004502145043637827,selected,2.0,1.0,0.11428720998851084,0.001949200629176376,2.0
,,,,,,,,,,,,,,,,,,,,,8.0,0292,stage4_1201_latest,8,1.9922996065199163,0.16893121681692297,1.017811550239546,0.765625,0.8835227272727273,0.03161278829470173,0.9976807430643486,2.369813224141812,0.4144257068450445,0.49489136933898187,0.9841936058526491,3.0,1.6756189758459648,0.9223606431687594,1.1995626952958265,0.6,0.9532000981461104,7.4387970448968534,0.9641578711488875,0.1852758689377341,,,,,provisional,0.0,0.0,,,,,,,,,,,,,,,,0.14205880587661704,0.30219394900202173,candidate,3.0,1.0,0.11281497230832685,0.020275974092122135,3.0
,,,,,,,,,,,,,,,,,,,,,8.0,0292,stage4_1201_latest,3,1.9367707563239014,0.957920617394234,1.0176765627749413,0.765625,0.8835227272727273,0.02973031963848671,0.9976947156243107,2.344348195170418,0.7748281323016872,0.495829950534138,0.9851348401807566,3.0,1.1502951681886044,0.9908779182954247,1.03771239356661,0.6,0.992649498867069,2.980429342592978,0.9940376306821113,0.37276316068666293,,,,,provisional,0.0,0.0,,,,,,,,,,,,,,,,0.28157901738703184,0.0077606507285713205,selected,3.0,1.0,0.11421936721520005,0.006247832441861617,3.0
,,,,,,,,,,,,,,,,,,,,,8.0,0292,stage4_1201_latest,8,2.052742628385668,0.18794747113227608,1.0192304481369436,0.7864583333333334,0.8465909090909091,0.03656982987107302,0.997479102605064,2.3937301507144855,0.41897825718573894,0.4954596890831294,0.9817150850644635,3.0,1.648218474652175,0.9060080692653052,1.2439911829181483,0.6,0.9407889203587636,7.396763855214084,0.9611086564355937,0.1865069194042754,,,,,final,0.0,0.0,,,,,,,,,,,,,,,,0.14218031339569814,0.29472703562565145,candidate,3.0,1.0,0.11225279182357634,0.023647270910591683,3.0
0.9908255722474165,1.03721191694314,0.39549497070028156,0.9899932566726442,1.0399118969339072,0.4011847349554474,0.9790116922705115,1.074235801212809,0.40314983205948784,0.997430133067614,1.01274431931542,0.3970959007075996,0.9686693895336452,1.1053925841768908,0.3925053387007382,0.6284493377527814,0.3597481639310331,0.2589414990584465,0.6281407090960656,0.3006297603470902,0.24923240992915183,8.0,0292,stage4_1201_latest,3,1.927342227816822,0.9466204767013849,1.0186707051114132,0.7864583333333334,0.8465909090909091,0.03163167437142464,0.9975434719586349,2.3130034300882323,0.762467233348794,0.4989132184990823,0.9841841628142877,3.0,1.0983947289461253,0.9820237175935986,1.064726899477671,0.8,0.9861224122289431,2.9718474889906408,0.9913794090673541,0.378474877074719,0.1744242161512375,0.9820956901034462,1.0198077802368448,1.0642698552851972,final,0.0,0.0,0.5002542276638119,0.0702334064015485,0.015634534052934364,1.8270610694321117,0.9996001414486418,1.0026691291050653,0.9976514869982831,0.013334298976650984,1.0,0.0013432098609509036,0.005451686083704101,0.999728351929642,2.992270827150162,0.9976514869982831,0.3657370046268091,0.28085285942893157,0.00796405142199835,selected,3.0,1.0,0.1141341608607351,0.008145279269183932,3.0
,,,,,,,,,,,,,,,,,,,,,8.0,0653,stage4_1201_latest,8,1.9704840864303503,0.35165158885195336,1.02094361552438,0.953125,0.9630681818181818,0.027123917772219397,0.997239071470086,4.231907158664746,0.6937054141353345,0.3508663118118651,0.9864380411138902,5.0,1.05097640870246,0.9397308838780509,1.122750628130705,0.6,0.9717160045812362,7.573942324664475,0.9721808074310859,0.14804845081302165,,,,,base,0.0,0.0,,,,,,,,,,,,,,,,0.18128164959043894,0.2696491466629931,candidate,5.0,1.0,0.17832668273706362,0.040343319959941365,5.0
,,,,,,,,,,,,,,,,,,,,,8.0,0653,stage4_1201_latest,5,1.9704840850875438,0.9846244488232264,1.020943615418808,0.953125,0.9630681818181818,0.027123917659999067,0.9972390714854227,4.231907158170117,0.8962879801569359,0.35086631175553756,0.9864380411700004,5.0,2.112567596129995,0.9996593808352646,1.0027382574079349,0.8,0.9996563978589503,4.998431370475639,0.9998050354272133,0.20842781782253822,,,,,base,0.0,0.0,,,,,,,,,,,,,,,,0.28998739616963026,0.005328812570218964,selected,5.0,1.0,0.1889791861656144,0.0013802255804632759,5.0
,,,,,,,,,,,,,,,,,,,,,8.0,0653,stage4_1201_latest,8,2.078663112761565,0.28735683564408393,1.0154293527676403,0.7239583333333334,0.8238636363636364,0.020378082945830177,0.9980744112724488,3.978514341176092,0.6640712815924569,0.28464766919381596,0.9898109585270849,4.0,1.0958186487581112,0.9315499649457689,1.164545556948748,0.2,0.9589734878458618,7.618063425029358,0.9752635946015699,0.14942769144441037,,,,,provisional,0.0,0.0,,,,,,,,,,,,,,,,0.18984966846280518,0.2942723862571012,candidate,4.0,1.0,0.17888106854970967,0.033990206684048174,4.0
,,,,,,,,,,,,,,,,,,,,,8.0,0653,stage4_1201_latest,4,2.063060994353989,0.9972165581496287,1.0154031968871293,0.7239583333333334,0.8238636363636364,0.020097055545533246,0.9980765084592982,3.967569764665646,0.9941244858276485,0.2847722314750643,0.9899514722272333,4.0,1.6486595371921224,0.9994697867084906,1.0036975854079218,0.4,0.9995058598418591,3.99892069756568,0.99980533101023,0.2577952632735802,,,,,provisional,0.0,0.0,,,,,,,,,,,,,,,,0.2880842871202319,0.002171694480311049,selected,4.0,1.0,0.18897805718073726,0.0019615003845735697,4.0
,,,,,,,,,,,,,,,,,,,,,8.0,0653,stage4_1201_latest,8,2.072016292428283,0.21370800572414403,1.0148420930385786,0.6041666666666666,0.8835227272727273,0.01963807180219546,0.9981556746420835,3.9489654227227065,0.6604881175721367,0.2945778232248983,0.9901809640989022,4.0,1.108228877770124,0.9262817099005083,1.1710959058291095,0.2,0.9569842772149318,7.5860897284720235,0.9730833167577889,0.14981237657928456,,,,,final,0.0,0.0,,,,,,,,,,,,,,,,0.1440599378627782,0.2860906671362434,candidate,4.0,1.0,0.1780853946786008,0.037128212016993616,4.0
0.999720309442834,1.0020958001586464,0.26534761468199064,0.9995080273812179,1.0034902550949703,0.26706318510752725,0.9997258193123256,1.002039733309858,0.2643305125099937,0.9998541685397516,1.0011702520574717,0.26133687521701593,0.9994374953844597,1.003919175727197,0.26665988825515446,0.4284749193491826,0.3567911673156705,0.16692900521746715,0.42848419856161934,0.3983356441043779,0.16692900521746715,8.0,0653,stage4_1201_latest,4,2.072016275179549,0.9973040267225398,1.014842092951556,0.6041666666666666,0.8835227272727273,0.019638071665598767,0.9981556746522032,3.9489654222400468,0.990732176270039,0.29457782340067257,0.9901809641672007,4.0,1.7610026636505705,0.9995336148391663,1.003329403751579,0.4,0.9995638874740689,3.999042609382285,0.9998273232534146,0.25748741407852516,0.20095333456993103,0.9994089012116788,1.2197519148460239,1.0040451739682053,final,0.0,0.0,0.400046385163915,0.04202073412577878,0.0011171787112481426,1.8879240075233321,0.999946117874344,1.0004708931470083,0.999877640442676,0.0051361897174139574,0.982666015625,0.00048240638444678414,0.0015644281299664973,0.999959967561784,3.9993215560593187,0.999877640442676,0.2564045580394835,0.2880144674607612,0.002119647321841945,selected,4.0,1.0,0.18897944417509327,0.001742425407257744,4.0
,,,,,,,,,,,,,,,,,,,,,8.0,0273,stage4_1202_best,8,1.8928924737967692,0.31302559443059674,2.1445688407526955,0.609375,0.6448863636363636,0.5077755473198473,0.7306332438546678,3.1324067829590057,0.5391166732821997,0.4853817289419415,0.7461122263400761,6.0,1.3724029824089046,0.987544855099772,1.0131365848851601,0.6666666666666666,0.9974758069150836,6.7517271171342665,0.9182270481453214,0.21611482844869692,,,,,base,0.0,0.0,,,,,,,,,,,,,,,,0.19023179985769903,0.03238583104871875,candidate,6.0,1.0,0.09911662631521141,0.008749721312942991,6.0
,,,,,,,,,,,,,,,,,,,,,8.0,0273,stage4_1202_best,6,1.8949610599825835,0.37968266247660465,2.151630202511626,0.609375,0.6448863636363636,0.5068122303073941,0.7306604397694836,3.1172360955404295,0.6228857694884768,0.48611072552075524,0.7465938848463028,6.0,1.551643119660766,0.9976026906800352,1.0094603525275856,0.6666666666666666,0.9982861875814993,5.638846941991383,0.9653268773581797,0.23367937985380674,,,,,base,0.0,0.0,,,,,,,,,,,,,,,,0.23246849204150907,0.03191410192439961,selected,6.0,1.0,0.09866036757807546,0.004330907317993996,6.0
,,,,,,,,,,,,,,,,,,,,,8.0,0273,stage4_1202_best,8,1.664301752932033,0.3212141695255579,1.8627860986388638,0.671875,0.65625,0.497851839498366,0.7471713176664684,2.29422477986183,0.386082209052579,0.6704222234107831,0.751074080250817,4.0,1.5728287490109192,0.9937666748191762,1.0138210238929135,1.0,0.9973858551688037,7.005155876385277,0.9360477448375256,0.20546152370752857,,,,,provisional,0.0,0.0,,,,,,,,,,,,,,,,0.17474850773431622,0.03547596625044058,candidate,4.0,1.0,0.09894314757534514,0.005191109580736945,4.0
,,,,,,,,,,,,,,,,,,,,,8.0,0273,stage4_1202_best,4,1.6215672078788803,0.360908244671514,1.8958753312079348,0.671875,0.65625,0.48622836128489716,0.7485299000662405,2.1526794016011435,0.5408677205954605,0.6808933907436495,0.7568858193575513,4.0,1.6646124666797522,0.9986168176259227,1.0069558056222094,1.0,0.9987934064726671,3.891640643389351,0.9801774424423828,0.3192745111131651,,,,,provisional,0.0,0.0,,,,,,,,,,,,,,,,0.24029494936841048,0.01132210960695346,selected,4.0,1.0,0.09858733657428119,0.0036338939854783934,4.0
,,,,,,,,,,,,,,,,,,,,,8.0,0273,stage4_1202_best,8,1.8906474199601595,0.31125764798569117,1.9151402348731874,0.5625,0.6051136363636364,0.42940563389916037,0.7661636876185517,2.8823557486085445,0.5033135297425293,0.4858694585640993,0.7852971830504196,5.0,1.3668091985445472,0.9869520215267148,1.0213184796040058,1.0,0.9956359994519063,7.048372080884924,0.938945600683124,0.19235465313099775,,,,,final,0.0,0.0,,,,,,,,,,,,,,,,0.18946390113544387,0.03424129897053137,candidate,5.0,1.0,0.09906462698245813,0.007310375744959817,5.0
0.9977582372636924,1.0141048720217711,0.33499329909863107,0.9959643967069443,1.0222703035922693,0.34866168705664047,0.9963908806111306,1.020036508775555,0.3275710602836453,0.9984112087554105,1.010062866446199,0.33390048914078563,0.9962436823797942,1.0201668969393016,0.3353338013280051,0.34482413361927483,0.7953817215439635,0.13757024717577923,0.45896162391118006,0.6743558978474065,0.17685246746780317,8.0,0273,stage4_1202_best,5,1.875973156780987,0.4394211418422923,1.944275407810423,0.5625,0.6051136363636364,0.42386521663385,0.7664120458956178,2.820319202104672,0.6364556684870514,0.4897463795237183,0.788067391683075,5.0,1.477777817317319,0.9960627116868321,1.0180514331808301,1.0,0.9963909134579064,4.88747273547996,0.9858439225560802,0.25517984355347995,0.08672497421503067,0.9957790068010569,1.3227503055176582,1.0217901274572372,final,0.0,0.0,0.4300500976265951,0.663094830634615,0.09087468817434434,2.7546718138936668,0.9985399399454481,1.009559974360541,0.987088891081401,0.025923800656438886,1.0,0.003353516386112669,0.006494178297520141,0.9989255767881667,4.897225007220847,0.987088891081401,0.26307635459498646,0.2490981528662914,0.022032435547152947,selected,5.0,1.0,0.09857614055569477,0.004806581113905713,5.0
,,,,,,,,,,,,,,,,,,,,,8.0,0274,stage4_1202_best,8,1.722851935048208,0.2504569242346115,1.4567454520591943,0.8645833333333334,0.8181818181818182,0.3259159154540441,0.8876961160979264,3.2747681702024636,0.5613546210330101,0.466270641391702,0.837042042272978,5.0,1.5613525578550238,0.9072551629046749,1.0207812536403884,0.6666666666666666,0.99580606932146,6.4241401550871124,0.8942985740739273,0.22458530763407794,,,,,base,0.0,0.0,,,,,,,,,,,,,,,,0.1986307818133652,0.14893204681376998,candidate,5.0,1.0,0.17346029183901002,0.04445042617774455,5.0
,,,,,,,,,,,,,,,,,,,,,8.0,0274,stage4_1202_best,5,1.7079895910499507,0.6009015857515057,1.4551000108798906,0.8645833333333334,0.8181818181818182,0.324316357276899,0.8877670668589674,3.2649819378489386,0.723050444360524,0.46672966879543215,0.8378418213615504,5.0,1.4424130137444533,0.9928453804329669,1.023636171913664,0.6666666666666666,0.9950545717584581,4.573472228523209,0.9444568777722515,0.3043392483287077,,,,,base,0.0,0.0,,,,,,,,,,,,,,,,0.2871210695985606,0.03350555753832297,selected,5.0,1.0,0.18903323396777763,0.014307335185102785,5.0
,,,,,,,,,,,,,,,,,,,,,8.0,0274,stage4_1202_best,8,2.0701343409084223,0.2909280682898233,1.163847840651286,0.984375,0.9772727272727273,0.18005329520575855,0.9591691009088893,2.1465087126258378,0.35540586987820116,0.6689654463919342,0.9099733523971206,3.0,1.111674147790552,0.8868104061259628,1.0383882182532234,1.0,0.9911652167520675,6.379592907188393,0.8909045615958794,0.2184010741728262,,,,,provisional,0.0,0.0,,,,,,,,,,,,,,,,0.1835715887342703,0.0368123957085439,candidate,3.0,1.0,0.16449239066299903,0.054918889794566425,3.0
,,,,,,,,,,,,,,,,,,,,,8.0,0274,stage4_1202_best,3,1.799213328487201,0.5532595580091174,1.165116916310907,0.984375,0.9772727272727273,0.16073622759250247,0.9616352232159788,2.022623788874949,0.6311990967919202,0.6765863049864528,0.9196318862037487,3.0,1.0399627214020517,0.9715370964980332,1.0923363938572341,1.0,0.9755178944953496,2.7325322884475622,0.9130430269652045,0.531265330101916,,,,,provisional,0.0,0.0,,,,,,,,,,,,,,,,0.2546799798172716,0.023900708544679166,selected,3.0,1.0,0.18611167670388468,0.03470163261695674,3.0
,,,,,,,,,,,,,,,,,,,,,8.0,0274,stage4_1202_best,8,1.6571342277933816,0.3549404890642979,1.3802681620649964,0.8958333333333334,0.8778409090909091,0.3092389770764407,0.8872650166637311,2.5314174066077353,0.4259018226125177,0.6884536141309292,0.8453805114617797,5.0,1.140629205171218,0.8683390770106828,1.0261762780651174,1.0,0.9943839631919484,5.8439742904107534,0.8483380633031157,0.23827097303171899,,,,,final,0.0,0.0,,,,,,,,,,,,,,,,0.19048154641711937,0.030911590554258413,candidate,5.0,1.0,0.16114115481495267,0.06633316997383233,5.0
0.9929990527646053,1.026561130505846,0.3272764962759762,0.9849496389026904,1.047682870560357,0.3397142087288782,0.98894604500966,1.0366509592016275,0.32368548484681553,0.9946896597434076,1.017795093722704,0.33076400106871795,0.9900260879334694,1.0360938882829847,0.32690592147232334,0.33451531587371425,0.9879017254613291,0.06538837545992349,0.5715553448225936,0.5249040601797333,0.24665718153834806,8.0,0274,stage4_1202_best,5,1.470955351644776,0.5821834547283335,1.386898240031201,0.9010416666666666,0.8863636363636364,0.2923123862533387,0.8918492516341382,2.444671850800809,0.5322739870902762,0.6959876182601458,0.8538438068733307,5.0,1.1226822947504556,0.9904052718050025,1.021707373390442,1.0,0.9954177943842067,4.734013432120217,0.9658878383928586,0.2626631623822759,0.06272025406360626,0.9824873114761747,1.360275661241942,1.0548504299255341,final,0.0,0.0,0.5665264119209443,1.1727366232071164,0.25158050584480157,1.9245898747995638,0.9943304163811995,1.0197577976964094,0.9757483536872618,0.041326718285806696,1.0,0.004253443565266874,0.010429470283344636,0.9974508662584869,4.809076068638225,0.9757483536872618,0.26628871535774734,0.26397963944549113,0.034175628734236144,selected,5.0,1.0,0.18848507923981633,0.01977662429113259,5.0
,,,,,,,,,,,,,,,,,,,,,8.0,0275,stage4_1202_best,8,1.789142923043958,0.2856210156502626,1.853009065127454,0.5677083333333334,0.6903409090909091,0.4624048197378283,0.7929729158353752,2.545687971935652,0.4370300151256304,0.6165384463371951,0.7687975901310857,6.0,1.6187108780839603,0.9967267592847193,1.017177908461737,1.0,0.9966352340211023,6.693379389738681,0.9142230051372993,0.24246258322098913,,,,,base,0.0,0.0,,,,,,,,,,,,,,,,0.1820477871265966,0.04419957841726958,candidate,6.0,1.0,0.16092248883490012,0.009560452232311195,6.0
,,,,,,,,,,,,,,,,,,,,,8.0,0275,stage4_1202_best,6,1.7952173641705802,0.35967589729926247,1.8572009338008717,0.5677083333333334,0.6903409090909091,0.46188091142357696,0.7929850000250642,2.5410690444133386,0.5062870771885137,0.6168234731537449,0.7690595442882114,6.0,1.5956167179166643,0.9956937364765894,1.0173006328957421,1.0,0.996600375386076,5.623540794626535,0.9638108351738766,0.26079548867606006,,,,,base,0.0,0.0,,,,,,,,,,,,,,,,0.23785634220427207,0.04144738974986909,selected,6.0,1.0,0.16091778553092087,0.011807154469844504,6.0
,,,,,,,,,,,,,,,,,,,,,8.0,0275,stage4_1202_best,8,1.5821527506910273,0.2558620245040718,2.021913955458146,0.5572916666666666,0.6960227272727273,0.5363732072797279,0.7314235631195843,3.0819380850158207,0.5206746421321553,0.5642022190019828,0.7318133963601361,6.0,1.7343328625878003,0.9951815611739911,1.0156639654584572,1.0,0.9970041801659327,7.0415053414112165,0.9386227226300101,0.23556360305355625,,,,,provisional,0.0,0.0,,,,,,,,,,,,,,,,0.19085689289183602,0.15532072863261825,candidate,6.0,1.0,0.16165566937025483,0.009666352966442136,6.0
,,,,,,,,,,,,,,,,,,,,,8.0,0275,stage4_1202_best,6,1.5851406315741428,0.40891174567476896,2.024343902971411,0.5572916666666666,0.6960227272727273,0.5359943192230777,0.7314283163104628,3.0790050430118385,0.603632687657385,0.564352755389537,0.732002840388461,6.0,1.6126578867277568,0.9972574167698569,1.0144341096708251,1.0,0.997235245433265,5.703291968985119,0.9716873458888131,0.25995442405707586,,,,,provisional,0.0,0.0,,,,,,,,,,,,,,,,0.24989846792095094,0.03545342179510885,selected,6.0,1.0,0.16130162273730164,0.009367016678210226,6.0
,,,,,,,,,,,,,,,,,,,,,8.0,0275,stage4_1202_best,8,1.5365792530802556,0.24161489589470841,1.9952870265774023,0.5520833333333334,0.6903409090909091,0.5371315368661933,0.7346081384753503,2.8452639834554128,0.48241182773316404,0.5936745140775643,0.7314342315669033,6.0,1.848000651548027,0.9962075743328392,1.0162647388263906,1.0,0.9969012391487816,6.988898710962754,0.9350157060511949,0.23820846124263395,,,,,final,0.0,0.0,,,,,,,,,,,,,,,,0.18831998074508427,0.15942926985162104,candidate,6.0,1.0,0.16140221495398024,0.008833443084590043,6.0
0.9968286690157304,1.0167075976741797,0.34914638882247795,0.994181649916733,1.027327988781932,0.3642435144309368,0.995505622467994,1.019929171717526,0.3559186086044165,0.996331471252604,1.0163253407009747,0.35940132378917017,0.995855147693429,1.0200993618749448,0.34408813355555967,0.22608213158233695,0.22724408562115417,0.02960644251872743,0.2341941451543222,0.32735972806122227,0.04272652710582762,8.0,0275,stage4_1202_best,6,1.5399402589562665,0.38207943255840604,1.9980357333160599,0.5520833333333334,0.6903409090909091,0.5367127016048989,0.7346143230379732,2.8419909370900824,0.5591559266058528,0.5938490447654131,0.7316436491975505,6.0,1.824693980576672,0.9968094063059987,1.0158831629210576,1.0,0.9969725717951623,5.682095724970966,0.9696009206259874,0.2617362877957336,0.09157567471265793,0.9948834616856054,1.4032505189457893,1.0219920667258662,final,0.0,0.0,0.2039868883680433,0.08538474397817748,0.0060720854778637005,2.685709447615183,0.9959778274920367,1.0180135894875708,0.9713477087317716,0.03883150377019441,1.0,0.004923466195591436,0.00818629720888464,0.9978166681334549,5.700107369455188,0.9713477087317717,0.25688574187420793,0.24653508442893646,0.040598330752383664,selected,6.0,1.0,0.16112852371453515,0.009358363993477595,6.0
,,,,,,,,,,,,,,,,,,,,,8.0,0276,stage4_1202_best,8,2.201604159142521,0.3729604881363953,1.704585600872805,0.5885416666666666,0.6164772727272727,0.39851186397485444,0.8300154626226153,3.397867629335304,0.5772628518427173,0.4789746864372489,0.8007440680125728,5.0,1.7964837728959133,0.9445257559803097,1.0122620416978,0.6666666666666666,0.9977306839822709,6.863029810540997,0.9261882946493216,0.2072267850652794,,,,,base,0.0,0.0,,,,,,,,,,,,,,,,0.2246016388885179,0.04409037208243445,candidate,5.0,1.0,0.16116560472772418,0.03607666917500443,5.0
,,,,,,,,,,,,,,,,,,,,,8.0,0276,stage4_1202_best,5,1.7224681026924353,0.5347152917343994,1.6034396167055742,0.5885416666666666,0.6164772727272727,0.38784910572497727,0.8412022621905595,2.949995622042207,0.6609010555871443,0.5112584025315626,0.8060754471375113,5.0,1.5310084257829686,0.9980786119807803,1.0111766081653084,1.0,0.9979055547380749,4.777105484546418,0.9716502889534648,0.30008390469790336,,,,,base,0.0,0.0,,,,,,,,,,,,,,,,0.2695076532328972,0.03610136614148119,selected,5.0,1.0,0.16823740953714325,0.006705582400627226,5.0
,,,,,,,,,,,,,,,,,,,,,8.0,0276,stage4_1202_best,8,2.075738017308369,0.3398989129460953,2.298356959936431,0.421875,0.5369318181818182,0.5187792929661608,0.7053941546064368,4.078485348801873,0.6600232611732231,0.4064371028188048,0.7406103535169197,5.0,1.6978750743898294,0.9884931164873361,1.0115559038100232,0.6666666666666666,0.9978718720904142,6.99443988558539,0.9353766738492421,0.19676394354576857,,,,,provisional,0.0,0.0,,,,,,,,,,,,,,,,0.21197732197180116,0.1464078361573666,candidate,5.0,1.0,0.1672797789765094,0.016983026728026977,5.0
,,,,,,,,,,,,,,,,,,,,,8.0,0276,stage4_1202_best,5,1.4960822421640514,0.5889863014720289,1.948223699269765,0.40625,0.5710227272727273,0.5051035627684425,0.7343630881906442,3.3493233310290513,0.7236926923785196,0.4644612987090205,0.7474482186157787,5.0,1.6681882574119884,0.9983988250418454,1.0101742001953116,0.6666666666666666,0.9981515502218774,4.91730893599682,0.9896341812929454,0.2481580450315489,,,,,provisional,0.0,0.0,,,,,,,,,,,,,,,,0.27095685166825284,0.02128120432795061,selected,5.0,1.0,0.16809268504298427,0.007259326307771228,5.0
,,,,,,,,,,,,,,,,,,,,,8.0,0276,stage4_1202_best,8,2.0427669198870806,0.34129950327908654,2.2903319786938177,0.5260416666666666,0.5994318181818182,0.5344387435921948,0.6968777116850059,4.085756450567632,0.6584170126651937,0.42077404251467015,0.7327806282039027,6.0,1.523787296192757,0.9875605135928966,1.0111694821866075,0.6666666666666666,0.9979170924951428,7.007170693036706,0.9362493560631822,0.19636028055190888,,,,,final,0.0,0.0,,,,,,,,,,,,,,,,0.21289444068458302,0.14667177779755106,candidate,6.0,1.0,0.1675005283127159,0.017179295147038337,6.0
0.9897872653239318,1.0155935536999463,0.3114094274567645,0.9822977834056494,1.0272373495204261,0.32080064912417694,0.9900351412919018,1.019548046439474,0.3140873018173999,0.9921927274045643,1.0139398940065556,0.315746066939772,0.9791970791617358,1.0288797302890935,0.30881125614799604,0.3450021620553023,0.605987467200197,0.1364692945351699,0.3202603017722491,0.7481805208335807,0.036299834863782784,8.0,0276,stage4_1202_best,6,2.026664913259429,0.5902526234453128,2.291029046490865,0.5260416666666666,0.5994318181818182,0.5339631459590951,0.6969551819463282,4.0758410983661255,0.7623605313427522,0.4215009493340293,0.7330184270204524,6.0,1.5075520772662838,0.9846160794211795,1.01052970906902,0.6666666666666666,0.99804639748687,5.160776618170483,0.9158556398583036,0.24483237683636952,0.09106846153736115,0.9725506450148166,1.6471296751576245,1.0382854357133255,final,0.0,0.0,0.33490648342603957,0.6198160034593462,0.00693553625243275,1.8285262314599426,0.9907749317434532,1.0152605566051995,0.962402232512537,0.033371166937319806,1.0,0.003690416373905586,0.007007597389516659,0.9980925833814878,5.610160952727352,0.962402232512537,0.2432432321103646,0.27828576097815794,0.024859020271178558,selected,6.0,1.0,0.1674565609220187,0.02017722815480078,6.0
,,,,,,,,,,,,,,,,,,,,,8.0,0277,stage4_1202_best,8,1.4189610296815567,0.3510464674317989,1.9178837238846882,0.6197916666666666,0.6306818181818182,0.5708412683240763,0.6966838577144503,2.4484513413711255,0.3966386136430441,0.648766484055717,0.7145793658379618,4.0,1.3470796497772277,0.7485720699997144,1.0066444552043792,1.0,0.9988232413918343,5.690090044944043,0.8361414384901118,0.2335558117250199,,,,,base,0.0,0.0,,,,,,,,,,,,,,,,0.17968674692477385,0.03262376675934816,candidate,4.0,1.0,0.1749087339089897,0.09208316232999343,4.0
,,,,,,,,,,,,,,,,,,,,,8.0,0277,stage4_1202_best,4,1.3238018620475898,0.5855524172419578,1.9314731646216867,0.6197916666666666,0.6392045454545454,0.5525058449339689,0.7000900239496228,2.305852493480185,0.5570021206056104,0.660388254022996,0.7237470775330156,4.0,1.224464039778586,0.999680253592602,1.0021185410820381,1.0,0.9996697634166599,3.854978963451572,0.9733608219196533,0.31670313399264116,,,,,base,0.0,0.0,,,,,,,,,,,,,,,,0.26952224024771715,0.020360173256519294,selected,4.0,1.0,0.20016903598745436,0.0021198696684556744,4.0
,,,,,,,,,,,,,,,,,,,,,8.0,0277,stage4_1202_best,8,1.4704094900293614,0.45632096894313257,1.8889150767718648,0.5572916666666666,0.6392045454545454,0.5085088542824453,0.7513873982715913,3.1193211453202045,0.5200139011836113,0.5851627233446676,0.7457455728587772,6.0,1.9517293494148573,0.9548839732864882,1.0081912631721806,1.0,0.9985813112874173,6.818142029976623,0.9230950511704297,0.22084561665080996,,,,,provisional,0.0,0.0,,,,,,,,,,,,,,,,0.23345842174180348,0.03598703582406197,candidate,6.0,1.0,0.1855508379475636,0.03390632607537603,6.0
,,,,,,,,,,,,,,,,,,,,,8.0,0277,stage4_1202_best,6,1.2858744644960551,0.5536921242031719,1.833793336876141,0.5572916666666666,0.6505681818181818,0.4948715149222984,0.7587573748522873,2.78163804235599,0.5460836917246237,0.6091745911225167,0.7525642425388509,6.0,1.8796046657086067,0.9989193893128621,1.0073243110489933,1.0,0.9987427988200693,5.814216884929166,0.9824402015178035,0.24589733921302837,,,,,provisional,0.0,0.0,,,,,,,,,,,,,,,,0.264119928001141,0.03385647267597713,selected,6.0,1.0,0.19995685021489834,0.005426287150435516,6.0
,,,,,,,,,,,,,,,,,,,,,8.0,0277,stage4_1202_best,8,1.3570433106694726,0.4466575465247484,1.8916711817923542,0.5677083333333334,0.6420454545454546,0.5562533250505465,0.7177181386338735,2.9377516108629997,0.48009205219205625,0.6223401077806668,0.7218733374747267,6.0,1.82193456424801,0.9452299941761021,1.0083649095138854,1.0,0.998532799952029,6.751923273399779,0.918394664222448,0.22711757156728993,,,,,final,0.0,0.0,,,,,,,,,,,,,,,,0.22824075686329795,0.03532509244745399,candidate,6.0,1.0,0.18200776813078562,0.03449777101972736,6.0
0.9982803532680701,1.0118581602499424,0.339248477234296,0.9976406497094408,1.017184518202724,0.3495025782569165,0.9971918287085634,1.018852773832976,0.33651653379971846,0.9982480503141322,1.0123222695200067,0.34291922955756177,0.99808220418813,1.01241282779731,0.3341929407760158,0.47158914407788377,0.36099632102499263,0.21272621325022004,0.4734056201234304,0.45746720440852745,0.2079511129525041,8.0,0277,stage4_1202_best,6,1.238562945340971,0.5416183285149495,1.86510642787077,0.5677083333333334,0.6534090909090909,0.5433092526711198,0.7231335754361652,2.675435790504824,0.5130569698682808,0.6398995455929507,0.7283453736644401,6.0,1.815859564330146,0.9989472418780655,1.0069951084540392,1.0,0.9987998211086371,5.776293663829403,0.9787860519597993,0.25188414686183797,0.0807059183716774,0.9976281154808245,1.3836696507351276,1.01419415306604,final,0.0,0.0,0.20244573907275115,0.10738136738536193,0.008046000759403779,2.749885844830145,0.9982128578038123,1.012342542133535,0.9834102412735578,0.029926827216502284,1.0,0.00391040150315085,0.00634887592347728,0.9985785498624269,5.824421973836452,0.9834102412735578,0.24689052106835355,0.2606492222010306,0.033544831951371486,selected,6.0,1.0,0.1998677030759354,0.00518336202775752,6.0
,,,,,,,,,,,,,,,,,,,,,8.0,0278,stage4_1202_best,8,1.6151195095239066,0.019123579036075974,1.0016878631053563,1.0,1.0,0.01174822890515787,0.9998210016100816,1.0228892799705809,0.010216467878769212,0.9952929838475608,0.9941258855474211,1.0,1.9310885083379175,0.8754351401433933,1.0420995135257622,1.0,0.99070873309956,5.272016165332943,0.7984982962751562,0.29276066019445873,,,,,base,0.0,0.0,,,,,,,,,,,,,,,,0.07516686094419003,0.3210448804908076,candidate,1.0,1.0,0.18154420150190984,0.06560495943245939,1.0
,,,,,,,,,,,,,,,,,,,,,8.0,0278,stage4_1202_best,1,0.0,0.0,1.0,1.0,1.0,0.0,1.0,1.0,0.0,1.0,1.0,1.0,0.0,0.0,1.0,1.0,1.0,1.0,0.0,1.0,,,,,base,0.0,0.0,,,,,,,,,,,,,,,,0.2880228852271988,0.0,selected,1.0,1.0,0.2200375686543537,0.0,1.0
,,,,,,,,,,,,,,,,,,,,,8.0,0278,stage4_1202_best,8,0.0,0.0,1.0,1.0,1.0,0.0,1.0,1.0,0.0,1.0,1.0,1.0,1.6369229278301756,0.8849755577196783,1.015389945970918,1.0,0.9970295600539046,5.433997701599175,0.8135588134443795,0.2779490653631033,,,,,provisional,0.0,0.0,,,,,,,,,,,,,,,,0.03609509375620227,0.12500004967053732,candidate,1.0,1.0,0.19124374358240018,0.046799089442460584,1.0
,,,,,,,,,,,,,,,,,,,,,8.0,0278,stage4_1202_best,1,0.0,0.0,1.0,1.0,1.0,0.0,1.0,1.0,0.0,1.0,1.0,1.0,0.0,0.0,1.0,1.0,1.0,1.0,0.0,1.0,,,,,provisional,0.0,0.0,,,,,,,,,,,,,,,,0.2880228852271988,0.0,selected,1.0,1.0,0.2200375686543537,0.0,1.0
,,,,,,,,,,,,,,,,,,,,,8.0,0278,stage4_1202_best,8,0.0,0.0,1.0,1.0,1.0,0.0,1.0,1.0,0.0,1.0,1.0,1.0,1.4451778918219054,0.9065781219716343,1.0140400078369798,1.0,0.9972449002979049,5.486468214773186,0.8183902463223365,0.2708208238193511,,,,,final,0.0,0.0,,,,,,,,,,,,,,,,0.03609509375620227,0.12500004967053732,candidate,1.0,1.0,0.20174299823214703,0.03211320177644051,1.0
0.0,1.0,1.0,0.0,1.0,1.0,0.0,1.0,1.0,0.0,1.0,1.0,0.0,1.0,1.0,0.7,0.0,0.0,0.7,0.0,0.0,8.0,0278,stage4_1202_best,1,0.0,0.0,1.0,1.0,1.0,0.0,1.0,1.0,0.0,1.0,1.0,1.0,0.0,0.0,1.0,1.0,1.0,1.0,0.0,1.0,0.06131312996149063,0.0,1.3005276355917048,1.0,final,0.0,0.0,0.7,0.0,0.0,0.0,0.0,1.0,0.0,0.0,1.0,0.0,0.0,1.0,1.0,0.0,1.0,0.2880228852271988,0.0,selected,1.0,1.0,0.2200375686543537,0.0,1.0
,,,,,,,,,,,,,,,,,,,,,8.0,0279,stage4_1202_best,8,1.0840389640387236,0.06683829237609139,1.0455127843911094,1.0,1.0,0.08479501145494682,0.9881314800705187,1.3227253306090399,0.11429015591369189,0.9273441581214396,0.9576024942725266,3.0,1.7305848582192582,0.7800733586597026,1.0154242183211393,1.0,0.9970785308776854,4.030600387709011,0.6692661419546109,0.37013144598657016,,,,,base,0.0,0.0,,,,,,,,,,,,,,,,0.1242075687237899,0.2798092059935943,candidate,3.0,1.0,0.09553797127229031,0.06846343834763076,3.0
,,,,,,,,,,,,,,,,,,,,,8.0,0279,stage4_1202_best,3,1.0840389630506426,0.623824063368421,1.0455127842071574,1.0,1.0,0.08479501131050467,0.9881314801792977,1.322725330969191,0.2163271799778998,0.9273441580760299,0.9576024943447475,3.0,1.000137574871017,0.8895149081320679,1.0052189471659285,1.0,0.9990731124633268,2.1716381922738743,0.7045785878502072,0.5743630891698667,,,,,base,0.0,0.0,,,,,,,,,,,,,,,,0.33104449129047964,0.06896350298334449,selected,3.0,1.0,0.1393788759203894,0.060693688254910394,3.0
,,,,,,,,,,,,,,,,,,,,,8.0,0279,stage4_1202_best,8,0.0,0.0,1.0,1.0,1.0,0.0,1.0,1.0,0.0,1.0,1.0,1.0,1.2897864801006582,0.7934341436771504,1.0132304099787866,1.0,0.9973655018384934,4.293258003551435,0.699290744752077,0.3417932311395033,,,,,provisional,0.0,0.0,,,,,,,,,,,,,,,,0.03609509375620227,0.12500004967053732,candidate,1.0,1.0,0.12255084256860212,0.06157987083157271,1.0
,,,,,,,,,,,,,,,,,,,,,8.0,0279,stage4_1202_best,1,0.0,0.0,1.0,1.0,1.0,0.0,1.0,1.0,0.0,1.0,1.0,1.0,0.0,0.0,1.0,1.0,1.0,1.0,0.0,1.0,,,,,provisional,0.0,0.0,,,,,,,,,,,,,,,,0.2880228852271988,0.0,selected,1.0,1.0,0.16125332407968673,0.0,1.0
,,,,,,,,,,,,,,,,,,,,,8.0,0279,stage4_1202_best,8,0.0,0.0,1.0,1.0,1.0,0.0,1.0,1.0,0.0,1.0,1.0,1.0,1.265489062363408,0.7956165077687496,1.0132561479140596,1.0,0.9973413762751884,4.297326239861622,0.6996061000188678,0.34093265728408134,,,,,final,0.0,0.0,,,,,,,,,,,,,,,,0.03609509375620227,0.12500004967053732,candidate,1.0,1.0,0.12108690400477096,0.05968021045771194,1.0
0.0,1.0,1.0,0.0,1.0,1.0,0.0,1.0,1.0,0.0,1.0,1.0,0.0,1.0,1.0,0.7600984542087272,0.14531168384794027,0.4868720145346037,0.7600984542087272,0.14531168384794027,0.4868720145346037,8.0,0279,stage4_1202_best,1,0.0,0.0,1.0,1.0,1.0,0.0,1.0,1.0,0.0,1.0,1.0,1.0,0.0,0.0,1.0,1.0,1.0,1.0,0.0,1.0,0.09732190519571304,0.0,1.5118526692647358,1.0,final,0.0,0.0,0.7,0.0,0.0,0.0,0.0,1.0,0.0,0.0,1.0,0.0,0.0,1.0,1.0,0.0,1.0,0.2880228852271988,0.0,selected,1.0,1.0,0.16125332407968673,0.0,1.0
,,,,,,,,,,,,,,,,,,,,,8.0,0280,stage4_1202_best,8,1.318884308349679,0.10832106879396826,1.4808358143690283,0.6875,0.7017045454545454,0.2495428251190705,0.8893093979974441,2.707846710162197,0.47755838901487957,0.4803800392123964,0.8752285874404648,3.0,1.660731865733328,0.9100132176620441,1.0476754957114707,1.0,0.9894305483800041,5.699840324991559,0.8354218701504299,0.2614555964721598,,,,,base,0.0,0.0,,,,,,,,,,,,,,,,0.12067364496947053,0.29344524727267757,candidate,3.0,1.0,0.2014217126299396,0.03678989343276618,3.0
,,,,,,,,,,,,,,,,,,,,,8.0,0280,stage4_1202_best,3,1.3041527846217977,0.7688140699700302,1.4830204706894627,0.6875,0.7017045454545454,0.24730841108801221,0.8893950047199439,2.6888578195597135,0.8965654668316967,0.48160043504723693,0.8763457944559938,3.0,1.207190595492007,0.9994950665828402,1.003172587220445,1.0,0.9994800388005136,2.9634979187379824,0.9888534688593047,0.4065292615045351,,,,,base,0.0,0.0,,,,,,,,,,,,,,,,0.2853840100852819,0.0145210751006175,selected,3.0,1.0,0.19812548386226042,0.00527145701878488,3.0
,,,,,,,,,,,,,,,,,,,,,8.0,0280,stage4_1202_best,8,1.1108181085808297,0.07986444787177709,1.4123212806864491,0.8333333333333334,0.8125,0.30323346663829015,0.8809915832134977,2.1224042184752103,0.3479639290398206,0.6977674263330633,0.848383266680855,3.0,1.1656337360570785,0.8214752166323056,1.033448251125472,1.0,0.9925999404894729,5.050821176035124,0.7774030270257443,0.28566984906222387,,,,,provisional,0.0,0.0,,,,,,,,,,,,,,,,0.10079963506614291,0.27383914728352504,candidate,3.0,1.0,0.16979406771380728,0.08450529212995335,3.0
,,,,,,,,,,,,,,,,,,,,,8.0,0280,stage4_1202_best,3,1.1108181085246704,0.7454015134351145,1.4123212807916117,0.8333333333333334,0.8125,0.30323346655721806,0.8809915831508255,2.1224042183395535,0.6586223879854485,0.6977674263842637,0.848383266721391,3.0,1.5904323267721199,0.9997643175236774,1.001493810105139,1.0,0.9997824513593806,2.9688336853461963,0.9904940179170854,0.3907375657195667,,,,,provisional,0.0,0.0,,,,,,,,,,,,,,,,0.26862334474247174,0.019934468713943276,selected,3.0,1.0,0.1980305503554703,0.002756876075902909,3.0
,,,,,,,,,,,,,,,,,,,,,8.0,0280,stage4_1202_best,8,1.103951915676331,0.07601857252612873,1.4324439774553004,0.8229166666666666,0.7982954545454546,0.3224655093254196,0.8702647916694342,2.0347627602422818,0.3249287352218556,0.7201697638137459,0.8387672453372901,3.0,1.1327711038829407,0.8107148653000531,1.03546464789266,1.0,0.9920524294001067,4.97044005207596,0.7698246005056487,0.2887265719084644,,,,,final,0.0,0.0,,,,,,,,,,,,,,,,0.09988260574427206,0.2744018461836967,candidate,3.0,1.0,0.16581571094297862,0.09031779449904404,3.0
0.9990794264312216,1.0053186005568011,0.43303406793200766,0.9984243808027969,1.0083296243728506,0.45171549459120713,0.9990909254716526,1.0052903713374097,0.43573012416285894,0.9994572229254484,1.0033669407395855,0.4334037047492283,0.998694655029596,1.0067078017511526,0.43615946007940753,0.5124034539935168,0.8144473708822574,0.04159473391437772,0.5110633838959067,0.7726919086968794,0.04160907822714095,8.0,0280,stage4_1202_best,3,1.1039519159311015,0.70950667703273,1.4324439771056092,0.8229166666666666,0.7982954545454546,0.3224655090785402,0.8702647918111976,2.0347627604516476,0.6150216206431464,0.7201697637680411,0.8387672454607299,3.0,1.405001010488086,0.9994149996579682,1.0030542133446627,1.0,0.9995110271371422,2.9699019101452904,0.9908209743340352,0.39061036481374406,0.06633136421442032,0.9986210287304195,1.3276860184648716,1.0065241242421663,final,0.0,0.0,0.5002910006817991,0.04578981176687421,0.001388048688687323,1.9757621544157993,0.9994132171129948,1.0036044344992776,0.9920035400949052,0.015410128572904972,1.0,0.0022050302816174396,0.00653652993548165,0.9996235647624161,2.9737648931209417,0.9920035400949052,0.3844600555919568,0.266177927934539,0.020996030873528658,selected,3.0,1.0,0.19799843936035763,0.003547974169318801,3.0
,,,,,,,,,,,,,,,,,,,,,8.0,0281,stage4_1202_best,8,1.2736562861371608,0.3582532640632286,1.1198579593958826,0.9479166666666666,0.9261363636363636,0.18907561073387466,0.8967868118446455,1.2134240762928845,0.053948790357067136,0.9575479086716642,0.9054621946330627,3.0,1.6693772660724135,0.9889304723289808,1.0405678497155466,1.0,0.991136723237473,6.761534260383542,0.9188763868393389,0.2362941500014255,,,,,base,0.0,0.0,,,,,,,,,,,,,,,,0.11754696493171235,0.03763709725712152,candidate,3.0,1.0,0.25802152050853083,0.024964049130582533,3.0
,,,,,,,,,,,,,,,,,,,,,8.0,0281,stage4_1202_best,3,1.2241306384827353,0.20852477152424412,1.2099191821924948,0.9479166666666666,0.9261363636363636,0.18707049535927334,0.8971607392155256,1.0819669604344682,0.05373247866668294,0.9764139754390785,0.9064647523203633,3.0,1.4727955630148328,0.9894000660658033,1.0201146404045582,1.0,0.9958949993472054,2.4467920313916123,0.8142752769099284,0.5272662524419098,,,,,base,0.0,0.0,,,,,,,,,,,,,,,,0.17457201657182625,0.03516154064071686,selected,3.0,1.0,0.2575731128918508,0.023109604695087986,3.0
,,,,,,,,,,,,,,,,,,,,,8.0,0281,stage4_1202_best,8,1.424565094306885,0.28553475764847464,1.1378255820899041,0.9427083333333334,0.9119318181818182,0.23348281434268994,0.8867849547670532,1.292763157190144,0.07799849802556887,0.9311317939376987,0.883258592828655,5.0,1.1783622544877228,0.9891503461915828,1.033054481351214,1.0,0.9925258954631154,6.476323963441402,0.8978653900778502,0.26198734179773325,,,,,provisional,0.0,0.0,,,,,,,,,,,,,,,,0.12390112987629412,0.15523540534465768,candidate,5.0,1.0,0.2593895454023863,0.02776592558251222,5.0
,,,,,,,,,,,,,,,,,,,,,8.0,0281,stage4_1202_best,5,1.4333617507634544,0.38776787953146175,1.1487073197338613,0.9427083333333334,0.9119318181818182,0.22907966691721285,0.8868659087538302,1.2407291386935113,0.08891102769462696,0.9343477512777106,0.8854601665413935,5.0,1.0848214712520636,0.9922505529767524,1.0218260940489954,1.0,0.9954015484376737,4.0026322720107865,0.8612280811268768,0.40312959109408797,,,,,provisional,0.0,0.0,,,,,,,,,,,,,,,,0.1485037857605215,0.03140896486986995,selected,5.0,1.0,0.2593691734652692,0.021042786863752747,5.0
,,,,,,,,,,,,,,,,,,,,,8.0,0281,stage4_1202_best,8,1.3885345270775191,0.2862752374410213,1.1292304958286477,0.9427083333333334,0.9119318181818182,0.22194552627735845,0.89004364924385,1.2735210194392632,0.07200043511711739,0.936592812073239,0.8890272368613208,5.0,1.1959850936353462,0.9889170276119869,1.033140167256775,1.0,0.9925272517470058,6.491399290290656,0.8989706491930306,0.26213582388734774,,,,,final,0.0,0.0,,,,,,,,,,,,,,,,0.12270177526335938,0.15576556669637612,candidate,5.0,1.0,0.2594353001827462,0.028069320242970743,5.0
0.9874470008971526,1.0304985978465233,0.6045122789254185,0.9850665373385071,1.0439770727646887,0.6078311481371333,0.981964646378701,1.0432376428998487,0.6116994212975567,0.9909382557862451,1.024917268502781,0.5936778699939254,0.9862010893752856,1.0373257186407592,0.612254138743972,0.5574201767043837,0.08641995795344708,0.11377381844855423,0.5592370809777674,0.09708943686273681,0.11328106677345083,8.0,0281,stage4_1202_best,5,1.3954452643861912,0.39275923888721154,1.1393066700915386,0.9427083333333334,0.9119318181818182,0.21880898118558914,0.890089006248601,1.2282774742604456,0.08317311884821553,0.9391886554786578,0.8905955094072054,5.0,1.1328892621748625,0.9917662232531216,1.0217431930631191,1.0,0.995460115887265,4.006714580728264,0.8618395919241194,0.40351661274463907,0.05980013683438301,0.983362617823978,1.3729880513057595,1.0459696606921889,final,0.0,0.0,0.300427672656414,0.010747165614974323,0.0011131817048639157,1.8526041446151897,0.9888834060639342,1.029524629538744,0.8688320736532341,0.06097723080128172,1.0,0.008343229506521777,0.0154165108260991,0.9959724043720494,4.052468810697043,0.8688320736532341,0.4134527947857678,0.14740980735509904,0.03237915087208036,selected,5.0,1.0,0.25941790879052046,0.021810979492330834,5.0
,,,,,,,,,,,,,,,,,,,,,8.0,0282,stage4_1202_best,8,0.0,0.0,1.0,1.0,1.0,0.0,1.0,1.0,0.0,1.0,1.0,1.0,1.739627334962941,0.9671748834781313,1.0386980643896382,1.0,0.9913254657624003,6.348307557301574,0.8883461044032018,0.2549751756136394,,,,,base,0.0,0.0,,,,,,,,,,,,,,,,0.03609509375620227,0.12500004967053732,candidate,1.0,1.0,0.21881685845926968,0.038587182324404126,1.0
,,,,,,,,,,,,,,,,,,,,,8.0,0282,stage4_1202_best,1,0.0,0.0,1.0,1.0,1.0,0.0,1.0,1.0,0.0,1.0,1.0,1.0,0.0,0.0,1.0,1.0,1.0,1.0,0.0,1.0,,,,,base,0.0,0.0,,,,,,,,,,,,,,,,0.2880228852271988,0.0,selected,1.0,1.0,0.21927355750863034,0.0,1.0
,,,,,,,,,,,,,,,,,,,,,8.0,0282,stage4_1202_best,8,0.0,0.0,1.0,1.0,1.0,0.0,1.0,1.0,0.0,1.0,1.0,1.0,1.8463247249596935,0.9814540510483508,1.008680184885538,1.0,0.998474505806226,5.9086728099494215,0.8540039738501671,0.288016415273508,,,,,provisional,0.0,0.0,,,,,,,,,,,,,,,,0.03609509375620227,0.12500004967053732,candidate,1.0,1.0,0.21441827400340144,0.011183378940778865,1.0
,,,,,,,,,,,,,,,,,,,,,8.0,0282,stage4_1202_best,1,0.0,0.0,1.0,1.0,1.0,0.0,1.0,1.0,0.0,1.0,1.0,1.0,0.0,0.0,1.0,1.0,1.0,1.0,0.0,1.0,,,,,provisional,0.0,0.0,,,,,,,,,,,,,,,,0.2880228852271988,0.0,selected,1.0,1.0,0.21927355750863034,0.0,1.0
,,,,,,,,,,,,,,,,,,,,,8.0,0282,stage4_1202_best,8,0.0,0.0,1.0,1.0,1.0,0.0,1.0,1.0,0.0,1.0,1.0,1.0,1.8280691494016623,0.9835402443567369,1.0077784585198024,1.0,0.9986544558912245,5.8275528874832,0.847378719839909,0.28814053099908254,,,,,final,0.0,0.0,,,,,,,,,,,,,,,,0.03609509375620227,0.12500004967053732,candidate,1.0,1.0,0.21395309121391512,0.010141415857795561,1.0
0.0,1.0,1.0,0.0,1.0,1.0,0.0,1.0,1.0,0.0,1.0,1.0,0.0,1.0,1.0,0.7,0.0,0.0,0.7,0.0,0.0,8.0,0282,stage4_1202_best,1,0.0,0.0,1.0,1.0,1.0,0.0,1.0,1.0,0.0,1.0,1.0,1.0,0.0,0.0,1.0,1.0,1.0,1.0,0.0,1.0,0.10346370935440063,0.0,1.513444192584566,1.0,final,0.0,0.0,0.7,0.0,0.0,0.0,0.0,1.0,0.0,0.0,1.0,0.0,0.0,1.0,1.0,0.0,1.0,0.2880228852271988,0.0,selected,1.0,1.0,0.21927355750863034,0.0,1.0
,,,,,,,,,,,,,,,,,,,,,8.0,0283,stage4_1202_best,8,1.7418601027695777,0.4596499176382228,1.4191326163884148,0.9010416666666666,0.8693181818181818,0.3363790341350542,0.8494073437283589,2.748421939880295,0.44209895837775665,0.6486330756788289,0.8318104829324728,5.0,2.3186519592396433,0.9915683844890266,1.0412254247611261,0.8,0.9927682296729214,7.804808692239756,0.9881044234674327,0.15985609330998052,,,,,base,0.0,0.0,,,,,,,,,,,,,,,,0.17529888787523512,0.04245943339731387,candidate,5.0,1.0,0.22567486745197116,0.016327573259234774,5.0
,,,,,,,,,,,,,,,,,,,,,8.0,0283,stage4_1202_best,5,1.740794748743387,0.5286154704243823,1.4299948985698439,0.9010416666666666,0.8693181818181818,0.333226340881257,0.85009647972937,2.6147306567422213,0.551910261170276,0.6521179023115158,0.8333868295593714,5.0,2.133468224277189,0.9927847874463229,1.0351213579051795,0.8,0.9939946220026199,4.867148067322429,0.9832028327915773,0.25064006332969563,,,,,base,0.0,0.0,,,,,,,,,,,,,,,,0.2205441899810302,0.027503724912045755,selected,5.0,1.0,0.22607977037211854,0.009776201471879374,5.0
,,,,,,,,,,,,,,,,,,,,,8.0,0283,stage4_1202_best,8,1.7947290724986962,0.48484902449976824,1.5725518190803653,0.8072916666666666,0.7869318181818182,0.3059664520318724,0.8275912296450336,3.51778123049084,0.5844311012967555,0.4499357225967436,0.8470167739840637,6.0,2.6681331760637783,0.9942190432432026,1.0309606601769006,0.6,0.9949006825859795,7.852084875883949,0.9910182333526636,0.15271313698220623,,,,,provisional,0.0,0.0,,,,,,,,,,,,,,,,0.23658526966002597,0.024837294576331683,candidate,6.0,1.0,0.22539102678637157,0.012474217896466315,6.0
,,,,,,,,,,,,,,,,,,,,,8.0,0283,stage4_1202_best,6,1.7842304882639761,0.4990826050989781,1.5718190250741984,0.8072916666666666,0.7869318181818182,0.29906749324883003,0.8278731707622202,3.356178513900005,0.6554240584481072,0.45389386154821326,0.8504662533755851,6.0,2.7829777144394128,0.99503698235521,1.0267510944023397,0.8,0.9957014965065204,5.876542669990892,0.9883815804274865,0.20473070080330674,,,,,provisional,0.0,0.0,,,,,,,,,,,,,,,,0.22491050635148094,0.02696042566254595,selected,6.0,1.0,0.2254683888875308,0.010125072963126222,6.0
,,,,,,,,,,,,,,,,,,,,,8.0,0283,stage4_1202_best,8,1.6870037802003421,0.4566125080059923,1.5148126702352305,0.84375,0.8125,0.3214501717964046,0.8280748165932394,3.2777561803160076,0.5443604454401036,0.4516866035698583,0.8392749141017977,5.0,2.6933746678202617,0.9939918333638492,1.0306296817117586,0.4,0.9949628132046087,7.831423569891939,0.9897501594551651,0.1558737737793036,,,,,final,0.0,0.0,,,,,,,,,,,,,,,,0.22820620054719104,0.02664034586278472,candidate,5.0,1.0,0.22543089703146393,0.012950665689362088,5.0
0.9974466804707266,1.0163763025222152,0.2809964648512399,0.9938515764239485,1.0346271553426671,0.27670372493874507,0.9970506584378622,1.017940392679549,0.28481749308697807,0.9982059578718004,1.0122676941044693,0.28202054671612015,0.9942881450984681,1.0311374180699782,0.27614122732183555,0.3278525449589391,0.5104503994397969,0.05821681683554647,0.34308789564534903,0.709916781423734,0.14710697979884685,8.0,0283,stage4_1202_best,5,1.7340326874896166,0.47925418127306163,1.570524679963982,0.84375,0.8181818181818182,0.28599539532220813,0.8425930817024104,2.90843023383866,0.645033174007373,0.4755760282897546,0.8570023023388958,5.0,2.4202378464481162,0.9934667257519321,1.031849042545308,0.8,0.9946258620184532,4.861981457950512,0.9825790401097274,0.2553122022609573,0.1295969933271408,0.9934358305521286,1.2535354521945057,1.0356050590203494,final,0.0,0.0,0.3304745425591621,0.1947715529165047,0.14870104680730925,3.0113534535216733,0.9991264351246295,1.006586554550015,0.993903898179213,0.0210580529800747,1.0,0.002934250719688503,0.005215182978759114,0.9992994297216914,4.951198325420155,0.993903898179213,0.2414496426226974,0.2280000339997935,0.028700739068138612,selected,5.0,1.0,0.22544345051314493,0.012408132248472974,5.0
,,,,,,,,,,,,,,,,,,,,,8.0,0284,stage4_1202_best,8,1.2938459384880132,0.5358979263127553,1.5154148153951326,0.7604166666666666,0.7784090909090909,0.5323215470636433,0.7025443083599372,2.9798842106933585,0.42036186665752023,0.6861499103667391,0.7338392264681782,7.0,2.70275389633011,0.9935562703375055,1.0377701847638672,0.6,0.993686845482679,7.789217436732089,0.9871332312655983,0.16032888587146346,,,,,base,0.0,0.0,,,,,,,,,,,,,,,,0.2336073580914798,0.031794794186037756,candidate,7.0,1.0,0.2273018379861999,0.011745950543349544,7.0
,,,,,,,,,,,,,,,,,,,,,8.0,0284,stage4_1202_best,7,1.2919497167769256,0.5755951256634584,1.5161639162254001,0.7604166666666666,0.7784090909090909,0.5302267437848661,0.7026228422789238,2.931762914905576,0.4436798960029748,0.687412925676222,0.7348866281075669,7.0,2.560073816383531,0.9929491082963482,1.0409042917559843,0.6,0.9930435969847933,6.8062346510479035,0.9855372613213411,0.18662520068834212,,,,,base,0.0,0.0,,,,,,,,,,,,,,,,0.2303980159090755,0.02647132460253385,selected,7.0,1.0,0.22729603957825434,0.012463795636936966,7.0
,,,,,,,,,,,,,,,,,,,,,8.0,0284,stage4_1202_best,8,1.395040137571824,0.5797367706886286,1.767911060661695,0.6979166666666666,0.6875,0.4551309177538652,0.716681206388353,3.239219693974516,0.5092252456798485,0.5832761022162791,0.7724345411230673,6.0,2.669348496044042,0.9951750193965536,1.027958419965094,0.6,0.995476203510839,7.942569766172392,0.9965309637637075,0.14401301820041498,,,,,provisional,0.0,0.0,,,,,,,,,,,,,,,,0.24868686791133995,0.03473134982371834,candidate,6.0,1.0,0.22764259015968774,0.0070731603425126495,6.0
,,,,,,,,,,,,,,,,,,,,,8.0,0284,stage4_1202_best,6,1.3864068633389781,0.5722454049117396,1.781410039422899,0.6979166666666666,0.6875,0.4468332485697617,0.7172031840928708,3.017318195519317,0.562818023085847,0.5888809791710353,0.7765833757151193,6.0,2.373938322200836,0.9939279756034959,1.0330654301437334,0.6,0.9944276179457712,5.952933076717888,0.9955964114422109,0.1918144285026148,,,,,provisional,0.0,0.0,,,,,,,,,,,,,,,,0.24989527740254536,0.031968144826399474,selected,6.0,1.0,0.22768588626854108,0.007773194838000576,6.0
,,,,,,,,,,,,,,,,,,,,,8.0,0284,stage4_1202_best,8,1.3935985149461612,0.559895341547412,1.7812421470555564,0.6875,0.6818181818181818,0.45013302591649235,0.7168513532546292,3.1461217314819074,0.49850191243700726,0.5844217622115558,0.7749334870417538,5.0,2.763926457536731,0.994542082236498,1.0316622072251345,0.4,0.9948170896428191,7.941942166550154,0.9964923030474943,0.14444839121307124,,,,,final,0.0,0.0,,,,,,,,,,,,,,,,0.24750509202997242,0.03645853823414164,candidate,5.0,1.0,0.2276281861386614,0.00796457656066153,5.0
0.9974289523577582,1.0155874780131466,0.24122883194281436,0.9932158315741159,1.036482754574415,0.24746540498606942,0.9924982700093465,1.0399714568312668,0.241580098799391,0.9985509566725371,1.0094645200493395,0.24644289127784894,0.994032797361926,1.0324701204784428,0.23648818300449018,0.37311721977530216,0.5484769194566982,0.2609086976504917,0.25382578199707445,0.43268639617402743,0.15951045884049972,8.0,0284,stage4_1202_best,5,1.6006963850871998,0.5098026597763314,1.8065651765312813,0.6927083333333334,0.6988636363636364,0.4436008152954589,0.7318127188948366,2.3660562242279375,0.4896344094354465,0.674171732710314,0.7781995923522704,5.0,2.3658830230861128,0.9921538272911778,1.0390971240214044,0.6,0.99325640675198,4.959618212535943,0.9949478272191785,0.22631673934234448,0.13575443625450134,0.9920598857060131,1.04472124288136,1.042576469335557,final,0.0,0.0,0.3286201004541507,0.38294563326392944,0.12580198036075954,3.1019619318337597,0.9995090455849794,1.003643906651041,0.9979626791803851,0.015128415691951488,1.0,0.0022141824424415433,0.003733855246084504,0.9996383400676113,4.983634317881575,0.9979626791803851,0.22205814540904695,0.2457183133678222,0.03522161274813164,selected,5.0,1.0,0.2277234734923985,0.009447049526621697,5.0
,,,,,,,,,,,,,,,,,,,,,8.0,0285,stage4_1202_best,8,1.8165357328897436,0.5004157466377163,2.232345822099093,0.5625,0.5710227272727273,0.5416772180758737,0.6542701313447953,3.4767522541687668,0.5664584972501809,0.5229125717055004,0.7291613909620632,7.0,2.1206117535736815,0.9944577357581291,1.03305748431534,0.8,0.9943365802034286,7.915015928648979,0.9948553937004647,0.15286428809171124,,,,,base,0.0,0.0,,,,,,,,,,,,,,,,0.26261710291511714,0.029831130389882877,candidate,7.0,1.0,0.17594180623061279,0.010036758601095213,7.0
,,,,,,,,,,,,,,,,,,,,,8.0,0285,stage4_1202_best,7,1.8101498718121216,0.5055782834206688,2.226616323231966,0.5625,0.5710227272727273,0.5375211806459353,0.654561082648084,3.3478636672289777,0.5892491190512934,0.5264877698965285,0.7312394096770324,7.0,2.082216414420988,0.9937584845910666,1.0350073391713575,0.8,0.9939366009273474,6.923257621871779,0.9943241148876426,0.1721321756931507,,,,,base,0.0,0.0,,,,,,,,,,,,,,,,0.2562349947810699,0.02872056958356406,selected,7.0,1.0,0.17595719806067758,0.010596205348259849,7.0
,,,,,,,,,,,,,,,,,,,,,8.0,0285,stage4_1202_best,8,1.8662528570002546,0.578290941721174,2.1791838077724734,0.4479166666666667,0.5397727272727273,0.49163532053212583,0.6820991731610697,3.741810594029148,0.5975058824066249,0.4855841154843541,0.7541823397339371,8.0,2.359736492874333,0.9967214650807019,1.0203872691932183,1.0,0.9967773286461385,7.959270404514998,0.9975442646120735,0.1475786457650306,,,,,provisional,0.0,0.0,,,,,,,,,,,,,,,,0.25713766894178863,0.026740174843406284,candidate,8.0,1.0,0.17598263403304767,0.00880137604333857,8.0
,,,,,,,,,,,,,,,,,,,,,8.0,0285,stage4_1202_best,8,1.8662528583087188,0.578290941558844,2.1791838093058398,0.4479166666666667,0.5397727272727273,0.49163532094540463,0.6820991728980607,3.741810592307374,0.5975058822174198,0.48558411579555805,0.7541823395272977,8.0,2.359736492874333,0.9967214650807019,1.0203872691932183,1.0,0.9967773286461385,7.959270404514998,0.9975442646120735,0.1475786457650306,,,,,provisional,0.0,0.0,,,,,,,,,,,,,,,,0.2571376704614547,0.02674016561663651,selected,8.0,1.0,0.17598263403304767,0.00880137604333857,8.0
,,,,,,,,,,,,,,,,,,,,,8.0,0285,stage4_1202_best,8,1.9404602803253885,0.5715053261019432,2.2018558951599334,0.4270833333333333,0.5596590909090909,0.47174402312186137,0.6946319069683109,3.841251475275163,0.6166047431204141,0.46619914529856826,0.7641279884390694,6.0,2.351148285170301,0.9962814393393357,1.0226510328332756,1.0,0.9963651108171266,7.957726479129867,0.9974506871721643,0.14736644131912727,,,,,final,0.0,0.0,,,,,,,,,,,,,,,,0.25951910166883185,0.02780215887715138,candidate,6.0,1.0,0.17598012042041203,0.00943560152542799,6.0
0.998110128148838,1.0135682557772405,0.24053765387552387,0.9954972296376462,1.0286619546826794,0.24304186436566072,0.9975752367927603,1.0158432193925806,0.23896404378050332,0.998489985780974,1.0106463033152602,0.23773155773537355,0.9964041882498089,1.023060387575543,0.23819209392682245,0.24648522705714992,0.4753808510429138,0.11768063810892626,0.15053493589460198,0.24028128753527003,0.10556795482652326,8.0,0285,stage4_1202_best,6,1.8714612786941793,0.5353921812343677,2.212162170172257,0.4270833333333333,0.6534090909090909,0.4751574025689877,0.7008591074344094,2.828420000950714,0.5519065799844466,0.5756136843587694,0.7624212987155061,6.0,1.9578380687130041,0.9957295023064695,1.0234983844392336,1.0,0.9961046345294589,5.9619166445352985,0.9964441734645673,0.19728628103906232,0.1312359869480133,0.9965167151575394,1.2013923150349448,1.021421790617812,final,0.0,0.0,0.2572866670111388,0.4368343016578288,0.21012965926759186,2.165593711898716,0.9990839880510646,1.0068383164245496,0.9972708069511257,0.02067934469355503,1.0,0.003343247851682424,0.0043595851949805075,0.9992386389038639,5.970737473787663,0.9972708069511257,0.201700076472096,0.2615861484659649,0.026197622685917098,selected,6.0,1.0,0.1759382593046567,0.010953221050855088,6.0
,,,,,,,,,,,,,,,,,,,,,8.0,0286,stage4_1202_best,8,1.5342404231203706,0.47234516288113365,1.4609610325689761,0.8177083333333334,0.8125,0.34122820457032466,0.8628967424417862,3.2381026050880846,0.5404137129598255,0.5714720675578612,0.8293858977148377,5.0,3.318254694085724,0.9963466558747138,1.0269160137491549,1.0,0.9958010633159157,7.813011599980397,0.9886168055012285,0.1897049237916108,,,,,base,0.0,0.0,,,,,,,,,,,,,,,,0.19298849158472076,0.032028575173191645,candidate,5.0,1.0,0.14686833434545754,0.006324072117072707,5.0
,,,,,,,,,,,,,,,,,,,,,8.0,0286,stage4_1202_best,5,1.2960101640840405,0.7247098525016661,1.4594888320685515,0.8177083333333334,0.8238636363636364,0.32722859436895574,0.8694638245802101,3.112660748206691,0.6803987553657104,0.5793702235383869,0.836385702815522,5.0,2.41735884102889,0.9969742965687276,1.0194187332947378,1.0,0.9969529558030275,4.828527565154983,0.9782939400319769,0.3054913453958676,,,,,base,0.0,0.0,,,,,,,,,,,,,,,,0.25756486406388596,0.029335480070096353,selected,5.0,1.0,0.14681163071924255,0.005707517508467573,5.0
,,,,,,,,,,,,,,,,,,,,,8.0,0286,stage4_1202_best,8,1.5295524730306702,0.4538468981519361,1.460253247514628,0.828125,0.8210227272727273,0.34196071268912337,0.8592774574469949,3.239917438144188,0.5424515755749553,0.555056924824877,0.8290196436554385,6.0,2.8274932367412804,0.9972559622929016,1.0215994417535819,1.0,0.9966538988147897,7.867536995268308,0.9919617800478183,0.17787813131712266,,,,,provisional,0.0,0.0,,,,,,,,,,,,,,,,0.19128992514080229,0.029325005423834653,candidate,6.0,1.0,0.14676353768369726,0.004777034150002029,6.0
,,,,,,,,,,,,,,,,,,,,,8.0,0286,stage4_1202_best,6,1.4065724342039483,0.576017160915751,1.458895636605105,0.828125,0.8323863636363636,0.3354597879059223,0.8623180419959734,3.19792198384609,0.6244304379530156,0.5577458816497357,0.8322701060470389,6.0,1.824933683937303,0.9977717428155479,1.0174559296553876,1.0,0.9971954971089645,5.881468300680095,0.9888467526655587,0.23537850689678627,,,,,provisional,0.0,0.0,,,,,,,,,,,,,,,,0.23124559186347274,0.02583673549166723,selected,6.0,1.0,0.1466890769148998,0.004073414553684995,6.0
,,,,,,,,,,,,,,,,,,,,,8.0,0286,stage4_1202_best,8,1.5224713926408897,0.45883317663906537,1.462144393402216,0.828125,0.8210227272727273,0.3458921136207781,0.8568276723919449,3.206106305058815,0.5347994501892988,0.5631693271131041,0.827053943189611,5.0,2.8383965256553045,0.9972631920064449,1.0218028269954922,1.0,0.9966137510783195,7.858513414172559,0.9914098282653743,0.1809042522360079,,,,,final,0.0,0.0,,,,,,,,,,,,,,,,0.18990107767243858,0.02904966139527819,candidate,5.0,1.0,0.14677372847794426,0.004526759889799721,5.0
0.9972959932125061,1.018978297209212,0.3203218180233544,0.9956973504291691,1.02946815743461,0.3159937907766557,0.9966722406081505,1.022890355803889,0.3317173876513401,0.9974863119504496,1.017544529459527,0.3271113042457514,0.9961527177650528,1.0261012274664942,0.30884147429506364,0.3035145544346596,0.08884862505013347,0.02145944830409816,0.33191734389203614,0.11770813235596561,0.14355441208630784,8.0,0286,stage4_1202_best,5,1.300895458987949,0.668859204103809,1.4691864646504553,0.828125,0.8323863636363636,0.33242166113076016,0.8632210866118359,3.0607596099217793,0.6701221605136686,0.5719232485248001,0.83378916943462,5.0,1.5527269765865133,0.997436648730426,1.018665055057694,1.0,0.9968713047363812,4.872410680857034,0.9839115215704614,0.2900731071768761,0.13541610538959503,0.9960823140808044,1.3281657924649202,1.0266238475591702,final,0.0,0.0,0.32858318060311875,0.04842675997318621,0.14355441208630784,2.041093604509855,0.9976442544122474,1.0158544082282468,0.9929575870620957,0.032293286215782514,1.0,0.004848795679037898,0.008275459354440986,0.9980248236742184,4.943700902066755,0.9929575870620957,0.25861036099672546,0.2519816336339938,0.026685932510045886,selected,5.0,1.0,0.14662264405496972,0.0036176433348753473,5.0
,,,,,,,,,,,,,,,,,,,,,8.0,0287,stage4_1202_best,8,2.1770036411419547,0.42617622314772863,1.5149882811241346,0.78125,0.8267045454545454,0.2829314439454356,0.8804107400537559,3.704114824488039,0.6173600936997407,0.46867644955730237,0.8585342780272822,6.0,2.457077930889598,0.9948860837585822,1.0325147455146662,0.6,0.9945449757256185,7.91115478418166,0.9946221655663686,0.14968532601607704,,,,,base,0.0,0.0,,,,,,,,,,,,,,,,0.2004135676809648,0.047051211802864375,candidate,6.0,1.0,0.14378768726577743,0.003933694918917979,6.0
,,,,,,,,,,,,,,,,,,,,,8.0,0287,stage4_1202_best,6,2.129743752671105,0.6519177316927595,1.5178830667115317,0.78125,0.8267045454545454,0.2810133269214449,0.8807091068778354,3.687530208145075,0.7144835204548814,0.4695548294457261,0.8594933365392776,6.0,1.7948943957398062,0.9943881735810371,1.031676897368374,0.6,0.9944323697346903,5.923234781336332,0.9927952055496441,0.1985212427705938,,,,,base,0.0,0.0,,,,,,,,,,,,,,,,0.2562547696461351,0.03448862116548137,selected,6.0,1.0,0.1438107356431598,0.004474869216694138,6.0
,,,,,,,,,,,,,,,,,,,,,8.0,0287,stage4_1202_best,8,2.099775297638953,0.4607361336611144,1.4363345911742211,0.8854166666666666,0.875,0.25540127685168806,0.8946547475615793,3.8580609062296305,0.6410036753816055,0.468632878777234,0.8722993615741559,6.0,1.5605775480757438,0.9955081277173875,1.0270704865478582,0.8,0.9952742029431392,7.767352766327674,0.9857711683891712,0.17034867884971466,,,,,provisional,0.0,0.0,,,,,,,,,,,,,,,,0.2001100608381567,0.025943429738037878,candidate,6.0,1.0,0.1434278819385071,0.009625842413646711,6.0
,,,,,,,,,,,,,,,,,,,,,8.0,0287,stage4_1202_best,6,1.9907702730775736,0.6177794666796079,1.436075936112637,0.8854166666666666,0.875,0.25104216798611084,0.8959254255301043,3.8286138240854632,0.7406895901742283,0.46979934044033095,0.8744789160069447,6.0,1.2750734092228198,0.9942446828490591,1.0333660811921686,1.0,0.9937684327034486,5.791909324157103,0.9802180878005128,0.23879618780452203,,,,,provisional,0.0,0.0,,,,,,,,,,,,,,,,0.24660801381617725,0.020872959813796447,selected,6.0,1.0,0.14336411089920126,0.011321185730584918,6.0
,,,,,,,,,,,,,,,,,,,,,8.0,0287,stage4_1202_best,8,2.094942349055775,0.4585858239612782,1.432053009152055,0.8854166666666666,0.875,0.24719873638304452,0.8960490095786061,3.8852324264651554,0.6447790653618353,0.45593060391495,0.8764006318084777,5.0,1.9711255458827268,0.9956364568341455,1.026718706668287,0.6,0.9955194416469224,7.803112167343373,0.9879905181159955,0.16413474102742467,,,,,final,0.0,0.0,,,,,,,,,,,,,,,,0.19898171656225302,0.024776552963482024,candidate,5.0,1.0,0.143379420733544,0.009252208394561638,5.0
0.9964358674360229,1.0234077837111955,0.2976282305795783,0.9903641072953159,1.0541060014237789,0.2952384221985471,0.9964538891971919,1.0241307837400802,0.30231945658163567,0.9978239794567407,1.0154675172239922,0.29515859041182574,0.9930561341950073,1.040683511222217,0.28468998580861266,0.3476306274419178,0.6442445238227272,0.2088089668554003,0.2326722508477565,0.6928344790585635,0.08410071287061639,8.0,0287,stage4_1202_best,5,1.8186212262480963,0.7696598728278004,1.4353462820096994,0.8854166666666666,0.875,0.23233105172911375,0.9006739984111591,3.7602198663230997,0.8160299873824411,0.4617315678955493,0.883834474135443,5.0,1.3551811273584426,0.9942656869400543,1.0358598183557928,1.0,0.993311475123386,4.848974522727633,0.9808656562226864,0.28694880257941324,0.1364372968673706,0.9903824570403138,1.373630129210449,1.0534755494225347,final,0.0,0.0,0.32851660747927247,0.06406592663237126,0.17417160291947376,1.7867078899339026,0.9985986932323216,1.0103351334986648,0.9944396449271303,0.025547619636149783,0.9993896484375,0.0034205396692100916,0.0062662815191240505,0.9987556486181319,4.955486227754129,0.9944396449271303,0.2485406795450652,0.2726855820667711,0.01854555924733596,selected,5.0,1.0,0.14333041925383772,0.011290437216137999,5.0
,,,,,,,,,,,,,,,,,,,,,8.0,0288,stage4_1202_best,8,1.8279461951822058,0.426722055474157,1.7093207404918294,0.8177083333333334,0.7954545454545454,0.3778189796534564,0.8103168668049205,4.020723827848684,0.6623638718592594,0.3978870524231481,0.8110905101732716,7.0,3.1734838087478696,0.9986854590967015,1.0099307254452736,0.8,0.998622227362904,7.941418887183095,0.9964650044582247,0.14652787978455617,,,,,base,0.0,0.0,,,,,,,,,,,,,,,,0.2226145024934866,0.02382476019697525,candidate,7.0,1.0,0.22305908326751298,0.004958637125889102,7.0
,,,,,,,,,,,,,,,,,,,,,8.0,0288,stage4_1202_best,7,1.8238575392211105,0.4417802909932595,1.709666358080498,0.8177083333333334,0.7954545454545454,0.37455908194434023,0.8105448567451764,3.9280146730947236,0.6972432467649101,0.39987860280310294,0.81272045902783,7.0,2.7213960803881005,0.998763718124191,1.0090239583891119,0.8,0.9987390048345608,6.944510324724706,0.9959092165933894,0.16613869883502652,,,,,base,0.0,0.0,,,,,,,,,,,,,,,,0.22893827523566518,0.017482909790380405,selected,7.0,1.0,0.22305548719275944,0.005267325596583785,7.0
,,,,,,,,,,,,,,,,,,,,,8.0,0288,stage4_1202_best,8,1.730820066012017,0.4389634706648891,1.6570569487525655,0.8385416666666666,0.8039772727272727,0.35004038846141633,0.8337736543135719,3.844049333533306,0.6436751857670919,0.4232492587057853,0.8249798057692918,6.0,2.729864573554353,0.9980632993897692,1.0129145427019313,0.8,0.9981125867981566,7.9388744483165326,0.996310530116022,0.14542813599757132,,,,,provisional,0.0,0.0,,,,,,,,,,,,,,,,0.23194013652712103,0.030579814511070183,candidate,6.0,1.0,0.22304918196766035,0.008380889570040857,6.0
,,,,,,,,,,,,,,,,,,,,,8.0,0288,stage4_1202_best,6,1.7107199140583458,0.5195201448496473,1.6736627490424791,0.8385416666666666,0.8039772727272727,0.34542548901136294,0.8340653179458929,3.730240438250736,0.7305189124741635,0.4268123421816434,0.8272872554943185,6.0,2.5625729759559714,0.9983956075010568,1.0102908568656357,0.8,0.9985266560284863,5.963525546399009,0.9965961017343933,0.18624999614203053,,,,,provisional,0.0,0.0,,,,,,,,,,,,,,,,0.25472818355693466,0.018805083977722407,selected,6.0,1.0,0.22300198863220444,0.0075231935759890395,6.0
,,,,,,,,,,,,,,,,,,,,,8.0,0288,stage4_1202_best,8,1.656649324853318,0.44011457913762214,1.6873882041942119,0.8177083333333334,0.8039772727272727,0.35284734543711366,0.8280651900331073,3.9137102922111526,0.6521711732103906,0.4150547507867508,0.8235763272814431,6.0,2.6344137612906247,0.9974419099085069,1.0164066666395346,0.6,0.9975157175641369,7.939087521489815,0.9963226238174396,0.1452015844467101,,,,,final,0.0,0.0,,,,,,,,,,,,,,,,0.2301888619659129,0.029596142425053824,candidate,6.0,1.0,0.22302707663000396,0.009684471613007803,6.0
0.9982359630444294,1.011074655149644,0.20934082914869942,0.996737155833417,1.0193361875472833,0.21255011514876074,0.9973778694575788,1.0155046307491384,0.20749219608563138,0.9989901193136426,1.0070078700726588,0.20836588655205854,0.9965999709261804,1.0198244685605222,0.2092913854784098,0.23095915219682048,0.3808891877593967,0.1020418332272945,0.2311025314436883,0.3964932504684046,0.1020418332272945,8.0,0288,stage4_1202_best,6,1.6356540772685062,0.5179394308332773,1.6995984998465703,0.8177083333333334,0.8039772727272727,0.3481953176749023,0.8283919944277343,3.7802459502758055,0.737933326024181,0.4190614490744138,0.8259023411625489,6.0,2.6058295661171424,0.9980133505181056,1.0124353094107523,0.6,0.9981805066051163,5.964056227222386,0.9966454743617058,0.18617014292519857,0.12984247505664825,0.9961290315276926,1.0905515792011988,1.0220617516926824,final,0.0,0.0,0.2008254155295949,0.05129721848619314,0.0032233929550692536,2.319701471644784,0.9990867196087533,1.006206613112245,0.997749102230025,0.018671512082587386,1.0,0.001997634595639187,0.0038454338240600616,0.9993234830413611,5.97585844417541,0.997749102230025,0.1876874237471372,0.25343329789639224,0.018528969654482037,selected,6.0,1.0,0.2229860493447957,0.008286726702463809,6.0
,,,,,,,,,,,,,,,,,,,,,8.0,0289,stage4_1202_best,8,1.9265965970499477,0.39159697598760973,1.7506213277232456,0.7760416666666666,0.75,0.49499931818423665,0.7077072951168947,2.9129665795440505,0.4986043537104862,0.5485655978012426,0.7525003409078816,7.0,2.227401753052925,0.996993468326346,1.0197051212269135,0.4,0.9968701931816202,7.961738504653118,0.9976931884043362,0.1411143113971829,,,,,base,0.0,0.0,,,,,,,,,,,,,,,,0.20774924070142334,0.026375259055840757,candidate,7.0,1.0,0.19291656864312945,0.006239422214282144,7.0
,,,,,,,,,,,,,,,,,,,,,8.0,0289,stage4_1202_best,7,1.9072974212769174,0.39863589472825584,1.7632713800360067,0.7760416666666666,0.75,0.49237423997567914,0.7078959168490313,2.8648206710220836,0.5270058933292375,0.5499917944836507,0.7538128800121605,7.0,2.0622464345399703,0.9969725543228485,1.0193383355128531,0.4,0.996902121111782,6.964585680385241,0.9973918733775906,0.16108221484762814,,,,,base,0.0,0.0,,,,,,,,,,,,,,,,0.22019209720292077,0.02732991500232555,selected,7.0,1.0,0.1929285071900144,0.005834349806905438,7.0
,,,,,,,,,,,,,,,,,,,,,8.0,0289,stage4_1202_best,8,2.249001119755903,0.4146073185014348,2.2975706460536,0.4791666666666667,0.5653409090909091,0.6225149366810238,0.602844308958558,3.181843138450732,0.5376109475205725,0.4940519165826592,0.6887425316594882,7.0,1.542042388903585,0.9859983240634106,1.0650249286558824,0.8,0.9871269549268611,7.900599514186278,0.9939358945128921,0.1490329839014713,,,,,provisional,0.0,0.0,,,,,,,,,,,,,,,,0.2101258792936621,0.022726288853552642,candidate,7.0,1.0,0.19278001459977986,0.014676544989604546,7.0
,,,,,,,,,,,,,,,,,,,,,8.0,0289,stage4_1202_best,7,2.219943802598924,0.41289635427835236,2.3204538469230984,0.4791666666666667,0.5653409090909091,0.6189878885105827,0.6032260975530507,3.0960963390345917,0.56439230740763,0.4969348234004018,0.6905060557447086,7.0,1.4821178634776484,0.9843457641376359,1.0714375978878108,0.8,0.9855631838914478,6.904591292510071,0.9928805658431527,0.17238289443378546,,,,,provisional,0.0,0.0,,,,,,,,,,,,,,,,0.22088063164196264,0.024267178364453145,selected,7.0,1.0,0.19276000623839024,0.016005512530653045,7.0
,,,,,,,,,,,,,,,,,,,,,8.0,0289,stage4_1202_best,8,2.2669700203659127,0.4179465942067125,2.3206158828933816,0.4583333333333333,0.5482954545454546,0.62325884554659,0.5990301496293547,3.2452471955142297,0.5467655475655823,0.4774801109103268,0.688370577226705,7.0,1.4029002772643953,0.9862205727963085,1.0606346431647198,1.0,0.9879326674056518,7.889651005196727,0.9932578453706573,0.14892678206772778,,,,,final,0.0,0.0,,,,,,,,,,,,,,,,0.21115839521855717,0.02321399569003542,candidate,7.0,1.0,0.1927611245411206,0.015529942087120224,7.0
0.9927005805630619,1.0397838645398494,0.21309374253131647,0.9851125184190254,1.0751719896921035,0.2185028280025297,0.9886878982344847,1.0555175179393856,0.21319891937599533,0.99526286173248,1.0281977206906654,0.20662257328553937,0.9852818532182808,1.0697786295134302,0.21035662088324303,0.11202550301051398,0.48103568985762596,0.040420661740694995,0.11316374713941578,0.42753925553975297,0.04052411954658001,8.0,0289,stage4_1202_best,7,2.339686984373022,0.37852443299884075,2.4254757508404223,0.4583333333333333,0.5681818181818182,0.6179964568557175,0.6031992545741369,2.9908017032655754,0.552547929910943,0.5001860631951572,0.6910017715721413,7.0,1.363929536486855,0.9855079041164648,1.0631862743071894,1.0,0.9873016293995194,6.894498269359109,0.9921173349435304,0.17190923688422105,0.13918274641036987,0.9866836376569575,1.1687361388639501,1.064910050407163,final,0.0,0.0,0.11122737687447481,0.13848580946695366,0.014101021816007355,2.201425048515593,0.9980089135442183,1.0133893469468582,0.99721320644771,0.03315884815178037,1.0,0.0032808610815016756,0.0056202115597441165,0.998380913444791,6.962159426891127,0.99721320644771,0.17499469402555315,0.21718995937687718,0.02701312298832536,selected,7.0,1.0,0.19277860570760097,0.01594000416447562,7.0
,,,,,,,,,,,,,,,,,,,,,8.0,0290,stage4_1202_best,8,1.321744457792761,0.22107586071653065,1.0256615532657765,1.0,1.0,0.06951437813195155,0.9962131181724908,2.2837527862973652,0.3946444356518112,0.6693535114776706,0.9652428109340242,3.0,2.113791244338042,0.995843789479875,1.0247980163145656,0.6,0.995913400148704,7.890968857224567,0.9933954237366291,0.1544543152544367,,,,,base,0.0,0.0,,,,,,,,,,,,,,,,0.14948801228357847,0.2518903774007465,candidate,3.0,1.0,0.2149183022979388,0.009581546490581292,3.0
,,,,,,,,,,,,,,,,,,,,,8.0,0290,stage4_1202_best,3,1.2388350549870943,0.9320852682107928,1.0247856067128396,1.0,1.0,0.06449626593208937,0.9963341923135833,2.2162435107125162,0.7214386931654374,0.6732671311151549,0.9677518670339554,3.0,1.4301869018308973,0.9986747638231609,1.0066737969523154,1.0,0.999021395592908,2.9690215683359797,0.9905491863205589,0.40076389660731493,,,,,base,0.0,0.0,,,,,,,,,,,,,,,,0.28004140804686806,0.020016467637790764,selected,3.0,1.0,0.21518298035112493,0.007647388434483238,3.0
,,,,,,,,,,,,,,,,,,,,,8.0,0290,stage4_1202_best,8,3.0159401852016368,0.29799477309796696,1.0867825567391955,1.0,1.0,0.11429836619290876,0.9856933505327435,2.51533031435183,0.44022912558190386,0.6406073977667093,0.9428508169035457,4.0,2.137176183761202,0.995569432877747,1.0239279350824788,0.6,0.9960641144914419,7.853537819696088,0.991110760461331,0.157883269007089,,,,,provisional,0.0,0.0,,,,,,,,,,,,,,,,0.18557526665282634,0.16431427873682616,candidate,4.0,1.0,0.2148891093543033,0.009098223403098283,4.0
,,,,,,,,,,,,,,,,,,,,,8.0,0290,stage4_1202_best,4,2.1809265206238497,0.6935364519404938,1.073290492722207,1.0,1.0,0.09414743437500674,0.9884303755572592,2.4072748887202464,0.6317633697647811,0.6493941378238718,0.9529262828124967,4.0,1.2974632103412023,0.9951252457509797,1.0237641541803562,1.0,0.9957821346534341,3.9617264125093663,0.9930592819377658,0.2970692863642277,,,,,provisional,0.0,0.0,,,,,,,,,,,,,,,,0.26750564734476623,0.024693572079701673,selected,4.0,1.0,0.21490809874952527,0.012083911848946648,4.0
,,,,,,,,,,,,,,,,,,,,,8.0,0290,stage4_1202_best,8,2.1785336601625196,0.2720843832250738,1.0816670251248637,1.0,1.0,0.10595861265090999,0.9864146480486699,2.3956837633907306,0.41807862228659837,0.6521304805043536,0.9470206936745451,3.0,2.1339801468642876,0.9952541008758665,1.0250966621062818,0.6,0.9958418845199354,7.861065555700034,0.9915712460180975,0.15685272433951822,,,,,final,0.0,0.0,,,,,,,,,,,,,,,,0.17867151515848628,0.16747810843857366,candidate,3.0,1.0,0.2148794556289938,0.009393083138896603,3.0
0.9988235497527942,1.0066968317834986,0.4347635262794986,0.9972176452139819,1.0144889134324435,0.44170303346939715,0.9978688925995788,1.0111810441122868,0.4311762596868363,0.9991932975807023,1.0048725737600788,0.43088727820411143,0.9982623072482055,1.0088348598296821,0.431918223405433,0.502638441367752,0.12556358496254263,0.01480154637913259,0.5301861923990426,0.13558756474144615,0.21513164218596129,8.0,0290,stage4_1202_best,3,1.5361496644861927,0.896648344814444,1.0734959865595348,1.0,1.0,0.08717363357931049,0.9875781705770238,2.2734813443412407,0.746533204401583,0.6610550862646388,0.9564131832103449,3.0,1.58678845523702,0.9984527817240361,1.0078238180032248,1.0,0.9988508257033955,2.9674176934140264,0.9900528636996077,0.3990649317693866,0.14177653193473816,0.9979199044464719,1.1080137779630646,1.0101948378695433,final,0.0,0.0,0.5279037843768871,0.039862490675068,0.21513164218596129,1.473600024928254,0.9995731233695083,1.002690036448963,0.9944738346302275,0.013268807305228541,1.0,0.0014362313191390108,0.0053737339647219684,0.9997195867222108,2.981846312717092,0.9944738346302275,0.3832833570518029,0.28484402262093894,0.02057885165114374,selected,3.0,1.0,0.2150233928630029,0.008504893463406063,3.0
,,,,,,,,,,,,,,,,,,,,,8.0,0291,stage4_1202_best,8,1.4720432932802832,0.39194460168116774,1.53285121376324,0.8385416666666666,0.7926136363636364,0.46847123982576283,0.8149049523133336,2.712077053538328,0.44337977473235496,0.6253663569573392,0.7657643800871186,4.0,2.540780523518893,0.9974414736261242,1.0173280071106017,1.0,0.9973433152912937,7.888505751032009,0.9932479766050827,0.16327616356532926,,,,,base,0.0,0.0,,,,,,,,,,,,,,,,0.17687226382061877,0.030554029142283955,candidate,4.0,1.0,0.18522683639496476,0.0050494595696694376,4.0
,,,,,,,,,,,,,,,,,,,,,8.0,0291,stage4_1202_best,4,1.4697612158335378,0.6098613819323586,1.5645077019202616,0.8385416666666666,0.7926136363636364,0.4617480752057238,0.8152967027240972,2.600812833847811,0.6426421120719118,0.6304213608585544,0.769125962397138,4.0,1.9862115611195328,0.9980384831257147,1.0107204075917633,1.0,0.9983946647850555,3.9230995311672503,0.9859911887923427,0.32259649101002597,,,,,base,0.0,0.0,,,,,,,,,,,,,,,,0.2670861380708468,0.019608511627729825,selected,4.0,1.0,0.18525415587165164,0.004753764296675625,4.0
,,,,,,,,,,,,,,,,,,,,,8.0,0291,stage4_1202_best,8,1.3352042147260077,0.4478677568988263,1.3578560551837637,0.8802083333333334,0.8295454545454546,0.4528934455334253,0.8453236246212943,2.285909858583585,0.3395307650093787,0.7251490846655163,0.7735532772332874,5.0,1.751528708528922,0.996888064537573,1.0208563517106617,1.0,0.9965582339594654,7.8332428048737395,0.9898532989486641,0.16800189983384714,,,,,provisional,0.0,0.0,,,,,,,,,,,,,,,,0.17642877497134432,0.037082161945319825,candidate,5.0,1.0,0.18544355801000062,0.004289613852012261,5.0
,,,,,,,,,,,,,,,,,,,,,8.0,0291,stage4_1202_best,5,1.327077904542616,0.542554130726269,1.3747004431925856,0.8802083333333334,0.8295454545454546,0.44910878089421596,0.8456423675043713,2.2257864202918145,0.4292246335626563,0.7276876471021564,0.775445609552892,5.0,1.558461560415665,0.9969755802039781,1.0182414593962454,1.0,0.996994093194141,4.896767859665763,0.9870145336575746,0.25796382850139354,,,,,provisional,0.0,0.0,,,,,,,,,,,,,,,,0.23167896300158033,0.023976364448490925,selected,5.0,1.0,0.18542638575907208,0.004744331538176163,5.0
,,,,,,,,,,,,,,,,,,,,,8.0,0291,stage4_1202_best,8,1.4156143965697985,0.4566505735093971,1.385481685702492,0.859375,0.8068181818181818,0.44282976438873595,0.8509383235390573,2.5083022142101163,0.3948591417560922,0.6768698814102856,0.778585117805632,5.0,1.82718868880586,0.9966823443476178,1.0223471736542944,1.0,0.9963091621152744,7.784639480665653,0.9868511161490061,0.17092241808388584,,,,,final,0.0,0.0,,,,,,,,,,,,,,,,0.18048775402249218,0.03629503683457592,candidate,5.0,1.0,0.18554898030324685,0.005471065130880333,5.0
0.998223557102085,1.0125263812178331,0.32173461071792464,0.9956312952178192,1.0272699624208876,0.32460415381976915,0.9982712825013913,1.0115456414695208,0.3226225988759471,0.9982868506938474,1.0114493292973037,0.31813499295341086,0.9969557312529146,1.0192211073450947,0.3210571165372136,0.43168524126677116,0.29375221877401964,0.2013882073824913,0.43577839383458733,0.36125220238364514,0.19297935928418752,8.0,0291,stage4_1202_best,5,1.3957728805133687,0.5378474103952247,1.404879079699008,0.859375,0.8068181818181818,0.4373445905290616,0.851584260628131,2.4321596571139494,0.4991407501513733,0.6798607999576557,0.7813277047354692,5.0,1.5345418869806533,0.9969278242592882,1.0185515995896397,1.0,0.9969327311231136,4.866785053241861,0.983190739680335,0.2627613184673313,0.13767468929290771,0.9964692081029725,1.2962924531545856,1.0213565878046569,final,0.0,0.0,0.30331976698232443,0.1041443678633938,0.012476054761018844,1.8768251314497428,0.9986660312098001,1.00919997196956,0.9900663411961792,0.025796928068381342,0.998046875,0.0030452685917641146,0.006473556109421658,0.998925166826566,4.920771593985141,0.9900663411961792,0.25632543121079443,0.23358569051924516,0.021724405504765225,selected,5.0,1.0,0.18551250948593861,0.0061155587501723115,5.0
,,,,,,,,,,,,,,,,,,,,,8.0,0292,stage4_1202_best,8,2.2127486240059433,0.46051954960198055,2.1845505196423205,0.5989583333333334,0.6193181818181818,0.4599320974990764,0.7333700146881826,4.31085992817289,0.6940604930894784,0.39090733156973984,0.7700339512504619,8.0,1.7782003685316858,0.993806967298162,1.0262495705054493,0.8,0.9954957023401872,7.861682833167455,0.9915908326258905,0.14889307746210062,,,,,base,0.0,0.0,,,,,,,,,,,,,,,,0.2533457348941488,0.02713507782499286,candidate,8.0,1.0,0.11414203571566879,0.0072967503363289,8.0
,,,,,,,,,,,,,,,,,,,,,8.0,0292,stage4_1202_best,8,2.2127486234500737,0.46051954968768877,2.1845505181895524,0.5989583333333334,0.6193181818181818,0.4599320972097326,0.733370015041216,4.310859928738322,0.6940604931423376,0.3909073311883094,0.7700339513951338,8.0,1.7782003685316858,0.993806967298162,1.0262495705054493,0.8,0.9954957023401872,7.861682833167455,0.9915908326258905,0.14889307746210062,,,,,base,0.0,0.0,,,,,,,,,,,,,,,,0.2533457348941488,0.027135086522958998,selected,8.0,1.0,0.11414203571566879,0.0072967503363289,8.0
,,,,,,,,,,,,,,,,,,,,,8.0,0292,stage4_1202_best,8,2.2339949582440473,0.32864090619094527,1.88539892240965,0.671875,0.6875,0.41765272253253427,0.7882549934930759,3.4785406373130177,0.5958196749715794,0.4200923647786303,0.7911736387337328,6.0,2.2248319035082034,0.9978840838972253,1.0137070815269735,0.8,0.9979240537580314,7.853519473183025,0.9911046219220113,0.15504381199148584,,,,,provisional,0.0,0.0,,,,,,,,,,,,,,,,0.19234519646374185,0.044094639815483415,candidate,6.0,1.0,0.11428471893140803,0.0037594369854835295,6.0
,,,,,,,,,,,,,,,,,,,,,8.0,0292,stage4_1202_best,6,2.2175403666583238,0.4214997988851136,1.905458658829651,0.671875,0.6875,0.4153574927962641,0.7883926475472518,3.441013942912633,0.6849741121396399,0.42168125614621327,0.7923212536018679,6.0,2.407451545603039,0.997965351520954,1.0117307589808229,0.8,0.9982767885831265,5.913400461084244,0.9918808108715523,0.19435434238727436,,,,,provisional,0.0,0.0,,,,,,,,,,,,,,,,0.23784618664992177,0.02132991886229199,selected,6.0,1.0,0.11428140272651492,0.003871048714169278,6.0
,,,,,,,,,,,,,,,,,,,,,8.0,0292,stage4_1202_best,8,2.2924499127905995,0.40478266944513513,1.8531261689037004,0.6979166666666666,0.7159090909090909,0.43698327088915845,0.7790242513588288,3.704680057818057,0.6264676632063687,0.39651435905496335,0.7815083645554207,6.0,2.0103196621294748,0.997658090713097,1.0147574792601977,0.8,0.9977097312135512,7.857371808197928,0.9913387156802679,0.1540395701183021,,,,,final,0.0,0.0,,,,,,,,,,,,,,,,0.2065374930665442,0.02478961293726492,candidate,6.0,1.0,0.11427671919112571,0.0038445010439397114,6.0
0.9983079675001919,1.010870761113499,0.2207190214889643,0.9977653987278245,1.0140446356024346,0.2241846763526321,0.9973485404475954,1.0157987076771302,0.21603327248946233,0.9991141635047874,1.006183598841725,0.22138218126675666,0.9963579986686926,1.020324713291009,0.21844864291998875,0.26164093888027506,0.5069357630040335,0.2227113423371847,0.26225867204511094,0.4744696340837009,0.22271134233718473,8.0,0292,stage4_1202_best,6,2.122252573844789,0.4203954424230475,1.9887653446429892,0.6979166666666666,0.7215909090909091,0.42665839465730343,0.7810792981304292,3.534468067065493,0.6989340453119474,0.41344152809998724,0.7866708026713483,6.0,1.8818494620786352,0.9983099592948128,1.0096482958905801,0.8,0.9985696133126718,5.914565218297978,0.9919897253556758,0.1937083120447354,0.12015724182128906,0.9971148206389143,0.9515384046809067,1.0167059023781755,final,0.0,0.0,0.2011030344456837,0.13452166231909327,0.006841745232908057,2.451123456524463,0.9992948507622256,1.0049316249929257,0.9959578301975376,0.01764844262519264,1.0,0.002289836033225186,0.0037154857167179182,0.99948075764317,5.956718487996908,0.9959578301975376,0.1936985557332452,0.23707829517391782,0.020031836755742233,selected,6.0,1.0,0.11429169794029544,0.0033440233225968835,6.0
,,,,,,,,,,,,,,,,,,,,,8.0,0653,stage4_1202_best,8,1.8148478100997665,0.5022684197278613,1.6533816101865169,0.796875,0.7386363636363636,0.41319037201095005,0.798482561837699,3.8186869670920487,0.609669511542909,0.4623535291080332,0.793404813994525,7.0,1.670597776330489,0.9962460843719901,1.0239758514786181,0.6,0.9959119941516702,7.962975538194567,0.9977684157729421,0.14169571790549798,,,,,base,0.0,0.0,,,,,,,,,,,,,,,,0.21396721183671477,0.019503859927125562,candidate,7.0,1.0,0.18883112279388897,0.00922038095588475,7.0
,,,,,,,,,,,,,,,,,,,,,8.0,0653,stage4_1202_best,7,1.7961071605372272,0.5185571604373294,1.6543076993704224,0.796875,0.7386363636363636,0.4100963966343283,0.7993841596936027,3.7024667145930223,0.6403469941720324,0.4645298136784168,0.794951801682836,7.0,1.787520051643475,0.9970725539261419,1.0173867531349723,0.8,0.9971942219462864,6.972325973611595,0.9979628614546463,0.15788606986405546,,,,,base,0.0,0.0,,,,,,,,,,,,,,,,0.22198907203366366,0.01773217075683688,selected,7.0,1.0,0.1889975667616349,0.008240255585644866,7.0
,,,,,,,,,,,,,,,,,,,,,8.0,0653,stage4_1202_best,8,2.230696509678594,0.4272259612609656,1.3609116245777086,0.8229166666666666,0.7869318181818182,0.24788459714807917,0.9188509875157834,3.8245147868665756,0.6399950317375523,0.41004068181787784,0.8760577014259604,6.0,2.5903697655494278,0.9976068811138268,1.0166486986643546,1.0,0.9974636649769855,7.941386116009018,0.9964619646564958,0.14669200612590833,,,,,provisional,0.0,0.0,,,,,,,,,,,,,,,,0.2100110709612314,0.047233695580516356,candidate,6.0,1.0,0.18875355831744348,0.0038776724927486296,6.0
,,,,,,,,,,,,,,,,,,,,,8.0,0653,stage4_1202_best,6,2.1898998811050827,0.5685435221124406,1.365934764838996,0.8229166666666666,0.7869318181818182,0.24369612663836432,0.9194412778127279,3.762952315548056,0.735510248911312,0.4115198073902,0.8781519366808177,6.0,2.3695415682536725,0.9976448009900124,1.0148465608094897,1.0,0.997745502641658,5.964112693594684,0.9966505162330821,0.1886863258907805,,,,,provisional,0.0,0.0,,,,,,,,,,,,,,,,0.24681811713325,0.022123926055632515,selected,6.0,1.0,0.18878114904703505,0.0029487000349159623,6.0
,,,,,,,,,,,,,,,,,,,,,8.0,0653,stage4_1202_best,8,2.204687103422134,0.44112197779377,1.3734791275326879,0.8333333333333334,0.8011363636363636,0.251883586061819,0.9138649133058608,3.7834660495521866,0.6335129420156217,0.4175735617652065,0.8740582069690905,5.0,2.645255175046039,0.9979534712524322,1.0144159924224438,1.0,0.9978514188397375,7.9403145322792685,0.9963971153018083,0.14721577148547976,,,,,final,0.0,0.0,,,,,,,,,,,,,,,,0.2094354331996687,0.041076762128917525,candidate,5.0,1.0,0.1887387892590431,0.004026529715026733,5.0
0.9988225222762181,1.0085977077533155,0.2576572378330558,0.9975854183318866,1.0162354760870982,0.2646512880606995,0.9990783692071409,1.006540103505557,0.25292193084220893,0.9992771028136141,1.0054706315894386,0.25220906862084247,0.9983262474008896,1.0112683096043502,0.25701176638444845,0.3901411590945324,0.43430269528320425,0.2126595707443156,0.26541803560679283,0.401058084318828,0.10867661787167106,8.0,0653,stage4_1202_best,5,1.4862096870538832,0.7393656035578767,1.2884972488165924,0.8333333333333334,0.8295454545454546,0.21795258190366293,0.9376659994778788,3.635880138120991,0.798079147631364,0.42245639784606476,0.8910237090481684,5.0,1.7562142292777676,0.9983095865334791,1.010604786807181,1.0,0.9983956481014957,4.988503470473646,0.9985695511576251,0.2185506992589569,0.144624263048172,0.9983469006504461,1.271265819540242,1.0107228590610775,final,0.0,0.0,0.32906110135030237,0.061994336937015754,0.1132636106648951,2.0925772842477,0.9994998685796317,1.0039337595067461,0.998495162072729,0.014773491020523659,1.0,0.00219969721951636,0.003824287864028584,0.9995884781536859,4.987907324977708,0.9984951620727293,0.22639406623006592,0.27240390179019547,0.024594383079232802,selected,5.0,1.0,0.1889782857321685,0.0022264083743671363,5.0
,,,,,,,,,,,,,,,,,,,,,8.0,0273,stage4_1202_latest,8,1.889387299252537,0.07998703187032745,1.2227793926045034,0.984375,0.9715909090909091,0.15964138669760317,0.9554957234958338,2.31156898501936,0.3997098351049518,0.6231837719827308,0.9201793066511983,3.0,1.1629507604781133,0.5757139913292718,1.0223536988746513,0.6666666666666666,0.9950321819404633,3.751858865719749,0.6349077279077474,0.321573329611424,,,,,base,0.0,0.0,,,,,,,,,,,,,,,,0.11140577812339755,0.2711438741673483,candidate,3.0,1.0,0.04929359949285264,0.16320829230011272,3.0
,,,,,,,,,,,,,,,,,,,,,8.0,0273,stage4_1202_latest,3,1.8893872979503776,0.7465456305336424,1.222779392260263,0.984375,0.9715909090909091,0.15964138644821074,0.9554957235434005,2.31156898434884,0.7565664830458448,0.6231837722106084,0.9201793067758947,3.0,1.3425065496448132,0.9993423167010859,1.003947479145538,0.6666666666666666,0.999346082402795,2.992026151854997,0.9975770167092476,0.35530435663539356,,,,,base,0.0,0.0,,,,,,,,,,,,,,,,0.29690639300101196,0.023945188939989384,selected,3.0,1.0,0.09850946498770119,0.00222028197023541,3.0
,,,,,,,,,,,,,,,,,,,,,8.0,0273,stage4_1202_latest,8,1.6857525358692058,0.08202660238856427,1.2664939763467145,0.9583333333333334,0.9460227272727273,0.15938974630232577,0.9436180057005722,2.4892336720130497,0.43481288766873183,0.5534414313373673,0.920305126848837,3.0,1.3457023085227324,0.4198290847283862,1.0158219277997051,1.0,0.9967905380388974,3.6431125099424886,0.6214181401697252,0.3325213861330049,,,,,provisional,0.0,0.0,,,,,,,,,,,,,,,,0.11174548413095481,0.2693815490008613,candidate,3.0,1.0,0.0493743471293892,0.22657166990746072,3.0
,,,,,,,,,,,,,,,,,,,,,8.0,0273,stage4_1202_latest,3,1.6857525372266662,0.7655816223615428,1.2664939756955351,0.9583333333333334,0.9460227272727273,0.1593897458933893,0.943618005843526,2.4892336711817067,0.8230091638785508,0.5534414317126575,0.9203051270533055,3.0,1.0892924888893991,0.9990014545404532,1.0059180907184708,1.0,0.9989395382652378,2.9919801303217546,0.9975621234501564,0.3616998170937995,,,,,provisional,0.0,0.0,,,,,,,,,,,,,,,,0.29781227558197015,0.02235725765358911,selected,3.0,1.0,0.09851924793541582,0.00256993070122641,3.0
,,,,,,,,,,,,,,,,,,,,,8.0,0273,stage4_1202_latest,8,1.653323783940512,0.08244011668040298,1.268217097612202,0.953125,0.9346590909090909,0.15802737406187006,0.9428409231208609,2.5119608374918703,0.43911355947633995,0.541842376855501,0.920986312969065,2.0,1.4044555320144043,0.42014510344491035,1.0168396570851819,1.0,0.9965799674508039,3.616668204081623,0.6179428529069322,0.3365283803102927,,,,,final,0.0,0.0,,,,,,,,,,,,,,,,0.11184104745804767,0.26911682306202106,candidate,2.0,1.0,0.04937028924426691,0.2266040463735074,2.0
0.9975089629133367,1.0096041141145646,0.5223977287562577,0.9955705865269057,1.0158016605924562,0.5363800588653104,0.9983808495532168,1.006592208553174,0.5094016119630631,0.9989046499317484,1.0046641564001952,0.5208521508120681,0.9963207561884093,1.0134870106553544,0.5242743793670179,0.6295321175506093,1.2449087877160199,0.1762348544129835,0.5015073166454326,0.14460637425947448,0.009985675300000893,8.0,0273,stage4_1202_latest,2,1.0,0.6954234208748945,1.1951606849783591,0.9791666666666666,0.9829545454545454,0.14249974132960982,0.9498446257522386,1.5759935537400696,0.6243404079192499,0.7976923889502355,0.9287501293351952,2.0,1.0,0.9980969553908555,1.0073945552642223,1.0,0.9986194931716654,1.9912603389626782,0.9936758375767027,0.5441903230721653,0.08777381479740143,0.9965780252077783,1.3189928148873875,1.0126722407967823,final,0.0,0.0,0.6292575911305835,0.6022076780447861,0.16618254108744981,1.0,0.9991585004822757,1.0036943820527902,0.999488110409825,0.015925982855147944,0.7850341796875,0.0019529799015234074,0.010255290847849059,0.9995800283573126,1.9992907451070585,0.999488110409825,0.5106559692911452,0.3055032069302045,0.016893498701879776,selected,2.0,1.0,0.09853649119678465,0.0038430299548923414,2.0
,,,,,,,,,,,,,,,,,,,,,8.0,0274,stage4_1202_latest,8,1.0,0.03229232441979771,1.1534250360402845,0.9375,0.9545454545454546,0.10882745168418548,0.9684684967247261,1.8592965184012076,0.29670717488860887,0.6631764672465897,0.9455862741579074,2.0,1.1916549171467548,0.34855816730691475,1.0051702897721342,1.0,0.9990862719624852,3.1353590846915593,0.5490121314778922,0.4437153621711327,,,,,base,0.0,0.0,,,,,,,,,,,,,,,,0.0731991809007262,0.21459300377853002,candidate,2.0,1.0,0.11624350081679484,0.1933573617155138,2.0
,,,,,,,,,,,,,,,,,,,,,8.0,0274,stage4_1202_latest,2,1.0,0.9041850838116926,1.153425035967631,0.9375,0.9545454545454546,0.10882745166812519,0.9684684967351668,1.8592965184335757,0.8901215247021798,0.6631764672392287,0.9455862741659373,2.0,1.0,0.9999724628552533,1.0001671877214062,1.0,0.9999794434441499,1.9988353849135974,0.9991596513506807,0.516963169171195,,,,,base,0.0,0.0,,,,,,,,,,,,,,,,0.2924804958218679,0.004920457329917167,selected,2.0,1.0,0.19020285442864593,0.0006608632414627741,2.0
,,,,,,,,,,,,,,,,,,,,,8.0,0274,stage4_1202_latest,8,1.0,0.03202211947720358,1.118309011352094,0.9947916666666666,0.9943181818181818,0.10013939227746688,0.9759723086016184,1.7674646424708886,0.27153786528253326,0.7253846288537771,0.9499303038612665,2.0,1.07671960355548,0.3436991307586365,1.0209626559457916,1.0,0.9952735846100973,3.743007434021289,0.633640671056572,0.3805342046334346,,,,,provisional,0.0,0.0,,,,,,,,,,,,,,,,0.07380937682414965,0.2144815673733094,candidate,2.0,1.0,0.11683271853837476,0.19333831845175614,2.0
,,,,,,,,,,,,,,,,,,,,,8.0,0274,stage4_1202_latest,2,1.0,0.8966193453355763,1.1183090113866194,0.9947916666666666,0.9943181818181818,0.10013939226332723,0.9759723085944257,1.7674646424817917,0.8146135958539098,0.7253846288414407,0.9499303038683364,2.0,1.0,0.9998311015874946,1.000873974361961,1.0,0.999873817474005,1.9989886217489348,0.9992701987603348,0.515224914242084,,,,,provisional,0.0,0.0,,,,,,,,,,,,,,,,0.2949212795155617,0.006980639034116808,selected,2.0,1.0,0.190201575773593,0.001638128409501286,2.0
,,,,,,,,,,,,,,,,,,,,,8.0,0274,stage4_1202_latest,8,1.0,0.03210505663743449,1.111356374691524,1.0,1.0,0.09851274288752551,0.9776157264974601,1.7573354551320521,0.26876502714483397,0.7320171569097357,0.9507436285562373,2.0,1.0981163496086594,0.34408640903041704,1.018170968665687,1.0,0.9960623140755649,3.689618304048216,0.6267978556079432,0.3826281260237972,,,,,final,0.0,0.0,,,,,,,,,,,,,,,,0.07382617315851554,0.21454835907157746,candidate,2.0,1.0,0.11717122885750567,0.19335078361931407,2.0
0.9985742363355802,1.0057698437694476,0.5777046255091094,0.9962262806971947,1.0135718326902905,0.5711581798068426,0.9979453609159643,1.0079759045577226,0.5730641301842719,0.9988041680329602,1.0049701315559294,0.5660978393991722,0.9988805853830526,1.0046482506007097,0.5820831113924813,0.6003153002455864,0.14350283235497982,0.001995275491503056,0.6003311826239299,0.1300246927192306,0.0014804275418142387,8.0,0274,stage4_1202_latest,2,1.0,0.8989415858407092,1.1113563746947865,1.0,1.0,0.09851274289652223,0.9776157264961394,1.7573354551203557,0.8062950814246974,0.732017156915334,0.9507436285517389,2.0,1.0,0.999871457250254,1.0006832070675482,1.0,0.9999038743941161,1.9992627177834017,0.9994680288818898,0.512972618188189,0.0638444796204567,0.999042921000221,1.3233944251612446,1.0040367817372688,final,0.0,0.0,0.600038574104199,0.013488608019252024,0.0011261480269475533,1.0,0.9986610707491295,1.0054731562000778,0.9956390612573964,0.02062560185859793,0.9949951171875,0.0027126120030938738,0.012871832206306284,0.999344204944374,1.9939668059386844,0.9956390612573964,0.5367025697118801,0.2949884648530254,0.007152607140566617,selected,2.0,1.0,0.1902027955487461,0.0015457217247910673,2.0
,,,,,,,,,,,,,,,,,,,,,8.0,0275,stage4_1202_latest,8,1.3841429746944751,0.0745976974215155,1.2213525030974592,0.9583333333333334,0.9375,0.17056661387619448,0.9514078169021796,2.0367507214218503,0.3387601960546777,0.6960270401542058,0.9147166930619028,3.0,1.7037151472184255,0.6072036545776758,1.0158305692436016,0.6666666666666666,0.9969185055170536,3.6825584572707033,0.6268212291804721,0.34092750953623835,,,,,base,0.0,0.0,,,,,,,,,,,,,,,,0.11061512741883654,0.27401112289435314,candidate,3.0,1.0,0.10522251466121475,0.165926224948917,3.0
,,,,,,,,,,,,,,,,,,,,,8.0,0275,stage4_1202_latest,3,1.3841429731446515,0.6962451761459967,1.2213525026967496,0.9583333333333334,0.9375,0.17056661362506717,0.9514078170009179,2.0367507207123876,0.6412016607304708,0.6960270404211029,0.9147166931874664,3.0,1.2478684756690024,0.9976836847185431,1.0129981742704552,0.6666666666666666,0.9974538151958128,2.9834965345488924,0.9949767507274396,0.36816851934599876,,,,,base,0.0,0.0,,,,,,,,,,,,,,,,0.29479799634117104,0.02781450842200638,selected,3.0,1.0,0.16161232698943817,0.008484000333597202,3.0
,,,,,,,,,,,,,,,,,,,,,8.0,0275,stage4_1202_latest,8,1.7493374357851987,0.07898505687913562,1.2714771260545605,0.9166666666666666,0.8863636363636364,0.18558426566673303,0.9439827935728936,2.3147609746710542,0.40060572595802896,0.6043233628613925,0.9072078671666336,3.0,1.4686761604358547,0.6115467546817007,1.0088330197477675,1.0,0.9984015487353197,3.692761128509988,0.6272457826250272,0.34205762991269406,,,,,provisional,0.0,0.0,,,,,,,,,,,,,,,,0.11172320251641633,0.2716730557790137,candidate,3.0,1.0,0.09944123410876637,0.16233047821745958,3.0
,,,,,,,,,,,,,,,,,,,,,8.0,0275,stage4_1202_latest,3,1.7493374366723566,0.737193863953148,1.2714771266151412,0.9166666666666666,0.8863636363636364,0.18558426591801158,0.94398279339937,2.3147609740123385,0.7582622156092172,0.6043233633701599,0.9072078670409943,3.0,1.9574133179706528,0.9994798970596458,1.003258564627884,1.0,0.9994953499366522,2.9882313054008054,0.9964214979576889,0.3683744951773673,,,,,provisional,0.0,0.0,,,,,,,,,,,,,,,,0.29775285924422873,0.02691452494504248,selected,3.0,1.0,0.16168800715270776,0.0033031825152146656,3.0
,,,,,,,,,,,,,,,,,,,,,8.0,0275,stage4_1202_latest,8,1.7598352922593143,0.07870935547041598,1.2726685467254686,0.9322916666666666,0.9090909090909091,0.18437622751323854,0.9437450379676323,2.3141732054169077,0.4004583278324205,0.6070075501888823,0.9078118862433807,3.0,1.5860498749536387,0.6136502850506823,1.0095454034795461,1.0,0.9982902170235791,3.717686712873853,0.6306144617844774,0.33947804613992777,,,,,final,0.0,0.0,,,,,,,,,,,,,,,,0.11156111316198149,0.2716597892564591,candidate,3.0,1.0,0.10001746564327917,0.16159784775220196,3.0
0.998879885528484,1.0065300360962375,0.39182803007942324,0.9972440056751523,1.014510691722552,0.4039531363054329,0.9984662985269669,1.0084433366021208,0.39363965798946093,0.9989572135325449,1.0063002856460588,0.39658088230119626,0.9987862800883027,1.0067370738474455,0.3924182983493744,0.5017221501855956,0.18526754219993546,0.010818893832182286,0.5018194513889698,0.19268640912739174,0.011643133305906028,8.0,0275,stage4_1202_latest,3,1.759835290471917,0.734620650920601,1.272668546722947,0.9322916666666666,0.9090909090909091,0.18437622761517983,0.9437450379450119,2.3141732049002153,0.7579832220977023,0.6070075504242362,0.90781188619241,3.0,1.2554867717814382,0.9994595460756951,1.0029711687324991,1.0,0.9995200981314527,2.987863093194587,0.9963090670779439,0.3678351267343359,0.09308714419603348,0.9984570553384705,1.3859830420043082,1.0080208206927526,final,0.0,0.0,0.5000954322013027,0.015205428457870962,0.001901641652424707,1.6883062080307212,0.9989219203617131,1.006560432192396,0.9929544377645866,0.022409125706961026,0.5496826171875,0.002527695347286396,0.009000542990722272,0.9992496403344144,2.9768726305369553,0.9929544377645866,0.36980124159958394,0.2973206196647079,0.02683937148639625,selected,3.0,1.0,0.1617022234182413,0.002502755727863338,3.0
,,,,,,,,,,,,,,,,,,,,,8.0,0276,stage4_1202_latest,8,1.373685514402428,0.07706768778164651,1.2696505278341288,0.875,0.9090909090909091,0.14044175404403328,0.9422434812091642,2.192442301130012,0.3750658767190571,0.6163434066958333,0.9297791229779834,3.0,1.8351511009865138,0.10705639215190159,1.0036554439155139,1.0,0.9994240131289316,2.7996240013558187,0.49506797405330044,0.5122543023351539,,,,,base,0.0,0.0,,,,,,,,,,,,,,,,0.11085164873403039,0.27052809554160423,candidate,3.0,1.0,0.0632161993689448,0.26501747580624563,3.0
,,,,,,,,,,,,,,,,,,,,,8.0,0276,stage4_1202_latest,3,1.37368551300097,0.719298419481419,1.269650527749626,0.875,0.9090909090909091,0.14044175377352142,0.9422434812167783,2.192442300997935,0.709920663471806,0.6163434067255203,0.9297791231132393,3.0,1.8351511009865136,0.9991929934177483,1.0036554439155139,1.0,0.9994240131289316,2.7996240013558187,0.9370593446117083,0.5122543023351539,,,,,base,0.0,0.0,,,,,,,,,,,,,,,,0.295428714523505,0.009756172912476224,selected,3.0,1.0,0.16840084954994342,0.00421264640942345,3.0
,,,,,,,,,,,,,,,,,,,,,8.0,0276,stage4_1202_latest,8,1.1438202902783574,0.07014152507060102,1.2864014375792894,0.875,0.9090909090909091,0.14488574963206763,0.9337997682110745,1.9953277730883492,0.32946982774162675,0.6637976642229756,0.9275571251839662,3.0,1.4398380517646818,0.10710378042477753,1.001886490118858,1.0,0.9997171796052856,2.7916173934694832,0.49369342020708373,0.5162296493123582,,,,,provisional,0.0,0.0,,,,,,,,,,,,,,,,0.11087392890692674,0.2740238651525613,candidate,3.0,1.0,0.06323016209538143,0.2646034450126774,3.0
,,,,,,,,,,,,,,,,,,,,,8.0,0276,stage4_1202_latest,3,1.143820290147818,0.6546542341796923,1.2864014374376147,0.875,0.9090909090909091,0.14488574951550282,0.9337997682526156,1.9953277732377739,0.6236169517574196,0.6637976641523539,0.9275571252422486,3.0,1.4398380517646814,0.9996352839645902,1.001886490118858,1.0,0.9997171796052856,2.791617393469483,0.9344576038533158,0.5162296493123582,,,,,provisional,0.0,0.0,,,,,,,,,,,,,,,,0.2954881283178952,0.01889981299871791,selected,3.0,1.0,0.1684380834871078,0.0019168052295210202,3.0
,,,,,,,,,,,,,,,,,,,,,8.0,0276,stage4_1202_latest,8,1.126354784106563,0.06864419414614222,1.282604995769646,0.875,0.9090909090909091,0.1426656095968931,0.9343909334648706,1.9725113374355212,0.3239312131084869,0.6673386691988572,0.9286671952015536,3.0,1.5154328095107066,0.10711034218745286,1.001623674565319,1.0,0.9997617556181743,2.7973284645455485,0.4946777687364429,0.5136049267137115,,,,,final,0.0,0.0,,,,,,,,,,,,,,,,0.1108807304142853,0.27538896934870905,candidate,3.0,1.0,0.06321890658729948,0.26459026237498273,3.0
0.9978978953674565,1.0071783877275338,0.8065964718447023,0.9976311680019793,1.0078003229981696,0.8139640196125894,0.9927491077937395,1.0222240389938093,0.7896021707030191,0.9956362411544538,1.014312901997512,0.7917365727562858,0.9988854022584978,1.0039391594342726,0.8089146396298351,0.5025602569125407,0.10811293609798898,0.003944404236968488,0.5018159702377455,0.10081912473734582,0.004427754474587743,8.0,0276,stage4_1202_latest,3,1.126354784173638,0.6406791455325248,1.2826049955492957,0.875,0.9090909090909091,0.14266560948482584,0.9343909335353874,1.9725113376782273,0.6131335215024583,0.6673386690872382,0.928667195257587,3.0,1.515433543397325,0.9996965271725923,1.0016236739324076,1.0,0.9997617557338533,2.797328459202228,0.9363207664483596,0.513604928963216,0.09127862751483917,0.9988815564888464,1.593804838213658,1.003858697255909,final,0.0,0.0,0.5003983248997889,0.008832993616758628,0.0013123601745711154,1.0840195156842942,0.994645153460704,1.0167840576611713,0.8791859876363075,0.04473213112206728,1.0,0.005423420207343233,0.019380201100000726,0.9975326414928128,2.628150892822133,0.8791859876363075,0.5812922625422761,0.29550626567085136,0.022300459427979147,selected,3.0,1.0,0.16840806879888928,0.0019440839201306415,3.0
,,,,,,,,,,,,,,,,,,,,,8.0,0277,stage4_1202_latest,8,1.539530948408572,0.08218037244920703,1.2868241981452515,0.6041666666666666,0.8323863636363636,0.14947145025086858,0.9409374784961417,2.3909779704612153,0.4156966140770984,0.5437513957107345,0.9252642748745658,3.0,1.3807143367963697,0.10679713422586926,1.0131101885712637,1.0,0.9974975867299364,2.807057871841311,0.4963172947099919,0.5072740488910576,,,,,base,0.0,0.0,,,,,,,,,,,,,,,,0.11177996397743377,0.2699512247229656,candidate,3.0,1.0,0.07532311990232882,0.187916181626038,3.0
,,,,,,,,,,,,,,,,,,,,,8.0,0277,stage4_1202_latest,3,1.5395309489128004,0.7670168093766145,1.286824198476462,0.6041666666666666,0.8323863636363636,0.14947145030502143,0.9409374784209783,2.3909779702901885,0.7868260867756678,0.5437513957941934,0.9252642748474894,3.0,1.3807143367963697,0.9967732527747798,1.0131101885712637,1.0,0.9974975867299363,2.807057871841311,0.9394240453338827,0.5072740488910576,,,,,base,0.0,0.0,,,,,,,,,,,,,,,,0.2979042218392474,0.00953980795797214,selected,3.0,1.0,0.2006859709723008,0.008553109366367977,3.0
,,,,,,,,,,,,,,,,,,,,,8.0,0277,stage4_1202_latest,8,1.4493515411150304,0.0720237917881115,1.2387516099193496,0.9583333333333334,0.9545454545454546,0.16001639880748816,0.9456289132737684,2.001464302672057,0.3285330458282605,0.714894546458972,0.919991800596256,3.0,1.9177368221378996,0.10655298388556844,1.0170413986328377,1.0,0.9967577227785087,2.745469919661579,0.4856261399924242,0.5337114907536845,,,,,provisional,0.0,0.0,,,,,,,,,,,,,,,,0.10744447596672156,0.270573030275419,candidate,3.0,1.0,0.07515916164303375,0.18782891808244997,3.0
,,,,,,,,,,,,,,,,,,,,,8.0,0277,stage4_1202_latest,3,1.4493515418658156,0.6722220563172979,1.2387516099752969,0.9583333333333334,0.9545454545454546,0.16001639892972153,0.9456289132514794,2.0014643027534533,0.6218438210166816,0.7148945464129869,0.9199918005351393,3.0,1.9177369320472375,0.9944945148843912,1.017041400992643,1.0,0.9967577222832299,2.745469914804826,0.9191879408839136,0.5337114920517543,,,,,provisional,0.0,0.0,,,,,,,,,,,,,,,,0.2863429204773481,0.008047100942480295,selected,3.0,1.0,0.20024874894751396,0.014961758622881747,3.0
,,,,,,,,,,,,,,,,,,,,,8.0,0277,stage4_1202_latest,8,1.4800101738563465,0.0746126473967619,1.2628159634027454,0.9322916666666666,0.9375,0.16294532554109423,0.9414288562533989,2.0977086183282996,0.3519934583622036,0.6838768515977941,0.9185273372294529,3.0,1.955443353146891,0.10654865083423655,1.0166804619191576,1.0,0.9968386924748368,2.7555559008150823,0.4873994960397937,0.5290092850862242,,,,,final,0.0,0.0,,,,,,,,,,,,,,,,0.10815067081251711,0.26989240747727283,candidate,3.0,1.0,0.07509081992432826,0.18773649356023606,3.0
0.9926545935328193,1.0166715067093688,0.8201952770550512,0.9856288118668005,1.0296137625997468,0.8222386227605702,0.9860906402735571,1.033296734987648,0.8062032044970996,0.9934363105892361,1.0157982022203556,0.8149161994874066,0.9883471198781223,1.0245483030345306,0.8151222618170938,0.5025034431619605,0.38982188033968307,0.010867618097583341,0.503359427218858,0.45445842054293034,0.013218721580348316,8.0,0277,stage4_1202_latest,3,1.4800101734304818,0.6963847091001373,1.2628159631393703,0.9322916666666666,0.9375,0.16294532548687346,0.941428856314012,2.097708618258721,0.666249437826592,0.6838768516568915,0.9185273372565632,3.0,1.955443353146891,0.9944540744528744,1.0166804619191578,1.0,0.9968386924748368,2.7555559008150823,0.9225445317817186,0.5290092850862242,0.08144207298755646,0.9844411513466204,1.3897844840509535,1.0305030202487204,final,0.0,0.0,0.5003424755031334,0.06660807261399963,0.002441555407762396,1.1013662492009846,0.9925052467931397,1.0182883698050864,0.8580311082655819,0.04845882809474319,1.0,0.00576352932755032,0.02095307781844838,0.9972711925738504,2.5682096086265807,0.8580311082655819,0.5997922275695151,0.28822610673280297,0.006532650411940931,selected,3.0,1.0,0.2000665043642993,0.015194634242400555,3.0
,,,,,,,,,,,,,,,,,,,,,8.0,0278,stage4_1202_latest,8,1.0446184297238639,0.10815518928672244,1.6494012721415505,0.7447916666666666,0.8380681818181818,0.28012975477807706,0.7692613615472766,1.7986489028482968,0.2539286721549087,0.786575748821897,0.8599351226109615,4.0,1.0741726973981554,0.9444956874416074,1.0683151066002305,1.0,0.9825066046345817,6.4475303350387,0.8939565641173315,0.27316942875526423,,,,,base,0.0,0.0,,,,,,,,,,,,,,,,0.12176241924739786,0.31039196449926193,candidate,4.0,1.0,0.20558681618521943,0.06306776963276557,4.0
,,,,,,,,,,,,,,,,,,,,,8.0,0278,stage4_1202_latest,4,1.0446184299936396,0.5047242161747433,1.6494012720224227,0.7447916666666666,0.8380681818181818,0.28012975484639674,0.76926136164642,1.7986489032944037,0.3808930084375282,0.7865757486777865,0.8599351225768015,4.0,1.0829649556432397,0.9978497270299579,1.01228568619495,1.0,0.9975429515698574,3.8979126196850906,0.9813446451702051,0.3465588024275308,,,,,base,0.0,0.0,,,,,,,,,,,,,,,,0.24341943186864842,0.04595962925159545,selected,4.0,1.0,0.2200815540024859,0.01245274200464768,4.0
,,,,,,,,,,,,,,,,,,,,,8.0,0278,stage4_1202_latest,8,1.4168344058561726,0.16552895410860055,1.3796852181840993,0.921875,0.9375,0.16308048130162547,0.9150736202254255,3.0125461840222676,0.5265000532245695,0.5137725391381196,0.9184597593491872,4.0,1.2499726351197045,0.9875426404840804,1.0138730259485833,1.0,0.9973156056476946,6.168514379572453,0.8744504237537198,0.2739695484551812,,,,,provisional,0.0,0.0,,,,,,,,,,,,,,,,0.1468947841759348,0.29023520464434144,candidate,4.0,1.0,0.2138438394007543,0.02379733854954983,4.0
,,,,,,,,,,,,,,,,,,,,,8.0,0278,stage4_1202_latest,4,1.4168344078200807,0.7724684522214247,1.379685218872445,0.921875,0.9375,0.16308048168543865,0.9150736200655407,3.0125461835342384,0.789750079702608,0.5137725392826632,0.9184597591572806,4.0,1.9745460443976512,0.999659545814595,1.0024549400037353,1.0,0.9996317086700265,3.9344155314309117,0.9880735596466595,0.329105580832254,,,,,provisional,0.0,0.0,,,,,,,,,,,,,,,,0.2936841758987788,0.015434862078259238,selected,4.0,1.0,0.2199534479554348,0.002795830427942698,4.0
,,,,,,,,,,,,,,,,,,,,,8.0,0278,stage4_1202_latest,8,1.4381375957137237,0.17164210521112208,1.3127974061962118,0.96875,0.9602272727272727,0.144637611998865,0.9330217760419593,3.0053605214819696,0.5265925538626226,0.5231232720511018,0.9276811940005675,4.0,1.2046027188422759,0.9893287174214846,1.0115634001358877,1.0,0.997818639615251,6.087457234263773,0.868144262064889,0.2704595210186477,,,,,final,0.0,0.0,,,,,,,,,,,,,,,,0.146575587590018,0.29004770189507395,candidate,4.0,1.0,0.21414224660321532,0.023121729339957663,4.0
0.9987228010144577,1.0095767674387797,0.426507380325187,0.9973414843367855,1.018477677820678,0.44903437547001324,0.9985076991710216,1.0109037700118246,0.4234861654502979,0.9986192331912855,1.0102694707787025,0.4304940063414767,0.9992224537728692,1.0061275629691053,0.425804851160284,0.43833028490208226,1.031701927728516,0.021384221987989924,0.4373218744163502,0.9902027785068307,0.02181874016813128,8.0,0278,stage4_1202_latest,4,1.4381375998072237,0.8009964908851531,1.312797406248432,0.96875,0.9602272727272727,0.14463761227947078,0.933021776051862,3.0053605203008806,0.7898888305056555,0.5231232723777826,0.9276811938602646,4.0,1.907227017196806,0.9996854245047544,1.0025071527850233,1.0,0.9996222729577791,3.947569808012458,0.9904809363633851,0.3210988852154631,0.0618804469704628,0.9989245721233115,1.2935845879046297,1.0082255130505875,final,0.0,0.0,0.4003825151263019,0.0583380038372518,0.0046009084971082815,1.2037161757640322,0.9982556233999054,1.0125506899649417,0.986695784606781,0.029607390183850314,1.0,0.0029299258375314993,0.009250463647065601,0.9983570580136212,3.9269982869919042,0.986695784606781,0.3313651160022762,0.2930457659196904,0.014974196245052654,selected,4.0,1.0,0.21990411022442544,0.0034173637739216205,4.0
,,,,,,,,,,,,,,,,,,,,,8.0,0279,stage4_1202_latest,8,0.0,0.0,1.0,1.0,1.0,0.0,1.0,1.0,0.0,1.0,1.0,1.0,1.0347661758291116,0.9674789335459826,1.0308184730977923,1.0,0.992850388193458,4.300559233934586,0.7008691434915533,0.5305427260005595,,,,,base,0.0,0.0,,,,,,,,,,,,,,,,0.03609509375620227,0.12500004967053732,candidate,1.0,1.0,0.15748551026807672,0.02992242853488528,1.0
,,,,,,,,,,,,,,,,,,,,,8.0,0279,stage4_1202_latest,1,0.0,0.0,1.0,1.0,1.0,0.0,1.0,1.0,0.0,1.0,1.0,1.0,0.0,0.0,1.0,1.0,1.0,1.0,0.0,1.0,,,,,base,0.0,0.0,,,,,,,,,,,,,,,,0.2880228852271988,0.0,selected,1.0,1.0,0.16125332407968673,0.0,1.0
,,,,,,,,,,,,,,,,,,,,,8.0,0279,stage4_1202_latest,8,1.0000001663134308,0.04063418311169287,1.0001888028584887,1.0,1.0,0.001268265655890666,0.9999824440913844,1.0013015305985675,0.0005633158765370032,0.9997062394417963,0.9993658671720547,1.0,1.0542496284167981,0.9391324988402062,1.0154720114626714,1.0,0.9967037605492735,4.128057860271423,0.6794218792668917,0.548066483973711,,,,,provisional,0.0,0.0,,,,,,,,,,,,,,,,0.037078044190369995,0.29765665383904855,candidate,1.0,1.0,0.16358288855448794,0.04718068481872279,1.0
,,,,,,,,,,,,,,,,,,,,,8.0,0279,stage4_1202_latest,1,0.0,0.0,1.0,1.0,1.0,0.0,1.0,1.0,0.0,1.0,1.0,1.0,0.0,0.0,1.0,1.0,1.0,1.0,0.0,1.0,,,,,provisional,0.0,0.0,,,,,,,,,,,,,,,,0.2880228852271988,0.0,selected,1.0,1.0,0.16125332407968673,0.0,1.0
,,,,,,,,,,,,,,,,,,,,,8.0,0279,stage4_1202_latest,8,1.0000249904820502,0.04059784079036988,1.0002095794366073,1.0,1.0,0.0014187207420277405,0.9999802356659455,1.0015831639208579,0.0006896127447674371,0.999653681710151,0.9992906396289861,1.0,1.037371606391409,0.9506448561406067,1.0152605251844877,1.0,0.9967318055058746,4.2548030626197875,0.6943058953550927,0.5319211268581979,,,,,final,0.0,0.0,,,,,,,,,,,,,,,,0.03836064762922261,0.2980171917112931,candidate,1.0,1.0,0.1642211440001669,0.041439535400291945,1.0
0.0,1.0,1.0,0.0,1.0,1.0,0.0,1.0,1.0,0.0,1.0,1.0,0.0,1.0,1.0,0.7,0.0,0.0,0.7,0.0,0.0,8.0,0279,stage4_1202_latest,1,0.0,0.0,1.0,1.0,1.0,0.0,1.0,1.0,0.0,1.0,1.0,1.0,0.0,0.0,1.0,1.0,1.0,1.0,0.0,1.0,0.0988147184252739,0.0,1.5053321907282844,1.0,final,0.0,0.0,0.7,0.0,0.0,0.0,0.0,1.0,0.0,0.0,1.0,0.0,0.0,1.0,1.0,0.0,1.0,0.2880228852271988,0.0,selected,1.0,1.0,0.16125332407968673,0.0,1.0
,,,,,,,,,,,,,,,,,,,,,8.0,0280,stage4_1202_latest,8,1.5384532074696524,0.13811686401334566,1.2118325730280186,0.9427083333333334,0.9318181818181818,0.19854075140321348,0.9061819914420889,1.731800140420578,0.22478492568962868,0.826589748059113,0.9007296242983933,5.0,1.069971022037607,0.8730427964767887,1.141290973969021,0.6666666666666666,0.953904172256142,6.478237244326588,0.896410959233297,0.22252750496176388,,,,,base,0.0,0.0,,,,,,,,,,,,,,,,0.1072868111445341,0.29837896534853775,candidate,5.0,1.0,0.19313538051887033,0.08210802048529008,5.0
,,,,,,,,,,,,,,,,,,,,,8.0,0280,stage4_1202_latest,5,1.5384532081618272,0.38672721930860793,1.211832572703564,0.9427083333333334,0.9318181818181818,0.19854075104087093,0.9061819915926158,1.7318001401630678,0.29042879426845825,0.8265897481661849,0.9007296244795646,5.0,1.074524523770261,0.9796949564984038,1.0948473256651268,0.6666666666666666,0.9736473837752625,4.895826573180469,0.9868651732357264,0.25453564406458734,,,,,base,0.0,0.0,,,,,,,,,,,,,,,,0.1715956521557865,0.06281695263272379,selected,5.0,1.0,0.1963924718202846,0.02941000307351924,5.0
,,,,,,,,,,,,,,,,,,,,,8.0,0280,stage4_1202_latest,8,1.627970013004713,0.1653857773094756,1.1997913419823056,0.7708333333333334,0.875,0.120764794444284,0.9610990657413521,2.777668546924568,0.4889607300213724,0.4857809156358668,0.939617602777858,3.0,1.4503795564435797,0.970216368935464,1.012177862218174,1.0,0.9976887618822617,6.2278425989114465,0.8792010744239493,0.2538075554054029,,,,,provisional,0.0,0.0,,,,,,,,,,,,,,,,0.1340305232436159,0.32865045442311996,candidate,3.0,1.0,0.19926243303950442,0.018511419345083133,3.0
,,,,,,,,,,,,,,,,,,,,,8.0,0280,stage4_1202_latest,3,1.5750325821551634,0.9105567564413253,1.1985336911319384,0.7708333333333334,0.875,0.11460002852154857,0.9614220998337071,2.7139329754723285,0.9062501794094191,0.48810286577319745,0.942699985739226,3.0,1.0001652524372224,0.9999048199129139,1.0005707779862674,1.0,0.9999211423883483,2.942786666985892,0.982472973196867,0.41024157404899597,,,,,provisional,0.0,0.0,,,,,,,,,,,,,,,,0.2827724426632912,0.020651562032359353,selected,3.0,1.0,0.1980406800467048,0.0011217272143710256,3.0
,,,,,,,,,,,,,,,,,,,,,8.0,0280,stage4_1202_latest,8,1.5316985622450463,0.14681993917406727,1.1710430715961013,0.7604166666666666,0.8579545454545454,0.11008905429862197,0.9672369442188666,2.8459739314119084,0.5013829191476605,0.45977548083659014,0.944955472850689,3.0,1.566470865922171,0.963501058607242,1.0153062171831289,1.0,0.9970740622191645,6.168820001848155,0.874439700313733,0.26040245050412414,,,,,final,0.0,0.0,,,,,,,,,,,,,,,,0.13088391389984366,0.3306158275657526,candidate,3.0,1.0,0.2001856464646401,0.01950701904292721,3.0
0.9984965496793446,1.0072107215325043,0.5105612575258146,0.9974928911587048,1.013578553229277,0.5321890336374847,0.9968497727324336,1.0123651665299898,0.5084365418773775,0.9977102550658351,1.00877892003436,0.5161404538883548,0.9989971831405846,1.0056902272455466,0.5133332919596649,0.5820622573167763,0.8273585921708778,0.222423273861051,0.5814627624326568,0.7858232089365863,0.222423273861051,8.0,0280,stage4_1202_latest,3,1.4720509141457399,0.9309731380632655,1.1693129361486396,0.7604166666666666,0.8579545454545454,0.10419574452118864,0.967564910140388,2.78879705109521,0.9319740012954458,0.46176710163004353,0.9479021277394057,3.0,1.0141832255859502,0.99990875736207,1.0006583958819102,1.0,0.9999078500707229,2.944255104473715,0.9829271421850958,0.4103758095585315,0.06750845909118652,0.9992007440187058,1.316652271558447,1.0045542761725206,final,0.0,0.0,0.5004307764407037,0.061045103404999114,0.0012451000274822748,1.692832574949776,0.9970471654838451,1.0112405892693195,0.9670239609042427,0.02980637712888105,1.0,0.0034853503872450927,0.01276854197911253,0.9986102528965493,2.8933737331856553,0.9670239609042427,0.4246262784021216,0.2840302833497915,0.017362546768421683,selected,3.0,1.0,0.19805502803428793,0.0009261010581036016,3.0
,,,,,,,,,,,,,,,,,,,,,8.0,0281,stage4_1202_latest,8,1.8471129069917736,0.2511284931082823,2.1599445224918274,0.4739583333333333,0.7244318181818182,0.33715683111126643,0.7267690142937226,2.739801282673271,0.47390951908024875,0.5475577906796029,0.8314215844443666,4.0,1.8449879150052217,0.9965622511623273,1.0167305089533063,1.0,0.9967960436148388,7.531584104275691,0.9709604736558255,0.18862294251592618,,,,,base,0.0,0.0,,,,,,,,,,,,,,,,0.15134944359408706,0.1694637844428071,candidate,4.0,1.0,0.2591410512356104,0.014093274113631826,4.0
,,,,,,,,,,,,,,,,,,,,,8.0,0281,stage4_1202_latest,4,1.8278493552150046,0.5440847449344326,2.184569485917238,0.4739583333333333,0.7244318181818182,0.33669247265695107,0.7268290262150737,2.722524505918892,0.7017862472635014,0.5508482894655753,0.8316537636715245,4.0,1.6280918528710786,0.996544100066698,1.0200947381746566,1.0,0.9959755240340273,3.8444907701170217,0.9713428444079113,0.3750087463276553,,,,,base,0.0,0.0,,,,,,,,,,,,,,,,0.26800119939608696,0.031256275243340945,selected,4.0,1.0,0.25841118604162167,0.016020869921763506,4.0
,,,,,,,,,,,,,,,,,,,,,8.0,0281,stage4_1202_latest,8,1.7201745646647564,0.18634034757644694,1.8786161538003248,0.4791666666666667,0.7017045454545454,0.2950831031414461,0.7748601320243937,2.3588243164781972,0.40093338868708167,0.5802556300441948,0.852458448429277,4.0,1.2672114820503932,0.9912812364673744,1.0445325343391143,0.6666666666666666,0.9894977939458368,7.647867345228434,0.9783360174391574,0.17959639431671823,,,,,provisional,0.0,0.0,,,,,,,,,,,,,,,,0.13367930611334267,0.24910855078995603,candidate,4.0,1.0,0.259024463519852,0.01707725571536464,4.0
,,,,,,,,,,,,,,,,,,,,,8.0,0281,stage4_1202_latest,4,1.7189396925002505,0.5017707198625942,1.8907104027503456,0.4791666666666667,0.7017045454545454,0.29463947000839935,0.7748765740713922,2.34900482393504,0.5971476899519169,0.5815536500189317,0.8526802649958004,4.0,1.5748573610960483,0.9983955999185484,1.0083443093477875,1.0,0.9985034699687582,3.8688725891919304,0.9759536617466877,0.3613267918632885,,,,,provisional,0.0,0.0,,,,,,,,,,,,,,,,0.24360479724147055,0.03497923624474393,selected,4.0,1.0,0.2588671949214092,0.010115362169196887,4.0
,,,,,,,,,,,,,,,,,,,,,8.0,0281,stage4_1202_latest,8,1.7594271469202734,0.18203123712636818,1.8907166538444127,0.4739583333333333,0.7130681818181818,0.2987571929968746,0.7737452559887776,2.336644101588376,0.39636615276452397,0.5860435785966144,0.8506214035015628,4.0,1.2683091894500251,0.9920996750228681,1.0380374420473917,0.6666666666666666,0.9912541551984276,7.64210678085841,0.9779812868629634,0.17996188908347596,,,,,final,0.0,0.0,,,,,,,,,,,,,,,,0.13312642687546067,0.24958611316639648,candidate,4.0,1.0,0.2589552646887157,0.015178706753416857,4.0
0.9975543681080628,1.0144055115672366,0.5811761759312183,0.9955945979102494,1.0237773710896898,0.6030329864936377,0.995105600644151,1.027098553275511,0.5708241560840003,0.9976140651975642,1.0140699850641004,0.5691620663175891,0.9977268164305803,1.011270524128447,0.5857882473647781,0.4224769908304939,0.7145506996010539,0.020226021608622264,0.42283041007320654,0.7049187394983569,0.020520450537796473,8.0,0281,stage4_1202_latest,4,1.758156799981701,0.4899723755326437,1.9034516146464755,0.4739583333333333,0.7130681818181818,0.2983508525295008,0.7737617271058638,2.327208023019857,0.590283526312952,0.587374121012,0.8508245737352497,4.0,1.4603218613062403,0.9987858483662319,1.006272149203907,1.0,0.9989058026977086,3.8537137428818853,0.9731231876577844,0.36817884079160085,0.06067473813891411,0.9959596817724541,1.3528886443047161,1.0174872745237433,final,0.0,0.0,0.40038155709528744,0.01914806129339011,0.003655889216283329,1.250839303520782,0.9965532842483239,1.0199965196645653,0.9607495496884766,0.04027580863450094,1.0,0.0051808528211207934,0.013056441252768282,0.997142324128544,3.788651522884334,0.9607495496884766,0.39558746645138315,0.24284664477643364,0.035794943170399336,selected,4.0,1.0,0.25889166554562115,0.008934554297026878,4.0
,,,,,,,,,,,,,,,,,,,,,8.0,0282,stage4_1202_latest,8,1.9015476828614126,0.36682440184034754,1.6736802428731798,0.6041666666666666,0.6846590909090909,0.27754430672676556,0.8235350236375233,3.1325387176334645,0.5406255393250797,0.4567463099204934,0.8612278466366173,6.0,1.396732920142002,0.980063835898745,1.059299855503697,0.6666666666666666,0.9857668259975486,7.523028617911893,0.970232145927835,0.1907383107086967,,,,,base,0.0,0.0,,,,,,,,,,,,,,,,0.3013176341751075,0.09336253906804004,candidate,6.0,1.0,0.2175960320047566,0.033162713150482345,6.0
,,,,,,,,,,,,,,,,,,,,,8.0,0282,stage4_1202_latest,6,1.864283268249936,0.4161401373001452,1.683126953432055,0.6041666666666666,0.6846590909090909,0.26729482052491577,0.8244314872242574,3.0224365796916763,0.6108565694594641,0.4610745968439147,0.8663525897375421,6.0,1.4386129992965782,0.9784353754804384,1.0515554508855598,0.6666666666666666,0.9880352515514098,5.572453294619624,0.9584664358321351,0.25468774696756463,,,,,base,0.0,0.0,,,,,,,,,,,,,,,,0.30839504690946373,0.06488237575977822,selected,6.0,1.0,0.21740788222866653,0.034014292192256934,6.0
,,,,,,,,,,,,,,,,,,,,,8.0,0282,stage4_1202_latest,8,1.719377127594221,0.37573125440812166,1.5807735544251829,0.859375,0.8863636363636364,0.26334401462858126,0.8494183951278357,2.8848120953185705,0.5044942548991214,0.5626774929773187,0.8683279926857094,5.0,1.5546414445940295,0.9660842098266237,1.02826000915516,1.0,0.9939878003382404,6.611097602114083,0.9076205549900822,0.22106738768862175,,,,,provisional,0.0,0.0,,,,,,,,,,,,,,,,0.318131887560513,0.06654189712199055,candidate,5.0,1.0,0.21030715651692783,0.023080419004477402,5.0
,,,,,,,,,,,,,,,,,,,,,8.0,0282,stage4_1202_latest,5,1.670138116966115,0.4572884726083483,1.5957268634584365,0.859375,0.8863636363636364,0.2550574751418228,0.849859598699982,2.773109411579856,0.6296498858659211,0.5680643297144267,0.8724712624290887,5.0,1.7364031322408604,0.9568137460177484,1.0239682664899932,1.0,0.9951586011394711,4.400174193360098,0.9201495726557481,0.3066101196253294,,,,,provisional,0.0,0.0,,,,,,,,,,,,,,,,0.299170635710379,0.0504158297144,selected,5.0,1.0,0.2109746430827027,0.026071998804652746,5.0
,,,,,,,,,,,,,,,,,,,,,8.0,0282,stage4_1202_latest,8,1.1470398903475105,0.18963129005748638,1.809230192631138,0.6458333333333334,0.7982954545454546,0.2843178705024584,0.7807341918121445,2.643292992199886,0.45406264727758233,0.600779786200798,0.8578410647487709,4.0,1.5099976403517241,0.962362576587447,1.0345163876848238,1.0,0.9922162446226414,6.666270621213154,0.9115336836919927,0.21751146437167923,,,,,final,0.0,0.0,,,,,,,,,,,,,,,,0.17730180146874996,0.3239519663019489,candidate,4.0,1.0,0.2109997119608286,0.014695880321473249,4.0
0.9978391849958242,1.0109936617536264,0.48742084849244166,0.9952972935292667,1.0220903750339538,0.5079605967829892,0.9957582682567366,1.0185491354094336,0.4772881347098658,0.9966767159142819,1.0168686145843482,0.47904233793545176,0.9972285041075492,1.0121489869862987,0.4877223101304043,0.4578385394889483,0.5029225427905647,0.11132539034105704,0.3436518421430781,0.3441829114868758,0.09082028174721106,8.0,0282,stage4_1202_latest,4,1.1448031528180795,0.6371932452029121,1.8083926147799532,0.6458333333333334,0.7982954545454546,0.2825523281584472,0.7807667772107515,2.6219871896440705,0.6757283645565618,0.6017089972004784,0.8587238359207764,4.0,1.1249866511384736,0.997636847371079,1.0118867978166959,1.0,0.9976840731883453,3.93252894336808,0.987709058465738,0.3214153414973994,0.10620490461587906,0.9956890648483677,1.5119885801722361,1.0162227951473022,final,0.0,0.0,0.4294703385522928,0.32344953361651047,0.02218907495125737,1.840201365504928,0.9968857853900396,1.0151938948055057,0.972249101082034,0.03464257621814791,1.0,0.0043346982844150945,0.011226211747663294,0.9980536159583657,3.849233875817987,0.972249101082034,0.35691980196838263,0.2654673182877741,0.023775271094486607,selected,4.0,1.0,0.21868098486191306,0.012821070061589659,4.0
,,,,,,,,,,,,,,,,,,,,,8.0,0283,stage4_1202_latest,8,1.0666603934410492,0.3842005744250095,1.3881088266791364,0.765625,0.8693181818181818,0.19479943106552963,0.8960650369730746,1.8273488089775425,0.28553278311610697,0.6890986399698024,0.9026002844672352,2.0,1.2665508838352313,0.7454193531629076,1.0312187640450923,1.0,0.9935768354193236,2.6801909201654706,0.4622084972859355,0.5200670224561517,,,,,base,0.0,0.0,,,,,,,,,,,,,,,,0.08652833015792358,0.07359424006514927,candidate,2.0,1.0,0.12268542613966103,0.0550172760025806,2.0
,,,,,,,,,,,,,,,,,,,,,8.0,0283,stage4_1202_latest,2,1.0,0.7328350503396328,1.3952238477982106,0.765625,0.8693181818181818,0.18897757276560725,0.8965180096624933,1.7981527038806153,0.8382002383360191,0.6922660583220583,0.9055112136171963,2.0,1.0,0.99868535525932,1.005156834318871,1.0,0.9992378611805582,1.981732067849558,0.9867526616772595,0.5664550475345115,,,,,base,0.0,0.0,,,,,,,,,,,,,,,,0.2791472213558944,0.010351525214619059,selected,2.0,1.0,0.22579222836251095,0.0023112316334679243,2.0
,,,,,,,,,,,,,,,,,,,,,8.0,0283,stage4_1202_latest,8,1.3517886672523876,0.3612521916817465,1.4039315116755053,0.765625,0.8522727272727273,0.2123921245106829,0.8861817092181077,1.8850921432347636,0.29476260064712656,0.6807174635832692,0.8938039377446586,2.0,1.6133100395964837,0.5456761727860516,1.0136573228330354,1.0,0.9978822173702591,2.6670174418451538,0.47135020626240315,0.5015163781952069,,,,,provisional,0.0,0.0,,,,,,,,,,,,,,,,0.0920088117443147,0.18213217029368484,candidate,2.0,1.0,0.1629816007826381,0.23450867790218186,2.0
,,,,,,,,,,,,,,,,,,,,,8.0,0283,stage4_1202_latest,2,1.0,0.7253920497104552,1.4087417374868794,0.765625,0.8693181818181818,0.19317791925063899,0.8938467227798574,1.7965759249440953,0.8358531086001918,0.6922086652168357,0.9034110403746805,2.0,1.0,0.9980659848624673,1.0072486765026143,1.0,0.9988725482323358,1.9815718235130149,0.9866334435640215,0.5661955050540496,,,,,provisional,0.0,0.0,,,,,,,,,,,,,,,,0.2793282164643955,0.010427638130819117,selected,2.0,1.0,0.22569070161727195,0.00584649295471801,2.0
,,,,,,,,,,,,,,,,,,,,,8.0,0283,stage4_1202_latest,8,1.3450967447117859,0.36067216583244593,1.403959737111134,0.765625,0.8522727272727273,0.21316838533930504,0.8859471258331786,1.8837226782452028,0.2941462643719909,0.6820214555128086,0.8934158073303474,2.0,1.6185154620072506,0.5650510423431123,1.0136502416103532,1.0,0.9978899925651673,2.6897769966073057,0.4754219524245829,0.49935977638989015,,,,,final,0.0,0.0,,,,,,,,,,,,,,,,0.09215217617827152,0.1821446572053087,candidate,2.0,1.0,0.18327426319050355,0.20625642044295772,2.0
0.9989546775672997,1.0043986006446213,0.5724595771554652,0.9966271434240284,1.0122140898813552,0.5850880983591267,0.9981632776979331,1.0072658697273231,0.5624471736996653,0.9992324868773945,1.0033488702837585,0.569758074563795,0.9985430545422607,1.0059101426215453,0.5682877640572754,0.6000583346070497,0.0061028228378928575,0.004977404106575244,0.6000543198334746,0.008048674790398799,0.0049468109991408216,8.0,0283,stage4_1202_latest,2,1.0,0.7232225175208816,1.409274156010673,0.765625,0.8693181818181818,0.19411394858962752,0.8934509910330088,1.7940253719842554,0.8336271087369834,0.693529104222128,0.9029430257051861,2.0,1.0,0.9980729422495165,1.007236272214927,1.0,0.9988747919129712,1.98198680230657,0.9869358444820949,0.5654094641867612,0.13133463263511658,0.998136645779782,1.2392944234595826,1.007333623705194,final,0.0,0.0,0.6000050095664768,0.0035308661221282543,0.0006550340560736398,1.0,0.9995222557012251,1.0021988948151888,0.9966820482247253,0.012427111772667043,1.0,0.0011968332771085076,0.00769498980336519,0.9997652806166286,1.9954066769322214,0.9966820482247253,0.5330097597055852,0.27919364375901967,0.010462104237151822,selected,2.0,1.0,0.22569395732066352,0.005710360865967592,2.0
,,,,,,,,,,,,,,,,,,,,,8.0,0284,stage4_1202_latest,8,1.9818224025559585,0.5047800352676284,1.580822428167506,0.71875,0.7670454545454546,0.34593908831501813,0.7315946248282192,2.812719836482436,0.43398063916721724,0.5852743143791254,0.827030455842491,8.0,1.1258464752742139,0.9687515424795625,1.1262905465202162,1.0,0.9671053306853505,7.165354562480076,0.9460309660647456,0.23594999760265972,,,,,base,0.0,0.0,,,,,,,,,,,,,,,,0.18130653702916197,0.04762193693518514,candidate,8.0,1.0,0.22191120700327324,0.03269934519258031,8.0
,,,,,,,,,,,,,,,,,,,,,8.0,0284,stage4_1202_latest,8,1.9818224025745779,0.5047800350901783,1.5808224284507613,0.71875,0.7670454545454546,0.34593908826895187,0.7315946247692509,2.8127198361813393,0.4339806391456399,0.5852743143787715,0.827030455865524,8.0,1.125846467183657,0.968751542714496,1.126290546043326,1.0,0.967105330751919,7.16535456368791,0.9460309661523622,0.23594999815288603,,,,,base,0.0,0.0,,,,,,,,,,,,,,,,0.1813065348275129,0.04762193061817237,selected,8.0,1.0,0.2219112033244168,0.03269934419479588,8.0
,,,,,,,,,,,,,,,,,,,,,8.0,0284,stage4_1202_latest,8,1.3689530089712676,0.4674474817075654,1.262060646396032,0.8489583333333334,0.8693181818181818,0.1456753921202244,0.9343874207862299,1.8951732370359327,0.301946819324414,0.6664871796624204,0.9271623039398879,2.0,1.2528452563456478,0.9903854502124076,1.0631928566787854,1.0,0.9869896734228399,7.581712139436244,0.9740839033397154,0.18524720486885948,,,,,provisional,0.0,0.0,,,,,,,,,,,,,,,,0.09144950345964749,0.05874970660832422,candidate,2.0,1.0,0.22833169904565254,0.01731322457758291,2.0
,,,,,,,,,,,,,,,,,,,,,8.0,0284,stage4_1202_latest,2,1.0,0.8368920889442869,1.2525322603561135,0.8489583333333334,0.8806818181818182,0.1314753618901545,0.9393174819699202,1.8423162234193173,0.8771110615131782,0.6730167020835615,0.9342623190549229,2.0,1.0,0.9989016899701118,1.0046193251406625,1.0,0.9993234048982087,1.9956151844152406,0.9968322403870411,0.5309910218354678,,,,,provisional,0.0,0.0,,,,,,,,,,,,,,,,0.28046757640292275,0.013416370609144869,selected,2.0,1.0,0.22766902081757526,0.002158352215466277,2.0
,,,,,,,,,,,,,,,,,,,,,8.0,0284,stage4_1202_latest,8,1.1529388633291069,0.4405517478180889,1.2221258326483249,0.9427083333333334,0.9431818181818182,0.15697550065080965,0.9202699825747428,1.4539031761266514,0.15881393521068252,0.855618428978195,0.9215122496745952,2.0,1.5962281318289473,0.9907218696171982,1.0572917705659026,1.0,0.988757852781195,7.656580474869092,0.9788792060990258,0.19270685760776549,,,,,final,0.0,0.0,,,,,,,,,,,,,,,,0.08121323634441889,0.05679699694195835,candidate,2.0,1.0,0.22775843841220544,0.01842102414187446,2.0
0.9975809323164937,1.0075695674304639,0.7327520598129594,0.9916711309845954,1.0216299248759686,0.744068745152383,0.9893612628244837,1.0285228475515125,0.7103354389117079,0.9972910213298681,1.0084844562005573,0.7254425388271202,0.9949861950356638,1.014399038081655,0.7292269088637279,0.7705605800389417,0.9004139147512173,0.5416627449106649,0.7708497995424467,0.40636453587090404,0.4785561152946632,8.0,0284,stage4_1202_latest,2,1.0,0.4786618451450389,1.2352667895727867,0.9427083333333334,0.9431818181818182,0.14989471512517796,0.9218488999507355,1.4077967551486772,0.4489341143913166,0.8616329060791408,0.9250526424374111,2.0,1.0,0.9928625759737171,1.0191557401745097,1.0,0.9966900246254535,1.9322550531572802,0.9500805006264936,0.6275487575306077,0.13719527423381805,0.9906458170063607,1.036449580067217,1.0247206273487568,final,0.0,0.0,0.6086475636318558,0.3986990279594078,0.08046477974594991,1.0,0.9981563793255247,1.0060737170919405,0.9587361414909009,0.02342181579584033,1.0,0.002610920156770738,0.014340864949412592,0.999255658388702,1.9436487075927964,0.9587361414909009,0.6181148225960655,0.24522587888433153,0.04470975622734826,selected,2.0,1.0,0.22805340292426565,0.008871618577020957,2.0
,,,,,,,,,,,,,,,,,,,,,8.0,0285,stage4_1202_latest,8,1.6874563871196662,0.4930821370981269,1.36596012094299,0.8125,0.8409090909090909,0.22857001815801106,0.8650021611659421,2.4024277219791226,0.3722131814701009,0.6431418976249145,0.8857149909209945,7.0,2.438691591379362,0.9954774310817328,1.023525782430126,0.6,0.996259174724152,7.817567669988479,0.9888853584760061,0.15238708312919855,,,,,base,0.0,0.0,,,,,,,,,,,,,,,,0.1488826439012239,0.047846974925325324,candidate,7.0,1.0,0.17547898259696165,0.010444626189710161,7.0
,,,,,,,,,,,,,,,,,,,,,8.0,0285,stage4_1202_latest,7,1.687267976108225,0.5644420774319341,1.3660903990153082,0.8125,0.8409090909090909,0.2283163161921934,0.8650062584585984,2.39779363398613,0.397309192490106,0.6432058494783041,0.8858418419039034,7.0,2.328978474287365,0.9967881494742188,1.0176749386002777,0.6,0.9972622544812755,6.873860615752228,0.9906459260823358,0.16754906204010475,,,,,base,0.0,0.0,,,,,,,,,,,,,,,,0.15877730816332708,0.041743196105845384,selected,7.0,1.0,0.17562794052567232,0.009135832168093308,7.0
,,,,,,,,,,,,,,,,,,,,,8.0,0285,stage4_1202_latest,8,1.4956878819977455,0.4652154442229794,1.5165050842713,0.8489583333333334,0.8636363636363636,0.24274585753523617,0.8492274433715572,2.5295583818423446,0.42045790714658293,0.6009708077734244,0.8786270712323819,4.0,2.2414419851888,0.9975029529645046,1.0160828301255707,1.0,0.9975433873626139,7.811582234043945,0.9885265494555734,0.1591434838606721,,,,,provisional,0.0,0.0,,,,,,,,,,,,,,,,0.17499951317913945,0.04502629176186654,candidate,4.0,1.0,0.17611771746998173,0.005810578610172164,4.0
,,,,,,,,,,,,,,,,,,,,,8.0,0285,stage4_1202_latest,4,1.3800490488837769,0.4565498093085479,1.5182889236247588,0.8489583333333334,0.8636363636363636,0.22487849381462272,0.8533495870592016,2.3936057168894416,0.6069592847851915,0.6063653894021214,0.8875607530926888,4.0,1.8610910804880423,0.9981290688759149,1.0103875427864712,1.0,0.9984527140691843,3.9787985339562595,0.996162666550546,0.2779143818769594,,,,,provisional,0.0,0.0,,,,,,,,,,,,,,,,0.2430063921970356,0.048498698760086514,selected,4.0,1.0,0.17618558079624366,0.0055266373705174,4.0
,,,,,,,,,,,,,,,,,,,,,8.0,0285,stage4_1202_latest,8,1.540356822578076,0.4636014434899538,1.4976599941699023,0.8489583333333334,0.8636363636363636,0.24547825035653412,0.8509804460169915,2.540885050974324,0.41980554659273844,0.6077441915029267,0.877260874821733,4.0,2.5333423138300555,0.9978347654737776,1.0132104314644765,1.0,0.9980562436729713,7.814986524973278,0.9887393569834914,0.15835577758437946,,,,,final,0.0,0.0,,,,,,,,,,,,,,,,0.1754835089357931,0.04336742494221418,candidate,4.0,1.0,0.17606315897752825,0.00529440633613051,4.0
0.9985087280494508,1.0094920822523779,0.3149554330709051,0.9969178044837403,1.0182078111880786,0.31463780669799346,0.9983018231758368,1.0105443150314362,0.3038673042717355,0.99892286108271,1.0069335613167552,0.31324644023200443,0.9978677801459535,1.0125585928073262,0.3132637465440881,0.5108662652969248,0.30173623556553325,0.3286509466121585,0.5114416665278333,0.31726897541928606,0.3286509466121585,8.0,0285,stage4_1202_latest,4,1.4115194047099664,0.46014823206449273,1.505130198430316,0.8489583333333334,0.8636363636363636,0.22565695536296249,0.8560226319125631,2.3814236753396236,0.6016654471972231,0.6144871321436426,0.8871715223185187,4.0,1.9325886146944165,0.9985868904043924,1.0081894088988257,1.0,0.9988205192218143,3.9791768792819946,0.9962325092783427,0.27738886061657075,0.13255569338798523,0.9981893225156355,1.1981469473737434,1.0107914022876086,final,0.0,0.0,0.4004803640606724,0.028546353439976167,0.004574881758913155,2.539964891972996,0.9989270096810731,1.0069909911280441,0.9947016541269106,0.022101709938355307,0.5849609375,0.0029612558293627606,0.006836969186113723,0.999234709234277,3.9707363348903115,0.9947016541269106,0.2807420935571915,0.24268794492950232,0.0454401601611525,selected,4.0,1.0,0.17619005088181608,0.005060872166663448,4.0
,,,,,,,,,,,,,,,,,,,,,8.0,0286,stage4_1202_latest,8,2.0780428702915628,0.09328730285207938,1.7089781000565938,0.578125,0.6789772727272727,0.24478658529494704,0.8417672047759105,2.6588038829310463,0.4664326359630144,0.5247104855537806,0.8776067073525265,3.0,1.5971339858274052,0.10707772266538353,1.003742630884145,1.0,0.999495987235985,2.906084405297926,0.5130224521173987,0.44351643400645735,,,,,base,0.0,0.0,,,,,,,,,,,,,,,,0.11299876841889407,0.309141263914994,candidate,3.0,1.0,0.055209630262891475,0.326972308526245,3.0
,,,,,,,,,,,,,,,,,,,,,8.0,0286,stage4_1202_latest,3,1.6249687764683443,0.7493613259933108,1.6580298322368736,0.578125,0.6988636363636364,0.23094639832952718,0.8504194625385101,2.6256677486468583,0.871177458537957,0.5295238150352493,0.8845268008352364,3.0,1.5971338516871583,0.9993920778754876,1.003742632858558,1.0,0.9994959869323414,2.9060844067755247,0.9710433883334477,0.4435164316526694,,,,,base,0.0,0.0,,,,,,,,,,,,,,,,0.2778966661537181,0.02276099299029548,selected,3.0,1.0,0.14705000109718333,0.0022769553914067995,3.0
,,,,,,,,,,,,,,,,,,,,,8.0,0286,stage4_1202_latest,8,1.925398286390001,0.0936840499196985,1.671847071216541,0.59375,0.6960227272727273,0.23847085466563245,0.846237179753172,2.6505197337833355,0.46495499012188235,0.5256985443556618,0.8807645726671839,3.0,1.5310266882872157,0.1686745474937695,1.002094956822628,1.0,0.9997348767594868,2.9260238673054664,0.5163057323039579,0.43949519560250616,,,,,provisional,0.0,0.0,,,,,,,,,,,,,,,,0.10975639153524636,0.31108805126247013,candidate,3.0,1.0,0.06672737940980453,0.3578706560275249,3.0
,,,,,,,,,,,,,,,,,,,,,8.0,0286,stage4_1202_latest,3,1.5608916966077055,0.7570108191771531,1.631716959509347,0.59375,0.7159090909090909,0.22721305444844442,0.8532279726826362,2.6248362856092586,0.871014166115499,0.5300079729111555,0.8863934727757777,3.0,1.5258612676280874,0.9996812155325004,1.002086907942764,1.0,0.9997360708172517,2.918014252841517,0.9747741188267225,0.4396704170715947,,,,,provisional,0.0,0.0,,,,,,,,,,,,,,,,0.27760206647080843,0.02234577536606603,selected,3.0,1.0,0.14712806319204266,0.001372216203671151,3.0
,,,,,,,,,,,,,,,,,,,,,8.0,0286,stage4_1202_latest,8,2.006826531802504,0.09265074480245875,1.6976836589665951,0.5885416666666666,0.6931818181818182,0.2452858100564601,0.8421901566928008,2.643586453975576,0.46363118499233186,0.5262024409450595,0.8773570949717698,3.0,1.39617585028161,0.16822123183942864,1.0017077550299867,1.0,0.9997861852035639,2.9094943187867885,0.5135845334842563,0.44484020115551204,,,,,final,0.0,0.0,,,,,,,,,,,,,,,,0.10983649235409768,0.31109031204632176,candidate,3.0,1.0,0.06628172652030541,0.3575998168436712,3.0
0.9988524852821682,1.0060898529407938,0.5468444353814527,0.9971779931073271,1.015226825031964,0.5486682824392236,0.9980598979558041,1.009276478394507,0.5369138523347268,0.9984202863962102,1.0075155127969315,0.5292696817318382,0.9991980091127205,1.0042749687179648,0.551755501145274,0.5001602107495171,0.02049784343666874,0.0066335761409538644,0.500154117690034,0.017960960563709816,0.010979021573434986,8.0,0286,stage4_1202_latest,3,1.6237601806387136,0.7459223207458758,1.6593977455887459,0.5885416666666666,0.7159090909090909,0.23483528028484527,0.8489916025603015,2.616775611958043,0.8677958320446031,0.5311649875474497,0.8825823598575774,3.0,1.3981571567204647,0.9997481378380041,1.0017059400955841,1.0,0.9997865522138791,2.904753693140373,0.970628601568228,0.4449377193242824,0.13422980904579163,0.9990327898967402,1.3182750716225198,1.0051822270182191,final,0.0,0.0,0.500166146108315,0.019447334458297317,0.00928501355815408,1.2617350620526744,0.9985154198086265,1.006958190455605,0.9760119405855058,0.02147077718713765,1.0,0.002657695771332178,0.009340000878923511,0.9991572952719986,2.9220283649983316,0.9760119405855058,0.4304574109397076,0.27751738939086307,0.02326450115832882,selected,3.0,1.0,0.14707757484072545,0.001105580685462197,3.0
,,,,,,,,,,,,,,,,,,,,,8.0,0287,stage4_1202_latest,8,1.3832876031676087,0.1432644661056281,1.5082988323645479,0.6458333333333334,0.7528409090909091,0.23927430302587774,0.8629641923894765,2.5651642566507085,0.4456766242771994,0.5597014005017821,0.880362848487061,3.0,1.1135232501062686,0.10689178883986657,1.0119484007689783,1.0,0.9980788761359026,2.898793450941651,0.5117870307203863,0.4552490934082128,,,,,base,0.0,0.0,,,,,,,,,,,,,,,,0.11200156429286459,0.3082675910542578,candidate,3.0,1.0,0.05381513381821076,0.32581459052383904,3.0
,,,,,,,,,,,,,,,,,,,,,8.0,0287,stage4_1202_latest,3,1.1716933568014103,0.7662830594246435,1.4939981666354747,0.6458333333333334,0.7613636363636364,0.22619334287568985,0.8682314620513398,2.519271235167306,0.8303031650257103,0.5632616297591175,0.886903328562155,3.0,1.1135232501062688,0.9976566958387546,1.0119484007689783,1.0,0.9980788761359026,2.898793450941651,0.9687049955204436,0.4552490934082128,,,,,base,0.0,0.0,,,,,,,,,,,,,,,,0.2734192643524389,0.012704406375807597,selected,3.0,1.0,0.14333134141465267,0.005287205350155761,3.0
,,,,,,,,,,,,,,,,,,,,,8.0,0287,stage4_1202_latest,8,1.423456550215107,0.09774450033276615,1.5516584832191784,0.6197916666666666,0.7414772727272727,0.22836544289807764,0.8608720027043142,2.609656290815271,0.45651354414540424,0.5422937851703832,0.8858172785509612,3.0,1.1254803642419906,0.10695138109903957,1.0082907464769886,1.0,0.9987359423857327,2.857334127286272,0.5048603751382355,0.4740437121540514,,,,,provisional,0.0,0.0,,,,,,,,,,,,,,,,0.1081146161778301,0.3104137852018347,candidate,3.0,1.0,0.05383495364823067,0.325745539761959,3.0
,,,,,,,,,,,,,,,,,,,,,8.0,0287,stage4_1202_latest,3,1.302849790909924,0.7755367701436877,1.5406066036183668,0.6197916666666666,0.7414772727272727,0.22226069058853304,0.863347242833284,2.5882477669889203,0.857180313469385,0.5446682256375456,0.8888696547057335,3.0,1.1254803642419908,0.9982128902577027,1.0082907464769886,1.0,0.9987359423857327,2.857334127286272,0.9555942962218813,0.4740437121540514,,,,,provisional,0.0,0.0,,,,,,,,,,,,,,,,0.275880065411529,0.014629642918131638,selected,3.0,1.0,0.14338419429470575,0.006508396883590104,3.0
,,,,,,,,,,,,,,,,,,,,,8.0,0287,stage4_1202_latest,8,1.430667090260414,0.09812202452337095,1.5498806153472986,0.6145833333333334,0.7357954545454546,0.22604487079956134,0.8626553117946596,2.623619068192618,0.4594448796959573,0.538394774030233,0.8869775646002193,3.0,1.1667772150607676,0.10694912784823292,1.0082856671633351,1.0,0.9987463588180379,2.8596340038965855,0.5052476567518189,0.4730237776549869,,,,,final,0.0,0.0,,,,,,,,,,,,,,,,0.1083196889219959,0.310445064941015,candidate,3.0,1.0,0.05383942011576654,0.32575113033556835,3.0
0.9982084288118726,1.0081695419326748,0.6059029908294977,0.9964995177301438,1.0159650373401523,0.61915921525575,0.9975152586843853,1.0108854704388806,0.5934277551247358,0.9976136484537416,1.0104282993734321,0.5855504278764081,0.9979751049940492,1.0086715445288577,0.6018174363098971,0.5008116454719775,0.07473397755234018,0.02197867487735893,0.5007204679947478,0.0676314610329092,0.022949717382466355,8.0,0287,stage4_1202_latest,3,1.3101800078454169,0.7807349061203969,1.5387441108957431,0.6145833333333334,0.7357954545454546,0.21998568062903837,0.8650894338257727,2.6025033325178906,0.8628369496073676,0.5407064018415567,0.8900071596854808,3.0,1.1667772150607674,0.9981918599168406,1.0082856671633351,1.0,0.9987463588180379,2.8596340038965855,0.9563273387009442,0.4730237776549869,0.1353987455368042,0.9973696907665136,1.3584729584946553,1.0105391888880575,final,0.0,0.0,0.5000407619165969,0.01194178868729802,0.0012744048812170297,1.1226676329207363,0.9977437683520615,1.0096057204143714,0.9617637616236497,0.026710233304900827,1.0,0.0032164776549230847,0.011544011681740464,0.9987553467564138,2.87673241775236,0.9617637616236497,0.4609309199629629,0.2764914011899506,0.014687912156009482,selected,3.0,1.0,0.14339610487480145,0.006290530404256182,3.0
,,,,,,,,,,,,,,,,,,,,,8.0,0288,stage4_1202_latest,8,1.0578878399336864,0.2759452633506158,1.3413622882799598,0.5989583333333334,0.8409090909090909,0.12928983100322233,0.9205218144811125,2.767876020001694,0.4887469721590929,0.5070368054862624,0.9353550844983887,3.0,2.12096344987877,0.9981879224143508,1.0132818629895886,0.4,0.9979866701845388,7.97580015273293,0.9985418951327762,0.1391563554654942,,,,,base,0.0,0.0,,,,,,,,,,,,,,,,0.1299882334162339,0.16228447718484332,candidate,3.0,1.0,0.22324572927939088,0.0023956800201520726,3.0
,,,,,,,,,,,,,,,,,,,,,8.0,0288,stage4_1202_latest,3,1.050874343632551,0.900370330823772,1.3423478519883507,0.5989583333333334,0.8409090909090909,0.12811493075148303,0.92056122233415,2.7534625239549917,0.9202918701197631,0.5077255341033747,0.9359425346242585,3.0,1.6726320702807635,0.9994957957082496,1.0031626210721019,0.6,0.9995855553368752,2.9987640538643325,0.9996248921489176,0.34348399663922785,,,,,base,0.0,0.0,,,,,,,,,,,,,,,,0.28494167007900434,0.011644859167349376,selected,3.0,1.0,0.22314858638654625,0.0032632691723598734,3.0
,,,,,,,,,,,,,,,,,,,,,8.0,0288,stage4_1202_latest,8,1.0155794559810178,0.06470252135466328,1.123813241106599,0.8958333333333334,0.9261363636363636,0.07100754029032913,0.9756026042718744,1.9405603441321404,0.31851260120522634,0.6083839992441048,0.9644962298548354,2.0,2.0958956741928456,0.9963493905131008,1.0254777608481633,0.4,0.9957692673832828,7.9785571649958955,0.998708843719644,0.14030614563358118,,,,,provisional,0.0,0.0,,,,,,,,,,,,,,,,0.08189657478959898,0.29833210759836165,candidate,2.0,1.0,0.22309541054062484,0.005951353060959811,2.0
,,,,,,,,,,,,,,,,,,,,,8.0,0288,stage4_1202_latest,2,1.0,0.9415591914280103,1.123761107469923,0.8958333333333334,0.9261363636363636,0.06975430424934438,0.9756386421444933,1.9323272833053806,0.9491123503226866,0.6091444197508763,0.9651228478753279,2.0,1.0,0.9991473632049703,1.0037377493835755,0.6,0.9994678255288278,1.9992852652920454,0.9994842257322123,0.5108265846420861,,,,,provisional,0.0,0.0,,,,,,,,,,,,,,,,0.29046737462909994,0.0085732899968929,selected,2.0,1.0,0.22315779913693304,0.0027195364260083187,2.0
,,,,,,,,,,,,,,,,,,,,,8.0,0288,stage4_1202_latest,8,1.0346727317215354,0.06895867583137491,1.133455927192942,0.9114583333333334,0.9289772727272727,0.0776363727264965,0.9732684385591356,1.9250414558708602,0.3145057494234331,0.6253297974189281,0.9611818136367518,2.0,2.0254369377741512,0.995714580284127,1.0295454587342536,0.4,0.9949564040408468,7.972630182246755,0.9983514522614376,0.1431653416165311,,,,,final,0.0,0.0,,,,,,,,,,,,,,,,0.08720155608062354,0.3001351354697261,candidate,2.0,1.0,0.22304085677087923,0.007312681600178326,2.0
0.9996169709469838,1.001832611475333,0.5021733168190684,0.9992816591442648,1.0032130912925294,0.5004705102897029,0.9994556658823504,1.0025095120092369,0.5008644384183124,0.9997007047181005,1.0014683855682243,0.507651049452536,0.9993929924377922,1.0027656396668228,0.5022854768260527,0.6290207575762817,0.844039911609662,0.277598038414182,0.6291062975373748,0.8200350932061523,0.277598038414182,8.0,0288,stage4_1202_latest,2,1.0,0.9319426792338469,1.1330903909035734,0.9114583333333334,0.9289772727272727,0.07545647749935909,0.9733674896558874,1.9122602994920481,0.9333918561763651,0.6267262061182691,0.9622717612503205,2.0,1.0,0.9992208630339209,1.0034509484961753,0.6,0.9995135532042305,1.9993830031820188,0.9995547839202403,0.5103494258763118,0.13118639588356018,0.9991967708358399,1.084625407676237,1.003548372242248,final,0.0,0.0,0.6000380754208642,0.03820532970924812,0.0010714231289294062,1.0,0.9999003050699513,1.0005436964811536,0.9999225708256305,0.005656811797912971,0.861083984375,0.0008352746144627214,0.003530021901576711,0.9999501602568409,1.9998926667199597,0.9999225708256305,0.5043972171120028,0.2911935804339807,0.008709727639633421,selected,2.0,1.0,0.2231550256996395,0.0021452198911901853,2.0
,,,,,,,,,,,,,,,,,,,,,8.0,0289,stage4_1202_latest,8,2.062618906419412,0.570242057487355,1.9448542617984594,0.4791666666666667,0.5710227272727273,0.28090746253539395,0.7669584408409059,4.41596194139251,0.6865182113947856,0.4092828342645965,0.8595462687323031,7.0,1.9945153235225843,0.891227943971889,1.0245260700120107,0.6,0.9960077606502246,6.785150907325206,0.9206209806948165,0.19224164068701755,,,,,base,0.0,0.0,,,,,,,,,,,,,,,,0.3116457733591923,0.07089910293104774,candidate,7.0,1.0,0.1900706758306361,0.018406737132191903,7.0
,,,,,,,,,,,,,,,,,,,,,8.0,0289,stage4_1202_latest,7,2.023950168419306,0.5994315807566034,1.7595022827987168,0.484375,0.59375,0.23852858385746867,0.8238069690552042,4.263409200317081,0.721567221547232,0.4102618370002846,0.8807357080712657,7.0,1.8919545733470442,0.9941729984740272,1.023669541716385,0.6,0.9961303736474083,6.708943517974653,0.978100106205758,0.19274667089122674,,,,,base,0.0,0.0,,,,,,,,,,,,,,,,0.31010808489925606,0.07374095844289119,selected,7.0,1.0,0.19290973430251268,0.011575927822117906,7.0
,,,,,,,,,,,,,,,,,,,,,8.0,0289,stage4_1202_latest,8,1.982174861276264,0.5908931322671968,1.9082508370935156,0.5833333333333334,0.65625,0.25224896853269213,0.773873779203552,4.726269742711782,0.7232059042831679,0.376558259381011,0.8738755157336541,7.0,2.1467195647805104,0.8813144796782204,1.0274522641229686,0.8,0.9953958774794117,6.888908331422367,0.9279738253430228,0.17919580419609488,,,,,provisional,0.0,0.0,,,,,,,,,,,,,,,,0.3107057312129974,0.0657228623597508,candidate,7.0,1.0,0.18830552331438216,0.06360197604980232,7.0
,,,,,,,,,,,,,,,,,,,,,8.0,0289,stage4_1202_latest,7,1.6761450274199612,0.6394117478705679,1.7207602544188918,0.5885416666666666,0.6988636363636364,0.2102750810549237,0.8220333454201391,4.533158121206863,0.7574826805904176,0.38124195048320497,0.8948624594725381,7.0,2.1014021104801013,0.9939307623059863,1.026795407434781,0.8,0.9955150885416353,6.821871574121362,0.986728414076729,0.17961021222671,,,,,provisional,0.0,0.0,,,,,,,,,,,,,,,,0.30791170044062827,0.06688698423224097,selected,7.0,1.0,0.19298296337842685,0.014537315228574807,7.0
,,,,,,,,,,,,,,,,,,,,,8.0,0289,stage4_1202_latest,8,1.9052753283673352,0.5833770827131632,1.9052530707089006,0.5208333333333334,0.5965909090909091,0.2568623282539541,0.7696450230484996,4.603636465606163,0.7090152149675083,0.38149864111798454,0.8715688358730229,7.0,2.125875460891307,0.8837226863119625,1.0272711329748965,0.4,0.9954238795698931,6.869450892295971,0.9266437199475642,0.17902146529519836,,,,,final,0.0,0.0,,,,,,,,,,,,,,,,0.31052683100511064,0.06770133216825121,candidate,7.0,1.0,0.1887128657381103,0.06266735552926549,7.0
0.9955998930067503,1.0212419087845115,0.2314592259801076,0.9887899251269209,1.045531147532853,0.23624502062301467,0.9921918369144365,1.0326426517576235,0.2347841222992908,0.9972298132084584,1.0146965034452924,0.22826692750844976,0.9919755714070698,1.0341816629976253,0.22797995983820424,0.10657924846033587,0.13748389311357964,0.031275178723634216,0.10926397335478504,0.1801395754037509,0.03262764878585256,8.0,0289,stage4_1202_latest,7,1.7034370195951491,0.6238914351568018,1.7039033007668172,0.5260416666666666,0.6335227272727273,0.21028950116876788,0.8258322908780863,4.428083095691782,0.7440082407512424,0.38314403348675635,0.894855249415616,7.0,2.0992751956239815,0.9939903055921768,1.0269220073989496,0.4,0.9954881496097983,6.815015668229089,0.9862140558639184,0.17933462589312674,0.14304161071777344,0.9901201150918559,1.160776054955496,1.0379780726099677,final,0.0,0.0,0.10213483712217819,0.06896311686807693,0.005929490820563992,3.089040994772794,0.9977153249334475,1.0127779351680135,0.9824791336506383,0.03220248960820388,0.867431640625,0.0037956862330864177,0.005626457733150058,0.9985334345846258,6.76552845685273,0.9824791336506383,0.18859716304795354,0.30887159711434686,0.07056845468192932,selected,7.0,1.0,0.19298386385788327,0.014916615134858344,7.0
,,,,,,,,,,,,,,,,,,,,,8.0,0290,stage4_1202_latest,8,1.599548088513825,0.0727692580879683,1.1550215001503394,0.5989583333333334,0.7329545454545454,0.11614807372911673,0.9702976638501761,2.1909504486583855,0.37414659239245435,0.5493598345405079,0.9419259631354415,3.0,1.6486133696984095,0.9909724626921017,1.0304826639299876,1.0,0.9946683395378135,6.958224353787395,0.9325494379441116,0.2392276087529761,,,,,base,0.0,0.0,,,,,,,,,,,,,,,,0.11577047921818422,0.27136459025590937,candidate,3.0,1.0,0.21631471542139818,0.009294711918742886,3.0
,,,,,,,,,,,,,,,,,,,,,8.0,0290,stage4_1202_latest,3,1.5995480873165928,0.6791797420766909,1.1550215005217317,0.5989583333333334,0.7329545454545454,0.11614807387282727,0.9702976637491261,2.1909504484946183,0.7081806519516888,0.5493598348658174,0.9419259630635863,3.0,1.3465715080450453,0.9991565673885382,1.004428324408857,1.0,0.999379870748327,2.978930642374171,0.9935840139769325,0.38039359454086236,,,,,base,0.0,0.0,,,,,,,,,,,,,,,,0.3085455958145819,0.02614424537827212,selected,3.0,1.0,0.21518481070660575,0.004739813261151655,3.0
,,,,,,,,,,,,,,,,,,,,,8.0,0290,stage4_1202_latest,8,1.0,0.020072751051188328,1.0147747523050488,1.0,1.0,0.044380345327184566,0.9976676440602538,1.1297286683263257,0.05438051416256372,0.9683102858408187,0.9778098273364076,2.0,1.907956371539447,0.9926300394146559,1.0318913917353445,1.0,0.9945116051742238,7.0008892918638255,0.9355988906562667,0.2596891654925349,,,,,provisional,0.0,0.0,,,,,,,,,,,,,,,,0.0771852687629227,0.22500054102722156,candidate,2.0,1.0,0.2164099652228673,0.00898801293477515,2.0
,,,,,,,,,,,,,,,,,,,,,8.0,0290,stage4_1202_latest,2,1.0,0.5620370293387544,1.0147747523751316,1.0,1.0,0.044380345444876595,0.9976676440471034,1.1297286685907464,0.16314154277770013,0.9683102857586924,0.9778098272775618,2.0,1.0,0.9992549087268968,1.0032627093817967,1.0,0.9995429995695527,1.9947988922259658,0.9962420974112183,0.534766450857282,,,,,provisional,0.0,0.0,,,,,,,,,,,,,,,,0.308424849161504,0.055800025610299085,selected,2.0,1.0,0.2152190624558219,0.0031445745768796125,2.0
,,,,,,,,,,,,,,,,,,,,,8.0,0290,stage4_1202_latest,8,1.0,0.018477378555511327,1.0108969181611867,1.0,1.0,0.03680228117460566,0.9983600180560904,1.0994951060092304,0.04213791266617449,0.9762289017632405,0.9815988594126973,2.0,2.0116171246691827,0.9916313129368765,1.037270814417633,1.0,0.9934892947574854,7.018151323817994,0.9367548794337116,0.2591076465301362,,,,,final,0.0,0.0,,,,,,,,,,,,,,,,0.07768391092199663,0.2256542294086034,candidate,2.0,1.0,0.2164287202591232,0.009409030192267253,2.0
0.9982874347414182,1.0068842737381174,0.5421723691301744,0.9957054860902786,1.015307632637177,0.5523698163411259,0.9969699656937483,1.0113926884443538,0.523401654814901,0.998518045494018,1.0060744597348492,0.5343577194468614,0.9986982125372124,1.005409389978376,0.5406412154362766,0.6294754089773456,0.9329389835724803,0.23793532473435375,0.6294962720706514,0.9216396291493418,0.23793532473435375,8.0,0290,stage4_1202_latest,2,1.0,0.5173665996793764,1.0108969181866492,1.0,1.0,0.036802281269025426,0.9983600180518257,1.0994951061522686,0.12641373816550253,0.9762289017230962,0.9815988593654872,2.0,1.0,0.9987440444037735,1.0051711075527647,1.0,0.9992313283999719,1.993923742090019,0.9956080065456807,0.53694190540171,0.14519241452217102,0.9983188495138583,1.1003660020604782,1.0067767060174735,final,0.0,0.0,0.6008490100940974,0.015837231928807736,0.0027668261028483874,1.0,0.9988218972868067,1.0049656406839034,0.9989025841448615,0.019637952410707177,0.887451171875,0.002465739625785936,0.012127456211975782,0.9994133604943178,1.9984798551573308,0.9989025841448615,0.5166847339281488,0.3104194159069496,0.06425117490639314,selected,2.0,1.0,0.21519913834925575,0.005256987085406764,2.0
,,,,,,,,,,,,,,,,,,,,,8.0,0291,stage4_1202_latest,8,1.2099057838925211,0.14491223749268264,1.1681821014625466,0.9635416666666666,0.9630681818181818,0.16765125127553784,0.9456622200003442,2.111511223555907,0.33457151823633885,0.7601733771232345,0.916174374362231,4.0,1.2745270148152814,0.9853946609408011,1.049482792550099,1.0,0.9900598967011914,7.221768247161397,0.950360272334001,0.24771847504587524,,,,,base,0.0,0.0,,,,,,,,,,,,,,,,0.1588021607794129,0.29126502934037046,candidate,4.0,1.0,0.18373356888741327,0.01078750592723198,4.0
,,,,,,,,,,,,,,,,,,,,,8.0,0291,stage4_1202_latest,4,1.209905784571659,0.6762571081246702,1.168182101501045,0.9635416666666666,0.9630681818181818,0.16765125137740453,0.9456622199867198,2.111511223948069,0.5018572775556169,0.7601733770017699,0.9161743743112978,4.0,1.5588769873023527,0.99908665839979,1.0067635650183122,1.0,0.9990192092618562,3.845883610174359,0.9716412900304242,0.363103476384141,,,,,base,0.0,0.0,,,,,,,,,,,,,,,,0.31749891320864043,0.02463334042914927,selected,4.0,1.0,0.18512402167365855,0.0023576771365305957,4.0
,,,,,,,,,,,,,,,,,,,,,8.0,0291,stage4_1202_latest,8,1.3835044681822186,0.17779494564025344,1.3364384445184825,0.765625,0.8068181818181818,0.18193799566108423,0.9248279093179692,3.2503462169847235,0.5642717120864547,0.4463223252793797,0.909031002169458,4.0,2.0399985959011904,0.996225774809073,1.009030420540392,1.0,0.9986782671967454,7.028524273175759,0.9376638661697553,0.22364587230528893,,,,,provisional,0.0,0.0,,,,,,,,,,,,,,,,0.13733646267922625,0.2895859662505511,candidate,4.0,1.0,0.18453656125144613,0.004847316334813837,4.0
,,,,,,,,,,,,,,,,,,,,,8.0,0291,stage4_1202_latest,4,1.3835044679717128,0.8297097460924663,1.33643844496789,0.765625,0.8068181818181818,0.1819379958034249,0.9248279092194058,3.2503462169805672,0.8464075681131198,0.44632232509451414,0.9090310020982876,4.0,1.637640430336493,0.9998081736281992,1.0016616163692902,1.0,0.9997972351235793,3.965965550543521,0.9938355169660109,0.3024253094521632,,,,,provisional,0.0,0.0,,,,,,,,,,,,,,,,0.27456751509525373,0.009968070266095875,selected,4.0,1.0,0.18510418086698752,0.0005772920080981953,4.0
,,,,,,,,,,,,,,,,,,,,,8.0,0291,stage4_1202_latest,8,1.3129013159694598,0.17971286353704247,1.3853603391836473,0.625,0.7613636363636364,0.1868153505415025,0.9129793593238567,3.3795133993842206,0.5835797179635804,0.42844729415711064,0.9065923247292488,3.0,2.1121007413280157,0.9963621679765999,1.009305188011721,1.0,0.9986661905941212,7.030387490855634,0.9377867747247194,0.22682148624219717,,,,,final,0.0,0.0,,,,,,,,,,,,,,,,0.13886634921321922,0.288615173174732,candidate,3.0,1.0,0.18470247403474832,0.005397765599005147,3.0
0.9988811281472464,1.0067365665524521,0.526498150952794,0.9966001995698076,1.0178863376989429,0.533070819394917,0.9990385866212934,1.0059402515958187,0.5178566040785488,0.9987579428448669,1.007463096330124,0.5097140094132513,0.9990911458780979,1.0055167192124703,0.5178708489439988,0.5457582414279238,1.0877519093580243,0.15569998441656419,0.4380907865234967,1.0966523334100038,0.055038524766920636,8.0,0291,stage4_1202_latest,3,1.2570273553182227,0.8632817426867828,1.3817364760343862,0.625,0.7613636363636364,0.17119685125805723,0.917014129721104,2.827319282988938,0.9441642247989198,0.4638109120729985,0.9144015743709715,3.0,1.4240134956647792,0.9996705731967684,1.0022580961934922,1.0,0.999711298993439,2.9583886748451094,0.9872834610828379,0.41312125418862344,0.1382477730512619,0.9991885273156126,1.2897782535636646,1.0048998462609748,final,0.0,0.0,0.5279483277453312,0.14023658193243346,0.21143976592925348,1.2234931819143875,0.9991580951246233,1.005275306216703,0.9839993227697651,0.01908390031658487,1.0,0.0022382889732799364,0.008134858299800029,0.9993866824959977,2.947753338244887,0.9839993227697651,0.42256218842511517,0.2860251032298507,0.004037792086898803,selected,3.0,1.0,0.1851201549683929,0.0005338534760585346,3.0
,,,,,,,,,,,,,,,,,,,,,8.0,0292,stage4_1202_latest,8,1.3050004546394451,0.635493188399754,1.7576141049483256,0.6302083333333334,0.8210227272727273,0.38910788683568354,0.6004700594012784,3.3800126166399047,0.4698605490151322,0.6516823704814615,0.8054460565821583,8.0,2.15939706057935,0.997332751846456,1.0194190868425128,1.0,0.9969288464990302,7.837580606523213,0.9901250973605393,0.1702769205292421,,,,,base,0.0,0.0,,,,,,,,,,,,,,,,0.2302039973108373,0.0434494704910287,candidate,8.0,1.0,0.1142433523663797,0.003948500722317377,8.0
,,,,,,,,,,,,,,,,,,,,,8.0,0292,stage4_1202_latest,8,1.305000455849008,0.635493188087807,1.757614106542144,0.6302083333333334,0.8210227272727273,0.3891078870328137,0.6004700593392616,3.380012616916274,0.4698605492101261,0.6516823704765847,0.8054460564835931,8.0,2.1593971397629774,0.997332752041672,1.0194190858994783,1.0,0.9969288466884748,7.837580603698937,0.9901250971888149,0.1702769207428727,,,,,base,0.0,0.0,,,,,,,,,,,,,,,,0.23020400162244786,0.043449464644271185,selected,8.0,1.0,0.11424335310818,0.003948492760528921,8.0
,,,,,,,,,,,,,,,,,,,,,8.0,0292,stage4_1202_latest,8,1.3891453812063126,0.5033359102230328,1.8507165531948613,0.5677083333333334,0.7897727272727273,0.34896453162843266,0.6735044425842743,3.0331546831698866,0.4873230961241315,0.5084479239516927,0.8255177341857837,7.0,2.547031859556913,0.9980455064741063,1.0144950331002716,1.0,0.99783570056728,7.90786000455216,0.9944253935295946,0.16136146427997375,,,,,provisional,0.0,0.0,,,,,,,,,,,,,,,,0.21314968297503933,0.05673343398195942,candidate,7.0,1.0,0.11426795136062995,0.003722786227626016,7.0
,,,,,,,,,,,,,,,,,,,,,8.0,0292,stage4_1202_latest,7,1.3805793826898105,0.46485200992636944,1.8659104243877682,0.5677083333333334,0.7897727272727273,0.3451384595753621,0.6738070269871541,2.9125963673289497,0.50701815160815,0.5120397891125273,0.8274307702123189,7.0,2.4427212121353863,0.9980588437478582,1.014459431639765,1.0,0.9978313756093401,6.921864662606474,0.9942256761685209,0.18082468209538066,,,,,provisional,0.0,0.0,,,,,,,,,,,,,,,,0.21791191684975283,0.05892274408659055,selected,7.0,1.0,0.11426041271055098,0.003797173741691809,7.0
,,,,,,,,,,,,,,,,,,,,,8.0,0292,stage4_1202_latest,8,1.3789172029390244,0.50638548134002,1.8371570322756265,0.625,0.8125,0.34902687619030526,0.6739383592057928,3.070458910829112,0.49171193957366127,0.508691408630299,0.8254865619048476,7.0,2.694659006740687,0.998020841204773,1.014020752495773,1.0,0.9979300319368483,7.904970655400463,0.9942501205848393,0.16263402880370928,,,,,final,0.0,0.0,,,,,,,,,,,,,,,,0.21393235517257442,0.05586671769231442,candidate,7.0,1.0,0.11427090971433915,0.003484584586971382,7.0
0.9973050946506435,1.0179108779425508,0.27390123565687036,0.9965934175631174,1.0221049986716728,0.2837456731646214,0.996297318409163,1.0234691561639044,0.2712859448614613,0.99768354442307,1.0158124179225494,0.2666516270374872,0.994828394454506,1.0298327509237764,0.27220949912841524,0.18867005288297334,0.6957452560118068,0.12345166185982975,0.18960443755805748,0.7099450984495318,0.12345166185982975,8.0,0292,stage4_1202_latest,7,1.370395697740578,0.46764665822815477,1.8533263213304756,0.625,0.8125,0.3449708504429898,0.6742868161471647,2.9408334724681677,0.5108556304104296,0.5125318936776495,0.827514574778505,7.0,2.6178763370517615,0.9980174342046437,1.013973729497417,1.0,0.9979311419251111,6.920419361773503,0.9941191106442068,0.18204857895872856,0.1205424815416336,0.995596750719942,0.9478855129411955,1.02450786019227,final,0.0,0.0,0.10042660713461143,0.023037901310878073,0.0029610173889929384,2.5680165154652514,0.9982193684167731,1.0126259507854962,0.9933901164694968,0.028855971930413716,1.0,0.003644149913398429,0.005215598212645792,0.9985137019103725,6.910575728553233,0.9933901164694968,0.19634779699376892,0.21851449887262367,0.057762065864682396,selected,7.0,1.0,0.11426381896423123,0.0035567454874202574,7.0
,,,,,,,,,,,,,,,,,,,,,8.0,0653,stage4_1202_latest,8,1.1901038706574576,0.0964665650989477,1.503051482048875,0.5729166666666666,0.8494318181818182,0.17362731516914315,0.8831014014083681,2.734857159155553,0.4817224095759644,0.5054574675793448,0.9131863424154283,3.0,2.7125364061403094,0.9984323418987124,1.0111226973006644,1.0,0.9983966321269755,7.833530327774129,0.9898845252950673,0.17240582397118445,,,,,base,0.0,0.0,,,,,,,,,,,,,,,,0.10871531649264735,0.39167637123277604,candidate,3.0,1.0,0.18917264488568505,0.0060766705800637194,3.0
,,,,,,,,,,,,,,,,,,,,,8.0,0653,stage4_1202_latest,3,1.19000528867523,0.8226290372651534,1.5030755829183704,0.5729166666666666,0.8494318181818182,0.17360064598942382,0.8831017270555872,2.7344118222271754,0.9116350259389584,0.5054751348070023,0.9131996770052883,3.0,1.2888839526018074,0.999184546008749,1.004943329448534,1.0,0.999294265129618,2.9908170804494647,0.9972082084262218,0.3681791341996113,,,,,base,0.0,0.0,,,,,,,,,,,,,,,,0.28639932212702096,0.0181739074057776,selected,3.0,1.0,0.18912490672363663,0.002650023335683934,3.0
,,,,,,,,,,,,,,,,,,,,,8.0,0653,stage4_1202_latest,8,1.1352143918277826,0.059441578548667794,1.688439498524118,0.7864583333333334,0.8664772727272727,0.22640850031633689,0.7987099226422921,2.2546275242884755,0.3784795131659626,0.6195193078822588,0.8867957498418316,3.0,1.8471108852617055,0.9965999909955156,1.023764346638115,0.6,0.9960375309568666,7.883643091753444,0.9929383772102366,0.15694034248883398,,,,,provisional,0.0,0.0,,,,,,,,,,,,,,,,0.09837961269706938,0.2753124901031569,candidate,3.0,1.0,0.18855751252869787,0.005552514793382689,3.0
,,,,,,,,,,,,,,,,,,,,,8.0,0653,stage4_1202_latest,3,1.1352143908835561,0.5547880666051138,1.6884394983118929,0.7864583333333334,0.8664772727272727,0.22640850009570365,0.7987099225765701,2.2546275243618634,0.7163819579554623,0.6195193078653601,0.8867957499521482,3.0,1.046521965988542,0.9983773759855809,1.0087141788509133,0.6,0.998620512488751,2.9979037733239666,0.9993635591192992,0.347924494795875,,,,,provisional,0.0,0.0,,,,,,,,,,,,,,,,0.2621699517582757,0.038046360082452844,selected,3.0,1.0,0.18896890050261478,0.004348638584481728,3.0
,,,,,,,,,,,,,,,,,,,,,8.0,0653,stage4_1202_latest,8,1.1117308799653967,0.0613790058827849,1.7821898707624135,0.7239583333333334,0.8352272727272727,0.2392594336778392,0.7748139517357966,2.3240407180507634,0.3927993854638417,0.5985900507657954,0.8803702831610803,3.0,1.9895767117202319,0.9976026535244961,1.0176893297863487,0.8,0.9972010602026584,7.897054721844201,0.9937625858658085,0.15636355244884043,,,,,final,0.0,0.0,,,,,,,,,,,,,,,,0.10100194893866785,0.2741792986602917,candidate,3.0,1.0,0.18873193451694373,0.004960163411355942,3.0
0.9988908660176289,1.0064214619277618,0.3517673512179659,0.9954504572603725,1.0218532764703183,0.35442141916271785,0.9993832356193225,1.0038683823757535,0.352126091107535,0.9993071808263387,1.0042403422732216,0.3492654669603797,0.998620443103193,1.0077664675893043,0.35164503056680496,0.5082344770713043,0.3128347797539934,0.02230541542043271,0.5102076437240635,0.37253188806980764,0.026861725219073623,8.0,0653,stage4_1202_latest,3,1.111730880295678,0.572870721607022,1.7821898703941073,0.7239583333333334,0.8352272727272727,0.2392594333385973,0.7748139519513333,2.3240407181568674,0.7434864584501312,0.5985900506545224,0.8803702833307014,3.0,1.0563015117115007,0.998576912780558,1.0078544170683181,0.8,0.9987753631008143,2.9976628969730457,0.9992905538604547,0.3496741255632561,0.14594349265098572,0.9983652421595423,1.2686787439253715,1.008980426027373,final,0.0,0.0,0.5009534470287806,0.10848874964087363,0.004556309798640912,1.4144598593440354,0.9995648405926124,1.0027487650881604,0.9994736115644235,0.01273843392902739,0.6683349609375,0.0017585631827802763,0.005436360451186033,0.9997110370778183,2.998265841727311,0.9994736115644235,0.34440153605390905,0.2691628537323413,0.036254652878481,selected,3.0,1.0,0.18898092602569216,0.004112486768488343,3.0
,,,,,,,,,,,,,,,,,,,,,8.0,0273,stage4_1203_best,8,2.1264462510642517,0.25024605351856305,2.7817312661593703,0.4375,0.7840909090909091,0.3379798573731932,0.5827717883910773,2.9038640461063454,0.48794879586716183,0.5635584466597005,0.8310100713134034,6.0,1.5112442431672528,0.9733061592891793,1.0690266497752905,0.6666666666666666,0.9829184517774237,7.665286270774356,0.979229471228198,0.16495671276094728,,,,,base,0.0,0.0,,,,,,,,,,,,,,,,0.18433737266591144,0.34825099590462294,candidate,6.0,1.0,0.0985465921340036,0.010654247472029093,6.0
,,,,,,,,,,,,,,,,,,,,,8.0,0273,stage4_1203_best,6,2.0866028915429995,0.38709899588952784,2.7517234830422037,0.4375,0.7840909090909091,0.33284346387647923,0.5841334453226277,2.824112830063143,0.5516060349466219,0.5679224063529476,0.8335782680617604,6.0,1.2106547333398263,0.9949811976503564,1.0305042662472603,0.6666666666666666,0.9931373424128251,5.973813022603177,0.9975580820650428,0.19395624402374,,,,,base,0.0,0.0,,,,,,,,,,,,,,,,0.21981709917786463,0.25121470365135196,selected,6.0,1.0,0.0983720237251888,0.006544846929704418,6.0
,,,,,,,,,,,,,,,,,,,,,8.0,0273,stage4_1203_best,8,2.2219163181668207,0.26057137368125305,2.769049599785962,0.5625,0.8267045454545454,0.3846870706645207,0.567790537602919,2.755288620251687,0.46114691852088724,0.6092421949411854,0.8076564646677398,7.0,1.363379051114363,0.9750730310323042,1.0527167885589408,0.6666666666666666,0.9875991192091611,7.541712394496881,0.9712869628015628,0.16128764638158288,,,,,provisional,0.0,0.0,,,,,,,,,,,,,,,,0.19102044059194814,0.3299848725050945,candidate,7.0,1.0,0.09885631274842721,0.009624827261017146,7.0
,,,,,,,,,,,,,,,,,,,,,8.0,0273,stage4_1203_best,7,2.2134567133598266,0.3132053079910897,2.761968733405188,0.5625,0.8267045454545454,0.3833020291935254,0.567932734877918,2.7376233972165416,0.48982500901876946,0.6103124015899589,0.8083489854032373,7.0,1.5983079414211079,0.9815408414650199,1.033383784362731,0.6666666666666666,0.9928396825913969,6.689849754712049,0.9765547414708888,0.17394996401681498,,,,,provisional,0.0,0.0,,,,,,,,,,,,,,,,0.20142607696857331,0.29371437876145623,selected,7.0,1.0,0.09877443792509379,0.008181869037162844,7.0
,,,,,,,,,,,,,,,,,,,,,8.0,0273,stage4_1203_best,8,2.187465612369989,0.2549749056339677,2.728935803856059,0.5729166666666666,0.8210227272727273,0.38382037575241656,0.5688032726416522,2.729322444467019,0.45687925166773075,0.6105821791223337,0.8080898121237916,6.0,1.317052239820042,0.9765894838953193,1.0498403142302501,0.6666666666666666,0.9882909238411623,7.532498557980012,0.9707128564192201,0.1616062483401999,,,,,final,0.0,0.0,,,,,,,,,,,,,,,,0.18818595801838248,0.3337024362734292,candidate,6.0,1.0,0.0988612919990581,0.009174323205963859,6.0
0.9865360361822896,1.022470204420246,0.2547934519508154,0.9805521443610977,1.0348481476289706,0.2544104253448492,0.9835591916652365,1.0399905145766668,0.2672511628451766,0.9922192411196674,1.0180225436327766,0.2488600189004053,0.9767956123896717,1.0374762822496082,0.2555308919742524,0.25884949990166717,0.7198301376017952,0.051003949583612485,0.2535777294940586,0.602662569046381,0.033776514180284024,8.0,0273,stage4_1203_best,6,2.035367178137921,0.2778504228941542,2.5066162741442866,0.5729166666666666,0.8210227272727273,0.37635265202071727,0.5693088568321691,2.101376729906925,0.382854022124672,0.7085409538866178,0.8118236739896413,6.0,1.5150862760642303,0.9810048997161739,1.0353404063433762,0.6666666666666666,0.9922910876957923,5.695304166188886,0.9707059175132252,0.20860404902790922,0.09754212945699692,0.9795040167762303,1.350160877222429,1.040901766531314,final,0.0,0.0,0.217329279770174,0.2648673860926739,0.08137686905937654,2.333127270066734,0.991843589867764,1.0178344495973293,0.9674134114986973,0.04049073462782868,1.0,0.003130602730227166,0.008220991818636846,0.9977959009993127,5.6604595450400135,0.9674134114986973,0.21699792016017452,0.197348277096144,0.30664559533070723,selected,6.0,1.0,0.09881790945976353,0.008464539743345266,6.0
,,,,,,,,,,,,,,,,,,,,,8.0,0274,stage4_1203_best,8,3.4497706288195054,0.1693841428984095,2.028155217239536,0.7916666666666666,0.7869318181818182,0.2478881711009668,0.7826942099391451,2.4765999304586077,0.42917826622262567,0.5715016971055972,0.8760559144495165,5.0,1.684815134120823,0.9443906361250842,1.0808098731250595,0.3333333333333333,0.9801093189764023,7.0248867600434055,0.9369896769776787,0.18667913074644746,,,,,base,0.0,0.0,,,,,,,,,,,,,,,,0.1564473627592422,0.38121196436656346,candidate,5.0,1.0,0.18056575575150374,0.04413458187469165,5.0
,,,,,,,,,,,,,,,,,,,,,8.0,0274,stage4_1203_best,5,3.2935590025308152,0.2676453322708816,2.0633275037033654,0.7916666666666666,0.7869318181818182,0.24349459613770116,0.7833446049399138,2.4254561463486968,0.5415110310911537,0.5770499316764044,0.8782527019311495,5.0,1.5187763335526456,0.9123864968571983,1.086045767017694,0.3333333333333333,0.977961157698982,4.296569383340662,0.904878323123724,0.27631113896614723,,,,,base,0.0,0.0,,,,,,,,,,,,,,,,0.1948364332937544,0.32907049963732943,selected,5.0,1.0,0.17564001214396918,0.06012793825370215,5.0
,,,,,,,,,,,,,,,,,,,,,8.0,0274,stage4_1203_best,8,3.5775698382025456,0.14786814992030295,2.6372566800914425,0.4166666666666667,0.71875,0.312377117621141,0.6953537357450127,2.594635089631294,0.4525211106420207,0.5434432473909948,0.8438114411894294,5.0,1.5853770816726394,0.946657861942132,1.0548492582106874,1.0,0.9873644325752181,6.959254697356887,0.9321899429675226,0.19037606158286133,,,,,provisional,0.0,0.0,,,,,,,,,,,,,,,,0.1395451673982125,0.36378710310987417,candidate,5.0,1.0,0.17935930550294968,0.04637772844974412,5.0
,,,,,,,,,,,,,,,,,,,,,8.0,0274,stage4_1203_best,5,3.550071650434948,0.2703320115690777,2.6490006617936057,0.4166666666666667,0.71875,0.3108811305139349,0.6955473044351093,2.5723316109689764,0.5795835233233967,0.5452179308677446,0.8445594347430326,5.0,1.4514903445969967,0.9257976997557193,1.040610140269068,1.0,0.9907436746935007,4.310631793676359,0.9070303084798679,0.2754060672443776,,,,,provisional,0.0,0.0,,,,,,,,,,,,,,,,0.20018854900800243,0.31126612993555064,selected,5.0,1.0,0.17600028114526378,0.05394472059281662,5.0
,,,,,,,,,,,,,,,,,,,,,8.0,0274,stage4_1203_best,8,3.5511642240913486,0.14997224905411635,2.6043107430947514,0.40625,0.7329545454545454,0.3116523410368735,0.699760581179097,2.593469736094141,0.4516672986119147,0.5449305061358986,0.8441738294815633,5.0,1.5086397030651448,0.9471170122565462,1.0595440781606358,1.0,0.9859794112034282,6.974448302992871,0.9332164933239847,0.1883873709293269,,,,,final,0.0,0.0,,,,,,,,,,,,,,,,0.14061706874468238,0.36269116502762455,candidate,5.0,1.0,0.17962336427174422,0.0464763045183726,5.0
0.927506186468614,1.035582104713101,0.32416606246491264,0.8830949444257987,1.0638566190036876,0.33086006842882904,0.8994573532172743,1.102057533943563,0.3362932580261683,0.9399903500693021,1.0230722172526348,0.33620031617500795,0.9118248279304337,1.0607213991858357,0.3178375245903934,0.31266365581622174,0.38063101301037117,0.020261893461651744,0.31095122123979074,0.3690237455436929,0.01920002221817951,8.0,0274,stage4_1203_best,5,3.521222322061442,0.2734432777596223,2.6161245077427897,0.40625,0.7329545454545454,0.3101241580928507,0.699997102476085,2.569975744944727,0.5784081173175528,0.5467550723952921,0.8449379209535747,5.0,1.381756596808894,0.9261650146086972,1.0448014476114957,1.0,0.9895395871413893,4.324932974337458,0.9090412089898847,0.2721436489115254,0.0693153515458107,0.8854307715996839,1.5454834665187316,1.0941256910148907,final,0.0,0.0,0.30056085900466906,0.03461439020155857,0.003852626865239463,2.559989261035696,0.9283581963807321,1.0246527631251277,0.907640034274367,0.051041482012125106,0.996826171875,0.004159684583323484,0.012521273134287742,0.996803192005225,4.312678488196125,0.907640034274367,0.2858606967346477,0.20181971917509675,0.30892500219160324,selected,5.0,1.0,0.176327545041338,0.05439228695641872,5.0
,,,,,,,,,,,,,,,,,,,,,8.0,0275,stage4_1203_best,8,1.7627916947878233,0.2841935136570439,2.2952223953243935,0.5729166666666666,0.8323863636363636,0.2662642383541746,0.6834117475809877,3.155667910749686,0.5315689778237296,0.5139166179098457,0.8668678808229128,7.0,1.780573481064493,0.9902170713899732,1.0350327713734417,0.6666666666666666,0.9925052794183428,7.784390979550643,0.9868154875677053,0.1590715597924145,,,,,base,0.0,0.0,,,,,,,,,,,,,,,,0.19022961222598805,0.3424789783397689,candidate,7.0,1.0,0.1607550797078592,0.015824815527789363,7.0
,,,,,,,,,,,,,,,,,,,,,8.0,0275,stage4_1203_best,7,1.7627916947163826,0.3789246851246891,2.29522239493112,0.5729166666666666,0.8323863636363636,0.2662642385381202,0.6834117476564487,3.1556679107957755,0.568046071055628,0.5139166178721345,0.8668678807309398,7.0,1.8887744211295159,0.9963257071707914,1.0210382148378148,0.6666666666666666,0.9958556734946163,6.911854482095407,0.9934829927163391,0.17179496786384907,,,,,base,0.0,0.0,,,,,,,,,,,,,,,,0.21739021415266385,0.2804298411925757,selected,7.0,1.0,0.16146679024415198,0.00861184148628454,7.0
,,,,,,,,,,,,,,,,,,,,,8.0,0275,stage4_1203_best,8,1.7712966345863155,0.25424025615380547,2.218166340657809,0.5208333333333334,0.7613636363636364,0.25707791083222997,0.6835690295286716,3.189244795837322,0.5421288961913323,0.4595255108336407,0.8714610445838851,6.0,1.9786542312911126,0.9875689228220657,1.0287386921543495,0.6666666666666666,0.9941147139581856,7.550569591450588,0.9721549352133927,0.16717996460539852,,,,,provisional,0.0,0.0,,,,,,,,,,,,,,,,0.1749500851830586,0.3688473422641042,candidate,6.0,1.0,0.16008937286299146,0.011421563292848765,6.0
,,,,,,,,,,,,,,,,,,,,,8.0,0275,stage4_1203_best,6,1.7665462731942037,0.4364883472824424,2.2149585833945076,0.5208333333333334,0.7613636363636364,0.25640028236632173,0.6836464122517748,3.1787684684011333,0.6273326861757006,0.45990598630792334,0.8717998588168392,6.0,1.9689324638190389,0.9968415500200832,1.0195754335360645,0.6666666666666666,0.9961989825566212,5.93015983814234,0.9934625954979598,0.1941508234253401,,,,,provisional,0.0,0.0,,,,,,,,,,,,,,,,0.21768263116579747,0.24663278851702372,selected,6.0,1.0,0.16170851584621346,0.0077747010553196995,6.0
,,,,,,,,,,,,,,,,,,,,,8.0,0275,stage4_1203_best,8,1.8052896311935023,0.2554621965594833,2.2541650002456444,0.4947916666666667,0.7670454545454546,0.25917777841380496,0.6794492048603153,3.191005588508492,0.5417385286502657,0.465161045389688,0.8704111107930976,6.0,1.9467527159876572,0.990649131687831,1.0260177375587194,0.3333333333333333,0.9947394402834847,7.622812831078665,0.9767422709005301,0.16479508501798076,,,,,final,0.0,0.0,,,,,,,,,,,,,,,,0.17603828819868508,0.3685324163725391,candidate,6.0,1.0,0.16039876225087418,0.010088470126019133,6.0
0.9973876273959733,1.018773510217369,0.2218032475628865,0.9957288715710373,1.0289560019178776,0.22435955271860306,0.9963982354265214,1.0243176731175028,0.22492289880956923,0.9979111270091156,1.0146904759997073,0.21499668014351597,0.9955643142388274,1.0295723137907984,0.22459246184408937,0.23257318452754178,0.3062985815104486,0.056611238542651654,0.23396832413230928,0.3245777933964423,0.05862016774043827,8.0,0275,stage4_1203_best,6,1.7989004778072448,0.4373258601729002,2.249929438902798,0.4947916666666667,0.7670454545454546,0.25839586216217403,0.6795609324439893,3.1781903030707386,0.6264838723442984,0.4656314044120446,0.870802068918913,6.0,1.9194724653539306,0.9973432414756329,1.0174780364498937,0.3333333333333333,0.9966460691639444,5.939461813538578,0.9943393817699052,0.193435306417553,0.1042630672454834,0.9953153516228758,1.3734497155731704,1.0317239806990093,final,0.0,0.0,0.20086780657822095,0.026784175716460166,0.0036923303637872557,2.4537631549694265,0.9976628752331377,1.0159633781169373,0.9915076839093308,0.03484707236259541,0.4595947265625,0.0037757513088025156,0.007136026804046881,0.9980536569167682,5.90943103449653,0.9915076839093308,0.19702723976674444,0.21711489838699627,0.24753801039516107,selected,6.0,1.0,0.16163870090293797,0.008036477779278912,6.0
,,,,,,,,,,,,,,,,,,,,,8.0,0276,stage4_1203_best,8,2.1580512693142606,0.10448666609677128,2.233489823501433,0.734375,0.8494318181818182,0.3397730049319103,0.6680146090023175,2.0324319821628123,0.319927627592603,0.7395908871366275,0.8301134975340448,5.0,1.5071607473028208,0.7062074726851578,1.0470166531859546,1.0,0.9894126040123568,5.941305904051268,0.8562450345153426,0.25843199347889273,,,,,base,0.0,0.0,,,,,,,,,,,,,,,,0.12888782913969762,0.43161642399679645,candidate,5.0,1.0,0.15111543435024627,0.1370260522399972,5.0
,,,,,,,,,,,,,,,,,,,,,8.0,0276,stage4_1203_best,5,2.1580126631903713,0.2560318219989687,2.233567404748714,0.734375,0.8494318181818182,0.3394616294557953,0.6680245930805426,2.02954589493312,0.4125171263128881,0.7397972443575972,0.8302691852721025,5.0,1.668074997801679,0.9220833752273633,1.0313260950072907,1.0,0.9934271972049037,4.1301299023491636,0.8804970483240773,0.33026261707949806,,,,,base,0.0,0.0,,,,,,,,,,,,,,,,0.19809608242995974,0.3212631529061277,selected,5.0,1.0,0.17370665565682297,0.02493735936531235,5.0
,,,,,,,,,,,,,,,,,,,,,8.0,0276,stage4_1203_best,8,2.0322465733156756,0.0868950723224259,1.674988410418044,0.9010416666666666,0.9261363636363636,0.22028767372470365,0.8277886480195652,1.9122034073187988,0.30088671354478713,0.7415031934638833,0.8898561631376481,4.0,1.8371828659616256,0.6773098100946345,1.0888408621943537,0.6666666666666666,0.9777643022372938,5.525537992880474,0.8207085837975171,0.28552816829246713,,,,,provisional,0.0,0.0,,,,,,,,,,,,,,,,0.11571921248710895,0.4303363700504611,candidate,4.0,1.0,0.14670805618049307,0.16175671184932205,4.0
,,,,,,,,,,,,,,,,,,,,,8.0,0276,stage4_1203_best,4,2.029083813665403,0.31656389460601514,1.6751730790185615,0.9010416666666666,0.9261363636363636,0.21952189894578653,0.8278209164509939,1.9084176445693324,0.4500588650007621,0.7417865500785847,0.8902390505271068,4.0,1.9854336299504158,0.984347116608035,1.0638481071782142,0.6666666666666666,0.9852614541657329,3.7857991928482435,0.9600832350634131,0.34856974981715577,,,,,provisional,0.0,0.0,,,,,,,,,,,,,,,,0.21593712145746288,0.31779359611308494,selected,4.0,1.0,0.16794608424689683,0.01993862904087221,4.0
,,,,,,,,,,,,,,,,,,,,,8.0,0276,stage4_1203_best,8,2.020940321990027,0.10462579609212015,1.652463063531988,0.9010416666666666,0.9261363636363636,0.21669683068577994,0.8338031457110824,1.9242528094812608,0.3037384760145216,0.7410734959977546,0.8916515846571099,3.0,1.9184164840650564,0.6843846526333468,1.0838962149448077,0.6666666666666666,0.9794958902417509,5.512380124000444,0.8198246052858019,0.2862717361614473,,,,,final,0.0,0.0,,,,,,,,,,,,,,,,0.13017153062765166,0.43028553836082944,candidate,3.0,1.0,0.14840449998237007,0.15624602492604658,3.0
0.9944442782897642,1.0182524422720893,0.7302249126057824,0.9894460670815296,1.03219011218265,0.735658123024938,0.9888219796227612,1.0341065969247678,0.7327687489103466,0.9916919182623541,1.0270356718857618,0.7231305916080473,0.9932941627728739,1.019499952576723,0.7308139196062315,0.5427876929165312,0.6159853267301777,0.17572635089672642,0.43883521312556517,0.4901376352528983,0.028158451894009437,8.0,0276,stage4_1203_best,3,1.5207338211900003,0.22560997190362944,1.4345083126886635,0.9010416666666666,0.9261363636363636,0.17692289782623047,0.8536426382295809,1.3827203614838683,0.2673073460697984,0.8749392726678394,0.9115385510868848,3.0,1.0848412998033201,0.988573073754983,1.0403194160345286,1.0,0.9902028322343318,2.8565711416551594,0.9551392920428169,0.4775770153440752,0.10371147096157074,0.9912325242390226,1.611153581583478,1.0246427130757196,final,0.0,0.0,0.5152118024324949,0.2887956657897163,0.166021475951228,1.4687109368157414,0.9913714781233711,1.0261837328691583,0.9133046620041839,0.053755254928492396,1.0,0.005268456300997132,0.022204743476404522,0.9962687455074143,2.728033918426955,0.9133046620041839,0.5416377855739114,0.20609992304550362,0.39999285928250633,selected,3.0,1.0,0.16890412736828356,0.011657730638555342,3.0
,,,,,,,,,,,,,,,,,,,,,8.0,0277,stage4_1203_best,8,2.405795567778998,0.14738333493050995,1.9526884003409195,0.7708333333333334,0.8551136363636364,0.25286567213910444,0.7684142483597439,2.121966809027793,0.34955778610580124,0.6797713918607066,0.8735671639304478,4.0,1.8118660685416146,0.7344000472685746,1.0296912877554263,0.6666666666666666,0.9938537645627868,6.140890024967419,0.872664060239539,0.22099714037812093,,,,,base,0.0,0.0,,,,,,,,,,,,,,,,0.13714046365122046,0.4247912030651602,candidate,4.0,1.0,0.17469664702647747,0.1088897932734289,4.0
,,,,,,,,,,,,,,,,,,,,,8.0,0277,stage4_1203_best,4,2.3986477566741673,0.33200974323522214,1.9564508372259317,0.7708333333333334,0.8551136363636364,0.2505665798469538,0.7684944784110395,2.10404033171279,0.5180213590705616,0.6811736103681184,0.8747167100765231,4.0,1.391796207635415,0.9947059130104255,1.0235767770672437,0.6666666666666666,0.9950363873718556,3.859363374046778,0.9741436538864009,0.32170450860654204,,,,,base,0.0,0.0,,,,,,,,,,,,,,,,0.21217100281310922,0.32429543781921294,selected,4.0,1.0,0.2001959766433437,0.017309500655881594,4.0
,,,,,,,,,,,,,,,,,,,,,8.0,0277,stage4_1203_best,8,2.0175059603389274,0.12477449336775567,1.8041140854438564,0.8802083333333334,0.9176136363636364,0.23576715169570778,0.7924694697423578,2.02442920663367,0.32181929472347887,0.7290860250608674,0.8821164241521461,5.0,1.279868556312015,0.7392988585994152,1.0444617922073587,0.6666666666666666,0.9894790832945201,6.1066161971481465,0.8701180450690688,0.22928938853807335,,,,,provisional,0.0,0.0,,,,,,,,,,,,,,,,0.1341643565323344,0.4217236498835043,candidate,5.0,1.0,0.17346399487969424,0.10674869612205455,5.0
,,,,,,,,,,,,,,,,,,,,,8.0,0277,stage4_1203_best,5,2.013837444106169,0.3203091702205657,1.8050041579410432,0.8802083333333334,0.9176136363636364,0.2347691851319518,0.7924861093717803,2.0210497553994586,0.4148016587680456,0.7293950328548561,0.8826154074340241,5.0,1.2442381190888534,0.9905912033247093,1.0457660994688338,0.6666666666666666,0.9889700111426033,4.66297125595425,0.9566183449596496,0.27134603614855485,,,,,provisional,0.0,0.0,,,,,,,,,,,,,,,,0.2043715962552191,0.32448766241036564,selected,5.0,1.0,0.20036876121043806,0.021578921204610656,5.0
,,,,,,,,,,,,,,,,,,,,,8.0,0277,stage4_1203_best,8,2.0047948994270723,0.12558915965295311,1.805244156622075,0.8802083333333334,0.9176136363636364,0.23708270482577012,0.7921565187247034,2.033946441804125,0.3241753315362138,0.7272107523326431,0.881458647587115,5.0,1.3709684785940146,0.7396307379436032,1.0481511314396244,0.6666666666666666,0.9885801801952492,6.126509638296871,0.8716867432929042,0.2348369348670235,,,,,final,0.0,0.0,,,,,,,,,,,,,,,,0.13461028383749254,0.4209387288664339,candidate,5.0,1.0,0.17374324262539267,0.10621891480074264,5.0
0.987909525223337,1.0556389477042556,0.3376407350528129,0.9792783877937999,1.0862614305114981,0.3279180602468125,0.976195995199974,1.0860905183724454,0.33662506294683286,0.9878966669068495,1.051487881542672,0.33465481654727025,0.980804408785237,1.0813874212204153,0.3410555599588902,0.42038355857297993,0.3134566765341456,0.058536998487480583,0.41907174992081575,0.3015420994885731,0.06083820124506029,8.0,0277,stage4_1203_best,5,2.000959410713052,0.32265301905016175,1.8061413756835345,0.8802083333333334,0.9176136363636364,0.23606436891101856,0.7921738289494296,2.0305236104196185,0.41783483606190647,0.727525691174999,0.8819678155444906,5.0,1.2885262748045003,0.9904458939287093,1.048658932108731,0.6666666666666666,0.9882076431300127,4.6628519553615595,0.956592376682559,0.2779968920744668,0.09416234493255615,0.974543672482436,1.4412502825527966,1.1044401794579166,final,0.0,0.0,0.3006123442407561,0.02532720445047809,0.0059308167499932595,2.564792638121204,0.9861502159906419,1.053067482762623,0.9500365383700783,0.07539139392098759,0.6240234375,0.00754646944237711,0.018463284383698292,0.9924790478298647,4.614788235860314,0.9500365383700783,0.2924195386459001,0.20516495826230727,0.32233705949508235,selected,5.0,1.0,0.20042450736179768,0.02140490025023859,5.0
,,,,,,,,,,,,,,,,,,,,,8.0,0278,stage4_1203_best,8,1.2468979325723262,0.09062334509442893,1.2048938886826956,0.9739583333333334,0.9602272727272727,0.08189468399794035,0.9572241125645523,1.873495799969822,0.2970332658180283,0.6841736485284091,0.9590526580010299,2.0,1.8038752847121486,0.9899112945595007,1.0238757193009236,1.0,0.9951897457840736,7.353784090391902,0.9594491580920538,0.1850850027214771,,,,,base,0.0,0.0,,,,,,,,,,,,,,,,0.10127806543927696,0.4386229990471542,candidate,2.0,1.0,0.21814608722384005,0.022573197481587915,2.0
,,,,,,,,,,,,,,,,,,,,,8.0,0278,stage4_1203_best,2,1.0,0.8530210562265789,1.1923836301357154,0.9739583333333334,0.9602272727272727,0.06837338931628821,0.9589532291018227,1.8004728337696658,0.8376618748446857,0.692352582934812,0.9658133053418557,2.0,1.0,0.999492399897688,1.0022795414633128,1.0,0.9996331834245463,1.9903190833149698,0.9929980882659559,0.5485807928829933,,,,,base,0.0,0.0,,,,,,,,,,,,,,,,0.2765318856965995,0.1217248658513983,selected,2.0,1.0,0.2201289344457926,0.005471449711494543,2.0
,,,,,,,,,,,,,,,,,,,,,8.0,0278,stage4_1203_best,8,1.4687942206307232,0.19602096687932152,1.609087604732511,0.515625,0.8778409090909091,0.1559309782685,0.839535982759128,1.8612288403539365,0.2951838659898613,0.671995993969376,0.9220345108657501,3.0,1.3391643863078853,0.9915635052275563,1.0257813404682106,1.0,0.9944792288468435,7.241536936532197,0.952072634784258,0.21652972471673818,,,,,provisional,0.0,0.0,,,,,,,,,,,,,,,,0.08587211550850757,0.4438642656468351,candidate,3.0,1.0,0.21836625019385933,0.019350023198611288,3.0
,,,,,,,,,,,,,,,,,,,,,8.0,0278,stage4_1203_best,3,1.5450807485172255,0.25441526027861083,1.6648436176055177,0.515625,0.8778409090909091,0.1514586048132749,0.8404597333934807,1.8265203757710757,0.5431557666381359,0.6778662870943434,0.9242706975933626,3.0,1.769242009316875,0.9990205616093887,1.0035141085895847,1.0,0.9994448340318894,2.862387897245892,0.9572429846459622,0.4263373974267492,,,,,provisional,0.0,0.0,,,,,,,,,,,,,,,,0.19560744703058083,0.3491549208353135,selected,3.0,1.0,0.2204997144207341,0.006344218348088595,3.0
,,,,,,,,,,,,,,,,,,,,,8.0,0278,stage4_1203_best,8,1.503883809915439,0.19716618629017432,1.573945799812068,0.5052083333333334,0.8863636363636364,0.1488083189220027,0.8508850098106682,1.8761469709001313,0.29926425581047766,0.6623486850585958,0.9255958405389987,3.0,1.3876535990317351,0.9903438024742227,1.0296495101710794,1.0,0.993520625173053,7.218533988440359,0.9505475817816222,0.2171957089264882,,,,,final,0.0,0.0,,,,,,,,,,,,,,,,0.08598589918427463,0.44399543634598515,candidate,3.0,1.0,0.21831329549549935,0.02114750580059865,3.0
0.9973668434105717,1.0043671657528281,0.5114462591376696,0.9966263998637371,1.0096937022940953,0.52570353913006,0.9975927003653392,1.0051520392219684,0.5278623277428548,0.9975543391564322,1.004901455794194,0.5066229250324475,0.99613508402946,1.006671519490386,0.516420107207415,0.6282133206185195,0.3523726791829431,0.09867378868599737,0.6287671445310594,0.3807913950061477,0.09898282497129296,8.0,0278,stage4_1203_best,3,1.577233607447967,0.2622409569158682,1.6282895204675283,0.5052083333333334,0.8863636363636364,0.14418913756894416,0.8519458768921168,1.8410850679476063,0.5506896879573525,0.6683502668431208,0.927905431215528,3.0,1.4967263304752485,0.9983975543058686,1.0063703447779417,1.0,0.9988883153253859,2.8611875027588987,0.9568527057826717,0.42493848281340724,0.06855856627225876,0.9963233029491869,1.299931347350781,1.0076433714066821,final,0.0,0.0,0.500291153693154,0.02999945526611537,0.0021934769224601428,1.7095008914738306,0.9973000969713158,1.0048329008710082,0.9127133002942214,0.02095383714360618,1.0,0.0028305844730268106,0.00860095313599415,0.9994701697507462,2.725873557313247,0.9127133002942214,0.44573319848133663,0.19623953704869151,0.3478843318713306,selected,3.0,1.0,0.22055187279464064,0.010067049100383287,3.0
,,,,,,,,,,,,,,,,,,,,,8.0,0279,stage4_1203_best,8,1.1069606205791325,0.01675625380842513,1.0046014470831048,1.0,1.0,0.017532443456924427,0.999387127938178,1.0469553354878531,0.02047940647293615,0.9895861126342121,0.9912337782715379,2.0,1.5732319080023434,0.7408087460337998,1.032679660605579,1.0,0.9928439622912992,6.370065889868411,0.890280863742285,0.24070258992800989,,,,,base,0.0,0.0,,,,,,,,,,,,,,,,0.05601973239435284,0.3395946198888327,candidate,2.0,1.0,0.13935482207047525,0.12931096305338347,2.0
,,,,,,,,,,,,,,,,,,,,,8.0,0279,stage4_1203_best,2,1.0,0.393263306924891,1.004423354323973,1.0,1.0,0.01661626555458103,0.9994029181997529,1.0456051543394986,0.059662637078921756,0.9898835947442057,0.9916918672227095,2.0,1.0,0.9986532127524052,1.004616971025768,1.0,0.9991840889641771,1.9447082326502143,0.959530470297257,0.6172097767572718,,,,,base,0.0,0.0,,,,,,,,,,,,,,,,0.21855174639426675,0.25376708324875163,selected,2.0,1.0,0.16101319924995083,0.005282020366773181,2.0
,,,,,,,,,,,,,,,,,,,,,8.0,0279,stage4_1203_best,8,1.080226536627474,0.022116082170960956,1.0286407011246974,1.0,1.0,0.043394012704756096,0.9946672662009396,1.1663577021700173,0.06723689598925986,0.9559314518006033,0.9783029936476221,2.0,1.1155771231773641,0.8208765193597775,1.0907142578516469,1.0,0.9730315069229792,5.778785714455847,0.8420259557460372,0.2692238576357882,,,,,provisional,0.0,0.0,,,,,,,,,,,,,,,,0.0594847814422972,0.338503443903258,candidate,2.0,1.0,0.12800543726181093,0.05491927490419324,2.0
,,,,,,,,,,,,,,,,,,,,,8.0,0279,stage4_1203_best,2,1.0,0.5326743416900055,1.0277802803206593,1.0,1.0,0.04127094884747085,0.99475660247272,1.1632769342847196,0.19788745255024898,0.9567078166419826,0.9793645255762645,2.0,1.0,0.9890151374792745,1.025960584264383,1.0,0.9939728291377282,1.9114658952999815,0.9344262170583121,0.645473320647279,,,,,provisional,0.0,0.0,,,,,,,,,,,,,,,,0.22970994794380517,0.24189105865900934,selected,2.0,1.0,0.16059214859905202,0.010841924985366886,2.0
,,,,,,,,,,,,,,,,,,,,,8.0,0279,stage4_1203_best,8,1.063164065526507,0.022222932079827454,1.0349791349169273,1.0,1.0,0.047296290102470696,0.9931572164055745,1.1847652164757165,0.0737728917568708,0.9498020253953809,0.9763518549487649,2.0,1.1372564179614835,0.8296535492120158,1.0833366654507912,1.0,0.9759054021855372,5.843318576912783,0.8476046842175495,0.2678439950024427,,,,,final,0.0,0.0,,,,,,,,,,,,,,,,0.05954788242586555,0.33908325943982787,candidate,2.0,1.0,0.13027767948872085,0.052876229781620356,2.0
0.9970815063798077,1.007334617425814,0.8055590219069442,0.9946305275343758,1.012290600002686,0.8102566173491652,0.9931958690490715,1.015018921804338,0.8116599299233026,0.9969362632102206,1.0077521721377025,0.801784723121342,0.9919454454904049,1.0177475899008346,0.8055555022368419,0.606542992164297,0.0786713137724897,0.012355903827836487,0.6060048469400837,0.06635155620444609,0.015032662403473387,8.0,0279,stage4_1203_best,2,1.0,0.5354075352785731,1.0341534848317815,1.0,1.0,0.04524503993022196,0.993240061406265,1.1817857838680565,0.21760942748572057,0.9505479378579608,0.9773774800348889,2.0,1.0,0.9911621846142431,1.022068034978566,1.0,0.9950332477798098,1.9193538465858786,0.9404288751371257,0.6391766593054014,0.11376328766345978,0.9917399869810175,1.5000768418101806,1.0183056972930404,final,0.0,0.0,0.6002213707281198,0.01234109153032642,0.0031483306709388093,1.0,0.9987811978961422,1.0033636092632374,0.9121294149002706,0.01686471527412441,1.0,0.0021292666777539436,0.01088070564408781,0.999620412059701,1.8818776627226668,0.9121294149002706,0.6723410703109747,0.23003815405285408,0.242424931251236,selected,2.0,1.0,0.1607504256890336,0.008929327384325517,2.0
,,,,,,,,,,,,,,,,,,,,,8.0,0280,stage4_1203_best,8,1.0244932633872565,0.016401744081012477,1.8785266041918471,0.5729166666666666,0.8806818181818182,0.21305509761164998,0.7031491012841814,1.511553165844458,0.1833868169714093,0.8152128544167043,0.893472451194175,2.0,1.345546714989085,0.8847727660944303,1.0376655719560166,1.0,0.991151319444883,6.052941619761378,0.8653056871006993,0.25116319412172644,,,,,base,0.0,0.0,,,,,,,,,,,,,,,,0.06341207694657469,0.3745643737084959,candidate,2.0,1.0,0.17096854706706555,0.06768178761114779,2.0
,,,,,,,,,,,,,,,,,,,,,8.0,0280,stage4_1203_best,2,1.0,0.3330090805789664,1.87028804425181,0.5729166666666666,0.8806818181818182,0.20692012406683438,0.7037129464399016,1.5045577879761713,0.5425419970169523,0.8175457005228007,0.8965399379665828,2.0,1.0,0.994563003543597,1.016510623426385,1.0,0.9964787122130949,1.9576798341007653,0.9690827793949859,0.599978486189035,,,,,base,0.0,0.0,,,,,,,,,,,,,,,,0.2449719890187431,0.30768009548867986,selected,2.0,1.0,0.19792543988131098,0.013576518380373112,2.0
,,,,,,,,,,,,,,,,,,,,,8.0,0280,stage4_1203_best,8,1.0242690678117632,0.0534127620469402,1.7303142313589457,0.7239583333333334,0.9204545454545454,0.20093995544015666,0.7077531829058182,1.3341203898788667,0.1198938064515059,0.8816326227468362,0.8995300222799216,2.0,1.1603447345631963,0.8757086776688602,1.0510763524381908,1.0,0.9867834186775101,6.155395968259061,0.8732645706953958,0.25199929825770434,,,,,provisional,0.0,0.0,,,,,,,,,,,,,,,,0.06142940703675062,0.46563377687350516,candidate,2.0,1.0,0.17076839951184627,0.07100567568449706,2.0
,,,,,,,,,,,,,,,,,,,,,8.0,0280,stage4_1203_best,2,1.0,0.21430302565595424,1.7311261533008966,0.7239583333333334,0.9204545454545454,0.1933710179812694,0.7081120676742995,1.3221591530666255,0.3484281238182031,0.8845318901889581,0.9033144910093653,2.0,1.0,0.9970875154693756,1.0088692926563865,1.0,0.9982952698099198,1.9367329441499679,0.9535653733196812,0.6248399880497791,,,,,provisional,0.0,0.0,,,,,,,,,,,,,,,,0.2283651116760389,0.3607872166664554,selected,2.0,1.0,0.19820206117965244,0.006819753805162353,2.0
,,,,,,,,,,,,,,,,,,,,,8.0,0280,stage4_1203_best,8,1.0273928059836217,0.053258318061846506,1.7102250395176208,0.7239583333333334,0.9204545454545454,0.19897099207973612,0.7130913799713147,1.3231363546931039,0.11578510426294392,0.8853080918756202,0.900514503960132,2.0,1.1869936822176055,0.8779032549404444,1.0478863043053719,1.0,0.9878944690681486,6.163499943895778,0.8739754182926597,0.25247850317480586,,,,,final,0.0,0.0,,,,,,,,,,,,,,,,0.061148017891009813,0.466219217598333,candidate,2.0,1.0,0.17061991310402597,0.07072087346840636,2.0
0.9990204774708287,1.00322590360089,0.7565437238492693,0.9972340790688352,1.0079236341708069,0.7637183724500535,0.9980650429857038,1.0057391648068308,0.7669743256464036,0.999485990921844,1.001825859571344,0.7538936604770926,0.9977270305440238,1.0066861962218503,0.762735688794319,0.6082019682790417,0.32189008956050574,0.011686043416316558,0.6073614932603765,0.29908835288638197,0.01243075093037207,8.0,0280,stage4_1203_best,2,1.0,0.2086109909552249,1.7111022829295215,0.7239583333333334,0.9204545454545454,0.19096435642390006,0.7135009033320903,1.3106412224612656,0.3357285204039523,0.8883940133291318,0.9045178217880498,2.0,1.0,0.9973521848190606,1.0082014902736278,1.0,0.9984372105006155,1.9383052933300549,0.9547439676775352,0.6233505730216681,0.0760590210556984,0.9966154449542912,1.346072869416122,1.0095704632003715,final,0.0,0.0,0.6003724032284781,0.02280173667412377,0.0008560030366257151,1.0,0.9995602402986629,1.0015844611850766,0.9450849288755772,0.01126585628313174,1.0,0.0014832493160109438,0.006859279458506983,0.9998371375956037,1.9253165282543754,0.9450849288755772,0.6368934317922073,0.22710861317297196,0.3637539903814551,selected,2.0,1.0,0.19815942642739276,0.006970937337236686,2.0
,,,,,,,,,,,,,,,,,,,,,8.0,0281,stage4_1203_best,8,1.494852699590428,0.3631992417906086,1.6807585478943123,0.7135416666666666,0.8778409090909091,0.16726445624001246,0.7994998247658349,3.3168030471412018,0.5627803195455329,0.5040089441783887,0.9163677718799939,5.0,1.5597438241451862,0.9799973249370443,1.0476325005160747,1.0,0.989022844760194,7.457490801120168,0.9661506753660057,0.19637091524990424,,,,,base,0.0,0.0,,,,,,,,,,,,,,,,0.15297463831698987,0.2588307445843056,candidate,5.0,1.0,0.25822547598359885,0.02579331449341352,5.0
,,,,,,,,,,,,,,,,,,,,,8.0,0281,stage4_1203_best,5,1.4881195456475236,0.5567869995303727,1.6910794017910233,0.7135416666666666,0.8778409090909091,0.16451458698116744,0.7999513218049247,3.2953728258043724,0.7239025340716125,0.5051962253511902,0.9177427065094164,5.0,1.3905840204506985,0.9937590367943632,1.0310731905554813,1.0,0.9931813272669855,4.922263203946847,0.9902592586565374,0.2554256248281369,,,,,base,0.0,0.0,,,,,,,,,,,,,,,,0.23778925699755285,0.21521566032808,selected,5.0,1.0,0.2589048215919708,0.013937332450493717,5.0
,,,,,,,,,,,,,,,,,,,,,8.0,0281,stage4_1203_best,8,1.1646150267001483,0.2991876597025864,1.6448533832043515,0.6875,0.9147727272727273,0.18831037776592946,0.7635839417089686,2.3045003202412326,0.36992239417353445,0.6691095354592232,0.9058448111170353,4.0,1.4711452209478242,0.9549411629996154,1.079899637347111,0.6666666666666666,0.9802123476461801,6.5289321429049565,0.9014998109134315,0.2232944210567459,,,,,provisional,0.0,0.0,,,,,,,,,,,,,,,,0.12360415791434982,0.24934713139308298,candidate,4.0,1.0,0.26146461022792117,0.047201062339104274,4.0
,,,,,,,,,,,,,,,,,,,,,8.0,0281,stage4_1203_best,4,1.082362900896321,0.5565244856565382,1.6328468990165597,0.6875,0.9232954545454546,0.17719137781528432,0.7662937460641603,2.2799206054276104,0.5488555025193286,0.6712657836638082,0.9114043110923579,4.0,1.0908978782726868,0.984587295937622,1.0607098533515282,0.6666666666666666,0.9843628584631295,3.9605486240571164,0.9928469441570626,0.29073394458874696,,,,,provisional,0.0,0.0,,,,,,,,,,,,,,,,0.23208041131888232,0.21838617668762647,selected,4.0,1.0,0.2585867753364341,0.018129182348657194,4.0
,,,,,,,,,,,,,,,,,,,,,8.0,0281,stage4_1203_best,8,1.1731219186120898,0.2996145793123103,1.6446292258460973,0.7083333333333334,0.90625,0.1905668435782503,0.7609228959530157,2.31551551885139,0.37073510439939183,0.6714256978590477,0.9047165782108748,4.0,1.4996620053096055,0.9575377031950426,1.0793524888207524,0.6666666666666666,0.9804252590996313,6.569905807978714,0.9045349342924962,0.22176175297563053,,,,,final,0.0,0.0,,,,,,,,,,,,,,,,0.12391899649791883,0.24895107463149518,candidate,4.0,1.0,0.2614550695797658,0.04589576661217307,4.0
0.996091148846553,1.016063951532962,0.3170673532498791,0.985801697663565,1.0484104863732258,0.31386865827604776,0.972279740998367,1.0850453748885565,0.31682625755561183,0.9969351590606973,1.0131821454103918,0.3071116133610677,0.9901757093745824,1.0364424507726993,0.3209691371934082,0.45704755309961353,0.4388657896008148,0.07965860659775349,0.45793885945780166,0.446387179504057,0.07965860659775349,8.0,0281,stage4_1203_best,4,1.0805326996872164,0.5583842196665328,1.6298065959280255,0.7083333333333334,0.9147727272727273,0.17932778709879535,0.7640042117367466,2.2910252828278796,0.549902730069677,0.6738849264345976,0.9103361064506023,4.0,1.1498954330477782,0.9851143775432968,1.0596999318434133,0.6666666666666666,0.9848327552144195,3.9615451061013167,0.9930295046943606,0.2899795954458217,0.06648620218038559,0.9761691119081609,1.3854245039907709,1.073300527849667,final,0.0,0.0,0.4011985758272444,0.028615178732798674,0.0017031320381154815,1.5577024515773024,0.9967303174850229,1.0130612400990868,0.9889209851722006,0.03183232821043426,0.92578125,0.003301533584797915,0.00967186490104844,0.9983432305412464,3.9391211675332407,0.9889209851722006,0.28460678740580503,0.23208069094060643,0.21393563645816158,selected,4.0,1.0,0.25857267383693927,0.01855281156048862,4.0
,,,,,,,,,,,,,,,,,,,,,8.0,0282,stage4_1203_best,8,1.0883573077873006,0.051915923446264486,1.0052084139911572,1.0,1.0,0.018543642897993977,0.9992972443904209,1.0575796836933957,0.025085907312626114,0.9872463302872158,0.990728178551003,2.0,1.9381729135256853,0.8849536244740442,1.028232346822475,1.0,0.9942132587705831,6.087187717926933,0.8683613707766867,0.2539293114311763,,,,,base,0.0,0.0,,,,,,,,,,,,,,,,0.05890003798692902,0.4438309620212675,candidate,2.0,1.0,0.18884371795193056,0.029483064712745144,2.0
,,,,,,,,,,,,,,,,,,,,,8.0,0282,stage4_1203_best,2,1.0,0.4367296119425833,1.005077690745835,1.0,1.0,0.017557357252503448,0.9993080818021475,1.0554669051475274,0.07250666268369498,0.9876438174310067,0.9912213213737483,2.0,1.0,0.9970887731474226,1.0094617797446566,1.0,0.9981754463743506,1.9550764571903974,0.9671791098475846,0.6046151914553924,,,,,base,0.0,0.0,,,,,,,,,,,,,,,,0.22053993099849314,0.2542655203479331,selected,2.0,1.0,0.2189105533563029,0.007918929901039255,2.0
,,,,,,,,,,,,,,,,,,,,,8.0,0282,stage4_1203_best,8,1.0660436418519048,0.03754330357449095,1.000480220663501,1.0,1.0,0.0019564804260678624,0.9999482936869832,1.0042034798115134,0.0017339389893384395,0.9991184376541682,0.999021759786966,1.0,1.1962402747453622,0.8580118676132432,1.0868345311785075,0.6666666666666666,0.9782115775367862,5.7775725843762205,0.8409670301139767,0.2751630392309807,,,,,provisional,0.0,0.0,,,,,,,,,,,,,,,,0.04035022402347304,0.42035188224642644,candidate,1.0,1.0,0.18664301310849438,0.05039519095416907,1.0
,,,,,,,,,,,,,,,,,,,,,8.0,0282,stage4_1203_best,1,0.0,0.0,1.0,1.0,1.0,0.0,1.0,1.0,0.0,1.0,1.0,1.0,0.0,0.0,1.0,1.0,1.0,1.0,0.0,1.0,,,,,provisional,0.0,0.0,,,,,,,,,,,,,,,,0.2880228852271988,0.0,selected,1.0,1.0,0.21927355750863034,0.0,1.0
,,,,,,,,,,,,,,,,,,,,,8.0,0282,stage4_1203_best,8,1.1040472272254296,0.03671863833775745,1.0006153108388034,1.0,1.0,0.0022782209109324172,0.9999308993923863,1.005051337766477,0.002041937258482133,0.998934268678783,0.9988608895445338,1.0,1.1758913230924157,0.8586618952452124,1.086827120760621,0.6666666666666666,0.9778969414145783,5.866407614025486,0.8485780649187021,0.2701737587210355,,,,,final,0.0,0.0,,,,,,,,,,,,,,,,0.040946236411638366,0.42042372670605066,candidate,1.0,1.0,0.18638991153670878,0.04330557199509291,1.0
0.0,1.0,1.0,0.0,1.0,1.0,0.0,1.0,1.0,0.0,1.0,1.0,0.0,1.0,1.0,0.7164372566015342,0.02471236513798662,0.19769240427230372,0.7164372566015342,0.02471236513798662,0.19769240427230372,8.0,0282,stage4_1203_best,1,0.0,0.0,1.0,1.0,1.0,0.0,1.0,1.0,0.0,1.0,1.0,1.0,0.0,0.0,1.0,1.0,1.0,1.0,0.0,1.0,0.12285883724689484,0.0,1.5045856799149135,1.0,final,0.0,0.0,0.7,0.0,0.0,0.0,0.0,1.0,0.0,0.0,1.0,0.0,0.0,1.0,1.0,0.0,1.0,0.2880228852271988,0.0,selected,1.0,1.0,0.21927355750863034,0.0,1.0
,,,,,,,,,,,,,,,,,,,,,8.0,0283,stage4_1203_best,8,2.5463489818559952,0.12618647276107148,1.433723477442725,0.9166666666666666,0.9147727272727273,0.1915821030526403,0.8573750799690001,1.6658480032444487,0.21909474720206584,0.8173969376805137,0.9042089484736798,6.0,1.928738919989705,0.9815849099755495,1.074398040401149,1.0,0.9853422731245457,7.737867863872158,0.9839297671426993,0.17617399026002106,,,,,base,0.0,0.0,,,,,,,,,,,,,,,,0.11788490264294625,0.4498959258437112,candidate,6.0,1.0,0.2240972164105798,0.028209767408384784,6.0
,,,,,,,,,,,,,,,,,,,,,8.0,0283,stage4_1203_best,6,2.546348982011008,0.23554808251605674,1.4337234775834,0.9166666666666666,0.9147727272727273,0.1915821030095807,0.8573750799549616,1.6658480035055347,0.25427225411354504,0.8173969375970627,0.9042089484952097,6.0,1.7192472564905839,0.9763125130101734,1.0776683162285685,1.0,0.9842394906908976,5.834235375736691,0.9843023036864529,0.21798873262974294,,,,,base,0.0,0.0,,,,,,,,,,,,,,,,0.1571447347414162,0.3203817600121577,selected,6.0,1.0,0.22384932853772344,0.032632528124446634,6.0
,,,,,,,,,,,,,,,,,,,,,8.0,0283,stage4_1203_best,8,2.312314677431311,0.1913399325729934,2.1588769234236014,0.609375,0.84375,0.2489866522147324,0.6849198051264371,1.9313532664917936,0.30671743105984806,0.6868249851543844,0.8755066738926338,5.0,2.6070357765150196,0.9827581007666346,1.0596210573829776,1.0,0.9891303495085924,7.636649008128994,0.9775962537206752,0.18687490018719674,,,,,provisional,0.0,0.0,,,,,,,,,,,,,,,,0.12731985287666572,0.3636242098896104,candidate,5.0,1.0,0.22555063893436458,0.021210167564543966,5.0
,,,,,,,,,,,,,,,,,,,,,8.0,0283,stage4_1203_best,5,2.3181460896935215,0.27781439603528413,2.1747638241700593,0.609375,0.84375,0.24735056648931966,0.685026382521447,1.918184878528561,0.3934405653650789,0.6886399800800381,0.8763247167553403,5.0,1.9187561887584244,0.9936095616490193,1.0274010222069352,1.0,0.9953346121897517,4.886068883614341,0.9856557087476132,0.26081758635142344,,,,,provisional,0.0,0.0,,,,,,,,,,,,,,,,0.16061305372510562,0.32944620807455127,selected,5.0,1.0,0.22610524126002907,0.011355219701311736,5.0
,,,,,,,,,,,,,,,,,,,,,8.0,0283,stage4_1203_best,8,2.175639023261759,0.19195371677464482,2.299680479294948,0.5364583333333334,0.8039772727272727,0.2628405528981252,0.6468742591650428,1.9249234035470877,0.30450131941689385,0.6912139577473434,0.8685797235509374,4.0,2.553053431136172,0.9831760288233743,1.057913198884138,1.0,0.9894366589700294,7.648280348644462,0.9783283842011136,0.1838685449295785,,,,,final,0.0,0.0,,,,,,,,,,,,,,,,0.12450729373714292,0.3657974913207322,candidate,4.0,1.0,0.22535928554783985,0.021597929285688995,4.0
0.998142000247538,1.0105100216190082,0.3399381301212235,0.9947146156989466,1.0246718008262523,0.3422561957208746,0.9963031066644957,1.0190554960573746,0.3473591486149257,0.9976141557367146,1.0138284782401463,0.3503594665652778,0.9957679844725021,1.0204584742339131,0.3369330177931642,0.48183143526912176,0.7009141714826915,0.27834098010926406,0.37114993817960656,0.596037630472027,0.13704967166400606,8.0,0283,stage4_1203_best,4,2.21301745152153,0.22291172556989172,2.3746832062381915,0.5364583333333334,0.8096590909090909,0.25818568892047056,0.6478016550929775,1.8529626733573215,0.43661647274294174,0.7004896587407751,0.8709071555397648,4.0,1.5228659731404188,0.9928783968232185,1.02670289177604,1.0,0.9952698107944589,3.90001301433323,0.9817125827075849,0.3201683580005857,0.148554727435112,0.9937115791762504,1.2175300880940667,1.0272433384018194,final,0.0,0.0,0.4264958722814308,0.13408747000546428,0.16358588436711397,2.5591915010214112,0.9978092728000476,1.0130716102961093,0.9908665415295722,0.03197133664786721,0.9981689453125,0.002734135755690145,0.009728989894891514,0.9984610942381541,3.9497033695813997,0.9908665415295722,0.2987659509274,0.176773441988022,0.35777967226432267,selected,4.0,1.0,0.22617983758938634,0.011328697793469962,4.0
,,,,,,,,,,,,,,,,,,,,,8.0,0284,stage4_1203_best,8,2.6564036628195478,0.2825179451468936,3.0757804050630457,0.3697916666666667,0.8267045454545454,0.29895419115524524,0.5800287294861853,2.869874815803211,0.490449574619192,0.5742160743956022,0.8505229044223774,6.0,3.1472738472383055,0.990267194157411,1.0516206763699585,0.2,0.9911300313321363,7.8926234591462645,0.9934969405554877,0.1480708427939574,,,,,base,0.0,0.0,,,,,,,,,,,,,,,,0.2013147602805879,0.30881424056508505,candidate,6.0,1.0,0.22709761607563028,0.014359246210199047,6.0
,,,,,,,,,,,,,,,,,,,,,8.0,0284,stage4_1203_best,6,2.6202906439062934,0.4157053273973444,3.073848243253248,0.3697916666666667,0.8267045454545454,0.29478567321864574,0.5802945290368228,2.823020438253637,0.5585453267708911,0.5780092186358162,0.8526071633906771,6.0,2.7768809880319485,0.9910439785986626,1.0446018869287008,0.2,0.9923447116102448,5.927626017479477,0.9932159023764866,0.1894962651691064,,,,,base,0.0,0.0,,,,,,,,,,,,,,,,0.21711798428223308,0.25850734488264604,selected,6.0,1.0,0.2277709611235147,0.009522426755645245,6.0
,,,,,,,,,,,,,,,,,,,,,8.0,0284,stage4_1203_best,8,1.8584481669941306,0.3659358153806275,1.927103156217329,0.4375,0.8238636363636364,0.2641810356687138,0.6909930157032651,2.888600556984772,0.4781769514430654,0.5269458649612385,0.8679094821656431,7.0,2.4731465101590016,0.9961200480254983,1.0239807783464914,0.4,0.9961523002342831,7.933658626379506,0.9959940914791984,0.1432601819172375,,,,,provisional,0.0,0.0,,,,,,,,,,,,,,,,0.20640467813403282,0.25109064532177405,candidate,7.0,1.0,0.22741518500400038,0.006406740000878476,7.0
,,,,,,,,,,,,,,,,,,,,,8.0,0284,stage4_1203_best,7,1.8253880773463196,0.36776547484612615,1.9385887674193059,0.4375,0.8238636363636364,0.2598398433493219,0.6916492160297235,2.797043114192451,0.5000759111281329,0.5302437696724471,0.870080078325339,7.0,2.2178663788062347,0.9965677342391194,1.0219613569910986,0.4,0.996465795013646,6.9710542041239565,0.9978675121046847,0.15842471331613397,,,,,provisional,0.0,0.0,,,,,,,,,,,,,,,,0.21344403285747576,0.2555197731264916,selected,7.0,1.0,0.22760875284415302,0.006489677906030641,7.0
,,,,,,,,,,,,,,,,,,,,,8.0,0284,stage4_1203_best,8,1.80696464147608,0.36926603709621014,1.9228546734059448,0.4166666666666667,0.8295454545454546,0.26847739698734113,0.6892445505599611,2.953646435679444,0.48861714839750686,0.5173191521526505,0.8657613015063295,6.0,2.3339553168254183,0.9963172210490813,1.0230623959788518,0.6,0.9962866745053878,7.938178316984299,0.9962683945694182,0.14240305022287608,,,,,final,0.0,0.0,,,,,,,,,,,,,,,,0.2080346529044943,0.24941867863211206,candidate,6.0,1.0,0.22747567594785886,0.00633809534869857,6.0
0.9982954225350343,1.011738513370621,0.228345217493905,0.9961097067616601,1.0247577697031809,0.23242592096621736,0.9953032877958956,1.0285477601516917,0.2219831836596856,0.9986453000142589,1.0097303688322528,0.2306606136439825,0.9966316888011354,1.021227029220432,0.22373179643016164,0.33250234429058434,1.1604120455389306,0.060814584358668815,0.32803755095952675,1.0938603645544764,0.13161684580379476,8.0,0284,stage4_1203_best,6,1.6993946716876542,0.3703411617457082,1.8855924433076114,0.4166666666666667,0.8295454545454546,0.2525342346454305,0.6927468952369739,2.6317985845187795,0.5136810964332885,0.5334548690556319,0.8737328826772849,6.0,2.1661418907847887,0.9965357882901387,1.021999058446438,0.6,0.996447627366617,5.973656060516383,0.9975400682746093,0.18473070032480338,0.152459055185318,0.9948515269437905,1.0471222140035412,1.0309773390160735,final,0.0,0.0,0.21674293508649764,0.07591630350985987,0.12083745425742964,2.535063308986164,0.9989934986375978,1.0074212868028913,0.9960740420893368,0.022698445250831416,1.0,0.0020789482942019898,0.004782316125930697,0.9991835190760542,5.957963480478342,0.9960740420893368,0.19788587584188402,0.20465839276533737,0.26629258961128904,selected,6.0,1.0,0.22760417523058657,0.00718192323059485,6.0
,,,,,,,,,,,,,,,,,,,,,8.0,0285,stage4_1203_best,8,2.6612642390618286,0.3280170790069565,3.141948920154562,0.375,0.8323863636363636,0.31850663628845316,0.5064981856087779,2.9003718448036175,0.49617173109368257,0.5825452372925243,0.8407466818557734,7.0,2.8596920665119807,0.9954826484058027,1.0266975928640831,0.4,0.9957456798827151,7.8623683959532045,0.9916411763097664,0.1516130423689481,,,,,base,0.0,0.0,,,,,,,,,,,,,,,,0.20622352482075346,0.2757815326517578,candidate,7.0,1.0,0.1764204195600058,0.0077901335744591195,7.0
,,,,,,,,,,,,,,,,,,,,,8.0,0285,stage4_1203_best,7,2.6598876783997567,0.3500769810711345,3.137516955330098,0.375,0.8323863636363636,0.31623579105619515,0.5065390598966307,2.857211650152678,0.5234768110959629,0.5840891110322403,0.8418821044719025,7.0,2.5625350213736287,0.9953871550905371,1.0267832932767158,0.4,0.9956629154452017,6.878385196508873,0.9909770003201424,0.17574795153623843,,,,,base,0.0,0.0,,,,,,,,,,,,,,,,0.19845511039322183,0.28775151474299054,selected,7.0,1.0,0.17643003004549523,0.008057838649264197,7.0
,,,,,,,,,,,,,,,,,,,,,8.0,0285,stage4_1203_best,8,2.899947425354527,0.31491254788633766,3.1689266610559685,0.5260416666666666,0.7897727272727273,0.3602381558891337,0.49207690602828363,3.2090882818083606,0.5434680369202255,0.5260215080554678,0.8198809220554332,8.0,2.549757717384163,0.9922487957327266,1.0408636133090392,0.4,0.9929882763210669,7.857970298987968,0.9913621024667244,0.1512616411451085,,,,,provisional,0.0,0.0,,,,,,,,,,,,,,,,0.19446193470003062,0.29735465965415975,candidate,8.0,1.0,0.17588344405881795,0.006829179440092481,8.0
,,,,,,,,,,,,,,,,,,,,,8.0,0285,stage4_1203_best,8,2.899947424153442,0.3149125478890283,3.168926660248415,0.5260416666666666,0.7897727272727273,0.36023815561990674,0.492076906040288,3.2090882813877157,0.5434680368602427,0.5260215080599143,0.8198809221900466,8.0,2.549757717384163,0.9922487957327266,1.0408636133090392,0.4,0.9929882763210669,7.857970298987968,0.9913621024667244,0.1512616411451085,,,,,provisional,0.0,0.0,,,,,,,,,,,,,,,,0.19446193682502588,0.29735466041595837,selected,8.0,1.0,0.17588344405881795,0.006829179440092481,8.0
,,,,,,,,,,,,,,,,,,,,,8.0,0285,stage4_1203_best,8,2.9288482370940274,0.31068207912977186,3.1955786245989284,0.4895833333333333,0.7613636363636364,0.354561201842526,0.49239062411629136,3.190442088804184,0.5404265915756616,0.5151971952870987,0.8227193990787369,7.0,2.56070429756099,0.9917485408922755,1.0421130203983653,0.4,0.9927656343310733,7.85947561360607,0.991448746275323,0.15095127550492912,,,,,final,0.0,0.0,,,,,,,,,,,,,,,,0.1936734065050991,0.2988259675166546,candidate,7.0,1.0,0.17592547545916906,0.006665685575825146,7.0
0.9969603496154636,1.0176918297887216,0.19784519076057067,0.9931832864389692,1.036651691598579,0.2000117321642965,0.9955844995784928,1.0260456235870123,0.19611368181384078,0.9976449160100491,1.0141679541490791,0.19324681270419844,0.9940092893417326,1.032348390370355,0.19873657747049858,0.13850587955422303,0.41979326897676167,0.04381915877643622,0.16457697623102363,0.4640334397331976,0.1310129607913288,8.0,0285,stage4_1203_best,7,2.877202798290491,0.2987382570455175,3.233512291791263,0.4895833333333333,0.7613636363636364,0.3514018972177259,0.49290491754269755,2.978364781054577,0.5434855468212032,0.52974606662769,0.824299051391137,7.0,2.2757410190250797,0.9930684799340451,1.0330701598379048,0.4,0.9943933026557377,6.873299057312297,0.9905845199033736,0.17021960812680345,0.14845147728919983,0.9932567842239682,1.1783303791875903,1.037909506777494,final,0.0,0.0,0.12718982853275723,0.12179867018099838,0.11781486662239289,3.3893884081804746,0.9979664547747943,1.012288819894374,0.98735491288984,0.03064990736727019,0.5711669921875,0.0036272023124195745,0.005348823404370288,0.9986160234230272,6.8299680949645385,0.98735491288984,0.1751954673855926,0.19438434155278428,0.30331459851423903,selected,7.0,1.0,0.17594469094269535,0.0039958246828430185,7.0
,,,,,,,,,,,,,,,,,,,,,8.0,0286,stage4_1203_best,8,2.5165053069976295,0.12126667541281878,1.762989364296753,0.8020833333333334,0.8721590909090909,0.21410456627351152,0.8007881435510408,1.9188044879374242,0.3089390012007138,0.6833504200701749,0.8929477168632443,4.0,2.6506517261924905,0.9828746532876639,1.050161573912297,0.8,0.9911689303184875,7.454611514798984,0.9659088473980071,0.19478994391794907,,,,,base,0.0,0.0,,,,,,,,,,,,,,,,0.10456013443892062,0.4596406484561451,candidate,4.0,1.0,0.14527623826494646,0.010851751637033174,4.0
,,,,,,,,,,,,,,,,,,,,,8.0,0286,stage4_1203_best,4,2.5174989039021023,0.23055689698562562,1.7963180518654567,0.8020833333333334,0.8778409090909091,0.21179144735917352,0.8012157959169282,1.8999585947039577,0.457387496034029,0.6873242550564126,0.8941042763204133,4.0,2.4738475712749883,0.9951577598303952,1.0218897967141223,0.8,0.9965120955883903,3.8893225946809364,0.9797431547354359,0.30913464046890593,,,,,base,0.0,0.0,,,,,,,,,,,,,,,,0.18518923590934233,0.381903824092618,selected,4.0,1.0,0.14669019294813812,0.004205251236557334,4.0
,,,,,,,,,,,,,,,,,,,,,8.0,0286,stage4_1203_best,8,2.623865949350009,0.0934910572974365,1.729331047622562,0.8177083333333334,0.8693181818181818,0.20083055348317885,0.8204628818512203,1.976234465775334,0.3228659311541877,0.6686785585279393,0.8995847232584105,4.0,2.4430571732137527,0.9755838356605049,1.0748226812226673,0.6,0.9860627133584844,7.3003842110598045,0.955727436351728,0.20576214728421977,,,,,provisional,0.0,0.0,,,,,,,,,,,,,,,,0.10141664254474539,0.4550232009653273,candidate,4.0,1.0,0.14462443760078775,0.01367095348559661,4.0
,,,,,,,,,,,,,,,,,,,,,8.0,0286,stage4_1203_best,4,2.6421935489630104,0.24665795684142164,1.7433636409852666,0.8177083333333334,0.8693181818181818,0.19999898341596695,0.8204989639696738,1.9645664590354055,0.4805526221068915,0.6697128502032155,0.9000005082920165,4.0,1.9442790023625396,0.9901221628099154,1.0394409746491655,0.6,0.9929387329214684,3.874308567711509,0.9769201724955969,0.32041231996062447,,,,,provisional,0.0,0.0,,,,,,,,,,,,,,,,0.18857527599651988,0.3766459466267593,selected,4.0,1.0,0.1464060832474807,0.00883629120985184,4.0
,,,,,,,,,,,,,,,,,,,,,8.0,0286,stage4_1203_best,8,2.5860471762327353,0.0936640552728619,1.6562648129072333,0.828125,0.8806818181818182,0.19064226379530877,0.8354015621331605,1.9456084316634286,0.31512732057758575,0.6800534123709928,0.9046788681023457,4.0,2.347574775278046,0.9752477660075768,1.0810637238076808,0.6,0.9846518260079776,7.312264956150718,0.9564557922448766,0.2040365814824298,,,,,final,0.0,0.0,,,,,,,,,,,,,,,,0.10086412481602422,0.4554176976228325,candidate,4.0,1.0,0.14428715606269224,0.014243540524305999,4.0
0.9938040218084557,1.022087879039953,0.364018743924847,0.9924422061766626,1.031771712448922,0.364325718221081,0.9875385456200888,1.0404751885827985,0.34761513498696,0.9888610008579147,1.0344983299971071,0.35008036943095455,0.9937237438741381,1.0262001708599642,0.3625018165903844,0.4026181837100866,0.08474396591720552,0.02296228696953925,0.40273984181934774,0.06956838078923074,0.02511519018275483,8.0,0286,stage4_1203_best,4,2.6081620188087533,0.24547469699433933,1.6722455959540012,0.828125,0.8806818181818182,0.18955805031179015,0.8354554799738687,1.9321098413813245,0.4684844175158047,0.6812948706967723,0.905220974844105,4.0,1.9526570375653327,0.9889659427773712,1.0417889504146143,0.6,0.9924533294125248,3.872873300765702,0.9766397073502286,0.31859431082389444,0.14660954475402832,0.9911310414050889,1.2949767595088946,1.0353997013256748,final,0.0,0.0,0.40062961871157365,0.0426276971775367,0.005634625118326335,1.733556239965372,0.9897416640776879,1.0300797817379108,0.9723045754714014,0.05455560313070998,0.8721923828125,0.004568731489427744,0.01661539794161206,0.995756741481431,3.8498918745513473,0.9723045754714014,0.31015185923994604,0.1877378758349788,0.38097176964835294,selected,4.0,1.0,0.14622210435903613,0.008920834413844735,4.0
,,,,,,,,,,,,,,,,,,,,,8.0,0287,stage4_1203_best,8,1.5295677881160616,0.07934630545114195,1.1833422414454153,0.953125,0.9630681818181818,0.10646788705052357,0.9123430559237121,1.2832677937603547,0.09358475665426885,0.9154632974903064,0.9467660564747381,3.0,2.124054859283589,0.9632561544494693,1.0922389182899264,1.0,0.9818892635657116,7.32166345285121,0.9568231559421652,0.2259659769513252,,,,,base,0.0,0.0,,,,,,,,,,,,,,,,0.08329725229566148,0.4740092363538787,candidate,3.0,1.0,0.14164268256770238,0.01818232103131268,3.0
,,,,,,,,,,,,,,,,,,,,,8.0,0287,stage4_1203_best,3,1.5525934001653015,0.20690810208686958,1.2124801151702682,0.953125,0.9630681818181818,0.09999237843678509,0.9133187206238158,1.232618872602628,0.1529616096394682,0.9234912530152365,0.9500038107816074,3.0,1.7595425584420454,0.994236364498724,1.0240248949648882,1.0,0.9959261877810889,2.925716900741463,0.9771539333719709,0.4352355638708076,,,,,base,0.0,0.0,,,,,,,,,,,,,,,,0.16613040089499378,0.31224457949242207,selected,3.0,1.0,0.14355918932857334,0.008768632944486415,3.0
,,,,,,,,,,,,,,,,,,,,,8.0,0287,stage4_1203_best,8,2.0351462875233692,0.08837386394824796,1.2631203917275142,0.953125,0.9573863636363636,0.12715402510769394,0.9134269741587979,1.631473311386219,0.22148442239813515,0.8103792638736967,0.9364229874461529,4.0,2.037032954338657,0.9714562753140682,1.1088089084701827,1.0,0.9777650451992175,7.4533935668980345,0.9655699949042286,0.20582538066124728,,,,,provisional,0.0,0.0,,,,,,,,,,,,,,,,0.0970256907358187,0.46001400291239486,candidate,4.0,1.0,0.14269803057017383,0.017110267161000343,4.0
,,,,,,,,,,,,,,,,,,,,,8.0,0287,stage4_1203_best,4,2.0873316397910204,0.21285888166059194,1.3019279876789969,0.953125,0.9573863636363636,0.12433612433131368,0.9148168668189811,1.5929937538837784,0.32092543279463404,0.8160935108647497,0.9378319378343432,4.0,1.853399876673323,0.9892465514920296,1.0391232648605844,1.0,0.9928622052852241,3.806715962626744,0.9641651589119392,0.3443430152392124,,,,,provisional,0.0,0.0,,,,,,,,,,,,,,,,0.1792267130555007,0.4148304994702276,selected,4.0,1.0,0.1437352481484705,0.010101246251631906,4.0
,,,,,,,,,,,,,,,,,,,,,8.0,0287,stage4_1203_best,8,1.980736120577914,0.08600702629175562,1.254500467162183,0.9583333333333334,0.9630681818181818,0.12925223484152662,0.9121808207057353,1.5728241481931236,0.20164176160745814,0.8292987249301106,0.9353738825792367,4.0,2.019925342718945,0.9711685898009935,1.107705163429536,1.0,0.9780494644785609,7.453332313087067,0.9655663987565211,0.20276655988821962,,,,,final,0.0,0.0,,,,,,,,,,,,,,,,0.09575767898409127,0.4624371378176585,candidate,4.0,1.0,0.1425511455337501,0.017896132457396765,4.0
0.9927696336073856,1.0304529107125597,0.3779907235128791,0.9879589420274498,1.0446693427825227,0.39003257493588184,0.9876571517382603,1.0489273944137547,0.3911565300957552,0.9914426508794777,1.032960371957587,0.3867965349799977,0.9883685815024488,1.0464905042715538,0.3659112065663662,0.5164252210007395,0.1875832482981716,0.1242362537963576,0.5182731169900816,0.22306335920757583,0.12272937698374164,8.0,0287,stage4_1203_best,4,2.0304280862654958,0.2014649803213372,1.2937138231700878,0.9583333333333334,0.9630681818181818,0.12657633971960291,0.913605549667541,1.5332502370801178,0.290730033691778,0.8352894562703647,0.9367118301401987,4.0,1.9474567277916746,0.990049325083544,1.0384464511777427,1.0,0.9931020890950079,3.823729905373484,0.9674031726183536,0.3396286961637636,0.15639623999595642,0.9869676894045726,1.3095539966473337,1.050334252605786,final,0.0,0.0,0.4010439906280818,0.03984880861005211,0.007947185447849526,2.081487847893824,0.9922477817007258,1.030761899506903,0.9708835699768182,0.05573815648166296,0.9603271484375,0.005323595552793453,0.016917503532705137,0.995783614085291,3.8421181362098813,0.9708835699768182,0.3240635109968373,0.17653476253646605,0.42027106828206245,selected,4.0,1.0,0.14370132597784524,0.009549620436249942,4.0
,,,,,,,,,,,,,,,,,,,,,8.0,0288,stage4_1203_best,8,1.0,0.011882150052862165,1.210049633899163,0.9479166666666666,0.96875,0.10564430730182921,0.9219032902418022,1.2689109401211391,0.09877292713153106,0.9068268029516641,0.9471778463490853,2.0,1.2316253108759396,0.9769302339289438,1.1025426298501135,0.8,0.9776044829758369,6.930784471263567,0.9295582020538822,0.24089034892150202,,,,,base,0.0,0.0,,,,,,,,,,,,,,,,0.06017557965509662,0.2736030374826971,candidate,2.0,1.0,0.21692947335553936,0.01597541699185058,2.0
,,,,,,,,,,,,,,,,,,,,,8.0,0288,stage4_1203_best,2,1.0,0.3327002015327268,1.2100496338976454,0.9479166666666666,0.96875,0.10564430733957159,0.9219032902444358,1.2689109401654306,0.2963187814519971,0.9068268029413531,0.9471778463302141,2.0,1.0,0.9990126496754754,1.004255079901898,0.8,0.9993843653170524,1.9990962957353666,0.9993477080165453,0.511152666961662,,,,,base,0.0,0.0,,,,,,,,,,,,,,,,0.24038609083934967,0.3255822236084299,selected,2.0,1.0,0.2231564486589652,0.0028836644789738603,2.0
,,,,,,,,,,,,,,,,,,,,,8.0,0288,stage4_1203_best,8,1.0,0.01304490275557125,1.2414804292678123,0.9322916666666666,0.9460227272727273,0.11722575829380184,0.9117154422812963,1.3151631127347707,0.11526759442698209,0.8898566953954061,0.941387120853099,2.0,1.268606895303897,0.9614686277945574,1.1327215811064109,0.8,0.9738489173950902,6.602074314604093,0.903676702873018,0.26582486443429254,,,,,provisional,0.0,0.0,,,,,,,,,,,,,,,,0.0609194022433554,0.26989064554811165,candidate,2.0,1.0,0.2114124276040321,0.03425247173108315,2.0
,,,,,,,,,,,,,,,,,,,,,8.0,0288,stage4_1203_best,2,1.0,0.3652572772675458,1.2414804292840043,0.9322916666666666,0.9460227272727273,0.11722575835265796,0.9117154422860657,1.3151631128326564,0.3458027833824169,0.8898566953631563,0.9413871208236709,2.0,1.0,0.998994472554293,1.0043235727095596,0.8,0.9993729395453004,1.9990340657270682,0.9993028408584205,0.5127456068689105,,,,,provisional,0.0,0.0,,,,,,,,,,,,,,,,0.24336138119238476,0.31522043505365466,selected,2.0,1.0,0.2230812740397163,0.008852118475879064,2.0
,,,,,,,,,,,,,,,,,,,,,8.0,0288,stage4_1203_best,8,1.0,0.01201147345980757,1.2042197828711818,0.9479166666666666,0.96875,0.10456030636579908,0.9245005807005336,1.267737275973802,0.0982497618144547,0.9071672430381845,0.9477198468171004,2.0,1.24645494247697,0.9668465044783396,1.1221768693420036,0.6,0.9754216959903553,6.65361100767071,0.90817535752567,0.2625070038752513,,,,,final,0.0,0.0,,,,,,,,,,,,,,,,0.059709231625336215,0.274401205769975,candidate,2.0,1.0,0.2124599082987852,0.0308224017245962,2.0
0.9990881616688406,1.0039411029846996,0.5461681443353248,0.9985145745003302,1.0060681116249852,0.5453399733438465,0.9987198046583708,1.0053228583651015,0.5451106602616692,0.9992256772613537,1.003413563314753,0.5416614881945331,0.9983074178272404,1.0068072417096183,0.5451882645793981,0.6002026288712597,0.007322717104434141,0.012844880286931384,0.6010799800336396,0.040358492599717216,0.011679778334007967,8.0,0288,stage4_1203_best,2,1.0,0.3363212573418997,1.2042197827052503,0.9479166666666666,0.96875,0.10456030642680005,0.9245005807670919,1.267737276210754,0.29474928568041653,0.9071672429554253,0.9477198467866,2.0,1.0,0.9988305963529989,1.0049469069062225,0.6,0.9992700882458694,1.9992670027710482,0.9994709718264048,0.5111205814604125,0.14776715636253357,0.9981295789031199,1.0951123869019417,1.0074277516986998,final,0.0,0.0,0.6010555372171758,0.04369042206135366,0.003897661876753259,1.0,0.9994205843165719,1.0026285976817917,0.9978969417847987,0.013432971096143123,1.0,0.0009651439727850843,0.008489297786256126,0.9997134937204117,1.9970875114620519,0.9978969417847987,0.5256183683376761,0.238520698720308,0.3279611442960975,selected,2.0,1.0,0.2230706432277872,0.009648409684480087,2.0
,,,,,,,,,,,,,,,,,,,,,8.0,0289,stage4_1203_best,8,0.0,0.0,1.0,1.0,1.0,0.0,1.0,1.0,0.0,1.0,1.0,1.0,1.4797981916152643,0.9965176822145966,1.020066003037626,1.0,0.996541113714146,6.4728335536938015,0.8978444955381053,0.37726171259488883,,,,,base,0.0,0.0,,,,,,,,,,,,,,,,0.03609509375620227,0.12500004967053732,candidate,1.0,1.0,0.19181300274527155,0.008068862984744575,1.0
,,,,,,,,,,,,,,,,,,,,,8.0,0289,stage4_1203_best,1,0.0,0.0,1.0,1.0,1.0,0.0,1.0,1.0,0.0,1.0,1.0,1.0,0.0,0.0,1.0,1.0,1.0,1.0,0.0,1.0,,,,,base,0.0,0.0,,,,,,,,,,,,,,,,0.2880228852271988,0.0,selected,1.0,1.0,0.19293528594786033,0.0,1.0
,,,,,,,,,,,,,,,,,,,,,8.0,0289,stage4_1203_best,8,0.0,0.0,1.0,1.0,1.0,0.0,1.0,1.0,0.0,1.0,1.0,1.0,1.0771369849997523,0.9842794993176627,1.0699182767480873,1.0,0.9842245605786131,5.544998688516729,0.8188979996730259,0.4694085653977306,,,,,provisional,0.0,0.0,,,,,,,,,,,,,,,,0.03609509375620227,0.12500004967053732,candidate,1.0,1.0,0.19508284315550914,0.008181279874967716,1.0
,,,,,,,,,,,,,,,,,,,,,8.0,0289,stage4_1203_best,1,0.0,0.0,1.0,1.0,1.0,0.0,1.0,1.0,0.0,1.0,1.0,1.0,0.0,0.0,1.0,1.0,1.0,1.0,0.0,1.0,,,,,provisional,0.0,0.0,,,,,,,,,,,,,,,,0.2880228852271988,0.0,selected,1.0,1.0,0.19293528594786033,0.0,1.0
,,,,,,,,,,,,,,,,,,,,,8.0,0289,stage4_1203_best,8,0.0,0.0,1.0,1.0,1.0,0.0,1.0,1.0,0.0,1.0,1.0,1.0,1.05954652723174,0.982947587758454,1.0731941518176398,1.0,0.9833453888519832,5.555674861419149,0.8195039298064927,0.46865400118759615,,,,,final,0.0,0.0,,,,,,,,,,,,,,,,0.03609509375620227,0.12500004967053732,candidate,1.0,1.0,0.19577737771962267,0.00812868320177282,1.0
0.0,1.0,1.0,0.0,1.0,1.0,0.0,1.0,1.0,0.0,1.0,1.0,0.0,1.0,1.0,0.7,0.0,0.0,0.7,0.0,0.0,8.0,0289,stage4_1203_best,1,0.0,0.0,1.0,1.0,1.0,0.0,1.0,1.0,0.0,1.0,1.0,1.0,0.0,0.0,1.0,1.0,1.0,1.0,0.0,1.0,0.16018620133399963,0.0,1.1293180627037276,1.0,final,0.0,0.0,0.7,0.0,0.0,0.0,0.0,1.0,0.0,0.0,1.0,0.0,0.0,1.0,1.0,0.0,1.0,0.2880228852271988,0.0,selected,1.0,1.0,0.19293528594786033,0.0,1.0
,,,,,,,,,,,,,,,,,,,,,8.0,0290,stage4_1203_best,8,1.0,0.02721848521188765,1.040889341880931,1.0,1.0,0.04363253254634985,0.9929959603799451,1.3397049516637078,0.1339810623258625,0.9060986120751728,0.9781837337268251,2.0,1.4896723570674912,0.9690954616390615,1.0572732124114366,1.0,0.9887068423913739,5.482975304301276,0.8148074749490598,0.34352202637028534,,,,,base,0.0,0.0,,,,,,,,,,,,,,,,0.06449128760521439,0.1961048790507643,candidate,2.0,1.0,0.2027428162904438,0.018004290688091323,2.0
,,,,,,,,,,,,,,,,,,,,,8.0,0290,stage4_1203_best,2,1.0,0.7621175861960828,1.0408893418967262,1.0,1.0,0.043632532502876874,0.992995960379955,1.3397049519364248,0.40194318726779604,0.9060986119872986,0.9781837337485616,2.0,1.0,0.9963927727145793,1.0131304981037554,1.0,0.9977865733894266,1.9948477096967785,0.9962713555498017,0.5289959284567323,,,,,base,0.0,0.0,,,,,,,,,,,,,,,,0.25764892263982064,0.15669815040001575,selected,2.0,1.0,0.2150093355479725,0.008997660029554502,2.0
,,,,,,,,,,,,,,,,,,,,,8.0,0290,stage4_1203_best,8,1.0,0.030263652705854426,1.0869976683604412,1.0,1.0,0.06186941016966405,0.983745911845445,1.5881762343888761,0.21694532664081692,0.812768803384024,0.969065294915168,2.0,1.6523456500307432,0.9779784526089158,1.0297229932993863,1.0,0.9947919772415096,5.40126926650928,0.8094559949561665,0.33989522113256176,,,,,provisional,0.0,0.0,,,,,,,,,,,,,,,,0.06802982276192307,0.2054418352966745,candidate,2.0,1.0,0.20926648177654186,0.014833741280087192,2.0
,,,,,,,,,,,,,,,,,,,,,8.0,0290,stage4_1203_best,2,1.0,0.8473822760728982,1.086997668244871,1.0,1.0,0.061869410160916655,0.9837459118710862,1.588176234590699,0.6508359801451739,0.8127688033242139,0.9690652949195417,2.0,1.0,0.9992060740181258,1.0035075304465915,1.0,0.999505221094533,1.9992513149857292,0.9994595512384425,0.5093811277221751,,,,,provisional,0.0,0.0,,,,,,,,,,,,,,,,0.27180306326665543,0.11167550814719707,selected,2.0,1.0,0.21516963427810573,0.003973343419863071,2.0
,,,,,,,,,,,,,,,,,,,,,8.0,0290,stage4_1203_best,8,1.0,0.0301222355158515,1.0777234987532585,1.0,1.0,0.05960741005200676,0.9857154456296925,1.5559954929263557,0.20698410718227594,0.8268398978665581,0.9701962949739967,2.0,1.6342848526141995,0.978096745423127,1.0297819354437803,0.8,0.9947620686993022,5.308247678744644,0.8008722585386043,0.34519490604872016,,,,,final,0.0,0.0,,,,,,,,,,,,,,,,0.06778776102382354,0.2046497117827941,candidate,2.0,1.0,0.20904913088908075,0.01505007677511977,2.0
0.9996199868603735,1.001819083437802,0.5097545306440244,0.9986331742225059,1.0056773027738577,0.5121145685387007,0.9990150735172485,1.0042493560208356,0.5132463548000111,0.9994745219094553,1.0024298943809553,0.5146889388853217,0.9995309927729957,1.0021964548485398,0.5073221780899874,0.6039555595961431,0.15851742831159854,0.016364060631050465,0.6043174915887564,0.18665961732616929,0.016345667278797604,8.0,0290,stage4_1203_best,2,1.0,0.8434225947880566,1.0777234986193358,1.0,1.0,0.059607409931644754,0.9857154456620733,1.5559954930796867,0.6209523217257328,0.8268398978314991,0.9701962950341776,2.0,1.0,0.9991551847235316,1.0037064889395024,0.8,0.999473451583324,1.999227524747355,0.9994423810526081,0.509869295300607,0.16155707836151123,0.9991563037102135,1.125600758628059,1.0037047114565667,final,0.0,0.0,0.6002369391492511,0.028142189014570735,0.0012209611251795722,1.0,0.9997420995199401,1.0012836107327288,0.9997439532158715,0.009355886963892626,0.8836669921875,0.0009793699160100368,0.0056768959176401205,0.9998711509242981,1.9996451013977072,0.9997439532158715,0.5081680691291941,0.27083481830892364,0.11308028746208686,selected,2.0,1.0,0.21516782017356959,0.003716531177604965,2.0
,,,,,,,,,,,,,,,,,,,,,8.0,0291,stage4_1203_best,8,1.0,0.02526758514006839,1.0240759992332364,1.0,1.0,0.026695950621832724,0.9961541157622136,1.2323382488157715,0.09492166251573553,0.9400908185977345,0.9866520246890836,2.0,2.208081557298539,0.8915402161971532,1.0553846655832675,1.0,0.9899539040428962,4.792346625373327,0.7518677612514147,0.41218551181684876,,,,,base,0.0,0.0,,,,,,,,,,,,,,,,0.061423450745140974,0.18968194754479134,candidate,2.0,1.0,0.17662328324902538,0.04779402990742877,2.0
,,,,,,,,,,,,,,,,,,,,,8.0,0291,stage4_1203_best,2,1.0,0.7074923840185896,1.0240759992958495,1.0,1.0,0.02669595068900209,0.9961541157506627,1.2323382491532182,0.28476498791721927,0.940090818492524,0.9866520246554988,2.0,1.0,0.991615273839487,1.0229374809900718,1.0,0.9957152079459821,1.9434655571544084,0.9584960464637422,0.6151951030589818,,,,,base,0.0,0.0,,,,,,,,,,,,,,,,0.24537757519952708,0.20375633922327996,selected,2.0,1.0,0.18543350143589826,0.014481451581913623,2.0
,,,,,,,,,,,,,,,,,,,,,8.0,0291,stage4_1203_best,8,1.0,0.011991906320832454,1.0060126224621084,1.0,1.0,0.015583106661135266,0.9991040972036098,1.04382499876212,0.018707605260712648,0.9897545888947049,0.9922084466694323,2.0,1.5478910307699019,0.9237190582301167,1.0473880115742151,1.0,0.9912506373618747,5.262763706165502,0.7948110719150913,0.3394013738594607,,,,,provisional,0.0,0.0,,,,,,,,,,,,,,,,0.05856716736467318,0.28926205803317245,candidate,2.0,1.0,0.18781144942966627,0.018388845140699155,2.0
,,,,,,,,,,,,,,,,,,,,,8.0,0291,stage4_1203_best,2,1.0,0.33577337704921917,1.0060126224711015,1.0,1.0,0.015583106681431263,0.9991040972021216,1.0438249988034098,0.0561228158310337,0.9897545888834075,0.9922084466592843,2.0,1.0,0.9980740245824518,1.0076283035743625,1.0,0.9988063374128263,1.997105065423629,0.9979087141929158,0.5220007984639723,,,,,provisional,0.0,0.0,,,,,,,,,,,,,,,,0.2339524416776559,0.34465210452459455,selected,2.0,1.0,0.18508987040991504,0.004394378217418714,2.0
,,,,,,,,,,,,,,,,,,,,,8.0,0291,stage4_1203_best,8,1.0,0.009183867622213715,1.002722376670835,1.0,1.0,0.008687400801012735,0.9996426539694314,1.0216081681670168,0.009364331081837025,0.9951312243439565,0.9956562995994936,1.0,1.805781973337051,0.9208239217003287,1.0477584375284272,0.8,0.9914261108500211,5.257249431616276,0.79469711520215,0.3398971549784846,,,,,final,0.0,0.0,,,,,,,,,,,,,,,,0.05421190236223051,0.2946306351080349,candidate,1.0,1.0,0.1876750092887592,0.01988653277353531,1.0
0.0,1.0,1.0,0.0,1.0,1.0,0.0,1.0,1.0,0.0,1.0,1.0,0.0,1.0,1.0,0.7193250747304164,0.11981836301495208,0.3206707474508485,0.6603306199565828,1.859690814751863,0.1143299179357951,8.0,0291,stage4_1203_best,1,0.0,0.0,1.0,1.0,1.0,0.0,1.0,1.0,0.0,1.0,1.0,1.0,0.0,0.0,1.0,1.0,1.0,1.0,0.0,1.0,0.15815043449401855,0.0,1.2507841851247894,1.0,final,0.0,0.0,0.725619496335507,0.020490822233184974,0.3983326679466898,0.0,0.0,1.0,0.0,0.0,1.0,0.0,0.0,1.0,1.0,0.0,1.0,0.2880228852271988,0.0,selected,1.0,1.0,0.18508206617405015,0.0,1.0
,,,,,,,,,,,,,,,,,,,,,8.0,0292,stage4_1203_best,8,0.0,0.0,1.0,1.0,1.0,0.0,1.0,1.0,0.0,1.0,1.0,1.0,1.251465924344704,0.9961642133153452,1.0299784453571292,1.0,0.9947873692227798,6.614868243122795,0.9081114605776577,0.35627239936247723,,,,,base,0.0,0.0,,,,,,,,,,,,,,,,0.03609509375620227,0.12500004967053732,candidate,1.0,1.0,0.11453106809066572,0.004187252807593045,1.0
,,,,,,,,,,,,,,,,,,,,,8.0,0292,stage4_1203_best,1,0.0,0.0,1.0,1.0,1.0,0.0,1.0,1.0,0.0,1.0,1.0,1.0,0.0,0.0,1.0,1.0,1.0,1.0,0.0,1.0,,,,,base,0.0,0.0,,,,,,,,,,,,,,,,0.2880228852271988,0.0,selected,1.0,1.0,0.11429258296926324,0.0,1.0
,,,,,,,,,,,,,,,,,,,,,8.0,0292,stage4_1203_best,8,1.0,0.0042751457971594116,1.011891008358412,1.0,1.0,0.010515815149110928,0.9971284384921135,1.0200249551229483,0.007556139028967193,0.9936493298662127,0.9947420924254445,1.0,1.648946675675467,0.9774774404516601,1.063973485629776,0.8,0.9874099736374488,5.747225335165236,0.8384397998581654,0.3276561325129515,,,,,provisional,0.0,0.0,,,,,,,,,,,,,,,,0.041945495417156343,0.2993299688526272,candidate,1.0,1.0,0.11377665588469632,0.011190497715934463,1.0
,,,,,,,,,,,,,,,,,,,,,8.0,0292,stage4_1203_best,1,0.0,0.0,1.0,1.0,1.0,0.0,1.0,1.0,0.0,1.0,1.0,1.0,0.0,0.0,1.0,1.0,1.0,1.0,0.0,1.0,,,,,provisional,0.0,0.0,,,,,,,,,,,,,,,,0.2880228852271988,0.0,selected,1.0,1.0,0.11429258296926324,0.0,1.0
,,,,,,,,,,,,,,,,,,,,,8.0,0292,stage4_1203_best,8,1.0,0.004446266678018425,1.0159604596667717,1.0,1.0,0.01287069785262434,0.9957292903304144,1.0246086350440404,0.009255097129541279,0.9919153760237444,0.9935646510736877,1.0,1.6628770889349662,0.9779392431003195,1.0635400052094137,0.8,0.9874286873355679,5.7661485678713635,0.84010072121545,0.3276851455838338,,,,,final,0.0,0.0,,,,,,,,,,,,,,,,0.04269001313173065,0.29879939463242594,candidate,1.0,1.0,0.11383270641999191,0.011537524632343527,1.0
0.0,1.0,1.0,0.0,1.0,1.0,0.0,1.0,1.0,0.0,1.0,1.0,0.0,1.0,1.0,0.7,0.0,0.0,0.7,0.0,0.0,8.0,0292,stage4_1203_best,1,0.0,0.0,1.0,1.0,1.0,0.0,1.0,1.0,0.0,1.0,1.0,1.0,0.0,0.0,1.0,1.0,1.0,1.0,0.0,1.0,0.13871729373931885,0.0,0.9562600851760384,1.0,final,0.0,0.0,0.7,0.0,0.0,0.0,0.0,1.0,0.0,0.0,1.0,0.0,0.0,1.0,1.0,0.0,1.0,0.2880228852271988,0.0,selected,1.0,1.0,0.11429258296926324,0.0,1.0
,,,,,,,,,,,,,,,,,,,,,8.0,0653,stage4_1203_best,8,1.0,0.03184548275606268,1.2149735009354137,0.6927083333333334,0.8551136363636364,0.08361485312137626,0.9548728722775195,1.9194302068106843,0.31240725343879283,0.6083788740581284,0.9581925734393117,2.0,1.590158603964864,0.9883843356137441,1.0632385137685785,0.8,0.987436141330529,7.257107812074167,0.9527006367337074,0.227006623706019,,,,,base,0.0,0.0,,,,,,,,,,,,,,,,0.07070917884513801,0.21498732280629404,candidate,2.0,1.0,0.18574625471361594,0.011731849561258945,2.0
,,,,,,,,,,,,,,,,,,,,,8.0,0653,stage4_1203_best,2,1.0,0.8916735171609816,1.2149735009434741,0.6927083333333334,0.8551136363636364,0.08361485314293027,0.9548728722671369,1.9194302067971751,0.9372217603126907,0.608378874072164,0.9581925734285348,2.0,1.0,0.9989636753138756,1.0044463777625292,0.8,0.9993531021389988,1.9993848027177468,0.9995560007029775,0.5090108126286588,,,,,base,0.0,0.0,,,,,,,,,,,,,,,,0.2825204875995152,0.08787418712556905,selected,2.0,1.0,0.1889896785558343,0.0038530759935873032,2.0
,,,,,,,,,,,,,,,,,,,,,8.0,0653,stage4_1203_best,8,1.0,0.033763874766870906,1.0844496019257075,1.0,1.0,0.04768621283540356,0.9851091548726019,1.8419945414078687,0.29264942422377227,0.6871458283158645,0.9761568935822983,2.0,1.4185192089365501,0.9879502923899844,1.0603534214851673,0.8,0.9891088694143255,7.098386225231328,0.9417251653080851,0.24024115560151302,,,,,provisional,0.0,0.0,,,,,,,,,,,,,,,,0.07083653094250326,0.213040174844293,candidate,2.0,1.0,0.1838643190566092,0.01826272794504383,2.0
,,,,,,,,,,,,,,,,,,,,,8.0,0653,stage4_1203_best,2,1.0,0.945388493596788,1.0844496017735423,1.0,1.0,0.04768621282922278,0.985109154895824,1.8419945414899221,0.8779482727530682,0.6871458282891821,0.9761568935853885,2.0,1.0,0.9994636731220243,1.0024739196373151,0.8,0.9996652863716451,1.9994351946627655,0.999592440852512,0.5091832549176192,,,,,provisional,0.0,0.0,,,,,,,,,,,,,,,,0.2830298959889762,0.05040351970536943,selected,2.0,1.0,0.18897705236413956,0.0035781049801820765,2.0
,,,,,,,,,,,,,,,,,,,,,8.0,0653,stage4_1203_best,8,1.0,0.033628273549457195,1.0961308691450662,1.0,1.0,0.05081852144495393,0.9827230234247424,1.8608749715898727,0.29755304365256563,0.6718715492964936,0.974590739277523,2.0,1.4423767196877495,0.9891647056408612,1.0553137289996775,0.8,0.9900498263283767,7.098458921189826,0.9418274940444771,0.24052970825626857,,,,,final,0.0,0.0,,,,,,,,,,,,,,,,0.07086116337537686,0.2132083511349148,candidate,2.0,1.0,0.18413832852254924,0.01736981407518364,2.0
0.9996082945894934,1.0018694298600055,0.5074186118141969,0.9991691838346551,1.003654778068793,0.51138293415618,0.9997042696099719,1.001452508939126,0.5093217650794668,0.99967901955953,1.0015639389020428,0.5011728059064612,0.9994045709409991,1.0027177822577156,0.5092665046016961,0.6021928580876162,0.1787343413594046,0.01157234611515845,0.6024517253568449,0.2091049479526309,0.011281301634634333,8.0,0653,stage4_1203_best,2,1.0,0.9415916593848015,1.0961308691450662,1.0,1.0,0.05081852144495393,0.9827230234247424,1.8608749715898727,0.8926591309576969,0.6718715492964936,0.974590739277523,2.0,1.0,0.9993887341717979,1.0027797917317263,0.8,0.9996185278690266,1.999373196569881,0.9995476951609432,0.5091483682795996,0.16983839869499207,0.9993904043731525,1.2447828026146255,1.0027759532608327,final,0.0,0.0,0.6001897209734044,0.030627443030898538,0.0010408857896730174,1.0,0.9998373970766381,1.0008472442508334,0.9999280018577975,0.0074904112176378684,0.6571044921875,0.0008301808027742288,0.004508466029971849,0.999918701179564,1.999900195453997,0.9999280018577975,0.5041200353687559,0.2831284257204706,0.05376067240673679,selected,2.0,1.0,0.18897069375754802,0.004463956248953309,2.0
,,,,,,,,,,,,,,,,,,,,,8.0,0273,stage4_1203_latest,8,2.1265935882502722,0.2561525771770813,2.786044270881666,0.4375,0.7840909090909091,0.33934085325090213,0.5818704788095104,2.932370362624075,0.49210916759342427,0.562014391779134,0.8303295733745489,7.0,1.5280579505226095,0.9747233445745559,1.0673391093329134,0.6666666666666666,0.9834420601597174,7.679328408369762,0.9801314891305831,0.1637965452099707,,,,,base,0.0,0.0,,,,,,,,,,,,,,,,0.18452780600028978,0.3471098250694741,candidate,7.0,1.0,0.09854138403421109,0.010448183196686259,7.0
,,,,,,,,,,,,,,,,,,,,,8.0,0273,stage4_1203_latest,7,2.1265935870679757,0.3415367692931332,2.786044270031087,0.4375,0.7840909090909091,0.3393408534062459,0.5818704789088285,2.9323703626029327,0.5258784669975086,0.5620143916666579,0.830329573296877,7.0,1.4899583998483956,0.9900290648251581,1.0437627927824191,0.6666666666666666,0.9898951793966543,6.890445293048028,0.9918739028634576,0.17462741535784235,,,,,base,0.0,0.0,,,,,,,,,,,,,,,,0.21087386066330358,0.28956749516809915,selected,7.0,1.0,0.09841234142514792,0.00782294860424361,7.0
,,,,,,,,,,,,,,,,,,,,,8.0,0273,stage4_1203_latest,8,2.169897334137999,0.2615308686550736,2.722708417382204,0.5625,0.8238636363636364,0.38264505130343535,0.5706307097638206,2.736582514406001,0.45701827324487343,0.6154550806470961,0.8086774743482824,7.0,1.3674645914261925,0.9761647192401834,1.0520481978108263,0.6666666666666666,0.987781852008121,7.555858746708899,0.9722101210162425,0.16096657806059222,,,,,provisional,0.0,0.0,,,,,,,,,,,,,,,,0.19151791675949956,0.3293007206473627,candidate,7.0,1.0,0.09884513786632673,0.009433170305682808,7.0
,,,,,,,,,,,,,,,,,,,,,8.0,0273,stage4_1203_latest,7,2.1570225629852486,0.31191216863842974,2.711962835914909,0.5625,0.8238636363636364,0.3805400219776827,0.5708657120302845,2.7125872231130317,0.4841996946847503,0.6170609275771294,0.8097299890111587,7.0,1.5997716807273377,0.9822801379027896,1.0332619681737567,0.6666666666666666,0.9928681511024661,6.698439964973009,0.9772225300173876,0.17377645463963165,,,,,provisional,0.0,0.0,,,,,,,,,,,,,,,,0.20032024080485022,0.29587308216965014,selected,7.0,1.0,0.0987658950464382,0.008054650455738265,7.0
,,,,,,,,,,,,,,,,,,,,,8.0,0273,stage4_1203_latest,8,2.147326654414655,0.25588107689624423,2.6972831946173352,0.5729166666666666,0.8210227272727273,0.38260253255399446,0.5701593476218006,2.7092715505577067,0.45253427599511675,0.6159731783541392,0.8086987337230028,6.0,1.3224631616351672,0.9781431388096573,1.0487153232815716,0.6666666666666666,0.9885992286057048,7.550336648683586,0.9718806901440696,0.16140229754504629,,,,,final,0.0,0.0,,,,,,,,,,,,,,,,0.18884253268154577,0.33253153657928575,candidate,6.0,1.0,0.09884605568874931,0.00891089717171865,6.0
0.9880878558492602,1.0210702200958695,0.25306262136044466,0.982218981449618,1.0332818961693133,0.25253767961486784,0.9845617920882337,1.038948956030771,0.26536572355739113,0.9926347229810439,1.0172043879265402,0.2473706244442414,0.9791164797965057,1.0356389268797055,0.25381245758821375,0.2656378254522316,0.7384703652209413,0.08966223725248529,0.1818265169505779,0.5994571825667209,0.023680711777889135,8.0,0273,stage4_1203_latest,6,1.9934706574516456,0.27676975266147374,2.476127769022046,0.5729166666666666,0.8210227272727273,0.37391606202215594,0.5708642106924049,2.0844473234674865,0.3770982101067776,0.7136412464679434,0.813041968988922,6.0,1.5195123016585041,0.9823553396098628,1.034782166489136,0.6666666666666666,0.9924313037166654,5.705891886986716,0.971761086178256,0.20825727024485927,0.09658529609441757,0.9812466594911576,1.345704476609044,1.0392485910714124,final,0.0,0.0,0.21749648365329385,0.26099855128752464,0.08093762217745037,2.4441845313595163,0.9925229648523579,1.0168004610557277,0.9673191302465746,0.039094206607552195,1.0,0.003053433138178147,0.007938212028141562,0.9979535112128504,5.659428054393988,0.9673191302465746,0.21628199228896622,0.19649817380282755,0.30804862188540716,selected,6.0,1.0,0.0988042008316667,0.008235177776449588,6.0
,,,,,,,,,,,,,,,,,,,,,8.0,0274,stage4_1203_latest,8,3.477311116516257,0.17039075839801815,2.059578403806086,0.7760416666666666,0.7727272727272727,0.2527585994280526,0.7776051161792897,2.492236654378775,0.43194363158134363,0.5691338026104068,0.8736207002859738,5.0,1.7221260249297994,0.9461785037487559,1.0780933320857689,0.3333333333333333,0.9809637652614761,7.054820720151557,0.9390795722566323,0.1850279316195277,,,,,base,0.0,0.0,,,,,,,,,,,,,,,,0.15863911391974822,0.37924089742663136,candidate,5.0,1.0,0.18116176840652284,0.042747900439609625,5.0
,,,,,,,,,,,,,,,,,,,,,8.0,0274,stage4_1203_latest,5,3.3242477859764126,0.26975449797431644,2.09259414073501,0.7760416666666666,0.7727272727272727,0.24827062497317198,0.7782971572626944,2.4394183353474084,0.5450745110694334,0.5746524742628352,0.875864687513414,5.0,1.5592397056578293,0.9148068398619221,1.0844717541565727,0.3333333333333333,0.9785732849324793,4.313070119757545,0.9073015085583868,0.27521199400766655,,,,,base,0.0,0.0,,,,,,,,,,,,,,,,0.19570971523743647,0.3275183279799888,selected,5.0,1.0,0.1764309989043796,0.058692537461426456,5.0
,,,,,,,,,,,,,,,,,,,,,8.0,0274,stage4_1203_latest,8,3.555213987629426,0.1496057567553304,2.64867072553618,0.4166666666666667,0.71875,0.3156939249799415,0.6930680690541012,2.604888772214557,0.45432697496368435,0.5423950309862616,0.842153037510029,5.0,1.6541278618798785,0.9505390014242315,1.0496674631900702,1.0,0.9888019996480865,6.990959930092646,0.9344921513266917,0.188518232599872,,,,,provisional,0.0,0.0,,,,,,,,,,,,,,,,0.14043539542040273,0.36264113427898725,candidate,5.0,1.0,0.18028549449562256,0.04392957292772362,5.0
,,,,,,,,,,,,,,,,,,,,,8.0,0274,stage4_1203_latest,5,3.5301296479970943,0.2738855042114405,2.659123678952412,0.4166666666666667,0.71875,0.3141869984082455,0.6932534029384038,2.58268156191031,0.5820728754471974,0.5440402781929982,0.8429065007958773,5.0,1.5194595352190128,0.9298879994463327,1.0375503408730689,1.0,0.9916191783483095,4.32207304677446,0.9087488558394285,0.2743065814703065,,,,,provisional,0.0,0.0,,,,,,,,,,,,,,,,0.2016087868832124,0.30889327052583154,selected,5.0,1.0,0.17699559616711255,0.051772523109603986,5.0
,,,,,,,,,,,,,,,,,,,,,8.0,0274,stage4_1203_latest,8,3.5206515178735276,0.15122310063790034,2.6255606938873153,0.4010416666666667,0.7215909090909091,0.3165557974817903,0.6957078000345815,2.6003813329774386,0.45276547137731277,0.5443284771800649,0.841722101259105,5.0,1.5614572523166155,0.9511794203402549,1.054554766152438,1.0,0.9873949096797429,7.009917460321732,0.9357816033910024,0.18639147938378461,,,,,final,0.0,0.0,,,,,,,,,,,,,,,,0.14139485234165702,0.3618125148422249,candidate,5.0,1.0,0.18058621726505752,0.04400543748286122,5.0
0.9307510694314362,1.0336211810146192,0.3266600182505072,0.8873448038538697,1.0590187958415833,0.33333835256870936,0.9061902818111982,1.0958365000071508,0.33926596122950126,0.9396320222011905,1.0225182255095262,0.3386621857620466,0.9168499750619032,1.0566628561815845,0.3206786710706558,0.31302208401677256,0.38342371075402276,0.0202978056097995,0.3111202770877318,0.36881156017596534,0.01948277622076983,8.0,0274,stage4_1203_latest,5,3.4932242821683874,0.27615075724781557,2.6358771417042943,0.4010416666666667,0.7215909090909091,0.31484447902621,0.6959321387536089,2.577164130812847,0.5800090173885302,0.5460120084039155,0.842577760486895,5.0,1.4258699254641445,0.9304670974805029,1.0422280822055838,1.0,0.9902980276789085,4.337578094956497,0.9109291436843185,0.27108217877160096,0.06738527864217758,0.8915651293489819,1.5338035424828997,1.086119911491363,final,0.0,0.0,0.3005407672284474,0.03538108329175686,0.003860048116360464,2.5957962458120525,0.9287286580164039,1.0238444760381835,0.9072075150614214,0.049853188337641886,0.9991455078125,0.004060605643117358,0.012252113440209744,0.996928955997123,4.3095953249982095,0.9072075150614215,0.28693800067036296,0.2031061812795985,0.30681277225590686,selected,5.0,1.0,0.1773557887948554,0.052257410883266575,5.0
,,,,,,,,,,,,,,,,,,,,,8.0,0275,stage4_1203_latest,8,1.7688728315162712,0.28500635132159774,2.30715983852838,0.5729166666666666,0.8323863636363636,0.26827319535640154,0.6809803073905814,3.165047794515605,0.5327913551422373,0.5130957709077061,0.8658634023217993,7.0,1.7878192188805042,0.990793070003947,1.0340158985660421,0.6666666666666666,0.9927599464178939,7.7924447853805425,0.9873171912493779,0.15875505370710044,,,,,base,0.0,0.0,,,,,,,,,,,,,,,,0.190144857780349,0.34179265849463436,candidate,7.0,1.0,0.16081834839680412,0.015337444214865152,7.0
,,,,,,,,,,,,,,,,,,,,,8.0,0275,stage4_1203_latest,7,1.7688728316539475,0.38000846839181557,2.3071598388840817,0.5729166666666666,0.8323863636363636,0.2682731952165005,0.6809803073089413,3.165047794244217,0.5693523297350596,0.5130957709322245,0.8658634023917497,7.0,1.869230444373788,0.9964669187714001,1.0206190652016545,0.6666666666666666,0.9959436131965188,6.914565622789174,0.9936849290284131,0.17162140044253496,,,,,base,0.0,0.0,,,,,,,,,,,,,,,,0.21729335023207363,0.27923423242002937,selected,7.0,1.0,0.161477085254173,0.008421416740138923,7.0
,,,,,,,,,,,,,,,,,,,,,8.0,0275,stage4_1203_latest,8,1.7712733917148746,0.2545455598694487,2.2167878459680264,0.53125,0.7613636363636364,0.2572111819938156,0.6835357739013345,3.188428962166397,0.5421564316946,0.45964394893781346,0.8713944090030924,6.0,1.97906188761237,0.9884933753592243,1.0278325937530124,0.6666666666666666,0.9943268411541513,7.559012967882796,0.9726970492684107,0.1671524306331651,,,,,provisional,0.0,0.0,,,,,,,,,,,,,,,,0.17595687489172257,0.36826295934000164,candidate,6.0,1.0,0.16019957377495464,0.010944113179646844,6.0
,,,,,,,,,,,,,,,,,,,,,8.0,0275,stage4_1203_latest,6,1.7654284290229205,0.4362207196382919,2.2129362278571567,0.53125,0.7613636363636364,0.2564407186598366,0.6836346276575712,3.1764945173010797,0.6271111801041993,0.4600848858107324,0.8717796406700817,6.0,1.9757197283703483,0.9968732291989537,1.019366253558231,0.6666666666666666,0.9962471280041031,5.929449641745685,0.9933956933948422,0.19439405069750282,,,,,provisional,0.0,0.0,,,,,,,,,,,,,,,,0.2175127321195079,0.24665695454369457,selected,6.0,1.0,0.16170626265876814,0.007799325680492488,6.0
,,,,,,,,,,,,,,,,,,,,,8.0,0275,stage4_1203_latest,8,1.80253866202884,0.25621060718407784,2.249941554451606,0.515625,0.7613636363636364,0.2590734158141019,0.6797764682724474,3.192783542569376,0.5421982600471839,0.46462529183607987,0.870463292092949,6.0,1.9413945522815192,0.9914380659220097,1.0248745882443073,0.3333333333333333,0.9950006625019006,7.632116748612723,0.97733255550663,0.16432547032501596,,,,,final,0.0,0.0,,,,,,,,,,,,,,,,0.17702123877719023,0.3677445549766174,candidate,6.0,1.0,0.16048922756404463,0.0096843425382407,6.0
0.997375157878952,1.0188634349674597,0.21828922193371864,0.9957467321166255,1.028702222247979,0.2209671422887287,0.9964377975000596,1.0240191768757583,0.22152230412646634,0.997911083094712,1.0148016284953731,0.21177769106112296,0.9955627492172366,1.0294677262851002,0.22118825170504194,0.23225218352037572,0.31522058812706727,0.05686728302427591,0.2335550901386613,0.3322998829970052,0.05893924374908946,8.0,0275,stage4_1203_latest,6,1.794644744222221,0.43724798727744635,2.244815258908761,0.515625,0.7613636363636364,0.2581501985840728,0.6799206698984162,3.1778239417687195,0.6266422905609486,0.46518112454470656,0.8709249007079635,6.0,1.9235155195421774,0.9974118024052311,1.0170071846480546,0.3333333333333333,0.9967498930564398,5.939175397074866,0.9943124427303024,0.19320698172877893,0.10157270729541779,0.9953681770696882,1.3721261257747202,1.0312235868410928,final,0.0,0.0,0.20081132961578024,0.025008927595951986,0.0037076411469607884,2.486906478238542,0.9976722027663846,1.0160482548463894,0.9916862018955683,0.03495586182860119,0.41796875,0.0038110969561484073,0.007158077435065306,0.9980456890074257,5.911322778637787,0.9916862018955683,0.19556207507436546,0.21697184078527587,0.24753143500394015,selected,6.0,1.0,0.16163882202371962,0.007961099010453684,6.0
,,,,,,,,,,,,,,,,,,,,,8.0,0276,stage4_1203_latest,8,2.125429895781451,0.10452672234208747,2.246613932387094,0.734375,0.8522727272727273,0.3425209481640653,0.6642841569342708,2.017335449665426,0.31642274159972245,0.7439456594181072,0.8287395259179674,5.0,1.512652538334956,0.7084032396061396,1.0461680391336317,1.0,0.9896345937810302,5.984726417170428,0.8597929640903814,0.25476099479116665,,,,,base,0.0,0.0,,,,,,,,,,,,,,,,0.1293307664025791,0.4309175877714215,candidate,5.0,1.0,0.15093624930740865,0.13662916824222443,5.0
,,,,,,,,,,,,,,,,,,,,,8.0,0276,stage4_1203_latest,5,2.1253858759120776,0.25484730714453097,2.2467372807965926,0.734375,0.8522727272727273,0.34216616479876283,0.6642961533170794,2.0141241132340926,0.40790022090080136,0.7441781495960784,0.8289169176006186,5.0,1.6530907758217053,0.9258032864586012,1.031208638867952,1.0,0.9934472299260397,4.158494086128162,0.8847678110119003,0.3269879959508723,,,,,base,0.0,0.0,,,,,,,,,,,,,,,,0.19876934959129983,0.31957550546488056,selected,5.0,1.0,0.17349781961349117,0.024114151678291944,5.0
,,,,,,,,,,,,,,,,,,,,,8.0,0276,stage4_1203_latest,8,1.9696520166972378,0.0873162541363384,1.664964803622555,0.9010416666666666,0.9261363636363636,0.21897681035301708,0.8277524933363489,1.8968848946478871,0.2974674378932429,0.7473095313884593,0.8905115948234914,4.0,1.8549589483103142,0.6788116276557347,1.0883486052625937,0.6666666666666666,0.9779631827222993,5.563145991359094,0.824029501148138,0.28302430208914314,,,,,provisional,0.0,0.0,,,,,,,,,,,,,,,,0.11631243238431882,0.4295017239724504,candidate,4.0,1.0,0.1470321425784129,0.16058387179045103,4.0
,,,,,,,,,,,,,,,,,,,,,8.0,0276,stage4_1203_latest,4,1.9662229327176899,0.3161692991273123,1.6651623653178682,0.9010416666666666,0.9261363636363636,0.21814143879679868,0.8277883383726274,1.8928213428912901,0.44483567084702014,0.7476213977122868,0.8909292806016006,4.0,1.9808730474194802,0.9848468408756111,1.0635182695346053,0.6666666666666666,0.9853580770453334,3.794054259817021,0.9616700071994471,0.34730832644996174,,,,,provisional,0.0,0.0,,,,,,,,,,,,,,,,0.21653041263565426,0.31608871204832895,selected,4.0,1.0,0.167878753463346,0.019836360260636787,4.0
,,,,,,,,,,,,,,,,,,,,,8.0,0276,stage4_1203_latest,8,1.9724140631406266,0.10576959353518481,1.6465650959019302,0.9010416666666666,0.9261363636363636,0.21630126290547533,0.8332376954077869,1.9145698580789414,0.3015299841315223,0.7454253120551403,0.8918493685472623,3.0,1.9396270410740146,0.6857353662246598,1.0833623179518408,0.6666666666666666,0.9797071837009822,5.553526567230335,0.8234676784457393,0.28363636692669303,,,,,final,0.0,0.0,,,,,,,,,,,,,,,,0.1305815638543752,0.4293345495725429,candidate,3.0,1.0,0.1485736636646299,0.15518776169363135,3.0
0.9951508017122647,1.0163883790776318,0.7264177742433208,0.9905649596244527,1.0296745279862909,0.7306416699232599,0.9898356650282524,1.0316343620699064,0.729725002783815,0.992278088349465,1.025711632011679,0.7200168425379967,0.9943609210538172,1.0169129765050602,0.726604617769463,0.5437186645673463,0.6249576289462763,0.17497479395847323,0.4404633629996316,0.5056940681625989,0.02881887892311692,8.0,0276,stage4_1203_latest,3,1.4852801484889342,0.2266476950529653,1.430611917045214,0.9010416666666666,0.9261363636363636,0.17540033690267703,0.8527472233563831,1.3744757970955124,0.2625060239051659,0.8791632466725394,0.9122998315486616,3.0,1.089641251834405,0.9893529275011632,1.0384740084003887,1.0,0.9907266934818165,2.862952188935471,0.9572040004666893,0.4745762149182469,0.10169212520122528,0.9923462002018365,1.6110894869597103,1.022111158901814,final,0.0,0.0,0.5151918081033272,0.28585463597041266,0.1651848148200961,1.5094999999937915,0.9921567272048577,1.0243567789208747,0.915207784749291,0.05179787601644132,1.0,0.004995057774922022,0.021324760702520762,0.9965808409082856,2.7336973660273607,0.915207784749291,0.5396548367388324,0.20684149022244203,0.3980755843859108,selected,3.0,1.0,0.16882901526552407,0.011595280421510309,3.0
,,,,,,,,,,,,,,,,,,,,,8.0,0277,stage4_1203_latest,8,2.4125924769129234,0.14883301025130374,1.9510539275071626,0.7708333333333334,0.8551136363636364,0.25342855103647804,0.7689951125456421,2.1199411065325253,0.34910280886746164,0.680205764687481,0.8732857244817609,4.0,1.8137810246102342,0.7351410502387535,1.0289286413630205,0.6666666666666666,0.9940332821614225,6.169971013435664,0.8749464105369847,0.21876054023590064,,,,,base,0.0,0.0,,,,,,,,,,,,,,,,0.13823517385955528,0.4239951310986598,candidate,4.0,1.0,0.17472334477799237,0.10822993948370371,4.0
,,,,,,,,,,,,,,,,,,,,,8.0,0277,stage4_1203_latest,4,2.404385064377886,0.331934561759548,1.9552099433396044,0.7708333333333334,0.8551136363636364,0.25096958578011397,0.7690861570278009,2.1004774336199223,0.5168248234560658,0.6817341995422325,0.8745152071099429,4.0,1.3817964960104399,0.9949283065810013,1.0229430367631762,0.6666666666666666,0.9951838758949917,3.8687753224845154,0.975906011788763,0.3196975488148948,,,,,base,0.0,0.0,,,,,,,,,,,,,,,,0.2125195669949795,0.32338704723469774,selected,4.0,1.0,0.20019111345138352,0.017019715647066683,4.0
,,,,,,,,,,,,,,,,,,,,,8.0,0277,stage4_1203_latest,8,2.014463939274214,0.1249170761121708,1.8090817388707736,0.8802083333333334,0.9176136363636364,0.23799986552284633,0.7902585463828423,2.020333684284287,0.3204820152318713,0.7310582610762485,0.8810000672385768,5.0,1.2606550314309954,0.7395183762302818,1.044080513402821,0.6666666666666666,0.9895617561477649,6.149506908217127,0.8734818584026318,0.22706117916099713,,,,,provisional,0.0,0.0,,,,,,,,,,,,,,,,0.1343357810599619,0.4211842517956897,candidate,5.0,1.0,0.17342438208289218,0.10652455037996228,5.0
,,,,,,,,,,,,,,,,,,,,,8.0,0277,stage4_1203_latest,5,2.010641757538686,0.3207049383964173,1.80999544590854,0.8802083333333334,0.9176136363636364,0.23696292607826663,0.7902760433421477,2.016879916921793,0.4130506578861955,0.7313773129457539,0.8815185369608666,5.0,1.2292923226340204,0.9907789440738402,1.0453830423617274,0.6666666666666666,0.9890580416677294,4.686476611493611,0.9597461701647104,0.26942533048592576,,,,,provisional,0.0,0.0,,,,,,,,,,,,,,,,0.2046058107288199,0.3233978046871645,selected,5.0,1.0,0.20032319792489342,0.02138850232851388,5.0
,,,,,,,,,,,,,,,,,,,,,8.0,0277,stage4_1203_latest,8,2.0013353994041743,0.1256115722588565,1.811536854507088,0.8802083333333334,0.9176136363636364,0.2397532402601053,0.7894520670637029,2.028308692477014,0.3224297963456882,0.729558025998319,0.8801233798699474,5.0,1.3606078950008182,0.739854828336662,1.0473931044291525,0.6666666666666666,0.9887812543817507,6.171011109138605,0.8751660400038214,0.23206259332398874,,,,,final,0.0,0.0,,,,,,,,,,,,,,,,0.13477487657783063,0.420394401372026,candidate,5.0,1.0,0.17372756921319532,0.10597172470626084,5.0
0.9883243836363802,1.0532512569732644,0.3354635404347682,0.9800566883684783,1.0822882273840453,0.328930780407095,0.9770995279249919,1.0810812641215997,0.337550813168696,0.9885299845666042,1.0478656914378377,0.33591098154883425,0.9814721871299248,1.0783470907890678,0.33850557943626475,0.42071931677929253,0.31693676326889947,0.05906429306025732,0.4192771021291526,0.30362731807930643,0.06087056554135476,8.0,0277,stage4_1203_latest,5,1.9973516642953764,0.322777337949163,1.812451206628723,0.8802083333333334,0.9176136363636364,0.23869406263640747,0.789470280612752,2.024813554494608,0.4155570209651888,0.7298833042226587,0.8806529686817963,5.0,1.2786250608550702,0.9906752190722482,1.047856563741799,0.6666666666666666,0.9884244552895217,4.686734993024612,0.9597714564506444,0.27552784351809295,0.0919877141714096,0.9753959153946441,1.442301197908719,1.1008130665287017,final,0.0,0.0,0.3006435555581658,0.026170900541148654,0.005749939720139042,2.6673131867749125,0.9868561787125326,1.048986516844919,0.951340203452604,0.07224942450699076,0.6373291015625,0.00722878818434177,0.01768192224003686,0.993180445916117,4.624462645326229,0.951340203452604,0.290845866654615,0.20537692863615287,0.3212760224992785,selected,5.0,1.0,0.20038739468251943,0.02112982472877471,5.0
,,,,,,,,,,,,,,,,,,,,,8.0,0278,stage4_1203_latest,8,1.2099311245004767,0.08645120878584997,1.1895333212316073,0.9739583333333334,0.9602272727272727,0.0766341480988373,0.9608387136424321,1.8471059595289567,0.29097130238280833,0.6900556432862711,0.9616829259505816,2.0,1.8392281154828325,0.9902563185910881,1.0239374444881775,1.0,0.9951919783169666,7.36071235288627,0.9599005456268607,0.184995416967896,,,,,base,0.0,0.0,,,,,,,,,,,,,,,,0.100158759758018,0.43835918499866317,candidate,2.0,1.0,0.21808580624823093,0.022156801564671362,2.0
,,,,,,,,,,,,,,,,,,,,,8.0,0278,stage4_1203_latest,2,1.0,0.8601735950850579,1.1805543229335516,0.9739583333333334,0.9602272727272727,0.0661517407586805,0.9620369642969587,1.7978159126917088,0.8359123838396186,0.6960208169613858,0.9669241296206598,2.0,1.0,0.9994946649561647,1.002271025207464,1.0,0.999634804143802,1.990391087943392,0.9930502784228151,0.5483976515734618,,,,,base,0.0,0.0,,,,,,,,,,,,,,,,0.2769256851729816,0.11833295135975537,selected,2.0,1.0,0.22012960311177773,0.005300626325934156,2.0
,,,,,,,,,,,,,,,,,,,,,8.0,0278,stage4_1203_latest,8,1.492006097260179,0.19696613980379987,1.5815284279728954,0.5104166666666666,0.8806818181818182,0.15023069916296383,0.8485962925560488,1.8727161839809419,0.2983499875697179,0.6645770110423354,0.9248846504185181,3.0,1.3537585585954663,0.991523089495799,1.0256255269802355,1.0,0.9945298703331874,7.244782570601232,0.9522806866174838,0.21631661664428972,,,,,provisional,0.0,0.0,,,,,,,,,,,,,,,,0.08606192350263736,0.44374889294312186,candidate,3.0,1.0,0.21825409104645227,0.019224901229720624,3.0
,,,,,,,,,,,,,,,,,,,,,8.0,0278,stage4_1203_latest,3,1.570796549586066,0.2607992172712943,1.6363757231481684,0.5104166666666666,0.8806818181818182,0.1460009896372471,0.8494559111534657,1.8386629446926108,0.5495196980887793,0.6702264130871426,0.9269995051813763,3.0,1.782959265116277,0.9992744703528521,1.002809507557072,1.0,0.9995673667661418,2.8610955668114215,0.9568361619751767,0.4259058443480576,,,,,provisional,0.0,0.0,,,,,,,,,,,,,,,,0.19624208744727334,0.3475848254093284,selected,3.0,1.0,0.22043667186414942,0.0057039153912371715,3.0
,,,,,,,,,,,,,,,,,,,,,8.0,0278,stage4_1203_latest,8,1.5219265778455682,0.198575285784903,1.5476699664211246,0.5,0.8778409090909091,0.14330693642368583,0.8591680397405904,1.8847912742927537,0.3016232471845155,0.656211856500999,0.9283465317881571,3.0,1.4145165558798691,0.9905890836890274,1.028545020041462,1.0,0.9938208738761597,7.218661093396172,0.950550563435761,0.21730849820966888,,,,,final,0.0,0.0,,,,,,,,,,,,,,,,0.08613185285933132,0.4438425834975107,candidate,3.0,1.0,0.218249072410978,0.0206540436246262,3.0
0.9976138603944723,1.0040039066886863,0.5153628062870981,0.9969795469717785,1.0092779420662108,0.5296108190134075,0.9975717358586279,1.0050496888374096,0.5320519592254084,0.9975643866456944,1.0048930663161584,0.5110475496466332,0.9969096079683611,1.0056404716094791,0.5201215135678777,0.6280097195571689,0.34565826356023016,0.09832998202377187,0.6285000951500901,0.3713875947207508,0.09854553634676207,8.0,0278,stage4_1203_latest,3,1.597451976678321,0.26776741954848987,1.6006168842657797,0.5,0.8778409090909091,0.13900583799013366,0.8601381831872965,1.8507488094881523,0.5557254028693724,0.6619179909523014,0.930497081004933,3.0,1.4206504014416725,0.9986802988087504,1.005636531044817,1.0,0.999024802324568,2.860096393466952,0.9565103491777153,0.4249207917520788,0.06879221647977829,0.997066600665327,1.2977101569000595,1.0065550800018832,final,0.0,0.0,0.5002698559357547,0.027376661858405694,0.0022018341585319534,1.7200503734868002,0.9972642867061134,1.0048562568120452,0.9109793923973438,0.021110316934563996,1.0,0.0028097688048776327,0.008638553888447103,0.9994674944600078,2.720689558968128,0.9109793923973438,0.4482420150731117,0.19670286654735472,0.3464459024131504,selected,3.0,1.0,0.22049383164556965,0.009337127869992178,3.0
,,,,,,,,,,,,,,,,,,,,,8.0,0279,stage4_1203_latest,8,1.0867309357570294,0.017548897632709063,1.005846563625637,1.0,1.0,0.019936682988925713,0.9991864929601952,1.056378812773058,0.0244205870375992,0.9872550575887548,0.9900316585055371,2.0,1.611901892916973,0.7409900721790211,1.032628491266118,1.0,0.9928982689734983,6.378296203064416,0.8909090153694853,0.23875969346533124,,,,,base,0.0,0.0,,,,,,,,,,,,,,,,0.05638047849394839,0.33946310735529506,candidate,2.0,1.0,0.13938953165920087,0.12932823807518007,2.0
,,,,,,,,,,,,,,,,,,,,,8.0,0279,stage4_1203_latest,2,1.0,0.41549744326271043,1.005665017525316,1.0,1.0,0.019015246811466116,0.9992024973111888,1.0550256712272068,0.0714834840809244,0.987553716957625,0.990492376594267,2.0,1.0,0.9985887007573325,1.0047779156313326,1.0,0.9991516207478329,1.9426931417622597,0.9580328670311222,0.6193324080216283,,,,,base,0.0,0.0,,,,,,,,,,,,,,,,0.22006312754951116,0.2523046912602106,selected,2.0,1.0,0.16100349389003288,0.005393543037080474,2.0
,,,,,,,,,,,,,,,,,,,,,8.0,0279,stage4_1203_latest,8,1.0727632402718124,0.022090328147956084,1.0320452936998301,1.0,1.0,0.04550574674026002,0.9938591806664654,1.1754141404750105,0.07040365519698372,0.9528524877683052,0.9772471266298701,2.0,1.1114617616726847,0.8229342501064358,1.0918688191541248,1.0,0.9725789120382418,5.779733312720434,0.8421113745766055,0.2676054148212878,,,,,provisional,0.0,0.0,,,,,,,,,,,,,,,,0.059483473254917534,0.33855931748738044,candidate,2.0,1.0,0.12856528265221465,0.05466490363642208,2.0
,,,,,,,,,,,,,,,,,,,,,8.0,0279,stage4_1203_latest,2,1.0,0.5318079024962822,1.031171241170286,1.0,1.0,0.04337660711454139,0.9939490543512971,1.1723293421657932,0.20738405516950703,0.9536303762763826,0.9783116964427293,2.0,1.0,0.9889331307096231,1.0259429622911937,1.0,0.9939753192667448,1.9094277395789356,0.9328794036873113,0.6472299892035195,,,,,provisional,0.0,0.0,,,,,,,,,,,,,,,,0.22971708307373698,0.24401074397979663,selected,2.0,1.0,0.160578530915161,0.010932369477414125,2.0
,,,,,,,,,,,,,,,,,,,,,8.0,0279,stage4_1203_latest,8,1.055642605132691,0.022214299862327414,1.0392621050399973,1.0,1.0,0.049725642864394355,0.9920847967322076,1.1953211168266469,0.07741930747412111,0.9461132999887801,0.9751371785678028,2.0,1.1283124760400116,0.8320474872583861,1.0835543815154545,1.0,0.9757711947899556,5.84556205867687,0.8478065672672168,0.2659826731923465,,,,,final,0.0,0.0,,,,,,,,,,,,,,,,0.05958847850948634,0.339237568163907,candidate,2.0,1.0,0.1307577176306757,0.05255047980071841,2.0
0.9968182103161601,1.0077752660480934,0.8105515390549254,0.9943312236990568,1.012679201599289,0.814734364602999,0.9929522742727549,1.0151937785124217,0.8168872102215876,0.9967799931486205,1.0079561750067019,0.806975612818903,0.9915364929804235,1.0182383466515235,0.8100517278112701,0.6055238848787274,0.08141109278841842,0.011949614379349572,0.604979498470476,0.06784668136248466,0.014874464612885607,8.0,0279,stage4_1203_latest,2,1.0,0.5349514979661805,1.038444660378912,1.0,1.0,0.047700677689871025,0.9921653068590544,1.1923786155140343,0.2285903540958763,0.9468481705634156,0.9761496611550645,2.0,1.0,0.9913588105609052,1.0215115379892714,1.0,0.9951789267293143,1.917691851029396,0.9391787634046609,0.6407687213093061,0.11234071105718613,0.9913054047904318,1.4976435496853355,1.0188166589771894,final,0.0,0.0,0.600259172959652,0.013566290304043353,0.0032306339471067044,1.0,0.9985833732325388,1.0037730894867805,0.9081528101016809,0.01837263544919563,1.0,0.002234436593080674,0.01166205510916686,0.9995681098642744,1.8767093142392919,0.9081528101016809,0.6760735525342302,0.23022859873279636,0.2439107050486968,selected,2.0,1.0,0.1607542028031331,0.008798892347284776,2.0
,,,,,,,,,,,,,,,,,,,,,8.0,0280,stage4_1203_latest,8,1.0256410915435263,0.016388769896908868,1.8777251522522502,0.5729166666666666,0.8806818181818182,0.2129737932429947,0.7033974089037595,1.5114017774453952,0.18333207993814946,0.8152491181796356,0.8935131033785026,2.0,1.3372410720824788,0.8845271206355919,1.0377367465152696,1.0,0.9911143611923136,6.059870906549963,0.8658316345998257,0.2515354102536826,,,,,base,0.0,0.0,,,,,,,,,,,,,,,,0.06342053453725031,0.37466672203669227,candidate,2.0,1.0,0.17100193107695877,0.06767812678839956,2.0
,,,,,,,,,,,,,,,,,,,,,8.0,0280,stage4_1203_latest,2,1.0,0.3329828572027309,1.8691088362491484,0.5729166666666666,0.8806818181818182,0.20667920805988596,0.7039960576346028,1.5042718640196349,0.5422581856037207,0.8176498332906185,0.896660395970057,2.0,1.0,0.9945149489024883,1.0166570576464942,1.0,0.9964422120399264,1.9580040961545926,0.9693219065582918,0.599539041519165,,,,,base,0.0,0.0,,,,,,,,,,,,,,,,0.24497769045890738,0.3078174881177521,selected,2.0,1.0,0.19791315199187057,0.013808575514381654,2.0
,,,,,,,,,,,,,,,,,,,,,8.0,0280,stage4_1203_latest,8,1.0275089894362763,0.05322303644585969,1.7393620417041622,0.7239583333333334,0.9204545454545454,0.20273793541957888,0.7054729684033547,1.339624623762824,0.12180392016414092,0.8796009453935444,0.8986310322902107,2.0,1.1603014758600168,0.8766839951170298,1.0503262891107266,1.0,0.9870147423700502,6.177283080508201,0.8749676126252834,0.25134097382851533,,,,,provisional,0.0,0.0,,,,,,,,,,,,,,,,0.06157692112098828,0.46516046721009385,candidate,2.0,1.0,0.17090112291606835,0.07047205360643222,2.0
,,,,,,,,,,,,,,,,,,,,,8.0,0280,stage4_1203_latest,2,1.0,0.21668601554060155,1.739360451405262,0.7239583333333334,0.9204545454545454,0.1946226536890985,0.705919940583631,1.3269280518486577,0.3536443452903265,0.882740495234689,0.9026886731554508,2.0,1.0,0.9971641713711688,1.0086906702314293,1.0,0.9983348213104325,1.9376127333513213,0.9542227872576396,0.623977675021711,,,,,provisional,0.0,0.0,,,,,,,,,,,,,,,,0.22877281664958554,0.3596751358664532,selected,2.0,1.0,0.1982019804976033,0.006695886514180598,2.0
,,,,,,,,,,,,,,,,,,,,,8.0,0280,stage4_1203_latest,8,1.0312351033339149,0.05298955075954708,1.7166795116604536,0.7239583333333334,0.9204545454545454,0.2004933416869001,0.7112426602627072,1.326305402987229,0.11681420531167745,0.8842870683900146,0.8997533291565499,2.0,1.1830177524889902,0.8786988442434708,1.0473288443780335,1.0,0.9880540267371138,6.182566990259811,0.8754643554571262,0.2518651874632669,,,,,final,0.0,0.0,,,,,,,,,,,,,,,,0.06122403158573254,0.4658735373313354,candidate,2.0,1.0,0.17070970012996692,0.07031497335120934,2.0
0.9991322274756703,1.002852298836009,0.7625761507236649,0.9974061429417166,1.0073674446031335,0.7699883595056866,0.9980159121189952,1.0057770355550775,0.7727496428118543,0.999389754049564,1.0020995082943756,0.7595045927455886,0.9979739235727633,1.0059528248671896,0.7684824940339855,0.6078996699493971,0.3125225381972337,0.012127770553466305,0.6069398711388555,0.28604610675138736,0.012219316751272987,8.0,0280,stage4_1203_latest,2,1.0,0.20959701205167855,1.7167360486190433,0.7239583333333334,0.9204545454545454,0.19188115914276424,0.7117538330951344,1.313015793298025,0.33827177123647323,0.88764252221661,0.9040594204286179,2.0,1.0,0.9973994002344503,1.0080606656403694,1.0,0.9984677354251454,1.9378922446267992,0.954437096584415,0.6237945826260977,0.07536286860704422,0.9968792753880068,1.342750467898194,1.0087650761432174,final,0.0,0.0,0.6004388079624422,0.02647760168154026,0.0006959969004739173,1.0,0.9995173299640446,1.0016953535342645,0.9418053711305552,0.011728824778490661,1.0,0.0015440567740425558,0.007151991460119787,0.9998242962577428,1.9209469889419841,0.9418053711305552,0.6408616067734026,0.22723100848876215,0.3633410393288324,selected,2.0,1.0,0.19815844733188304,0.006919537213756827,2.0
,,,,,,,,,,,,,,,,,,,,,8.0,0281,stage4_1203_latest,8,1.4673944866096147,0.3655891611274048,1.6325513265838991,0.7291666666666666,0.8892045454545454,0.16528109229526394,0.808960172154648,3.2737581694907143,0.5545694057095754,0.5165360956154433,0.917359453852368,5.0,1.566892068171673,0.980863733121472,1.0483090791015972,1.0,0.9888576814076115,7.476979306754649,0.9674164264896992,0.195856885526927,,,,,base,0.0,0.0,,,,,,,,,,,,,,,,0.15317549310327483,0.25708221065032383,candidate,5.0,1.0,0.25828973375499387,0.025253185190355146,5.0
,,,,,,,,,,,,,,,,,,,,,8.0,0281,stage4_1203_latest,5,1.4581191129221158,0.5632270815078995,1.6417250251330884,0.7291666666666666,0.8892045454545454,0.16251762103309134,0.8094156140890985,3.252653425627038,0.7133653575958517,0.5176870884404235,0.9187411894834544,5.0,1.3823335511739225,0.9934989574356505,1.0321144263823088,1.0,0.9929057545762531,4.921768030564615,0.9901967086181187,0.2556276047052752,,,,,base,0.0,0.0,,,,,,,,,,,,,,,,0.23825195894294465,0.21373188078709923,selected,5.0,1.0,0.25887836378640183,0.014185028151912995,5.0
,,,,,,,,,,,,,,,,,,,,,8.0,0281,stage4_1203_latest,8,1.15238071820003,0.3008344160018588,1.6144253445771668,0.71875,0.90625,0.18543034439133813,0.7719135845698634,2.2771033454545053,0.3636833970831753,0.675783708642493,0.907284827804331,4.0,1.4762165196883732,0.9559296707778552,1.0830181327737423,0.6666666666666666,0.9793191346904715,6.567483173210885,0.9043322126471995,0.22205838515478615,,,,,provisional,0.0,0.0,,,,,,,,,,,,,,,,0.12350817184950365,0.24838145343984713,candidate,4.0,1.0,0.2614498570193815,0.04628679400841083,4.0
,,,,,,,,,,,,,,,,,,,,,8.0,0281,stage4_1203_latest,4,1.072655137841961,0.5524612696560058,1.6045623218140563,0.71875,0.9147727272727273,0.17474420052014142,0.7743526985681327,2.2526174917699993,0.5394695988836705,0.6780445152609262,0.9126278997399294,4.0,1.0900071841408174,0.9837817071313685,1.0631867596865996,0.6666666666666666,0.9836026199696621,3.959752902145565,0.9927013015253366,0.2904682727526176,,,,,provisional,0.0,0.0,,,,,,,,,,,,,,,,0.23171133513025913,0.21690982818872723,selected,4.0,1.0,0.2585587829794442,0.018562911341039334,4.0
,,,,,,,,,,,,,,,,,,,,,8.0,0281,stage4_1203_latest,8,1.164614146169769,0.29782880306031784,1.6182056215859133,0.7239583333333334,0.90625,0.18780556013063743,0.7692497416530952,2.281899383154799,0.36375707320868994,0.6787966616932719,0.9060972199346812,4.0,1.5083830096334951,0.9577712570412134,1.081966303750293,0.6666666666666666,0.9796894966317118,6.606868056629788,0.9072259966406097,0.2206143901668496,,,,,final,0.0,0.0,,,,,,,,,,,,,,,,0.12383898552829664,0.24855024589153976,candidate,4.0,1.0,0.26140323456923564,0.04561716257195807,4.0
0.9961537389242858,1.0157487557240634,0.31665660580729266,0.9856196327471128,1.0486182045072518,0.313196458857417,0.9710484829255245,1.0872635931893662,0.31654096489943256,0.9969371659364454,1.0131070670140438,0.3067369494770026,0.9901392594901705,1.0363625351818921,0.32071704807472345,0.4577211656227095,0.4256551823735813,0.08020432300933149,0.45849850583708607,0.42885868023313584,0.08020432300933149,8.0,0281,stage4_1203_latest,4,1.0715755946556376,0.5531923900784399,1.604999996557658,0.7239583333333334,0.9147727272727273,0.17681187641596924,0.7721680994333301,2.257597783645892,0.5393999426839307,0.6813597092047537,0.9115940617920153,4.0,1.1483518427063022,0.9845587470687377,1.061330624803003,0.6666666666666666,0.9843386793943623,3.9606841260189545,0.9928722038854312,0.2898689848610511,0.06605959683656693,0.9757304111771834,1.3817231837537738,1.0738145239699142,final,0.0,0.0,0.4010051111991676,0.020909848055093716,0.0018906861957699052,1.6111999687459055,0.9968532599920649,1.0126057920204539,0.9888126346970117,0.031214155775955498,0.9139404296875,0.003310784969005901,0.00947158212706041,0.9984160407816881,3.938525668810708,0.9888126346970117,0.2844081259807921,0.23157564504204245,0.21473852813058397,selected,4.0,1.0,0.25855501645437046,0.01885363202208866,4.0
,,,,,,,,,,,,,,,,,,,,,8.0,0282,stage4_1203_latest,8,1.0593772225621243,0.05313904296605078,1.0053774806523195,1.0,1.0,0.018687734829335546,0.9992658173264793,1.05792696894348,0.025201683837398427,0.9870969801551389,0.9906561325853321,2.0,1.941518018801728,0.8855365990017487,1.0281169616790022,1.0,0.9942478227349788,6.106727406213963,0.8699073642736054,0.2527341014972687,,,,,base,0.0,0.0,,,,,,,,,,,,,,,,0.05828693221797841,0.44399525223516584,candidate,2.0,1.0,0.1889837232061446,0.02939873028074242,2.0
,,,,,,,,,,,,,,,,,,,,,8.0,0282,stage4_1203_latest,2,1.0,0.43523442943594925,1.0052888206113264,1.0,1.0,0.017886019349568655,0.9992728442800183,1.0563088680964794,0.07347633293947216,0.9873953894853905,0.9910569903252157,2.0,1.0,0.9969889735198673,1.0097260738679081,1.0,0.9981175606519151,1.9544889430015333,0.9667432373754863,0.6052687163659453,,,,,base,0.0,0.0,,,,,,,,,,,,,,,,0.2203057065694373,0.2564011951155363,selected,2.0,1.0,0.2189042935887277,0.008151496965209377,2.0
,,,,,,,,,,,,,,,,,,,,,8.0,0282,stage4_1203_latest,8,1.0666411130831945,0.03808474755655522,1.000407632234954,1.0,1.0,0.0018535559161436859,0.9999571289648576,1.0039177321506432,0.001624523131127354,0.9991927151503658,0.9990732220419282,1.0,1.1959660552603786,0.8589594807914451,1.087420591985977,0.6666666666666666,0.9780170810945518,5.813874220472688,0.8440479699147209,0.2733311520026889,,,,,provisional,0.0,0.0,,,,,,,,,,,,,,,,0.0402947777419477,0.41996330722273295,candidate,1.0,1.0,0.18680222262034515,0.049223892339026035,1.0
,,,,,,,,,,,,,,,,,,,,,8.0,0282,stage4_1203_latest,1,0.0,0.0,1.0,1.0,1.0,0.0,1.0,1.0,0.0,1.0,1.0,1.0,0.0,0.0,1.0,1.0,1.0,1.0,0.0,1.0,,,,,provisional,0.0,0.0,,,,,,,,,,,,,,,,0.2880228852271988,0.0,selected,1.0,1.0,0.21927355750863034,0.0,1.0
,,,,,,,,,,,,,,,,,,,,,8.0,0282,stage4_1203_latest,8,1.110658410672943,0.037322919936719275,1.0004035010763843,1.0,1.0,0.0018934328682291967,0.9999576718060224,1.0040995507869008,0.0016886525235264298,0.999167813545386,0.9990532835658854,1.0,1.179048791831595,0.8595545175361269,1.0866947748574889,0.6666666666666666,0.9779147325998009,5.89887770507746,0.8512856333467251,0.2682683631194122,,,,,final,0.0,0.0,,,,,,,,,,,,,,,,0.04073604855305435,0.42080296916869914,candidate,1.0,1.0,0.18654965920223188,0.042482555802058994,1.0
0.0,1.0,1.0,0.0,1.0,1.0,0.0,1.0,1.0,0.0,1.0,1.0,0.0,1.0,1.0,0.7163389986819716,0.025209221029218604,0.19736564181702734,0.7163389986819716,0.025209221029218604,0.19736564181702734,8.0,0282,stage4_1203_latest,1,0.0,0.0,1.0,1.0,1.0,0.0,1.0,1.0,0.0,1.0,1.0,1.0,0.0,0.0,1.0,1.0,1.0,1.0,0.0,1.0,0.12168993800878525,0.0,1.5014306714418306,1.0,final,0.0,0.0,0.7,0.0,0.0,0.0,0.0,1.0,0.0,0.0,1.0,0.0,0.0,1.0,1.0,0.0,1.0,0.2880228852271988,0.0,selected,1.0,1.0,0.21927355750863034,0.0,1.0
,,,,,,,,,,,,,,,,,,,,,8.0,0283,stage4_1203_latest,8,2.567540540956534,0.1276481719121993,1.431723902876023,0.9166666666666666,0.9147727272727273,0.19226828933428033,0.8559386004040541,1.686979284203984,0.22509345251011692,0.8114049467826936,0.9038658553328599,6.0,1.9963776427051725,0.9832797564205079,1.0666541467403932,1.0,0.9871735213911697,7.764595560481242,0.985589751373742,0.17305530577810913,,,,,base,0.0,0.0,,,,,,,,,,,,,,,,0.1178851694738854,0.4502396649622823,candidate,6.0,1.0,0.22420699319667145,0.027437999087725304,6.0
,,,,,,,,,,,,,,,,,,,,,8.0,0283,stage4_1203_latest,6,2.56754054053933,0.23827658757559422,1.4317239032625164,0.9166666666666666,0.9147727272727273,0.19226828963244455,0.8559386002306013,1.6869792842814924,0.26123410203389413,0.8114049467704297,0.9038658551837777,6.0,1.803949846004303,0.9784627337289894,1.0701116448126313,1.0,0.986132684782314,5.842141051099299,0.9850583122773332,0.21594001115435685,,,,,base,0.0,0.0,,,,,,,,,,,,,,,,0.1571450918286305,0.32046553201357203,selected,6.0,1.0,0.22395467414921624,0.0316050248554047,6.0
,,,,,,,,,,,,,,,,,,,,,8.0,0283,stage4_1203_latest,8,2.305633595602967,0.1902586310075193,2.154412047620435,0.6041666666666666,0.8465909090909091,0.24704961782996138,0.6862335772189498,1.9299534678981614,0.3065211254915962,0.687460116476822,0.8764751910850191,5.0,2.7247142018820183,0.9842875667006192,1.0557353186590794,1.0,0.9900382646513812,7.6637567100727235,0.97930498202693,0.18379564403667115,,,,,provisional,0.0,0.0,,,,,,,,,,,,,,,,0.12661956379669423,0.36100029041816295,candidate,5.0,1.0,0.2255407566759119,0.020053444744272612,5.0
,,,,,,,,,,,,,,,,,,,,,8.0,0283,stage4_1203_latest,5,2.315392936549404,0.2792783824646032,2.1662391170403352,0.6041666666666666,0.8465909090909091,0.24609629374361816,0.6862670229049703,1.920116617641713,0.3938295504596146,0.6884809283109812,0.876951853128191,5.0,1.9344410501848894,0.9940450637732011,1.0266884170748531,1.0,0.9954825067330362,4.900604908253601,0.9875062360673008,0.25772985734530574,,,,,provisional,0.0,0.0,,,,,,,,,,,,,,,,0.1608634212729059,0.3291118350631648,selected,5.0,1.0,0.22604742269537534,0.011001586975118825,5.0
,,,,,,,,,,,,,,,,,,,,,8.0,0283,stage4_1203_latest,8,2.1643413641311335,0.19383352280562977,2.2904174663628805,0.5416666666666666,0.8153409090909091,0.2597342893237485,0.6489545738824569,1.9265093645964828,0.3050587389977417,0.6911103868234209,0.8701328553381257,5.0,2.6461813531225187,0.9844109618252098,1.05470023207438,1.0,0.9901843784714324,7.671957459978894,0.9798201784243453,0.18124187045490217,,,,,final,0.0,0.0,,,,,,,,,,,,,,,,0.12325444900406815,0.35839366303680215,candidate,5.0,1.0,0.22537282546992857,0.020690419028773697,5.0
0.9982704124323423,1.0113135396497868,0.2651072935038109,0.9956390050327458,1.0242225281236887,0.2681665837982551,0.9966666063004508,1.019716031764684,0.2731503408676147,0.9976932179104484,1.0151880449603172,0.276052624294803,0.9965225244172464,1.020025852288548,0.261040783320255,0.3732676677620321,0.6902726024102724,0.13736724442049933,0.3701429545173512,0.5923680018286357,0.1378958996542963,8.0,0283,stage4_1203_latest,5,2.174467302304502,0.27513049236510484,2.3071257350046523,0.5416666666666666,0.8153409090909091,0.25817762260580607,0.6490471615104013,1.9123662065988007,0.39101254698741583,0.6928765324865377,0.8709111886970969,5.0,1.8951021546028324,0.9942747922636916,1.026317460330928,1.0,0.9955340522311591,4.909172286665745,0.9885957452710084,0.2537358940557403,0.1476263701915741,0.9948798548609543,1.2157218489368051,1.026599136616941,final,0.0,0.0,0.30139929218962935,0.11333101417197368,0.005842628696536419,2.8088750143884536,0.997841963206859,1.014288934995681,0.9947836890638094,0.032809329218687615,0.9857177734375,0.0027071937863342274,0.00804238794987593,0.9983198928221897,4.958226131973289,0.9947836890638094,0.23644255109958462,0.15940362024871949,0.3248983044041069,selected,5.0,1.0,0.2260384446042076,0.00991476955677971,5.0
,,,,,,,,,,,,,,,,,,,,,8.0,0284,stage4_1203_latest,8,2.6589414232108166,0.27878692235095065,3.082795764633556,0.3697916666666667,0.8238636363636364,0.3021102615566813,0.5781570274789825,2.8462641897327337,0.4863476931459966,0.5780887762066033,0.8489448692216593,6.0,3.164871731086771,0.9904638478297355,1.050628384084938,0.2,0.9913322005101308,7.895278271757624,0.9936588190009162,0.14775933665302626,,,,,base,0.0,0.0,,,,,,,,,,,,,,,,0.1999038834892542,0.3112258607043888,candidate,6.0,1.0,0.2271058694252624,0.014265793213956057,6.0
,,,,,,,,,,,,,,,,,,,,,8.0,0284,stage4_1203_latest,6,2.6251891122917677,0.4129383872834462,3.0808492782422428,0.3697916666666667,0.8238636363636364,0.2981241015821259,0.578401922259905,2.801180291403939,0.5541806624922959,0.5816952091613242,0.850937949208937,6.0,2.7629499101905877,0.9912805879508976,1.0434019321050674,0.2,0.9925744704531368,5.929919454043682,0.9934318872957151,0.18911655670193023,,,,,base,0.0,0.0,,,,,,,,,,,,,,,,0.2158055708765896,0.25972181337127864,selected,6.0,1.0,0.22778220992313378,0.009215650360726276,6.0
,,,,,,,,,,,,,,,,,,,,,8.0,0284,stage4_1203_latest,8,1.815977814079765,0.3654722749943588,1.9062631640890566,0.4270833333333333,0.8267045454545454,0.2628858930034447,0.6921744932000191,2.8645031913738994,0.47385190409031946,0.5262396407480622,0.8685570534982776,7.0,2.475429706100421,0.9961653111971914,1.023893612094711,0.4,0.9961684612265913,7.934100699286473,0.9960208442803989,0.14325974051111695,,,,,provisional,0.0,0.0,,,,,,,,,,,,,,,,0.20604945130106694,0.24941507419846884,candidate,7.0,1.0,0.2274188785248553,0.006495242596595776,7.0
,,,,,,,,,,,,,,,,,,,,,8.0,0284,stage4_1203_latest,7,1.78291011365213,0.36521688121147816,1.9180678228143364,0.4270833333333333,0.8267045454545454,0.25835463329263564,0.6928744128945528,2.7691646993904513,0.4949613915515026,0.5296899444942709,0.8708226833536821,7.0,2.2135430530269113,0.9965391231959918,1.0221145368096838,0.4,0.9964363320455554,6.969728736870195,0.9977695818657337,0.15854484729700347,,,,,provisional,0.0,0.0,,,,,,,,,,,,,,,,0.2127555903716516,0.25434527305466037,selected,7.0,1.0,0.22760069047094053,0.006598944831702511,7.0
,,,,,,,,,,,,,,,,,,,,,8.0,0284,stage4_1203_latest,8,1.7626787215678328,0.3695241145551545,1.9038439173692152,0.4114583333333333,0.8267045454545454,0.26752962724295526,0.6905275258428281,2.9359432791498983,0.48549477918976247,0.516500597082901,0.8662351863785225,6.0,2.3237397117626157,0.996309980027488,1.0231805962477514,0.6,0.9962624753666974,7.9380463908540095,0.9962603134262804,0.14245095428925794,,,,,final,0.0,0.0,,,,,,,,,,,,,,,,0.2078709285150472,0.24786924349839679,candidate,6.0,1.0,0.22747908337556993,0.006460955006607345,6.0
0.9982184426844801,1.01218950118729,0.22883927063433854,0.9960394690046305,1.0251540999955806,0.23242540697415667,0.9951579885501863,1.0294544217283126,0.22160646546926846,0.9985979415411065,1.0100008398884845,0.2309927727964555,0.9964957258551248,1.021947616599922,0.22412759422498282,0.33357150494853793,1.1647955108944126,0.06082172544845652,0.33181819228886955,1.0983036360124199,0.13158401962568286,8.0,0284,stage4_1203_latest,6,1.6643052230370639,0.37051337544589885,1.8720418917215693,0.4114583333333333,0.8267045454545454,0.2524333506340468,0.6936958100809669,2.6315733056484696,0.5135244707164893,0.5311687955171286,0.8737833246829766,6.0,2.145303851099624,0.9964452574021861,1.0224624950225936,0.6,0.9963563590761592,5.972177699778383,0.997401688049662,0.1850635379168244,0.15148676931858063,0.9946901124936754,1.0456328527644676,1.0318858965291429,final,0.0,0.0,0.2168803132975295,0.07255555854401381,0.12145937983835531,2.587109772604369,0.9989615249565635,1.0076138566143633,0.9961312716558979,0.023037363131618672,1.0,0.002135304754344409,0.004839842471639958,0.9991615543101043,5.958573557682497,0.9961312716558979,0.19793429808711868,0.2045219314832422,0.26515954060246844,selected,6.0,1.0,0.22759536150079906,0.007329691715645483,6.0
,,,,,,,,,,,,,,,,,,,,,8.0,0285,stage4_1203_latest,8,2.664832882723138,0.33008635915401924,3.1564540121077598,0.375,0.8323863636363636,0.3183036642015742,0.5059608601600354,2.9276616269799924,0.5013245766817394,0.5800038210248711,0.8408481678992128,7.0,2.8248070751317065,0.9954951366916941,1.02641831501625,0.4,0.9957890682988971,7.8639264630646535,0.9917360476018338,0.1511442784995745,,,,,base,0.0,0.0,,,,,,,,,,,,,,,,0.2060496319774151,0.27611139825612135,candidate,7.0,1.0,0.17642705762547412,0.007794930186111733,7.0
,,,,,,,,,,,,,,,,,,,,,8.0,0285,stage4_1203_latest,7,2.663603919976891,0.35270854778944283,3.1521068120358624,0.375,0.8323863636363636,0.3161092019777845,0.505999829658206,2.8851728814161075,0.5291138334521548,0.5815066938685416,0.8419453990111078,7.0,2.513113885825117,0.995386953425928,1.026600216310098,0.4,0.9956842748373435,6.880049059518645,0.9911008407340476,0.17535692422141286,,,,,base,0.0,0.0,,,,,,,,,,,,,,,,0.1984898934725683,0.28814698035684394,selected,7.0,1.0,0.17644011192032885,0.008109081680079707,7.0
,,,,,,,,,,,,,,,,,,,,,8.0,0285,stage4_1203_latest,8,2.974473665931199,0.31671146023169644,3.2571652914022686,0.4947916666666667,0.7670454545454546,0.3623972883833817,0.4864888719443338,3.247764148289273,0.5509107048978215,0.5191834582368279,0.8188013558083092,8.0,2.5332962737048166,0.992564011436711,1.0399413883305186,0.4,0.9931616860657299,7.863961225940686,0.991730363779789,0.15085730908111913,,,,,provisional,0.0,0.0,,,,,,,,,,,,,,,,0.19460288121120664,0.29673843631552527,candidate,8.0,1.0,0.17589578027361605,0.006913015511395152,8.0
,,,,,,,,,,,,,,,,,,,,,8.0,0285,stage4_1203_latest,8,2.9744736651061308,0.3167114602492222,3.2571652903703,0.4947916666666667,0.7670454545454546,0.36239728857308956,0.48648887198788604,3.247764147956405,0.5509107048505608,0.5191834583015685,0.8188013557134552,8.0,2.5332962737048166,0.992564011436711,1.0399413883305186,0.4,0.9931616860657299,7.863961225940686,0.991730363779789,0.15085730908111913,,,,,provisional,0.0,0.0,,,,,,,,,,,,,,,,0.1946028826400545,0.2967384351899391,selected,8.0,1.0,0.17589578027361605,0.006913015511395152,8.0
,,,,,,,,,,,,,,,,,,,,,8.0,0285,stage4_1203_latest,8,2.9717307862529467,0.31288798710671856,3.2563213686874977,0.484375,0.7613636363636364,0.35749785784564486,0.48791520625640644,3.220519197968475,0.5459996017016656,0.5137638204328794,0.8212510710771774,7.0,2.535162803211806,0.9920275053970199,1.0415092570550237,0.4,0.9928741663767788,7.866929488042229,0.9919066437191587,0.15054906742602728,,,,,final,0.0,0.0,,,,,,,,,,,,,,,,0.19397343902061723,0.29776507049898376,candidate,7.0,1.0,0.17594577914232581,0.006780436341644867,7.0
0.9970106787694204,1.0175861726563828,0.19561476777916048,0.9933679552332423,1.0362268136524972,0.1983182463668427,0.9955822113404341,1.0262800908364147,0.19643444787380332,0.9976268001056352,1.01431823815566,0.19142781913005943,0.994146977900155,1.0320710406187832,0.19689912950645225,0.13698655907441076,0.4260243192729338,0.04356158365266963,0.16312645845642634,0.46954969547058245,0.13087751627615427,8.0,0285,stage4_1203_latest,7,2.9184521941754733,0.302185641069057,3.2895716659693743,0.484375,0.7613636363636364,0.35445238391555983,0.48840957728426787,3.012280358365203,0.5499727134334054,0.5279792613168519,0.82277380804222,7.0,2.296831383784899,0.993388652228316,1.0324133530518076,0.4,0.9945314573045481,6.880726505940119,0.9911421053161865,0.16977155015321732,0.14752458035945892,0.9932968752726078,1.1756357213967592,1.037930699063428,final,0.0,0.0,0.12697023954718334,0.11002170903991242,0.11780451895646353,3.3643743601937013,0.9979597174957396,1.0123848255542405,0.9878945630094372,0.03084112623611499,0.532470703125,0.0036102052487514994,0.005371061148077187,0.9986024281174195,6.837141224355129,0.9878945630094372,0.17461654275194832,0.1947859977173201,0.3019170823594272,selected,7.0,1.0,0.1759683526025212,0.004144163475451912,7.0
,,,,,,,,,,,,,,,,,,,,,8.0,0286,stage4_1203_latest,8,2.535838523928502,0.12178948642921905,1.7563109545211324,0.8020833333333334,0.8721590909090909,0.2129631773108673,0.8028319882234203,1.9219613004403218,0.30967050948415226,0.6826957908680931,0.8935184113445664,4.0,2.541959311913248,0.9829514396262224,1.0511478259868818,0.8,0.9909119027648865,7.499688988585191,0.9688101856862028,0.19128453269433823,,,,,base,0.0,0.0,,,,,,,,,,,,,,,,0.10489859483238614,0.4595560259444828,candidate,4.0,1.0,0.14532901863619116,0.010975705373000159,4.0
,,,,,,,,,,,,,,,,,,,,,8.0,0286,stage4_1203_latest,4,2.5357783612183225,0.23073248048551287,1.7913711271497315,0.8020833333333334,0.8778409090909091,0.21063574743872301,0.8032655126699235,1.9023038808416644,0.4581845011827992,0.6868479295105573,0.8946821262806385,4.0,2.362035729489425,0.9951451538103545,1.022047632073316,0.8,0.9964567744687693,3.9025682226670186,0.9821982137025879,0.3061069067648591,,,,,base,0.0,0.0,,,,,,,,,,,,,,,,0.18538644268525895,0.38177096254253895,selected,4.0,1.0,0.14670434614402222,0.004250711592435636,4.0
,,,,,,,,,,,,,,,,,,,,,8.0,0286,stage4_1203_latest,8,2.6550238993946365,0.09403469248853809,1.6980923703305573,0.8333333333333334,0.8806818181818182,0.1952515436892279,0.8288828744507245,1.9861407437051664,0.32506830001541565,0.6676258637273125,0.902374228155386,4.0,2.383181766633659,0.9763747144684464,1.0757829679370676,0.6,0.9857908156813814,7.349882129517084,0.9590048531668514,0.20242124782781476,,,,,provisional,0.0,0.0,,,,,,,,,,,,,,,,0.10173818069776402,0.45431724616742647,candidate,4.0,1.0,0.14472239814429727,0.013944697913450666,4.0
,,,,,,,,,,,,,,,,,,,,,8.0,0286,stage4_1203_latest,4,2.6746860733499207,0.24951626186423467,1.7144310988578106,0.8333333333333334,0.8806818181818182,0.19431068831141804,0.8289323936170795,1.972942084313453,0.4833545411614878,0.6688565101235134,0.902844655844291,4.0,1.895742469132536,0.9900182690576232,1.0398469731649724,0.6,0.9928211080220557,3.8848478006761566,0.9788850321679459,0.3181234155562447,,,,,provisional,0.0,0.0,,,,,,,,,,,,,,,,0.18898124404656474,0.37641247302719993,selected,4.0,1.0,0.14642762273453963,0.008989436657832956,4.0
,,,,,,,,,,,,,,,,,,,,,8.0,0286,stage4_1203_latest,8,2.6193488520592143,0.094189194694679,1.6417714565693176,0.8333333333333334,0.8693181818181818,0.18706035561693488,0.8403296778410585,1.9633306532521877,0.3194260976708413,0.6755002185887943,0.9064698221915325,4.0,2.2884805700294426,0.9759790177476482,1.082579621402137,0.6,0.9842698566877817,7.363376206883205,0.9598294681073554,0.20106023999795242,,,,,final,0.0,0.0,,,,,,,,,,,,,,,,0.10122612551937502,0.4546588308587357,candidate,4.0,1.0,0.1443997147474242,0.014634134471193022,4.0
0.9939645379530676,1.0215258460213745,0.36146137872158574,0.992550776438723,1.0309712697536477,0.3623118572054985,0.9880822025491848,1.0388164608514532,0.34547461466914114,0.9891446815534496,1.0336986928162653,0.3480983585591844,0.9937715883371167,1.0256949709390788,0.3607683640483518,0.4030392678091348,0.09433290225230241,0.023072722211862573,0.4031857913302027,0.08144521702393388,0.02553507204885934,8.0,0286,stage4_1203_latest,4,2.6430725810995885,0.24869498005962035,1.6599947204014356,0.8333333333333334,0.8693181818181818,0.18587946357312726,0.8403991411993214,1.9484909295724655,0.4744963865623624,0.6769217105856505,0.9070602682134363,4.0,1.8929823846675566,0.9888817258703259,1.0421136800920303,0.6,0.9923451733524382,3.8815515122314075,0.9782568843901598,0.31672407793849583,0.1439860761165619,0.9912666246721419,1.2943803410482082,1.0344659156750782,final,0.0,0.0,0.4005289592686776,0.03577396759371477,0.005790187178813827,1.764871896289475,0.9902091841294611,1.0287499592682037,0.9725011990810559,0.053124788678424406,0.8116455078125,0.004330955284579141,0.01615221540011008,0.9959798945180216,3.850904146235561,0.9725011990810559,0.30943585677199514,0.18822928094170427,0.3800157177395038,selected,4.0,1.0,0.1462397611637018,0.009090994509587353,4.0
,,,,,,,,,,,,,,,,,,,,,8.0,0287,stage4_1203_latest,8,1.5356777908199664,0.07924583879359155,1.1864596705056927,0.9479166666666666,0.9573863636363636,0.10828149314065244,0.9111571775197898,1.2857211041431682,0.09456207102088696,0.9144143862655495,0.9458592534296738,3.0,2.0707539188346447,0.9638675429749713,1.0964509665761326,1.0,0.9808420858670799,7.3831645221687765,0.960878359744626,0.22058376973809818,,,,,base,0.0,0.0,,,,,,,,,,,,,,,,0.08343908005928237,0.4743305371104373,candidate,3.0,1.0,0.14174134842026048,0.018173838842122075,3.0
,,,,,,,,,,,,,,,,,,,,,8.0,0287,stage4_1203_latest,3,1.5573909775501131,0.20607681126224828,1.2158556214004705,0.9479166666666666,0.9573863636363636,0.10139233965008626,0.9121087168757342,1.2345166876152132,0.15428663439159698,0.9225666657563449,0.9493038301749569,3.0,1.7446554382921955,0.9943246302262363,1.023786282341389,1.0,0.9959673223491897,2.9305696203569633,0.9786651128589418,0.4316341790058207,,,,,base,0.0,0.0,,,,,,,,,,,,,,,,0.16628886678300356,0.3124587253552317,selected,3.0,1.0,0.14356822824401597,0.008643693093907655,3.0
,,,,,,,,,,,,,,,,,,,,,8.0,0287,stage4_1203_latest,8,2.04211860964009,0.08791909103834916,1.2684226197446375,0.9427083333333334,0.9431818181818182,0.12945440001029154,0.9117632229494319,1.6302170080409528,0.22112346278145834,0.8100987469941469,0.9352727999948542,4.0,2.025572275085789,0.972071910096872,1.1118234756527818,1.0,0.9770573955143149,7.506331545642889,0.9690137379314011,0.20135103387154354,,,,,provisional,0.0,0.0,,,,,,,,,,,,,,,,0.09679989754303019,0.46050331302304726,candidate,4.0,1.0,0.1427274509047113,0.016975792966181007,4.0
,,,,,,,,,,,,,,,,,,,,,8.0,0287,stage4_1203_latest,4,2.094020216288116,0.21122441854159138,1.3075103103508625,0.9427083333333334,0.9431818181818182,0.12658078127513842,0.9131173320410183,1.591944203917267,0.32040960783697214,0.8158073314795624,0.9367096093624309,4.0,1.8879941306779093,0.9892744710268603,1.0402940399147238,1.0,0.9926485899810119,3.8257378482182682,0.967771192299826,0.3399441838425002,,,,,provisional,0.0,0.0,,,,,,,,,,,,,,,,0.17871948295971407,0.4154474179720713,selected,4.0,1.0,0.14373195169426578,0.010079487954201188,4.0
,,,,,,,,,,,,,,,,,,,,,8.0,0287,stage4_1203_latest,8,2.0095408799056313,0.08598366791116921,1.2629164730129803,0.9479166666666666,0.9460227272727273,0.131927304739741,0.9101718912990054,1.583138365175432,0.20521282696466234,0.8253792399324859,0.9340363476301294,4.0,2.0124140552490126,0.9716163281094136,1.1118589086368276,1.0,0.9770552466442901,7.506639548824344,0.9690359074887993,0.1989052190896122,,,,,final,0.0,0.0,,,,,,,,,,,,,,,,0.09579912564679138,0.462482084219669,candidate,4.0,1.0,0.14258687035756568,0.017854370580245436,4.0
0.9929018495328155,1.0297247432936414,0.3736408667602552,0.987909007329559,1.044542636302709,0.3845287964565252,0.9880108475889312,1.0476691507501847,0.3874807164578892,0.9914820052557678,1.03277286671339,0.3828811461576846,0.9884346420416019,1.0463404683912636,0.36381587337668125,0.5165139007910954,0.1935227475014487,0.12909015809678678,0.517953710352283,0.22196590151344064,0.12762782183338012,8.0,0287,stage4_1203_latest,4,2.057756194018488,0.20210945662510796,1.3027080864614213,0.9479166666666666,0.9460227272727273,0.12920754535441387,0.9115633559980248,1.5436868626332014,0.2960896116597491,0.8313778861055883,0.9353962273227929,4.0,1.9690903287309494,0.9898804003933588,1.0398044637598096,1.0,0.9928315066757036,3.838444457279344,0.9701806030454487,0.3364597734164666,0.15412360429763794,0.9870903988232574,1.3087284553784742,1.049680437262234,final,0.0,0.0,0.4008208680886721,0.032894451430336695,0.006576325461696421,2.184650704267562,0.9924532217510119,1.0297472980995308,0.9718062671753082,0.05451556769016306,0.9488525390625,0.0051309950921777725,0.016532255313071818,0.9959718249847374,3.8470173209523764,0.9718062671753082,0.3221820236149301,0.17656759692035776,0.4194817505650719,selected,4.0,1.0,0.1436925262869481,0.009802505847731346,4.0
,,,,,,,,,,,,,,,,,,,,,8.0,0288,stage4_1203_latest,8,1.0,0.011131077527734748,1.1972686066461178,0.953125,0.9715909090909091,0.10135576786820467,0.925891611471433,1.2442174104756065,0.0896840156941825,0.9153249370707558,0.9493221160658977,2.0,1.2202388582189791,0.9773408675167532,1.102367224572631,0.8,0.9776744612607258,6.949400498286712,0.9308898801115333,0.23968380635399575,,,,,base,0.0,0.0,,,,,,,,,,,,,,,,0.05924439561651097,0.27633620262554154,candidate,2.0,1.0,0.21683687448309916,0.015891900698956116,2.0
,,,,,,,,,,,,,,,,,,,,,8.0,0288,stage4_1203_latest,2,1.0,0.31167017089624033,1.197268606651014,0.953125,0.9715909090909091,0.10135576789595352,0.925891611475443,1.2442174105728498,0.26905204720074793,0.9153249370449839,0.9493221160520232,2.0,1.0,0.9990620722567015,1.004064162151059,0.8,0.9994155329796947,1.9990071381783192,0.9992833140031381,0.5115057650708887,,,,,base,0.0,0.0,,,,,,,,,,,,,,,,0.236661354685007,0.3348875387457329,selected,2.0,1.0,0.22315822331428858,0.002870848808755791,2.0
,,,,,,,,,,,,,,,,,,,,,8.0,0288,stage4_1203_latest,8,1.0,0.01244239338353226,1.2269024413753775,0.9322916666666666,0.9460227272727273,0.11321061631727991,0.9162892700255979,1.2918531474480088,0.10676465583093263,0.8979687318668367,0.94339469184136,2.0,1.2459202427071874,0.9620110085181042,1.1334941383329198,0.8,0.9733371807437076,6.618250221599308,0.9049102397869803,0.26539206953483285,,,,,provisional,0.0,0.0,,,,,,,,,,,,,,,,0.060149380006113896,0.27239705406031867,candidate,2.0,1.0,0.21131342597559288,0.034049860130252574,2.0
,,,,,,,,,,,,,,,,,,,,,8.0,0288,stage4_1203_latest,2,1.0,0.3483870148251496,1.2269024413628629,0.9322916666666666,0.9460227272727273,0.11321061632850027,0.9162892700336437,1.2918531475126562,0.32029396757729073,0.897968731853207,0.9433946918357499,2.0,1.0,0.9989968362854537,1.004309896770302,0.8,0.9993752651192654,1.998729532943138,0.9990829084342004,0.5142471013308201,,,,,provisional,0.0,0.0,,,,,,,,,,,,,,,,0.2402812922434187,0.32312081091623035,selected,2.0,1.0,0.22307259448255914,0.009004175494888666,2.0
,,,,,,,,,,,,,,,,,,,,,8.0,0288,stage4_1203_latest,8,1.0,0.011842345828872195,1.200312718604217,0.953125,0.9630681818181818,0.10358589607325822,0.9258125795061541,1.2613950361712902,0.09591197099354755,0.9093504810967755,0.9482070519633709,2.0,1.2262839153842962,0.9666926053816353,1.124142043814819,0.6,0.9747536107035039,6.663441875250081,0.9088394443438955,0.2620737265511364,,,,,final,0.0,0.0,,,,,,,,,,,,,,,,0.05947986427855087,0.27511871862534404,candidate,2.0,1.0,0.21228278544620585,0.030912088444322854,2.0
0.9990979353291701,1.0038991058562687,0.5495405464843648,0.9984550254330742,1.006274421738852,0.5488607836102677,0.998754624361983,1.0051909946753983,0.5473539477190837,0.9992639303887295,1.0032602885262902,0.5445819747327213,0.9982959189566805,1.0068399254202924,0.5486765972239949,0.6004162421764507,0.012593291898608847,0.012565424565569625,0.601182520266037,0.03967232469063101,0.011251594107656382,8.0,0288,stage4_1203_latest,2,1.0,0.3315856832993524,1.2003127186057885,0.953125,0.9630681818181818,0.10358589602598656,0.9258125795118973,1.2613950362378803,0.2877359130535212,0.9093504810776306,0.9482070519870067,2.0,1.0,0.9988170105740798,1.0049949310468285,0.6,0.9992621766022431,1.9991059457768656,0.999354646274579,0.5117400589372136,0.1456940919160843,0.9980811824615258,1.0931301219968916,1.0075878945055166,final,0.0,0.0,0.6006497908551557,0.0291657176929286,0.004309723300530412,1.0,0.9994571143121566,1.002477567388736,0.9976947097957509,0.01291116528493623,1.0,0.0009537524887523596,0.00821479885787078,0.9997318454324953,1.99680759898854,0.9976947097957509,0.5270351768087279,0.2376032293331666,0.33019754737438706,selected,2.0,1.0,0.22306275299765926,0.009716918777811577,2.0
,,,,,,,,,,,,,,,,,,,,,8.0,0289,stage4_1203_latest,8,0.0,0.0,1.0,1.0,1.0,0.0,1.0,1.0,0.0,1.0,1.0,1.0,1.532209039822913,0.9965571447266866,1.0202408340221008,1.0,0.996568030050511,6.543489840439625,0.9030883416065875,0.369653982030401,,,,,base,0.0,0.0,,,,,,,,,,,,,,,,0.03609509375620227,0.12500004967053732,candidate,1.0,1.0,0.19177381027168222,0.008080554042154436,1.0
,,,,,,,,,,,,,,,,,,,,,8.0,0289,stage4_1203_latest,1,0.0,0.0,1.0,1.0,1.0,0.0,1.0,1.0,0.0,1.0,1.0,1.0,0.0,0.0,1.0,1.0,1.0,1.0,0.0,1.0,,,,,base,0.0,0.0,,,,,,,,,,,,,,,,0.2880228852271988,0.0,selected,1.0,1.0,0.19293528594786033,0.0,1.0
,,,,,,,,,,,,,,,,,,,,,8.0,0289,stage4_1203_latest,8,0.0,0.0,1.0,1.0,1.0,0.0,1.0,1.0,0.0,1.0,1.0,1.0,1.0793278585728627,0.9837969392120657,1.0713983326503056,1.0,0.9837076076213336,5.526595819416576,0.817123902607412,0.4710365357566883,,,,,provisional,0.0,0.0,,,,,,,,,,,,,,,,0.03609509375620227,0.12500004967053732,candidate,1.0,1.0,0.19501623332229562,0.00845766315740122,1.0
,,,,,,,,,,,,,,,,,,,,,8.0,0289,stage4_1203_latest,1,0.0,0.0,1.0,1.0,1.0,0.0,1.0,1.0,0.0,1.0,1.0,1.0,0.0,0.0,1.0,1.0,1.0,1.0,0.0,1.0,,,,,provisional,0.0,0.0,,,,,,,,,,,,,,,,0.2880228852271988,0.0,selected,1.0,1.0,0.19293528594786033,0.0,1.0
,,,,,,,,,,,,,,,,,,,,,8.0,0289,stage4_1203_latest,8,0.0,0.0,1.0,1.0,1.0,0.0,1.0,1.0,0.0,1.0,1.0,1.0,1.0602859187349851,0.9823194704578514,1.072125917094026,1.0,0.9834603724286248,5.454387060913758,0.8102352306741314,0.47856546129063443,,,,,final,0.0,0.0,,,,,,,,,,,,,,,,0.03609509375620227,0.12500004967053732,candidate,1.0,1.0,0.19587380847282107,0.008596728341240558,1.0
0.0,1.0,1.0,0.0,1.0,1.0,0.0,1.0,1.0,0.0,1.0,1.0,0.0,1.0,1.0,0.7,0.0,0.0,0.7,0.0,0.0,8.0,0289,stage4_1203_latest,1,0.0,0.0,1.0,1.0,1.0,0.0,1.0,1.0,0.0,1.0,1.0,1.0,0.0,0.0,1.0,1.0,1.0,1.0,0.0,1.0,0.1596955955028534,0.0,1.1287504971447389,1.0,final,0.0,0.0,0.7,0.0,0.0,0.0,0.0,1.0,0.0,0.0,1.0,0.0,0.0,1.0,1.0,0.0,1.0,0.2880228852271988,0.0,selected,1.0,1.0,0.19293528594786033,0.0,1.0
,,,,,,,,,,,,,,,,,,,,,8.0,0290,stage4_1203_latest,8,1.0,0.028048265233786306,1.0490829205793997,1.0,1.0,0.047562280777648264,0.9914084830389944,1.3912697566438537,0.15212963738143412,0.8887495896216663,0.9762188596111759,2.0,1.4927338827132937,0.9703688083924079,1.0573541379947347,1.0,0.9886924314596388,5.5049532157326775,0.8167519550902759,0.3406182229133304,,,,,base,0.0,0.0,,,,,,,,,,,,,,,,0.06544200373089859,0.19852231564045322,candidate,2.0,1.0,0.2031063866753204,0.01746164467219087,2.0
,,,,,,,,,,,,,,,,,,,,,8.0,0290,stage4_1203_latest,2,1.0,0.785351426922744,1.0490829205907044,1.0,1.0,0.0475622806818057,0.9914084830400253,1.3912697570539718,0.4563889125829519,0.8887495894878885,0.9762188596590972,2.0,1.0,0.996615378462587,1.0124595164961288,1.0,0.9979159390766889,1.995799625701298,0.9969611635837671,0.525088810541849,,,,,base,0.0,0.0,,,,,,,,,,,,,,,,0.2614517871425575,0.1446180704111021,selected,2.0,1.0,0.21503306193263882,0.00927248696937836,2.0
,,,,,,,,,,,,,,,,,,,,,8.0,0290,stage4_1203_latest,8,1.0,0.030531769305181946,1.082096035152869,1.0,1.0,0.06074353947024156,0.9849046578533456,1.5874427191926574,0.21703449650142845,0.8139500748629452,0.9696282302648792,2.0,1.61908903005222,0.9783749259490814,1.029703897924072,0.6,0.9947778253596369,5.404953896539089,0.809764892073997,0.33831590816157653,,,,,provisional,0.0,0.0,,,,,,,,,,,,,,,,0.06818054228680816,0.2057303142625874,candidate,2.0,1.0,0.20933530299498984,0.014654221493941636,2.0
,,,,,,,,,,,,,,,,,,,,,8.0,0290,stage4_1203_latest,2,1.0,0.85488954080132,1.0820960350963111,1.0,1.0,0.060743539456736856,0.9849046578717581,1.5874427194687348,0.6511034897735828,0.813950074762101,0.9696282302716316,2.0,1.0,0.9992386001418931,1.0033819557429364,0.6,0.9995248784033123,1.9994676144042676,0.999615758388977,0.5072241040511256,,,,,provisional,0.0,0.0,,,,,,,,,,,,,,,,0.2724059413661958,0.10710316310386615,selected,2.0,1.0,0.21516599029537348,0.004461895279974349,2.0
,,,,,,,,,,,,,,,,,,,,,8.0,0290,stage4_1203_latest,8,1.0,0.030279314057099858,1.0688152833492246,1.0,1.0,0.05698926078057837,0.9876635851309774,1.536021704177104,0.201013161404268,0.8359109097825951,0.9715053696097108,2.0,1.618218498934363,0.9788293732971081,1.0295977750142298,0.8,0.9948052689622537,5.328239668267101,0.802702306150614,0.34263202504350354,,,,,final,0.0,0.0,,,,,,,,,,,,,,,,0.0677889316445295,0.2045017013328648,candidate,2.0,1.0,0.20915684233990128,0.01481718759964515,2.0
0.9996447583266056,1.0017128382774245,0.5047864771237477,0.998701970064505,1.005426499674163,0.5063979725969016,0.9990658523849079,1.0040559655599308,0.5091584348644759,0.9995003520005891,1.0023239765433158,0.5094544565122893,0.9995735304321811,1.002017693472538,0.5026306122322213,0.6027256140179986,0.10567735950568428,0.015435074416153627,0.6032581319803944,0.14959902945157488,0.01580436723470598,8.0,0290,stage4_1203_latest,2,1.0,0.8478207939742596,1.0688152832230584,1.0,1.0,0.056989260790574446,0.9876635851660507,1.5360217043574174,0.6030394844056346,0.8359109097350462,0.9715053696047128,2.0,1.0,0.9992158359449027,1.0034714031029748,0.8,0.9995107645133462,1.9994355210079706,0.9995925785601419,0.5075910092731147,0.16033819317817688,0.9992262603547731,1.1246938819979975,1.003431731971856,final,0.0,0.0,0.6003827749414361,0.043921669945890605,0.0016557796971680555,1.0,0.999749241962238,1.0012521455955206,0.9998398610563848,0.009187649404172748,0.7889404296875,0.0009947363461140627,0.005598448795090622,0.9998746626523846,1.9997780258529858,0.9998398610563848,0.5063400444218562,0.2708394888842885,0.1098881594871418,selected,2.0,1.0,0.21516644964854226,0.0039842995726897335,2.0
,,,,,,,,,,,,,,,,,,,,,8.0,0291,stage4_1203_latest,8,1.0,0.025038012392177532,1.0211194056117106,1.0,1.0,0.024919684231660244,0.996698797608368,1.2149861259899375,0.08849012706230466,0.9453768001543539,0.9875401578841699,2.0,2.2674463582514957,0.894841527241565,1.0566863028789293,1.0,0.9897634689638288,4.859019796839848,0.7584489308958821,0.4065434139702737,,,,,base,0.0,0.0,,,,,,,,,,,,,,,,0.061050562646893486,0.18889058697681238,candidate,2.0,1.0,0.1763674411683403,0.04708602207719486,2.0
,,,,,,,,,,,,,,,,,,,,,8.0,0291,stage4_1203_latest,2,1.0,0.7010643470502727,1.0211194056452442,1.0,1.0,0.024919684253545515,0.9966987976020123,1.2149861261851893,0.2654703814040985,0.9453768000944264,0.9875401578732272,2.0,1.0,0.99218158171592,1.0219450263055636,1.0,0.9959293526565995,1.9482838880324986,0.9620894674107402,0.6100357724173708,,,,,base,0.0,0.0,,,,,,,,,,,,,,,,0.24388603018432542,0.20615623698585486,selected,2.0,1.0,0.18537807132623577,0.014464445212780857,2.0
,,,,,,,,,,,,,,,,,,,,,8.0,0291,stage4_1203_latest,8,1.0,0.012228316676564965,1.0062720074858453,1.0,1.0,0.01627062646999432,0.9990574025961387,1.0459210375983465,0.019606111768016663,0.9892756733180743,0.9918646867650028,2.0,1.617104716031197,0.9273515798153849,1.0464106990000908,0.8,0.991509071395218,5.338429293722853,0.8020754005937282,0.33369196378737126,,,,,provisional,0.0,0.0,,,,,,,,,,,,,,,,0.059362516681544006,0.28773504861424565,candidate,2.0,1.0,0.1877341043939141,0.016925143198437295,2.0
,,,,,,,,,,,,,,,,,,,,,8.0,0291,stage4_1203_latest,2,1.0,0.3423928670923769,1.006272007487097,1.0,1.0,0.016270626475986493,0.9990574025959779,1.045921037624794,0.058818335338590835,0.9892756733119398,0.9918646867620068,2.0,1.0,0.9983762482375012,1.0065860903812718,0.8,0.998989748797342,1.9981271211368246,0.9986477042299551,0.5179952416739562,,,,,provisional,0.0,0.0,,,,,,,,,,,,,,,,0.23713383267193852,0.33866393574652387,selected,2.0,1.0,0.1850806585737543,0.004287871900166368,2.0
,,,,,,,,,,,,,,,,,,,,,8.0,0291,stage4_1203_latest,8,1.0,0.009537109244660431,1.0030229510861468,1.0,1.0,0.009330066512272927,0.9995965064618428,1.023779714490949,0.010289236883805813,0.9946196942177137,0.9953349667438635,1.0,1.8916970024596977,0.9230612669520246,1.0470141583293966,0.8,0.9916352479802105,5.3377632187163,0.8023383545883019,0.3342941913348681,,,,,final,0.0,0.0,,,,,,,,,,,,,,,,0.05480004540923346,0.29385032167212555,candidate,1.0,1.0,0.18756283335501203,0.018321166394638655,1.0
0.0,1.0,1.0,0.0,1.0,1.0,0.0,1.0,1.0,0.0,1.0,1.0,0.0,1.0,1.0,0.7191210975769231,0.10924639981114719,0.324970189652191,0.6605262181918616,1.869304946812732,0.10527921599215673,8.0,0291,stage4_1203_latest,1,0.0,0.0,1.0,1.0,1.0,0.0,1.0,1.0,0.0,1.0,1.0,1.0,0.0,0.0,1.0,1.0,1.0,1.0,0.0,1.0,0.1592642068862915,0.0,1.2500065228985258,1.0,final,0.0,0.0,0.7256298498939319,0.02144865337612041,0.40308392768898565,0.0,0.0,1.0,0.0,0.0,1.0,0.0,0.0,1.0,1.0,0.0,1.0,0.2880228852271988,0.0,selected,1.0,1.0,0.18508206617405015,0.0,1.0
,,,,,,,,,,,,,,,,,,,,,8.0,0292,stage4_1203_latest,8,0.0,0.0,1.0,1.0,1.0,0.0,1.0,1.0,0.0,1.0,1.0,1.0,1.2371620968528592,0.9962148580962088,1.029399110260176,1.0,0.9948992079494117,6.606960226333861,0.9075316102209734,0.35653268707605,,,,,base,0.0,0.0,,,,,,,,,,,,,,,,0.03609509375620227,0.12500004967053732,candidate,1.0,1.0,0.11453872199805909,0.004047210819529657,1.0
,,,,,,,,,,,,,,,,,,,,,8.0,0292,stage4_1203_latest,1,0.0,0.0,1.0,1.0,1.0,0.0,1.0,1.0,0.0,1.0,1.0,1.0,0.0,0.0,1.0,1.0,1.0,1.0,0.0,1.0,,,,,base,0.0,0.0,,,,,,,,,,,,,,,,0.2880228852271988,0.0,selected,1.0,1.0,0.11429258296926324,0.0,1.0
,,,,,,,,,,,,,,,,,,,,,8.0,0292,stage4_1203_latest,8,1.0,0.004159868278883064,1.0093994221099118,1.0,1.0,0.008951321149088743,0.9979107467402251,1.0170494175993374,0.006459394555010435,0.9947319740998278,0.9955243394254556,1.0,1.6168035294553893,0.9778444661092279,1.0625104967373342,0.8,0.9877384517968781,5.761076032042735,0.839610494003544,0.3263731466146056,,,,,provisional,0.0,0.0,,,,,,,,,,,,,,,,0.04151847711838495,0.2995590569383428,candidate,1.0,1.0,0.11375212034570874,0.011016452688627694,1.0
,,,,,,,,,,,,,,,,,,,,,8.0,0292,stage4_1203_latest,1,0.0,0.0,1.0,1.0,1.0,0.0,1.0,1.0,0.0,1.0,1.0,1.0,0.0,0.0,1.0,1.0,1.0,1.0,0.0,1.0,,,,,provisional,0.0,0.0,,,,,,,,,,,,,,,,0.2880228852271988,0.0,selected,1.0,1.0,0.11429258296926324,0.0,1.0
,,,,,,,,,,,,,,,,,,,,,8.0,0292,stage4_1203_latest,8,1.0,0.004361489177617084,1.013558263576482,1.0,1.0,0.01142544163280162,0.9965731781205046,1.022007034902115,0.008292627733863992,0.9929180726323868,0.9942872791835992,1.0,1.636641654563045,0.9782203795755445,1.0617595173110885,0.8,0.987810171206387,5.759259209430672,0.8395182806075211,0.3278701769847328,,,,,final,0.0,0.0,,,,,,,,,,,,,,,,0.0422064272605711,0.2991719575163976,candidate,1.0,1.0,0.11383123276580887,0.011340298698691548,1.0
0.0,1.0,1.0,0.0,1.0,1.0,0.0,1.0,1.0,0.0,1.0,1.0,0.0,1.0,1.0,0.7,0.0,0.0,0.7,0.0,0.0,8.0,0292,stage4_1203_latest,1,0.0,0.0,1.0,1.0,1.0,0.0,1.0,1.0,0.0,1.0,1.0,1.0,0.0,0.0,1.0,1.0,1.0,1.0,0.0,1.0,0.13791334629058838,0.0,0.954849727408929,1.0,final,0.0,0.0,0.7,0.0,0.0,0.0,0.0,1.0,0.0,0.0,1.0,0.0,0.0,1.0,1.0,0.0,1.0,0.2880228852271988,0.0,selected,1.0,1.0,0.11429258296926324,0.0,1.0
,,,,,,,,,,,,,,,,,,,,,8.0,0653,stage4_1203_latest,8,1.0,0.03174976948722165,1.2147187567448425,0.7239583333333334,0.8323863636363636,0.08432913399786943,0.9548607568326323,1.9120930848624706,0.3104199724311442,0.6134178920394617,0.9578354330010654,2.0,1.574783917285575,0.9886320062390611,1.0627111434743706,0.8,0.9875716091392119,7.27343558923175,0.9537936507294064,0.22550272838155722,,,,,base,0.0,0.0,,,,,,,,,,,,,,,,0.07061377074611726,0.21467179497301409,candidate,2.0,1.0,0.18580188381137389,0.011550575111742935,2.0
,,,,,,,,,,,,,,,,,,,,,8.0,0653,stage4_1203_latest,2,1.0,0.8889935456089666,1.2147187567920876,0.7239583333333334,0.8323863636363636,0.08432913401099595,0.9548607568214464,1.912093084838346,0.9312599172730633,0.6134178920509958,0.9578354329945019,2.0,1.0,0.9990148899328108,1.0042514300640095,0.8,0.9993850261963289,1.9994228509239662,0.9995834700482041,0.508524313277766,,,,,base,0.0,0.0,,,,,,,,,,,,,,,,0.28213885520343224,0.08966777933135556,selected,2.0,1.0,0.18898970367726795,0.0036169083089493985,2.0
,,,,,,,,,,,,,,,,,,,,,8.0,0653,stage4_1203_latest,8,1.0,0.03372930519464927,1.076984147416312,1.0,1.0,0.04664124178504216,0.9866147314305683,1.81188003407342,0.28457061517324844,0.7074948860722543,0.9766793791074789,2.0,1.4362702074169904,0.9882206978697727,1.0593403660959388,0.8,0.9892905333579474,7.11945298855138,0.9431998473423737,0.23877062333157345,,,,,provisional,0.0,0.0,,,,,,,,,,,,,,,,0.07071414657285616,0.21259931910464902,candidate,2.0,1.0,0.18401505732452528,0.017918457691911353,2.0
,,,,,,,,,,,,,,,,,,,,,8.0,0653,stage4_1203_latest,2,1.0,0.9444205454165594,1.0769841474463053,1.0,1.0,0.04664124177574034,0.9866147314233178,1.8118800340269956,0.8537118454809851,0.7074948860949707,0.9766793791121299,2.0,1.0,0.9994773841238337,1.0024170822275182,0.8,0.999673900444032,1.9994081676253153,0.999572931362676,0.5093023208926017,,,,,provisional,0.0,0.0,,,,,,,,,,,,,,,,0.28254036049531667,0.0513676561218268,selected,2.0,1.0,0.18897824356317716,0.00348895005821722,2.0
,,,,,,,,,,,,,,,,,,,,,8.0,0653,stage4_1203_latest,8,1.0,0.03365439978441854,1.0861345358365704,1.0,1.0,0.049086174758425694,0.9847971686873856,1.833455675992167,0.2902880288189737,0.692421081844877,0.9754569126207872,2.0,1.461979117484203,0.9895056000104887,1.054026866971519,1.0,0.9902720722223528,7.122640737531924,0.9435180176382651,0.23874747340412691,,,,,final,0.0,0.0,,,,,,,,,,,,,,,,0.07076252579151689,0.2127890486820409,candidate,2.0,1.0,0.18433147482500847,0.0169258506665395,2.0
0.9996284195546663,1.0017834554501606,0.5012378608036154,0.9988244183275415,1.004972225178329,0.5046076678855465,0.9996794323656886,1.001562009797284,0.5048223822372133,0.9995874125573113,1.0019587138633985,0.5042433002400388,0.9994859289481635,1.0023844738099041,0.5034096728602941,0.6023265484648833,0.199680698387695,0.011375717407756702,0.602500315362788,0.22965488043775129,0.011407961057331092,8.0,0653,stage4_1203_latest,2,1.0,0.9423231939513858,1.0861345358460397,1.0,1.0,0.049086174786628696,0.9847971686835256,1.8334556759675307,0.8708640864382594,0.6924210818589098,0.9754569126066858,2.0,1.0,0.9994320072303763,1.0026035707302232,1.0,0.999645540238632,1.9993882891127335,0.9995585912183981,0.5090538738139345,0.168283149600029,0.9994512833432648,1.2427454933165425,1.002527539419508,final,0.0,0.0,0.6001175443036323,0.030158343240316254,0.0010755488166212523,1.0,0.9997874682046065,1.0010791196994995,0.999921619667072,0.00872298158182995,0.5035400390625,0.0008969823210892719,0.005154529227564207,0.9998937340820591,1.9998913491631143,0.999921619667072,0.50432018390089,0.28273387538503075,0.05339785500022631,selected,2.0,1.0,0.18897271148933686,0.004295041737289674,2.0
