label,checkpoint,checkpoint_epoch,architecture,case_id,phase,status,median_wall_ms,p95_wall_ms,median_cuda_event_ms,peak_incremental_allocated_mib,peak_incremental_reserved_mib,baseline_allocated_mib,baseline_reserved_mib,application_grid_query_count,direct_query_count
1404,/home/wanglz/Desktop/src/ModularDT/HONF_Proj/Trained_Results/ThermalChannel/HONF_Forward_Runs/Run_1404_20260916_092508_routing_only_pairwise/best_by_field_mse_model.pt,4890,legacy_honf,0273,application_evaluator,complete,31.764968298375607,41.779308300465345,31.739103317260742,363.654296875,0.0,21.82861328125,462.0,8192,8192
1404,/home/wanglz/Desktop/src/ModularDT/HONF_Proj/Trained_Results/ThermalChannel/HONF_Forward_Runs/Run_1404_20260916_092508_routing_only_pairwise/best_by_field_mse_model.pt,4890,legacy_honf,0273,full_forward,complete,29.049210250377655,29.248344991356134,29.00694465637207,363.349609375,0.0,21.82861328125,462.0,8192,8192
1404,/home/wanglz/Desktop/src/ModularDT/HONF_Proj/Trained_Results/ThermalChannel/HONF_Forward_Runs/Run_1404_20260916_092508_routing_only_pairwise/best_by_field_mse_model.pt,4890,legacy_honf,0273,preparation_plus_one_query,complete,47.93436639010906,48.53127021342516,47.896446228027344,35.47119140625,0.0,21.82861328125,462.0,8192,8192
1404,/home/wanglz/Desktop/src/ModularDT/HONF_Proj/Trained_Results/ThermalChannel/HONF_Forward_Runs/Run_1404_20260916_092508_routing_only_pairwise/best_by_field_mse_model.pt,4890,legacy_honf,0273,prepared_p2_decode,complete,6.528886035084724,6.602303124964237,6.499423980712891,362.66845703125,0.0,22.09326171875,462.0,8192,8192
1404,/home/wanglz/Desktop/src/ModularDT/HONF_Proj/Trained_Results/ThermalChannel/HONF_Forward_Runs/Run_1404_20260916_092508_routing_only_pairwise/best_by_field_mse_model.pt,4890,legacy_honf,0274,application_evaluator,complete,29.2509151622653,29.54660104587674,29.225088119506836,363.654296875,0.0,21.82861328125,462.0,8192,8192
1404,/home/wanglz/Desktop/src/ModularDT/HONF_Proj/Trained_Results/ThermalChannel/HONF_Forward_Runs/Run_1404_20260916_092508_routing_only_pairwise/best_by_field_mse_model.pt,4890,legacy_honf,0274,full_forward,complete,29.23415321856737,29.63569164276123,29.2096004486084,363.349609375,0.0,21.82861328125,462.0,8192,8192
1404,/home/wanglz/Desktop/src/ModularDT/HONF_Proj/Trained_Results/ThermalChannel/HONF_Forward_Runs/Run_1404_20260916_092508_routing_only_pairwise/best_by_field_mse_model.pt,4890,legacy_honf,0274,preparation_plus_one_query,complete,24.908662773668766,25.559875462204218,24.88444709777832,35.47119140625,0.0,21.82861328125,462.0,8192,8192
1404,/home/wanglz/Desktop/src/ModularDT/HONF_Proj/Trained_Results/ThermalChannel/HONF_Forward_Runs/Run_1404_20260916_092508_routing_only_pairwise/best_by_field_mse_model.pt,4890,legacy_honf,0274,prepared_p2_decode,complete,6.4774807542562485,6.54712850227952,6.458111763000488,362.66845703125,0.0,22.09326171875,462.0,8192,8192
1404,/home/wanglz/Desktop/src/ModularDT/HONF_Proj/Trained_Results/ThermalChannel/HONF_Forward_Runs/Run_1404_20260916_092508_routing_only_pairwise/best_by_field_mse_model.pt,4890,legacy_honf,0275,application_evaluator,complete,32.181790098547935,34.63326459750533,32.160606384277344,363.654296875,0.0,21.82861328125,462.0,8192,8192
1404,/home/wanglz/Desktop/src/ModularDT/HONF_Proj/Trained_Results/ThermalChannel/HONF_Forward_Runs/Run_1404_20260916_092508_routing_only_pairwise/best_by_field_mse_model.pt,4890,legacy_honf,0275,full_forward,complete,28.652504086494446,30.144257377833128,28.6298885345459,363.349609375,0.0,21.82861328125,462.0,8192,8192
1404,/home/wanglz/Desktop/src/ModularDT/HONF_Proj/Trained_Results/ThermalChannel/HONF_Forward_Runs/Run_1404_20260916_092508_routing_only_pairwise/best_by_field_mse_model.pt,4890,legacy_honf,0275,preparation_plus_one_query,complete,25.450081564486027,26.191055215895176,25.427967071533203,35.47119140625,0.0,21.82861328125,462.0,8192,8192
1404,/home/wanglz/Desktop/src/ModularDT/HONF_Proj/Trained_Results/ThermalChannel/HONF_Forward_Runs/Run_1404_20260916_092508_routing_only_pairwise/best_by_field_mse_model.pt,4890,legacy_honf,0275,prepared_p2_decode,complete,6.96498341858387,7.062539551407099,6.933504104614258,362.66845703125,0.0,22.09326171875,462.0,8192,8192
1404,/home/wanglz/Desktop/src/ModularDT/HONF_Proj/Trained_Results/ThermalChannel/HONF_Forward_Runs/Run_1404_20260916_092508_routing_only_pairwise/best_by_field_mse_model.pt,4890,legacy_honf,0276,application_evaluator,complete,30.069749802350998,30.113750603049994,30.04854393005371,363.654296875,0.0,21.82861328125,462.0,8192,8192
1404,/home/wanglz/Desktop/src/ModularDT/HONF_Proj/Trained_Results/ThermalChannel/HONF_Forward_Runs/Run_1404_20260916_092508_routing_only_pairwise/best_by_field_mse_model.pt,4890,legacy_honf,0276,full_forward,complete,37.92564570903778,41.17667665705085,37.90348815917969,363.349609375,0.0,21.82861328125,462.0,8192,8192
1404,/home/wanglz/Desktop/src/ModularDT/HONF_Proj/Trained_Results/ThermalChannel/HONF_Forward_Runs/Run_1404_20260916_092508_routing_only_pairwise/best_by_field_mse_model.pt,4890,legacy_honf,0276,preparation_plus_one_query,complete,25.673299096524715,26.390888914465904,25.646976470947266,35.47119140625,0.0,21.82861328125,462.0,8192,8192
1404,/home/wanglz/Desktop/src/ModularDT/HONF_Proj/Trained_Results/ThermalChannel/HONF_Forward_Runs/Run_1404_20260916_092508_routing_only_pairwise/best_by_field_mse_model.pt,4890,legacy_honf,0276,prepared_p2_decode,complete,6.546486169099808,6.9216241128742695,6.5228800773620605,362.66845703125,0.0,22.09326171875,462.0,8192,8192
1404,/home/wanglz/Desktop/src/ModularDT/HONF_Proj/Trained_Results/ThermalChannel/HONF_Forward_Runs/Run_1404_20260916_092508_routing_only_pairwise/best_by_field_mse_model.pt,4890,legacy_honf,0277,application_evaluator,complete,30.11249378323555,30.88715933263302,30.092512130737305,363.654296875,0.0,21.82861328125,462.0,8192,8192
1404,/home/wanglz/Desktop/src/ModularDT/HONF_Proj/Trained_Results/ThermalChannel/HONF_Forward_Runs/Run_1404_20260916_092508_routing_only_pairwise/best_by_field_mse_model.pt,4890,legacy_honf,0277,full_forward,complete,27.2961612790823,27.3331212811172,27.272384643554688,363.349609375,0.0,21.82861328125,462.0,8192,8192
1404,/home/wanglz/Desktop/src/ModularDT/HONF_Proj/Trained_Results/ThermalChannel/HONF_Forward_Runs/Run_1404_20260916_092508_routing_only_pairwise/best_by_field_mse_model.pt,4890,legacy_honf,0277,preparation_plus_one_query,complete,24.187887087464333,25.595408957451582,24.165376663208008,35.47119140625,0.0,21.82861328125,462.0,8192,8192
1404,/home/wanglz/Desktop/src/ModularDT/HONF_Proj/Trained_Results/ThermalChannel/HONF_Forward_Runs/Run_1404_20260916_092508_routing_only_pairwise/best_by_field_mse_model.pt,4890,legacy_honf,0277,prepared_p2_decode,complete,6.351485848426819,6.519945338368416,6.33139181137085,362.66845703125,0.0,22.09326171875,462.0,8192,8192
1404,/home/wanglz/Desktop/src/ModularDT/HONF_Proj/Trained_Results/ThermalChannel/HONF_Forward_Runs/Run_1404_20260916_092508_routing_only_pairwise/best_by_field_mse_model.pt,4890,legacy_honf,0278,application_evaluator,complete,39.28980976343155,40.27090314775705,39.262977600097656,363.654296875,0.0,21.82861328125,462.0,8192,8192
1404,/home/wanglz/Desktop/src/ModularDT/HONF_Proj/Trained_Results/ThermalChannel/HONF_Forward_Runs/Run_1404_20260916_092508_routing_only_pairwise/best_by_field_mse_model.pt,4890,legacy_honf,0278,full_forward,complete,27.97866240143776,28.491838555783033,27.95724868774414,363.349609375,0.0,21.82861328125,462.0,8192,8192
1404,/home/wanglz/Desktop/src/ModularDT/HONF_Proj/Trained_Results/ThermalChannel/HONF_Forward_Runs/Run_1404_20260916_092508_routing_only_pairwise/best_by_field_mse_model.pt,4890,legacy_honf,0278,preparation_plus_one_query,complete,24.616439826786518,24.934252258390188,24.577951431274414,35.47119140625,0.0,21.82861328125,462.0,8192,8192
1404,/home/wanglz/Desktop/src/ModularDT/HONF_Proj/Trained_Results/ThermalChannel/HONF_Forward_Runs/Run_1404_20260916_092508_routing_only_pairwise/best_by_field_mse_model.pt,4890,legacy_honf,0278,prepared_p2_decode,complete,8.168510161340237,8.262294437736273,8.140800476074219,362.66845703125,0.0,22.09326171875,462.0,8192,8192
1404,/home/wanglz/Desktop/src/ModularDT/HONF_Proj/Trained_Results/ThermalChannel/HONF_Forward_Runs/Run_1404_20260916_092508_routing_only_pairwise/best_by_field_mse_model.pt,4890,legacy_honf,0279,application_evaluator,complete,33.40962342917919,33.4659431129694,33.386592864990234,363.654296875,0.0,21.82861328125,462.0,8192,8192
1404,/home/wanglz/Desktop/src/ModularDT/HONF_Proj/Trained_Results/ThermalChannel/HONF_Forward_Runs/Run_1404_20260916_092508_routing_only_pairwise/best_by_field_mse_model.pt,4890,legacy_honf,0279,full_forward,complete,29.021273367106915,31.030980497598648,28.99888038635254,363.349609375,0.0,21.82861328125,462.0,8192,8192
1404,/home/wanglz/Desktop/src/ModularDT/HONF_Proj/Trained_Results/ThermalChannel/HONF_Forward_Runs/Run_1404_20260916_092508_routing_only_pairwise/best_by_field_mse_model.pt,4890,legacy_honf,0279,preparation_plus_one_query,complete,25.59731062501669,25.663184840232134,25.57036781311035,35.47119140625,0.0,21.82861328125,462.0,8192,8192
1404,/home/wanglz/Desktop/src/ModularDT/HONF_Proj/Trained_Results/ThermalChannel/HONF_Forward_Runs/Run_1404_20260916_092508_routing_only_pairwise/best_by_field_mse_model.pt,4890,legacy_honf,0279,prepared_p2_decode,complete,6.710754707455635,7.105757761746645,6.681695938110352,362.66845703125,0.0,22.09326171875,462.0,8192,8192
1404,/home/wanglz/Desktop/src/ModularDT/HONF_Proj/Trained_Results/ThermalChannel/HONF_Forward_Runs/Run_1404_20260916_092508_routing_only_pairwise/best_by_field_mse_model.pt,4890,legacy_honf,0280,application_evaluator,complete,29.5749856159091,29.705227818340063,29.553024291992188,363.654296875,0.0,21.82861328125,462.0,8192,8192
1404,/home/wanglz/Desktop/src/ModularDT/HONF_Proj/Trained_Results/ThermalChannel/HONF_Forward_Runs/Run_1404_20260916_092508_routing_only_pairwise/best_by_field_mse_model.pt,4890,legacy_honf,0280,full_forward,complete,27.948771603405476,28.269347548484802,27.912288665771484,363.349609375,0.0,21.82861328125,462.0,8192,8192
1404,/home/wanglz/Desktop/src/ModularDT/HONF_Proj/Trained_Results/ThermalChannel/HONF_Forward_Runs/Run_1404_20260916_092508_routing_only_pairwise/best_by_field_mse_model.pt,4890,legacy_honf,0280,preparation_plus_one_query,complete,24.838540703058243,25.40225302800536,24.813312530517578,35.47119140625,0.0,21.82861328125,462.0,8192,8192
1404,/home/wanglz/Desktop/src/ModularDT/HONF_Proj/Trained_Results/ThermalChannel/HONF_Forward_Runs/Run_1404_20260916_092508_routing_only_pairwise/best_by_field_mse_model.pt,4890,legacy_honf,0280,prepared_p2_decode,complete,6.56101293861866,6.7269595339894295,6.53718376159668,362.66845703125,0.0,22.09326171875,462.0,8192,8192
1404,/home/wanglz/Desktop/src/ModularDT/HONF_Proj/Trained_Results/ThermalChannel/HONF_Forward_Runs/Run_1404_20260916_092508_routing_only_pairwise/best_by_field_mse_model.pt,4890,legacy_honf,0281,application_evaluator,complete,36.224838346242905,43.268743343651295,36.203041076660156,363.654296875,0.0,21.82861328125,462.0,8192,8192
1404,/home/wanglz/Desktop/src/ModularDT/HONF_Proj/Trained_Results/ThermalChannel/HONF_Forward_Runs/Run_1404_20260916_092508_routing_only_pairwise/best_by_field_mse_model.pt,4890,legacy_honf,0281,full_forward,complete,27.858812361955643,28.848455287516117,27.835391998291016,363.349609375,0.0,21.82861328125,462.0,8192,8192
1404,/home/wanglz/Desktop/src/ModularDT/HONF_Proj/Trained_Results/ThermalChannel/HONF_Forward_Runs/Run_1404_20260916_092508_routing_only_pairwise/best_by_field_mse_model.pt,4890,legacy_honf,0281,preparation_plus_one_query,complete,35.0470133125782,35.2396110072732,35.021854400634766,35.47119140625,0.0,21.82861328125,462.0,8192,8192
1404,/home/wanglz/Desktop/src/ModularDT/HONF_Proj/Trained_Results/ThermalChannel/HONF_Forward_Runs/Run_1404_20260916_092508_routing_only_pairwise/best_by_field_mse_model.pt,4890,legacy_honf,0281,prepared_p2_decode,complete,6.547602824866772,6.808590143918991,6.527967929840088,362.66845703125,0.0,22.09326171875,462.0,8192,8192
1404,/home/wanglz/Desktop/src/ModularDT/HONF_Proj/Trained_Results/ThermalChannel/HONF_Forward_Runs/Run_1404_20260916_092508_routing_only_pairwise/best_by_field_mse_model.pt,4890,legacy_honf,0282,application_evaluator,complete,31.334739178419113,32.38371843472123,31.31279945373535,363.654296875,0.0,21.82861328125,462.0,8192,8192
1404,/home/wanglz/Desktop/src/ModularDT/HONF_Proj/Trained_Results/ThermalChannel/HONF_Forward_Runs/Run_1404_20260916_092508_routing_only_pairwise/best_by_field_mse_model.pt,4890,legacy_honf,0282,full_forward,complete,27.932286262512207,28.219675738364458,27.89788818359375,363.349609375,0.0,21.82861328125,462.0,8192,8192
1404,/home/wanglz/Desktop/src/ModularDT/HONF_Proj/Trained_Results/ThermalChannel/HONF_Forward_Runs/Run_1404_20260916_092508_routing_only_pairwise/best_by_field_mse_model.pt,4890,legacy_honf,0282,preparation_plus_one_query,complete,25.29838215559721,25.417562760412693,25.272319793701172,35.47119140625,0.0,21.82861328125,462.0,8192,8192
1404,/home/wanglz/Desktop/src/ModularDT/HONF_Proj/Trained_Results/ThermalChannel/HONF_Forward_Runs/Run_1404_20260916_092508_routing_only_pairwise/best_by_field_mse_model.pt,4890,legacy_honf,0282,prepared_p2_decode,complete,6.620518863201141,6.696955114603043,6.591487884521484,362.66845703125,0.0,22.09326171875,462.0,8192,8192
1404,/home/wanglz/Desktop/src/ModularDT/HONF_Proj/Trained_Results/ThermalChannel/HONF_Forward_Runs/Run_1404_20260916_092508_routing_only_pairwise/best_by_field_mse_model.pt,4890,legacy_honf,0283,application_evaluator,complete,42.704833671450615,45.06679866462946,42.68272018432617,364.029296875,0.0,21.82861328125,462.0,8192,8192
1404,/home/wanglz/Desktop/src/ModularDT/HONF_Proj/Trained_Results/ThermalChannel/HONF_Forward_Runs/Run_1404_20260916_092508_routing_only_pairwise/best_by_field_mse_model.pt,4890,legacy_honf,0283,full_forward,complete,27.859372086822987,28.119605034589767,27.823104858398438,363.724609375,0.0,21.82861328125,462.0,8192,8192
1404,/home/wanglz/Desktop/src/ModularDT/HONF_Proj/Trained_Results/ThermalChannel/HONF_Forward_Runs/Run_1404_20260916_092508_routing_only_pairwise/best_by_field_mse_model.pt,4890,legacy_honf,0283,preparation_plus_one_query,complete,33.803535625338554,36.206986010074615,33.781761169433594,35.50634765625,0.0,21.82861328125,462.0,8192,8192
1404,/home/wanglz/Desktop/src/ModularDT/HONF_Proj/Trained_Results/ThermalChannel/HONF_Forward_Runs/Run_1404_20260916_092508_routing_only_pairwise/best_by_field_mse_model.pt,4890,legacy_honf,0283,prepared_p2_decode,complete,6.885361857712269,6.984930485486984,6.863872051239014,363.04345703125,0.0,22.09326171875,462.0,8192,8192
1404,/home/wanglz/Desktop/src/ModularDT/HONF_Proj/Trained_Results/ThermalChannel/HONF_Forward_Runs/Run_1404_20260916_092508_routing_only_pairwise/best_by_field_mse_model.pt,4890,legacy_honf,0284,application_evaluator,complete,29.997671954333782,30.091204773634672,29.973983764648438,364.029296875,0.0,21.82861328125,462.0,8192,8192
1404,/home/wanglz/Desktop/src/ModularDT/HONF_Proj/Trained_Results/ThermalChannel/HONF_Forward_Runs/Run_1404_20260916_092508_routing_only_pairwise/best_by_field_mse_model.pt,4890,legacy_honf,0284,full_forward,complete,28.83437369018793,29.219569079577923,28.7959041595459,363.724609375,0.0,21.82861328125,462.0,8192,8192
1404,/home/wanglz/Desktop/src/ModularDT/HONF_Proj/Trained_Results/ThermalChannel/HONF_Forward_Runs/Run_1404_20260916_092508_routing_only_pairwise/best_by_field_mse_model.pt,4890,legacy_honf,0284,preparation_plus_one_query,complete,25.10226611047983,25.179204437881708,25.08083152770996,35.50634765625,0.0,21.82861328125,462.0,8192,8192
1404,/home/wanglz/Desktop/src/ModularDT/HONF_Proj/Trained_Results/ThermalChannel/HONF_Forward_Runs/Run_1404_20260916_092508_routing_only_pairwise/best_by_field_mse_model.pt,4890,legacy_honf,0284,prepared_p2_decode,complete,6.53698667883873,6.578725203871727,6.507552146911621,363.04345703125,0.0,22.09326171875,462.0,8192,8192
1404,/home/wanglz/Desktop/src/ModularDT/HONF_Proj/Trained_Results/ThermalChannel/HONF_Forward_Runs/Run_1404_20260916_092508_routing_only_pairwise/best_by_field_mse_model.pt,4890,legacy_honf,0285,application_evaluator,complete,31.00200928747654,31.22377349063754,30.978591918945312,364.029296875,0.0,21.82861328125,462.0,8192,8192
1404,/home/wanglz/Desktop/src/ModularDT/HONF_Proj/Trained_Results/ThermalChannel/HONF_Forward_Runs/Run_1404_20260916_092508_routing_only_pairwise/best_by_field_mse_model.pt,4890,legacy_honf,0285,full_forward,complete,26.808100752532482,27.051740046590567,26.785791397094727,363.724609375,0.0,21.82861328125,462.0,8192,8192
1404,/home/wanglz/Desktop/src/ModularDT/HONF_Proj/Trained_Results/ThermalChannel/HONF_Forward_Runs/Run_1404_20260916_092508_routing_only_pairwise/best_by_field_mse_model.pt,4890,legacy_honf,0285,preparation_plus_one_query,complete,23.545613512396812,29.36277585104108,23.525279998779297,35.50634765625,0.0,21.82861328125,462.0,8192,8192
1404,/home/wanglz/Desktop/src/ModularDT/HONF_Proj/Trained_Results/ThermalChannel/HONF_Forward_Runs/Run_1404_20260916_092508_routing_only_pairwise/best_by_field_mse_model.pt,4890,legacy_honf,0285,prepared_p2_decode,complete,6.6018011420965195,6.670442223548889,6.57919979095459,363.04345703125,0.0,22.09326171875,462.0,8192,8192
1404,/home/wanglz/Desktop/src/ModularDT/HONF_Proj/Trained_Results/ThermalChannel/HONF_Forward_Runs/Run_1404_20260916_092508_routing_only_pairwise/best_by_field_mse_model.pt,4890,legacy_honf,0286,application_evaluator,complete,30.279277823865414,30.4746407084167,30.25721549987793,364.029296875,0.0,21.82861328125,462.0,8192,8192
1404,/home/wanglz/Desktop/src/ModularDT/HONF_Proj/Trained_Results/ThermalChannel/HONF_Forward_Runs/Run_1404_20260916_092508_routing_only_pairwise/best_by_field_mse_model.pt,4890,legacy_honf,0286,full_forward,complete,36.49554867297411,36.85283400118351,36.47206497192383,363.724609375,0.0,21.82861328125,462.0,8192,8192
1404,/home/wanglz/Desktop/src/ModularDT/HONF_Proj/Trained_Results/ThermalChannel/HONF_Forward_Runs/Run_1404_20260916_092508_routing_only_pairwise/best_by_field_mse_model.pt,4890,legacy_honf,0286,preparation_plus_one_query,complete,43.27447060495615,44.06698793172836,43.248863220214844,35.50634765625,0.0,21.82861328125,462.0,8192,8192
1404,/home/wanglz/Desktop/src/ModularDT/HONF_Proj/Trained_Results/ThermalChannel/HONF_Forward_Runs/Run_1404_20260916_092508_routing_only_pairwise/best_by_field_mse_model.pt,4890,legacy_honf,0286,prepared_p2_decode,complete,6.720812991261482,6.779146008193493,6.701056003570557,363.04345703125,0.0,22.09326171875,462.0,8192,8192
1404,/home/wanglz/Desktop/src/ModularDT/HONF_Proj/Trained_Results/ThermalChannel/HONF_Forward_Runs/Run_1404_20260916_092508_routing_only_pairwise/best_by_field_mse_model.pt,4890,legacy_honf,0287,application_evaluator,complete,28.739667497575283,28.812583349645138,28.694400787353516,364.029296875,0.0,21.82861328125,462.0,8192,8192
1404,/home/wanglz/Desktop/src/ModularDT/HONF_Proj/Trained_Results/ThermalChannel/HONF_Forward_Runs/Run_1404_20260916_092508_routing_only_pairwise/best_by_field_mse_model.pt,4890,legacy_honf,0287,full_forward,complete,28.299380093812943,29.127350356429815,28.266496658325195,363.724609375,0.0,21.82861328125,462.0,8192,8192
1404,/home/wanglz/Desktop/src/ModularDT/HONF_Proj/Trained_Results/ThermalChannel/HONF_Forward_Runs/Run_1404_20260916_092508_routing_only_pairwise/best_by_field_mse_model.pt,4890,legacy_honf,0287,preparation_plus_one_query,complete,24.62761476635933,25.503860600292683,24.605695724487305,35.50634765625,0.0,21.82861328125,462.0,8192,8192
1404,/home/wanglz/Desktop/src/ModularDT/HONF_Proj/Trained_Results/ThermalChannel/HONF_Forward_Runs/Run_1404_20260916_092508_routing_only_pairwise/best_by_field_mse_model.pt,4890,legacy_honf,0287,prepared_p2_decode,complete,6.596492603421211,6.648287735879421,6.577055931091309,363.04345703125,0.0,22.09326171875,462.0,8192,8192
1404,/home/wanglz/Desktop/src/ModularDT/HONF_Proj/Trained_Results/ThermalChannel/HONF_Forward_Runs/Run_1404_20260916_092508_routing_only_pairwise/best_by_field_mse_model.pt,4890,legacy_honf,0288,application_evaluator,complete,27.944859117269516,27.989865746349096,27.925376892089844,364.029296875,0.0,21.82861328125,462.0,8192,8192
1404,/home/wanglz/Desktop/src/ModularDT/HONF_Proj/Trained_Results/ThermalChannel/HONF_Forward_Runs/Run_1404_20260916_092508_routing_only_pairwise/best_by_field_mse_model.pt,4890,legacy_honf,0288,full_forward,complete,27.810760773718357,30.738954339176416,27.786239624023438,363.724609375,0.0,21.82861328125,462.0,8192,8192
1404,/home/wanglz/Desktop/src/ModularDT/HONF_Proj/Trained_Results/ThermalChannel/HONF_Forward_Runs/Run_1404_20260916_092508_routing_only_pairwise/best_by_field_mse_model.pt,4890,legacy_honf,0288,preparation_plus_one_query,complete,24.828203953802586,25.32025771215558,24.806400299072266,35.50634765625,0.0,21.82861328125,462.0,8192,8192
1404,/home/wanglz/Desktop/src/ModularDT/HONF_Proj/Trained_Results/ThermalChannel/HONF_Forward_Runs/Run_1404_20260916_092508_routing_only_pairwise/best_by_field_mse_model.pt,4890,legacy_honf,0288,prepared_p2_decode,complete,8.629471063613892,8.950048685073853,8.605888366699219,363.04345703125,0.0,22.09326171875,462.0,8192,8192
1404,/home/wanglz/Desktop/src/ModularDT/HONF_Proj/Trained_Results/ThermalChannel/HONF_Forward_Runs/Run_1404_20260916_092508_routing_only_pairwise/best_by_field_mse_model.pt,4890,legacy_honf,0289,application_evaluator,complete,29.93621025234461,30.121265910565853,29.913312911987305,364.029296875,0.0,21.82861328125,462.0,8192,8192
1404,/home/wanglz/Desktop/src/ModularDT/HONF_Proj/Trained_Results/ThermalChannel/HONF_Forward_Runs/Run_1404_20260916_092508_routing_only_pairwise/best_by_field_mse_model.pt,4890,legacy_honf,0289,full_forward,complete,28.980763629078865,40.857972390949726,28.95769691467285,363.724609375,0.0,21.82861328125,462.0,8192,8192
1404,/home/wanglz/Desktop/src/ModularDT/HONF_Proj/Trained_Results/ThermalChannel/HONF_Forward_Runs/Run_1404_20260916_092508_routing_only_pairwise/best_by_field_mse_model.pt,4890,legacy_honf,0289,preparation_plus_one_query,complete,25.211499072611332,25.479527190327644,25.186304092407227,35.50634765625,0.0,21.82861328125,462.0,8192,8192
1404,/home/wanglz/Desktop/src/ModularDT/HONF_Proj/Trained_Results/ThermalChannel/HONF_Forward_Runs/Run_1404_20260916_092508_routing_only_pairwise/best_by_field_mse_model.pt,4890,legacy_honf,0289,prepared_p2_decode,complete,6.555146537721157,7.268713880330324,6.533120155334473,363.04345703125,0.0,22.09326171875,462.0,8192,8192
1404,/home/wanglz/Desktop/src/ModularDT/HONF_Proj/Trained_Results/ThermalChannel/HONF_Forward_Runs/Run_1404_20260916_092508_routing_only_pairwise/best_by_field_mse_model.pt,4890,legacy_honf,0290,application_evaluator,complete,29.916655272245407,32.8797971829772,29.895103454589844,364.029296875,0.0,21.82861328125,462.0,8192,8192
1404,/home/wanglz/Desktop/src/ModularDT/HONF_Proj/Trained_Results/ThermalChannel/HONF_Forward_Runs/Run_1404_20260916_092508_routing_only_pairwise/best_by_field_mse_model.pt,4890,legacy_honf,0290,full_forward,complete,28.106894344091415,30.43742887675762,28.073984146118164,363.724609375,0.0,21.82861328125,462.0,8192,8192
1404,/home/wanglz/Desktop/src/ModularDT/HONF_Proj/Trained_Results/ThermalChannel/HONF_Forward_Runs/Run_1404_20260916_092508_routing_only_pairwise/best_by_field_mse_model.pt,4890,legacy_honf,0290,preparation_plus_one_query,complete,23.628028109669685,26.121995504945517,23.606239318847656,35.50634765625,0.0,21.82861328125,462.0,8192,8192
1404,/home/wanglz/Desktop/src/ModularDT/HONF_Proj/Trained_Results/ThermalChannel/HONF_Forward_Runs/Run_1404_20260916_092508_routing_only_pairwise/best_by_field_mse_model.pt,4890,legacy_honf,0290,prepared_p2_decode,complete,6.637001410126686,6.688797380775213,6.609824180603027,363.04345703125,0.0,22.09326171875,462.0,8192,8192
1404,/home/wanglz/Desktop/src/ModularDT/HONF_Proj/Trained_Results/ThermalChannel/HONF_Forward_Runs/Run_1404_20260916_092508_routing_only_pairwise/best_by_field_mse_model.pt,4890,legacy_honf,0291,application_evaluator,complete,53.56451775878668,56.41074385493994,53.524383544921875,364.029296875,0.0,21.82861328125,462.0,8192,8192
1404,/home/wanglz/Desktop/src/ModularDT/HONF_Proj/Trained_Results/ThermalChannel/HONF_Forward_Runs/Run_1404_20260916_092508_routing_only_pairwise/best_by_field_mse_model.pt,4890,legacy_honf,0291,full_forward,complete,29.54174019396305,29.842705838382244,29.519840240478516,363.724609375,0.0,21.82861328125,462.0,8192,8192
1404,/home/wanglz/Desktop/src/ModularDT/HONF_Proj/Trained_Results/ThermalChannel/HONF_Forward_Runs/Run_1404_20260916_092508_routing_only_pairwise/best_by_field_mse_model.pt,4890,legacy_honf,0291,preparation_plus_one_query,complete,25.17657820135355,32.5674613006413,25.151487350463867,35.50634765625,0.0,21.82861328125,462.0,8192,8192
1404,/home/wanglz/Desktop/src/ModularDT/HONF_Proj/Trained_Results/ThermalChannel/HONF_Forward_Runs/Run_1404_20260916_092508_routing_only_pairwise/best_by_field_mse_model.pt,4890,legacy_honf,0291,prepared_p2_decode,complete,6.825018674135208,8.3564979955554,6.803455829620361,363.04345703125,0.0,22.09326171875,462.0,8192,8192
1404,/home/wanglz/Desktop/src/ModularDT/HONF_Proj/Trained_Results/ThermalChannel/HONF_Forward_Runs/Run_1404_20260916_092508_routing_only_pairwise/best_by_field_mse_model.pt,4890,legacy_honf,0292,application_evaluator,complete,29.138607904314995,29.876314289867878,29.117631912231445,364.029296875,0.0,21.82861328125,462.0,8192,8192
1404,/home/wanglz/Desktop/src/ModularDT/HONF_Proj/Trained_Results/ThermalChannel/HONF_Forward_Runs/Run_1404_20260916_092508_routing_only_pairwise/best_by_field_mse_model.pt,4890,legacy_honf,0292,full_forward,complete,28.097394853830338,28.430041577666998,28.07472038269043,363.724609375,0.0,21.82861328125,462.0,8192,8192
1404,/home/wanglz/Desktop/src/ModularDT/HONF_Proj/Trained_Results/ThermalChannel/HONF_Forward_Runs/Run_1404_20260916_092508_routing_only_pairwise/best_by_field_mse_model.pt,4890,legacy_honf,0292,preparation_plus_one_query,complete,24.918719194829464,25.939287152141333,24.89673614501953,35.50634765625,0.0,21.82861328125,462.0,8192,8192
1404,/home/wanglz/Desktop/src/ModularDT/HONF_Proj/Trained_Results/ThermalChannel/HONF_Forward_Runs/Run_1404_20260916_092508_routing_only_pairwise/best_by_field_mse_model.pt,4890,legacy_honf,0292,prepared_p2_decode,complete,6.437530741095543,6.513464078307152,6.418432235717773,363.04345703125,0.0,22.09326171875,462.0,8192,8192
1404,/home/wanglz/Desktop/src/ModularDT/HONF_Proj/Trained_Results/ThermalChannel/HONF_Forward_Runs/Run_1404_20260916_092508_routing_only_pairwise/best_by_field_mse_model.pt,4890,legacy_honf,0293,application_evaluator,complete,29.884527437388897,30.21390438079834,29.86204719543457,364.716796875,0.0,21.82861328125,458.0,8192,8192
1404,/home/wanglz/Desktop/src/ModularDT/HONF_Proj/Trained_Results/ThermalChannel/HONF_Forward_Runs/Run_1404_20260916_092508_routing_only_pairwise/best_by_field_mse_model.pt,4890,legacy_honf,0293,full_forward,complete,27.200895361602306,27.549634501338005,27.17804718017578,364.412109375,0.0,21.82861328125,458.0,8192,8192
1404,/home/wanglz/Desktop/src/ModularDT/HONF_Proj/Trained_Results/ThermalChannel/HONF_Forward_Runs/Run_1404_20260916_092508_routing_only_pairwise/best_by_field_mse_model.pt,4890,legacy_honf,0293,preparation_plus_one_query,complete,25.67804791033268,26.054695434868336,25.653247833251953,38.12744140625,0.0,21.82861328125,458.0,8192,8192
1404,/home/wanglz/Desktop/src/ModularDT/HONF_Proj/Trained_Results/ThermalChannel/HONF_Forward_Runs/Run_1404_20260916_092508_routing_only_pairwise/best_by_field_mse_model.pt,4890,legacy_honf,0293,prepared_p2_decode,complete,6.763556972146034,6.771601922810078,6.740992069244385,363.73095703125,0.0,22.09326171875,458.0,8192,8192
1404,/home/wanglz/Desktop/src/ModularDT/HONF_Proj/Trained_Results/ThermalChannel/HONF_Forward_Runs/Run_1404_20260916_092508_routing_only_pairwise/best_by_field_mse_model.pt,4890,legacy_honf,0294,application_evaluator,complete,30.960382893681526,32.56025267764926,30.931711196899414,364.716796875,0.0,21.82861328125,458.0,8192,8192
1404,/home/wanglz/Desktop/src/ModularDT/HONF_Proj/Trained_Results/ThermalChannel/HONF_Forward_Runs/Run_1404_20260916_092508_routing_only_pairwise/best_by_field_mse_model.pt,4890,legacy_honf,0294,full_forward,complete,46.80180083960295,48.14470577985048,46.77324676513672,364.412109375,0.0,21.82861328125,458.0,8192,8192
1404,/home/wanglz/Desktop/src/ModularDT/HONF_Proj/Trained_Results/ThermalChannel/HONF_Forward_Runs/Run_1404_20260916_092508_routing_only_pairwise/best_by_field_mse_model.pt,4890,legacy_honf,0294,preparation_plus_one_query,complete,43.94132737070322,46.62185749039054,43.913089752197266,38.12744140625,0.0,21.82861328125,458.0,8192,8192
1404,/home/wanglz/Desktop/src/ModularDT/HONF_Proj/Trained_Results/ThermalChannel/HONF_Forward_Runs/Run_1404_20260916_092508_routing_only_pairwise/best_by_field_mse_model.pt,4890,legacy_honf,0294,prepared_p2_decode,complete,6.582245230674744,6.640578247606754,6.560768127441406,363.73095703125,0.0,22.09326171875,458.0,8192,8192
1404,/home/wanglz/Desktop/src/ModularDT/HONF_Proj/Trained_Results/ThermalChannel/HONF_Forward_Runs/Run_1404_20260916_092508_routing_only_pairwise/best_by_field_mse_model.pt,4890,legacy_honf,0295,application_evaluator,complete,30.260839499533176,30.37322908639908,30.23923110961914,364.716796875,0.0,21.82861328125,458.0,8192,8192
1404,/home/wanglz/Desktop/src/ModularDT/HONF_Proj/Trained_Results/ThermalChannel/HONF_Forward_Runs/Run_1404_20260916_092508_routing_only_pairwise/best_by_field_mse_model.pt,4890,legacy_honf,0295,full_forward,complete,28.875721618533134,30.12257916852832,28.855295181274414,364.412109375,0.0,21.82861328125,458.0,8192,8192
1404,/home/wanglz/Desktop/src/ModularDT/HONF_Proj/Trained_Results/ThermalChannel/HONF_Forward_Runs/Run_1404_20260916_092508_routing_only_pairwise/best_by_field_mse_model.pt,4890,legacy_honf,0295,preparation_plus_one_query,complete,25.00141318887472,25.010966882109642,24.976383209228516,38.12744140625,0.0,21.82861328125,458.0,8192,8192
1404,/home/wanglz/Desktop/src/ModularDT/HONF_Proj/Trained_Results/ThermalChannel/HONF_Forward_Runs/Run_1404_20260916_092508_routing_only_pairwise/best_by_field_mse_model.pt,4890,legacy_honf,0295,prepared_p2_decode,complete,6.71075563877821,6.712767295539379,6.677504062652588,363.73095703125,0.0,22.09326171875,458.0,8192,8192
1404,/home/wanglz/Desktop/src/ModularDT/HONF_Proj/Trained_Results/ThermalChannel/HONF_Forward_Runs/Run_1404_20260916_092508_routing_only_pairwise/best_by_field_mse_model.pt,4890,legacy_honf,0296,application_evaluator,complete,30.896966345608234,30.914566665887833,30.86128044128418,364.716796875,0.0,21.82861328125,458.0,8192,8192
1404,/home/wanglz/Desktop/src/ModularDT/HONF_Proj/Trained_Results/ThermalChannel/HONF_Forward_Runs/Run_1404_20260916_092508_routing_only_pairwise/best_by_field_mse_model.pt,4890,legacy_honf,0296,full_forward,complete,29.499555006623268,29.567943792790174,29.469696044921875,364.412109375,0.0,21.82861328125,458.0,8192,8192
1404,/home/wanglz/Desktop/src/ModularDT/HONF_Proj/Trained_Results/ThermalChannel/HONF_Forward_Runs/Run_1404_20260916_092508_routing_only_pairwise/best_by_field_mse_model.pt,4890,legacy_honf,0296,preparation_plus_one_query,complete,25.62161535024643,25.825779233127832,25.591808319091797,38.12744140625,0.0,21.82861328125,458.0,8192,8192
1404,/home/wanglz/Desktop/src/ModularDT/HONF_Proj/Trained_Results/ThermalChannel/HONF_Forward_Runs/Run_1404_20260916_092508_routing_only_pairwise/best_by_field_mse_model.pt,4890,legacy_honf,0296,prepared_p2_decode,complete,7.657821290194988,7.775240018963814,7.635136127471924,363.73095703125,0.0,22.09326171875,458.0,8192,8192
1404,/home/wanglz/Desktop/src/ModularDT/HONF_Proj/Trained_Results/ThermalChannel/HONF_Forward_Runs/Run_1404_20260916_092508_routing_only_pairwise/best_by_field_mse_model.pt,4890,legacy_honf,0297,application_evaluator,complete,31.155383214354515,31.96927271783352,31.12860870361328,364.716796875,0.0,21.82861328125,458.0,8192,8192
1404,/home/wanglz/Desktop/src/ModularDT/HONF_Proj/Trained_Results/ThermalChannel/HONF_Forward_Runs/Run_1404_20260916_092508_routing_only_pairwise/best_by_field_mse_model.pt,4890,legacy_honf,0297,full_forward,complete,35.80187074840069,35.93085566535592,35.778560638427734,364.412109375,0.0,21.82861328125,458.0,8192,8192
1404,/home/wanglz/Desktop/src/ModularDT/HONF_Proj/Trained_Results/ThermalChannel/HONF_Forward_Runs/Run_1404_20260916_092508_routing_only_pairwise/best_by_field_mse_model.pt,4890,legacy_honf,0297,preparation_plus_one_query,complete,25.21764487028122,25.699895154684782,25.195775985717773,38.12744140625,0.0,21.82861328125,458.0,8192,8192
1404,/home/wanglz/Desktop/src/ModularDT/HONF_Proj/Trained_Results/ThermalChannel/HONF_Forward_Runs/Run_1404_20260916_092508_routing_only_pairwise/best_by_field_mse_model.pt,4890,legacy_honf,0297,prepared_p2_decode,complete,6.550677120685577,6.569031812250614,6.53004789352417,363.73095703125,0.0,22.09326171875,458.0,8192,8192
1404,/home/wanglz/Desktop/src/ModularDT/HONF_Proj/Trained_Results/ThermalChannel/HONF_Forward_Runs/Run_1404_20260916_092508_routing_only_pairwise/best_by_field_mse_model.pt,4890,legacy_honf,0298,application_evaluator,complete,29.799599200487137,33.485108613967896,29.778911590576172,364.716796875,0.0,21.82861328125,458.0,8192,8192
1404,/home/wanglz/Desktop/src/ModularDT/HONF_Proj/Trained_Results/ThermalChannel/HONF_Forward_Runs/Run_1404_20260916_092508_routing_only_pairwise/best_by_field_mse_model.pt,4890,legacy_honf,0298,full_forward,complete,28.517846949398518,29.457956179976463,28.494783401489258,364.412109375,0.0,21.82861328125,458.0,8192,8192
1404,/home/wanglz/Desktop/src/ModularDT/HONF_Proj/Trained_Results/ThermalChannel/HONF_Forward_Runs/Run_1404_20260916_092508_routing_only_pairwise/best_by_field_mse_model.pt,4890,legacy_honf,0298,preparation_plus_one_query,complete,23.672168143093586,23.735529463738203,23.650400161743164,38.12744140625,0.0,21.82861328125,458.0,8192,8192
1404,/home/wanglz/Desktop/src/ModularDT/HONF_Proj/Trained_Results/ThermalChannel/HONF_Forward_Runs/Run_1404_20260916_092508_routing_only_pairwise/best_by_field_mse_model.pt,4890,legacy_honf,0298,prepared_p2_decode,complete,6.769981235265732,6.8511951714754105,6.743296146392822,363.73095703125,0.0,22.09326171875,458.0,8192,8192
1404,/home/wanglz/Desktop/src/ModularDT/HONF_Proj/Trained_Results/ThermalChannel/HONF_Forward_Runs/Run_1404_20260916_092508_routing_only_pairwise/best_by_field_mse_model.pt,4890,legacy_honf,0299,application_evaluator,complete,49.29853230714798,51.835746970027685,49.25183868408203,364.716796875,0.0,21.82861328125,458.0,8192,8192
1404,/home/wanglz/Desktop/src/ModularDT/HONF_Proj/Trained_Results/ThermalChannel/HONF_Forward_Runs/Run_1404_20260916_092508_routing_only_pairwise/best_by_field_mse_model.pt,4890,legacy_honf,0299,full_forward,complete,28.880191035568714,30.791084747761488,28.858495712280273,364.412109375,0.0,21.82861328125,458.0,8192,8192
1404,/home/wanglz/Desktop/src/ModularDT/HONF_Proj/Trained_Results/ThermalChannel/HONF_Forward_Runs/Run_1404_20260916_092508_routing_only_pairwise/best_by_field_mse_model.pt,4890,legacy_honf,0299,preparation_plus_one_query,complete,28.81118655204773,28.94771434366703,28.787519454956055,38.12744140625,0.0,21.82861328125,458.0,8192,8192
1404,/home/wanglz/Desktop/src/ModularDT/HONF_Proj/Trained_Results/ThermalChannel/HONF_Forward_Runs/Run_1404_20260916_092508_routing_only_pairwise/best_by_field_mse_model.pt,4890,legacy_honf,0299,prepared_p2_decode,complete,9.016119875013828,9.417156223207712,8.989472389221191,363.73095703125,0.0,22.09326171875,458.0,8192,8192
1404,/home/wanglz/Desktop/src/ModularDT/HONF_Proj/Trained_Results/ThermalChannel/HONF_Forward_Runs/Run_1404_20260916_092508_routing_only_pairwise/best_by_field_mse_model.pt,4890,legacy_honf,0300,application_evaluator,complete,29.716625809669495,30.026643071323633,29.695871353149414,364.716796875,0.0,21.82861328125,458.0,8192,8192
1404,/home/wanglz/Desktop/src/ModularDT/HONF_Proj/Trained_Results/ThermalChannel/HONF_Forward_Runs/Run_1404_20260916_092508_routing_only_pairwise/best_by_field_mse_model.pt,4890,legacy_honf,0300,full_forward,complete,28.407217003405094,28.44216702505946,28.37299156188965,364.412109375,0.0,21.82861328125,458.0,8192,8192
1404,/home/wanglz/Desktop/src/ModularDT/HONF_Proj/Trained_Results/ThermalChannel/HONF_Forward_Runs/Run_1404_20260916_092508_routing_only_pairwise/best_by_field_mse_model.pt,4890,legacy_honf,0300,preparation_plus_one_query,complete,24.947773665189743,25.42474251240492,24.92416000366211,38.12744140625,0.0,21.82861328125,458.0,8192,8192
1404,/home/wanglz/Desktop/src/ModularDT/HONF_Proj/Trained_Results/ThermalChannel/HONF_Forward_Runs/Run_1404_20260916_092508_routing_only_pairwise/best_by_field_mse_model.pt,4890,legacy_honf,0300,prepared_p2_decode,complete,6.644264794886112,6.646025832742453,6.6151041984558105,363.73095703125,0.0,22.09326171875,458.0,8192,8192
1404,/home/wanglz/Desktop/src/ModularDT/HONF_Proj/Trained_Results/ThermalChannel/HONF_Forward_Runs/Run_1404_20260916_092508_routing_only_pairwise/best_by_field_mse_model.pt,4890,legacy_honf,0301,application_evaluator,complete,29.45653162896633,30.09316148236394,29.435455322265625,364.716796875,0.0,21.82861328125,458.0,8192,8192
1404,/home/wanglz/Desktop/src/ModularDT/HONF_Proj/Trained_Results/ThermalChannel/HONF_Forward_Runs/Run_1404_20260916_092508_routing_only_pairwise/best_by_field_mse_model.pt,4890,legacy_honf,0301,full_forward,complete,26.80419012904167,27.684709895402193,26.779935836791992,364.412109375,0.0,21.82861328125,458.0,8192,8192
1404,/home/wanglz/Desktop/src/ModularDT/HONF_Proj/Trained_Results/ThermalChannel/HONF_Forward_Runs/Run_1404_20260916_092508_routing_only_pairwise/best_by_field_mse_model.pt,4890,legacy_honf,0301,preparation_plus_one_query,complete,27.023215778172016,28.218530490994453,27.000831604003906,38.12744140625,0.0,21.82861328125,458.0,8192,8192
1404,/home/wanglz/Desktop/src/ModularDT/HONF_Proj/Trained_Results/ThermalChannel/HONF_Forward_Runs/Run_1404_20260916_092508_routing_only_pairwise/best_by_field_mse_model.pt,4890,legacy_honf,0301,prepared_p2_decode,complete,6.767467595636845,7.018397469073534,6.742015838623047,363.73095703125,0.0,22.09326171875,458.0,8192,8192
1404,/home/wanglz/Desktop/src/ModularDT/HONF_Proj/Trained_Results/ThermalChannel/HONF_Forward_Runs/Run_1404_20260916_092508_routing_only_pairwise/best_by_field_mse_model.pt,4890,legacy_honf,0302,application_evaluator,complete,34.44049879908562,40.87392380461097,34.41212844848633,364.716796875,0.0,21.82861328125,458.0,8192,8192
1404,/home/wanglz/Desktop/src/ModularDT/HONF_Proj/Trained_Results/ThermalChannel/HONF_Forward_Runs/Run_1404_20260916_092508_routing_only_pairwise/best_by_field_mse_model.pt,4890,legacy_honf,0302,full_forward,complete,37.0400408282876,38.109890185296535,37.01776123046875,364.412109375,0.0,21.82861328125,458.0,8192,8192
1404,/home/wanglz/Desktop/src/ModularDT/HONF_Proj/Trained_Results/ThermalChannel/HONF_Forward_Runs/Run_1404_20260916_092508_routing_only_pairwise/best_by_field_mse_model.pt,4890,legacy_honf,0302,preparation_plus_one_query,complete,33.11013709753752,34.14453435689211,33.080318450927734,38.12744140625,0.0,21.82861328125,458.0,8192,8192
1404,/home/wanglz/Desktop/src/ModularDT/HONF_Proj/Trained_Results/ThermalChannel/HONF_Forward_Runs/Run_1404_20260916_092508_routing_only_pairwise/best_by_field_mse_model.pt,4890,legacy_honf,0302,prepared_p2_decode,complete,6.670246832072735,6.749449111521244,6.648575782775879,363.73095703125,0.0,22.09326171875,458.0,8192,8192
1404,/home/wanglz/Desktop/src/ModularDT/HONF_Proj/Trained_Results/ThermalChannel/HONF_Forward_Runs/Run_1404_20260916_092508_routing_only_pairwise/best_by_field_mse_model.pt,4890,legacy_honf,0633,application_evaluator,complete,30.224520713090897,30.305733811110258,30.201824188232422,363.654296875,0.0,21.82861328125,462.0,8192,8192
1404,/home/wanglz/Desktop/src/ModularDT/HONF_Proj/Trained_Results/ThermalChannel/HONF_Forward_Runs/Run_1404_20260916_092508_routing_only_pairwise/best_by_field_mse_model.pt,4890,legacy_honf,0633,full_forward,complete,28.031463734805584,29.19811401516199,27.99616050720215,363.349609375,0.0,21.82861328125,462.0,8192,8192
1404,/home/wanglz/Desktop/src/ModularDT/HONF_Proj/Trained_Results/ThermalChannel/HONF_Forward_Runs/Run_1404_20260916_092508_routing_only_pairwise/best_by_field_mse_model.pt,4890,legacy_honf,0633,preparation_plus_one_query,complete,25.28972364962101,26.252964418381453,25.266176223754883,35.47119140625,0.0,21.82861328125,462.0,8192,8192
1404,/home/wanglz/Desktop/src/ModularDT/HONF_Proj/Trained_Results/ThermalChannel/HONF_Forward_Runs/Run_1404_20260916_092508_routing_only_pairwise/best_by_field_mse_model.pt,4890,legacy_honf,0633,prepared_p2_decode,complete,6.52888510376215,6.585457921028137,6.491136074066162,362.66845703125,0.0,22.09326171875,462.0,8192,8192
1404,/home/wanglz/Desktop/src/ModularDT/HONF_Proj/Trained_Results/ThermalChannel/HONF_Forward_Runs/Run_1404_20260916_092508_routing_only_pairwise/best_by_field_mse_model.pt,4890,legacy_honf,0634,application_evaluator,complete,32.24548604339361,33.65954663604498,32.222110748291016,363.654296875,0.0,21.82861328125,462.0,8192,8192
1404,/home/wanglz/Desktop/src/ModularDT/HONF_Proj/Trained_Results/ThermalChannel/HONF_Forward_Runs/Run_1404_20260916_092508_routing_only_pairwise/best_by_field_mse_model.pt,4890,legacy_honf,0634,full_forward,complete,28.982720337808132,29.235410410910845,28.95974349975586,363.349609375,0.0,21.82861328125,462.0,8192,8192
1404,/home/wanglz/Desktop/src/ModularDT/HONF_Proj/Trained_Results/ThermalChannel/HONF_Forward_Runs/Run_1404_20260916_092508_routing_only_pairwise/best_by_field_mse_model.pt,4890,legacy_honf,0634,preparation_plus_one_query,complete,24.610014632344246,24.87251153215766,24.589311599731445,35.47119140625,0.0,21.82861328125,462.0,8192,8192
1404,/home/wanglz/Desktop/src/ModularDT/HONF_Proj/Trained_Results/ThermalChannel/HONF_Forward_Runs/Run_1404_20260916_092508_routing_only_pairwise/best_by_field_mse_model.pt,4890,legacy_honf,0634,prepared_p2_decode,complete,6.619121879339218,6.623648107051849,6.593535900115967,362.66845703125,0.0,22.09326171875,462.0,8192,8192
1404,/home/wanglz/Desktop/src/ModularDT/HONF_Proj/Trained_Results/ThermalChannel/HONF_Forward_Runs/Run_1404_20260916_092508_routing_only_pairwise/best_by_field_mse_model.pt,4890,legacy_honf,0635,application_evaluator,complete,40.90987890958786,43.42446327209473,40.885345458984375,363.654296875,0.0,21.82861328125,462.0,8192,8192
1404,/home/wanglz/Desktop/src/ModularDT/HONF_Proj/Trained_Results/ThermalChannel/HONF_Forward_Runs/Run_1404_20260916_092508_routing_only_pairwise/best_by_field_mse_model.pt,4890,legacy_honf,0635,full_forward,complete,28.568693436682224,32.849094178527594,28.5350399017334,363.349609375,0.0,21.82861328125,462.0,8192,8192
1404,/home/wanglz/Desktop/src/ModularDT/HONF_Proj/Trained_Results/ThermalChannel/HONF_Forward_Runs/Run_1404_20260916_092508_routing_only_pairwise/best_by_field_mse_model.pt,4890,legacy_honf,0635,preparation_plus_one_query,complete,34.06921587884426,36.5812873467803,34.03673553466797,35.47119140625,0.0,21.82861328125,462.0,8192,8192
1404,/home/wanglz/Desktop/src/ModularDT/HONF_Proj/Trained_Results/ThermalChannel/HONF_Forward_Runs/Run_1404_20260916_092508_routing_only_pairwise/best_by_field_mse_model.pt,4890,legacy_honf,0635,prepared_p2_decode,complete,6.509887985885143,6.550621520727873,6.490111827850342,362.66845703125,0.0,22.09326171875,462.0,8192,8192
1404,/home/wanglz/Desktop/src/ModularDT/HONF_Proj/Trained_Results/ThermalChannel/HONF_Forward_Runs/Run_1404_20260916_092508_routing_only_pairwise/best_by_field_mse_model.pt,4890,legacy_honf,0636,application_evaluator,complete,29.46630958467722,30.41672855615616,29.44268798828125,363.654296875,0.0,21.82861328125,462.0,8192,8192
1404,/home/wanglz/Desktop/src/ModularDT/HONF_Proj/Trained_Results/ThermalChannel/HONF_Forward_Runs/Run_1404_20260916_092508_routing_only_pairwise/best_by_field_mse_model.pt,4890,legacy_honf,0636,full_forward,complete,27.531670406460762,27.897757571190596,27.511520385742188,363.349609375,0.0,21.82861328125,462.0,8192,8192
1404,/home/wanglz/Desktop/src/ModularDT/HONF_Proj/Trained_Results/ThermalChannel/HONF_Forward_Runs/Run_1404_20260916_092508_routing_only_pairwise/best_by_field_mse_model.pt,4890,legacy_honf,0636,preparation_plus_one_query,complete,24.097648449242115,25.0274496152997,24.059904098510742,35.47119140625,0.0,21.82861328125,462.0,8192,8192
1404,/home/wanglz/Desktop/src/ModularDT/HONF_Proj/Trained_Results/ThermalChannel/HONF_Forward_Runs/Run_1404_20260916_092508_routing_only_pairwise/best_by_field_mse_model.pt,4890,legacy_honf,0636,prepared_p2_decode,complete,6.566600874066353,6.7245000042021275,6.544447898864746,362.66845703125,0.0,22.09326171875,462.0,8192,8192
1404,/home/wanglz/Desktop/src/ModularDT/HONF_Proj/Trained_Results/ThermalChannel/HONF_Forward_Runs/Run_1404_20260916_092508_routing_only_pairwise/best_by_field_mse_model.pt,4890,legacy_honf,0637,application_evaluator,complete,29.751267284154892,30.488973669707775,29.730335235595703,363.654296875,0.0,21.82861328125,462.0,8192,8192
1404,/home/wanglz/Desktop/src/ModularDT/HONF_Proj/Trained_Results/ThermalChannel/HONF_Forward_Runs/Run_1404_20260916_092508_routing_only_pairwise/best_by_field_mse_model.pt,4890,legacy_honf,0637,full_forward,complete,27.386119589209557,27.92820828035474,27.35308837890625,363.349609375,0.0,21.82861328125,462.0,8192,8192
1404,/home/wanglz/Desktop/src/ModularDT/HONF_Proj/Trained_Results/ThermalChannel/HONF_Forward_Runs/Run_1404_20260916_092508_routing_only_pairwise/best_by_field_mse_model.pt,4890,legacy_honf,0637,preparation_plus_one_query,complete,25.20870417356491,27.341362927109003,25.182207107543945,35.47119140625,0.0,21.82861328125,462.0,8192,8192
1404,/home/wanglz/Desktop/src/ModularDT/HONF_Proj/Trained_Results/ThermalChannel/HONF_Forward_Runs/Run_1404_20260916_092508_routing_only_pairwise/best_by_field_mse_model.pt,4890,legacy_honf,0637,prepared_p2_decode,complete,6.537546403706074,6.551123410463333,6.518784046173096,362.66845703125,0.0,22.09326171875,462.0,8192,8192
1404,/home/wanglz/Desktop/src/ModularDT/HONF_Proj/Trained_Results/ThermalChannel/HONF_Forward_Runs/Run_1404_20260916_092508_routing_only_pairwise/best_by_field_mse_model.pt,4890,legacy_honf,0638,application_evaluator,complete,30.5949654430151,31.996707152575254,30.573823928833008,363.654296875,0.0,21.82861328125,462.0,8192,8192
1404,/home/wanglz/Desktop/src/ModularDT/HONF_Proj/Trained_Results/ThermalChannel/HONF_Forward_Runs/Run_1404_20260916_092508_routing_only_pairwise/best_by_field_mse_model.pt,4890,legacy_honf,0638,full_forward,complete,48.05393796414137,48.08788215741515,48.01216125488281,363.349609375,0.0,21.82861328125,462.0,8192,8192
1404,/home/wanglz/Desktop/src/ModularDT/HONF_Proj/Trained_Results/ThermalChannel/HONF_Forward_Runs/Run_1404_20260916_092508_routing_only_pairwise/best_by_field_mse_model.pt,4890,legacy_honf,0638,preparation_plus_one_query,complete,27.942066080868244,37.48999508097768,27.9202880859375,35.47119140625,0.0,21.82861328125,462.0,8192,8192
1404,/home/wanglz/Desktop/src/ModularDT/HONF_Proj/Trained_Results/ThermalChannel/HONF_Forward_Runs/Run_1404_20260916_092508_routing_only_pairwise/best_by_field_mse_model.pt,4890,legacy_honf,0638,prepared_p2_decode,complete,6.615769118070602,6.649964768439531,6.584320068359375,362.66845703125,0.0,22.09326171875,462.0,8192,8192
1404,/home/wanglz/Desktop/src/ModularDT/HONF_Proj/Trained_Results/ThermalChannel/HONF_Forward_Runs/Run_1404_20260916_092508_routing_only_pairwise/best_by_field_mse_model.pt,4890,legacy_honf,0639,application_evaluator,complete,28.939696960151196,29.87176040187478,28.918176651000977,363.654296875,0.0,21.82861328125,462.0,8192,8192
1404,/home/wanglz/Desktop/src/ModularDT/HONF_Proj/Trained_Results/ThermalChannel/HONF_Forward_Runs/Run_1404_20260916_092508_routing_only_pairwise/best_by_field_mse_model.pt,4890,legacy_honf,0639,full_forward,complete,28.218641877174377,28.704159427434206,28.182783126831055,363.349609375,0.0,21.82861328125,462.0,8192,8192
1404,/home/wanglz/Desktop/src/ModularDT/HONF_Proj/Trained_Results/ThermalChannel/HONF_Forward_Runs/Run_1404_20260916_092508_routing_only_pairwise/best_by_field_mse_model.pt,4890,legacy_honf,0639,preparation_plus_one_query,complete,24.9421875923872,25.46818470582366,24.92108726501465,35.47119140625,0.0,21.82861328125,462.0,8192,8192
1404,/home/wanglz/Desktop/src/ModularDT/HONF_Proj/Trained_Results/ThermalChannel/HONF_Forward_Runs/Run_1404_20260916_092508_routing_only_pairwise/best_by_field_mse_model.pt,4890,legacy_honf,0639,prepared_p2_decode,complete,6.479436531662941,6.496533937752247,6.449151992797852,362.66845703125,0.0,22.09326171875,462.0,8192,8192
1404,/home/wanglz/Desktop/src/ModularDT/HONF_Proj/Trained_Results/ThermalChannel/HONF_Forward_Runs/Run_1404_20260916_092508_routing_only_pairwise/best_by_field_mse_model.pt,4890,legacy_honf,0640,application_evaluator,complete,32.50474203377962,40.05251927301288,32.481407165527344,363.654296875,0.0,21.82861328125,462.0,8192,8192
1404,/home/wanglz/Desktop/src/ModularDT/HONF_Proj/Trained_Results/ThermalChannel/HONF_Forward_Runs/Run_1404_20260916_092508_routing_only_pairwise/best_by_field_mse_model.pt,4890,legacy_honf,0640,full_forward,complete,27.831713669002056,27.84378193318844,27.79136085510254,363.349609375,0.0,21.82861328125,462.0,8192,8192
1404,/home/wanglz/Desktop/src/ModularDT/HONF_Proj/Trained_Results/ThermalChannel/HONF_Forward_Runs/Run_1404_20260916_092508_routing_only_pairwise/best_by_field_mse_model.pt,4890,legacy_honf,0640,preparation_plus_one_query,complete,24.41724855452776,25.12654196470976,24.390560150146484,35.47119140625,0.0,21.82861328125,462.0,8192,8192
1404,/home/wanglz/Desktop/src/ModularDT/HONF_Proj/Trained_Results/ThermalChannel/HONF_Forward_Runs/Run_1404_20260916_092508_routing_only_pairwise/best_by_field_mse_model.pt,4890,legacy_honf,0640,prepared_p2_decode,complete,7.9989321529865265,8.122135233134031,7.965824127197266,362.66845703125,0.0,22.09326171875,462.0,8192,8192
1404,/home/wanglz/Desktop/src/ModularDT/HONF_Proj/Trained_Results/ThermalChannel/HONF_Forward_Runs/Run_1404_20260916_092508_routing_only_pairwise/best_by_field_mse_model.pt,4890,legacy_honf,0641,application_evaluator,complete,29.16906028985977,30.834554508328438,29.148799896240234,363.654296875,0.0,21.82861328125,462.0,8192,8192
1404,/home/wanglz/Desktop/src/ModularDT/HONF_Proj/Trained_Results/ThermalChannel/HONF_Forward_Runs/Run_1404_20260916_092508_routing_only_pairwise/best_by_field_mse_model.pt,4890,legacy_honf,0641,full_forward,complete,28.978808782994747,32.22028771415353,28.95667266845703,363.349609375,0.0,21.82861328125,462.0,8192,8192
1404,/home/wanglz/Desktop/src/ModularDT/HONF_Proj/Trained_Results/ThermalChannel/HONF_Forward_Runs/Run_1404_20260916_092508_routing_only_pairwise/best_by_field_mse_model.pt,4890,legacy_honf,0641,preparation_plus_one_query,complete,25.814659893512726,26.10129415988922,25.792415618896484,35.47119140625,0.0,21.82861328125,462.0,8192,8192
1404,/home/wanglz/Desktop/src/ModularDT/HONF_Proj/Trained_Results/ThermalChannel/HONF_Forward_Runs/Run_1404_20260916_092508_routing_only_pairwise/best_by_field_mse_model.pt,4890,legacy_honf,0641,prepared_p2_decode,complete,6.347293965518475,6.376712769269943,6.327136039733887,362.66845703125,0.0,22.09326171875,462.0,8192,8192
1404,/home/wanglz/Desktop/src/ModularDT/HONF_Proj/Trained_Results/ThermalChannel/HONF_Forward_Runs/Run_1404_20260916_092508_routing_only_pairwise/best_by_field_mse_model.pt,4890,legacy_honf,0642,application_evaluator,complete,29.467705637216568,32.356423791497946,29.44223976135254,363.654296875,0.0,21.82861328125,462.0,8192,8192
1404,/home/wanglz/Desktop/src/ModularDT/HONF_Proj/Trained_Results/ThermalChannel/HONF_Forward_Runs/Run_1404_20260916_092508_routing_only_pairwise/best_by_field_mse_model.pt,4890,legacy_honf,0642,full_forward,complete,27.483338490128517,28.07647045701742,27.463455200195312,363.349609375,0.0,21.82861328125,462.0,8192,8192
1404,/home/wanglz/Desktop/src/ModularDT/HONF_Proj/Trained_Results/ThermalChannel/HONF_Forward_Runs/Run_1404_20260916_092508_routing_only_pairwise/best_by_field_mse_model.pt,4890,legacy_honf,0642,preparation_plus_one_query,complete,25.378841906785965,26.645060814917088,25.35625648498535,35.47119140625,0.0,21.82861328125,462.0,8192,8192
1404,/home/wanglz/Desktop/src/ModularDT/HONF_Proj/Trained_Results/ThermalChannel/HONF_Forward_Runs/Run_1404_20260916_092508_routing_only_pairwise/best_by_field_mse_model.pt,4890,legacy_honf,0642,prepared_p2_decode,complete,6.77920039743185,6.947912182658911,6.759552001953125,362.66845703125,0.0,22.09326171875,462.0,8192,8192
1404,/home/wanglz/Desktop/src/ModularDT/HONF_Proj/Trained_Results/ThermalChannel/HONF_Forward_Runs/Run_1404_20260916_092508_routing_only_pairwise/best_by_field_mse_model.pt,4890,legacy_honf,0643,application_evaluator,complete,39.04424421489239,39.137274120002985,39.00729751586914,363.654296875,0.0,21.82861328125,462.0,8192,8192
1404,/home/wanglz/Desktop/src/ModularDT/HONF_Proj/Trained_Results/ThermalChannel/HONF_Forward_Runs/Run_1404_20260916_092508_routing_only_pairwise/best_by_field_mse_model.pt,4890,legacy_honf,0643,full_forward,complete,29.15928140282631,29.456476029008627,29.12563133239746,363.349609375,0.0,21.82861328125,462.0,8192,8192
1404,/home/wanglz/Desktop/src/ModularDT/HONF_Proj/Trained_Results/ThermalChannel/HONF_Forward_Runs/Run_1404_20260916_092508_routing_only_pairwise/best_by_field_mse_model.pt,4890,legacy_honf,0643,preparation_plus_one_query,complete,34.50475353747606,36.44456313923001,34.48320007324219,35.47119140625,0.0,21.82861328125,462.0,8192,8192
1404,/home/wanglz/Desktop/src/ModularDT/HONF_Proj/Trained_Results/ThermalChannel/HONF_Forward_Runs/Run_1404_20260916_092508_routing_only_pairwise/best_by_field_mse_model.pt,4890,legacy_honf,0643,prepared_p2_decode,complete,6.597890518605709,6.606689002364874,6.577343940734863,362.66845703125,0.0,22.09326171875,462.0,8192,8192
1404,/home/wanglz/Desktop/src/ModularDT/HONF_Proj/Trained_Results/ThermalChannel/HONF_Forward_Runs/Run_1404_20260916_092508_routing_only_pairwise/best_by_field_mse_model.pt,4890,legacy_honf,0644,application_evaluator,complete,29.535594396293163,30.194349121302366,29.515104293823242,363.654296875,0.0,21.82861328125,462.0,8192,8192
1404,/home/wanglz/Desktop/src/ModularDT/HONF_Proj/Trained_Results/ThermalChannel/HONF_Forward_Runs/Run_1404_20260916_092508_routing_only_pairwise/best_by_field_mse_model.pt,4890,legacy_honf,0644,full_forward,complete,28.081750497221947,29.527491331100464,28.058719635009766,363.349609375,0.0,21.82861328125,462.0,8192,8192
1404,/home/wanglz/Desktop/src/ModularDT/HONF_Proj/Trained_Results/ThermalChannel/HONF_Forward_Runs/Run_1404_20260916_092508_routing_only_pairwise/best_by_field_mse_model.pt,4890,legacy_honf,0644,preparation_plus_one_query,complete,25.50763264298439,25.834746472537518,25.482240676879883,35.47119140625,0.0,21.82861328125,462.0,8192,8192
1404,/home/wanglz/Desktop/src/ModularDT/HONF_Proj/Trained_Results/ThermalChannel/HONF_Forward_Runs/Run_1404_20260916_092508_routing_only_pairwise/best_by_field_mse_model.pt,4890,legacy_honf,0644,prepared_p2_decode,complete,6.473011337220669,6.51449840515852,6.453248023986816,362.66845703125,0.0,22.09326171875,462.0,8192,8192
1404,/home/wanglz/Desktop/src/ModularDT/HONF_Proj/Trained_Results/ThermalChannel/HONF_Forward_Runs/Run_1404_20260916_092508_routing_only_pairwise/best_by_field_mse_model.pt,4890,legacy_honf,0645,application_evaluator,complete,29.586159624159336,31.77715055644512,29.553407669067383,363.654296875,0.0,21.82861328125,462.0,8192,8192
1404,/home/wanglz/Desktop/src/ModularDT/HONF_Proj/Trained_Results/ThermalChannel/HONF_Forward_Runs/Run_1404_20260916_092508_routing_only_pairwise/best_by_field_mse_model.pt,4890,legacy_honf,0645,full_forward,complete,27.171840891242027,28.00760632380843,27.151552200317383,363.349609375,0.0,21.82861328125,462.0,8192,8192
1404,/home/wanglz/Desktop/src/ModularDT/HONF_Proj/Trained_Results/ThermalChannel/HONF_Forward_Runs/Run_1404_20260916_092508_routing_only_pairwise/best_by_field_mse_model.pt,4890,legacy_honf,0645,preparation_plus_one_query,complete,23.80654588341713,23.942572437226772,23.78313636779785,35.47119140625,0.0,21.82861328125,462.0,8192,8192
1404,/home/wanglz/Desktop/src/ModularDT/HONF_Proj/Trained_Results/ThermalChannel/HONF_Forward_Runs/Run_1404_20260916_092508_routing_only_pairwise/best_by_field_mse_model.pt,4890,legacy_honf,0645,prepared_p2_decode,complete,6.556822918355465,6.580960284918547,6.49721622467041,362.66845703125,0.0,22.09326171875,462.0,8192,8192
1404,/home/wanglz/Desktop/src/ModularDT/HONF_Proj/Trained_Results/ThermalChannel/HONF_Forward_Runs/Run_1404_20260916_092508_routing_only_pairwise/best_by_field_mse_model.pt,4890,legacy_honf,0646,application_evaluator,complete,29.844017699360847,29.888522252440453,29.81865692138672,363.654296875,0.0,21.82861328125,462.0,8192,8192
1404,/home/wanglz/Desktop/src/ModularDT/HONF_Proj/Trained_Results/ThermalChannel/HONF_Forward_Runs/Run_1404_20260916_092508_routing_only_pairwise/best_by_field_mse_model.pt,4890,legacy_honf,0646,full_forward,complete,40.62017239630222,41.97740871459246,40.567806243896484,363.349609375,0.0,21.82861328125,462.0,8192,8192
1404,/home/wanglz/Desktop/src/ModularDT/HONF_Proj/Trained_Results/ThermalChannel/HONF_Forward_Runs/Run_1404_20260916_092508_routing_only_pairwise/best_by_field_mse_model.pt,4890,legacy_honf,0646,preparation_plus_one_query,complete,28.472590260207653,30.370408203452826,28.446687698364258,35.47119140625,0.0,21.82861328125,462.0,8192,8192
1404,/home/wanglz/Desktop/src/ModularDT/HONF_Proj/Trained_Results/ThermalChannel/HONF_Forward_Runs/Run_1404_20260916_092508_routing_only_pairwise/best_by_field_mse_model.pt,4890,legacy_honf,0646,prepared_p2_decode,complete,6.921120919287205,6.954561360180378,6.900576114654541,362.66845703125,0.0,22.09326171875,462.0,8192,8192
1404,/home/wanglz/Desktop/src/ModularDT/HONF_Proj/Trained_Results/ThermalChannel/HONF_Forward_Runs/Run_1404_20260916_092508_routing_only_pairwise/best_by_field_mse_model.pt,4890,legacy_honf,0647,application_evaluator,complete,29.1958786547184,29.32888688519597,29.173120498657227,363.654296875,0.0,21.82861328125,462.0,8192,8192
1404,/home/wanglz/Desktop/src/ModularDT/HONF_Proj/Trained_Results/ThermalChannel/HONF_Forward_Runs/Run_1404_20260916_092508_routing_only_pairwise/best_by_field_mse_model.pt,4890,legacy_honf,0647,full_forward,complete,28.115833178162575,28.127399366348982,28.092479705810547,363.349609375,0.0,21.82861328125,462.0,8192,8192
1404,/home/wanglz/Desktop/src/ModularDT/HONF_Proj/Trained_Results/ThermalChannel/HONF_Forward_Runs/Run_1404_20260916_092508_routing_only_pairwise/best_by_field_mse_model.pt,4890,legacy_honf,0647,preparation_plus_one_query,complete,25.551493279635906,26.21075175702572,25.5283203125,35.47119140625,0.0,21.82861328125,462.0,8192,8192
1404,/home/wanglz/Desktop/src/ModularDT/HONF_Proj/Trained_Results/ThermalChannel/HONF_Forward_Runs/Run_1404_20260916_092508_routing_only_pairwise/best_by_field_mse_model.pt,4890,legacy_honf,0647,prepared_p2_decode,complete,6.317402236163616,6.380260642617941,6.297599792480469,362.66845703125,0.0,22.09326171875,462.0,8192,8192
1404,/home/wanglz/Desktop/src/ModularDT/HONF_Proj/Trained_Results/ThermalChannel/HONF_Forward_Runs/Run_1404_20260916_092508_routing_only_pairwise/best_by_field_mse_model.pt,4890,legacy_honf,0648,application_evaluator,complete,30.5198160931468,38.20311529561877,30.499263763427734,364.029296875,0.0,21.82861328125,462.0,8192,8192
1404,/home/wanglz/Desktop/src/ModularDT/HONF_Proj/Trained_Results/ThermalChannel/HONF_Forward_Runs/Run_1404_20260916_092508_routing_only_pairwise/best_by_field_mse_model.pt,4890,legacy_honf,0648,full_forward,complete,26.784074492752552,27.635679207742214,26.74995231628418,363.724609375,0.0,21.82861328125,462.0,8192,8192
1404,/home/wanglz/Desktop/src/ModularDT/HONF_Proj/Trained_Results/ThermalChannel/HONF_Forward_Runs/Run_1404_20260916_092508_routing_only_pairwise/best_by_field_mse_model.pt,4890,legacy_honf,0648,preparation_plus_one_query,complete,25.8970744907856,26.64936203509569,25.876480102539062,35.50634765625,0.0,21.82861328125,462.0,8192,8192
1404,/home/wanglz/Desktop/src/ModularDT/HONF_Proj/Trained_Results/ThermalChannel/HONF_Forward_Runs/Run_1404_20260916_092508_routing_only_pairwise/best_by_field_mse_model.pt,4890,legacy_honf,0648,prepared_p2_decode,complete,7.833545096218586,8.037456683814526,7.806848049163818,363.04345703125,0.0,22.09326171875,462.0,8192,8192
1404,/home/wanglz/Desktop/src/ModularDT/HONF_Proj/Trained_Results/ThermalChannel/HONF_Forward_Runs/Run_1404_20260916_092508_routing_only_pairwise/best_by_field_mse_model.pt,4890,legacy_honf,0649,application_evaluator,complete,30.115287750959396,30.521100107580423,30.092735290527344,364.029296875,0.0,21.82861328125,462.0,8192,8192
1404,/home/wanglz/Desktop/src/ModularDT/HONF_Proj/Trained_Results/ThermalChannel/HONF_Forward_Runs/Run_1404_20260916_092508_routing_only_pairwise/best_by_field_mse_model.pt,4890,legacy_honf,0649,full_forward,complete,31.43559116870165,32.77975423261523,31.41222381591797,363.724609375,0.0,21.82861328125,462.0,8192,8192
1404,/home/wanglz/Desktop/src/ModularDT/HONF_Proj/Trained_Results/ThermalChannel/HONF_Forward_Runs/Run_1404_20260916_092508_routing_only_pairwise/best_by_field_mse_model.pt,4890,legacy_honf,0649,preparation_plus_one_query,complete,25.777223519980907,26.394996605813503,25.753599166870117,35.50634765625,0.0,21.82861328125,462.0,8192,8192
1404,/home/wanglz/Desktop/src/ModularDT/HONF_Proj/Trained_Results/ThermalChannel/HONF_Forward_Runs/Run_1404_20260916_092508_routing_only_pairwise/best_by_field_mse_model.pt,4890,legacy_honf,0649,prepared_p2_decode,complete,6.596492603421211,6.600767374038696,6.574848175048828,363.04345703125,0.0,22.09326171875,462.0,8192,8192
1404,/home/wanglz/Desktop/src/ModularDT/HONF_Proj/Trained_Results/ThermalChannel/HONF_Forward_Runs/Run_1404_20260916_092508_routing_only_pairwise/best_by_field_mse_model.pt,4890,legacy_honf,0650,application_evaluator,complete,32.873790711164474,35.993323009461164,32.849056243896484,364.029296875,0.0,21.82861328125,462.0,8192,8192
1404,/home/wanglz/Desktop/src/ModularDT/HONF_Proj/Trained_Results/ThermalChannel/HONF_Forward_Runs/Run_1404_20260916_092508_routing_only_pairwise/best_by_field_mse_model.pt,4890,legacy_honf,0650,full_forward,complete,28.073927387595177,28.58383459970355,28.051456451416016,363.724609375,0.0,21.82861328125,462.0,8192,8192
1404,/home/wanglz/Desktop/src/ModularDT/HONF_Proj/Trained_Results/ThermalChannel/HONF_Forward_Runs/Run_1404_20260916_092508_routing_only_pairwise/best_by_field_mse_model.pt,4890,legacy_honf,0650,preparation_plus_one_query,complete,25.083547458052635,25.288717169314623,25.057279586791992,35.50634765625,0.0,21.82861328125,462.0,8192,8192
1404,/home/wanglz/Desktop/src/ModularDT/HONF_Proj/Trained_Results/ThermalChannel/HONF_Forward_Runs/Run_1404_20260916_092508_routing_only_pairwise/best_by_field_mse_model.pt,4890,legacy_honf,0650,prepared_p2_decode,complete,6.7730555310845375,6.913103722035885,6.73689603805542,363.04345703125,0.0,22.09326171875,462.0,8192,8192
1404,/home/wanglz/Desktop/src/ModularDT/HONF_Proj/Trained_Results/ThermalChannel/HONF_Forward_Runs/Run_1404_20260916_092508_routing_only_pairwise/best_by_field_mse_model.pt,4890,legacy_honf,0651,application_evaluator,complete,46.26484960317612,50.62596136704087,46.23820877075195,364.029296875,0.0,21.82861328125,462.0,8192,8192
1404,/home/wanglz/Desktop/src/ModularDT/HONF_Proj/Trained_Results/ThermalChannel/HONF_Forward_Runs/Run_1404_20260916_092508_routing_only_pairwise/best_by_field_mse_model.pt,4890,legacy_honf,0651,full_forward,complete,29.908273369073868,31.507892534136772,29.884384155273438,363.724609375,0.0,21.82861328125,462.0,8192,8192
1404,/home/wanglz/Desktop/src/ModularDT/HONF_Proj/Trained_Results/ThermalChannel/HONF_Forward_Runs/Run_1404_20260916_092508_routing_only_pairwise/best_by_field_mse_model.pt,4890,legacy_honf,0651,preparation_plus_one_query,complete,44.71266828477383,45.88661082088947,44.68537521362305,35.50634765625,0.0,21.82861328125,462.0,8192,8192
1404,/home/wanglz/Desktop/src/ModularDT/HONF_Proj/Trained_Results/ThermalChannel/HONF_Forward_Runs/Run_1404_20260916_092508_routing_only_pairwise/best_by_field_mse_model.pt,4890,legacy_honf,0651,prepared_p2_decode,complete,6.79121445864439,6.865890510380268,6.762495994567871,363.04345703125,0.0,22.09326171875,462.0,8192,8192
1404,/home/wanglz/Desktop/src/ModularDT/HONF_Proj/Trained_Results/ThermalChannel/HONF_Forward_Runs/Run_1404_20260916_092508_routing_only_pairwise/best_by_field_mse_model.pt,4890,legacy_honf,0652,application_evaluator,complete,30.927136540412903,31.362116243690252,30.903968811035156,364.029296875,0.0,21.82861328125,462.0,8192,8192
1404,/home/wanglz/Desktop/src/ModularDT/HONF_Proj/Trained_Results/ThermalChannel/HONF_Forward_Runs/Run_1404_20260916_092508_routing_only_pairwise/best_by_field_mse_model.pt,4890,legacy_honf,0652,full_forward,complete,29.293100349605083,29.69237733632326,29.267072677612305,363.724609375,0.0,21.82861328125,462.0,8192,8192
1404,/home/wanglz/Desktop/src/ModularDT/HONF_Proj/Trained_Results/ThermalChannel/HONF_Forward_Runs/Run_1404_20260916_092508_routing_only_pairwise/best_by_field_mse_model.pt,4890,legacy_honf,0652,preparation_plus_one_query,complete,25.615190155804157,26.05268359184265,25.50067138671875,35.50634765625,0.0,21.82861328125,462.0,8192,8192
1404,/home/wanglz/Desktop/src/ModularDT/HONF_Proj/Trained_Results/ThermalChannel/HONF_Forward_Runs/Run_1404_20260916_092508_routing_only_pairwise/best_by_field_mse_model.pt,4890,legacy_honf,0652,prepared_p2_decode,complete,6.679186597466469,6.746318936347961,6.654975891113281,363.04345703125,0.0,22.09326171875,462.0,8192,8192
1404,/home/wanglz/Desktop/src/ModularDT/HONF_Proj/Trained_Results/ThermalChannel/HONF_Forward_Runs/Run_1404_20260916_092508_routing_only_pairwise/best_by_field_mse_model.pt,4890,legacy_honf,0653,application_evaluator,complete,29.952414333820343,30.18323015421629,29.931583404541016,364.029296875,0.0,21.82861328125,462.0,8192,8192
1404,/home/wanglz/Desktop/src/ModularDT/HONF_Proj/Trained_Results/ThermalChannel/HONF_Forward_Runs/Run_1404_20260916_092508_routing_only_pairwise/best_by_field_mse_model.pt,4890,legacy_honf,0653,full_forward,complete,27.911054901778698,27.957570273429155,27.8885440826416,363.724609375,0.0,21.82861328125,462.0,8192,8192
1404,/home/wanglz/Desktop/src/ModularDT/HONF_Proj/Trained_Results/ThermalChannel/HONF_Forward_Runs/Run_1404_20260916_092508_routing_only_pairwise/best_by_field_mse_model.pt,4890,legacy_honf,0653,preparation_plus_one_query,complete,25.42242407798767,25.648714508861303,25.399295806884766,35.50634765625,0.0,21.82861328125,462.0,8192,8192
1404,/home/wanglz/Desktop/src/ModularDT/HONF_Proj/Trained_Results/ThermalChannel/HONF_Forward_Runs/Run_1404_20260916_092508_routing_only_pairwise/best_by_field_mse_model.pt,4890,legacy_honf,0653,prepared_p2_decode,complete,6.561571732163429,6.676226109266281,6.540287971496582,363.04345703125,0.0,22.09326171875,462.0,8192,8192
1404,/home/wanglz/Desktop/src/ModularDT/HONF_Proj/Trained_Results/ThermalChannel/HONF_Forward_Runs/Run_1404_20260916_092508_routing_only_pairwise/best_by_field_mse_model.pt,4890,legacy_honf,0654,application_evaluator,complete,38.88360504060984,42.709414940327406,38.563934326171875,364.029296875,0.0,21.82861328125,462.0,8192,8192
1404,/home/wanglz/Desktop/src/ModularDT/HONF_Proj/Trained_Results/ThermalChannel/HONF_Forward_Runs/Run_1404_20260916_092508_routing_only_pairwise/best_by_field_mse_model.pt,4890,legacy_honf,0654,full_forward,complete,29.55961972475052,31.21002819389105,29.537343978881836,363.724609375,0.0,21.82861328125,462.0,8192,8192
1404,/home/wanglz/Desktop/src/ModularDT/HONF_Proj/Trained_Results/ThermalChannel/HONF_Forward_Runs/Run_1404_20260916_092508_routing_only_pairwise/best_by_field_mse_model.pt,4890,legacy_honf,0654,preparation_plus_one_query,complete,34.96292233467102,35.567115899175406,34.927616119384766,35.50634765625,0.0,21.82861328125,462.0,8192,8192
1404,/home/wanglz/Desktop/src/ModularDT/HONF_Proj/Trained_Results/ThermalChannel/HONF_Forward_Runs/Run_1404_20260916_092508_routing_only_pairwise/best_by_field_mse_model.pt,4890,legacy_honf,0654,prepared_p2_decode,complete,6.643427535891533,6.649964582175016,6.623040199279785,363.04345703125,0.0,22.09326171875,462.0,8192,8192
1404,/home/wanglz/Desktop/src/ModularDT/HONF_Proj/Trained_Results/ThermalChannel/HONF_Forward_Runs/Run_1404_20260916_092508_routing_only_pairwise/best_by_field_mse_model.pt,4890,legacy_honf,0655,application_evaluator,complete,28.554445132613182,29.432953242212534,28.530399322509766,364.029296875,0.0,21.82861328125,462.0,8192,8192
1404,/home/wanglz/Desktop/src/ModularDT/HONF_Proj/Trained_Results/ThermalChannel/HONF_Forward_Runs/Run_1404_20260916_092508_routing_only_pairwise/best_by_field_mse_model.pt,4890,legacy_honf,0655,full_forward,complete,27.59872004389763,27.69828699529171,27.57529640197754,363.724609375,0.0,21.82861328125,462.0,8192,8192
1404,/home/wanglz/Desktop/src/ModularDT/HONF_Proj/Trained_Results/ThermalChannel/HONF_Forward_Runs/Run_1404_20260916_092508_routing_only_pairwise/best_by_field_mse_model.pt,4890,legacy_honf,0655,preparation_plus_one_query,complete,24.625101126730442,24.678656458854675,24.601823806762695,35.50634765625,0.0,21.82861328125,462.0,8192,8192
1404,/home/wanglz/Desktop/src/ModularDT/HONF_Proj/Trained_Results/ThermalChannel/HONF_Forward_Runs/Run_1404_20260916_092508_routing_only_pairwise/best_by_field_mse_model.pt,4890,legacy_honf,0655,prepared_p2_decode,complete,6.448706611990929,6.5175991505384445,6.428671836853027,363.04345703125,0.0,22.09326171875,462.0,8192,8192
1404,/home/wanglz/Desktop/src/ModularDT/HONF_Proj/Trained_Results/ThermalChannel/HONF_Forward_Runs/Run_1404_20260916_092508_routing_only_pairwise/best_by_field_mse_model.pt,4890,legacy_honf,0656,application_evaluator,complete,29.787586070597172,29.944731667637825,29.764415740966797,364.029296875,0.0,21.82861328125,462.0,8192,8192
1404,/home/wanglz/Desktop/src/ModularDT/HONF_Proj/Trained_Results/ThermalChannel/HONF_Forward_Runs/Run_1404_20260916_092508_routing_only_pairwise/best_by_field_mse_model.pt,4890,legacy_honf,0656,full_forward,complete,28.62065564841032,30.927556566894054,28.595199584960938,363.724609375,0.0,21.82861328125,462.0,8192,8192
1404,/home/wanglz/Desktop/src/ModularDT/HONF_Proj/Trained_Results/ThermalChannel/HONF_Forward_Runs/Run_1404_20260916_092508_routing_only_pairwise/best_by_field_mse_model.pt,4890,legacy_honf,0656,preparation_plus_one_query,complete,25.450640358030796,25.557751022279263,25.421920776367188,35.50634765625,0.0,21.82861328125,462.0,8192,8192
1404,/home/wanglz/Desktop/src/ModularDT/HONF_Proj/Trained_Results/ThermalChannel/HONF_Forward_Runs/Run_1404_20260916_092508_routing_only_pairwise/best_by_field_mse_model.pt,4890,legacy_honf,0656,prepared_p2_decode,complete,6.902123801410198,8.638523053377867,6.881152153015137,363.04345703125,0.0,22.09326171875,462.0,8192,8192
1404,/home/wanglz/Desktop/src/ModularDT/HONF_Proj/Trained_Results/ThermalChannel/HONF_Forward_Runs/Run_1404_20260916_092508_routing_only_pairwise/best_by_field_mse_model.pt,4890,legacy_honf,0657,application_evaluator,complete,30.042092315852642,30.75892860069871,30.021760940551758,364.029296875,0.0,21.82861328125,462.0,8192,8192
1404,/home/wanglz/Desktop/src/ModularDT/HONF_Proj/Trained_Results/ThermalChannel/HONF_Forward_Runs/Run_1404_20260916_092508_routing_only_pairwise/best_by_field_mse_model.pt,4890,legacy_honf,0657,full_forward,complete,38.002192042768,39.196752384305,37.97795104980469,363.724609375,0.0,21.82861328125,462.0,8192,8192
1404,/home/wanglz/Desktop/src/ModularDT/HONF_Proj/Trained_Results/ThermalChannel/HONF_Forward_Runs/Run_1404_20260916_092508_routing_only_pairwise/best_by_field_mse_model.pt,4890,legacy_honf,0657,preparation_plus_one_query,complete,33.314915373921394,34.93062695488334,33.23494338989258,35.50634765625,0.0,21.82861328125,462.0,8192,8192
1404,/home/wanglz/Desktop/src/ModularDT/HONF_Proj/Trained_Results/ThermalChannel/HONF_Forward_Runs/Run_1404_20260916_092508_routing_only_pairwise/best_by_field_mse_model.pt,4890,legacy_honf,0657,prepared_p2_decode,complete,6.591743789613247,6.597526464611292,6.5728960037231445,363.04345703125,0.0,22.09326171875,462.0,8192,8192
1404,/home/wanglz/Desktop/src/ModularDT/HONF_Proj/Trained_Results/ThermalChannel/HONF_Forward_Runs/Run_1404_20260916_092508_routing_only_pairwise/best_by_field_mse_model.pt,4890,legacy_honf,0658,application_evaluator,complete,27.802659198641777,29.283602349460125,27.782655715942383,364.029296875,0.0,21.82861328125,462.0,8192,8192
1404,/home/wanglz/Desktop/src/ModularDT/HONF_Proj/Trained_Results/ThermalChannel/HONF_Forward_Runs/Run_1404_20260916_092508_routing_only_pairwise/best_by_field_mse_model.pt,4890,legacy_honf,0658,full_forward,complete,27.797630988061428,28.194644022732973,27.774816513061523,363.724609375,0.0,21.82861328125,462.0,8192,8192
1404,/home/wanglz/Desktop/src/ModularDT/HONF_Proj/Trained_Results/ThermalChannel/HONF_Forward_Runs/Run_1404_20260916_092508_routing_only_pairwise/best_by_field_mse_model.pt,4890,legacy_honf,0658,preparation_plus_one_query,complete,24.996664375066757,24.99792082235217,24.97148895263672,35.50634765625,0.0,21.82861328125,462.0,8192,8192
1404,/home/wanglz/Desktop/src/ModularDT/HONF_Proj/Trained_Results/ThermalChannel/HONF_Forward_Runs/Run_1404_20260916_092508_routing_only_pairwise/best_by_field_mse_model.pt,4890,legacy_honf,0658,prepared_p2_decode,complete,6.406800821423531,6.435967329889536,6.38640022277832,363.04345703125,0.0,22.09326171875,462.0,8192,8192
1404,/home/wanglz/Desktop/src/ModularDT/HONF_Proj/Trained_Results/ThermalChannel/HONF_Forward_Runs/Run_1404_20260916_092508_routing_only_pairwise/best_by_field_mse_model.pt,4890,legacy_honf,0659,application_evaluator,complete,31.445649452507496,32.782268803566694,31.419679641723633,364.029296875,0.0,21.82861328125,462.0,8192,8192
1404,/home/wanglz/Desktop/src/ModularDT/HONF_Proj/Trained_Results/ThermalChannel/HONF_Forward_Runs/Run_1404_20260916_092508_routing_only_pairwise/best_by_field_mse_model.pt,4890,legacy_honf,0659,full_forward,complete,27.931170538067818,28.1496649608016,27.908096313476562,363.724609375,0.0,21.82861328125,462.0,8192,8192
1404,/home/wanglz/Desktop/src/ModularDT/HONF_Proj/Trained_Results/ThermalChannel/HONF_Forward_Runs/Run_1404_20260916_092508_routing_only_pairwise/best_by_field_mse_model.pt,4890,legacy_honf,0659,preparation_plus_one_query,complete,23.942320607602596,25.097656156867743,23.920543670654297,35.50634765625,0.0,21.82861328125,462.0,8192,8192
1404,/home/wanglz/Desktop/src/ModularDT/HONF_Proj/Trained_Results/ThermalChannel/HONF_Forward_Runs/Run_1404_20260916_092508_routing_only_pairwise/best_by_field_mse_model.pt,4890,legacy_honf,0659,prepared_p2_decode,complete,8.668582886457443,8.705293107777834,8.643584251403809,363.04345703125,0.0,22.09326171875,462.0,8192,8192
1404,/home/wanglz/Desktop/src/ModularDT/HONF_Proj/Trained_Results/ThermalChannel/HONF_Forward_Runs/Run_1404_20260916_092508_routing_only_pairwise/best_by_field_mse_model.pt,4890,legacy_honf,0660,application_evaluator,complete,41.82817041873932,42.53243384882808,41.795841217041016,364.029296875,0.0,21.82861328125,462.0,8192,8192
1404,/home/wanglz/Desktop/src/ModularDT/HONF_Proj/Trained_Results/ThermalChannel/HONF_Forward_Runs/Run_1404_20260916_092508_routing_only_pairwise/best_by_field_mse_model.pt,4890,legacy_honf,0660,full_forward,complete,29.57945503294468,30.994270835071802,29.55753517150879,363.724609375,0.0,21.82861328125,462.0,8192,8192
1404,/home/wanglz/Desktop/src/ModularDT/HONF_Proj/Trained_Results/ThermalChannel/HONF_Forward_Runs/Run_1404_20260916_092508_routing_only_pairwise/best_by_field_mse_model.pt,4890,legacy_honf,0660,preparation_plus_one_query,complete,26.16024110466242,26.318643987178802,26.117311477661133,35.50634765625,0.0,21.82861328125,462.0,8192,8192
1404,/home/wanglz/Desktop/src/ModularDT/HONF_Proj/Trained_Results/ThermalChannel/HONF_Forward_Runs/Run_1404_20260916_092508_routing_only_pairwise/best_by_field_mse_model.pt,4890,legacy_honf,0660,prepared_p2_decode,complete,6.685611791908741,6.799510959535837,6.663167953491211,363.04345703125,0.0,22.09326171875,462.0,8192,8192
1404,/home/wanglz/Desktop/src/ModularDT/HONF_Proj/Trained_Results/ThermalChannel/HONF_Forward_Runs/Run_1404_20260916_092508_routing_only_pairwise/best_by_field_mse_model.pt,4890,legacy_honf,0661,application_evaluator,complete,31.05955943465233,32.83467888832092,31.032608032226562,364.029296875,0.0,21.82861328125,462.0,8192,8192
1404,/home/wanglz/Desktop/src/ModularDT/HONF_Proj/Trained_Results/ThermalChannel/HONF_Forward_Runs/Run_1404_20260916_092508_routing_only_pairwise/best_by_field_mse_model.pt,4890,legacy_honf,0661,full_forward,complete,28.1672365963459,28.649235423654318,28.14668846130371,363.724609375,0.0,21.82861328125,462.0,8192,8192
1404,/home/wanglz/Desktop/src/ModularDT/HONF_Proj/Trained_Results/ThermalChannel/HONF_Forward_Runs/Run_1404_20260916_092508_routing_only_pairwise/best_by_field_mse_model.pt,4890,legacy_honf,0661,preparation_plus_one_query,complete,25.202279910445213,25.70992400869727,25.180160522460938,35.50634765625,0.0,21.82861328125,462.0,8192,8192
1404,/home/wanglz/Desktop/src/ModularDT/HONF_Proj/Trained_Results/ThermalChannel/HONF_Forward_Runs/Run_1404_20260916_092508_routing_only_pairwise/best_by_field_mse_model.pt,4890,legacy_honf,0661,prepared_p2_decode,complete,6.598449312150478,6.670358497649431,6.577951908111572,363.04345703125,0.0,22.09326171875,462.0,8192,8192
1404,/home/wanglz/Desktop/src/ModularDT/HONF_Proj/Trained_Results/ThermalChannel/HONF_Forward_Runs/Run_1404_20260916_092508_routing_only_pairwise/best_by_field_mse_model.pt,4890,legacy_honf,0662,application_evaluator,complete,39.56079948693514,40.59469299390912,39.53443145751953,364.029296875,0.0,21.82861328125,462.0,8192,8192
1404,/home/wanglz/Desktop/src/ModularDT/HONF_Proj/Trained_Results/ThermalChannel/HONF_Forward_Runs/Run_1404_20260916_092508_routing_only_pairwise/best_by_field_mse_model.pt,4890,legacy_honf,0662,full_forward,complete,28.231212869286537,29.202751722186804,28.210079193115234,363.724609375,0.0,21.82861328125,462.0,8192,8192
1404,/home/wanglz/Desktop/src/ModularDT/HONF_Proj/Trained_Results/ThermalChannel/HONF_Forward_Runs/Run_1404_20260916_092508_routing_only_pairwise/best_by_field_mse_model.pt,4890,legacy_honf,0662,preparation_plus_one_query,complete,33.076055347919464,35.61527915298939,33.043296813964844,35.50634765625,0.0,21.82861328125,462.0,8192,8192
1404,/home/wanglz/Desktop/src/ModularDT/HONF_Proj/Trained_Results/ThermalChannel/HONF_Forward_Runs/Run_1404_20260916_092508_routing_only_pairwise/best_by_field_mse_model.pt,4890,legacy_honf,0662,prepared_p2_decode,complete,7.025047205388546,7.501765433698893,7.003136157989502,363.04345703125,0.0,22.09326171875,462.0,8192,8192
1404,/home/wanglz/Desktop/src/ModularDT/HONF_Proj/Trained_Results/ThermalChannel/HONF_Forward_Runs/Run_1404_20260916_092508_routing_only_pairwise/best_by_field_mse_model.pt,4890,legacy_honf,0663,application_evaluator,complete,29.964706860482693,29.972501192241907,29.94051170349121,364.716796875,0.0,21.82861328125,458.0,8192,8192
1404,/home/wanglz/Desktop/src/ModularDT/HONF_Proj/Trained_Results/ThermalChannel/HONF_Forward_Runs/Run_1404_20260916_092508_routing_only_pairwise/best_by_field_mse_model.pt,4890,legacy_honf,0663,full_forward,complete,30.046562664210796,30.123249534517527,30.02444839477539,364.412109375,0.0,21.82861328125,458.0,8192,8192
1404,/home/wanglz/Desktop/src/ModularDT/HONF_Proj/Trained_Results/ThermalChannel/HONF_Forward_Runs/Run_1404_20260916_092508_routing_only_pairwise/best_by_field_mse_model.pt,4890,legacy_honf,0663,preparation_plus_one_query,complete,25.242788717150688,25.71120886132121,25.214975357055664,38.12744140625,0.0,21.82861328125,458.0,8192,8192
1404,/home/wanglz/Desktop/src/ModularDT/HONF_Proj/Trained_Results/ThermalChannel/HONF_Forward_Runs/Run_1404_20260916_092508_routing_only_pairwise/best_by_field_mse_model.pt,4890,legacy_honf,0663,prepared_p2_decode,complete,6.626386195421219,6.647253781557083,6.600895881652832,363.73095703125,0.0,22.09326171875,458.0,8192,8192
1404,/home/wanglz/Desktop/src/ModularDT/HONF_Proj/Trained_Results/ThermalChannel/HONF_Forward_Runs/Run_1404_20260916_092508_routing_only_pairwise/best_by_field_mse_model.pt,4890,legacy_honf,0664,application_evaluator,complete,29.989571310579777,30.976195074617863,29.968992233276367,364.716796875,0.0,21.82861328125,458.0,8192,8192
1404,/home/wanglz/Desktop/src/ModularDT/HONF_Proj/Trained_Results/ThermalChannel/HONF_Forward_Runs/Run_1404_20260916_092508_routing_only_pairwise/best_by_field_mse_model.pt,4890,legacy_honf,0664,full_forward,complete,26.89386811107397,27.678591944277287,26.829824447631836,364.412109375,0.0,21.82861328125,458.0,8192,8192
1404,/home/wanglz/Desktop/src/ModularDT/HONF_Proj/Trained_Results/ThermalChannel/HONF_Forward_Runs/Run_1404_20260916_092508_routing_only_pairwise/best_by_field_mse_model.pt,4890,legacy_honf,0664,preparation_plus_one_query,complete,27.790086343884468,28.443562146276236,27.76678466796875,38.12744140625,0.0,21.82861328125,458.0,8192,8192
1404,/home/wanglz/Desktop/src/ModularDT/HONF_Proj/Trained_Results/ThermalChannel/HONF_Forward_Runs/Run_1404_20260916_092508_routing_only_pairwise/best_by_field_mse_model.pt,4890,legacy_honf,0664,prepared_p2_decode,complete,6.687568500638008,6.712962314486504,6.663167953491211,363.73095703125,0.0,22.09326171875,458.0,8192,8192
1404,/home/wanglz/Desktop/src/ModularDT/HONF_Proj/Trained_Results/ThermalChannel/HONF_Forward_Runs/Run_1404_20260916_092508_routing_only_pairwise/best_by_field_mse_model.pt,4890,legacy_honf,0665,application_evaluator,complete,30.480144545435905,30.751190148293972,30.454463958740234,364.716796875,0.0,21.82861328125,458.0,8192,8192
1404,/home/wanglz/Desktop/src/ModularDT/HONF_Proj/Trained_Results/ThermalChannel/HONF_Forward_Runs/Run_1404_20260916_092508_routing_only_pairwise/best_by_field_mse_model.pt,4890,legacy_honf,0665,full_forward,complete,42.55341552197933,43.70321901515126,42.53184127807617,364.412109375,0.0,21.82861328125,458.0,8192,8192
1404,/home/wanglz/Desktop/src/ModularDT/HONF_Proj/Trained_Results/ThermalChannel/HONF_Forward_Runs/Run_1404_20260916_092508_routing_only_pairwise/best_by_field_mse_model.pt,4890,legacy_honf,0665,preparation_plus_one_query,complete,35.55351123213768,36.91225629299879,35.525630950927734,38.12744140625,0.0,21.82861328125,458.0,8192,8192
1404,/home/wanglz/Desktop/src/ModularDT/HONF_Proj/Trained_Results/ThermalChannel/HONF_Forward_Runs/Run_1404_20260916_092508_routing_only_pairwise/best_by_field_mse_model.pt,4890,legacy_honf,0665,prepared_p2_decode,complete,6.8029481917619705,6.956824846565723,6.7817277908325195,363.73095703125,0.0,22.09326171875,458.0,8192,8192
1404,/home/wanglz/Desktop/src/ModularDT/HONF_Proj/Trained_Results/ThermalChannel/HONF_Forward_Runs/Run_1404_20260916_092508_routing_only_pairwise/best_by_field_mse_model.pt,4890,legacy_honf,0666,application_evaluator,complete,29.854913242161274,30.380662251263857,29.828575134277344,364.716796875,0.0,21.82861328125,458.0,8192,8192
1404,/home/wanglz/Desktop/src/ModularDT/HONF_Proj/Trained_Results/ThermalChannel/HONF_Forward_Runs/Run_1404_20260916_092508_routing_only_pairwise/best_by_field_mse_model.pt,4890,legacy_honf,0666,full_forward,complete,28.622332029044628,29.96247261762619,28.601343154907227,364.412109375,0.0,21.82861328125,458.0,8192,8192
1404,/home/wanglz/Desktop/src/ModularDT/HONF_Proj/Trained_Results/ThermalChannel/HONF_Forward_Runs/Run_1404_20260916_092508_routing_only_pairwise/best_by_field_mse_model.pt,4890,legacy_honf,0666,preparation_plus_one_query,complete,24.596326053142548,24.671755637973547,24.568864822387695,38.12744140625,0.0,21.82861328125,458.0,8192,8192
1404,/home/wanglz/Desktop/src/ModularDT/HONF_Proj/Trained_Results/ThermalChannel/HONF_Forward_Runs/Run_1404_20260916_092508_routing_only_pairwise/best_by_field_mse_model.pt,4890,legacy_honf,0666,prepared_p2_decode,complete,6.438928656280041,6.44244821742177,6.418303966522217,363.73095703125,0.0,22.09326171875,458.0,8192,8192
1404,/home/wanglz/Desktop/src/ModularDT/HONF_Proj/Trained_Results/ThermalChannel/HONF_Forward_Runs/Run_1404_20260916_092508_routing_only_pairwise/best_by_field_mse_model.pt,4890,legacy_honf,0667,application_evaluator,complete,30.39912786334753,33.736653346568346,30.378559112548828,364.716796875,0.0,21.82861328125,458.0,8192,8192
1404,/home/wanglz/Desktop/src/ModularDT/HONF_Proj/Trained_Results/ThermalChannel/HONF_Forward_Runs/Run_1404_20260916_092508_routing_only_pairwise/best_by_field_mse_model.pt,4890,legacy_honf,0667,full_forward,complete,29.851840808987617,31.416762247681618,29.827072143554688,364.412109375,0.0,21.82861328125,458.0,8192,8192
1404,/home/wanglz/Desktop/src/ModularDT/HONF_Proj/Trained_Results/ThermalChannel/HONF_Forward_Runs/Run_1404_20260916_092508_routing_only_pairwise/best_by_field_mse_model.pt,4890,legacy_honf,0667,preparation_plus_one_query,complete,25.160654447972775,25.328108947724104,25.13920021057129,38.12744140625,0.0,21.82861328125,458.0,8192,8192
1404,/home/wanglz/Desktop/src/ModularDT/HONF_Proj/Trained_Results/ThermalChannel/HONF_Forward_Runs/Run_1404_20260916_092508_routing_only_pairwise/best_by_field_mse_model.pt,4890,legacy_honf,0667,prepared_p2_decode,complete,8.265730924904346,8.671795576810837,8.225983619689941,363.73095703125,0.0,22.09326171875,458.0,8192,8192
1404,/home/wanglz/Desktop/src/ModularDT/HONF_Proj/Trained_Results/ThermalChannel/HONF_Forward_Runs/Run_1404_20260916_092508_routing_only_pairwise/best_by_field_mse_model.pt,4890,legacy_honf,0668,application_evaluator,complete,29.924476519227028,30.0662849098444,29.90239906311035,364.716796875,0.0,21.82861328125,458.0,8192,8192
1404,/home/wanglz/Desktop/src/ModularDT/HONF_Proj/Trained_Results/ThermalChannel/HONF_Forward_Runs/Run_1404_20260916_092508_routing_only_pairwise/best_by_field_mse_model.pt,4890,legacy_honf,0668,full_forward,complete,29.641196131706238,32.28376125916839,29.617952346801758,364.412109375,0.0,21.82861328125,458.0,8192,8192
1404,/home/wanglz/Desktop/src/ModularDT/HONF_Proj/Trained_Results/ThermalChannel/HONF_Forward_Runs/Run_1404_20260916_092508_routing_only_pairwise/best_by_field_mse_model.pt,4890,legacy_honf,0668,preparation_plus_one_query,complete,25.31766053289175,25.482349004596472,25.28665542602539,38.12744140625,0.0,21.82861328125,458.0,8192,8192
1404,/home/wanglz/Desktop/src/ModularDT/HONF_Proj/Trained_Results/ThermalChannel/HONF_Forward_Runs/Run_1404_20260916_092508_routing_only_pairwise/best_by_field_mse_model.pt,4890,legacy_honf,0668,prepared_p2_decode,complete,6.7861853167414665,6.878461688756943,6.76639986038208,363.73095703125,0.0,22.09326171875,458.0,8192,8192
1404,/home/wanglz/Desktop/src/ModularDT/HONF_Proj/Trained_Results/ThermalChannel/HONF_Forward_Runs/Run_1404_20260916_092508_routing_only_pairwise/best_by_field_mse_model.pt,4890,legacy_honf,0669,application_evaluator,complete,31.538120470941067,35.300316754728556,31.51683235168457,364.716796875,0.0,21.82861328125,458.0,8192,8192
1404,/home/wanglz/Desktop/src/ModularDT/HONF_Proj/Trained_Results/ThermalChannel/HONF_Forward_Runs/Run_1404_20260916_092508_routing_only_pairwise/best_by_field_mse_model.pt,4890,legacy_honf,0669,full_forward,complete,29.32019904255867,29.738585092127323,29.281280517578125,364.412109375,0.0,21.82861328125,458.0,8192,8192
1404,/home/wanglz/Desktop/src/ModularDT/HONF_Proj/Trained_Results/ThermalChannel/HONF_Forward_Runs/Run_1404_20260916_092508_routing_only_pairwise/best_by_field_mse_model.pt,4890,legacy_honf,0669,preparation_plus_one_query,complete,24.376741610467434,24.729753006249666,24.348960876464844,38.12744140625,0.0,21.82861328125,458.0,8192,8192
1404,/home/wanglz/Desktop/src/ModularDT/HONF_Proj/Trained_Results/ThermalChannel/HONF_Forward_Runs/Run_1404_20260916_092508_routing_only_pairwise/best_by_field_mse_model.pt,4890,legacy_honf,0669,prepared_p2_decode,complete,6.719416007399559,7.3241133242845535,6.693888187408447,363.73095703125,0.0,22.09326171875,458.0,8192,8192
1404,/home/wanglz/Desktop/src/ModularDT/HONF_Proj/Trained_Results/ThermalChannel/HONF_Forward_Runs/Run_1404_20260916_092508_routing_only_pairwise/best_by_field_mse_model.pt,4890,legacy_honf,0670,application_evaluator,complete,41.04593209922314,43.31536926329136,41.023006439208984,364.716796875,0.0,21.82861328125,458.0,8192,8192
1404,/home/wanglz/Desktop/src/ModularDT/HONF_Proj/Trained_Results/ThermalChannel/HONF_Forward_Runs/Run_1404_20260916_092508_routing_only_pairwise/best_by_field_mse_model.pt,4890,legacy_honf,0670,full_forward,complete,29.7124357894063,30.467489361763,29.679424285888672,364.412109375,0.0,21.82861328125,458.0,8192,8192
1404,/home/wanglz/Desktop/src/ModularDT/HONF_Proj/Trained_Results/ThermalChannel/HONF_Forward_Runs/Run_1404_20260916_092508_routing_only_pairwise/best_by_field_mse_model.pt,4890,legacy_honf,0670,preparation_plus_one_query,complete,33.19590352475643,37.05012556165457,33.17350387573242,38.12744140625,0.0,21.82861328125,458.0,8192,8192
1404,/home/wanglz/Desktop/src/ModularDT/HONF_Proj/Trained_Results/ThermalChannel/HONF_Forward_Runs/Run_1404_20260916_092508_routing_only_pairwise/best_by_field_mse_model.pt,4890,legacy_honf,0670,prepared_p2_decode,complete,6.671643815934658,7.459886372089386,6.650688171386719,363.73095703125,0.0,22.09326171875,458.0,8192,8192
1404,/home/wanglz/Desktop/src/ModularDT/HONF_Proj/Trained_Results/ThermalChannel/HONF_Forward_Runs/Run_1404_20260916_092508_routing_only_pairwise/best_by_field_mse_model.pt,4890,legacy_honf,0671,application_evaluator,complete,30.125624500215054,32.288453076034784,30.101503372192383,364.716796875,0.0,21.82861328125,458.0,8192,8192
1404,/home/wanglz/Desktop/src/ModularDT/HONF_Proj/Trained_Results/ThermalChannel/HONF_Forward_Runs/Run_1404_20260916_092508_routing_only_pairwise/best_by_field_mse_model.pt,4890,legacy_honf,0671,full_forward,complete,28.803923167288303,28.80819709971547,28.76518440246582,364.412109375,0.0,21.82861328125,458.0,8192,8192
1404,/home/wanglz/Desktop/src/ModularDT/HONF_Proj/Trained_Results/ThermalChannel/HONF_Forward_Runs/Run_1404_20260916_092508_routing_only_pairwise/best_by_field_mse_model.pt,4890,legacy_honf,0671,preparation_plus_one_query,complete,25.58836992830038,27.769051119685173,25.564096450805664,38.12744140625,0.0,21.82861328125,458.0,8192,8192
1404,/home/wanglz/Desktop/src/ModularDT/HONF_Proj/Trained_Results/ThermalChannel/HONF_Forward_Runs/Run_1404_20260916_092508_routing_only_pairwise/best_by_field_mse_model.pt,4890,legacy_honf,0671,prepared_p2_decode,complete,6.711594760417938,6.7224049009382725,6.659071922302246,363.73095703125,0.0,22.09326171875,458.0,8192,8192
1404,/home/wanglz/Desktop/src/ModularDT/HONF_Proj/Trained_Results/ThermalChannel/HONF_Forward_Runs/Run_1404_20260916_092508_routing_only_pairwise/best_by_field_mse_model.pt,4890,legacy_honf,0672,application_evaluator,complete,32.34913293272257,32.88845643401146,32.32767868041992,364.716796875,0.0,21.82861328125,458.0,8192,8192
1404,/home/wanglz/Desktop/src/ModularDT/HONF_Proj/Trained_Results/ThermalChannel/HONF_Forward_Runs/Run_1404_20260916_092508_routing_only_pairwise/best_by_field_mse_model.pt,4890,legacy_honf,0672,full_forward,complete,27.118482626974583,29.722325038164854,27.099008560180664,364.412109375,0.0,21.82861328125,458.0,8192,8192
1404,/home/wanglz/Desktop/src/ModularDT/HONF_Proj/Trained_Results/ThermalChannel/HONF_Forward_Runs/Run_1404_20260916_092508_routing_only_pairwise/best_by_field_mse_model.pt,4890,legacy_honf,0672,preparation_plus_one_query,complete,25.806558318436146,26.7527025192976,25.785343170166016,38.12744140625,0.0,21.82861328125,458.0,8192,8192
1404,/home/wanglz/Desktop/src/ModularDT/HONF_Proj/Trained_Results/ThermalChannel/HONF_Forward_Runs/Run_1404_20260916_092508_routing_only_pairwise/best_by_field_mse_model.pt,4890,legacy_honf,0672,prepared_p2_decode,complete,6.803506053984165,7.43309510871768,6.780928134918213,363.73095703125,0.0,22.09326171875,458.0,8192,8192
1404,/home/wanglz/Desktop/src/ModularDT/HONF_Proj/Trained_Results/ThermalChannel/HONF_Forward_Runs/Run_1404_20260916_092508_routing_only_pairwise/best_by_field_mse_model.pt,4890,legacy_honf,0673,application_evaluator,complete,32.420371659100056,33.52315854281187,32.38380813598633,364.716796875,0.0,21.82861328125,458.0,8192,8192
1404,/home/wanglz/Desktop/src/ModularDT/HONF_Proj/Trained_Results/ThermalChannel/HONF_Forward_Runs/Run_1404_20260916_092508_routing_only_pairwise/best_by_field_mse_model.pt,4890,legacy_honf,0673,full_forward,complete,39.68008980154991,40.97069753333926,39.61363220214844,364.412109375,0.0,21.82861328125,458.0,8192,8192
1404,/home/wanglz/Desktop/src/ModularDT/HONF_Proj/Trained_Results/ThermalChannel/HONF_Forward_Runs/Run_1404_20260916_092508_routing_only_pairwise/best_by_field_mse_model.pt,4890,legacy_honf,0673,preparation_plus_one_query,complete,37.21604309976101,40.42433304712176,37.18220901489258,38.12744140625,0.0,21.82861328125,458.0,8192,8192
1404,/home/wanglz/Desktop/src/ModularDT/HONF_Proj/Trained_Results/ThermalChannel/HONF_Forward_Runs/Run_1404_20260916_092508_routing_only_pairwise/best_by_field_mse_model.pt,4890,legacy_honf,0673,prepared_p2_decode,complete,6.669966503977776,6.679773330688477,6.648831844329834,363.73095703125,0.0,22.09326171875,458.0,8192,8192
1404,/home/wanglz/Desktop/src/ModularDT/HONF_Proj/Trained_Results/ThermalChannel/HONF_Forward_Runs/Run_1404_20260916_092508_routing_only_pairwise/best_by_field_mse_model.pt,4890,legacy_honf,0674,application_evaluator,complete,29.91749346256256,30.10380556806922,29.87980842590332,364.716796875,0.0,21.82861328125,458.0,8192,8192
1404,/home/wanglz/Desktop/src/ModularDT/HONF_Proj/Trained_Results/ThermalChannel/HONF_Forward_Runs/Run_1404_20260916_092508_routing_only_pairwise/best_by_field_mse_model.pt,4890,legacy_honf,0674,full_forward,complete,28.11667136847973,29.90989489480853,28.092479705810547,364.412109375,0.0,21.82861328125,458.0,8192,8192
1404,/home/wanglz/Desktop/src/ModularDT/HONF_Proj/Trained_Results/ThermalChannel/HONF_Forward_Runs/Run_1404_20260916_092508_routing_only_pairwise/best_by_field_mse_model.pt,4890,legacy_honf,0674,preparation_plus_one_query,complete,25.35006683319807,26.397788804024458,25.312416076660156,38.12744140625,0.0,21.82861328125,458.0,8192,8192
1404,/home/wanglz/Desktop/src/ModularDT/HONF_Proj/Trained_Results/ThermalChannel/HONF_Forward_Runs/Run_1404_20260916_092508_routing_only_pairwise/best_by_field_mse_model.pt,4890,legacy_honf,0674,prepared_p2_decode,complete,6.410712376236916,6.4843809232115746,6.388512134552002,363.73095703125,0.0,22.09326171875,458.0,8192,8192
1404,/home/wanglz/Desktop/src/ModularDT/HONF_Proj/Trained_Results/ThermalChannel/HONF_Forward_Runs/Run_1404_20260916_092508_routing_only_pairwise/best_by_field_mse_model.pt,4890,legacy_honf,0675,application_evaluator,complete,30.33598978072405,30.526576656848192,30.307199478149414,364.716796875,0.0,21.82861328125,458.0,8192,8192
1404,/home/wanglz/Desktop/src/ModularDT/HONF_Proj/Trained_Results/ThermalChannel/HONF_Forward_Runs/Run_1404_20260916_092508_routing_only_pairwise/best_by_field_mse_model.pt,4890,legacy_honf,0675,full_forward,complete,27.590617537498474,28.068089298903942,27.570175170898438,364.412109375,0.0,21.82861328125,458.0,8192,8192
1404,/home/wanglz/Desktop/src/ModularDT/HONF_Proj/Trained_Results/ThermalChannel/HONF_Forward_Runs/Run_1404_20260916_092508_routing_only_pairwise/best_by_field_mse_model.pt,4890,legacy_honf,0675,preparation_plus_one_query,complete,25.038009509444237,26.520964317023754,25.016223907470703,38.12744140625,0.0,21.82861328125,458.0,8192,8192
1404,/home/wanglz/Desktop/src/ModularDT/HONF_Proj/Trained_Results/ThermalChannel/HONF_Forward_Runs/Run_1404_20260916_092508_routing_only_pairwise/best_by_field_mse_model.pt,4890,legacy_honf,0675,prepared_p2_decode,complete,6.649293936789036,6.654574535787106,6.627327919006348,363.73095703125,0.0,22.09326171875,458.0,8192,8192
1404,/home/wanglz/Desktop/src/ModularDT/HONF_Proj/Trained_Results/ThermalChannel/HONF_Forward_Runs/Run_1404_20260916_092508_routing_only_pairwise/best_by_field_mse_model.pt,4890,legacy_honf,0676,application_evaluator,complete,31.087495386600494,33.00693864002824,31.065631866455078,364.716796875,0.0,21.82861328125,458.0,8192,8192
1404,/home/wanglz/Desktop/src/ModularDT/HONF_Proj/Trained_Results/ThermalChannel/HONF_Forward_Runs/Run_1404_20260916_092508_routing_only_pairwise/best_by_field_mse_model.pt,4890,legacy_honf,0676,full_forward,complete,47.3907133564353,47.750261798501015,47.35388946533203,364.412109375,0.0,21.82861328125,458.0,8192,8192
1404,/home/wanglz/Desktop/src/ModularDT/HONF_Proj/Trained_Results/ThermalChannel/HONF_Forward_Runs/Run_1404_20260916_092508_routing_only_pairwise/best_by_field_mse_model.pt,4890,legacy_honf,0676,preparation_plus_one_query,complete,35.307107493281364,37.81465105712414,35.27987289428711,38.12744140625,0.0,21.82861328125,458.0,8192,8192
1404,/home/wanglz/Desktop/src/ModularDT/HONF_Proj/Trained_Results/ThermalChannel/HONF_Forward_Runs/Run_1404_20260916_092508_routing_only_pairwise/best_by_field_mse_model.pt,4890,legacy_honf,0676,prepared_p2_decode,complete,6.85993954539299,6.90218098461628,6.832159996032715,363.73095703125,0.0,22.09326171875,458.0,8192,8192
1404,/home/wanglz/Desktop/src/ModularDT/HONF_Proj/Trained_Results/ThermalChannel/HONF_Forward_Runs/Run_1404_20260916_092508_routing_only_pairwise/best_by_field_mse_model.pt,4890,legacy_honf,0677,application_evaluator,complete,28.121701441705227,28.181038610637188,28.099456787109375,364.716796875,0.0,21.82861328125,458.0,8192,8192
1404,/home/wanglz/Desktop/src/ModularDT/HONF_Proj/Trained_Results/ThermalChannel/HONF_Forward_Runs/Run_1404_20260916_092508_routing_only_pairwise/best_by_field_mse_model.pt,4890,legacy_honf,0677,full_forward,complete,28.750003315508366,29.162605851888657,28.714847564697266,364.412109375,0.0,21.82861328125,458.0,8192,8192
1404,/home/wanglz/Desktop/src/ModularDT/HONF_Proj/Trained_Results/ThermalChannel/HONF_Forward_Runs/Run_1404_20260916_092508_routing_only_pairwise/best_by_field_mse_model.pt,4890,legacy_honf,0677,preparation_plus_one_query,complete,25.061476975679398,25.113272946327925,25.03990364074707,38.12744140625,0.0,21.82861328125,458.0,8192,8192
1404,/home/wanglz/Desktop/src/ModularDT/HONF_Proj/Trained_Results/ThermalChannel/HONF_Forward_Runs/Run_1404_20260916_092508_routing_only_pairwise/best_by_field_mse_model.pt,4890,legacy_honf,0677,prepared_p2_decode,complete,6.470775231719017,6.793616805225611,6.449151992797852,363.73095703125,0.0,22.09326171875,458.0,8192,8192
1404,/home/wanglz/Desktop/src/ModularDT/HONF_Proj/Trained_Results/ThermalChannel/HONF_Forward_Runs/Run_1404_20260916_092508_routing_only_pairwise/best_by_field_mse_model.pt,4890,legacy_honf,0678,application_evaluator,complete,29.923079535365105,30.950688291341066,29.902143478393555,364.966796875,0.0,21.82861328125,472.0,8192,8192
1404,/home/wanglz/Desktop/src/ModularDT/HONF_Proj/Trained_Results/ThermalChannel/HONF_Forward_Runs/Run_1404_20260916_092508_routing_only_pairwise/best_by_field_mse_model.pt,4890,legacy_honf,0678,full_forward,complete,28.29435095191002,28.56715675443411,28.270687103271484,364.662109375,0.0,21.82861328125,472.0,8192,8192
1404,/home/wanglz/Desktop/src/ModularDT/HONF_Proj/Trained_Results/ThermalChannel/HONF_Forward_Runs/Run_1404_20260916_092508_routing_only_pairwise/best_by_field_mse_model.pt,4890,legacy_honf,0678,preparation_plus_one_query,complete,25.684752501547337,26.681937463581562,25.662464141845703,55.5361328125,0.0,21.82861328125,472.0,8192,8192
1404,/home/wanglz/Desktop/src/ModularDT/HONF_Proj/Trained_Results/ThermalChannel/HONF_Forward_Runs/Run_1404_20260916_092508_routing_only_pairwise/best_by_field_mse_model.pt,4890,legacy_honf,0678,prepared_p2_decode,complete,8.73591098934412,8.946109842509031,8.705023765563965,363.98095703125,0.0,22.09326171875,472.0,8192,8192
1404,/home/wanglz/Desktop/src/ModularDT/HONF_Proj/Trained_Results/ThermalChannel/HONF_Forward_Runs/Run_1404_20260916_092508_routing_only_pairwise/best_by_field_mse_model.pt,4890,legacy_honf,0679,application_evaluator,complete,31.750721856951714,42.27722967043519,31.71331214904785,364.966796875,0.0,21.82861328125,472.0,8192,8192
1404,/home/wanglz/Desktop/src/ModularDT/HONF_Proj/Trained_Results/ThermalChannel/HONF_Forward_Runs/Run_1404_20260916_092508_routing_only_pairwise/best_by_field_mse_model.pt,4890,legacy_honf,0679,full_forward,complete,29.471896588802338,34.136740025132895,29.44691276550293,364.662109375,0.0,21.82861328125,472.0,8192,8192
1404,/home/wanglz/Desktop/src/ModularDT/HONF_Proj/Trained_Results/ThermalChannel/HONF_Forward_Runs/Run_1404_20260916_092508_routing_only_pairwise/best_by_field_mse_model.pt,4890,legacy_honf,0679,preparation_plus_one_query,complete,25.733083486557007,25.82888025790453,25.70649528503418,55.5361328125,0.0,21.82861328125,472.0,8192,8192
1404,/home/wanglz/Desktop/src/ModularDT/HONF_Proj/Trained_Results/ThermalChannel/HONF_Forward_Runs/Run_1404_20260916_092508_routing_only_pairwise/best_by_field_mse_model.pt,4890,legacy_honf,0679,prepared_p2_decode,complete,6.728355772793293,6.79171709343791,6.702079772949219,363.98095703125,0.0,22.09326171875,472.0,8192,8192
1404,/home/wanglz/Desktop/src/ModularDT/HONF_Proj/Trained_Results/ThermalChannel/HONF_Forward_Runs/Run_1404_20260916_092508_routing_only_pairwise/best_by_field_mse_model.pt,4890,legacy_honf,0680,application_evaluator,complete,31.63142967969179,32.726925145834684,31.609024047851562,364.966796875,0.0,21.82861328125,472.0,8192,8192
1404,/home/wanglz/Desktop/src/ModularDT/HONF_Proj/Trained_Results/ThermalChannel/HONF_Forward_Runs/Run_1404_20260916_092508_routing_only_pairwise/best_by_field_mse_model.pt,4890,legacy_honf,0680,full_forward,complete,28.321171179413795,28.854964300990105,28.301055908203125,364.662109375,0.0,21.82861328125,472.0,8192,8192
1404,/home/wanglz/Desktop/src/ModularDT/HONF_Proj/Trained_Results/ThermalChannel/HONF_Forward_Runs/Run_1404_20260916_092508_routing_only_pairwise/best_by_field_mse_model.pt,4890,legacy_honf,0680,preparation_plus_one_query,complete,25.172107852995396,25.304614007472992,25.13408088684082,55.5361328125,0.0,21.82861328125,472.0,8192,8192
1404,/home/wanglz/Desktop/src/ModularDT/HONF_Proj/Trained_Results/ThermalChannel/HONF_Forward_Runs/Run_1404_20260916_092508_routing_only_pairwise/best_by_field_mse_model.pt,4890,legacy_honf,0680,prepared_p2_decode,complete,6.7263999953866005,6.923775374889374,6.706175804138184,363.98095703125,0.0,22.09326171875,472.0,8192,8192
1404,/home/wanglz/Desktop/src/ModularDT/HONF_Proj/Trained_Results/ThermalChannel/HONF_Forward_Runs/Run_1404_20260916_092508_routing_only_pairwise/best_by_field_mse_model.pt,4890,legacy_honf,0681,application_evaluator,complete,41.48230794817209,42.10988702252507,41.460289001464844,364.966796875,0.0,21.82861328125,472.0,8192,8192
1404,/home/wanglz/Desktop/src/ModularDT/HONF_Proj/Trained_Results/ThermalChannel/HONF_Forward_Runs/Run_1404_20260916_092508_routing_only_pairwise/best_by_field_mse_model.pt,4890,legacy_honf,0681,full_forward,complete,28.92712503671646,30.568231269717216,28.905311584472656,364.662109375,0.0,21.82861328125,472.0,8192,8192
1404,/home/wanglz/Desktop/src/ModularDT/HONF_Proj/Trained_Results/ThermalChannel/HONF_Forward_Runs/Run_1404_20260916_092508_routing_only_pairwise/best_by_field_mse_model.pt,4890,legacy_honf,0681,preparation_plus_one_query,complete,32.028974033892155,35.78362828120589,32.00511932373047,55.5361328125,0.0,21.82861328125,472.0,8192,8192
1404,/home/wanglz/Desktop/src/ModularDT/HONF_Proj/Trained_Results/ThermalChannel/HONF_Forward_Runs/Run_1404_20260916_092508_routing_only_pairwise/best_by_field_mse_model.pt,4890,legacy_honf,0681,prepared_p2_decode,complete,6.971128284931183,7.295476924628019,6.936831951141357,363.98095703125,0.0,22.09326171875,472.0,8192,8192
1404,/home/wanglz/Desktop/src/ModularDT/HONF_Proj/Trained_Results/ThermalChannel/HONF_Forward_Runs/Run_1404_20260916_092508_routing_only_pairwise/best_by_field_mse_model.pt,4890,legacy_honf,0682,application_evaluator,complete,29.661589302122593,29.76995725184679,29.63091278076172,364.966796875,0.0,21.82861328125,472.0,8192,8192
1404,/home/wanglz/Desktop/src/ModularDT/HONF_Proj/Trained_Results/ThermalChannel/HONF_Forward_Runs/Run_1404_20260916_092508_routing_only_pairwise/best_by_field_mse_model.pt,4890,legacy_honf,0682,full_forward,complete,28.289602138102055,28.351957630366087,28.256256103515625,364.662109375,0.0,21.82861328125,472.0,8192,8192
1404,/home/wanglz/Desktop/src/ModularDT/HONF_Proj/Trained_Results/ThermalChannel/HONF_Forward_Runs/Run_1404_20260916_092508_routing_only_pairwise/best_by_field_mse_model.pt,4890,legacy_honf,0682,preparation_plus_one_query,complete,25.519924238324165,26.327528152614832,25.496736526489258,55.5361328125,0.0,21.82861328125,472.0,8192,8192
1404,/home/wanglz/Desktop/src/ModularDT/HONF_Proj/Trained_Results/ThermalChannel/HONF_Forward_Runs/Run_1404_20260916_092508_routing_only_pairwise/best_by_field_mse_model.pt,4890,legacy_honf,0682,prepared_p2_decode,complete,6.709917448461056,6.7182146944105625,6.6815361976623535,363.98095703125,0.0,22.09326171875,472.0,8192,8192
1404,/home/wanglz/Desktop/src/ModularDT/HONF_Proj/Trained_Results/ThermalChannel/HONF_Forward_Runs/Run_1404_20260916_092508_routing_only_pairwise/best_by_field_mse_model.pt,4890,legacy_honf,0683,application_evaluator,complete,29.69706989824772,29.867794178426266,29.676319122314453,364.966796875,0.0,21.82861328125,472.0,8192,8192
1404,/home/wanglz/Desktop/src/ModularDT/HONF_Proj/Trained_Results/ThermalChannel/HONF_Forward_Runs/Run_1404_20260916_092508_routing_only_pairwise/best_by_field_mse_model.pt,4890,legacy_honf,0683,full_forward,complete,28.084544464945793,30.136490520089865,28.062719345092773,364.662109375,0.0,21.82861328125,472.0,8192,8192
1404,/home/wanglz/Desktop/src/ModularDT/HONF_Proj/Trained_Results/ThermalChannel/HONF_Forward_Runs/Run_1404_20260916_092508_routing_only_pairwise/best_by_field_mse_model.pt,4890,legacy_honf,0683,preparation_plus_one_query,complete,25.94540547579527,27.27624299004674,25.918527603149414,55.5361328125,0.0,21.82861328125,472.0,8192,8192
1404,/home/wanglz/Desktop/src/ModularDT/HONF_Proj/Trained_Results/ThermalChannel/HONF_Forward_Runs/Run_1404_20260916_092508_routing_only_pairwise/best_by_field_mse_model.pt,4890,legacy_honf,0683,prepared_p2_decode,complete,6.720254197716713,6.760735437273979,6.699039936065674,363.98095703125,0.0,22.09326171875,472.0,8192,8192
1404,/home/wanglz/Desktop/src/ModularDT/HONF_Proj/Trained_Results/ThermalChannel/HONF_Forward_Runs/Run_1404_20260916_092508_routing_only_pairwise/best_by_field_mse_model.pt,4890,legacy_honf,0684,application_evaluator,complete,30.88914230465889,31.193125434219837,30.867679595947266,364.966796875,0.0,21.82861328125,472.0,8192,8192
1404,/home/wanglz/Desktop/src/ModularDT/HONF_Proj/Trained_Results/ThermalChannel/HONF_Forward_Runs/Run_1404_20260916_092508_routing_only_pairwise/best_by_field_mse_model.pt,4890,legacy_honf,0684,full_forward,complete,40.57659022510052,42.18526100739837,40.53798294067383,364.662109375,0.0,21.82861328125,472.0,8192,8192
1404,/home/wanglz/Desktop/src/ModularDT/HONF_Proj/Trained_Results/ThermalChannel/HONF_Forward_Runs/Run_1404_20260916_092508_routing_only_pairwise/best_by_field_mse_model.pt,4890,legacy_honf,0684,preparation_plus_one_query,complete,37.59486973285675,40.61609236523509,37.53779220581055,55.5361328125,0.0,21.82861328125,472.0,8192,8192
1404,/home/wanglz/Desktop/src/ModularDT/HONF_Proj/Trained_Results/ThermalChannel/HONF_Forward_Runs/Run_1404_20260916_092508_routing_only_pairwise/best_by_field_mse_model.pt,4890,legacy_honf,0684,prepared_p2_decode,complete,6.765511818230152,6.787386909127235,6.743040084838867,363.98095703125,0.0,22.09326171875,472.0,8192,8192
1404,/home/wanglz/Desktop/src/ModularDT/HONF_Proj/Trained_Results/ThermalChannel/HONF_Forward_Runs/Run_1404_20260916_092508_routing_only_pairwise/best_by_field_mse_model.pt,4890,legacy_honf,0685,application_evaluator,complete,30.2144642919302,30.471680592745543,30.19308853149414,364.966796875,0.0,21.82861328125,472.0,8192,8192
1404,/home/wanglz/Desktop/src/ModularDT/HONF_Proj/Trained_Results/ThermalChannel/HONF_Forward_Runs/Run_1404_20260916_092508_routing_only_pairwise/best_by_field_mse_model.pt,4890,legacy_honf,0685,full_forward,complete,28.02643459290266,29.557162057608366,28.004352569580078,364.662109375,0.0,21.82861328125,472.0,8192,8192
1404,/home/wanglz/Desktop/src/ModularDT/HONF_Proj/Trained_Results/ThermalChannel/HONF_Forward_Runs/Run_1404_20260916_092508_routing_only_pairwise/best_by_field_mse_model.pt,4890,legacy_honf,0685,preparation_plus_one_query,complete,25.464050471782684,26.091124955564737,25.437440872192383,55.5361328125,0.0,21.82861328125,472.0,8192,8192
1404,/home/wanglz/Desktop/src/ModularDT/HONF_Proj/Trained_Results/ThermalChannel/HONF_Forward_Runs/Run_1404_20260916_092508_routing_only_pairwise/best_by_field_mse_model.pt,4890,legacy_honf,0685,prepared_p2_decode,complete,6.593420170247555,6.6620612516999245,6.566751956939697,363.98095703125,0.0,22.09326171875,472.0,8192,8192
1404,/home/wanglz/Desktop/src/ModularDT/HONF_Proj/Trained_Results/ThermalChannel/HONF_Forward_Runs/Run_1404_20260916_092508_routing_only_pairwise/best_by_field_mse_model.pt,4890,legacy_honf,0686,application_evaluator,complete,29.728918336331844,32.43584977462888,29.706335067749023,364.966796875,0.0,21.82861328125,472.0,8192,8192
1404,/home/wanglz/Desktop/src/ModularDT/HONF_Proj/Trained_Results/ThermalChannel/HONF_Forward_Runs/Run_1404_20260916_092508_routing_only_pairwise/best_by_field_mse_model.pt,4890,legacy_honf,0686,full_forward,complete,28.549136593937874,28.950173780322075,28.51852798461914,364.662109375,0.0,21.82861328125,472.0,8192,8192
1404,/home/wanglz/Desktop/src/ModularDT/HONF_Proj/Trained_Results/ThermalChannel/HONF_Forward_Runs/Run_1404_20260916_092508_routing_only_pairwise/best_by_field_mse_model.pt,4890,legacy_honf,0686,preparation_plus_one_query,complete,25.461255572736263,25.61563514173031,25.43903923034668,55.5361328125,0.0,21.82861328125,472.0,8192,8192
1404,/home/wanglz/Desktop/src/ModularDT/HONF_Proj/Trained_Results/ThermalChannel/HONF_Forward_Runs/Run_1404_20260916_092508_routing_only_pairwise/best_by_field_mse_model.pt,4890,legacy_honf,0686,prepared_p2_decode,complete,7.392418570816517,8.16658204421401,7.357664108276367,363.98095703125,0.0,22.09326171875,472.0,8192,8192
1404,/home/wanglz/Desktop/src/ModularDT/HONF_Proj/Trained_Results/ThermalChannel/HONF_Forward_Runs/Run_1404_20260916_092508_routing_only_pairwise/best_by_field_mse_model.pt,4890,legacy_honf,0687,application_evaluator,complete,30.6058619171381,30.859055742621422,30.583999633789062,364.966796875,0.0,21.82861328125,472.0,8192,8192
1404,/home/wanglz/Desktop/src/ModularDT/HONF_Proj/Trained_Results/ThermalChannel/HONF_Forward_Runs/Run_1404_20260916_092508_routing_only_pairwise/best_by_field_mse_model.pt,4890,legacy_honf,0687,full_forward,complete,28.50415837019682,33.22733314707875,28.470272064208984,364.662109375,0.0,21.82861328125,472.0,8192,8192
1404,/home/wanglz/Desktop/src/ModularDT/HONF_Proj/Trained_Results/ThermalChannel/HONF_Forward_Runs/Run_1404_20260916_092508_routing_only_pairwise/best_by_field_mse_model.pt,4890,legacy_honf,0687,preparation_plus_one_query,complete,26.193206198513508,27.751590590924025,26.1713924407959,55.5361328125,0.0,21.82861328125,472.0,8192,8192
1404,/home/wanglz/Desktop/src/ModularDT/HONF_Proj/Trained_Results/ThermalChannel/HONF_Forward_Runs/Run_1404_20260916_092508_routing_only_pairwise/best_by_field_mse_model.pt,4890,legacy_honf,0687,prepared_p2_decode,complete,6.728636100888252,6.732657738029957,6.668000221252441,363.98095703125,0.0,22.09326171875,472.0,8192,8192
1404,/home/wanglz/Desktop/src/ModularDT/HONF_Proj/Trained_Results/ThermalChannel/HONF_Forward_Runs/Run_1404_20260916_092508_routing_only_pairwise/best_by_field_mse_model.pt,4890,legacy_honf,0688,application_evaluator,complete,30.91177251189947,32.37259993329644,30.89139175415039,364.966796875,0.0,21.82861328125,472.0,8192,8192
1404,/home/wanglz/Desktop/src/ModularDT/HONF_Proj/Trained_Results/ThermalChannel/HONF_Forward_Runs/Run_1404_20260916_092508_routing_only_pairwise/best_by_field_mse_model.pt,4890,legacy_honf,0688,full_forward,complete,28.751960024237633,28.773332200944424,28.72934341430664,364.662109375,0.0,21.82861328125,472.0,8192,8192
1404,/home/wanglz/Desktop/src/ModularDT/HONF_Proj/Trained_Results/ThermalChannel/HONF_Forward_Runs/Run_1404_20260916_092508_routing_only_pairwise/best_by_field_mse_model.pt,4890,legacy_honf,0688,preparation_plus_one_query,complete,25.757109746336937,26.993909012526274,25.73516845703125,55.5361328125,0.0,21.82861328125,472.0,8192,8192
1404,/home/wanglz/Desktop/src/ModularDT/HONF_Proj/Trained_Results/ThermalChannel/HONF_Forward_Runs/Run_1404_20260916_092508_routing_only_pairwise/best_by_field_mse_model.pt,4890,legacy_honf,0688,prepared_p2_decode,complete,6.8339575082063675,6.850804295390844,6.813695907592773,363.98095703125,0.0,22.09326171875,472.0,8192,8192
1404,/home/wanglz/Desktop/src/ModularDT/HONF_Proj/Trained_Results/ThermalChannel/HONF_Forward_Runs/Run_1404_20260916_092508_routing_only_pairwise/best_by_field_mse_model.pt,4890,legacy_honf,0689,application_evaluator,complete,40.40338099002838,41.06540381908417,40.379905700683594,364.966796875,0.0,21.82861328125,472.0,8192,8192
1404,/home/wanglz/Desktop/src/ModularDT/HONF_Proj/Trained_Results/ThermalChannel/HONF_Forward_Runs/Run_1404_20260916_092508_routing_only_pairwise/best_by_field_mse_model.pt,4890,legacy_honf,0689,full_forward,complete,27.818025089800358,28.548438381403685,27.795455932617188,364.662109375,0.0,21.82861328125,472.0,8192,8192
1404,/home/wanglz/Desktop/src/ModularDT/HONF_Proj/Trained_Results/ThermalChannel/HONF_Forward_Runs/Run_1404_20260916_092508_routing_only_pairwise/best_by_field_mse_model.pt,4890,legacy_honf,0689,preparation_plus_one_query,complete,33.370510675013065,35.94418242573738,33.34960174560547,55.5361328125,0.0,21.82861328125,472.0,8192,8192
1404,/home/wanglz/Desktop/src/ModularDT/HONF_Proj/Trained_Results/ThermalChannel/HONF_Forward_Runs/Run_1404_20260916_092508_routing_only_pairwise/best_by_field_mse_model.pt,4890,legacy_honf,0689,prepared_p2_decode,complete,7.067790254950523,7.147243991494179,7.04307222366333,363.98095703125,0.0,22.09326171875,472.0,8192,8192
1404,/home/wanglz/Desktop/src/ModularDT/HONF_Proj/Trained_Results/ThermalChannel/HONF_Forward_Runs/Run_1404_20260916_092508_routing_only_pairwise/best_by_field_mse_model.pt,4890,legacy_honf,0690,application_evaluator,complete,28.033419512212276,28.154107183218002,28.012256622314453,364.966796875,0.0,21.82861328125,472.0,8192,8192
1404,/home/wanglz/Desktop/src/ModularDT/HONF_Proj/Trained_Results/ThermalChannel/HONF_Forward_Runs/Run_1404_20260916_092508_routing_only_pairwise/best_by_field_mse_model.pt,4890,legacy_honf,0690,full_forward,complete,28.203275986015797,28.464767895638943,28.169055938720703,364.662109375,0.0,21.82861328125,472.0,8192,8192
1404,/home/wanglz/Desktop/src/ModularDT/HONF_Proj/Trained_Results/ThermalChannel/HONF_Forward_Runs/Run_1404_20260916_092508_routing_only_pairwise/best_by_field_mse_model.pt,4890,legacy_honf,0690,preparation_plus_one_query,complete,25.499530136585236,26.140433084219694,25.476863861083984,55.5361328125,0.0,21.82861328125,472.0,8192,8192
1404,/home/wanglz/Desktop/src/ModularDT/HONF_Proj/Trained_Results/ThermalChannel/HONF_Forward_Runs/Run_1404_20260916_092508_routing_only_pairwise/best_by_field_mse_model.pt,4890,legacy_honf,0690,prepared_p2_decode,complete,6.547324359416962,6.6219995729625225,6.525951862335205,363.98095703125,0.0,22.09326171875,472.0,8192,8192
1404,/home/wanglz/Desktop/src/ModularDT/HONF_Proj/Trained_Results/ThermalChannel/HONF_Forward_Runs/Run_1404_20260916_092508_routing_only_pairwise/best_by_field_mse_model.pt,4890,legacy_honf,0691,application_evaluator,complete,30.39046749472618,31.478923000395298,30.369535446166992,364.966796875,0.0,21.82861328125,472.0,8192,8192
1404,/home/wanglz/Desktop/src/ModularDT/HONF_Proj/Trained_Results/ThermalChannel/HONF_Forward_Runs/Run_1404_20260916_092508_routing_only_pairwise/best_by_field_mse_model.pt,4890,legacy_honf,0691,full_forward,complete,29.67667579650879,30.524257197976112,29.654016494750977,364.662109375,0.0,21.82861328125,472.0,8192,8192
1404,/home/wanglz/Desktop/src/ModularDT/HONF_Proj/Trained_Results/ThermalChannel/HONF_Forward_Runs/Run_1404_20260916_092508_routing_only_pairwise/best_by_field_mse_model.pt,4890,legacy_honf,0691,preparation_plus_one_query,complete,25.397281162440777,26.728619914501905,25.366527557373047,55.5361328125,0.0,21.82861328125,472.0,8192,8192
1404,/home/wanglz/Desktop/src/ModularDT/HONF_Proj/Trained_Results/ThermalChannel/HONF_Forward_Runs/Run_1404_20260916_092508_routing_only_pairwise/best_by_field_mse_model.pt,4890,legacy_honf,0691,prepared_p2_decode,complete,6.94933719933033,7.788872811943293,6.928383827209473,363.98095703125,0.0,22.09326171875,472.0,8192,8192
1404,/home/wanglz/Desktop/src/ModularDT/HONF_Proj/Trained_Results/ThermalChannel/HONF_Forward_Runs/Run_1404_20260916_092508_routing_only_pairwise/best_by_field_mse_model.pt,4890,legacy_honf,0692,application_evaluator,complete,31.393686309456825,32.57919503375888,31.367263793945312,364.966796875,0.0,21.82861328125,472.0,8192,8192
1404,/home/wanglz/Desktop/src/ModularDT/HONF_Proj/Trained_Results/ThermalChannel/HONF_Forward_Runs/Run_1404_20260916_092508_routing_only_pairwise/best_by_field_mse_model.pt,4890,legacy_honf,0692,full_forward,complete,49.78715069591999,49.96994407847524,49.741825103759766,364.662109375,0.0,21.82861328125,472.0,8192,8192
1404,/home/wanglz/Desktop/src/ModularDT/HONF_Proj/Trained_Results/ThermalChannel/HONF_Forward_Runs/Run_1404_20260916_092508_routing_only_pairwise/best_by_field_mse_model.pt,4890,legacy_honf,0692,preparation_plus_one_query,complete,26.053521782159805,29.801386687904596,26.032127380371094,55.5361328125,0.0,21.82861328125,472.0,8192,8192
1404,/home/wanglz/Desktop/src/ModularDT/HONF_Proj/Trained_Results/ThermalChannel/HONF_Forward_Runs/Run_1404_20260916_092508_routing_only_pairwise/best_by_field_mse_model.pt,4890,legacy_honf,0692,prepared_p2_decode,complete,6.724724546074867,6.741066742688417,6.703104019165039,363.98095703125,0.0,22.09326171875,472.0,8192,8192
1804,/home/wanglz/Desktop/src/ModularDT/HONF_Proj/Trained_Results/ThermalChannel/HONF_Forward_Runs/Run_1804_20260905_081349_dense_pairwise_field_adaptation/best_by_field_mse_model.pt,4738,dense_pairwise_field,0273,application_evaluator,complete,34.64220464229584,35.429693665355444,34.61891174316406,1666.9228515625,0.0,29.15869140625,2174.0,8192,8192
1804,/home/wanglz/Desktop/src/ModularDT/HONF_Proj/Trained_Results/ThermalChannel/HONF_Forward_Runs/Run_1804_20260905_081349_dense_pairwise_field_adaptation/best_by_field_mse_model.pt,4738,dense_pairwise_field,0273,full_forward,complete,34.323723055422306,34.6737178042531,34.288639068603516,1666.6181640625,0.0,29.15869140625,2174.0,8192,8192
1804,/home/wanglz/Desktop/src/ModularDT/HONF_Proj/Trained_Results/ThermalChannel/HONF_Forward_Runs/Run_1804_20260905_081349_dense_pairwise_field_adaptation/best_by_field_mse_model.pt,4738,dense_pairwise_field,0273,preparation_plus_one_query,complete,24.8857531696558,26.116519141942263,24.86284828186035,157.693359375,0.0,29.15869140625,2174.0,8192,8192
1804,/home/wanglz/Desktop/src/ModularDT/HONF_Proj/Trained_Results/ThermalChannel/HONF_Forward_Runs/Run_1804_20260905_081349_dense_pairwise_field_adaptation/best_by_field_mse_model.pt,4738,dense_pairwise_field,0273,prepared_p2_decode,complete,11.39551680535078,11.430214531719685,11.369471549987793,1664.75,0.0,29.5869140625,2174.0,8192,8192
1804,/home/wanglz/Desktop/src/ModularDT/HONF_Proj/Trained_Results/ThermalChannel/HONF_Forward_Runs/Run_1804_20260905_081349_dense_pairwise_field_adaptation/best_by_field_mse_model.pt,4738,dense_pairwise_field,0274,application_evaluator,complete,34.91682466119528,35.15040734782815,34.892127990722656,1666.9228515625,0.0,29.15869140625,2174.0,8192,8192
1804,/home/wanglz/Desktop/src/ModularDT/HONF_Proj/Trained_Results/ThermalChannel/HONF_Forward_Runs/Run_1804_20260905_081349_dense_pairwise_field_adaptation/best_by_field_mse_model.pt,4738,dense_pairwise_field,0274,full_forward,complete,42.931122705340385,45.34136410802603,42.90662384033203,1666.6181640625,0.0,29.15869140625,2174.0,8192,8192
1804,/home/wanglz/Desktop/src/ModularDT/HONF_Proj/Trained_Results/ThermalChannel/HONF_Forward_Runs/Run_1804_20260905_081349_dense_pairwise_field_adaptation/best_by_field_mse_model.pt,4738,dense_pairwise_field,0274,preparation_plus_one_query,complete,25.211498141288757,25.29799100011587,25.190143585205078,157.693359375,0.0,29.15869140625,2174.0,8192,8192
1804,/home/wanglz/Desktop/src/ModularDT/HONF_Proj/Trained_Results/ThermalChannel/HONF_Forward_Runs/Run_1804_20260905_081349_dense_pairwise_field_adaptation/best_by_field_mse_model.pt,4738,dense_pairwise_field,0274,prepared_p2_decode,complete,11.30304578691721,11.307823471724987,11.283647537231445,1664.75,0.0,29.5869140625,2174.0,8192,8192
1804,/home/wanglz/Desktop/src/ModularDT/HONF_Proj/Trained_Results/ThermalChannel/HONF_Forward_Runs/Run_1804_20260905_081349_dense_pairwise_field_adaptation/best_by_field_mse_model.pt,4738,dense_pairwise_field,0275,application_evaluator,complete,34.8358079791069,35.6534693390131,34.8139533996582,1666.9228515625,0.0,29.15869140625,2174.0,8192,8192
1804,/home/wanglz/Desktop/src/ModularDT/HONF_Proj/Trained_Results/ThermalChannel/HONF_Forward_Runs/Run_1804_20260905_081349_dense_pairwise_field_adaptation/best_by_field_mse_model.pt,4738,dense_pairwise_field,0275,full_forward,complete,34.6215320751071,34.85913556069136,34.598880767822266,1666.6181640625,0.0,29.15869140625,2174.0,8192,8192
1804,/home/wanglz/Desktop/src/ModularDT/HONF_Proj/Trained_Results/ThermalChannel/HONF_Forward_Runs/Run_1804_20260905_081349_dense_pairwise_field_adaptation/best_by_field_mse_model.pt,4738,dense_pairwise_field,0275,preparation_plus_one_query,complete,24.593251757323742,27.196342311799526,24.568832397460938,157.693359375,0.0,29.15869140625,2174.0,8192,8192
1804,/home/wanglz/Desktop/src/ModularDT/HONF_Proj/Trained_Results/ThermalChannel/HONF_Forward_Runs/Run_1804_20260905_081349_dense_pairwise_field_adaptation/best_by_field_mse_model.pt,4738,dense_pairwise_field,0275,prepared_p2_decode,complete,11.443289928138256,11.501621268689632,11.421695709228516,1664.75,0.0,29.5869140625,2174.0,8192,8192
1804,/home/wanglz/Desktop/src/ModularDT/HONF_Proj/Trained_Results/ThermalChannel/HONF_Forward_Runs/Run_1804_20260905_081349_dense_pairwise_field_adaptation/best_by_field_mse_model.pt,4738,dense_pairwise_field,0276,application_evaluator,complete,35.58424208313227,41.876109316945076,35.552703857421875,1666.9228515625,0.0,29.15869140625,2174.0,8192,8192
1804,/home/wanglz/Desktop/src/ModularDT/HONF_Proj/Trained_Results/ThermalChannel/HONF_Forward_Runs/Run_1804_20260905_081349_dense_pairwise_field_adaptation/best_by_field_mse_model.pt,4738,dense_pairwise_field,0276,full_forward,complete,34.30193196982145,34.66022480279207,34.27635192871094,1666.6181640625,0.0,29.15869140625,2174.0,8192,8192
1804,/home/wanglz/Desktop/src/ModularDT/HONF_Proj/Trained_Results/ThermalChannel/HONF_Forward_Runs/Run_1804_20260905_081349_dense_pairwise_field_adaptation/best_by_field_mse_model.pt,4738,dense_pairwise_field,0276,preparation_plus_one_query,complete,24.857536889612675,25.16981726512313,24.77961540222168,157.693359375,0.0,29.15869140625,2174.0,8192,8192
1804,/home/wanglz/Desktop/src/ModularDT/HONF_Proj/Trained_Results/ThermalChannel/HONF_Forward_Runs/Run_1804_20260905_081349_dense_pairwise_field_adaptation/best_by_field_mse_model.pt,4738,dense_pairwise_field,0276,prepared_p2_decode,complete,11.82407233864069,11.892964038997889,11.565055847167969,1664.75,0.0,29.5869140625,2174.0,8192,8192
1804,/home/wanglz/Desktop/src/ModularDT/HONF_Proj/Trained_Results/ThermalChannel/HONF_Forward_Runs/Run_1804_20260905_081349_dense_pairwise_field_adaptation/best_by_field_mse_model.pt,4738,dense_pairwise_field,0277,application_evaluator,complete,34.97661184519529,36.400478426367044,34.95616149902344,1666.9228515625,0.0,29.15869140625,2174.0,8192,8192
1804,/home/wanglz/Desktop/src/ModularDT/HONF_Proj/Trained_Results/ThermalChannel/HONF_Forward_Runs/Run_1804_20260905_081349_dense_pairwise_field_adaptation/best_by_field_mse_model.pt,4738,dense_pairwise_field,0277,full_forward,complete,34.81513448059559,34.897353406995535,34.781185150146484,1666.6181640625,0.0,29.15869140625,2174.0,8192,8192
1804,/home/wanglz/Desktop/src/ModularDT/HONF_Proj/Trained_Results/ThermalChannel/HONF_Forward_Runs/Run_1804_20260905_081349_dense_pairwise_field_adaptation/best_by_field_mse_model.pt,4738,dense_pairwise_field,0277,preparation_plus_one_query,complete,24.115250445902348,24.160759150981903,24.09062385559082,157.693359375,0.0,29.15869140625,2174.0,8192,8192
1804,/home/wanglz/Desktop/src/ModularDT/HONF_Proj/Trained_Results/ThermalChannel/HONF_Forward_Runs/Run_1804_20260905_081349_dense_pairwise_field_adaptation/best_by_field_mse_model.pt,4738,dense_pairwise_field,0277,prepared_p2_decode,complete,11.267285794019699,11.277846992015839,11.247615814208984,1664.75,0.0,29.5869140625,2174.0,8192,8192
1804,/home/wanglz/Desktop/src/ModularDT/HONF_Proj/Trained_Results/ThermalChannel/HONF_Forward_Runs/Run_1804_20260905_081349_dense_pairwise_field_adaptation/best_by_field_mse_model.pt,4738,dense_pairwise_field,0278,application_evaluator,complete,35.11154744774103,36.165805626660585,35.08979034423828,1666.9228515625,0.0,29.15869140625,2174.0,8192,8192
1804,/home/wanglz/Desktop/src/ModularDT/HONF_Proj/Trained_Results/ThermalChannel/HONF_Forward_Runs/Run_1804_20260905_081349_dense_pairwise_field_adaptation/best_by_field_mse_model.pt,4738,dense_pairwise_field,0278,full_forward,complete,33.80968142300844,34.12045305594802,33.75718307495117,1666.6181640625,0.0,29.15869140625,2174.0,8192,8192
1804,/home/wanglz/Desktop/src/ModularDT/HONF_Proj/Trained_Results/ThermalChannel/HONF_Forward_Runs/Run_1804_20260905_081349_dense_pairwise_field_adaptation/best_by_field_mse_model.pt,4738,dense_pairwise_field,0278,preparation_plus_one_query,complete,23.966903798282146,26.019102986902,23.945247650146484,157.693359375,0.0,29.15869140625,2174.0,8192,8192
1804,/home/wanglz/Desktop/src/ModularDT/HONF_Proj/Trained_Results/ThermalChannel/HONF_Forward_Runs/Run_1804_20260905_081349_dense_pairwise_field_adaptation/best_by_field_mse_model.pt,4738,dense_pairwise_field,0278,prepared_p2_decode,complete,11.421497911214828,11.426778510212898,11.398143768310547,1664.75,0.0,29.5869140625,2174.0,8192,8192
1804,/home/wanglz/Desktop/src/ModularDT/HONF_Proj/Trained_Results/ThermalChannel/HONF_Forward_Runs/Run_1804_20260905_081349_dense_pairwise_field_adaptation/best_by_field_mse_model.pt,4738,dense_pairwise_field,0279,application_evaluator,complete,34.82016362249851,35.09573461487889,34.796417236328125,1666.9228515625,0.0,29.15869140625,2174.0,8192,8192
1804,/home/wanglz/Desktop/src/ModularDT/HONF_Proj/Trained_Results/ThermalChannel/HONF_Forward_Runs/Run_1804_20260905_081349_dense_pairwise_field_adaptation/best_by_field_mse_model.pt,4738,dense_pairwise_field,0279,full_forward,complete,55.56089896708727,57.88338854908943,55.51017761230469,1666.6181640625,0.0,29.15869140625,2174.0,8192,8192
1804,/home/wanglz/Desktop/src/ModularDT/HONF_Proj/Trained_Results/ThermalChannel/HONF_Forward_Runs/Run_1804_20260905_081349_dense_pairwise_field_adaptation/best_by_field_mse_model.pt,4738,dense_pairwise_field,0279,preparation_plus_one_query,complete,25.617703795433044,27.771230135113,25.59503936767578,157.693359375,0.0,29.15869140625,2174.0,8192,8192
1804,/home/wanglz/Desktop/src/ModularDT/HONF_Proj/Trained_Results/ThermalChannel/HONF_Forward_Runs/Run_1804_20260905_081349_dense_pairwise_field_adaptation/best_by_field_mse_model.pt,4738,dense_pairwise_field,0279,prepared_p2_decode,complete,11.34746614843607,11.417614296078682,11.327808380126953,1664.75,0.0,29.5869140625,2174.0,8192,8192
1804,/home/wanglz/Desktop/src/ModularDT/HONF_Proj/Trained_Results/ThermalChannel/HONF_Forward_Runs/Run_1804_20260905_081349_dense_pairwise_field_adaptation/best_by_field_mse_model.pt,4738,dense_pairwise_field,0280,application_evaluator,complete,33.574171364307404,33.9427730999887,33.55388641357422,1666.9228515625,0.0,29.15869140625,2174.0,8192,8192
1804,/home/wanglz/Desktop/src/ModularDT/HONF_Proj/Trained_Results/ThermalChannel/HONF_Forward_Runs/Run_1804_20260905_081349_dense_pairwise_field_adaptation/best_by_field_mse_model.pt,4738,dense_pairwise_field,0280,full_forward,complete,34.81178265064955,37.898378260433674,34.78953552246094,1666.6181640625,0.0,29.15869140625,2174.0,8192,8192
1804,/home/wanglz/Desktop/src/ModularDT/HONF_Proj/Trained_Results/ThermalChannel/HONF_Forward_Runs/Run_1804_20260905_081349_dense_pairwise_field_adaptation/best_by_field_mse_model.pt,4738,dense_pairwise_field,0280,preparation_plus_one_query,complete,24.4965897873044,24.65122165158391,24.47452735900879,157.693359375,0.0,29.15869140625,2174.0,8192,8192
1804,/home/wanglz/Desktop/src/ModularDT/HONF_Proj/Trained_Results/ThermalChannel/HONF_Forward_Runs/Run_1804_20260905_081349_dense_pairwise_field_adaptation/best_by_field_mse_model.pt,4738,dense_pairwise_field,0280,prepared_p2_decode,complete,11.297457851469517,11.384956538677216,11.277503967285156,1664.75,0.0,29.5869140625,2174.0,8192,8192
1804,/home/wanglz/Desktop/src/ModularDT/HONF_Proj/Trained_Results/ThermalChannel/HONF_Forward_Runs/Run_1804_20260905_081349_dense_pairwise_field_adaptation/best_by_field_mse_model.pt,4738,dense_pairwise_field,0281,application_evaluator,complete,44.47408579289913,47.050019819289446,44.45366287231445,1666.9228515625,0.0,29.15869140625,2174.0,8192,8192
1804,/home/wanglz/Desktop/src/ModularDT/HONF_Proj/Trained_Results/ThermalChannel/HONF_Forward_Runs/Run_1804_20260905_081349_dense_pairwise_field_adaptation/best_by_field_mse_model.pt,4738,dense_pairwise_field,0281,full_forward,complete,34.42178200930357,34.437622129917145,34.38719940185547,1666.6181640625,0.0,29.15869140625,2174.0,8192,8192
1804,/home/wanglz/Desktop/src/ModularDT/HONF_Proj/Trained_Results/ThermalChannel/HONF_Forward_Runs/Run_1804_20260905_081349_dense_pairwise_field_adaptation/best_by_field_mse_model.pt,4738,dense_pairwise_field,0281,preparation_plus_one_query,complete,43.57199929654598,44.43567227572203,43.54460906982422,157.693359375,0.0,29.15869140625,2174.0,8192,8192
1804,/home/wanglz/Desktop/src/ModularDT/HONF_Proj/Trained_Results/ThermalChannel/HONF_Forward_Runs/Run_1804_20260905_081349_dense_pairwise_field_adaptation/best_by_field_mse_model.pt,4738,dense_pairwise_field,0281,prepared_p2_decode,complete,11.30667794495821,11.444463860243559,11.284480094909668,1664.75,0.0,29.5869140625,2174.0,8192,8192
1804,/home/wanglz/Desktop/src/ModularDT/HONF_Proj/Trained_Results/ThermalChannel/HONF_Forward_Runs/Run_1804_20260905_081349_dense_pairwise_field_adaptation/best_by_field_mse_model.pt,4738,dense_pairwise_field,0282,application_evaluator,complete,34.59359426051378,35.765023063868284,34.57267379760742,1666.9228515625,0.0,29.15869140625,2174.0,8192,8192
1804,/home/wanglz/Desktop/src/ModularDT/HONF_Proj/Trained_Results/ThermalChannel/HONF_Forward_Runs/Run_1804_20260905_081349_dense_pairwise_field_adaptation/best_by_field_mse_model.pt,4738,dense_pairwise_field,0282,full_forward,complete,33.31212233752012,33.53690402582288,33.289024353027344,1666.6181640625,0.0,29.15869140625,2174.0,8192,8192
1804,/home/wanglz/Desktop/src/ModularDT/HONF_Proj/Trained_Results/ThermalChannel/HONF_Forward_Runs/Run_1804_20260905_081349_dense_pairwise_field_adaptation/best_by_field_mse_model.pt,4738,dense_pairwise_field,0282,preparation_plus_one_query,complete,23.29026907682419,23.619898315519094,23.2673282623291,157.693359375,0.0,29.15869140625,2174.0,8192,8192
1804,/home/wanglz/Desktop/src/ModularDT/HONF_Proj/Trained_Results/ThermalChannel/HONF_Forward_Runs/Run_1804_20260905_081349_dense_pairwise_field_adaptation/best_by_field_mse_model.pt,4738,dense_pairwise_field,0282,prepared_p2_decode,complete,11.323438957333565,11.385543830692768,11.301888465881348,1664.75,0.0,29.5869140625,2174.0,8192,8192
1804,/home/wanglz/Desktop/src/ModularDT/HONF_Proj/Trained_Results/ThermalChannel/HONF_Forward_Runs/Run_1804_20260905_081349_dense_pairwise_field_adaptation/best_by_field_mse_model.pt,4738,dense_pairwise_field,0283,application_evaluator,complete,35.22888291627169,35.64978102222085,35.20521545410156,1666.9228515625,0.0,29.15869140625,2174.0,8192,8192
1804,/home/wanglz/Desktop/src/ModularDT/HONF_Proj/Trained_Results/ThermalChannel/HONF_Forward_Runs/Run_1804_20260905_081349_dense_pairwise_field_adaptation/best_by_field_mse_model.pt,4738,dense_pairwise_field,0283,full_forward,complete,34.20638665556908,34.33310929685831,34.183040618896484,1666.6181640625,0.0,29.15869140625,2174.0,8192,8192
1804,/home/wanglz/Desktop/src/ModularDT/HONF_Proj/Trained_Results/ThermalChannel/HONF_Forward_Runs/Run_1804_20260905_081349_dense_pairwise_field_adaptation/best_by_field_mse_model.pt,4738,dense_pairwise_field,0283,preparation_plus_one_query,complete,24.964256212115288,25.208398420363665,24.93926429748535,157.693359375,0.0,29.15869140625,2174.0,8192,8192
1804,/home/wanglz/Desktop/src/ModularDT/HONF_Proj/Trained_Results/ThermalChannel/HONF_Forward_Runs/Run_1804_20260905_081349_dense_pairwise_field_adaptation/best_by_field_mse_model.pt,4738,dense_pairwise_field,0283,prepared_p2_decode,complete,11.825747787952423,11.84058291837573,11.805695533752441,1664.75,0.0,29.5869140625,2174.0,8192,8192
1804,/home/wanglz/Desktop/src/ModularDT/HONF_Proj/Trained_Results/ThermalChannel/HONF_Forward_Runs/Run_1804_20260905_081349_dense_pairwise_field_adaptation/best_by_field_mse_model.pt,4738,dense_pairwise_field,0284,application_evaluator,complete,34.62237026542425,35.035976115614176,34.58924865722656,1666.9228515625,0.0,29.15869140625,2174.0,8192,8192
1804,/home/wanglz/Desktop/src/ModularDT/HONF_Proj/Trained_Results/ThermalChannel/HONF_Forward_Runs/Run_1804_20260905_081349_dense_pairwise_field_adaptation/best_by_field_mse_model.pt,4738,dense_pairwise_field,0284,full_forward,complete,36.59081365913153,38.9311533421278,36.56806564331055,1666.6181640625,0.0,29.15869140625,2174.0,8192,8192
1804,/home/wanglz/Desktop/src/ModularDT/HONF_Proj/Trained_Results/ThermalChannel/HONF_Forward_Runs/Run_1804_20260905_081349_dense_pairwise_field_adaptation/best_by_field_mse_model.pt,4738,dense_pairwise_field,0284,preparation_plus_one_query,complete,24.23984929919243,24.506368674337864,24.217599868774414,157.693359375,0.0,29.15869140625,2174.0,8192,8192
1804,/home/wanglz/Desktop/src/ModularDT/HONF_Proj/Trained_Results/ThermalChannel/HONF_Forward_Runs/Run_1804_20260905_081349_dense_pairwise_field_adaptation/best_by_field_mse_model.pt,4738,dense_pairwise_field,0284,prepared_p2_decode,complete,11.332099325954914,11.542549636214972,11.307040214538574,1664.75,0.0,29.5869140625,2174.0,8192,8192
1804,/home/wanglz/Desktop/src/ModularDT/HONF_Proj/Trained_Results/ThermalChannel/HONF_Forward_Runs/Run_1804_20260905_081349_dense_pairwise_field_adaptation/best_by_field_mse_model.pt,4738,dense_pairwise_field,0285,application_evaluator,complete,34.968229942023754,35.09897589683533,34.882686614990234,1666.9228515625,0.0,29.15869140625,2174.0,8192,8192
1804,/home/wanglz/Desktop/src/ModularDT/HONF_Proj/Trained_Results/ThermalChannel/HONF_Forward_Runs/Run_1804_20260905_081349_dense_pairwise_field_adaptation/best_by_field_mse_model.pt,4738,dense_pairwise_field,0285,full_forward,complete,34.02703162282705,35.738034546375275,34.00396728515625,1666.6181640625,0.0,29.15869140625,2174.0,8192,8192
1804,/home/wanglz/Desktop/src/ModularDT/HONF_Proj/Trained_Results/ThermalChannel/HONF_Forward_Runs/Run_1804_20260905_081349_dense_pairwise_field_adaptation/best_by_field_mse_model.pt,4738,dense_pairwise_field,0285,preparation_plus_one_query,complete,24.829041212797165,25.107377395033836,24.807424545288086,157.693359375,0.0,29.15869140625,2174.0,8192,8192
1804,/home/wanglz/Desktop/src/ModularDT/HONF_Proj/Trained_Results/ThermalChannel/HONF_Forward_Runs/Run_1804_20260905_081349_dense_pairwise_field_adaptation/best_by_field_mse_model.pt,4738,dense_pairwise_field,0285,prepared_p2_decode,complete,11.365344747900963,11.443792656064034,11.34489631652832,1664.75,0.0,29.5869140625,2174.0,8192,8192
1804,/home/wanglz/Desktop/src/ModularDT/HONF_Proj/Trained_Results/ThermalChannel/HONF_Forward_Runs/Run_1804_20260905_081349_dense_pairwise_field_adaptation/best_by_field_mse_model.pt,4738,dense_pairwise_field,0286,application_evaluator,complete,35.12970544397831,38.33673810586333,35.109439849853516,1666.9228515625,0.0,29.15869140625,2174.0,8192,8192
1804,/home/wanglz/Desktop/src/ModularDT/HONF_Proj/Trained_Results/ThermalChannel/HONF_Forward_Runs/Run_1804_20260905_081349_dense_pairwise_field_adaptation/best_by_field_mse_model.pt,4738,dense_pairwise_field,0286,full_forward,complete,39.36915099620819,42.7594774402678,39.34515380859375,1666.6181640625,0.0,29.15869140625,2174.0,8192,8192
1804,/home/wanglz/Desktop/src/ModularDT/HONF_Proj/Trained_Results/ThermalChannel/HONF_Forward_Runs/Run_1804_20260905_081349_dense_pairwise_field_adaptation/best_by_field_mse_model.pt,4738,dense_pairwise_field,0286,preparation_plus_one_query,complete,35.63648369163275,35.73781168088317,35.612735748291016,157.693359375,0.0,29.15869140625,2174.0,8192,8192
1804,/home/wanglz/Desktop/src/ModularDT/HONF_Proj/Trained_Results/ThermalChannel/HONF_Forward_Runs/Run_1804_20260905_081349_dense_pairwise_field_adaptation/best_by_field_mse_model.pt,4738,dense_pairwise_field,0286,prepared_p2_decode,complete,11.30695641040802,11.472650710493326,11.273216247558594,1664.75,0.0,29.5869140625,2174.0,8192,8192
1804,/home/wanglz/Desktop/src/ModularDT/HONF_Proj/Trained_Results/ThermalChannel/HONF_Forward_Runs/Run_1804_20260905_081349_dense_pairwise_field_adaptation/best_by_field_mse_model.pt,4738,dense_pairwise_field,0287,application_evaluator,complete,35.358790308237076,38.91807999461889,35.33776092529297,1666.9228515625,0.0,29.15869140625,2174.0,8192,8192
1804,/home/wanglz/Desktop/src/ModularDT/HONF_Proj/Trained_Results/ThermalChannel/HONF_Forward_Runs/Run_1804_20260905_081349_dense_pairwise_field_adaptation/best_by_field_mse_model.pt,4738,dense_pairwise_field,0287,full_forward,complete,34.105814062058926,34.71579113975167,34.082942962646484,1666.6181640625,0.0,29.15869140625,2174.0,8192,8192
1804,/home/wanglz/Desktop/src/ModularDT/HONF_Proj/Trained_Results/ThermalChannel/HONF_Forward_Runs/Run_1804_20260905_081349_dense_pairwise_field_adaptation/best_by_field_mse_model.pt,4738,dense_pairwise_field,0287,preparation_plus_one_query,complete,24.89469386637211,26.82016957551241,24.871967315673828,157.693359375,0.0,29.15869140625,2174.0,8192,8192
1804,/home/wanglz/Desktop/src/ModularDT/HONF_Proj/Trained_Results/ThermalChannel/HONF_Forward_Runs/Run_1804_20260905_081349_dense_pairwise_field_adaptation/best_by_field_mse_model.pt,4738,dense_pairwise_field,0287,prepared_p2_decode,complete,11.358081363141537,11.5003926679492,11.33670425415039,1664.75,0.0,29.5869140625,2174.0,8192,8192
1804,/home/wanglz/Desktop/src/ModularDT/HONF_Proj/Trained_Results/ThermalChannel/HONF_Forward_Runs/Run_1804_20260905_081349_dense_pairwise_field_adaptation/best_by_field_mse_model.pt,4738,dense_pairwise_field,0288,application_evaluator,complete,43.58038119971752,46.153046283870935,43.55376052856445,1666.9228515625,0.0,29.15869140625,2174.0,8192,8192
1804,/home/wanglz/Desktop/src/ModularDT/HONF_Proj/Trained_Results/ThermalChannel/HONF_Forward_Runs/Run_1804_20260905_081349_dense_pairwise_field_adaptation/best_by_field_mse_model.pt,4738,dense_pairwise_field,0288,full_forward,complete,32.788023352622986,34.52417030930519,32.768001556396484,1666.6181640625,0.0,29.15869140625,2174.0,8192,8192
1804,/home/wanglz/Desktop/src/ModularDT/HONF_Proj/Trained_Results/ThermalChannel/HONF_Forward_Runs/Run_1804_20260905_081349_dense_pairwise_field_adaptation/best_by_field_mse_model.pt,4738,dense_pairwise_field,0288,preparation_plus_one_query,complete,24.71282333135605,24.952689930796623,24.68556785583496,157.693359375,0.0,29.15869140625,2174.0,8192,8192
1804,/home/wanglz/Desktop/src/ModularDT/HONF_Proj/Trained_Results/ThermalChannel/HONF_Forward_Runs/Run_1804_20260905_081349_dense_pairwise_field_adaptation/best_by_field_mse_model.pt,4738,dense_pairwise_field,0288,prepared_p2_decode,complete,11.867652647197247,12.159818969666958,11.839167594909668,1664.75,0.0,29.5869140625,2174.0,8192,8192
1804,/home/wanglz/Desktop/src/ModularDT/HONF_Proj/Trained_Results/ThermalChannel/HONF_Forward_Runs/Run_1804_20260905_081349_dense_pairwise_field_adaptation/best_by_field_mse_model.pt,4738,dense_pairwise_field,0289,application_evaluator,complete,34.51173938810825,34.78027042001486,34.49103927612305,1666.9228515625,0.0,29.15869140625,2174.0,8192,8192
1804,/home/wanglz/Desktop/src/ModularDT/HONF_Proj/Trained_Results/ThermalChannel/HONF_Forward_Runs/Run_1804_20260905_081349_dense_pairwise_field_adaptation/best_by_field_mse_model.pt,4738,dense_pairwise_field,0289,full_forward,complete,34.3452338129282,34.41538363695145,34.323455810546875,1666.6181640625,0.0,29.15869140625,2174.0,8192,8192
1804,/home/wanglz/Desktop/src/ModularDT/HONF_Proj/Trained_Results/ThermalChannel/HONF_Forward_Runs/Run_1804_20260905_081349_dense_pairwise_field_adaptation/best_by_field_mse_model.pt,4738,dense_pairwise_field,0289,preparation_plus_one_query,complete,25.11539589613676,25.446030125021935,25.089120864868164,157.693359375,0.0,29.15869140625,2174.0,8192,8192
1804,/home/wanglz/Desktop/src/ModularDT/HONF_Proj/Trained_Results/ThermalChannel/HONF_Forward_Runs/Run_1804_20260905_081349_dense_pairwise_field_adaptation/best_by_field_mse_model.pt,4738,dense_pairwise_field,0289,prepared_p2_decode,complete,11.305280029773712,11.39026414602995,11.284480094909668,1664.75,0.0,29.5869140625,2174.0,8192,8192
1804,/home/wanglz/Desktop/src/ModularDT/HONF_Proj/Trained_Results/ThermalChannel/HONF_Forward_Runs/Run_1804_20260905_081349_dense_pairwise_field_adaptation/best_by_field_mse_model.pt,4738,dense_pairwise_field,0290,application_evaluator,complete,34.47150904685259,38.44138961285353,34.44761657714844,1666.9228515625,0.0,29.15869140625,2174.0,8192,8192
1804,/home/wanglz/Desktop/src/ModularDT/HONF_Proj/Trained_Results/ThermalChannel/HONF_Forward_Runs/Run_1804_20260905_081349_dense_pairwise_field_adaptation/best_by_field_mse_model.pt,4738,dense_pairwise_field,0290,full_forward,complete,36.42710205167532,37.210568599402905,36.40422439575195,1666.6181640625,0.0,29.15869140625,2174.0,8192,8192
1804,/home/wanglz/Desktop/src/ModularDT/HONF_Proj/Trained_Results/ThermalChannel/HONF_Forward_Runs/Run_1804_20260905_081349_dense_pairwise_field_adaptation/best_by_field_mse_model.pt,4738,dense_pairwise_field,0290,preparation_plus_one_query,complete,25.846787728369236,27.066741045564413,25.821247100830078,157.693359375,0.0,29.15869140625,2174.0,8192,8192
1804,/home/wanglz/Desktop/src/ModularDT/HONF_Proj/Trained_Results/ThermalChannel/HONF_Forward_Runs/Run_1804_20260905_081349_dense_pairwise_field_adaptation/best_by_field_mse_model.pt,4738,dense_pairwise_field,0290,prepared_p2_decode,complete,11.551406234502792,11.600435338914394,11.528191566467285,1664.75,0.0,29.5869140625,2174.0,8192,8192
1804,/home/wanglz/Desktop/src/ModularDT/HONF_Proj/Trained_Results/ThermalChannel/HONF_Forward_Runs/Run_1804_20260905_081349_dense_pairwise_field_adaptation/best_by_field_mse_model.pt,4738,dense_pairwise_field,0291,application_evaluator,complete,34.875478595495224,34.88000398501754,34.85443115234375,1666.9228515625,0.0,29.15869140625,2174.0,8192,8192
1804,/home/wanglz/Desktop/src/ModularDT/HONF_Proj/Trained_Results/ThermalChannel/HONF_Forward_Runs/Run_1804_20260905_081349_dense_pairwise_field_adaptation/best_by_field_mse_model.pt,4738,dense_pairwise_field,0291,full_forward,complete,43.54154784232378,48.99387862533331,43.51820755004883,1666.6181640625,0.0,29.15869140625,2174.0,8192,8192
1804,/home/wanglz/Desktop/src/ModularDT/HONF_Proj/Trained_Results/ThermalChannel/HONF_Forward_Runs/Run_1804_20260905_081349_dense_pairwise_field_adaptation/best_by_field_mse_model.pt,4738,dense_pairwise_field,0291,preparation_plus_one_query,complete,25.598986074328423,27.029893454164267,25.572608947753906,157.693359375,0.0,29.15869140625,2174.0,8192,8192
1804,/home/wanglz/Desktop/src/ModularDT/HONF_Proj/Trained_Results/ThermalChannel/HONF_Forward_Runs/Run_1804_20260905_081349_dense_pairwise_field_adaptation/best_by_field_mse_model.pt,4738,dense_pairwise_field,0291,prepared_p2_decode,complete,11.403060518205166,11.498604994267225,11.383808135986328,1664.75,0.0,29.5869140625,2174.0,8192,8192
1804,/home/wanglz/Desktop/src/ModularDT/HONF_Proj/Trained_Results/ThermalChannel/HONF_Forward_Runs/Run_1804_20260905_081349_dense_pairwise_field_adaptation/best_by_field_mse_model.pt,4738,dense_pairwise_field,0292,application_evaluator,complete,33.63591246306896,34.342942759394646,33.615169525146484,1666.9228515625,0.0,29.15869140625,2174.0,8192,8192
1804,/home/wanglz/Desktop/src/ModularDT/HONF_Proj/Trained_Results/ThermalChannel/HONF_Forward_Runs/Run_1804_20260905_081349_dense_pairwise_field_adaptation/best_by_field_mse_model.pt,4738,dense_pairwise_field,0292,full_forward,complete,33.49706623703241,33.802305813878775,33.47455978393555,1666.6181640625,0.0,29.15869140625,2174.0,8192,8192
1804,/home/wanglz/Desktop/src/ModularDT/HONF_Proj/Trained_Results/ThermalChannel/HONF_Forward_Runs/Run_1804_20260905_081349_dense_pairwise_field_adaptation/best_by_field_mse_model.pt,4738,dense_pairwise_field,0292,preparation_plus_one_query,complete,24.277564138174057,24.83675191178918,24.252416610717773,157.693359375,0.0,29.15869140625,2174.0,8192,8192
1804,/home/wanglz/Desktop/src/ModularDT/HONF_Proj/Trained_Results/ThermalChannel/HONF_Forward_Runs/Run_1804_20260905_081349_dense_pairwise_field_adaptation/best_by_field_mse_model.pt,4738,dense_pairwise_field,0292,prepared_p2_decode,complete,11.275945231318474,11.431081686168909,11.25273609161377,1664.75,0.0,29.5869140625,2174.0,8192,8192
1804,/home/wanglz/Desktop/src/ModularDT/HONF_Proj/Trained_Results/ThermalChannel/HONF_Forward_Runs/Run_1804_20260905_081349_dense_pairwise_field_adaptation/best_by_field_mse_model.pt,4738,dense_pairwise_field,0293,application_evaluator,complete,43.43398939818144,46.22263768687844,43.41206359863281,1666.9228515625,0.0,29.15869140625,2176.0,8192,8192
1804,/home/wanglz/Desktop/src/ModularDT/HONF_Proj/Trained_Results/ThermalChannel/HONF_Forward_Runs/Run_1804_20260905_081349_dense_pairwise_field_adaptation/best_by_field_mse_model.pt,4738,dense_pairwise_field,0293,full_forward,complete,33.67977403104305,34.017951134592295,33.658878326416016,1666.6181640625,0.0,29.15869140625,2176.0,8192,8192
1804,/home/wanglz/Desktop/src/ModularDT/HONF_Proj/Trained_Results/ThermalChannel/HONF_Forward_Runs/Run_1804_20260905_081349_dense_pairwise_field_adaptation/best_by_field_mse_model.pt,4738,dense_pairwise_field,0293,preparation_plus_one_query,complete,32.81931299716234,34.99018820002675,32.79667282104492,157.693359375,0.0,29.15869140625,2176.0,8192,8192
1804,/home/wanglz/Desktop/src/ModularDT/HONF_Proj/Trained_Results/ThermalChannel/HONF_Forward_Runs/Run_1804_20260905_081349_dense_pairwise_field_adaptation/best_by_field_mse_model.pt,4738,dense_pairwise_field,0293,prepared_p2_decode,complete,11.456978507339954,11.65133723989129,11.374591827392578,1664.75,0.0,29.5869140625,2176.0,8192,8192
1804,/home/wanglz/Desktop/src/ModularDT/HONF_Proj/Trained_Results/ThermalChannel/HONF_Forward_Runs/Run_1804_20260905_081349_dense_pairwise_field_adaptation/best_by_field_mse_model.pt,4738,dense_pairwise_field,0294,application_evaluator,complete,35.065170377492905,35.56678118184209,35.04364776611328,1666.9228515625,0.0,29.15869140625,2174.0,8192,8192
1804,/home/wanglz/Desktop/src/ModularDT/HONF_Proj/Trained_Results/ThermalChannel/HONF_Forward_Runs/Run_1804_20260905_081349_dense_pairwise_field_adaptation/best_by_field_mse_model.pt,4738,dense_pairwise_field,0294,full_forward,complete,34.69668235629797,36.035564821213484,34.670623779296875,1666.6181640625,0.0,29.15869140625,2174.0,8192,8192
1804,/home/wanglz/Desktop/src/ModularDT/HONF_Proj/Trained_Results/ThermalChannel/HONF_Forward_Runs/Run_1804_20260905_081349_dense_pairwise_field_adaptation/best_by_field_mse_model.pt,4738,dense_pairwise_field,0294,preparation_plus_one_query,complete,25.288325734436512,26.461765356361866,25.264127731323242,157.693359375,0.0,29.15869140625,2174.0,8192,8192
1804,/home/wanglz/Desktop/src/ModularDT/HONF_Proj/Trained_Results/ThermalChannel/HONF_Forward_Runs/Run_1804_20260905_081349_dense_pairwise_field_adaptation/best_by_field_mse_model.pt,4738,dense_pairwise_field,0294,prepared_p2_decode,complete,11.328188702464104,11.502683162689209,11.307968139648438,1664.75,0.0,29.5869140625,2174.0,8192,8192
1804,/home/wanglz/Desktop/src/ModularDT/HONF_Proj/Trained_Results/ThermalChannel/HONF_Forward_Runs/Run_1804_20260905_081349_dense_pairwise_field_adaptation/best_by_field_mse_model.pt,4738,dense_pairwise_field,0295,application_evaluator,complete,34.77937448769808,35.39915755391121,34.754974365234375,1666.9228515625,0.0,29.15869140625,2174.0,8192,8192
1804,/home/wanglz/Desktop/src/ModularDT/HONF_Proj/Trained_Results/ThermalChannel/HONF_Forward_Runs/Run_1804_20260905_081349_dense_pairwise_field_adaptation/best_by_field_mse_model.pt,4738,dense_pairwise_field,0295,full_forward,complete,32.820151187479496,33.28781696036458,32.7790412902832,1666.6181640625,0.0,29.15869140625,2174.0,8192,8192
1804,/home/wanglz/Desktop/src/ModularDT/HONF_Proj/Trained_Results/ThermalChannel/HONF_Forward_Runs/Run_1804_20260905_081349_dense_pairwise_field_adaptation/best_by_field_mse_model.pt,4738,dense_pairwise_field,0295,preparation_plus_one_query,complete,23.854038678109646,28.554583992809057,23.831520080566406,157.693359375,0.0,29.15869140625,2174.0,8192,8192
1804,/home/wanglz/Desktop/src/ModularDT/HONF_Proj/Trained_Results/ThermalChannel/HONF_Forward_Runs/Run_1804_20260905_081349_dense_pairwise_field_adaptation/best_by_field_mse_model.pt,4738,dense_pairwise_field,0295,prepared_p2_decode,complete,11.45669911056757,11.632451694458723,11.43295955657959,1664.75,0.0,29.5869140625,2174.0,8192,8192
1804,/home/wanglz/Desktop/src/ModularDT/HONF_Proj/Trained_Results/ThermalChannel/HONF_Forward_Runs/Run_1804_20260905_081349_dense_pairwise_field_adaptation/best_by_field_mse_model.pt,4738,dense_pairwise_field,0296,application_evaluator,complete,36.14102676510811,41.54407698661089,36.11494445800781,1666.9228515625,0.0,29.15869140625,2174.0,8192,8192
1804,/home/wanglz/Desktop/src/ModularDT/HONF_Proj/Trained_Results/ThermalChannel/HONF_Forward_Runs/Run_1804_20260905_081349_dense_pairwise_field_adaptation/best_by_field_mse_model.pt,4738,dense_pairwise_field,0296,full_forward,complete,42.037418112158775,42.1636370010674,42.013790130615234,1666.6181640625,0.0,29.15869140625,2174.0,8192,8192
1804,/home/wanglz/Desktop/src/ModularDT/HONF_Proj/Trained_Results/ThermalChannel/HONF_Forward_Runs/Run_1804_20260905_081349_dense_pairwise_field_adaptation/best_by_field_mse_model.pt,4738,dense_pairwise_field,0296,preparation_plus_one_query,complete,34.049101173877716,35.665817745029926,34.02656173706055,157.693359375,0.0,29.15869140625,2174.0,8192,8192
1804,/home/wanglz/Desktop/src/ModularDT/HONF_Proj/Trained_Results/ThermalChannel/HONF_Forward_Runs/Run_1804_20260905_081349_dense_pairwise_field_adaptation/best_by_field_mse_model.pt,4738,dense_pairwise_field,0296,prepared_p2_decode,complete,11.448876932263374,11.571828555315733,11.420512199401855,1664.75,0.0,29.5869140625,2174.0,8192,8192
1804,/home/wanglz/Desktop/src/ModularDT/HONF_Proj/Trained_Results/ThermalChannel/HONF_Forward_Runs/Run_1804_20260905_081349_dense_pairwise_field_adaptation/best_by_field_mse_model.pt,4738,dense_pairwise_field,0297,application_evaluator,complete,34.050218760967255,34.40348245203495,34.02598571777344,1666.9228515625,0.0,29.15869140625,2174.0,8192,8192
1804,/home/wanglz/Desktop/src/ModularDT/HONF_Proj/Trained_Results/ThermalChannel/HONF_Forward_Runs/Run_1804_20260905_081349_dense_pairwise_field_adaptation/best_by_field_mse_model.pt,4738,dense_pairwise_field,0297,full_forward,complete,34.04044080525637,34.11989454180002,34.00601577758789,1666.6181640625,0.0,29.15869140625,2174.0,8192,8192
1804,/home/wanglz/Desktop/src/ModularDT/HONF_Proj/Trained_Results/ThermalChannel/HONF_Forward_Runs/Run_1804_20260905_081349_dense_pairwise_field_adaptation/best_by_field_mse_model.pt,4738,dense_pairwise_field,0297,preparation_plus_one_query,complete,24.446861818432808,24.551961664110422,24.420352935791016,157.693359375,0.0,29.15869140625,2174.0,8192,8192
1804,/home/wanglz/Desktop/src/ModularDT/HONF_Proj/Trained_Results/ThermalChannel/HONF_Forward_Runs/Run_1804_20260905_081349_dense_pairwise_field_adaptation/best_by_field_mse_model.pt,4738,dense_pairwise_field,0297,prepared_p2_decode,complete,11.36757992208004,11.467148549854755,11.346943855285645,1664.75,0.0,29.5869140625,2174.0,8192,8192
1804,/home/wanglz/Desktop/src/ModularDT/HONF_Proj/Trained_Results/ThermalChannel/HONF_Forward_Runs/Run_1804_20260905_081349_dense_pairwise_field_adaptation/best_by_field_mse_model.pt,4738,dense_pairwise_field,0298,application_evaluator,complete,42.52212680876255,44.22558601945639,42.50105667114258,1666.9228515625,0.0,29.15869140625,2174.0,8192,8192
1804,/home/wanglz/Desktop/src/ModularDT/HONF_Proj/Trained_Results/ThermalChannel/HONF_Forward_Runs/Run_1804_20260905_081349_dense_pairwise_field_adaptation/best_by_field_mse_model.pt,4738,dense_pairwise_field,0298,full_forward,complete,34.42038502544165,34.74096264690161,34.38515090942383,1666.6181640625,0.0,29.15869140625,2174.0,8192,8192
1804,/home/wanglz/Desktop/src/ModularDT/HONF_Proj/Trained_Results/ThermalChannel/HONF_Forward_Runs/Run_1804_20260905_081349_dense_pairwise_field_adaptation/best_by_field_mse_model.pt,4738,dense_pairwise_field,0298,preparation_plus_one_query,complete,24.81982111930847,25.70587294176221,24.797183990478516,157.693359375,0.0,29.15869140625,2174.0,8192,8192
1804,/home/wanglz/Desktop/src/ModularDT/HONF_Proj/Trained_Results/ThermalChannel/HONF_Forward_Runs/Run_1804_20260905_081349_dense_pairwise_field_adaptation/best_by_field_mse_model.pt,4738,dense_pairwise_field,0298,prepared_p2_decode,complete,11.944200843572617,12.074191588908434,11.923456192016602,1664.75,0.0,29.5869140625,2174.0,8192,8192
1804,/home/wanglz/Desktop/src/ModularDT/HONF_Proj/Trained_Results/ThermalChannel/HONF_Forward_Runs/Run_1804_20260905_081349_dense_pairwise_field_adaptation/best_by_field_mse_model.pt,4738,dense_pairwise_field,0299,application_evaluator,complete,35.005665384233,35.228938329964876,34.979774475097656,1666.9228515625,0.0,29.15869140625,2174.0,8192,8192
1804,/home/wanglz/Desktop/src/ModularDT/HONF_Proj/Trained_Results/ThermalChannel/HONF_Forward_Runs/Run_1804_20260905_081349_dense_pairwise_field_adaptation/best_by_field_mse_model.pt,4738,dense_pairwise_field,0299,full_forward,complete,34.239351749420166,34.518946055322886,34.21593475341797,1666.6181640625,0.0,29.15869140625,2174.0,8192,8192
1804,/home/wanglz/Desktop/src/ModularDT/HONF_Proj/Trained_Results/ThermalChannel/HONF_Forward_Runs/Run_1804_20260905_081349_dense_pairwise_field_adaptation/best_by_field_mse_model.pt,4738,dense_pairwise_field,0299,preparation_plus_one_query,complete,24.787134490907192,25.36065448075533,24.761152267456055,157.693359375,0.0,29.15869140625,2174.0,8192,8192
1804,/home/wanglz/Desktop/src/ModularDT/HONF_Proj/Trained_Results/ThermalChannel/HONF_Forward_Runs/Run_1804_20260905_081349_dense_pairwise_field_adaptation/best_by_field_mse_model.pt,4738,dense_pairwise_field,0299,prepared_p2_decode,complete,11.342157609760761,11.423369869589806,11.31827163696289,1664.75,0.0,29.5869140625,2174.0,8192,8192
1804,/home/wanglz/Desktop/src/ModularDT/HONF_Proj/Trained_Results/ThermalChannel/HONF_Forward_Runs/Run_1804_20260905_081349_dense_pairwise_field_adaptation/best_by_field_mse_model.pt,4738,dense_pairwise_field,0300,application_evaluator,complete,34.631308168172836,34.865646064281464,34.60559844970703,1666.9228515625,0.0,29.15869140625,2174.0,8192,8192
1804,/home/wanglz/Desktop/src/ModularDT/HONF_Proj/Trained_Results/ThermalChannel/HONF_Forward_Runs/Run_1804_20260905_081349_dense_pairwise_field_adaptation/best_by_field_mse_model.pt,4738,dense_pairwise_field,0300,full_forward,complete,32.42232836782932,33.165062218904495,32.39833450317383,1666.6181640625,0.0,29.15869140625,2174.0,8192,8192
1804,/home/wanglz/Desktop/src/ModularDT/HONF_Proj/Trained_Results/ThermalChannel/HONF_Forward_Runs/Run_1804_20260905_081349_dense_pairwise_field_adaptation/best_by_field_mse_model.pt,4738,dense_pairwise_field,0300,preparation_plus_one_query,complete,24.37478583306074,24.61515534669161,24.350688934326172,157.693359375,0.0,29.15869140625,2174.0,8192,8192
1804,/home/wanglz/Desktop/src/ModularDT/HONF_Proj/Trained_Results/ThermalChannel/HONF_Forward_Runs/Run_1804_20260905_081349_dense_pairwise_field_adaptation/best_by_field_mse_model.pt,4738,dense_pairwise_field,0300,prepared_p2_decode,complete,11.344950646162033,11.487262789160013,11.320320129394531,1664.75,0.0,29.5869140625,2174.0,8192,8192
1804,/home/wanglz/Desktop/src/ModularDT/HONF_Proj/Trained_Results/ThermalChannel/HONF_Forward_Runs/Run_1804_20260905_081349_dense_pairwise_field_adaptation/best_by_field_mse_model.pt,4738,dense_pairwise_field,0301,application_evaluator,complete,35.714427940547466,36.54013592749834,35.6943359375,1666.9228515625,0.0,29.15869140625,2174.0,8192,8192
1804,/home/wanglz/Desktop/src/ModularDT/HONF_Proj/Trained_Results/ThermalChannel/HONF_Forward_Runs/Run_1804_20260905_081349_dense_pairwise_field_adaptation/best_by_field_mse_model.pt,4738,dense_pairwise_field,0301,full_forward,complete,44.03826780617237,44.17605372145772,43.998207092285156,1666.6181640625,0.0,29.15869140625,2174.0,8192,8192
1804,/home/wanglz/Desktop/src/ModularDT/HONF_Proj/Trained_Results/ThermalChannel/HONF_Forward_Runs/Run_1804_20260905_081349_dense_pairwise_field_adaptation/best_by_field_mse_model.pt,4738,dense_pairwise_field,0301,preparation_plus_one_query,complete,36.95539105683565,37.13793298229575,36.9192008972168,157.693359375,0.0,29.15869140625,2174.0,8192,8192
1804,/home/wanglz/Desktop/src/ModularDT/HONF_Proj/Trained_Results/ThermalChannel/HONF_Forward_Runs/Run_1804_20260905_081349_dense_pairwise_field_adaptation/best_by_field_mse_model.pt,4738,dense_pairwise_field,0301,prepared_p2_decode,complete,11.368696577847004,11.654577311128378,11.34278392791748,1664.75,0.0,29.5869140625,2174.0,8192,8192
1804,/home/wanglz/Desktop/src/ModularDT/HONF_Proj/Trained_Results/ThermalChannel/HONF_Forward_Runs/Run_1804_20260905_081349_dense_pairwise_field_adaptation/best_by_field_mse_model.pt,4738,dense_pairwise_field,0302,application_evaluator,complete,34.339926205575466,34.62781775742769,34.320030212402344,1666.9228515625,0.0,29.15869140625,2174.0,8192,8192
1804,/home/wanglz/Desktop/src/ModularDT/HONF_Proj/Trained_Results/ThermalChannel/HONF_Forward_Runs/Run_1804_20260905_081349_dense_pairwise_field_adaptation/best_by_field_mse_model.pt,4738,dense_pairwise_field,0302,full_forward,complete,33.88622775673866,34.06273387372494,33.86355209350586,1666.6181640625,0.0,29.15869140625,2174.0,8192,8192
1804,/home/wanglz/Desktop/src/ModularDT/HONF_Proj/Trained_Results/ThermalChannel/HONF_Forward_Runs/Run_1804_20260905_081349_dense_pairwise_field_adaptation/best_by_field_mse_model.pt,4738,dense_pairwise_field,0302,preparation_plus_one_query,complete,24.038980714976788,25.189791712909937,23.965696334838867,157.693359375,0.0,29.15869140625,2174.0,8192,8192
1804,/home/wanglz/Desktop/src/ModularDT/HONF_Proj/Trained_Results/ThermalChannel/HONF_Forward_Runs/Run_1804_20260905_081349_dense_pairwise_field_adaptation/best_by_field_mse_model.pt,4738,dense_pairwise_field,0302,prepared_p2_decode,complete,11.311985552310944,11.370066273957491,11.284192085266113,1664.75,0.0,29.5869140625,2174.0,8192,8192
1804,/home/wanglz/Desktop/src/ModularDT/HONF_Proj/Trained_Results/ThermalChannel/HONF_Forward_Runs/Run_1804_20260905_081349_dense_pairwise_field_adaptation/best_by_field_mse_model.pt,4738,dense_pairwise_field,0633,application_evaluator,complete,45.27448210865259,45.34865524619818,45.25299072265625,1666.9228515625,0.0,29.15869140625,2174.0,8192,8192
1804,/home/wanglz/Desktop/src/ModularDT/HONF_Proj/Trained_Results/ThermalChannel/HONF_Forward_Runs/Run_1804_20260905_081349_dense_pairwise_field_adaptation/best_by_field_mse_model.pt,4738,dense_pairwise_field,0633,full_forward,complete,33.919752575457096,34.08796228468418,33.88323211669922,1666.6181640625,0.0,29.15869140625,2174.0,8192,8192
1804,/home/wanglz/Desktop/src/ModularDT/HONF_Proj/Trained_Results/ThermalChannel/HONF_Forward_Runs/Run_1804_20260905_081349_dense_pairwise_field_adaptation/best_by_field_mse_model.pt,4738,dense_pairwise_field,0633,preparation_plus_one_query,complete,25.39057657122612,27.702757250517607,25.367551803588867,157.693359375,0.0,29.15869140625,2174.0,8192,8192
1804,/home/wanglz/Desktop/src/ModularDT/HONF_Proj/Trained_Results/ThermalChannel/HONF_Forward_Runs/Run_1804_20260905_081349_dense_pairwise_field_adaptation/best_by_field_mse_model.pt,4738,dense_pairwise_field,0633,prepared_p2_decode,complete,12.09980994462967,12.219743244349957,12.078944206237793,1664.75,0.0,29.5869140625,2174.0,8192,8192
1804,/home/wanglz/Desktop/src/ModularDT/HONF_Proj/Trained_Results/ThermalChannel/HONF_Forward_Runs/Run_1804_20260905_081349_dense_pairwise_field_adaptation/best_by_field_mse_model.pt,4738,dense_pairwise_field,0634,application_evaluator,complete,34.61678232997656,34.78700201958418,34.59584045410156,1666.9228515625,0.0,29.15869140625,2174.0,8192,8192
1804,/home/wanglz/Desktop/src/ModularDT/HONF_Proj/Trained_Results/ThermalChannel/HONF_Forward_Runs/Run_1804_20260905_081349_dense_pairwise_field_adaptation/best_by_field_mse_model.pt,4738,dense_pairwise_field,0634,full_forward,complete,34.457541070878506,34.49626211076975,34.42272186279297,1666.6181640625,0.0,29.15869140625,2174.0,8192,8192
1804,/home/wanglz/Desktop/src/ModularDT/HONF_Proj/Trained_Results/ThermalChannel/HONF_Forward_Runs/Run_1804_20260905_081349_dense_pairwise_field_adaptation/best_by_field_mse_model.pt,4738,dense_pairwise_field,0634,preparation_plus_one_query,complete,25.645640678703785,26.87615603208542,25.622528076171875,157.693359375,0.0,29.15869140625,2174.0,8192,8192
1804,/home/wanglz/Desktop/src/ModularDT/HONF_Proj/Trained_Results/ThermalChannel/HONF_Forward_Runs/Run_1804_20260905_081349_dense_pairwise_field_adaptation/best_by_field_mse_model.pt,4738,dense_pairwise_field,0634,prepared_p2_decode,complete,11.346627026796341,11.351403873413801,11.326399803161621,1664.75,0.0,29.5869140625,2174.0,8192,8192
1804,/home/wanglz/Desktop/src/ModularDT/HONF_Proj/Trained_Results/ThermalChannel/HONF_Forward_Runs/Run_1804_20260905_081349_dense_pairwise_field_adaptation/best_by_field_mse_model.pt,4738,dense_pairwise_field,0635,application_evaluator,complete,35.21994315087795,37.24020980298519,35.19190216064453,1666.9228515625,0.0,29.15869140625,2174.0,8192,8192
1804,/home/wanglz/Desktop/src/ModularDT/HONF_Proj/Trained_Results/ThermalChannel/HONF_Forward_Runs/Run_1804_20260905_081349_dense_pairwise_field_adaptation/best_by_field_mse_model.pt,4738,dense_pairwise_field,0635,full_forward,complete,32.565086148679256,33.33044862374663,32.544769287109375,1666.6181640625,0.0,29.15869140625,2174.0,8192,8192
1804,/home/wanglz/Desktop/src/ModularDT/HONF_Proj/Trained_Results/ThermalChannel/HONF_Forward_Runs/Run_1804_20260905_081349_dense_pairwise_field_adaptation/best_by_field_mse_model.pt,4738,dense_pairwise_field,0635,preparation_plus_one_query,complete,25.276592932641506,29.099133890122175,25.249792098999023,157.693359375,0.0,29.15869140625,2174.0,8192,8192
1804,/home/wanglz/Desktop/src/ModularDT/HONF_Proj/Trained_Results/ThermalChannel/HONF_Forward_Runs/Run_1804_20260905_081349_dense_pairwise_field_adaptation/best_by_field_mse_model.pt,4738,dense_pairwise_field,0635,prepared_p2_decode,complete,11.372609063982964,11.482234299182892,11.347807884216309,1664.75,0.0,29.5869140625,2174.0,8192,8192
1804,/home/wanglz/Desktop/src/ModularDT/HONF_Proj/Trained_Results/ThermalChannel/HONF_Forward_Runs/Run_1804_20260905_081349_dense_pairwise_field_adaptation/best_by_field_mse_model.pt,4738,dense_pairwise_field,0636,application_evaluator,complete,34.8740816116333,35.28517624363303,34.85347366333008,1666.9228515625,0.0,29.15869140625,2174.0,8192,8192
1804,/home/wanglz/Desktop/src/ModularDT/HONF_Proj/Trained_Results/ThermalChannel/HONF_Forward_Runs/Run_1804_20260905_081349_dense_pairwise_field_adaptation/best_by_field_mse_model.pt,4738,dense_pairwise_field,0636,full_forward,complete,43.38482115417719,43.636506237089634,43.36127853393555,1666.6181640625,0.0,29.15869140625,2174.0,8192,8192
1804,/home/wanglz/Desktop/src/ModularDT/HONF_Proj/Trained_Results/ThermalChannel/HONF_Forward_Runs/Run_1804_20260905_081349_dense_pairwise_field_adaptation/best_by_field_mse_model.pt,4738,dense_pairwise_field,0636,preparation_plus_one_query,complete,25.677209720015526,26.00709041580558,25.653247833251953,157.693359375,0.0,29.15869140625,2174.0,8192,8192
1804,/home/wanglz/Desktop/src/ModularDT/HONF_Proj/Trained_Results/ThermalChannel/HONF_Forward_Runs/Run_1804_20260905_081349_dense_pairwise_field_adaptation/best_by_field_mse_model.pt,4738,dense_pairwise_field,0636,prepared_p2_decode,complete,11.35137677192688,11.424291785806417,11.332320213317871,1664.75,0.0,29.5869140625,2174.0,8192,8192
1804,/home/wanglz/Desktop/src/ModularDT/HONF_Proj/Trained_Results/ThermalChannel/HONF_Forward_Runs/Run_1804_20260905_081349_dense_pairwise_field_adaptation/best_by_field_mse_model.pt,4738,dense_pairwise_field,0637,application_evaluator,complete,34.78300664573908,38.511762488633394,34.75804901123047,1666.9228515625,0.0,29.15869140625,2174.0,8192,8192
1804,/home/wanglz/Desktop/src/ModularDT/HONF_Proj/Trained_Results/ThermalChannel/HONF_Forward_Runs/Run_1804_20260905_081349_dense_pairwise_field_adaptation/best_by_field_mse_model.pt,4738,dense_pairwise_field,0637,full_forward,complete,34.96152441948652,35.49380963668227,34.938880920410156,1666.6181640625,0.0,29.15869140625,2174.0,8192,8192
1804,/home/wanglz/Desktop/src/ModularDT/HONF_Proj/Trained_Results/ThermalChannel/HONF_Forward_Runs/Run_1804_20260905_081349_dense_pairwise_field_adaptation/best_by_field_mse_model.pt,4738,dense_pairwise_field,0637,preparation_plus_one_query,complete,24.990237317979336,25.315592624247074,24.9671688079834,157.693359375,0.0,29.15869140625,2174.0,8192,8192
1804,/home/wanglz/Desktop/src/ModularDT/HONF_Proj/Trained_Results/ThermalChannel/HONF_Forward_Runs/Run_1804_20260905_081349_dense_pairwise_field_adaptation/best_by_field_mse_model.pt,4738,dense_pairwise_field,0637,prepared_p2_decode,complete,11.36813871562481,11.473741475492716,11.322367668151855,1664.75,0.0,29.5869140625,2174.0,8192,8192
1804,/home/wanglz/Desktop/src/ModularDT/HONF_Proj/Trained_Results/ThermalChannel/HONF_Forward_Runs/Run_1804_20260905_081349_dense_pairwise_field_adaptation/best_by_field_mse_model.pt,4738,dense_pairwise_field,0638,application_evaluator,complete,46.01034428924322,47.495811991393566,45.96223831176758,1666.9228515625,0.0,29.15869140625,2174.0,8192,8192
1804,/home/wanglz/Desktop/src/ModularDT/HONF_Proj/Trained_Results/ThermalChannel/HONF_Forward_Runs/Run_1804_20260905_081349_dense_pairwise_field_adaptation/best_by_field_mse_model.pt,4738,dense_pairwise_field,0638,full_forward,complete,34.44049879908562,34.638377930969,34.419647216796875,1666.6181640625,0.0,29.15869140625,2174.0,8192,8192
1804,/home/wanglz/Desktop/src/ModularDT/HONF_Proj/Trained_Results/ThermalChannel/HONF_Forward_Runs/Run_1804_20260905_081349_dense_pairwise_field_adaptation/best_by_field_mse_model.pt,4738,dense_pairwise_field,0638,preparation_plus_one_query,complete,34.311708994209766,37.42923215031624,34.28966522216797,157.693359375,0.0,29.15869140625,2174.0,8192,8192
1804,/home/wanglz/Desktop/src/ModularDT/HONF_Proj/Trained_Results/ThermalChannel/HONF_Forward_Runs/Run_1804_20260905_081349_dense_pairwise_field_adaptation/best_by_field_mse_model.pt,4738,dense_pairwise_field,0638,prepared_p2_decode,complete,11.438541114330292,11.464940756559372,11.393983840942383,1664.75,0.0,29.5869140625,2174.0,8192,8192
1804,/home/wanglz/Desktop/src/ModularDT/HONF_Proj/Trained_Results/ThermalChannel/HONF_Forward_Runs/Run_1804_20260905_081349_dense_pairwise_field_adaptation/best_by_field_mse_model.pt,4738,dense_pairwise_field,0639,application_evaluator,complete,34.299696795642376,34.463128820061684,34.27926254272461,1666.9228515625,0.0,29.15869140625,2174.0,8192,8192
1804,/home/wanglz/Desktop/src/ModularDT/HONF_Proj/Trained_Results/ThermalChannel/HONF_Forward_Runs/Run_1804_20260905_081349_dense_pairwise_field_adaptation/best_by_field_mse_model.pt,4738,dense_pairwise_field,0639,full_forward,complete,33.929250203073025,34.330287389457226,33.90668869018555,1666.6181640625,0.0,29.15869140625,2174.0,8192,8192
1804,/home/wanglz/Desktop/src/ModularDT/HONF_Proj/Trained_Results/ThermalChannel/HONF_Forward_Runs/Run_1804_20260905_081349_dense_pairwise_field_adaptation/best_by_field_mse_model.pt,4738,dense_pairwise_field,0639,preparation_plus_one_query,complete,24.218058213591576,24.23264104872942,24.196096420288086,157.693359375,0.0,29.15869140625,2174.0,8192,8192
1804,/home/wanglz/Desktop/src/ModularDT/HONF_Proj/Trained_Results/ThermalChannel/HONF_Forward_Runs/Run_1804_20260905_081349_dense_pairwise_field_adaptation/best_by_field_mse_model.pt,4738,dense_pairwise_field,0639,prepared_p2_decode,complete,11.454185470938683,11.493156291544437,11.35103988647461,1664.75,0.0,29.5869140625,2174.0,8192,8192
1804,/home/wanglz/Desktop/src/ModularDT/HONF_Proj/Trained_Results/ThermalChannel/HONF_Forward_Runs/Run_1804_20260905_081349_dense_pairwise_field_adaptation/best_by_field_mse_model.pt,4738,dense_pairwise_field,0640,application_evaluator,complete,33.37302524596453,35.92079859226942,33.35347366333008,1666.9228515625,0.0,29.15869140625,2174.0,8192,8192
1804,/home/wanglz/Desktop/src/ModularDT/HONF_Proj/Trained_Results/ThermalChannel/HONF_Forward_Runs/Run_1804_20260905_081349_dense_pairwise_field_adaptation/best_by_field_mse_model.pt,4738,dense_pairwise_field,0640,full_forward,complete,34.316458739340305,38.34844250231981,34.28249740600586,1666.6181640625,0.0,29.15869140625,2174.0,8192,8192
1804,/home/wanglz/Desktop/src/ModularDT/HONF_Proj/Trained_Results/ThermalChannel/HONF_Forward_Runs/Run_1804_20260905_081349_dense_pairwise_field_adaptation/best_by_field_mse_model.pt,4738,dense_pairwise_field,0640,preparation_plus_one_query,complete,24.80892650783062,25.175768043845892,24.783872604370117,157.693359375,0.0,29.15869140625,2174.0,8192,8192
1804,/home/wanglz/Desktop/src/ModularDT/HONF_Proj/Trained_Results/ThermalChannel/HONF_Forward_Runs/Run_1804_20260905_081349_dense_pairwise_field_adaptation/best_by_field_mse_model.pt,4738,dense_pairwise_field,0640,prepared_p2_decode,complete,11.881900951266289,11.908301431685686,11.860992431640625,1664.75,0.0,29.5869140625,2174.0,8192,8192
1804,/home/wanglz/Desktop/src/ModularDT/HONF_Proj/Trained_Results/ThermalChannel/HONF_Forward_Runs/Run_1804_20260905_081349_dense_pairwise_field_adaptation/best_by_field_mse_model.pt,4738,dense_pairwise_field,0641,application_evaluator,complete,35.6032382696867,35.73448630049825,35.57926559448242,1666.9228515625,0.0,29.15869140625,2174.0,8192,8192
1804,/home/wanglz/Desktop/src/ModularDT/HONF_Proj/Trained_Results/ThermalChannel/HONF_Forward_Runs/Run_1804_20260905_081349_dense_pairwise_field_adaptation/best_by_field_mse_model.pt,4738,dense_pairwise_field,0641,full_forward,complete,43.5435026884079,43.85477639734745,43.52201461791992,1666.6181640625,0.0,29.15869140625,2174.0,8192,8192
1804,/home/wanglz/Desktop/src/ModularDT/HONF_Proj/Trained_Results/ThermalChannel/HONF_Forward_Runs/Run_1804_20260905_081349_dense_pairwise_field_adaptation/best_by_field_mse_model.pt,4738,dense_pairwise_field,0641,preparation_plus_one_query,complete,25.142494589090347,25.166129041463137,25.12076759338379,157.693359375,0.0,29.15869140625,2174.0,8192,8192
1804,/home/wanglz/Desktop/src/ModularDT/HONF_Proj/Trained_Results/ThermalChannel/HONF_Forward_Runs/Run_1804_20260905_081349_dense_pairwise_field_adaptation/best_by_field_mse_model.pt,4738,dense_pairwise_field,0641,prepared_p2_decode,complete,11.463125236332417,11.512404959648848,11.44108772277832,1664.75,0.0,29.5869140625,2174.0,8192,8192
1804,/home/wanglz/Desktop/src/ModularDT/HONF_Proj/Trained_Results/ThermalChannel/HONF_Forward_Runs/Run_1804_20260905_081349_dense_pairwise_field_adaptation/best_by_field_mse_model.pt,4738,dense_pairwise_field,0642,application_evaluator,complete,35.43841000646353,39.755018055438995,35.41727828979492,1666.9228515625,0.0,29.15869140625,2174.0,8192,8192
1804,/home/wanglz/Desktop/src/ModularDT/HONF_Proj/Trained_Results/ThermalChannel/HONF_Forward_Runs/Run_1804_20260905_081349_dense_pairwise_field_adaptation/best_by_field_mse_model.pt,4738,dense_pairwise_field,0642,full_forward,complete,34.23767630010843,34.735011495649815,34.21388626098633,1666.6181640625,0.0,29.15869140625,2174.0,8192,8192
1804,/home/wanglz/Desktop/src/ModularDT/HONF_Proj/Trained_Results/ThermalChannel/HONF_Forward_Runs/Run_1804_20260905_081349_dense_pairwise_field_adaptation/best_by_field_mse_model.pt,4738,dense_pairwise_field,0642,preparation_plus_one_query,complete,24.904750287532806,25.34325122833252,24.88115119934082,157.693359375,0.0,29.15869140625,2174.0,8192,8192
1804,/home/wanglz/Desktop/src/ModularDT/HONF_Proj/Trained_Results/ThermalChannel/HONF_Forward_Runs/Run_1804_20260905_081349_dense_pairwise_field_adaptation/best_by_field_mse_model.pt,4738,dense_pairwise_field,0642,prepared_p2_decode,complete,11.335731483995914,11.378726456314325,11.312128067016602,1664.75,0.0,29.5869140625,2174.0,8192,8192
1804,/home/wanglz/Desktop/src/ModularDT/HONF_Proj/Trained_Results/ThermalChannel/HONF_Forward_Runs/Run_1804_20260905_081349_dense_pairwise_field_adaptation/best_by_field_mse_model.pt,4738,dense_pairwise_field,0643,application_evaluator,complete,42.83194616436958,43.15730147063732,42.57340621948242,1666.9228515625,0.0,29.15869140625,2174.0,8192,8192
1804,/home/wanglz/Desktop/src/ModularDT/HONF_Proj/Trained_Results/ThermalChannel/HONF_Forward_Runs/Run_1804_20260905_081349_dense_pairwise_field_adaptation/best_by_field_mse_model.pt,4738,dense_pairwise_field,0643,full_forward,complete,34.22566317021847,34.590995125472546,34.20364761352539,1666.6181640625,0.0,29.15869140625,2174.0,8192,8192
1804,/home/wanglz/Desktop/src/ModularDT/HONF_Proj/Trained_Results/ThermalChannel/HONF_Forward_Runs/Run_1804_20260905_081349_dense_pairwise_field_adaptation/best_by_field_mse_model.pt,4738,dense_pairwise_field,0643,preparation_plus_one_query,complete,33.15511625260115,34.93777858093381,33.132545471191406,157.693359375,0.0,29.15869140625,2174.0,8192,8192
1804,/home/wanglz/Desktop/src/ModularDT/HONF_Proj/Trained_Results/ThermalChannel/HONF_Forward_Runs/Run_1804_20260905_081349_dense_pairwise_field_adaptation/best_by_field_mse_model.pt,4738,dense_pairwise_field,0643,prepared_p2_decode,complete,11.564256623387337,11.666338983923197,11.54252815246582,1664.75,0.0,29.5869140625,2174.0,8192,8192
1804,/home/wanglz/Desktop/src/ModularDT/HONF_Proj/Trained_Results/ThermalChannel/HONF_Forward_Runs/Run_1804_20260905_081349_dense_pairwise_field_adaptation/best_by_field_mse_model.pt,4738,dense_pairwise_field,0644,application_evaluator,complete,34.865700639784336,35.02460643649101,34.84214401245117,1666.9228515625,0.0,29.15869140625,2174.0,8192,8192
1804,/home/wanglz/Desktop/src/ModularDT/HONF_Proj/Trained_Results/ThermalChannel/HONF_Forward_Runs/Run_1804_20260905_081349_dense_pairwise_field_adaptation/best_by_field_mse_model.pt,4738,dense_pairwise_field,0644,full_forward,complete,34.27399415522814,34.82312532141805,34.21593475341797,1666.6181640625,0.0,29.15869140625,2174.0,8192,8192
1804,/home/wanglz/Desktop/src/ModularDT/HONF_Proj/Trained_Results/ThermalChannel/HONF_Forward_Runs/Run_1804_20260905_081349_dense_pairwise_field_adaptation/best_by_field_mse_model.pt,4738,dense_pairwise_field,0644,preparation_plus_one_query,complete,24.315278977155685,24.86114203929901,24.293407440185547,157.693359375,0.0,29.15869140625,2174.0,8192,8192
1804,/home/wanglz/Desktop/src/ModularDT/HONF_Proj/Trained_Results/ThermalChannel/HONF_Forward_Runs/Run_1804_20260905_081349_dense_pairwise_field_adaptation/best_by_field_mse_model.pt,4738,dense_pairwise_field,0644,prepared_p2_decode,complete,11.2781822681427,11.530620884150267,11.247615814208984,1664.75,0.0,29.5869140625,2174.0,8192,8192
1804,/home/wanglz/Desktop/src/ModularDT/HONF_Proj/Trained_Results/ThermalChannel/HONF_Forward_Runs/Run_1804_20260905_081349_dense_pairwise_field_adaptation/best_by_field_mse_model.pt,4738,dense_pairwise_field,0645,application_evaluator,complete,35.08640360087156,36.822802014648914,35.057918548583984,1666.9228515625,0.0,29.15869140625,2174.0,8192,8192
1804,/home/wanglz/Desktop/src/ModularDT/HONF_Proj/Trained_Results/ThermalChannel/HONF_Forward_Runs/Run_1804_20260905_081349_dense_pairwise_field_adaptation/best_by_field_mse_model.pt,4738,dense_pairwise_field,0645,full_forward,complete,35.08165571838617,35.409775376319885,35.05859375,1666.6181640625,0.0,29.15869140625,2174.0,8192,8192
1804,/home/wanglz/Desktop/src/ModularDT/HONF_Proj/Trained_Results/ThermalChannel/HONF_Forward_Runs/Run_1804_20260905_081349_dense_pairwise_field_adaptation/best_by_field_mse_model.pt,4738,dense_pairwise_field,0645,preparation_plus_one_query,complete,24.727629497647285,24.887541122734547,24.69977569580078,157.693359375,0.0,29.15869140625,2174.0,8192,8192
1804,/home/wanglz/Desktop/src/ModularDT/HONF_Proj/Trained_Results/ThermalChannel/HONF_Forward_Runs/Run_1804_20260905_081349_dense_pairwise_field_adaptation/best_by_field_mse_model.pt,4738,dense_pairwise_field,0645,prepared_p2_decode,complete,11.425969190895557,11.557718459516764,11.342975616455078,1664.75,0.0,29.5869140625,2174.0,8192,8192
1804,/home/wanglz/Desktop/src/ModularDT/HONF_Proj/Trained_Results/ThermalChannel/HONF_Forward_Runs/Run_1804_20260905_081349_dense_pairwise_field_adaptation/best_by_field_mse_model.pt,4738,dense_pairwise_field,0646,application_evaluator,complete,34.339926205575466,34.71958953887224,34.319488525390625,1666.9228515625,0.0,29.15869140625,2174.0,8192,8192
1804,/home/wanglz/Desktop/src/ModularDT/HONF_Proj/Trained_Results/ThermalChannel/HONF_Forward_Runs/Run_1804_20260905_081349_dense_pairwise_field_adaptation/best_by_field_mse_model.pt,4738,dense_pairwise_field,0646,full_forward,complete,34.309753216803074,34.52045414596796,34.276126861572266,1666.6181640625,0.0,29.15869140625,2174.0,8192,8192
1804,/home/wanglz/Desktop/src/ModularDT/HONF_Proj/Trained_Results/ThermalChannel/HONF_Forward_Runs/Run_1804_20260905_081349_dense_pairwise_field_adaptation/best_by_field_mse_model.pt,4738,dense_pairwise_field,0646,preparation_plus_one_query,complete,24.220013990998268,24.606969580054283,24.196256637573242,157.693359375,0.0,29.15869140625,2174.0,8192,8192
1804,/home/wanglz/Desktop/src/ModularDT/HONF_Proj/Trained_Results/ThermalChannel/HONF_Forward_Runs/Run_1804_20260905_081349_dense_pairwise_field_adaptation/best_by_field_mse_model.pt,4738,dense_pairwise_field,0646,prepared_p2_decode,complete,11.382665485143661,11.450301576405764,11.359392166137695,1664.75,0.0,29.5869140625,2174.0,8192,8192
1804,/home/wanglz/Desktop/src/ModularDT/HONF_Proj/Trained_Results/ThermalChannel/HONF_Forward_Runs/Run_1804_20260905_081349_dense_pairwise_field_adaptation/best_by_field_mse_model.pt,4738,dense_pairwise_field,0647,application_evaluator,complete,34.63969100266695,36.0788956284523,34.61840057373047,1666.9228515625,0.0,29.15869140625,2174.0,8192,8192
1804,/home/wanglz/Desktop/src/ModularDT/HONF_Proj/Trained_Results/ThermalChannel/HONF_Forward_Runs/Run_1804_20260905_081349_dense_pairwise_field_adaptation/best_by_field_mse_model.pt,4738,dense_pairwise_field,0647,full_forward,complete,32.330974005162716,32.85998944193125,32.31024169921875,1666.6181640625,0.0,29.15869140625,2174.0,8192,8192
1804,/home/wanglz/Desktop/src/ModularDT/HONF_Proj/Trained_Results/ThermalChannel/HONF_Forward_Runs/Run_1804_20260905_081349_dense_pairwise_field_adaptation/best_by_field_mse_model.pt,4738,dense_pairwise_field,0647,preparation_plus_one_query,complete,24.70388263463974,30.05111524835229,24.681472778320312,157.693359375,0.0,29.15869140625,2174.0,8192,8192
1804,/home/wanglz/Desktop/src/ModularDT/HONF_Proj/Trained_Results/ThermalChannel/HONF_Forward_Runs/Run_1804_20260905_081349_dense_pairwise_field_adaptation/best_by_field_mse_model.pt,4738,dense_pairwise_field,0647,prepared_p2_decode,complete,11.394119821488857,11.419766768813133,11.375328063964844,1664.75,0.0,29.5869140625,2174.0,8192,8192
1804,/home/wanglz/Desktop/src/ModularDT/HONF_Proj/Trained_Results/ThermalChannel/HONF_Forward_Runs/Run_1804_20260905_081349_dense_pairwise_field_adaptation/best_by_field_mse_model.pt,4738,dense_pairwise_field,0648,application_evaluator,complete,34.75534915924072,36.07235737144947,34.73513412475586,1666.9228515625,0.0,29.15869140625,2174.0,8192,8192
1804,/home/wanglz/Desktop/src/ModularDT/HONF_Proj/Trained_Results/ThermalChannel/HONF_Forward_Runs/Run_1804_20260905_081349_dense_pairwise_field_adaptation/best_by_field_mse_model.pt,4738,dense_pairwise_field,0648,full_forward,complete,35.129147581756115,36.60656865686178,35.106815338134766,1666.6181640625,0.0,29.15869140625,2174.0,8192,8192
1804,/home/wanglz/Desktop/src/ModularDT/HONF_Proj/Trained_Results/ThermalChannel/HONF_Forward_Runs/Run_1804_20260905_081349_dense_pairwise_field_adaptation/best_by_field_mse_model.pt,4738,dense_pairwise_field,0648,preparation_plus_one_query,complete,25.280225090682507,25.475587975233793,25.257984161376953,157.693359375,0.0,29.15869140625,2174.0,8192,8192
1804,/home/wanglz/Desktop/src/ModularDT/HONF_Proj/Trained_Results/ThermalChannel/HONF_Forward_Runs/Run_1804_20260905_081349_dense_pairwise_field_adaptation/best_by_field_mse_model.pt,4738,dense_pairwise_field,0648,prepared_p2_decode,complete,11.343274265527725,11.586914397776127,11.320351600646973,1664.75,0.0,29.5869140625,2174.0,8192,8192
1804,/home/wanglz/Desktop/src/ModularDT/HONF_Proj/Trained_Results/ThermalChannel/HONF_Forward_Runs/Run_1804_20260905_081349_dense_pairwise_field_adaptation/best_by_field_mse_model.pt,4738,dense_pairwise_field,0649,application_evaluator,complete,34.08430237323046,34.73299965262413,34.06486511230469,1666.9228515625,0.0,29.15869140625,2174.0,8192,8192
1804,/home/wanglz/Desktop/src/ModularDT/HONF_Proj/Trained_Results/ThermalChannel/HONF_Forward_Runs/Run_1804_20260905_081349_dense_pairwise_field_adaptation/best_by_field_mse_model.pt,4738,dense_pairwise_field,0649,full_forward,complete,33.794875256717205,33.808452263474464,33.774593353271484,1666.6181640625,0.0,29.15869140625,2174.0,8192,8192
1804,/home/wanglz/Desktop/src/ModularDT/HONF_Proj/Trained_Results/ThermalChannel/HONF_Forward_Runs/Run_1804_20260905_081349_dense_pairwise_field_adaptation/best_by_field_mse_model.pt,4738,dense_pairwise_field,0649,preparation_plus_one_query,complete,24.207722395658493,24.399815499782562,24.137855529785156,157.693359375,0.0,29.15869140625,2174.0,8192,8192
1804,/home/wanglz/Desktop/src/ModularDT/HONF_Proj/Trained_Results/ThermalChannel/HONF_Forward_Runs/Run_1804_20260905_081349_dense_pairwise_field_adaptation/best_by_field_mse_model.pt,4738,dense_pairwise_field,0649,prepared_p2_decode,complete,11.672093532979488,11.784483958035707,11.65004825592041,1664.75,0.0,29.5869140625,2174.0,8192,8192
1804,/home/wanglz/Desktop/src/ModularDT/HONF_Proj/Trained_Results/ThermalChannel/HONF_Forward_Runs/Run_1804_20260905_081349_dense_pairwise_field_adaptation/best_by_field_mse_model.pt,4738,dense_pairwise_field,0650,application_evaluator,complete,34.664275124669075,36.86381308361888,34.644287109375,1666.9228515625,0.0,29.15869140625,2174.0,8192,8192
1804,/home/wanglz/Desktop/src/ModularDT/HONF_Proj/Trained_Results/ThermalChannel/HONF_Forward_Runs/Run_1804_20260905_081349_dense_pairwise_field_adaptation/best_by_field_mse_model.pt,4738,dense_pairwise_field,0650,full_forward,complete,32.69499260932207,33.16718460991979,32.675838470458984,1666.6181640625,0.0,29.15869140625,2174.0,8192,8192
1804,/home/wanglz/Desktop/src/ModularDT/HONF_Proj/Trained_Results/ThermalChannel/HONF_Forward_Runs/Run_1804_20260905_081349_dense_pairwise_field_adaptation/best_by_field_mse_model.pt,4738,dense_pairwise_field,0650,preparation_plus_one_query,complete,25.036053732037544,27.435985393822193,25.0150089263916,157.693359375,0.0,29.15869140625,2174.0,8192,8192
1804,/home/wanglz/Desktop/src/ModularDT/HONF_Proj/Trained_Results/ThermalChannel/HONF_Forward_Runs/Run_1804_20260905_081349_dense_pairwise_field_adaptation/best_by_field_mse_model.pt,4738,dense_pairwise_field,0650,prepared_p2_decode,complete,11.460051871836185,11.520394869148731,11.437055587768555,1664.75,0.0,29.5869140625,2174.0,8192,8192
1804,/home/wanglz/Desktop/src/ModularDT/HONF_Proj/Trained_Results/ThermalChannel/HONF_Forward_Runs/Run_1804_20260905_081349_dense_pairwise_field_adaptation/best_by_field_mse_model.pt,4738,dense_pairwise_field,0651,application_evaluator,complete,34.35026295483112,34.67838345095515,34.329471588134766,1666.9228515625,0.0,29.15869140625,2174.0,8192,8192
1804,/home/wanglz/Desktop/src/ModularDT/HONF_Proj/Trained_Results/ThermalChannel/HONF_Forward_Runs/Run_1804_20260905_081349_dense_pairwise_field_adaptation/best_by_field_mse_model.pt,4738,dense_pairwise_field,0651,full_forward,complete,34.20834243297577,34.989293571561575,34.18521499633789,1666.6181640625,0.0,29.15869140625,2174.0,8192,8192
1804,/home/wanglz/Desktop/src/ModularDT/HONF_Proj/Trained_Results/ThermalChannel/HONF_Forward_Runs/Run_1804_20260905_081349_dense_pairwise_field_adaptation/best_by_field_mse_model.pt,4738,dense_pairwise_field,0651,preparation_plus_one_query,complete,24.486533366143703,24.51092218980193,24.464384078979492,157.693359375,0.0,29.15869140625,2174.0,8192,8192
1804,/home/wanglz/Desktop/src/ModularDT/HONF_Proj/Trained_Results/ThermalChannel/HONF_Forward_Runs/Run_1804_20260905_081349_dense_pairwise_field_adaptation/best_by_field_mse_model.pt,4738,dense_pairwise_field,0651,prepared_p2_decode,complete,11.35864108800888,11.50874588638544,11.338751792907715,1664.75,0.0,29.5869140625,2174.0,8192,8192
1804,/home/wanglz/Desktop/src/ModularDT/HONF_Proj/Trained_Results/ThermalChannel/HONF_Forward_Runs/Run_1804_20260905_081349_dense_pairwise_field_adaptation/best_by_field_mse_model.pt,4738,dense_pairwise_field,0652,application_evaluator,complete,33.3084911108017,33.579535875469446,33.28371047973633,1666.9228515625,0.0,29.15869140625,2174.0,8192,8192
1804,/home/wanglz/Desktop/src/ModularDT/HONF_Proj/Trained_Results/ThermalChannel/HONF_Forward_Runs/Run_1804_20260905_081349_dense_pairwise_field_adaptation/best_by_field_mse_model.pt,4738,dense_pairwise_field,0652,full_forward,complete,33.8946096599102,37.34000101685524,33.874656677246094,1666.6181640625,0.0,29.15869140625,2174.0,8192,8192
1804,/home/wanglz/Desktop/src/ModularDT/HONF_Proj/Trained_Results/ThermalChannel/HONF_Forward_Runs/Run_1804_20260905_081349_dense_pairwise_field_adaptation/best_by_field_mse_model.pt,4738,dense_pairwise_field,0652,preparation_plus_one_query,complete,24.741877801716328,25.725485756993294,24.71526336669922,157.693359375,0.0,29.15869140625,2174.0,8192,8192
1804,/home/wanglz/Desktop/src/ModularDT/HONF_Proj/Trained_Results/ThermalChannel/HONF_Forward_Runs/Run_1804_20260905_081349_dense_pairwise_field_adaptation/best_by_field_mse_model.pt,4738,dense_pairwise_field,0652,prepared_p2_decode,complete,11.444964446127415,11.576464772224426,11.425472259521484,1664.75,0.0,29.5869140625,2174.0,8192,8192
1804,/home/wanglz/Desktop/src/ModularDT/HONF_Proj/Trained_Results/ThermalChannel/HONF_Forward_Runs/Run_1804_20260905_081349_dense_pairwise_field_adaptation/best_by_field_mse_model.pt,4738,dense_pairwise_field,0653,application_evaluator,complete,34.93219055235386,35.88788928464055,34.911582946777344,1666.9228515625,0.0,29.15869140625,2174.0,8192,8192
1804,/home/wanglz/Desktop/src/ModularDT/HONF_Proj/Trained_Results/ThermalChannel/HONF_Forward_Runs/Run_1804_20260905_081349_dense_pairwise_field_adaptation/best_by_field_mse_model.pt,4738,dense_pairwise_field,0653,full_forward,complete,34.531574696302414,34.97409727424383,34.5088005065918,1666.6181640625,0.0,29.15869140625,2174.0,8192,8192
1804,/home/wanglz/Desktop/src/ModularDT/HONF_Proj/Trained_Results/ThermalChannel/HONF_Forward_Runs/Run_1804_20260905_081349_dense_pairwise_field_adaptation/best_by_field_mse_model.pt,4738,dense_pairwise_field,0653,preparation_plus_one_query,complete,25.384428910911083,25.42566368356347,25.360383987426758,157.693359375,0.0,29.15869140625,2174.0,8192,8192
1804,/home/wanglz/Desktop/src/ModularDT/HONF_Proj/Trained_Results/ThermalChannel/HONF_Forward_Runs/Run_1804_20260905_081349_dense_pairwise_field_adaptation/best_by_field_mse_model.pt,4738,dense_pairwise_field,0653,prepared_p2_decode,complete,11.364786885678768,11.615465302020311,11.340800285339355,1664.75,0.0,29.5869140625,2174.0,8192,8192
1804,/home/wanglz/Desktop/src/ModularDT/HONF_Proj/Trained_Results/ThermalChannel/HONF_Forward_Runs/Run_1804_20260905_081349_dense_pairwise_field_adaptation/best_by_field_mse_model.pt,4738,dense_pairwise_field,0654,application_evaluator,complete,34.41144432872534,34.72498198971152,34.39033508300781,1666.9228515625,0.0,29.15869140625,2174.0,8192,8192
1804,/home/wanglz/Desktop/src/ModularDT/HONF_Proj/Trained_Results/ThermalChannel/HONF_Forward_Runs/Run_1804_20260905_081349_dense_pairwise_field_adaptation/best_by_field_mse_model.pt,4738,dense_pairwise_field,0654,full_forward,complete,34.63242668658495,34.69101032242179,34.59481430053711,1666.6181640625,0.0,29.15869140625,2174.0,8192,8192
1804,/home/wanglz/Desktop/src/ModularDT/HONF_Proj/Trained_Results/ThermalChannel/HONF_Forward_Runs/Run_1804_20260905_081349_dense_pairwise_field_adaptation/best_by_field_mse_model.pt,4738,dense_pairwise_field,0654,preparation_plus_one_query,complete,24.85362533479929,24.863180704414845,24.82691192626953,157.693359375,0.0,29.15869140625,2174.0,8192,8192
1804,/home/wanglz/Desktop/src/ModularDT/HONF_Proj/Trained_Results/ThermalChannel/HONF_Forward_Runs/Run_1804_20260905_081349_dense_pairwise_field_adaptation/best_by_field_mse_model.pt,4738,dense_pairwise_field,0654,prepared_p2_decode,complete,11.301649734377861,11.368782073259354,11.282464027404785,1664.75,0.0,29.5869140625,2174.0,8192,8192
1804,/home/wanglz/Desktop/src/ModularDT/HONF_Proj/Trained_Results/ThermalChannel/HONF_Forward_Runs/Run_1804_20260905_081349_dense_pairwise_field_adaptation/best_by_field_mse_model.pt,4738,dense_pairwise_field,0655,application_evaluator,complete,34.943925216794014,36.57120047137141,34.9200325012207,1666.9228515625,0.0,29.15869140625,2174.0,8192,8192
1804,/home/wanglz/Desktop/src/ModularDT/HONF_Proj/Trained_Results/ThermalChannel/HONF_Forward_Runs/Run_1804_20260905_081349_dense_pairwise_field_adaptation/best_by_field_mse_model.pt,4738,dense_pairwise_field,0655,full_forward,complete,35.16295086592436,36.07892272993922,35.1354866027832,1666.6181640625,0.0,29.15869140625,2174.0,8192,8192
1804,/home/wanglz/Desktop/src/ModularDT/HONF_Proj/Trained_Results/ThermalChannel/HONF_Forward_Runs/Run_1804_20260905_081349_dense_pairwise_field_adaptation/best_by_field_mse_model.pt,4738,dense_pairwise_field,0655,preparation_plus_one_query,complete,23.677196353673935,24.23738995566964,23.652671813964844,157.693359375,0.0,29.15869140625,2174.0,8192,8192
1804,/home/wanglz/Desktop/src/ModularDT/HONF_Proj/Trained_Results/ThermalChannel/HONF_Forward_Runs/Run_1804_20260905_081349_dense_pairwise_field_adaptation/best_by_field_mse_model.pt,4738,dense_pairwise_field,0655,prepared_p2_decode,complete,11.333775706589222,11.384565010666847,11.309151649475098,1664.75,0.0,29.5869140625,2174.0,8192,8192
1804,/home/wanglz/Desktop/src/ModularDT/HONF_Proj/Trained_Results/ThermalChannel/HONF_Forward_Runs/Run_1804_20260905_081349_dense_pairwise_field_adaptation/best_by_field_mse_model.pt,4738,dense_pairwise_field,0656,application_evaluator,complete,33.95551256835461,34.16294455528259,33.91708755493164,1666.9228515625,0.0,29.15869140625,2174.0,8192,8192
1804,/home/wanglz/Desktop/src/ModularDT/HONF_Proj/Trained_Results/ThermalChannel/HONF_Forward_Runs/Run_1804_20260905_081349_dense_pairwise_field_adaptation/best_by_field_mse_model.pt,4738,dense_pairwise_field,0656,full_forward,complete,34.35193840414286,34.43818064406514,34.33046340942383,1666.6181640625,0.0,29.15869140625,2174.0,8192,8192
1804,/home/wanglz/Desktop/src/ModularDT/HONF_Proj/Trained_Results/ThermalChannel/HONF_Forward_Runs/Run_1804_20260905_081349_dense_pairwise_field_adaptation/best_by_field_mse_model.pt,4738,dense_pairwise_field,0656,preparation_plus_one_query,complete,24.038981646299362,24.75959062576294,24.017919540405273,157.693359375,0.0,29.15869140625,2174.0,8192,8192
1804,/home/wanglz/Desktop/src/ModularDT/HONF_Proj/Trained_Results/ThermalChannel/HONF_Forward_Runs/Run_1804_20260905_081349_dense_pairwise_field_adaptation/best_by_field_mse_model.pt,4738,dense_pairwise_field,0656,prepared_p2_decode,complete,11.370373889803886,11.394511256366968,11.35206413269043,1664.75,0.0,29.5869140625,2174.0,8192,8192
1804,/home/wanglz/Desktop/src/ModularDT/HONF_Proj/Trained_Results/ThermalChannel/HONF_Forward_Runs/Run_1804_20260905_081349_dense_pairwise_field_adaptation/best_by_field_mse_model.pt,4738,dense_pairwise_field,0657,application_evaluator,complete,33.96445233374834,34.52389072626829,33.94454574584961,1666.9228515625,0.0,29.15869140625,2174.0,8192,8192
1804,/home/wanglz/Desktop/src/ModularDT/HONF_Proj/Trained_Results/ThermalChannel/HONF_Forward_Runs/Run_1804_20260905_081349_dense_pairwise_field_adaptation/best_by_field_mse_model.pt,4738,dense_pairwise_field,0657,full_forward,complete,32.33013581484556,33.335115108639,32.30924987792969,1666.6181640625,0.0,29.15869140625,2174.0,8192,8192
1804,/home/wanglz/Desktop/src/ModularDT/HONF_Proj/Trained_Results/ThermalChannel/HONF_Forward_Runs/Run_1804_20260905_081349_dense_pairwise_field_adaptation/best_by_field_mse_model.pt,4738,dense_pairwise_field,0657,preparation_plus_one_query,complete,24.291252717375755,28.471835050731897,24.26972770690918,157.693359375,0.0,29.15869140625,2174.0,8192,8192
1804,/home/wanglz/Desktop/src/ModularDT/HONF_Proj/Trained_Results/ThermalChannel/HONF_Forward_Runs/Run_1804_20260905_081349_dense_pairwise_field_adaptation/best_by_field_mse_model.pt,4738,dense_pairwise_field,0657,prepared_p2_decode,complete,11.449157260358334,11.495420336723328,11.429023742675781,1664.75,0.0,29.5869140625,2174.0,8192,8192
1804,/home/wanglz/Desktop/src/ModularDT/HONF_Proj/Trained_Results/ThermalChannel/HONF_Forward_Runs/Run_1804_20260905_081349_dense_pairwise_field_adaptation/best_by_field_mse_model.pt,4738,dense_pairwise_field,0658,application_evaluator,complete,34.681317396461964,35.02904986962676,34.66115188598633,1666.9228515625,0.0,29.15869140625,2174.0,8192,8192
1804,/home/wanglz/Desktop/src/ModularDT/HONF_Proj/Trained_Results/ThermalChannel/HONF_Forward_Runs/Run_1804_20260905_081349_dense_pairwise_field_adaptation/best_by_field_mse_model.pt,4738,dense_pairwise_field,0658,full_forward,complete,34.03485380113125,35.97290152683854,34.01216125488281,1666.6181640625,0.0,29.15869140625,2174.0,8192,8192
1804,/home/wanglz/Desktop/src/ModularDT/HONF_Proj/Trained_Results/ThermalChannel/HONF_Forward_Runs/Run_1804_20260905_081349_dense_pairwise_field_adaptation/best_by_field_mse_model.pt,4738,dense_pairwise_field,0658,preparation_plus_one_query,complete,25.13215783983469,25.14950754120946,25.111328125,157.693359375,0.0,29.15869140625,2174.0,8192,8192
1804,/home/wanglz/Desktop/src/ModularDT/HONF_Proj/Trained_Results/ThermalChannel/HONF_Forward_Runs/Run_1804_20260905_081349_dense_pairwise_field_adaptation/best_by_field_mse_model.pt,4738,dense_pairwise_field,0658,prepared_p2_decode,complete,11.491620913147926,11.542158760130405,11.471872329711914,1664.75,0.0,29.5869140625,2174.0,8192,8192
1804,/home/wanglz/Desktop/src/ModularDT/HONF_Proj/Trained_Results/ThermalChannel/HONF_Forward_Runs/Run_1804_20260905_081349_dense_pairwise_field_adaptation/best_by_field_mse_model.pt,4738,dense_pairwise_field,0659,application_evaluator,complete,35.7247656211257,36.244729440659285,35.704383850097656,1666.9228515625,0.0,29.15869140625,2174.0,8192,8192
1804,/home/wanglz/Desktop/src/ModularDT/HONF_Proj/Trained_Results/ThermalChannel/HONF_Forward_Runs/Run_1804_20260905_081349_dense_pairwise_field_adaptation/best_by_field_mse_model.pt,4738,dense_pairwise_field,0659,full_forward,complete,33.455438911914825,33.57562534511089,33.43360137939453,1666.6181640625,0.0,29.15869140625,2174.0,8192,8192
1804,/home/wanglz/Desktop/src/ModularDT/HONF_Proj/Trained_Results/ThermalChannel/HONF_Forward_Runs/Run_1804_20260905_081349_dense_pairwise_field_adaptation/best_by_field_mse_model.pt,4738,dense_pairwise_field,0659,preparation_plus_one_query,complete,24.639627896249294,24.933805037289858,24.611839294433594,157.693359375,0.0,29.15869140625,2174.0,8192,8192
1804,/home/wanglz/Desktop/src/ModularDT/HONF_Proj/Trained_Results/ThermalChannel/HONF_Forward_Runs/Run_1804_20260905_081349_dense_pairwise_field_adaptation/best_by_field_mse_model.pt,4738,dense_pairwise_field,0659,prepared_p2_decode,complete,11.433791369199753,11.436053644865751,11.388928413391113,1664.75,0.0,29.5869140625,2174.0,8192,8192
1804,/home/wanglz/Desktop/src/ModularDT/HONF_Proj/Trained_Results/ThermalChannel/HONF_Forward_Runs/Run_1804_20260905_081349_dense_pairwise_field_adaptation/best_by_field_mse_model.pt,4738,dense_pairwise_field,0660,application_evaluator,complete,34.297182224690914,34.38493236899376,34.27596664428711,1666.9228515625,0.0,29.15869140625,2174.0,8192,8192
1804,/home/wanglz/Desktop/src/ModularDT/HONF_Proj/Trained_Results/ThermalChannel/HONF_Forward_Runs/Run_1804_20260905_081349_dense_pairwise_field_adaptation/best_by_field_mse_model.pt,4738,dense_pairwise_field,0660,full_forward,complete,34.00328382849693,34.31833107024431,33.98054504394531,1666.6181640625,0.0,29.15869140625,2174.0,8192,8192
1804,/home/wanglz/Desktop/src/ModularDT/HONF_Proj/Trained_Results/ThermalChannel/HONF_Forward_Runs/Run_1804_20260905_081349_dense_pairwise_field_adaptation/best_by_field_mse_model.pt,4738,dense_pairwise_field,0660,preparation_plus_one_query,complete,24.872063659131527,26.258970238268375,24.781536102294922,157.693359375,0.0,29.15869140625,2174.0,8192,8192
1804,/home/wanglz/Desktop/src/ModularDT/HONF_Proj/Trained_Results/ThermalChannel/HONF_Forward_Runs/Run_1804_20260905_081349_dense_pairwise_field_adaptation/best_by_field_mse_model.pt,4738,dense_pairwise_field,0660,prepared_p2_decode,complete,11.440775357186794,11.476227454841137,11.418623924255371,1664.75,0.0,29.5869140625,2174.0,8192,8192
1804,/home/wanglz/Desktop/src/ModularDT/HONF_Proj/Trained_Results/ThermalChannel/HONF_Forward_Runs/Run_1804_20260905_081349_dense_pairwise_field_adaptation/best_by_field_mse_model.pt,4738,dense_pairwise_field,0661,application_evaluator,complete,34.560348838567734,34.813542664051056,34.537086486816406,1666.9228515625,0.0,29.15869140625,2174.0,8192,8192
1804,/home/wanglz/Desktop/src/ModularDT/HONF_Proj/Trained_Results/ThermalChannel/HONF_Forward_Runs/Run_1804_20260905_081349_dense_pairwise_field_adaptation/best_by_field_mse_model.pt,4738,dense_pairwise_field,0661,full_forward,complete,33.23110472410917,33.26630536466837,33.19398498535156,1666.6181640625,0.0,29.15869140625,2174.0,8192,8192
1804,/home/wanglz/Desktop/src/ModularDT/HONF_Proj/Trained_Results/ThermalChannel/HONF_Forward_Runs/Run_1804_20260905_081349_dense_pairwise_field_adaptation/best_by_field_mse_model.pt,4738,dense_pairwise_field,0661,preparation_plus_one_query,complete,24.031158536672592,24.637364596128464,23.983936309814453,157.693359375,0.0,29.15869140625,2174.0,8192,8192
1804,/home/wanglz/Desktop/src/ModularDT/HONF_Proj/Trained_Results/ThermalChannel/HONF_Forward_Runs/Run_1804_20260905_081349_dense_pairwise_field_adaptation/best_by_field_mse_model.pt,4738,dense_pairwise_field,0661,prepared_p2_decode,complete,11.346627026796341,11.489190626889467,11.32646369934082,1664.75,0.0,29.5869140625,2174.0,8192,8192
1804,/home/wanglz/Desktop/src/ModularDT/HONF_Proj/Trained_Results/ThermalChannel/HONF_Forward_Runs/Run_1804_20260905_081349_dense_pairwise_field_adaptation/best_by_field_mse_model.pt,4738,dense_pairwise_field,0662,application_evaluator,complete,34.44133698940277,36.869427654892206,34.42156982421875,1666.9228515625,0.0,29.15869140625,2174.0,8192,8192
1804,/home/wanglz/Desktop/src/ModularDT/HONF_Proj/Trained_Results/ThermalChannel/HONF_Forward_Runs/Run_1804_20260905_081349_dense_pairwise_field_adaptation/best_by_field_mse_model.pt,4738,dense_pairwise_field,0662,full_forward,complete,33.82616396993399,33.882736787199974,33.790977478027344,1666.6181640625,0.0,29.15869140625,2174.0,8192,8192
1804,/home/wanglz/Desktop/src/ModularDT/HONF_Proj/Trained_Results/ThermalChannel/HONF_Forward_Runs/Run_1804_20260905_081349_dense_pairwise_field_adaptation/best_by_field_mse_model.pt,4738,dense_pairwise_field,0662,preparation_plus_one_query,complete,23.11594132333994,23.144354298710823,23.094303131103516,157.693359375,0.0,29.15869140625,2174.0,8192,8192
1804,/home/wanglz/Desktop/src/ModularDT/HONF_Proj/Trained_Results/ThermalChannel/HONF_Forward_Runs/Run_1804_20260905_081349_dense_pairwise_field_adaptation/best_by_field_mse_model.pt,4738,dense_pairwise_field,0662,prepared_p2_decode,complete,11.463404633104801,11.492318846285343,11.44422435760498,1664.75,0.0,29.5869140625,2174.0,8192,8192
1804,/home/wanglz/Desktop/src/ModularDT/HONF_Proj/Trained_Results/ThermalChannel/HONF_Forward_Runs/Run_1804_20260905_081349_dense_pairwise_field_adaptation/best_by_field_mse_model.pt,4738,dense_pairwise_field,0663,application_evaluator,complete,33.91081374138594,34.62211797013879,33.89049530029297,1666.9228515625,0.0,29.15869140625,2174.0,8192,8192
1804,/home/wanglz/Desktop/src/ModularDT/HONF_Proj/Trained_Results/ThermalChannel/HONF_Forward_Runs/Run_1804_20260905_081349_dense_pairwise_field_adaptation/best_by_field_mse_model.pt,4738,dense_pairwise_field,0663,full_forward,complete,35.387005656957626,35.69526355713606,35.366912841796875,1666.6181640625,0.0,29.15869140625,2174.0,8192,8192
1804,/home/wanglz/Desktop/src/ModularDT/HONF_Proj/Trained_Results/ThermalChannel/HONF_Forward_Runs/Run_1804_20260905_081349_dense_pairwise_field_adaptation/best_by_field_mse_model.pt,4738,dense_pairwise_field,0663,preparation_plus_one_query,complete,24.95475858449936,25.835026893764734,24.932575225830078,157.693359375,0.0,29.15869140625,2174.0,8192,8192
1804,/home/wanglz/Desktop/src/ModularDT/HONF_Proj/Trained_Results/ThermalChannel/HONF_Forward_Runs/Run_1804_20260905_081349_dense_pairwise_field_adaptation/best_by_field_mse_model.pt,4738,dense_pairwise_field,0663,prepared_p2_decode,complete,11.336291208863258,11.46603049710393,11.312128067016602,1664.75,0.0,29.5869140625,2174.0,8192,8192
1804,/home/wanglz/Desktop/src/ModularDT/HONF_Proj/Trained_Results/ThermalChannel/HONF_Forward_Runs/Run_1804_20260905_081349_dense_pairwise_field_adaptation/best_by_field_mse_model.pt,4738,dense_pairwise_field,0664,application_evaluator,complete,35.6091046705842,35.843944642692804,35.51270294189453,1666.9228515625,0.0,29.15869140625,2174.0,8192,8192
1804,/home/wanglz/Desktop/src/ModularDT/HONF_Proj/Trained_Results/ThermalChannel/HONF_Forward_Runs/Run_1804_20260905_081349_dense_pairwise_field_adaptation/best_by_field_mse_model.pt,4738,dense_pairwise_field,0664,full_forward,complete,32.45724830776453,32.84445535391569,32.43519973754883,1666.6181640625,0.0,29.15869140625,2174.0,8192,8192
1804,/home/wanglz/Desktop/src/ModularDT/HONF_Proj/Trained_Results/ThermalChannel/HONF_Forward_Runs/Run_1804_20260905_081349_dense_pairwise_field_adaptation/best_by_field_mse_model.pt,4738,dense_pairwise_field,0664,preparation_plus_one_query,complete,25.729171931743622,27.182708773761988,25.70742416381836,157.693359375,0.0,29.15869140625,2174.0,8192,8192
1804,/home/wanglz/Desktop/src/ModularDT/HONF_Proj/Trained_Results/ThermalChannel/HONF_Forward_Runs/Run_1804_20260905_081349_dense_pairwise_field_adaptation/best_by_field_mse_model.pt,4738,dense_pairwise_field,0664,prepared_p2_decode,complete,11.578784324228764,11.72637538984418,11.54867172241211,1664.75,0.0,29.5869140625,2174.0,8192,8192
1804,/home/wanglz/Desktop/src/ModularDT/HONF_Proj/Trained_Results/ThermalChannel/HONF_Forward_Runs/Run_1804_20260905_081349_dense_pairwise_field_adaptation/best_by_field_mse_model.pt,4738,dense_pairwise_field,0665,application_evaluator,complete,35.09953431785107,35.60013761743903,35.079551696777344,1666.9228515625,0.0,29.15869140625,2174.0,8192,8192
1804,/home/wanglz/Desktop/src/ModularDT/HONF_Proj/Trained_Results/ThermalChannel/HONF_Forward_Runs/Run_1804_20260905_081349_dense_pairwise_field_adaptation/best_by_field_mse_model.pt,4738,dense_pairwise_field,0665,full_forward,complete,34.33070704340935,36.33337253704667,34.30739212036133,1666.6181640625,0.0,29.15869140625,2174.0,8192,8192
1804,/home/wanglz/Desktop/src/ModularDT/HONF_Proj/Trained_Results/ThermalChannel/HONF_Forward_Runs/Run_1804_20260905_081349_dense_pairwise_field_adaptation/best_by_field_mse_model.pt,4738,dense_pairwise_field,0665,preparation_plus_one_query,complete,24.942465126514435,25.516236573457718,24.92086410522461,157.693359375,0.0,29.15869140625,2174.0,8192,8192
1804,/home/wanglz/Desktop/src/ModularDT/HONF_Proj/Trained_Results/ThermalChannel/HONF_Forward_Runs/Run_1804_20260905_081349_dense_pairwise_field_adaptation/best_by_field_mse_model.pt,4738,dense_pairwise_field,0665,prepared_p2_decode,complete,11.441054753959179,11.527044698596,11.421695709228516,1664.75,0.0,29.5869140625,2174.0,8192,8192
1804,/home/wanglz/Desktop/src/ModularDT/HONF_Proj/Trained_Results/ThermalChannel/HONF_Forward_Runs/Run_1804_20260905_081349_dense_pairwise_field_adaptation/best_by_field_mse_model.pt,4738,dense_pairwise_field,0666,application_evaluator,complete,34.34467501938343,35.597819834947586,34.32377624511719,1666.9228515625,0.0,29.15869140625,2174.0,8192,8192
1804,/home/wanglz/Desktop/src/ModularDT/HONF_Proj/Trained_Results/ThermalChannel/HONF_Forward_Runs/Run_1804_20260905_081349_dense_pairwise_field_adaptation/best_by_field_mse_model.pt,4738,dense_pairwise_field,0666,full_forward,complete,33.98847859352827,34.17001301422715,33.9672966003418,1666.6181640625,0.0,29.15869140625,2174.0,8192,8192
1804,/home/wanglz/Desktop/src/ModularDT/HONF_Proj/Trained_Results/ThermalChannel/HONF_Forward_Runs/Run_1804_20260905_081349_dense_pairwise_field_adaptation/best_by_field_mse_model.pt,4738,dense_pairwise_field,0666,preparation_plus_one_query,complete,24.81674961745739,25.392028130590916,24.791040420532227,157.693359375,0.0,29.15869140625,2174.0,8192,8192
1804,/home/wanglz/Desktop/src/ModularDT/HONF_Proj/Trained_Results/ThermalChannel/HONF_Forward_Runs/Run_1804_20260905_081349_dense_pairwise_field_adaptation/best_by_field_mse_model.pt,4738,dense_pairwise_field,0666,prepared_p2_decode,complete,11.486032977700233,11.708551552146673,11.447296142578125,1664.75,0.0,29.5869140625,2174.0,8192,8192
1804,/home/wanglz/Desktop/src/ModularDT/HONF_Proj/Trained_Results/ThermalChannel/HONF_Forward_Runs/Run_1804_20260905_081349_dense_pairwise_field_adaptation/best_by_field_mse_model.pt,4738,dense_pairwise_field,0667,application_evaluator,complete,35.02075094729662,35.11604480445385,34.99833679199219,1666.9228515625,0.0,29.15869140625,2174.0,8192,8192
1804,/home/wanglz/Desktop/src/ModularDT/HONF_Proj/Trained_Results/ThermalChannel/HONF_Forward_Runs/Run_1804_20260905_081349_dense_pairwise_field_adaptation/best_by_field_mse_model.pt,4738,dense_pairwise_field,0667,full_forward,complete,33.2037266343832,34.9348452873528,33.16940689086914,1666.6181640625,0.0,29.15869140625,2174.0,8192,8192
1804,/home/wanglz/Desktop/src/ModularDT/HONF_Proj/Trained_Results/ThermalChannel/HONF_Forward_Runs/Run_1804_20260905_081349_dense_pairwise_field_adaptation/best_by_field_mse_model.pt,4738,dense_pairwise_field,0667,preparation_plus_one_query,complete,26.047933846712112,26.879675965756178,26.02467155456543,157.693359375,0.0,29.15869140625,2174.0,8192,8192
1804,/home/wanglz/Desktop/src/ModularDT/HONF_Proj/Trained_Results/ThermalChannel/HONF_Forward_Runs/Run_1804_20260905_081349_dense_pairwise_field_adaptation/best_by_field_mse_model.pt,4738,dense_pairwise_field,0667,prepared_p2_decode,complete,11.498045176267624,11.617477238178253,11.479040145874023,1664.75,0.0,29.5869140625,2174.0,8192,8192
1804,/home/wanglz/Desktop/src/ModularDT/HONF_Proj/Trained_Results/ThermalChannel/HONF_Forward_Runs/Run_1804_20260905_081349_dense_pairwise_field_adaptation/best_by_field_mse_model.pt,4738,dense_pairwise_field,0668,application_evaluator,complete,33.51494483649731,35.22620005533099,33.494239807128906,1666.9228515625,0.0,29.15869140625,2174.0,8192,8192
1804,/home/wanglz/Desktop/src/ModularDT/HONF_Proj/Trained_Results/ThermalChannel/HONF_Forward_Runs/Run_1804_20260905_081349_dense_pairwise_field_adaptation/best_by_field_mse_model.pt,4738,dense_pairwise_field,0668,full_forward,complete,34.27008353173733,34.56275276839733,34.24972915649414,1666.6181640625,0.0,29.15869140625,2174.0,8192,8192
1804,/home/wanglz/Desktop/src/ModularDT/HONF_Proj/Trained_Results/ThermalChannel/HONF_Forward_Runs/Run_1804_20260905_081349_dense_pairwise_field_adaptation/best_by_field_mse_model.pt,4738,dense_pairwise_field,0668,preparation_plus_one_query,complete,24.615603499114513,25.23236908018589,24.590431213378906,157.693359375,0.0,29.15869140625,2174.0,8192,8192
1804,/home/wanglz/Desktop/src/ModularDT/HONF_Proj/Trained_Results/ThermalChannel/HONF_Forward_Runs/Run_1804_20260905_081349_dense_pairwise_field_adaptation/best_by_field_mse_model.pt,4738,dense_pairwise_field,0668,prepared_p2_decode,complete,11.293267831206322,11.471282690763474,11.269120216369629,1664.75,0.0,29.5869140625,2174.0,8192,8192
1804,/home/wanglz/Desktop/src/ModularDT/HONF_Proj/Trained_Results/ThermalChannel/HONF_Forward_Runs/Run_1804_20260905_081349_dense_pairwise_field_adaptation/best_by_field_mse_model.pt,4738,dense_pairwise_field,0669,application_evaluator,complete,34.51173845678568,34.54593410715461,34.492000579833984,1666.9228515625,0.0,29.15869140625,2174.0,8192,8192
1804,/home/wanglz/Desktop/src/ModularDT/HONF_Proj/Trained_Results/ThermalChannel/HONF_Forward_Runs/Run_1804_20260905_081349_dense_pairwise_field_adaptation/best_by_field_mse_model.pt,4738,dense_pairwise_field,0669,full_forward,complete,34.86933279782534,35.51828237250447,34.84764862060547,1666.6181640625,0.0,29.15869140625,2174.0,8192,8192
1804,/home/wanglz/Desktop/src/ModularDT/HONF_Proj/Trained_Results/ThermalChannel/HONF_Forward_Runs/Run_1804_20260905_081349_dense_pairwise_field_adaptation/best_by_field_mse_model.pt,4738,dense_pairwise_field,0669,preparation_plus_one_query,complete,23.68837222456932,23.772854264825583,23.664640426635742,157.693359375,0.0,29.15869140625,2174.0,8192,8192
1804,/home/wanglz/Desktop/src/ModularDT/HONF_Proj/Trained_Results/ThermalChannel/HONF_Forward_Runs/Run_1804_20260905_081349_dense_pairwise_field_adaptation/best_by_field_mse_model.pt,4738,dense_pairwise_field,0669,prepared_p2_decode,complete,11.568447574973106,11.978534702211618,11.529215812683105,1664.75,0.0,29.5869140625,2174.0,8192,8192
1804,/home/wanglz/Desktop/src/ModularDT/HONF_Proj/Trained_Results/ThermalChannel/HONF_Forward_Runs/Run_1804_20260905_081349_dense_pairwise_field_adaptation/best_by_field_mse_model.pt,4738,dense_pairwise_field,0670,application_evaluator,complete,35.05818638950586,35.66288370639086,35.03139114379883,1666.9228515625,0.0,29.15869140625,2174.0,8192,8192
1804,/home/wanglz/Desktop/src/ModularDT/HONF_Proj/Trained_Results/ThermalChannel/HONF_Forward_Runs/Run_1804_20260905_081349_dense_pairwise_field_adaptation/best_by_field_mse_model.pt,4738,dense_pairwise_field,0670,full_forward,complete,33.98372884839773,34.185881074517965,33.963008880615234,1666.6181640625,0.0,29.15869140625,2174.0,8192,8192
1804,/home/wanglz/Desktop/src/ModularDT/HONF_Proj/Trained_Results/ThermalChannel/HONF_Forward_Runs/Run_1804_20260905_081349_dense_pairwise_field_adaptation/best_by_field_mse_model.pt,4738,dense_pairwise_field,0670,preparation_plus_one_query,complete,24.4278647005558,24.473122786730528,24.404800415039062,157.693359375,0.0,29.15869140625,2174.0,8192,8192
1804,/home/wanglz/Desktop/src/ModularDT/HONF_Proj/Trained_Results/ThermalChannel/HONF_Forward_Runs/Run_1804_20260905_081349_dense_pairwise_field_adaptation/best_by_field_mse_model.pt,4738,dense_pairwise_field,0670,prepared_p2_decode,complete,11.415073648095131,11.619740445166826,11.390144348144531,1664.75,0.0,29.5869140625,2174.0,8192,8192
1804,/home/wanglz/Desktop/src/ModularDT/HONF_Proj/Trained_Results/ThermalChannel/HONF_Forward_Runs/Run_1804_20260905_081349_dense_pairwise_field_adaptation/best_by_field_mse_model.pt,4738,dense_pairwise_field,0671,application_evaluator,complete,35.16881726682186,35.98295906558633,35.148193359375,1666.9228515625,0.0,29.15869140625,2174.0,8192,8192
1804,/home/wanglz/Desktop/src/ModularDT/HONF_Proj/Trained_Results/ThermalChannel/HONF_Forward_Runs/Run_1804_20260905_081349_dense_pairwise_field_adaptation/best_by_field_mse_model.pt,4738,dense_pairwise_field,0671,full_forward,complete,33.90047699213028,33.982946537435055,33.87801742553711,1666.6181640625,0.0,29.15869140625,2174.0,8192,8192
1804,/home/wanglz/Desktop/src/ModularDT/HONF_Proj/Trained_Results/ThermalChannel/HONF_Forward_Runs/Run_1804_20260905_081349_dense_pairwise_field_adaptation/best_by_field_mse_model.pt,4738,dense_pairwise_field,0671,preparation_plus_one_query,complete,23.127675987780094,27.9783277772367,23.100671768188477,157.693359375,0.0,29.15869140625,2174.0,8192,8192
1804,/home/wanglz/Desktop/src/ModularDT/HONF_Proj/Trained_Results/ThermalChannel/HONF_Forward_Runs/Run_1804_20260905_081349_dense_pairwise_field_adaptation/best_by_field_mse_model.pt,4738,dense_pairwise_field,0671,prepared_p2_decode,complete,11.324556544423103,11.395209282636642,11.301888465881348,1664.75,0.0,29.5869140625,2174.0,8192,8192
1804,/home/wanglz/Desktop/src/ModularDT/HONF_Proj/Trained_Results/ThermalChannel/HONF_Forward_Runs/Run_1804_20260905_081349_dense_pairwise_field_adaptation/best_by_field_mse_model.pt,4738,dense_pairwise_field,0672,application_evaluator,complete,35.10903287678957,35.687077417969704,35.088321685791016,1666.9228515625,0.0,29.15869140625,2174.0,8192,8192
1804,/home/wanglz/Desktop/src/ModularDT/HONF_Proj/Trained_Results/ThermalChannel/HONF_Forward_Runs/Run_1804_20260905_081349_dense_pairwise_field_adaptation/best_by_field_mse_model.pt,4738,dense_pairwise_field,0672,full_forward,complete,34.37540587037802,36.04266028851271,34.355201721191406,1666.6181640625,0.0,29.15869140625,2174.0,8192,8192
1804,/home/wanglz/Desktop/src/ModularDT/HONF_Proj/Trained_Results/ThermalChannel/HONF_Forward_Runs/Run_1804_20260905_081349_dense_pairwise_field_adaptation/best_by_field_mse_model.pt,4738,dense_pairwise_field,0672,preparation_plus_one_query,complete,24.157156236469746,24.54084288328886,24.136608123779297,157.693359375,0.0,29.15869140625,2174.0,8192,8192
1804,/home/wanglz/Desktop/src/ModularDT/HONF_Proj/Trained_Results/ThermalChannel/HONF_Forward_Runs/Run_1804_20260905_081349_dense_pairwise_field_adaptation/best_by_field_mse_model.pt,4738,dense_pairwise_field,0672,prepared_p2_decode,complete,11.310309171676636,11.50416499003768,11.286527633666992,1664.75,0.0,29.5869140625,2174.0,8192,8192
1804,/home/wanglz/Desktop/src/ModularDT/HONF_Proj/Trained_Results/ThermalChannel/HONF_Forward_Runs/Run_1804_20260905_081349_dense_pairwise_field_adaptation/best_by_field_mse_model.pt,4738,dense_pairwise_field,0673,application_evaluator,complete,34.90313608199358,39.04474591836333,34.88307189941406,1666.9228515625,0.0,29.15869140625,2174.0,8192,8192
1804,/home/wanglz/Desktop/src/ModularDT/HONF_Proj/Trained_Results/ThermalChannel/HONF_Forward_Runs/Run_1804_20260905_081349_dense_pairwise_field_adaptation/best_by_field_mse_model.pt,4738,dense_pairwise_field,0673,full_forward,complete,32.591345719993114,33.12312802299857,32.570369720458984,1666.6181640625,0.0,29.15869140625,2174.0,8192,8192
1804,/home/wanglz/Desktop/src/ModularDT/HONF_Proj/Trained_Results/ThermalChannel/HONF_Forward_Runs/Run_1804_20260905_081349_dense_pairwise_field_adaptation/best_by_field_mse_model.pt,4738,dense_pairwise_field,0673,preparation_plus_one_query,complete,23.26792012900114,23.34334971383214,23.24684715270996,157.693359375,0.0,29.15869140625,2174.0,8192,8192
1804,/home/wanglz/Desktop/src/ModularDT/HONF_Proj/Trained_Results/ThermalChannel/HONF_Forward_Runs/Run_1804_20260905_081349_dense_pairwise_field_adaptation/best_by_field_mse_model.pt,4738,dense_pairwise_field,0673,prepared_p2_decode,complete,11.544701643288136,11.60102216526866,11.502592086791992,1664.75,0.0,29.5869140625,2174.0,8192,8192
1804,/home/wanglz/Desktop/src/ModularDT/HONF_Proj/Trained_Results/ThermalChannel/HONF_Forward_Runs/Run_1804_20260905_081349_dense_pairwise_field_adaptation/best_by_field_mse_model.pt,4738,dense_pairwise_field,0674,application_evaluator,complete,35.03807168453932,35.37775920704007,35.01337432861328,1666.9228515625,0.0,29.15869140625,2174.0,8192,8192
1804,/home/wanglz/Desktop/src/ModularDT/HONF_Proj/Trained_Results/ThermalChannel/HONF_Forward_Runs/Run_1804_20260905_081349_dense_pairwise_field_adaptation/best_by_field_mse_model.pt,4738,dense_pairwise_field,0674,full_forward,complete,33.56327582150698,34.208705835044384,33.542144775390625,1666.6181640625,0.0,29.15869140625,2174.0,8192,8192
1804,/home/wanglz/Desktop/src/ModularDT/HONF_Proj/Trained_Results/ThermalChannel/HONF_Forward_Runs/Run_1804_20260905_081349_dense_pairwise_field_adaptation/best_by_field_mse_model.pt,4738,dense_pairwise_field,0674,preparation_plus_one_query,complete,25.792310014367104,26.427180506289005,25.76896095275879,157.693359375,0.0,29.15869140625,2174.0,8192,8192
1804,/home/wanglz/Desktop/src/ModularDT/HONF_Proj/Trained_Results/ThermalChannel/HONF_Forward_Runs/Run_1804_20260905_081349_dense_pairwise_field_adaptation/best_by_field_mse_model.pt,4738,dense_pairwise_field,0674,prepared_p2_decode,complete,11.390767991542816,11.409373302012682,11.367424011230469,1664.75,0.0,29.5869140625,2174.0,8192,8192
1804,/home/wanglz/Desktop/src/ModularDT/HONF_Proj/Trained_Results/ThermalChannel/HONF_Forward_Runs/Run_1804_20260905_081349_dense_pairwise_field_adaptation/best_by_field_mse_model.pt,4738,dense_pairwise_field,0675,application_evaluator,complete,34.20135751366615,35.24153744801879,34.181217193603516,1666.9228515625,0.0,29.15869140625,2174.0,8192,8192
1804,/home/wanglz/Desktop/src/ModularDT/HONF_Proj/Trained_Results/ThermalChannel/HONF_Forward_Runs/Run_1804_20260905_081349_dense_pairwise_field_adaptation/best_by_field_mse_model.pt,4738,dense_pairwise_field,0675,full_forward,complete,34.02814920991659,34.47243198752403,34.00806427001953,1666.6181640625,0.0,29.15869140625,2174.0,8192,8192
1804,/home/wanglz/Desktop/src/ModularDT/HONF_Proj/Trained_Results/ThermalChannel/HONF_Forward_Runs/Run_1804_20260905_081349_dense_pairwise_field_adaptation/best_by_field_mse_model.pt,4738,dense_pairwise_field,0675,preparation_plus_one_query,complete,23.876388557255268,24.652815144509077,23.855039596557617,157.693359375,0.0,29.15869140625,2174.0,8192,8192
1804,/home/wanglz/Desktop/src/ModularDT/HONF_Proj/Trained_Results/ThermalChannel/HONF_Forward_Runs/Run_1804_20260905_081349_dense_pairwise_field_adaptation/best_by_field_mse_model.pt,4738,dense_pairwise_field,0675,prepared_p2_decode,complete,11.310867965221405,11.39132585376501,11.288736343383789,1664.75,0.0,29.5869140625,2174.0,8192,8192
1804,/home/wanglz/Desktop/src/ModularDT/HONF_Proj/Trained_Results/ThermalChannel/HONF_Forward_Runs/Run_1804_20260905_081349_dense_pairwise_field_adaptation/best_by_field_mse_model.pt,4738,dense_pairwise_field,0676,application_evaluator,complete,34.45307072252035,37.00662758201361,34.43302536010742,1666.9228515625,0.0,29.15869140625,2174.0,8192,8192
1804,/home/wanglz/Desktop/src/ModularDT/HONF_Proj/Trained_Results/ThermalChannel/HONF_Forward_Runs/Run_1804_20260905_081349_dense_pairwise_field_adaptation/best_by_field_mse_model.pt,4738,dense_pairwise_field,0676,full_forward,complete,34.21895857900381,34.70950527116656,34.19750213623047,1666.6181640625,0.0,29.15869140625,2174.0,8192,8192
1804,/home/wanglz/Desktop/src/ModularDT/HONF_Proj/Trained_Results/ThermalChannel/HONF_Forward_Runs/Run_1804_20260905_081349_dense_pairwise_field_adaptation/best_by_field_mse_model.pt,4738,dense_pairwise_field,0676,preparation_plus_one_query,complete,24.98967945575714,27.198269870132208,24.963071823120117,157.693359375,0.0,29.15869140625,2174.0,8192,8192
1804,/home/wanglz/Desktop/src/ModularDT/HONF_Proj/Trained_Results/ThermalChannel/HONF_Forward_Runs/Run_1804_20260905_081349_dense_pairwise_field_adaptation/best_by_field_mse_model.pt,4738,dense_pairwise_field,0676,prepared_p2_decode,complete,11.392723768949509,11.474942695349455,11.368448257446289,1664.75,0.0,29.5869140625,2174.0,8192,8192
1804,/home/wanglz/Desktop/src/ModularDT/HONF_Proj/Trained_Results/ThermalChannel/HONF_Forward_Runs/Run_1804_20260905_081349_dense_pairwise_field_adaptation/best_by_field_mse_model.pt,4738,dense_pairwise_field,0677,application_evaluator,complete,34.73104536533356,34.925653878599405,34.70790481567383,1666.9228515625,0.0,29.15869140625,2174.0,8192,8192
1804,/home/wanglz/Desktop/src/ModularDT/HONF_Proj/Trained_Results/ThermalChannel/HONF_Forward_Runs/Run_1804_20260905_081349_dense_pairwise_field_adaptation/best_by_field_mse_model.pt,4738,dense_pairwise_field,0677,full_forward,complete,33.866952173411846,34.45832310244441,33.84422302246094,1666.6181640625,0.0,29.15869140625,2174.0,8192,8192
1804,/home/wanglz/Desktop/src/ModularDT/HONF_Proj/Trained_Results/ThermalChannel/HONF_Forward_Runs/Run_1804_20260905_081349_dense_pairwise_field_adaptation/best_by_field_mse_model.pt,4738,dense_pairwise_field,0677,preparation_plus_one_query,complete,24.74858146160841,24.801886174827814,24.72345542907715,157.693359375,0.0,29.15869140625,2174.0,8192,8192
1804,/home/wanglz/Desktop/src/ModularDT/HONF_Proj/Trained_Results/ThermalChannel/HONF_Forward_Runs/Run_1804_20260905_081349_dense_pairwise_field_adaptation/best_by_field_mse_model.pt,4738,dense_pairwise_field,0677,prepared_p2_decode,complete,11.36813871562481,11.455134488642216,11.348928451538086,1664.75,0.0,29.5869140625,2174.0,8192,8192
1804,/home/wanglz/Desktop/src/ModularDT/HONF_Proj/Trained_Results/ThermalChannel/HONF_Forward_Runs/Run_1804_20260905_081349_dense_pairwise_field_adaptation/best_by_field_mse_model.pt,4738,dense_pairwise_field,0678,application_evaluator,complete,33.80884230136871,34.319503884762526,33.78899383544922,1666.9228515625,0.0,29.15869140625,2176.0,8192,8192
1804,/home/wanglz/Desktop/src/ModularDT/HONF_Proj/Trained_Results/ThermalChannel/HONF_Forward_Runs/Run_1804_20260905_081349_dense_pairwise_field_adaptation/best_by_field_mse_model.pt,4738,dense_pairwise_field,0678,full_forward,complete,34.54386629164219,38.49363196641207,34.521087646484375,1666.6181640625,0.0,29.15869140625,2176.0,8192,8192
1804,/home/wanglz/Desktop/src/ModularDT/HONF_Proj/Trained_Results/ThermalChannel/HONF_Forward_Runs/Run_1804_20260905_081349_dense_pairwise_field_adaptation/best_by_field_mse_model.pt,4738,dense_pairwise_field,0678,preparation_plus_one_query,complete,24.579284712672234,24.90036441013217,24.557567596435547,157.693359375,0.0,29.15869140625,2176.0,8192,8192
1804,/home/wanglz/Desktop/src/ModularDT/HONF_Proj/Trained_Results/ThermalChannel/HONF_Forward_Runs/Run_1804_20260905_081349_dense_pairwise_field_adaptation/best_by_field_mse_model.pt,4738,dense_pairwise_field,0678,prepared_p2_decode,complete,11.465359479188919,11.49352015927434,11.446271896362305,1664.75,0.0,29.5869140625,2176.0,8192,8192
1804,/home/wanglz/Desktop/src/ModularDT/HONF_Proj/Trained_Results/ThermalChannel/HONF_Forward_Runs/Run_1804_20260905_081349_dense_pairwise_field_adaptation/best_by_field_mse_model.pt,4738,dense_pairwise_field,0679,application_evaluator,complete,33.93092751502991,34.67139909043908,33.91007995605469,1666.9228515625,0.0,29.15869140625,2176.0,8192,8192
1804,/home/wanglz/Desktop/src/ModularDT/HONF_Proj/Trained_Results/ThermalChannel/HONF_Forward_Runs/Run_1804_20260905_081349_dense_pairwise_field_adaptation/best_by_field_mse_model.pt,4738,dense_pairwise_field,0679,full_forward,complete,34.24913063645363,34.825919568538666,34.229248046875,1666.6181640625,0.0,29.15869140625,2176.0,8192,8192
1804,/home/wanglz/Desktop/src/ModularDT/HONF_Proj/Trained_Results/ThermalChannel/HONF_Forward_Runs/Run_1804_20260905_081349_dense_pairwise_field_adaptation/best_by_field_mse_model.pt,4738,dense_pairwise_field,0679,preparation_plus_one_query,complete,24.566992186009884,24.729165248572826,24.54524803161621,157.693359375,0.0,29.15869140625,2176.0,8192,8192
1804,/home/wanglz/Desktop/src/ModularDT/HONF_Proj/Trained_Results/ThermalChannel/HONF_Forward_Runs/Run_1804_20260905_081349_dense_pairwise_field_adaptation/best_by_field_mse_model.pt,4738,dense_pairwise_field,0679,prepared_p2_decode,complete,11.370932683348656,11.486339755356312,11.350815773010254,1664.75,0.0,29.5869140625,2176.0,8192,8192
1804,/home/wanglz/Desktop/src/ModularDT/HONF_Proj/Trained_Results/ThermalChannel/HONF_Forward_Runs/Run_1804_20260905_081349_dense_pairwise_field_adaptation/best_by_field_mse_model.pt,4738,dense_pairwise_field,0680,application_evaluator,complete,34.0949185192585,35.83106463775039,34.07107162475586,1666.9228515625,0.0,29.15869140625,2176.0,8192,8192
1804,/home/wanglz/Desktop/src/ModularDT/HONF_Proj/Trained_Results/ThermalChannel/HONF_Forward_Runs/Run_1804_20260905_081349_dense_pairwise_field_adaptation/best_by_field_mse_model.pt,4738,dense_pairwise_field,0680,full_forward,complete,33.09644851833582,33.63451641052961,33.076351165771484,1666.6181640625,0.0,29.15869140625,2176.0,8192,8192
1804,/home/wanglz/Desktop/src/ModularDT/HONF_Proj/Trained_Results/ThermalChannel/HONF_Forward_Runs/Run_1804_20260905_081349_dense_pairwise_field_adaptation/best_by_field_mse_model.pt,4738,dense_pairwise_field,0680,preparation_plus_one_query,complete,22.880712524056435,23.02503464743495,22.85772705078125,157.693359375,0.0,29.15869140625,2176.0,8192,8192
1804,/home/wanglz/Desktop/src/ModularDT/HONF_Proj/Trained_Results/ThermalChannel/HONF_Forward_Runs/Run_1804_20260905_081349_dense_pairwise_field_adaptation/best_by_field_mse_model.pt,4738,dense_pairwise_field,0680,prepared_p2_decode,complete,11.408648453652859,11.535622552037239,11.386752128601074,1664.75,0.0,29.5869140625,2176.0,8192,8192
1804,/home/wanglz/Desktop/src/ModularDT/HONF_Proj/Trained_Results/ThermalChannel/HONF_Forward_Runs/Run_1804_20260905_081349_dense_pairwise_field_adaptation/best_by_field_mse_model.pt,4738,dense_pairwise_field,0681,application_evaluator,complete,35.09199060499668,35.28785724192858,35.06911849975586,1666.9228515625,0.0,29.15869140625,2176.0,8192,8192
1804,/home/wanglz/Desktop/src/ModularDT/HONF_Proj/Trained_Results/ThermalChannel/HONF_Forward_Runs/Run_1804_20260905_081349_dense_pairwise_field_adaptation/best_by_field_mse_model.pt,4738,dense_pairwise_field,0681,full_forward,complete,34.10944528877735,35.83981040865183,34.088958740234375,1666.6181640625,0.0,29.15869140625,2176.0,8192,8192
1804,/home/wanglz/Desktop/src/ModularDT/HONF_Proj/Trained_Results/ThermalChannel/HONF_Forward_Runs/Run_1804_20260905_081349_dense_pairwise_field_adaptation/best_by_field_mse_model.pt,4738,dense_pairwise_field,0681,preparation_plus_one_query,complete,25.00169165432453,26.749908551573753,24.978431701660156,157.693359375,0.0,29.15869140625,2176.0,8192,8192
1804,/home/wanglz/Desktop/src/ModularDT/HONF_Proj/Trained_Results/ThermalChannel/HONF_Forward_Runs/Run_1804_20260905_081349_dense_pairwise_field_adaptation/best_by_field_mse_model.pt,4738,dense_pairwise_field,0681,prepared_p2_decode,complete,11.406413279473782,11.523832008242607,11.385855674743652,1664.75,0.0,29.5869140625,2176.0,8192,8192
1804,/home/wanglz/Desktop/src/ModularDT/HONF_Proj/Trained_Results/ThermalChannel/HONF_Forward_Runs/Run_1804_20260905_081349_dense_pairwise_field_adaptation/best_by_field_mse_model.pt,4738,dense_pairwise_field,0682,application_evaluator,complete,33.02297368645668,33.470273949205875,33.00191879272461,1666.9228515625,0.0,29.15869140625,2176.0,8192,8192
1804,/home/wanglz/Desktop/src/ModularDT/HONF_Proj/Trained_Results/ThermalChannel/HONF_Forward_Runs/Run_1804_20260905_081349_dense_pairwise_field_adaptation/best_by_field_mse_model.pt,4738,dense_pairwise_field,0682,full_forward,complete,33.985684625804424,34.02717001736164,33.963966369628906,1666.6181640625,0.0,29.15869140625,2176.0,8192,8192
1804,/home/wanglz/Desktop/src/ModularDT/HONF_Proj/Trained_Results/ThermalChannel/HONF_Forward_Runs/Run_1804_20260905_081349_dense_pairwise_field_adaptation/best_by_field_mse_model.pt,4738,dense_pairwise_field,0682,preparation_plus_one_query,complete,24.215265177190304,24.359084386378527,24.192832946777344,157.693359375,0.0,29.15869140625,2176.0,8192,8192
1804,/home/wanglz/Desktop/src/ModularDT/HONF_Proj/Trained_Results/ThermalChannel/HONF_Forward_Runs/Run_1804_20260905_081349_dense_pairwise_field_adaptation/best_by_field_mse_model.pt,4738,dense_pairwise_field,0682,prepared_p2_decode,complete,11.519278399646282,11.520284228026867,11.497599601745605,1664.75,0.0,29.5869140625,2176.0,8192,8192
1804,/home/wanglz/Desktop/src/ModularDT/HONF_Proj/Trained_Results/ThermalChannel/HONF_Forward_Runs/Run_1804_20260905_081349_dense_pairwise_field_adaptation/best_by_field_mse_model.pt,4738,dense_pairwise_field,0683,application_evaluator,complete,35.04617419093847,35.33356199041009,35.02534484863281,1666.9228515625,0.0,29.15869140625,2176.0,8192,8192
1804,/home/wanglz/Desktop/src/ModularDT/HONF_Proj/Trained_Results/ThermalChannel/HONF_Forward_Runs/Run_1804_20260905_081349_dense_pairwise_field_adaptation/best_by_field_mse_model.pt,4738,dense_pairwise_field,0683,full_forward,complete,33.59428700059652,34.40666776150465,33.57059097290039,1666.6181640625,0.0,29.15869140625,2176.0,8192,8192
1804,/home/wanglz/Desktop/src/ModularDT/HONF_Proj/Trained_Results/ThermalChannel/HONF_Forward_Runs/Run_1804_20260905_081349_dense_pairwise_field_adaptation/best_by_field_mse_model.pt,4738,dense_pairwise_field,0683,preparation_plus_one_query,complete,23.739216849207878,23.753549065440893,23.717920303344727,157.693359375,0.0,29.15869140625,2176.0,8192,8192
1804,/home/wanglz/Desktop/src/ModularDT/HONF_Proj/Trained_Results/ThermalChannel/HONF_Forward_Runs/Run_1804_20260905_081349_dense_pairwise_field_adaptation/best_by_field_mse_model.pt,4738,dense_pairwise_field,0683,prepared_p2_decode,complete,11.490502394735813,11.616973578929901,11.469823837280273,1664.75,0.0,29.5869140625,2176.0,8192,8192
1804,/home/wanglz/Desktop/src/ModularDT/HONF_Proj/Trained_Results/ThermalChannel/HONF_Forward_Runs/Run_1804_20260905_081349_dense_pairwise_field_adaptation/best_by_field_mse_model.pt,4738,dense_pairwise_field,0684,application_evaluator,complete,34.83273554593325,35.59558345004916,34.808929443359375,1666.9228515625,0.0,29.15869140625,2176.0,8192,8192
1804,/home/wanglz/Desktop/src/ModularDT/HONF_Proj/Trained_Results/ThermalChannel/HONF_Forward_Runs/Run_1804_20260905_081349_dense_pairwise_field_adaptation/best_by_field_mse_model.pt,4738,dense_pairwise_field,0684,full_forward,complete,33.98540522903204,34.31880548596382,33.96223831176758,1666.6181640625,0.0,29.15869140625,2176.0,8192,8192
1804,/home/wanglz/Desktop/src/ModularDT/HONF_Proj/Trained_Results/ThermalChannel/HONF_Forward_Runs/Run_1804_20260905_081349_dense_pairwise_field_adaptation/best_by_field_mse_model.pt,4738,dense_pairwise_field,0684,preparation_plus_one_query,complete,24.51810147613287,24.63024128228426,24.496320724487305,157.693359375,0.0,29.15869140625,2176.0,8192,8192
1804,/home/wanglz/Desktop/src/ModularDT/HONF_Proj/Trained_Results/ThermalChannel/HONF_Forward_Runs/Run_1804_20260905_081349_dense_pairwise_field_adaptation/best_by_field_mse_model.pt,4738,dense_pairwise_field,0684,prepared_p2_decode,complete,11.394400149583817,11.552550736814737,11.371520042419434,1664.75,0.0,29.5869140625,2176.0,8192,8192
1804,/home/wanglz/Desktop/src/ModularDT/HONF_Proj/Trained_Results/ThermalChannel/HONF_Forward_Runs/Run_1804_20260905_081349_dense_pairwise_field_adaptation/best_by_field_mse_model.pt,4738,dense_pairwise_field,0685,application_evaluator,complete,34.26170255988836,37.48809490352869,34.224544525146484,1666.9228515625,0.0,29.15869140625,2176.0,8192,8192
1804,/home/wanglz/Desktop/src/ModularDT/HONF_Proj/Trained_Results/ThermalChannel/HONF_Forward_Runs/Run_1804_20260905_081349_dense_pairwise_field_adaptation/best_by_field_mse_model.pt,4738,dense_pairwise_field,0685,full_forward,complete,33.61635562032461,33.73981015756726,33.59235382080078,1666.6181640625,0.0,29.15869140625,2176.0,8192,8192
1804,/home/wanglz/Desktop/src/ModularDT/HONF_Proj/Trained_Results/ThermalChannel/HONF_Forward_Runs/Run_1804_20260905_081349_dense_pairwise_field_adaptation/best_by_field_mse_model.pt,4738,dense_pairwise_field,0685,preparation_plus_one_query,complete,23.436100222170353,23.582434002310038,23.41391944885254,157.693359375,0.0,29.15869140625,2176.0,8192,8192
1804,/home/wanglz/Desktop/src/ModularDT/HONF_Proj/Trained_Results/ThermalChannel/HONF_Forward_Runs/Run_1804_20260905_081349_dense_pairwise_field_adaptation/best_by_field_mse_model.pt,4738,dense_pairwise_field,0685,prepared_p2_decode,complete,11.414235457777977,11.653096228837967,11.382783889770508,1664.75,0.0,29.5869140625,2176.0,8192,8192
1804,/home/wanglz/Desktop/src/ModularDT/HONF_Proj/Trained_Results/ThermalChannel/HONF_Forward_Runs/Run_1804_20260905_081349_dense_pairwise_field_adaptation/best_by_field_mse_model.pt,4738,dense_pairwise_field,0686,application_evaluator,complete,34.865700639784336,34.89813609048724,34.84070587158203,1666.9228515625,0.0,29.15869140625,2176.0,8192,8192
1804,/home/wanglz/Desktop/src/ModularDT/HONF_Proj/Trained_Results/ThermalChannel/HONF_Forward_Runs/Run_1804_20260905_081349_dense_pairwise_field_adaptation/best_by_field_mse_model.pt,4738,dense_pairwise_field,0686,full_forward,complete,33.62473752349615,35.32291864976287,33.59027099609375,1666.6181640625,0.0,29.15869140625,2176.0,8192,8192
1804,/home/wanglz/Desktop/src/ModularDT/HONF_Proj/Trained_Results/ThermalChannel/HONF_Forward_Runs/Run_1804_20260905_081349_dense_pairwise_field_adaptation/best_by_field_mse_model.pt,4738,dense_pairwise_field,0686,preparation_plus_one_query,complete,25.01985151320696,26.71526661142707,24.99388885498047,157.693359375,0.0,29.15869140625,2176.0,8192,8192
1804,/home/wanglz/Desktop/src/ModularDT/HONF_Proj/Trained_Results/ThermalChannel/HONF_Forward_Runs/Run_1804_20260905_081349_dense_pairwise_field_adaptation/best_by_field_mse_model.pt,4738,dense_pairwise_field,0686,prepared_p2_decode,complete,11.424570344388485,11.625969875603914,11.402239799499512,1664.75,0.0,29.5869140625,2176.0,8192,8192
1804,/home/wanglz/Desktop/src/ModularDT/HONF_Proj/Trained_Results/ThermalChannel/HONF_Forward_Runs/Run_1804_20260905_081349_dense_pairwise_field_adaptation/best_by_field_mse_model.pt,4738,dense_pairwise_field,0687,application_evaluator,complete,34.73774902522564,35.154876951128244,34.71779251098633,1666.9228515625,0.0,29.15869140625,2176.0,8192,8192
1804,/home/wanglz/Desktop/src/ModularDT/HONF_Proj/Trained_Results/ThermalChannel/HONF_Forward_Runs/Run_1804_20260905_081349_dense_pairwise_field_adaptation/best_by_field_mse_model.pt,4738,dense_pairwise_field,0687,full_forward,complete,33.010960556566715,33.20632427930832,32.99020767211914,1666.6181640625,0.0,29.15869140625,2176.0,8192,8192
1804,/home/wanglz/Desktop/src/ModularDT/HONF_Proj/Trained_Results/ThermalChannel/HONF_Forward_Runs/Run_1804_20260905_081349_dense_pairwise_field_adaptation/best_by_field_mse_model.pt,4738,dense_pairwise_field,0687,preparation_plus_one_query,complete,24.320587515830994,24.628843739628792,24.29952049255371,157.693359375,0.0,29.15869140625,2176.0,8192,8192
1804,/home/wanglz/Desktop/src/ModularDT/HONF_Proj/Trained_Results/ThermalChannel/HONF_Forward_Runs/Run_1804_20260905_081349_dense_pairwise_field_adaptation/best_by_field_mse_model.pt,4738,dense_pairwise_field,0687,prepared_p2_decode,complete,11.482681147754192,11.520898435264826,11.461631774902344,1664.75,0.0,29.5869140625,2176.0,8192,8192
1804,/home/wanglz/Desktop/src/ModularDT/HONF_Proj/Trained_Results/ThermalChannel/HONF_Forward_Runs/Run_1804_20260905_081349_dense_pairwise_field_adaptation/best_by_field_mse_model.pt,4738,dense_pairwise_field,0688,application_evaluator,complete,34.63354427367449,36.707114800810814,34.6129264831543,1666.9228515625,0.0,29.15869140625,2176.0,8192,8192
1804,/home/wanglz/Desktop/src/ModularDT/HONF_Proj/Trained_Results/ThermalChannel/HONF_Forward_Runs/Run_1804_20260905_081349_dense_pairwise_field_adaptation/best_by_field_mse_model.pt,4738,dense_pairwise_field,0688,full_forward,complete,36.5343801677227,55.26741994544864,36.513790130615234,1666.6181640625,0.0,29.15869140625,2176.0,8192,8192
1804,/home/wanglz/Desktop/src/ModularDT/HONF_Proj/Trained_Results/ThermalChannel/HONF_Forward_Runs/Run_1804_20260905_081349_dense_pairwise_field_adaptation/best_by_field_mse_model.pt,4738,dense_pairwise_field,0688,preparation_plus_one_query,complete,24.317793548107147,24.349977541714907,24.29439926147461,157.693359375,0.0,29.15869140625,2176.0,8192,8192
1804,/home/wanglz/Desktop/src/ModularDT/HONF_Proj/Trained_Results/ThermalChannel/HONF_Forward_Runs/Run_1804_20260905_081349_dense_pairwise_field_adaptation/best_by_field_mse_model.pt,4738,dense_pairwise_field,0688,prepared_p2_decode,complete,11.462565511465073,11.488715372979641,11.439135551452637,1664.75,0.0,29.5869140625,2176.0,8192,8192
1804,/home/wanglz/Desktop/src/ModularDT/HONF_Proj/Trained_Results/ThermalChannel/HONF_Forward_Runs/Run_1804_20260905_081349_dense_pairwise_field_adaptation/best_by_field_mse_model.pt,4738,dense_pairwise_field,0689,application_evaluator,complete,34.81848817318678,35.049554612487555,34.79670333862305,1666.9228515625,0.0,29.15869140625,2176.0,8192,8192
1804,/home/wanglz/Desktop/src/ModularDT/HONF_Proj/Trained_Results/ThermalChannel/HONF_Forward_Runs/Run_1804_20260905_081349_dense_pairwise_field_adaptation/best_by_field_mse_model.pt,4738,dense_pairwise_field,0689,full_forward,complete,34.99309252947569,35.00340227037668,34.96879959106445,1666.6181640625,0.0,29.15869140625,2176.0,8192,8192
1804,/home/wanglz/Desktop/src/ModularDT/HONF_Proj/Trained_Results/ThermalChannel/HONF_Forward_Runs/Run_1804_20260905_081349_dense_pairwise_field_adaptation/best_by_field_mse_model.pt,4738,dense_pairwise_field,0689,preparation_plus_one_query,complete,25.940097868442535,26.04695623740554,25.917728424072266,157.693359375,0.0,29.15869140625,2176.0,8192,8192
1804,/home/wanglz/Desktop/src/ModularDT/HONF_Proj/Trained_Results/ThermalChannel/HONF_Forward_Runs/Run_1804_20260905_081349_dense_pairwise_field_adaptation/best_by_field_mse_model.pt,4738,dense_pairwise_field,0689,prepared_p2_decode,complete,11.480445973575115,11.56618446111679,11.446016311645508,1664.75,0.0,29.5869140625,2176.0,8192,8192
1804,/home/wanglz/Desktop/src/ModularDT/HONF_Proj/Trained_Results/ThermalChannel/HONF_Forward_Runs/Run_1804_20260905_081349_dense_pairwise_field_adaptation/best_by_field_mse_model.pt,4738,dense_pairwise_field,0690,application_evaluator,complete,51.144891418516636,51.44510269165039,51.12112045288086,1666.9228515625,0.0,29.15869140625,2176.0,8192,8192
1804,/home/wanglz/Desktop/src/ModularDT/HONF_Proj/Trained_Results/ThermalChannel/HONF_Forward_Runs/Run_1804_20260905_081349_dense_pairwise_field_adaptation/best_by_field_mse_model.pt,4738,dense_pairwise_field,0690,full_forward,complete,35.16574576497078,37.09650123491883,35.14486312866211,1666.6181640625,0.0,29.15869140625,2176.0,8192,8192
1804,/home/wanglz/Desktop/src/ModularDT/HONF_Proj/Trained_Results/ThermalChannel/HONF_Forward_Runs/Run_1804_20260905_081349_dense_pairwise_field_adaptation/best_by_field_mse_model.pt,4738,dense_pairwise_field,0690,preparation_plus_one_query,complete,24.85669869929552,26.278303004801273,24.828927993774414,157.693359375,0.0,29.15869140625,2176.0,8192,8192
1804,/home/wanglz/Desktop/src/ModularDT/HONF_Proj/Trained_Results/ThermalChannel/HONF_Forward_Runs/Run_1804_20260905_081349_dense_pairwise_field_adaptation/best_by_field_mse_model.pt,4738,dense_pairwise_field,0690,prepared_p2_decode,complete,12.098133563995361,12.724453676491976,12.072959899902344,1664.75,0.0,29.5869140625,2176.0,8192,8192
1804,/home/wanglz/Desktop/src/ModularDT/HONF_Proj/Trained_Results/ThermalChannel/HONF_Forward_Runs/Run_1804_20260905_081349_dense_pairwise_field_adaptation/best_by_field_mse_model.pt,4738,dense_pairwise_field,0691,application_evaluator,complete,35.58144811540842,37.22380995750427,35.557823181152344,1666.9228515625,0.0,29.15869140625,2176.0,8192,8192
1804,/home/wanglz/Desktop/src/ModularDT/HONF_Proj/Trained_Results/ThermalChannel/HONF_Forward_Runs/Run_1804_20260905_081349_dense_pairwise_field_adaptation/best_by_field_mse_model.pt,4738,dense_pairwise_field,0691,full_forward,complete,34.648350439965725,34.69285415485501,34.62748718261719,1666.6181640625,0.0,29.15869140625,2176.0,8192,8192
1804,/home/wanglz/Desktop/src/ModularDT/HONF_Proj/Trained_Results/ThermalChannel/HONF_Forward_Runs/Run_1804_20260905_081349_dense_pairwise_field_adaptation/best_by_field_mse_model.pt,4738,dense_pairwise_field,0691,preparation_plus_one_query,complete,25.412365794181824,25.64091933891177,25.389856338500977,157.693359375,0.0,29.15869140625,2176.0,8192,8192
1804,/home/wanglz/Desktop/src/ModularDT/HONF_Proj/Trained_Results/ThermalChannel/HONF_Forward_Runs/Run_1804_20260905_081349_dense_pairwise_field_adaptation/best_by_field_mse_model.pt,4738,dense_pairwise_field,0691,prepared_p2_decode,complete,11.429601348936558,11.528665386140347,11.407135963439941,1664.75,0.0,29.5869140625,2176.0,8192,8192
1804,/home/wanglz/Desktop/src/ModularDT/HONF_Proj/Trained_Results/ThermalChannel/HONF_Forward_Runs/Run_1804_20260905_081349_dense_pairwise_field_adaptation/best_by_field_mse_model.pt,4738,dense_pairwise_field,0692,application_evaluator,complete,33.908018842339516,34.620581194758415,33.88636779785156,1666.9228515625,0.0,29.15869140625,2176.0,8192,8192
1804,/home/wanglz/Desktop/src/ModularDT/HONF_Proj/Trained_Results/ThermalChannel/HONF_Forward_Runs/Run_1804_20260905_081349_dense_pairwise_field_adaptation/best_by_field_mse_model.pt,4738,dense_pairwise_field,0692,full_forward,complete,33.654630184173584,34.37347812578082,33.63328170776367,1666.6181640625,0.0,29.15869140625,2176.0,8192,8192
1804,/home/wanglz/Desktop/src/ModularDT/HONF_Proj/Trained_Results/ThermalChannel/HONF_Forward_Runs/Run_1804_20260905_081349_dense_pairwise_field_adaptation/best_by_field_mse_model.pt,4738,dense_pairwise_field,0692,preparation_plus_one_query,complete,23.658479563891888,23.723348788917065,23.636991500854492,157.693359375,0.0,29.15869140625,2176.0,8192,8192
1804,/home/wanglz/Desktop/src/ModularDT/HONF_Proj/Trained_Results/ThermalChannel/HONF_Forward_Runs/Run_1804_20260905_081349_dense_pairwise_field_adaptation/best_by_field_mse_model.pt,4738,dense_pairwise_field,0692,prepared_p2_decode,complete,11.482401750981808,11.526401713490486,11.463680267333984,1664.75,0.0,29.5869140625,2176.0,8192,8192
1501,/home/wanglz/Desktop/src/ModularDT/HONF_Proj/Trained_Results/ThermalChannel/HONF_Forward_Runs/Run_1501_20260922_211056_sparse_incidence_adaptive_honf/best_by_field_mse_model.pt,4689,sparse_incidence_group_control_honf,0273,application_evaluator,complete,48.942615278065205,49.567175190895796,48.92051315307617,1732.2119140625,0.0,23.65869140625,2312.0,8192,8192
1501,/home/wanglz/Desktop/src/ModularDT/HONF_Proj/Trained_Results/ThermalChannel/HONF_Forward_Runs/Run_1501_20260922_211056_sparse_incidence_adaptive_honf/best_by_field_mse_model.pt,4689,sparse_incidence_group_control_honf,0273,full_forward,complete,72.00659438967705,72.81168373301625,71.9788818359375,1731.9072265625,0.0,23.65869140625,2312.0,8192,8192
1501,/home/wanglz/Desktop/src/ModularDT/HONF_Proj/Trained_Results/ThermalChannel/HONF_Forward_Runs/Run_1501_20260922_211056_sparse_incidence_adaptive_honf/best_by_field_mse_model.pt,4689,sparse_incidence_group_control_honf,0273,preparation_plus_one_query,complete,38.577135652303696,39.182588178664446,38.551265716552734,164.9462890625,0.0,23.65869140625,2312.0,8192,8192
1501,/home/wanglz/Desktop/src/ModularDT/HONF_Proj/Trained_Results/ThermalChannel/HONF_Forward_Runs/Run_1501_20260922_211056_sparse_incidence_adaptive_honf/best_by_field_mse_model.pt,4689,sparse_incidence_group_control_honf,0273,prepared_p2_decode,complete,11.562860570847988,11.570654064416885,11.538687705993652,1728.0322265625,0.0,24.7421875,2312.0,8192,8192
1501,/home/wanglz/Desktop/src/ModularDT/HONF_Proj/Trained_Results/ThermalChannel/HONF_Forward_Runs/Run_1501_20260922_211056_sparse_incidence_adaptive_honf/best_by_field_mse_model.pt,4689,sparse_incidence_group_control_honf,0274,application_evaluator,complete,47.56923019886017,48.328558541834354,47.54915237426758,1732.2119140625,0.0,23.65869140625,2312.0,8192,8192
1501,/home/wanglz/Desktop/src/ModularDT/HONF_Proj/Trained_Results/ThermalChannel/HONF_Forward_Runs/Run_1501_20260922_211056_sparse_incidence_adaptive_honf/best_by_field_mse_model.pt,4689,sparse_incidence_group_control_honf,0274,full_forward,complete,46.85292486101389,46.89667420461774,46.82854461669922,1731.9072265625,0.0,23.65869140625,2312.0,8192,8192
1501,/home/wanglz/Desktop/src/ModularDT/HONF_Proj/Trained_Results/ThermalChannel/HONF_Forward_Runs/Run_1501_20260922_211056_sparse_incidence_adaptive_honf/best_by_field_mse_model.pt,4689,sparse_incidence_group_control_honf,0274,preparation_plus_one_query,complete,37.83121705055237,39.066257793456316,37.80825424194336,164.9462890625,0.0,23.65869140625,2312.0,8192,8192
1501,/home/wanglz/Desktop/src/ModularDT/HONF_Proj/Trained_Results/ThermalChannel/HONF_Forward_Runs/Run_1501_20260922_211056_sparse_incidence_adaptive_honf/best_by_field_mse_model.pt,4689,sparse_incidence_group_control_honf,0274,prepared_p2_decode,complete,12.406558729708195,12.86668162792921,12.364831924438477,1728.0322265625,0.0,24.7421875,2312.0,8192,8192
1501,/home/wanglz/Desktop/src/ModularDT/HONF_Proj/Trained_Results/ThermalChannel/HONF_Forward_Runs/Run_1501_20260922_211056_sparse_incidence_adaptive_honf/best_by_field_mse_model.pt,4689,sparse_incidence_group_control_honf,0275,application_evaluator,complete,46.45063169300556,47.84457739442587,46.431968688964844,1732.2119140625,0.0,23.65869140625,2312.0,8192,8192
1501,/home/wanglz/Desktop/src/ModularDT/HONF_Proj/Trained_Results/ThermalChannel/HONF_Forward_Runs/Run_1501_20260922_211056_sparse_incidence_adaptive_honf/best_by_field_mse_model.pt,4689,sparse_incidence_group_control_honf,0275,full_forward,complete,46.17656767368317,47.061111591756344,46.15270233154297,1731.9072265625,0.0,23.65869140625,2312.0,8192,8192
1501,/home/wanglz/Desktop/src/ModularDT/HONF_Proj/Trained_Results/ThermalChannel/HONF_Forward_Runs/Run_1501_20260922_211056_sparse_incidence_adaptive_honf/best_by_field_mse_model.pt,4689,sparse_incidence_group_control_honf,0275,preparation_plus_one_query,complete,37.58844453841448,37.803671695291996,37.564414978027344,164.9462890625,0.0,23.65869140625,2312.0,8192,8192
1501,/home/wanglz/Desktop/src/ModularDT/HONF_Proj/Trained_Results/ThermalChannel/HONF_Forward_Runs/Run_1501_20260922_211056_sparse_incidence_adaptive_honf/best_by_field_mse_model.pt,4689,sparse_incidence_group_control_honf,0275,prepared_p2_decode,complete,11.677121743559837,11.73922661691904,11.6561918258667,1728.0322265625,0.0,24.7421875,2312.0,8192,8192
1501,/home/wanglz/Desktop/src/ModularDT/HONF_Proj/Trained_Results/ThermalChannel/HONF_Forward_Runs/Run_1501_20260922_211056_sparse_incidence_adaptive_honf/best_by_field_mse_model.pt,4689,sparse_incidence_group_control_honf,0276,application_evaluator,complete,77.75687426328659,78.49910520017147,77.71587371826172,1732.2119140625,0.0,23.65869140625,2312.0,8192,8192
1501,/home/wanglz/Desktop/src/ModularDT/HONF_Proj/Trained_Results/ThermalChannel/HONF_Forward_Runs/Run_1501_20260922_211056_sparse_incidence_adaptive_honf/best_by_field_mse_model.pt,4689,sparse_incidence_group_control_honf,0276,full_forward,complete,45.854175463318825,46.02816617116332,45.83321762084961,1731.9072265625,0.0,23.65869140625,2312.0,8192,8192
1501,/home/wanglz/Desktop/src/ModularDT/HONF_Proj/Trained_Results/ThermalChannel/HONF_Forward_Runs/Run_1501_20260922_211056_sparse_incidence_adaptive_honf/best_by_field_mse_model.pt,4689,sparse_incidence_group_control_honf,0276,preparation_plus_one_query,complete,37.81221993267536,39.245138969272375,37.79072189331055,164.9462890625,0.0,23.65869140625,2312.0,8192,8192
1501,/home/wanglz/Desktop/src/ModularDT/HONF_Proj/Trained_Results/ThermalChannel/HONF_Forward_Runs/Run_1501_20260922_211056_sparse_incidence_adaptive_honf/best_by_field_mse_model.pt,4689,sparse_incidence_group_control_honf,0276,prepared_p2_decode,complete,11.674050241708755,11.713273357599974,11.644927978515625,1728.0322265625,0.0,24.7421875,2312.0,8192,8192
1501,/home/wanglz/Desktop/src/ModularDT/HONF_Proj/Trained_Results/ThermalChannel/HONF_Forward_Runs/Run_1501_20260922_211056_sparse_incidence_adaptive_honf/best_by_field_mse_model.pt,4689,sparse_incidence_group_control_honf,0277,application_evaluator,complete,49.34993665665388,50.15452392399311,49.32787322998047,1732.2119140625,0.0,23.65869140625,2312.0,8192,8192
1501,/home/wanglz/Desktop/src/ModularDT/HONF_Proj/Trained_Results/ThermalChannel/HONF_Forward_Runs/Run_1501_20260922_211056_sparse_incidence_adaptive_honf/best_by_field_mse_model.pt,4689,sparse_incidence_group_control_honf,0277,full_forward,complete,44.778041541576385,45.676412247121334,44.75392150878906,1731.9072265625,0.0,23.65869140625,2312.0,8192,8192
1501,/home/wanglz/Desktop/src/ModularDT/HONF_Proj/Trained_Results/ThermalChannel/HONF_Forward_Runs/Run_1501_20260922_211056_sparse_incidence_adaptive_honf/best_by_field_mse_model.pt,4689,sparse_incidence_group_control_honf,0277,preparation_plus_one_query,complete,38.58747240155935,38.81250638514757,38.55974578857422,164.9462890625,0.0,23.65869140625,2312.0,8192,8192
1501,/home/wanglz/Desktop/src/ModularDT/HONF_Proj/Trained_Results/ThermalChannel/HONF_Forward_Runs/Run_1501_20260922_211056_sparse_incidence_adaptive_honf/best_by_field_mse_model.pt,4689,sparse_incidence_group_control_honf,0277,prepared_p2_decode,complete,11.72657124698162,11.769818514585495,11.704319953918457,1728.0322265625,0.0,24.7421875,2312.0,8192,8192
1501,/home/wanglz/Desktop/src/ModularDT/HONF_Proj/Trained_Results/ThermalChannel/HONF_Forward_Runs/Run_1501_20260922_211056_sparse_incidence_adaptive_honf/best_by_field_mse_model.pt,4689,sparse_incidence_group_control_honf,0278,application_evaluator,complete,48.45204018056393,49.27598796784878,48.430721282958984,1732.2119140625,0.0,23.65869140625,2312.0,8192,8192
1501,/home/wanglz/Desktop/src/ModularDT/HONF_Proj/Trained_Results/ThermalChannel/HONF_Forward_Runs/Run_1501_20260922_211056_sparse_incidence_adaptive_honf/best_by_field_mse_model.pt,4689,sparse_incidence_group_control_honf,0278,full_forward,complete,48.99150412529707,71.38792676851153,48.95334243774414,1731.9072265625,0.0,23.65869140625,2312.0,8192,8192
1501,/home/wanglz/Desktop/src/ModularDT/HONF_Proj/Trained_Results/ThermalChannel/HONF_Forward_Runs/Run_1501_20260922_211056_sparse_incidence_adaptive_honf/best_by_field_mse_model.pt,4689,sparse_incidence_group_control_honf,0278,preparation_plus_one_query,complete,65.26734307408333,65.8780736848712,65.21548461914062,164.9462890625,0.0,23.65869140625,2312.0,8192,8192
1501,/home/wanglz/Desktop/src/ModularDT/HONF_Proj/Trained_Results/ThermalChannel/HONF_Forward_Runs/Run_1501_20260922_211056_sparse_incidence_adaptive_honf/best_by_field_mse_model.pt,4689,sparse_incidence_group_control_honf,0278,prepared_p2_decode,complete,11.6869006305933,11.851589102298021,11.64902400970459,1728.0322265625,0.0,24.7421875,2312.0,8192,8192
1501,/home/wanglz/Desktop/src/ModularDT/HONF_Proj/Trained_Results/ThermalChannel/HONF_Forward_Runs/Run_1501_20260922_211056_sparse_incidence_adaptive_honf/best_by_field_mse_model.pt,4689,sparse_incidence_group_control_honf,0279,application_evaluator,complete,49.032012932002544,49.40589442849159,49.012001037597656,1732.2119140625,0.0,23.65869140625,2312.0,8192,8192
1501,/home/wanglz/Desktop/src/ModularDT/HONF_Proj/Trained_Results/ThermalChannel/HONF_Forward_Runs/Run_1501_20260922_211056_sparse_incidence_adaptive_honf/best_by_field_mse_model.pt,4689,sparse_incidence_group_control_honf,0279,full_forward,complete,46.33245803415775,47.493325639516115,46.3111686706543,1731.9072265625,0.0,23.65869140625,2312.0,8192,8192
1501,/home/wanglz/Desktop/src/ModularDT/HONF_Proj/Trained_Results/ThermalChannel/HONF_Forward_Runs/Run_1501_20260922_211056_sparse_incidence_adaptive_honf/best_by_field_mse_model.pt,4689,sparse_incidence_group_control_honf,0279,preparation_plus_one_query,complete,37.7177931368351,38.72277243062854,37.69468688964844,164.9462890625,0.0,23.65869140625,2312.0,8192,8192
1501,/home/wanglz/Desktop/src/ModularDT/HONF_Proj/Trained_Results/ThermalChannel/HONF_Forward_Runs/Run_1501_20260922_211056_sparse_incidence_adaptive_honf/best_by_field_mse_model.pt,4689,sparse_incidence_group_control_honf,0279,prepared_p2_decode,complete,11.534643359482288,11.669664084911346,11.51471996307373,1728.0322265625,0.0,24.7421875,2312.0,8192,8192
1501,/home/wanglz/Desktop/src/ModularDT/HONF_Proj/Trained_Results/ThermalChannel/HONF_Forward_Runs/Run_1501_20260922_211056_sparse_incidence_adaptive_honf/best_by_field_mse_model.pt,4689,sparse_incidence_group_control_honf,0280,application_evaluator,complete,48.62552881240845,49.04466923326254,48.60416030883789,1732.2119140625,0.0,23.65869140625,2312.0,8192,8192
1501,/home/wanglz/Desktop/src/ModularDT/HONF_Proj/Trained_Results/ThermalChannel/HONF_Forward_Runs/Run_1501_20260922_211056_sparse_incidence_adaptive_honf/best_by_field_mse_model.pt,4689,sparse_incidence_group_control_honf,0280,full_forward,complete,74.36112686991692,74.9210698530078,74.33609771728516,1731.9072265625,0.0,23.65869140625,2312.0,8192,8192
1501,/home/wanglz/Desktop/src/ModularDT/HONF_Proj/Trained_Results/ThermalChannel/HONF_Forward_Runs/Run_1501_20260922_211056_sparse_incidence_adaptive_honf/best_by_field_mse_model.pt,4689,sparse_incidence_group_control_honf,0280,preparation_plus_one_query,complete,41.03531688451767,47.65454940497875,41.001983642578125,164.9462890625,0.0,23.65869140625,2312.0,8192,8192
1501,/home/wanglz/Desktop/src/ModularDT/HONF_Proj/Trained_Results/ThermalChannel/HONF_Forward_Runs/Run_1501_20260922_211056_sparse_incidence_adaptive_honf/best_by_field_mse_model.pt,4689,sparse_incidence_group_control_honf,0280,prepared_p2_decode,complete,11.644715443253517,11.729448102414608,11.615008354187012,1728.0322265625,0.0,24.7421875,2312.0,8192,8192
1501,/home/wanglz/Desktop/src/ModularDT/HONF_Proj/Trained_Results/ThermalChannel/HONF_Forward_Runs/Run_1501_20260922_211056_sparse_incidence_adaptive_honf/best_by_field_mse_model.pt,4689,sparse_incidence_group_control_honf,0281,application_evaluator,complete,49.33317378163338,52.80295396223664,49.298240661621094,1732.2119140625,0.0,23.65869140625,2312.0,8192,8192
1501,/home/wanglz/Desktop/src/ModularDT/HONF_Proj/Trained_Results/ThermalChannel/HONF_Forward_Runs/Run_1501_20260922_211056_sparse_incidence_adaptive_honf/best_by_field_mse_model.pt,4689,sparse_incidence_group_control_honf,0281,full_forward,complete,46.04275058954954,46.65599660947919,45.88924789428711,1731.9072265625,0.0,23.65869140625,2312.0,8192,8192
1501,/home/wanglz/Desktop/src/ModularDT/HONF_Proj/Trained_Results/ThermalChannel/HONF_Forward_Runs/Run_1501_20260922_211056_sparse_incidence_adaptive_honf/best_by_field_mse_model.pt,4689,sparse_incidence_group_control_honf,0281,preparation_plus_one_query,complete,37.01014816761017,38.275611866265535,36.988670349121094,164.9462890625,0.0,23.65869140625,2312.0,8192,8192
1501,/home/wanglz/Desktop/src/ModularDT/HONF_Proj/Trained_Results/ThermalChannel/HONF_Forward_Runs/Run_1501_20260922_211056_sparse_incidence_adaptive_honf/best_by_field_mse_model.pt,4689,sparse_incidence_group_control_honf,0281,prepared_p2_decode,complete,12.961667962372303,13.192232325673103,12.93619155883789,1728.0322265625,0.0,24.7421875,2312.0,8192,8192
1501,/home/wanglz/Desktop/src/ModularDT/HONF_Proj/Trained_Results/ThermalChannel/HONF_Forward_Runs/Run_1501_20260922_211056_sparse_incidence_adaptive_honf/best_by_field_mse_model.pt,4689,sparse_incidence_group_control_honf,0282,application_evaluator,complete,49.3208821862936,49.4106431491673,49.29939270019531,1732.2119140625,0.0,23.65869140625,2312.0,8192,8192
1501,/home/wanglz/Desktop/src/ModularDT/HONF_Proj/Trained_Results/ThermalChannel/HONF_Forward_Runs/Run_1501_20260922_211056_sparse_incidence_adaptive_honf/best_by_field_mse_model.pt,4689,sparse_incidence_group_control_honf,0282,full_forward,complete,46.78978770971298,50.27188677340746,46.71692657470703,1731.9072265625,0.0,23.65869140625,2312.0,8192,8192
1501,/home/wanglz/Desktop/src/ModularDT/HONF_Proj/Trained_Results/ThermalChannel/HONF_Forward_Runs/Run_1501_20260922_211056_sparse_incidence_adaptive_honf/best_by_field_mse_model.pt,4689,sparse_incidence_group_control_honf,0282,preparation_plus_one_query,complete,38.62379118800163,39.43416113033891,38.60073471069336,164.9462890625,0.0,23.65869140625,2312.0,8192,8192
1501,/home/wanglz/Desktop/src/ModularDT/HONF_Proj/Trained_Results/ThermalChannel/HONF_Forward_Runs/Run_1501_20260922_211056_sparse_incidence_adaptive_honf/best_by_field_mse_model.pt,4689,sparse_incidence_group_control_honf,0282,prepared_p2_decode,complete,11.667064391076565,11.745763756334782,11.644927978515625,1728.0322265625,0.0,24.7421875,2312.0,8192,8192
1501,/home/wanglz/Desktop/src/ModularDT/HONF_Proj/Trained_Results/ThermalChannel/HONF_Forward_Runs/Run_1501_20260922_211056_sparse_incidence_adaptive_honf/best_by_field_mse_model.pt,4689,sparse_incidence_group_control_honf,0283,application_evaluator,complete,48.47103729844093,72.150525636971,48.44905471801758,1732.2119140625,0.0,23.65869140625,2312.0,8192,8192
1501,/home/wanglz/Desktop/src/ModularDT/HONF_Proj/Trained_Results/ThermalChannel/HONF_Forward_Runs/Run_1501_20260922_211056_sparse_incidence_adaptive_honf/best_by_field_mse_model.pt,4689,sparse_incidence_group_control_honf,0283,full_forward,complete,45.897478237748146,46.36992085725069,45.8636474609375,1731.9072265625,0.0,23.65869140625,2312.0,8192,8192
1501,/home/wanglz/Desktop/src/ModularDT/HONF_Proj/Trained_Results/ThermalChannel/HONF_Forward_Runs/Run_1501_20260922_211056_sparse_incidence_adaptive_honf/best_by_field_mse_model.pt,4689,sparse_incidence_group_control_honf,0283,preparation_plus_one_query,complete,61.82717625051737,65.71936411783099,61.80335998535156,164.9462890625,0.0,23.65869140625,2312.0,8192,8192
1501,/home/wanglz/Desktop/src/ModularDT/HONF_Proj/Trained_Results/ThermalChannel/HONF_Forward_Runs/Run_1501_20260922_211056_sparse_incidence_adaptive_honf/best_by_field_mse_model.pt,4689,sparse_incidence_group_control_honf,0283,prepared_p2_decode,complete,11.713162064552307,11.786077078431845,11.682527542114258,1728.0322265625,0.0,24.7421875,2312.0,8192,8192
1501,/home/wanglz/Desktop/src/ModularDT/HONF_Proj/Trained_Results/ThermalChannel/HONF_Forward_Runs/Run_1501_20260922_211056_sparse_incidence_adaptive_honf/best_by_field_mse_model.pt,4689,sparse_incidence_group_control_honf,0284,application_evaluator,complete,49.19181298464537,49.44928074255586,49.169857025146484,1732.2119140625,0.0,23.65869140625,2312.0,8192,8192
1501,/home/wanglz/Desktop/src/ModularDT/HONF_Proj/Trained_Results/ThermalChannel/HONF_Forward_Runs/Run_1501_20260922_211056_sparse_incidence_adaptive_honf/best_by_field_mse_model.pt,4689,sparse_incidence_group_control_honf,0284,full_forward,complete,47.876257449388504,47.88782447576523,47.84022521972656,1731.9072265625,0.0,23.65869140625,2312.0,8192,8192
1501,/home/wanglz/Desktop/src/ModularDT/HONF_Proj/Trained_Results/ThermalChannel/HONF_Forward_Runs/Run_1501_20260922_211056_sparse_incidence_adaptive_honf/best_by_field_mse_model.pt,4689,sparse_incidence_group_control_honf,0284,preparation_plus_one_query,complete,39.34233170002699,39.78636218234897,39.31852722167969,164.9462890625,0.0,23.65869140625,2312.0,8192,8192
1501,/home/wanglz/Desktop/src/ModularDT/HONF_Proj/Trained_Results/ThermalChannel/HONF_Forward_Runs/Run_1501_20260922_211056_sparse_incidence_adaptive_honf/best_by_field_mse_model.pt,4689,sparse_incidence_group_control_honf,0284,prepared_p2_decode,complete,11.709250509738922,11.744198855012655,11.687935829162598,1728.0322265625,0.0,24.7421875,2312.0,8192,8192
1501,/home/wanglz/Desktop/src/ModularDT/HONF_Proj/Trained_Results/ThermalChannel/HONF_Forward_Runs/Run_1501_20260922_211056_sparse_incidence_adaptive_honf/best_by_field_mse_model.pt,4689,sparse_incidence_group_control_honf,0285,application_evaluator,complete,49.67708047479391,52.47729243710637,49.65225601196289,1732.2119140625,0.0,23.65869140625,2312.0,8192,8192
1501,/home/wanglz/Desktop/src/ModularDT/HONF_Proj/Trained_Results/ThermalChannel/HONF_Forward_Runs/Run_1501_20260922_211056_sparse_incidence_adaptive_honf/best_by_field_mse_model.pt,4689,sparse_incidence_group_control_honf,0285,full_forward,complete,73.35539441555738,73.4997165389359,73.18118286132812,1731.9072265625,0.0,23.65869140625,2312.0,8192,8192
1501,/home/wanglz/Desktop/src/ModularDT/HONF_Proj/Trained_Results/ThermalChannel/HONF_Forward_Runs/Run_1501_20260922_211056_sparse_incidence_adaptive_honf/best_by_field_mse_model.pt,4689,sparse_incidence_group_control_honf,0285,preparation_plus_one_query,complete,37.53173165023327,38.16106924787164,37.50707244873047,164.9462890625,0.0,23.65869140625,2312.0,8192,8192
1501,/home/wanglz/Desktop/src/ModularDT/HONF_Proj/Trained_Results/ThermalChannel/HONF_Forward_Runs/Run_1501_20260922_211056_sparse_incidence_adaptive_honf/best_by_field_mse_model.pt,4689,sparse_incidence_group_control_honf,0285,prepared_p2_decode,complete,11.681034229695797,11.715479660779238,11.65824031829834,1728.0322265625,0.0,24.7421875,2312.0,8192,8192
1501,/home/wanglz/Desktop/src/ModularDT/HONF_Proj/Trained_Results/ThermalChannel/HONF_Forward_Runs/Run_1501_20260922_211056_sparse_incidence_adaptive_honf/best_by_field_mse_model.pt,4689,sparse_incidence_group_control_honf,0286,application_evaluator,complete,49.657803028821945,73.23822565376759,49.63542556762695,1732.2119140625,0.0,23.65869140625,2312.0,8192,8192
1501,/home/wanglz/Desktop/src/ModularDT/HONF_Proj/Trained_Results/ThermalChannel/HONF_Forward_Runs/Run_1501_20260922_211056_sparse_incidence_adaptive_honf/best_by_field_mse_model.pt,4689,sparse_incidence_group_control_honf,0286,full_forward,complete,47.96677362173796,48.27478006482124,47.94367980957031,1731.9072265625,0.0,23.65869140625,2312.0,8192,8192
1501,/home/wanglz/Desktop/src/ModularDT/HONF_Proj/Trained_Results/ThermalChannel/HONF_Forward_Runs/Run_1501_20260922_211056_sparse_incidence_adaptive_honf/best_by_field_mse_model.pt,4689,sparse_incidence_group_control_honf,0286,preparation_plus_one_query,complete,38.69810327887535,38.7385836802423,38.674686431884766,164.9462890625,0.0,23.65869140625,2312.0,8192,8192
1501,/home/wanglz/Desktop/src/ModularDT/HONF_Proj/Trained_Results/ThermalChannel/HONF_Forward_Runs/Run_1501_20260922_211056_sparse_incidence_adaptive_honf/best_by_field_mse_model.pt,4689,sparse_incidence_group_control_honf,0286,prepared_p2_decode,complete,12.778958305716515,13.018072210252285,12.75391960144043,1728.0322265625,0.0,24.7421875,2312.0,8192,8192
1501,/home/wanglz/Desktop/src/ModularDT/HONF_Proj/Trained_Results/ThermalChannel/HONF_Forward_Runs/Run_1501_20260922_211056_sparse_incidence_adaptive_honf/best_by_field_mse_model.pt,4689,sparse_incidence_group_control_honf,0287,application_evaluator,complete,54.58003003150225,76.9950588233769,54.54326248168945,1732.2119140625,0.0,23.65869140625,2312.0,8192,8192
1501,/home/wanglz/Desktop/src/ModularDT/HONF_Proj/Trained_Results/ThermalChannel/HONF_Forward_Runs/Run_1501_20260922_211056_sparse_incidence_adaptive_honf/best_by_field_mse_model.pt,4689,sparse_incidence_group_control_honf,0287,full_forward,complete,46.52606137096882,49.318228382617235,46.492671966552734,1731.9072265625,0.0,23.65869140625,2312.0,8192,8192
1501,/home/wanglz/Desktop/src/ModularDT/HONF_Proj/Trained_Results/ThermalChannel/HONF_Forward_Runs/Run_1501_20260922_211056_sparse_incidence_adaptive_honf/best_by_field_mse_model.pt,4689,sparse_incidence_group_control_honf,0287,preparation_plus_one_query,complete,37.276108749210835,37.58034333586693,37.25312042236328,164.9462890625,0.0,23.65869140625,2312.0,8192,8192
1501,/home/wanglz/Desktop/src/ModularDT/HONF_Proj/Trained_Results/ThermalChannel/HONF_Forward_Runs/Run_1501_20260922_211056_sparse_incidence_adaptive_honf/best_by_field_mse_model.pt,4689,sparse_incidence_group_control_honf,0287,prepared_p2_decode,complete,11.656169779598713,11.682067345827818,11.628288269042969,1728.0322265625,0.0,24.7421875,2312.0,8192,8192
1501,/home/wanglz/Desktop/src/ModularDT/HONF_Proj/Trained_Results/ThermalChannel/HONF_Forward_Runs/Run_1501_20260922_211056_sparse_incidence_adaptive_honf/best_by_field_mse_model.pt,4689,sparse_incidence_group_control_honf,0288,application_evaluator,complete,59.11644548177719,62.16180548071861,59.09408187866211,1732.2119140625,0.0,23.65869140625,2312.0,8192,8192
1501,/home/wanglz/Desktop/src/ModularDT/HONF_Proj/Trained_Results/ThermalChannel/HONF_Forward_Runs/Run_1501_20260922_211056_sparse_incidence_adaptive_honf/best_by_field_mse_model.pt,4689,sparse_incidence_group_control_honf,0288,full_forward,complete,46.095830388367176,49.96765274554491,46.07283020019531,1731.9072265625,0.0,23.65869140625,2312.0,8192,8192
1501,/home/wanglz/Desktop/src/ModularDT/HONF_Proj/Trained_Results/ThermalChannel/HONF_Forward_Runs/Run_1501_20260922_211056_sparse_incidence_adaptive_honf/best_by_field_mse_model.pt,4689,sparse_incidence_group_control_honf,0288,preparation_plus_one_query,complete,51.533215679228306,53.839110769331455,51.511295318603516,164.9462890625,0.0,23.65869140625,2312.0,8192,8192
1501,/home/wanglz/Desktop/src/ModularDT/HONF_Proj/Trained_Results/ThermalChannel/HONF_Forward_Runs/Run_1501_20260922_211056_sparse_incidence_adaptive_honf/best_by_field_mse_model.pt,4689,sparse_incidence_group_control_honf,0288,prepared_p2_decode,complete,11.69137004762888,11.772583145648241,11.670528411865234,1728.0322265625,0.0,24.7421875,2312.0,8192,8192
1501,/home/wanglz/Desktop/src/ModularDT/HONF_Proj/Trained_Results/ThermalChannel/HONF_Forward_Runs/Run_1501_20260922_211056_sparse_incidence_adaptive_honf/best_by_field_mse_model.pt,4689,sparse_incidence_group_control_honf,0289,application_evaluator,complete,49.11135509610176,49.374101776629686,49.08505630493164,1732.2119140625,0.0,23.65869140625,2312.0,8192,8192
1501,/home/wanglz/Desktop/src/ModularDT/HONF_Proj/Trained_Results/ThermalChannel/HONF_Forward_Runs/Run_1501_20260922_211056_sparse_incidence_adaptive_honf/best_by_field_mse_model.pt,4689,sparse_incidence_group_control_honf,0289,full_forward,complete,48.42689633369446,49.0808742120862,48.39219284057617,1731.9072265625,0.0,23.65869140625,2312.0,8192,8192
1501,/home/wanglz/Desktop/src/ModularDT/HONF_Proj/Trained_Results/ThermalChannel/HONF_Forward_Runs/Run_1501_20260922_211056_sparse_incidence_adaptive_honf/best_by_field_mse_model.pt,4689,sparse_incidence_group_control_honf,0289,preparation_plus_one_query,complete,38.83443679660559,39.08637249842286,38.81184005737305,164.9462890625,0.0,23.65869140625,2312.0,8192,8192
1501,/home/wanglz/Desktop/src/ModularDT/HONF_Proj/Trained_Results/ThermalChannel/HONF_Forward_Runs/Run_1501_20260922_211056_sparse_incidence_adaptive_honf/best_by_field_mse_model.pt,4689,sparse_incidence_group_control_honf,0289,prepared_p2_decode,complete,11.642759665846825,11.88438730314374,11.622400283813477,1728.0322265625,0.0,24.7421875,2312.0,8192,8192
1501,/home/wanglz/Desktop/src/ModularDT/HONF_Proj/Trained_Results/ThermalChannel/HONF_Forward_Runs/Run_1501_20260922_211056_sparse_incidence_adaptive_honf/best_by_field_mse_model.pt,4689,sparse_incidence_group_control_honf,0290,application_evaluator,complete,48.37102349847555,48.64332554861903,48.32668685913086,1732.2119140625,0.0,23.65869140625,2312.0,8192,8192
1501,/home/wanglz/Desktop/src/ModularDT/HONF_Proj/Trained_Results/ThermalChannel/HONF_Forward_Runs/Run_1501_20260922_211056_sparse_incidence_adaptive_honf/best_by_field_mse_model.pt,4689,sparse_incidence_group_control_honf,0290,full_forward,complete,60.480051673948765,60.88385405018926,60.44960021972656,1731.9072265625,0.0,23.65869140625,2312.0,8192,8192
1501,/home/wanglz/Desktop/src/ModularDT/HONF_Proj/Trained_Results/ThermalChannel/HONF_Forward_Runs/Run_1501_20260922_211056_sparse_incidence_adaptive_honf/best_by_field_mse_model.pt,4689,sparse_incidence_group_control_honf,0290,preparation_plus_one_query,complete,43.767837807536125,50.71141980588436,43.74425506591797,164.9462890625,0.0,23.65869140625,2312.0,8192,8192
1501,/home/wanglz/Desktop/src/ModularDT/HONF_Proj/Trained_Results/ThermalChannel/HONF_Forward_Runs/Run_1501_20260922_211056_sparse_incidence_adaptive_honf/best_by_field_mse_model.pt,4689,sparse_incidence_group_control_honf,0290,prepared_p2_decode,complete,11.712602339684963,11.748055275529623,11.69279956817627,1728.0322265625,0.0,24.7421875,2312.0,8192,8192
1501,/home/wanglz/Desktop/src/ModularDT/HONF_Proj/Trained_Results/ThermalChannel/HONF_Forward_Runs/Run_1501_20260922_211056_sparse_incidence_adaptive_honf/best_by_field_mse_model.pt,4689,sparse_incidence_group_control_honf,0291,application_evaluator,complete,49.57008082419634,49.88035038113594,49.54355239868164,1732.2119140625,0.0,23.65869140625,2312.0,8192,8192
1501,/home/wanglz/Desktop/src/ModularDT/HONF_Proj/Trained_Results/ThermalChannel/HONF_Forward_Runs/Run_1501_20260922_211056_sparse_incidence_adaptive_honf/best_by_field_mse_model.pt,4689,sparse_incidence_group_control_honf,0291,full_forward,complete,47.44686558842659,50.15807179734111,47.42451095581055,1731.9072265625,0.0,23.65869140625,2312.0,8192,8192
1501,/home/wanglz/Desktop/src/ModularDT/HONF_Proj/Trained_Results/ThermalChannel/HONF_Forward_Runs/Run_1501_20260922_211056_sparse_incidence_adaptive_honf/best_by_field_mse_model.pt,4689,sparse_incidence_group_control_honf,0291,preparation_plus_one_query,complete,39.21493794769049,39.32556984946132,39.18745422363281,164.9462890625,0.0,23.65869140625,2312.0,8192,8192
1501,/home/wanglz/Desktop/src/ModularDT/HONF_Proj/Trained_Results/ThermalChannel/HONF_Forward_Runs/Run_1501_20260922_211056_sparse_incidence_adaptive_honf/best_by_field_mse_model.pt,4689,sparse_incidence_group_control_honf,0291,prepared_p2_decode,complete,11.805912479758263,11.838094796985388,11.784064292907715,1728.0322265625,0.0,24.7421875,2312.0,8192,8192
1501,/home/wanglz/Desktop/src/ModularDT/HONF_Proj/Trained_Results/ThermalChannel/HONF_Forward_Runs/Run_1501_20260922_211056_sparse_incidence_adaptive_honf/best_by_field_mse_model.pt,4689,sparse_incidence_group_control_honf,0292,application_evaluator,complete,49.64076168835163,51.360313314944506,49.619422912597656,1732.2119140625,0.0,23.65869140625,2312.0,8192,8192
1501,/home/wanglz/Desktop/src/ModularDT/HONF_Proj/Trained_Results/ThermalChannel/HONF_Forward_Runs/Run_1501_20260922_211056_sparse_incidence_adaptive_honf/best_by_field_mse_model.pt,4689,sparse_incidence_group_control_honf,0292,full_forward,complete,65.64672850072384,73.84571675211191,65.6025619506836,1731.9072265625,0.0,23.65869140625,2312.0,8192,8192
1501,/home/wanglz/Desktop/src/ModularDT/HONF_Proj/Trained_Results/ThermalChannel/HONF_Forward_Runs/Run_1501_20260922_211056_sparse_incidence_adaptive_honf/best_by_field_mse_model.pt,4689,sparse_incidence_group_control_honf,0292,preparation_plus_one_query,complete,38.89114782214165,42.99227809533477,38.86592102050781,164.9462890625,0.0,23.65869140625,2312.0,8192,8192
1501,/home/wanglz/Desktop/src/ModularDT/HONF_Proj/Trained_Results/ThermalChannel/HONF_Forward_Runs/Run_1501_20260922_211056_sparse_incidence_adaptive_honf/best_by_field_mse_model.pt,4689,sparse_incidence_group_control_honf,0292,prepared_p2_decode,complete,11.63381990045309,11.686117947101593,11.604255676269531,1728.0322265625,0.0,24.7421875,2312.0,8192,8192
1501,/home/wanglz/Desktop/src/ModularDT/HONF_Proj/Trained_Results/ThermalChannel/HONF_Forward_Runs/Run_1501_20260922_211056_sparse_incidence_adaptive_honf/best_by_field_mse_model.pt,4689,sparse_incidence_group_control_honf,0293,application_evaluator,complete,49.08090364187956,52.74604670703411,49.05344009399414,1732.2119140625,0.0,23.65869140625,2312.0,8192,8192
1501,/home/wanglz/Desktop/src/ModularDT/HONF_Proj/Trained_Results/ThermalChannel/HONF_Forward_Runs/Run_1501_20260922_211056_sparse_incidence_adaptive_honf/best_by_field_mse_model.pt,4689,sparse_incidence_group_control_honf,0293,full_forward,complete,46.23886849731207,47.837983909994364,46.216224670410156,1731.9072265625,0.0,23.65869140625,2312.0,8192,8192
1501,/home/wanglz/Desktop/src/ModularDT/HONF_Proj/Trained_Results/ThermalChannel/HONF_Forward_Runs/Run_1501_20260922_211056_sparse_incidence_adaptive_honf/best_by_field_mse_model.pt,4689,sparse_incidence_group_control_honf,0293,preparation_plus_one_query,complete,36.265626549720764,39.04346050694585,36.211936950683594,164.9462890625,0.0,23.65869140625,2312.0,8192,8192
1501,/home/wanglz/Desktop/src/ModularDT/HONF_Proj/Trained_Results/ThermalChannel/HONF_Forward_Runs/Run_1501_20260922_211056_sparse_incidence_adaptive_honf/best_by_field_mse_model.pt,4689,sparse_incidence_group_control_honf,0293,prepared_p2_decode,complete,12.815556488931179,12.90883868932724,12.686335563659668,1728.0322265625,0.0,24.7421875,2312.0,8192,8192
1501,/home/wanglz/Desktop/src/ModularDT/HONF_Proj/Trained_Results/ThermalChannel/HONF_Forward_Runs/Run_1501_20260922_211056_sparse_incidence_adaptive_honf/best_by_field_mse_model.pt,4689,sparse_incidence_group_control_honf,0294,application_evaluator,complete,49.65165629982948,51.63219692185521,49.62617492675781,1732.2119140625,0.0,23.65869140625,2312.0,8192,8192
1501,/home/wanglz/Desktop/src/ModularDT/HONF_Proj/Trained_Results/ThermalChannel/HONF_Forward_Runs/Run_1501_20260922_211056_sparse_incidence_adaptive_honf/best_by_field_mse_model.pt,4689,sparse_incidence_group_control_honf,0294,full_forward,complete,48.66715520620346,49.076991714537144,48.58256149291992,1731.9072265625,0.0,23.65869140625,2312.0,8192,8192
1501,/home/wanglz/Desktop/src/ModularDT/HONF_Proj/Trained_Results/ThermalChannel/HONF_Forward_Runs/Run_1501_20260922_211056_sparse_incidence_adaptive_honf/best_by_field_mse_model.pt,4689,sparse_incidence_group_control_honf,0294,preparation_plus_one_query,complete,38.26479986310005,38.397053722292185,38.24127960205078,164.9462890625,0.0,23.65869140625,2312.0,8192,8192
1501,/home/wanglz/Desktop/src/ModularDT/HONF_Proj/Trained_Results/ThermalChannel/HONF_Forward_Runs/Run_1501_20260922_211056_sparse_incidence_adaptive_honf/best_by_field_mse_model.pt,4689,sparse_incidence_group_control_honf,0294,prepared_p2_decode,complete,11.65896374732256,11.663739755749702,11.634688377380371,1728.0322265625,0.0,24.7421875,2312.0,8192,8192
1501,/home/wanglz/Desktop/src/ModularDT/HONF_Proj/Trained_Results/ThermalChannel/HONF_Forward_Runs/Run_1501_20260922_211056_sparse_incidence_adaptive_honf/best_by_field_mse_model.pt,4689,sparse_incidence_group_control_honf,0295,application_evaluator,complete,69.83281299471855,78.21459462866187,69.80953979492188,1732.2119140625,0.0,23.65869140625,2312.0,8192,8192
1501,/home/wanglz/Desktop/src/ModularDT/HONF_Proj/Trained_Results/ThermalChannel/HONF_Forward_Runs/Run_1501_20260922_211056_sparse_incidence_adaptive_honf/best_by_field_mse_model.pt,4689,sparse_incidence_group_control_honf,0295,full_forward,complete,47.070832923054695,47.07259312272072,47.0384635925293,1731.9072265625,0.0,23.65869140625,2312.0,8192,8192
1501,/home/wanglz/Desktop/src/ModularDT/HONF_Proj/Trained_Results/ThermalChannel/HONF_Forward_Runs/Run_1501_20260922_211056_sparse_incidence_adaptive_honf/best_by_field_mse_model.pt,4689,sparse_incidence_group_control_honf,0295,preparation_plus_one_query,complete,47.251307405531406,64.95221303775907,47.22175979614258,164.9462890625,0.0,23.65869140625,2312.0,8192,8192
1501,/home/wanglz/Desktop/src/ModularDT/HONF_Proj/Trained_Results/ThermalChannel/HONF_Forward_Runs/Run_1501_20260922_211056_sparse_incidence_adaptive_honf/best_by_field_mse_model.pt,4689,sparse_incidence_group_control_honf,0295,prepared_p2_decode,complete,11.727966368198395,11.971606500446796,11.706368446350098,1728.0322265625,0.0,24.7421875,2312.0,8192,8192
1501,/home/wanglz/Desktop/src/ModularDT/HONF_Proj/Trained_Results/ThermalChannel/HONF_Forward_Runs/Run_1501_20260922_211056_sparse_incidence_adaptive_honf/best_by_field_mse_model.pt,4689,sparse_incidence_group_control_honf,0296,application_evaluator,complete,47.29628562927246,49.903899896889925,47.27395248413086,1732.2119140625,0.0,23.65869140625,2312.0,8192,8192
1501,/home/wanglz/Desktop/src/ModularDT/HONF_Proj/Trained_Results/ThermalChannel/HONF_Forward_Runs/Run_1501_20260922_211056_sparse_incidence_adaptive_honf/best_by_field_mse_model.pt,4689,sparse_incidence_group_control_honf,0296,full_forward,complete,46.925281174480915,46.99970576912165,46.899295806884766,1731.9072265625,0.0,23.65869140625,2312.0,8192,8192
1501,/home/wanglz/Desktop/src/ModularDT/HONF_Proj/Trained_Results/ThermalChannel/HONF_Forward_Runs/Run_1501_20260922_211056_sparse_incidence_adaptive_honf/best_by_field_mse_model.pt,4689,sparse_incidence_group_control_honf,0296,preparation_plus_one_query,complete,37.9298347979784,37.976601626724005,37.86467361450195,164.9462890625,0.0,23.65869140625,2312.0,8192,8192
1501,/home/wanglz/Desktop/src/ModularDT/HONF_Proj/Trained_Results/ThermalChannel/HONF_Forward_Runs/Run_1501_20260922_211056_sparse_incidence_adaptive_honf/best_by_field_mse_model.pt,4689,sparse_incidence_group_control_honf,0296,prepared_p2_decode,complete,11.65114063769579,11.655416246503592,11.629568099975586,1728.0322265625,0.0,24.7421875,2312.0,8192,8192
1501,/home/wanglz/Desktop/src/ModularDT/HONF_Proj/Trained_Results/ThermalChannel/HONF_Forward_Runs/Run_1501_20260922_211056_sparse_incidence_adaptive_honf/best_by_field_mse_model.pt,4689,sparse_incidence_group_control_honf,0297,application_evaluator,complete,49.17113855481148,49.33884534984827,49.1453742980957,1732.2119140625,0.0,23.65869140625,2312.0,8192,8192
1501,/home/wanglz/Desktop/src/ModularDT/HONF_Proj/Trained_Results/ThermalChannel/HONF_Forward_Runs/Run_1501_20260922_211056_sparse_incidence_adaptive_honf/best_by_field_mse_model.pt,4689,sparse_incidence_group_control_honf,0297,full_forward,complete,73.77193495631218,77.05012327060103,73.71459197998047,1731.9072265625,0.0,23.65869140625,2312.0,8192,8192
1501,/home/wanglz/Desktop/src/ModularDT/HONF_Proj/Trained_Results/ThermalChannel/HONF_Forward_Runs/Run_1501_20260922_211056_sparse_incidence_adaptive_honf/best_by_field_mse_model.pt,4689,sparse_incidence_group_control_honf,0297,preparation_plus_one_query,complete,40.1840740814805,40.70303291082382,40.148990631103516,164.9462890625,0.0,23.65869140625,2312.0,8192,8192
1501,/home/wanglz/Desktop/src/ModularDT/HONF_Proj/Trained_Results/ThermalChannel/HONF_Forward_Runs/Run_1501_20260922_211056_sparse_incidence_adaptive_honf/best_by_field_mse_model.pt,4689,sparse_incidence_group_control_honf,0297,prepared_p2_decode,complete,11.73495315015316,11.814656667411327,11.707391738891602,1728.0322265625,0.0,24.7421875,2312.0,8192,8192
1501,/home/wanglz/Desktop/src/ModularDT/HONF_Proj/Trained_Results/ThermalChannel/HONF_Forward_Runs/Run_1501_20260922_211056_sparse_incidence_adaptive_honf/best_by_field_mse_model.pt,4689,sparse_incidence_group_control_honf,0298,application_evaluator,complete,49.177564680576324,50.897620897740126,49.15158462524414,1732.2119140625,0.0,23.65869140625,2312.0,8192,8192
1501,/home/wanglz/Desktop/src/ModularDT/HONF_Proj/Trained_Results/ThermalChannel/HONF_Forward_Runs/Run_1501_20260922_211056_sparse_incidence_adaptive_honf/best_by_field_mse_model.pt,4689,sparse_incidence_group_control_honf,0298,full_forward,complete,46.42939940094948,48.05089281871915,46.40563201904297,1731.9072265625,0.0,23.65869140625,2312.0,8192,8192
1501,/home/wanglz/Desktop/src/ModularDT/HONF_Proj/Trained_Results/ThermalChannel/HONF_Forward_Runs/Run_1501_20260922_211056_sparse_incidence_adaptive_honf/best_by_field_mse_model.pt,4689,sparse_incidence_group_control_honf,0298,preparation_plus_one_query,complete,36.131528206169605,36.490574572235346,36.10726547241211,164.9462890625,0.0,23.65869140625,2312.0,8192,8192
1501,/home/wanglz/Desktop/src/ModularDT/HONF_Proj/Trained_Results/ThermalChannel/HONF_Forward_Runs/Run_1501_20260922_211056_sparse_incidence_adaptive_honf/best_by_field_mse_model.pt,4689,sparse_incidence_group_control_honf,0298,prepared_p2_decode,complete,12.727554887533188,13.607571739703417,12.697855949401855,1728.0322265625,0.0,24.7421875,2312.0,8192,8192
1501,/home/wanglz/Desktop/src/ModularDT/HONF_Proj/Trained_Results/ThermalChannel/HONF_Forward_Runs/Run_1501_20260922_211056_sparse_incidence_adaptive_honf/best_by_field_mse_model.pt,4689,sparse_incidence_group_control_honf,0299,application_evaluator,complete,48.3629209920764,49.91225376725197,48.34272003173828,1732.2119140625,0.0,23.65869140625,2312.0,8192,8192
1501,/home/wanglz/Desktop/src/ModularDT/HONF_Proj/Trained_Results/ThermalChannel/HONF_Forward_Runs/Run_1501_20260922_211056_sparse_incidence_adaptive_honf/best_by_field_mse_model.pt,4689,sparse_incidence_group_control_honf,0299,full_forward,complete,47.969008795917034,48.83997403085232,47.93446350097656,1731.9072265625,0.0,23.65869140625,2312.0,8192,8192
1501,/home/wanglz/Desktop/src/ModularDT/HONF_Proj/Trained_Results/ThermalChannel/HONF_Forward_Runs/Run_1501_20260922_211056_sparse_incidence_adaptive_honf/best_by_field_mse_model.pt,4689,sparse_incidence_group_control_honf,0299,preparation_plus_one_query,complete,39.82815612107515,40.47182593494654,39.79487991333008,164.9462890625,0.0,23.65869140625,2312.0,8192,8192
1501,/home/wanglz/Desktop/src/ModularDT/HONF_Proj/Trained_Results/ThermalChannel/HONF_Forward_Runs/Run_1501_20260922_211056_sparse_incidence_adaptive_honf/best_by_field_mse_model.pt,4689,sparse_incidence_group_control_honf,0299,prepared_p2_decode,complete,11.630467139184475,11.68326810002327,11.60582447052002,1728.0322265625,0.0,24.7421875,2312.0,8192,8192
1501,/home/wanglz/Desktop/src/ModularDT/HONF_Proj/Trained_Results/ThermalChannel/HONF_Forward_Runs/Run_1501_20260922_211056_sparse_incidence_adaptive_honf/best_by_field_mse_model.pt,4689,sparse_incidence_group_control_honf,0300,application_evaluator,complete,82.48354028910398,86.36190053075552,82.43885040283203,1732.2119140625,0.0,23.65869140625,2312.0,8192,8192
1501,/home/wanglz/Desktop/src/ModularDT/HONF_Proj/Trained_Results/ThermalChannel/HONF_Forward_Runs/Run_1501_20260922_211056_sparse_incidence_adaptive_honf/best_by_field_mse_model.pt,4689,sparse_incidence_group_control_honf,0300,full_forward,complete,45.780143700540066,46.36975359171629,45.758304595947266,1731.9072265625,0.0,23.65869140625,2312.0,8192,8192
1501,/home/wanglz/Desktop/src/ModularDT/HONF_Proj/Trained_Results/ThermalChannel/HONF_Forward_Runs/Run_1501_20260922_211056_sparse_incidence_adaptive_honf/best_by_field_mse_model.pt,4689,sparse_incidence_group_control_honf,0300,preparation_plus_one_query,complete,46.22909054160118,65.81675251945853,46.194847106933594,164.9462890625,0.0,23.65869140625,2312.0,8192,8192
1501,/home/wanglz/Desktop/src/ModularDT/HONF_Proj/Trained_Results/ThermalChannel/HONF_Forward_Runs/Run_1501_20260922_211056_sparse_incidence_adaptive_honf/best_by_field_mse_model.pt,4689,sparse_incidence_group_control_honf,0300,prepared_p2_decode,complete,11.655891314148903,11.723274271935225,11.6212797164917,1728.0322265625,0.0,24.7421875,2312.0,8192,8192
1501,/home/wanglz/Desktop/src/ModularDT/HONF_Proj/Trained_Results/ThermalChannel/HONF_Forward_Runs/Run_1501_20260922_211056_sparse_incidence_adaptive_honf/best_by_field_mse_model.pt,4689,sparse_incidence_group_control_honf,0301,application_evaluator,complete,49.75530318915844,50.55461069568992,49.73487854003906,1732.2119140625,0.0,23.65869140625,2312.0,8192,8192
1501,/home/wanglz/Desktop/src/ModularDT/HONF_Proj/Trained_Results/ThermalChannel/HONF_Forward_Runs/Run_1501_20260922_211056_sparse_incidence_adaptive_honf/best_by_field_mse_model.pt,4689,sparse_incidence_group_control_honf,0301,full_forward,complete,47.81814943999052,48.02256477996707,47.79724884033203,1731.9072265625,0.0,23.65869140625,2312.0,8192,8192
1501,/home/wanglz/Desktop/src/ModularDT/HONF_Proj/Trained_Results/ThermalChannel/HONF_Forward_Runs/Run_1501_20260922_211056_sparse_incidence_adaptive_honf/best_by_field_mse_model.pt,4689,sparse_incidence_group_control_honf,0301,preparation_plus_one_query,complete,38.780517876148224,38.99121880531311,38.752254486083984,164.9462890625,0.0,23.65869140625,2312.0,8192,8192
1501,/home/wanglz/Desktop/src/ModularDT/HONF_Proj/Trained_Results/ThermalChannel/HONF_Forward_Runs/Run_1501_20260922_211056_sparse_incidence_adaptive_honf/best_by_field_mse_model.pt,4689,sparse_incidence_group_control_honf,0301,prepared_p2_decode,complete,11.684944853186607,11.716876551508904,11.6560640335083,1728.0322265625,0.0,24.7421875,2312.0,8192,8192
1501,/home/wanglz/Desktop/src/ModularDT/HONF_Proj/Trained_Results/ThermalChannel/HONF_Forward_Runs/Run_1501_20260922_211056_sparse_incidence_adaptive_honf/best_by_field_mse_model.pt,4689,sparse_incidence_group_control_honf,0302,application_evaluator,complete,49.00379665195942,52.19750292599201,48.97359848022461,1732.2119140625,0.0,23.65869140625,2312.0,8192,8192
1501,/home/wanglz/Desktop/src/ModularDT/HONF_Proj/Trained_Results/ThermalChannel/HONF_Forward_Runs/Run_1501_20260922_211056_sparse_incidence_adaptive_honf/best_by_field_mse_model.pt,4689,sparse_incidence_group_control_honf,0302,full_forward,complete,72.73183856159449,75.38722716271877,72.4664306640625,1731.9072265625,0.0,23.65869140625,2312.0,8192,8192
1501,/home/wanglz/Desktop/src/ModularDT/HONF_Proj/Trained_Results/ThermalChannel/HONF_Forward_Runs/Run_1501_20260922_211056_sparse_incidence_adaptive_honf/best_by_field_mse_model.pt,4689,sparse_incidence_group_control_honf,0302,preparation_plus_one_query,complete,68.3289635926485,69.42873215302825,68.29859161376953,164.9462890625,0.0,23.65869140625,2312.0,8192,8192
1501,/home/wanglz/Desktop/src/ModularDT/HONF_Proj/Trained_Results/ThermalChannel/HONF_Forward_Runs/Run_1501_20260922_211056_sparse_incidence_adaptive_honf/best_by_field_mse_model.pt,4689,sparse_incidence_group_control_honf,0302,prepared_p2_decode,complete,11.642200872302055,11.723665427416563,11.621376037597656,1728.0322265625,0.0,24.7421875,2312.0,8192,8192
1501,/home/wanglz/Desktop/src/ModularDT/HONF_Proj/Trained_Results/ThermalChannel/HONF_Forward_Runs/Run_1501_20260922_211056_sparse_incidence_adaptive_honf/best_by_field_mse_model.pt,4689,sparse_incidence_group_control_honf,0633,application_evaluator,complete,47.587109729647636,47.7030205540359,47.56304168701172,1732.2119140625,0.0,23.65869140625,2312.0,8192,8192
1501,/home/wanglz/Desktop/src/ModularDT/HONF_Proj/Trained_Results/ThermalChannel/HONF_Forward_Runs/Run_1501_20260922_211056_sparse_incidence_adaptive_honf/best_by_field_mse_model.pt,4689,sparse_incidence_group_control_honf,0633,full_forward,complete,47.7256765589118,48.61625460907817,47.70502471923828,1731.9072265625,0.0,23.65869140625,2312.0,8192,8192
1501,/home/wanglz/Desktop/src/ModularDT/HONF_Proj/Trained_Results/ThermalChannel/HONF_Forward_Runs/Run_1501_20260922_211056_sparse_incidence_adaptive_honf/best_by_field_mse_model.pt,4689,sparse_incidence_group_control_honf,0633,preparation_plus_one_query,complete,37.71863132715225,37.88432562723756,37.6945915222168,164.9462890625,0.0,23.65869140625,2312.0,8192,8192
1501,/home/wanglz/Desktop/src/ModularDT/HONF_Proj/Trained_Results/ThermalChannel/HONF_Forward_Runs/Run_1501_20260922_211056_sparse_incidence_adaptive_honf/best_by_field_mse_model.pt,4689,sparse_incidence_group_control_honf,0633,prepared_p2_decode,complete,11.620690114796162,11.670975666493177,11.59545612335205,1728.0322265625,0.0,24.7421875,2312.0,8192,8192
1501,/home/wanglz/Desktop/src/ModularDT/HONF_Proj/Trained_Results/ThermalChannel/HONF_Forward_Runs/Run_1501_20260922_211056_sparse_incidence_adaptive_honf/best_by_field_mse_model.pt,4689,sparse_incidence_group_control_honf,0634,application_evaluator,complete,49.51057489961386,50.194976571947336,49.48761749267578,1732.2119140625,0.0,23.65869140625,2312.0,8192,8192
1501,/home/wanglz/Desktop/src/ModularDT/HONF_Proj/Trained_Results/ThermalChannel/HONF_Forward_Runs/Run_1501_20260922_211056_sparse_incidence_adaptive_honf/best_by_field_mse_model.pt,4689,sparse_incidence_group_control_honf,0634,full_forward,complete,48.360686749219894,71.43950024619699,48.32972717285156,1731.9072265625,0.0,23.65869140625,2312.0,8192,8192
1501,/home/wanglz/Desktop/src/ModularDT/HONF_Proj/Trained_Results/ThermalChannel/HONF_Forward_Runs/Run_1501_20260922_211056_sparse_incidence_adaptive_honf/best_by_field_mse_model.pt,4689,sparse_incidence_group_control_honf,0634,preparation_plus_one_query,complete,39.17443007230759,40.57566802948713,39.153377532958984,164.9462890625,0.0,23.65869140625,2312.0,8192,8192
1501,/home/wanglz/Desktop/src/ModularDT/HONF_Proj/Trained_Results/ThermalChannel/HONF_Forward_Runs/Run_1501_20260922_211056_sparse_incidence_adaptive_honf/best_by_field_mse_model.pt,4689,sparse_incidence_group_control_honf,0634,prepared_p2_decode,complete,11.635776609182358,11.688827350735664,11.614144325256348,1728.0322265625,0.0,24.7421875,2312.0,8192,8192
1501,/home/wanglz/Desktop/src/ModularDT/HONF_Proj/Trained_Results/ThermalChannel/HONF_Forward_Runs/Run_1501_20260922_211056_sparse_incidence_adaptive_honf/best_by_field_mse_model.pt,4689,sparse_incidence_group_control_honf,0635,application_evaluator,complete,46.43051605671644,51.59671800211072,46.410400390625,1732.2119140625,0.0,23.65869140625,2312.0,8192,8192
1501,/home/wanglz/Desktop/src/ModularDT/HONF_Proj/Trained_Results/ThermalChannel/HONF_Forward_Runs/Run_1501_20260922_211056_sparse_incidence_adaptive_honf/best_by_field_mse_model.pt,4689,sparse_incidence_group_control_honf,0635,full_forward,complete,46.95489536970854,47.24404336884618,46.9093132019043,1731.9072265625,0.0,23.65869140625,2312.0,8192,8192
1501,/home/wanglz/Desktop/src/ModularDT/HONF_Proj/Trained_Results/ThermalChannel/HONF_Forward_Runs/Run_1501_20260922_211056_sparse_incidence_adaptive_honf/best_by_field_mse_model.pt,4689,sparse_incidence_group_control_honf,0635,preparation_plus_one_query,complete,37.90050186216831,38.320142682641745,37.87788772583008,164.9462890625,0.0,23.65869140625,2312.0,8192,8192
1501,/home/wanglz/Desktop/src/ModularDT/HONF_Proj/Trained_Results/ThermalChannel/HONF_Forward_Runs/Run_1501_20260922_211056_sparse_incidence_adaptive_honf/best_by_field_mse_model.pt,4689,sparse_incidence_group_control_honf,0635,prepared_p2_decode,complete,11.796693317592144,12.88741109892726,11.697152137756348,1728.0322265625,0.0,24.7421875,2312.0,8192,8192
1501,/home/wanglz/Desktop/src/ModularDT/HONF_Proj/Trained_Results/ThermalChannel/HONF_Forward_Runs/Run_1501_20260922_211056_sparse_incidence_adaptive_honf/best_by_field_mse_model.pt,4689,sparse_incidence_group_control_honf,0636,application_evaluator,complete,49.574270844459534,51.61289218813181,49.544254302978516,1732.2119140625,0.0,23.65869140625,2312.0,8192,8192
1501,/home/wanglz/Desktop/src/ModularDT/HONF_Proj/Trained_Results/ThermalChannel/HONF_Forward_Runs/Run_1501_20260922_211056_sparse_incidence_adaptive_honf/best_by_field_mse_model.pt,4689,sparse_incidence_group_control_honf,0636,full_forward,complete,48.36990498006344,49.18656134977937,48.3317756652832,1731.9072265625,0.0,23.65869140625,2312.0,8192,8192
1501,/home/wanglz/Desktop/src/ModularDT/HONF_Proj/Trained_Results/ThermalChannel/HONF_Forward_Runs/Run_1501_20260922_211056_sparse_incidence_adaptive_honf/best_by_field_mse_model.pt,4689,sparse_incidence_group_control_honf,0636,preparation_plus_one_query,complete,40.52127432078123,45.08881224319339,40.49532699584961,164.9462890625,0.0,23.65869140625,2312.0,8192,8192
1501,/home/wanglz/Desktop/src/ModularDT/HONF_Proj/Trained_Results/ThermalChannel/HONF_Forward_Runs/Run_1501_20260922_211056_sparse_incidence_adaptive_honf/best_by_field_mse_model.pt,4689,sparse_incidence_group_control_honf,0636,prepared_p2_decode,complete,11.675446294248104,11.769231408834457,11.654144287109375,1728.0322265625,0.0,24.7421875,2312.0,8192,8192
1501,/home/wanglz/Desktop/src/ModularDT/HONF_Proj/Trained_Results/ThermalChannel/HONF_Forward_Runs/Run_1501_20260922_211056_sparse_incidence_adaptive_honf/best_by_field_mse_model.pt,4689,sparse_incidence_group_control_honf,0637,application_evaluator,complete,64.42336458712816,65.85779152810574,64.39993286132812,1732.2119140625,0.0,23.65869140625,2312.0,8192,8192
1501,/home/wanglz/Desktop/src/ModularDT/HONF_Proj/Trained_Results/ThermalChannel/HONF_Forward_Runs/Run_1501_20260922_211056_sparse_incidence_adaptive_honf/best_by_field_mse_model.pt,4689,sparse_incidence_group_control_honf,0637,full_forward,complete,45.477304607629776,45.50370508804917,45.434879302978516,1731.9072265625,0.0,23.65869140625,2312.0,8192,8192
1501,/home/wanglz/Desktop/src/ModularDT/HONF_Proj/Trained_Results/ThermalChannel/HONF_Forward_Runs/Run_1501_20260922_211056_sparse_incidence_adaptive_honf/best_by_field_mse_model.pt,4689,sparse_incidence_group_control_honf,0637,preparation_plus_one_query,complete,40.339404717087746,47.809739876538515,40.31795120239258,164.9462890625,0.0,23.65869140625,2312.0,8192,8192
1501,/home/wanglz/Desktop/src/ModularDT/HONF_Proj/Trained_Results/ThermalChannel/HONF_Forward_Runs/Run_1501_20260922_211056_sparse_incidence_adaptive_honf/best_by_field_mse_model.pt,4689,sparse_incidence_group_control_honf,0637,prepared_p2_decode,complete,11.647508479654789,11.676172073930502,11.62342357635498,1728.0322265625,0.0,24.7421875,2312.0,8192,8192
1501,/home/wanglz/Desktop/src/ModularDT/HONF_Proj/Trained_Results/ThermalChannel/HONF_Forward_Runs/Run_1501_20260922_211056_sparse_incidence_adaptive_honf/best_by_field_mse_model.pt,4689,sparse_incidence_group_control_honf,0638,application_evaluator,complete,48.284697346389294,49.00203738361597,48.26009750366211,1732.2119140625,0.0,23.65869140625,2312.0,8192,8192
1501,/home/wanglz/Desktop/src/ModularDT/HONF_Proj/Trained_Results/ThermalChannel/HONF_Forward_Runs/Run_1501_20260922_211056_sparse_incidence_adaptive_honf/best_by_field_mse_model.pt,4689,sparse_incidence_group_control_honf,0638,full_forward,complete,46.89203668385744,49.382483679801226,46.86876678466797,1731.9072265625,0.0,23.65869140625,2312.0,8192,8192
1501,/home/wanglz/Desktop/src/ModularDT/HONF_Proj/Trained_Results/ThermalChannel/HONF_Forward_Runs/Run_1501_20260922_211056_sparse_incidence_adaptive_honf/best_by_field_mse_model.pt,4689,sparse_incidence_group_control_honf,0638,preparation_plus_one_query,complete,37.76081558316946,38.71953096240759,37.73868942260742,164.9462890625,0.0,23.65869140625,2312.0,8192,8192
1501,/home/wanglz/Desktop/src/ModularDT/HONF_Proj/Trained_Results/ThermalChannel/HONF_Forward_Runs/Run_1501_20260922_211056_sparse_incidence_adaptive_honf/best_by_field_mse_model.pt,4689,sparse_incidence_group_control_honf,0638,prepared_p2_decode,complete,11.664272285997868,11.72159779816866,11.642656326293945,1728.0322265625,0.0,24.7421875,2312.0,8192,8192
1501,/home/wanglz/Desktop/src/ModularDT/HONF_Proj/Trained_Results/ThermalChannel/HONF_Forward_Runs/Run_1501_20260922_211056_sparse_incidence_adaptive_honf/best_by_field_mse_model.pt,4689,sparse_incidence_group_control_honf,0639,application_evaluator,complete,50.28862040489912,50.580785889178514,50.267425537109375,1732.2119140625,0.0,23.65869140625,2312.0,8192,8192
1501,/home/wanglz/Desktop/src/ModularDT/HONF_Proj/Trained_Results/ThermalChannel/HONF_Forward_Runs/Run_1501_20260922_211056_sparse_incidence_adaptive_honf/best_by_field_mse_model.pt,4689,sparse_incidence_group_control_honf,0639,full_forward,complete,56.77392426878214,63.99609558284283,56.75008010864258,1731.9072265625,0.0,23.65869140625,2312.0,8192,8192
1501,/home/wanglz/Desktop/src/ModularDT/HONF_Proj/Trained_Results/ThermalChannel/HONF_Forward_Runs/Run_1501_20260922_211056_sparse_incidence_adaptive_honf/best_by_field_mse_model.pt,4689,sparse_incidence_group_control_honf,0639,preparation_plus_one_query,complete,57.226505130529404,71.34247496724129,57.20268630981445,164.9462890625,0.0,23.65869140625,2312.0,8192,8192
1501,/home/wanglz/Desktop/src/ModularDT/HONF_Proj/Trained_Results/ThermalChannel/HONF_Forward_Runs/Run_1501_20260922_211056_sparse_incidence_adaptive_honf/best_by_field_mse_model.pt,4689,sparse_incidence_group_control_honf,0639,prepared_p2_decode,complete,11.725733056664467,11.741573177278042,11.700223922729492,1728.0322265625,0.0,24.7421875,2312.0,8192,8192
1501,/home/wanglz/Desktop/src/ModularDT/HONF_Proj/Trained_Results/ThermalChannel/HONF_Forward_Runs/Run_1501_20260922_211056_sparse_incidence_adaptive_honf/best_by_field_mse_model.pt,4689,sparse_incidence_group_control_honf,0640,application_evaluator,complete,48.53417444974184,51.125195901840925,48.51203155517578,1732.2119140625,0.0,23.65869140625,2312.0,8192,8192
1501,/home/wanglz/Desktop/src/ModularDT/HONF_Proj/Trained_Results/ThermalChannel/HONF_Forward_Runs/Run_1501_20260922_211056_sparse_incidence_adaptive_honf/best_by_field_mse_model.pt,4689,sparse_incidence_group_control_honf,0640,full_forward,complete,46.08325846493244,46.737740095704794,46.060543060302734,1731.9072265625,0.0,23.65869140625,2312.0,8192,8192
1501,/home/wanglz/Desktop/src/ModularDT/HONF_Proj/Trained_Results/ThermalChannel/HONF_Forward_Runs/Run_1501_20260922_211056_sparse_incidence_adaptive_honf/best_by_field_mse_model.pt,4689,sparse_incidence_group_control_honf,0640,preparation_plus_one_query,complete,37.879268638789654,39.32953737676144,37.85548782348633,164.9462890625,0.0,23.65869140625,2312.0,8192,8192
1501,/home/wanglz/Desktop/src/ModularDT/HONF_Proj/Trained_Results/ThermalChannel/HONF_Forward_Runs/Run_1501_20260922_211056_sparse_incidence_adaptive_honf/best_by_field_mse_model.pt,4689,sparse_incidence_group_control_honf,0640,prepared_p2_decode,complete,11.649185791611671,11.70852379873395,11.62342357635498,1728.0322265625,0.0,24.7421875,2312.0,8192,8192
1501,/home/wanglz/Desktop/src/ModularDT/HONF_Proj/Trained_Results/ThermalChannel/HONF_Forward_Runs/Run_1501_20260922_211056_sparse_incidence_adaptive_honf/best_by_field_mse_model.pt,4689,sparse_incidence_group_control_honf,0641,application_evaluator,complete,49.18622598052025,49.74641874432564,49.161598205566406,1732.2119140625,0.0,23.65869140625,2312.0,8192,8192
1501,/home/wanglz/Desktop/src/ModularDT/HONF_Proj/Trained_Results/ThermalChannel/HONF_Forward_Runs/Run_1501_20260922_211056_sparse_incidence_adaptive_honf/best_by_field_mse_model.pt,4689,sparse_incidence_group_control_honf,0641,full_forward,complete,51.30050051957369,56.12450037151575,51.273887634277344,1731.9072265625,0.0,23.65869140625,2312.0,8192,8192
1501,/home/wanglz/Desktop/src/ModularDT/HONF_Proj/Trained_Results/ThermalChannel/HONF_Forward_Runs/Run_1501_20260922_211056_sparse_incidence_adaptive_honf/best_by_field_mse_model.pt,4689,sparse_incidence_group_control_honf,0641,preparation_plus_one_query,complete,39.86726887524128,39.87933713942766,39.84281539916992,164.9462890625,0.0,23.65869140625,2312.0,8192,8192
1501,/home/wanglz/Desktop/src/ModularDT/HONF_Proj/Trained_Results/ThermalChannel/HONF_Forward_Runs/Run_1501_20260922_211056_sparse_incidence_adaptive_honf/best_by_field_mse_model.pt,4689,sparse_incidence_group_control_honf,0641,prepared_p2_decode,complete,11.696120724081993,11.740623600780964,11.675647735595703,1728.0322265625,0.0,24.7421875,2312.0,8192,8192
1501,/home/wanglz/Desktop/src/ModularDT/HONF_Proj/Trained_Results/ThermalChannel/HONF_Forward_Runs/Run_1501_20260922_211056_sparse_incidence_adaptive_honf/best_by_field_mse_model.pt,4689,sparse_incidence_group_control_honf,0642,application_evaluator,complete,66.89355801790953,68.69482565671206,66.8686752319336,1732.2119140625,0.0,23.65869140625,2312.0,8192,8192
1501,/home/wanglz/Desktop/src/ModularDT/HONF_Proj/Trained_Results/ThermalChannel/HONF_Forward_Runs/Run_1501_20260922_211056_sparse_incidence_adaptive_honf/best_by_field_mse_model.pt,4689,sparse_incidence_group_control_honf,0642,full_forward,complete,45.85752822458744,46.02724500000477,45.82387161254883,1731.9072265625,0.0,23.65869140625,2312.0,8192,8192
1501,/home/wanglz/Desktop/src/ModularDT/HONF_Proj/Trained_Results/ThermalChannel/HONF_Forward_Runs/Run_1501_20260922_211056_sparse_incidence_adaptive_honf/best_by_field_mse_model.pt,4689,sparse_incidence_group_control_honf,0642,preparation_plus_one_query,complete,39.669474586844444,39.99960673972964,39.64313507080078,164.9462890625,0.0,23.65869140625,2312.0,8192,8192
1501,/home/wanglz/Desktop/src/ModularDT/HONF_Proj/Trained_Results/ThermalChannel/HONF_Forward_Runs/Run_1501_20260922_211056_sparse_incidence_adaptive_honf/best_by_field_mse_model.pt,4689,sparse_incidence_group_control_honf,0642,prepared_p2_decode,complete,11.859272606670856,12.13006591424346,11.745280265808105,1728.0322265625,0.0,24.7421875,2312.0,8192,8192
1501,/home/wanglz/Desktop/src/ModularDT/HONF_Proj/Trained_Results/ThermalChannel/HONF_Forward_Runs/Run_1501_20260922_211056_sparse_incidence_adaptive_honf/best_by_field_mse_model.pt,4689,sparse_incidence_group_control_honf,0643,application_evaluator,complete,51.085385493934155,52.280699368566275,51.06150436401367,1732.2119140625,0.0,23.65869140625,2312.0,8192,8192
1501,/home/wanglz/Desktop/src/ModularDT/HONF_Proj/Trained_Results/ThermalChannel/HONF_Forward_Runs/Run_1501_20260922_211056_sparse_incidence_adaptive_honf/best_by_field_mse_model.pt,4689,sparse_incidence_group_control_honf,0643,full_forward,complete,46.96774575859308,47.241808008402586,46.943233489990234,1731.9072265625,0.0,23.65869140625,2312.0,8192,8192
1501,/home/wanglz/Desktop/src/ModularDT/HONF_Proj/Trained_Results/ThermalChannel/HONF_Forward_Runs/Run_1501_20260922_211056_sparse_incidence_adaptive_honf/best_by_field_mse_model.pt,4689,sparse_incidence_group_control_honf,0643,preparation_plus_one_query,complete,37.73567173629999,40.69177368655801,37.71187210083008,164.9462890625,0.0,23.65869140625,2312.0,8192,8192
1501,/home/wanglz/Desktop/src/ModularDT/HONF_Proj/Trained_Results/ThermalChannel/HONF_Forward_Runs/Run_1501_20260922_211056_sparse_incidence_adaptive_honf/best_by_field_mse_model.pt,4689,sparse_incidence_group_control_honf,0643,prepared_p2_decode,complete,11.636893264949322,11.713832430541515,11.613183975219727,1728.0322265625,0.0,24.7421875,2312.0,8192,8192
1501,/home/wanglz/Desktop/src/ModularDT/HONF_Proj/Trained_Results/ThermalChannel/HONF_Forward_Runs/Run_1501_20260922_211056_sparse_incidence_adaptive_honf/best_by_field_mse_model.pt,4689,sparse_incidence_group_control_honf,0644,application_evaluator,complete,50.75963959097862,52.18954114243388,50.73321533203125,1732.2119140625,0.0,23.65869140625,2312.0,8192,8192
1501,/home/wanglz/Desktop/src/ModularDT/HONF_Proj/Trained_Results/ThermalChannel/HONF_Forward_Runs/Run_1501_20260922_211056_sparse_incidence_adaptive_honf/best_by_field_mse_model.pt,4689,sparse_incidence_group_control_honf,0644,full_forward,complete,50.85630156099796,61.579430382698774,50.82931137084961,1731.9072265625,0.0,23.65869140625,2312.0,8192,8192
1501,/home/wanglz/Desktop/src/ModularDT/HONF_Proj/Trained_Results/ThermalChannel/HONF_Forward_Runs/Run_1501_20260922_211056_sparse_incidence_adaptive_honf/best_by_field_mse_model.pt,4689,sparse_incidence_group_control_honf,0644,preparation_plus_one_query,complete,57.835252955555916,58.076125383377075,57.796607971191406,164.9462890625,0.0,23.65869140625,2312.0,8192,8192
1501,/home/wanglz/Desktop/src/ModularDT/HONF_Proj/Trained_Results/ThermalChannel/HONF_Forward_Runs/Run_1501_20260922_211056_sparse_incidence_adaptive_honf/best_by_field_mse_model.pt,4689,sparse_incidence_group_control_honf,0644,prepared_p2_decode,complete,11.726291850209236,11.840693093836308,11.692031860351562,1728.0322265625,0.0,24.7421875,2312.0,8192,8192
1501,/home/wanglz/Desktop/src/ModularDT/HONF_Proj/Trained_Results/ThermalChannel/HONF_Forward_Runs/Run_1501_20260922_211056_sparse_incidence_adaptive_honf/best_by_field_mse_model.pt,4689,sparse_incidence_group_control_honf,0645,application_evaluator,complete,46.63864802569151,54.1741038672626,46.61600112915039,1732.2119140625,0.0,23.65869140625,2312.0,8192,8192
1501,/home/wanglz/Desktop/src/ModularDT/HONF_Proj/Trained_Results/ThermalChannel/HONF_Forward_Runs/Run_1501_20260922_211056_sparse_incidence_adaptive_honf/best_by_field_mse_model.pt,4689,sparse_incidence_group_control_honf,0645,full_forward,complete,45.782098546624184,47.33821898698807,45.75932693481445,1731.9072265625,0.0,23.65869140625,2312.0,8192,8192
1501,/home/wanglz/Desktop/src/ModularDT/HONF_Proj/Trained_Results/ThermalChannel/HONF_Forward_Runs/Run_1501_20260922_211056_sparse_incidence_adaptive_honf/best_by_field_mse_model.pt,4689,sparse_incidence_group_control_honf,0645,preparation_plus_one_query,complete,36.15471627563238,36.231151688843966,36.13081741333008,164.9462890625,0.0,23.65869140625,2312.0,8192,8192
1501,/home/wanglz/Desktop/src/ModularDT/HONF_Proj/Trained_Results/ThermalChannel/HONF_Forward_Runs/Run_1501_20260922_211056_sparse_incidence_adaptive_honf/best_by_field_mse_model.pt,4689,sparse_incidence_group_control_honf,0645,prepared_p2_decode,complete,11.661477386951447,11.942831054329872,11.638784408569336,1728.0322265625,0.0,24.7421875,2312.0,8192,8192
1501,/home/wanglz/Desktop/src/ModularDT/HONF_Proj/Trained_Results/ThermalChannel/HONF_Forward_Runs/Run_1501_20260922_211056_sparse_incidence_adaptive_honf/best_by_field_mse_model.pt,4689,sparse_incidence_group_control_honf,0646,application_evaluator,complete,48.74202702194452,49.06562129035592,48.7213134765625,1732.2119140625,0.0,23.65869140625,2312.0,8192,8192
1501,/home/wanglz/Desktop/src/ModularDT/HONF_Proj/Trained_Results/ThermalChannel/HONF_Forward_Runs/Run_1501_20260922_211056_sparse_incidence_adaptive_honf/best_by_field_mse_model.pt,4689,sparse_incidence_group_control_honf,0646,full_forward,complete,48.097520135343075,51.21881263330579,48.071678161621094,1731.9072265625,0.0,23.65869140625,2312.0,8192,8192
1501,/home/wanglz/Desktop/src/ModularDT/HONF_Proj/Trained_Results/ThermalChannel/HONF_Forward_Runs/Run_1501_20260922_211056_sparse_incidence_adaptive_honf/best_by_field_mse_model.pt,4689,sparse_incidence_group_control_honf,0646,preparation_plus_one_query,complete,38.598088547587395,39.00365028530359,38.57619094848633,164.9462890625,0.0,23.65869140625,2312.0,8192,8192
1501,/home/wanglz/Desktop/src/ModularDT/HONF_Proj/Trained_Results/ThermalChannel/HONF_Forward_Runs/Run_1501_20260922_211056_sparse_incidence_adaptive_honf/best_by_field_mse_model.pt,4689,sparse_incidence_group_control_honf,0646,prepared_p2_decode,complete,11.733556166291237,11.739338841289282,11.712320327758789,1728.0322265625,0.0,24.7421875,2312.0,8192,8192
1501,/home/wanglz/Desktop/src/ModularDT/HONF_Proj/Trained_Results/ThermalChannel/HONF_Forward_Runs/Run_1501_20260922_211056_sparse_incidence_adaptive_honf/best_by_field_mse_model.pt,4689,sparse_incidence_group_control_honf,0647,application_evaluator,complete,78.2418604940176,81.98997769504786,78.21920013427734,1732.2119140625,0.0,23.65869140625,2312.0,8192,8192
1501,/home/wanglz/Desktop/src/ModularDT/HONF_Proj/Trained_Results/ThermalChannel/HONF_Forward_Runs/Run_1501_20260922_211056_sparse_incidence_adaptive_honf/best_by_field_mse_model.pt,4689,sparse_incidence_group_control_honf,0647,full_forward,complete,46.90069705247879,51.03124277666211,46.878719329833984,1731.9072265625,0.0,23.65869140625,2312.0,8192,8192
1501,/home/wanglz/Desktop/src/ModularDT/HONF_Proj/Trained_Results/ThermalChannel/HONF_Forward_Runs/Run_1501_20260922_211056_sparse_incidence_adaptive_honf/best_by_field_mse_model.pt,4689,sparse_incidence_group_control_honf,0647,preparation_plus_one_query,complete,47.52564802765846,50.492058880627155,47.48467254638672,164.9462890625,0.0,23.65869140625,2312.0,8192,8192
1501,/home/wanglz/Desktop/src/ModularDT/HONF_Proj/Trained_Results/ThermalChannel/HONF_Forward_Runs/Run_1501_20260922_211056_sparse_incidence_adaptive_honf/best_by_field_mse_model.pt,4689,sparse_incidence_group_control_honf,0647,prepared_p2_decode,complete,11.660640127956867,11.784093827009201,11.63980770111084,1728.0322265625,0.0,24.7421875,2312.0,8192,8192
1501,/home/wanglz/Desktop/src/ModularDT/HONF_Proj/Trained_Results/ThermalChannel/HONF_Forward_Runs/Run_1501_20260922_211056_sparse_incidence_adaptive_honf/best_by_field_mse_model.pt,4689,sparse_incidence_group_control_honf,0648,application_evaluator,complete,47.850276343524456,48.11478406190872,47.8284797668457,1732.2119140625,0.0,23.65869140625,2312.0,8192,8192
1501,/home/wanglz/Desktop/src/ModularDT/HONF_Proj/Trained_Results/ThermalChannel/HONF_Forward_Runs/Run_1501_20260922_211056_sparse_incidence_adaptive_honf/best_by_field_mse_model.pt,4689,sparse_incidence_group_control_honf,0648,full_forward,complete,47.33372014015913,49.87395228818059,47.310848236083984,1731.9072265625,0.0,23.65869140625,2312.0,8192,8192
1501,/home/wanglz/Desktop/src/ModularDT/HONF_Proj/Trained_Results/ThermalChannel/HONF_Forward_Runs/Run_1501_20260922_211056_sparse_incidence_adaptive_honf/best_by_field_mse_model.pt,4689,sparse_incidence_group_control_honf,0648,preparation_plus_one_query,complete,39.696293883025646,41.55136914923787,39.66979217529297,164.9462890625,0.0,23.65869140625,2312.0,8192,8192
1501,/home/wanglz/Desktop/src/ModularDT/HONF_Proj/Trained_Results/ThermalChannel/HONF_Forward_Runs/Run_1501_20260922_211056_sparse_incidence_adaptive_honf/best_by_field_mse_model.pt,4689,sparse_incidence_group_control_honf,0648,prepared_p2_decode,complete,11.645275168120861,11.741573177278042,11.625472068786621,1728.0322265625,0.0,24.7421875,2312.0,8192,8192
1501,/home/wanglz/Desktop/src/ModularDT/HONF_Proj/Trained_Results/ThermalChannel/HONF_Forward_Runs/Run_1501_20260922_211056_sparse_incidence_adaptive_honf/best_by_field_mse_model.pt,4689,sparse_incidence_group_control_honf,0649,application_evaluator,complete,50.023218616843224,50.91505395248532,50.001983642578125,1732.2119140625,0.0,23.65869140625,2312.0,8192,8192
1501,/home/wanglz/Desktop/src/ModularDT/HONF_Proj/Trained_Results/ThermalChannel/HONF_Forward_Runs/Run_1501_20260922_211056_sparse_incidence_adaptive_honf/best_by_field_mse_model.pt,4689,sparse_incidence_group_control_honf,0649,full_forward,complete,47.69103415310383,50.38564670830965,47.667198181152344,1731.9072265625,0.0,23.65869140625,2312.0,8192,8192
1501,/home/wanglz/Desktop/src/ModularDT/HONF_Proj/Trained_Results/ThermalChannel/HONF_Forward_Runs/Run_1501_20260922_211056_sparse_incidence_adaptive_honf/best_by_field_mse_model.pt,4689,sparse_incidence_group_control_honf,0649,preparation_plus_one_query,complete,72.02419359236956,74.13045186549425,71.9974365234375,164.9462890625,0.0,23.65869140625,2312.0,8192,8192
1501,/home/wanglz/Desktop/src/ModularDT/HONF_Proj/Trained_Results/ThermalChannel/HONF_Forward_Runs/Run_1501_20260922_211056_sparse_incidence_adaptive_honf/best_by_field_mse_model.pt,4689,sparse_incidence_group_control_honf,0649,prepared_p2_decode,complete,11.709529906511307,11.712547391653061,11.688960075378418,1728.0322265625,0.0,24.7421875,2312.0,8192,8192
1501,/home/wanglz/Desktop/src/ModularDT/HONF_Proj/Trained_Results/ThermalChannel/HONF_Forward_Runs/Run_1501_20260922_211056_sparse_incidence_adaptive_honf/best_by_field_mse_model.pt,4689,sparse_incidence_group_control_honf,0650,application_evaluator,complete,46.68167047202587,46.750060096383095,46.66035079956055,1732.2119140625,0.0,23.65869140625,2312.0,8192,8192
1501,/home/wanglz/Desktop/src/ModularDT/HONF_Proj/Trained_Results/ThermalChannel/HONF_Forward_Runs/Run_1501_20260922_211056_sparse_incidence_adaptive_honf/best_by_field_mse_model.pt,4689,sparse_incidence_group_control_honf,0650,full_forward,complete,46.399226412177086,46.493012364953756,46.37696075439453,1731.9072265625,0.0,23.65869140625,2312.0,8192,8192
1501,/home/wanglz/Desktop/src/ModularDT/HONF_Proj/Trained_Results/ThermalChannel/HONF_Forward_Runs/Run_1501_20260922_211056_sparse_incidence_adaptive_honf/best_by_field_mse_model.pt,4689,sparse_incidence_group_control_honf,0650,preparation_plus_one_query,complete,37.1015015989542,38.23068896308541,37.07904052734375,164.9462890625,0.0,23.65869140625,2312.0,8192,8192
1501,/home/wanglz/Desktop/src/ModularDT/HONF_Proj/Trained_Results/ThermalChannel/HONF_Forward_Runs/Run_1501_20260922_211056_sparse_incidence_adaptive_honf/best_by_field_mse_model.pt,4689,sparse_incidence_group_control_honf,0650,prepared_p2_decode,complete,11.818484403192997,12.016864772886038,11.795455932617188,1728.0322265625,0.0,24.7421875,2312.0,8192,8192
1501,/home/wanglz/Desktop/src/ModularDT/HONF_Proj/Trained_Results/ThermalChannel/HONF_Forward_Runs/Run_1501_20260922_211056_sparse_incidence_adaptive_honf/best_by_field_mse_model.pt,4689,sparse_incidence_group_control_honf,0651,application_evaluator,complete,50.51686707884073,50.67652640864253,50.49388885498047,1732.2119140625,0.0,23.65869140625,2312.0,8192,8192
1501,/home/wanglz/Desktop/src/ModularDT/HONF_Proj/Trained_Results/ThermalChannel/HONF_Forward_Runs/Run_1501_20260922_211056_sparse_incidence_adaptive_honf/best_by_field_mse_model.pt,4689,sparse_incidence_group_control_honf,0651,full_forward,complete,48.98060858249664,61.27192694693804,48.90732955932617,1731.9072265625,0.0,23.65869140625,2312.0,8192,8192
1501,/home/wanglz/Desktop/src/ModularDT/HONF_Proj/Trained_Results/ThermalChannel/HONF_Forward_Runs/Run_1501_20260922_211056_sparse_incidence_adaptive_honf/best_by_field_mse_model.pt,4689,sparse_incidence_group_control_honf,0651,preparation_plus_one_query,complete,38.564564660191536,39.23815535381436,38.53926467895508,164.9462890625,0.0,23.65869140625,2312.0,8192,8192
1501,/home/wanglz/Desktop/src/ModularDT/HONF_Proj/Trained_Results/ThermalChannel/HONF_Forward_Runs/Run_1501_20260922_211056_sparse_incidence_adaptive_honf/best_by_field_mse_model.pt,4689,sparse_incidence_group_control_honf,0651,prepared_p2_decode,complete,11.745847761631012,11.837872676551342,11.724800109863281,1728.0322265625,0.0,24.7421875,2312.0,8192,8192
1501,/home/wanglz/Desktop/src/ModularDT/HONF_Proj/Trained_Results/ThermalChannel/HONF_Forward_Runs/Run_1501_20260922_211056_sparse_incidence_adaptive_honf/best_by_field_mse_model.pt,4689,sparse_incidence_group_control_honf,0652,application_evaluator,complete,78.96068133413792,79.4029532931745,78.93705749511719,1732.2119140625,0.0,23.65869140625,2312.0,8192,8192
1501,/home/wanglz/Desktop/src/ModularDT/HONF_Proj/Trained_Results/ThermalChannel/HONF_Forward_Runs/Run_1501_20260922_211056_sparse_incidence_adaptive_honf/best_by_field_mse_model.pt,4689,sparse_incidence_group_control_honf,0652,full_forward,complete,43.97960007190704,44.752756878733635,43.95724868774414,1731.9072265625,0.0,23.65869140625,2312.0,8192,8192
1501,/home/wanglz/Desktop/src/ModularDT/HONF_Proj/Trained_Results/ThermalChannel/HONF_Forward_Runs/Run_1501_20260922_211056_sparse_incidence_adaptive_honf/best_by_field_mse_model.pt,4689,sparse_incidence_group_control_honf,0652,preparation_plus_one_query,complete,38.57406321913004,40.74569195508957,38.55228805541992,164.9462890625,0.0,23.65869140625,2312.0,8192,8192
1501,/home/wanglz/Desktop/src/ModularDT/HONF_Proj/Trained_Results/ThermalChannel/HONF_Forward_Runs/Run_1501_20260922_211056_sparse_incidence_adaptive_honf/best_by_field_mse_model.pt,4689,sparse_incidence_group_control_honf,0652,prepared_p2_decode,complete,11.708691716194153,11.742635071277618,11.67683219909668,1728.0322265625,0.0,24.7421875,2312.0,8192,8192
1501,/home/wanglz/Desktop/src/ModularDT/HONF_Proj/Trained_Results/ThermalChannel/HONF_Forward_Runs/Run_1501_20260922_211056_sparse_incidence_adaptive_honf/best_by_field_mse_model.pt,4689,sparse_incidence_group_control_honf,0653,application_evaluator,complete,48.73085115104914,48.9342606626451,48.706302642822266,1732.2119140625,0.0,23.65869140625,2312.0,8192,8192
1501,/home/wanglz/Desktop/src/ModularDT/HONF_Proj/Trained_Results/ThermalChannel/HONF_Forward_Runs/Run_1501_20260922_211056_sparse_incidence_adaptive_honf/best_by_field_mse_model.pt,4689,sparse_incidence_group_control_honf,0653,full_forward,complete,49.98243134468794,51.208923384547234,49.960960388183594,1731.9072265625,0.0,23.65869140625,2312.0,8192,8192
1501,/home/wanglz/Desktop/src/ModularDT/HONF_Proj/Trained_Results/ThermalChannel/HONF_Forward_Runs/Run_1501_20260922_211056_sparse_incidence_adaptive_honf/best_by_field_mse_model.pt,4689,sparse_incidence_group_control_honf,0653,preparation_plus_one_query,complete,38.48131187260151,38.62689211964607,38.45759963989258,164.9462890625,0.0,23.65869140625,2312.0,8192,8192
1501,/home/wanglz/Desktop/src/ModularDT/HONF_Proj/Trained_Results/ThermalChannel/HONF_Forward_Runs/Run_1501_20260922_211056_sparse_incidence_adaptive_honf/best_by_field_mse_model.pt,4689,sparse_incidence_group_control_honf,0653,prepared_p2_decode,complete,11.664550751447678,11.740231793373823,11.636735916137695,1728.0322265625,0.0,24.7421875,2312.0,8192,8192
1501,/home/wanglz/Desktop/src/ModularDT/HONF_Proj/Trained_Results/ThermalChannel/HONF_Forward_Runs/Run_1501_20260922_211056_sparse_incidence_adaptive_honf/best_by_field_mse_model.pt,4689,sparse_incidence_group_control_honf,0654,application_evaluator,complete,48.028514720499516,48.37800655514002,48.003360748291016,1732.2119140625,0.0,23.65869140625,2312.0,8192,8192
1501,/home/wanglz/Desktop/src/ModularDT/HONF_Proj/Trained_Results/ThermalChannel/HONF_Forward_Runs/Run_1501_20260922_211056_sparse_incidence_adaptive_honf/best_by_field_mse_model.pt,4689,sparse_incidence_group_control_honf,0654,full_forward,complete,45.81199027597904,70.78334195539355,45.78815841674805,1731.9072265625,0.0,23.65869140625,2312.0,8192,8192
1501,/home/wanglz/Desktop/src/ModularDT/HONF_Proj/Trained_Results/ThermalChannel/HONF_Forward_Runs/Run_1501_20260922_211056_sparse_incidence_adaptive_honf/best_by_field_mse_model.pt,4689,sparse_incidence_group_control_honf,0654,preparation_plus_one_query,complete,67.56181176751852,72.84191120415926,67.53814697265625,164.9462890625,0.0,23.65869140625,2312.0,8192,8192
1501,/home/wanglz/Desktop/src/ModularDT/HONF_Proj/Trained_Results/ThermalChannel/HONF_Forward_Runs/Run_1501_20260922_211056_sparse_incidence_adaptive_honf/best_by_field_mse_model.pt,4689,sparse_incidence_group_control_honf,0654,prepared_p2_decode,complete,11.761212721467018,11.793145257979631,11.729663848876953,1728.0322265625,0.0,24.7421875,2312.0,8192,8192
1501,/home/wanglz/Desktop/src/ModularDT/HONF_Proj/Trained_Results/ThermalChannel/HONF_Forward_Runs/Run_1501_20260922_211056_sparse_incidence_adaptive_honf/best_by_field_mse_model.pt,4689,sparse_incidence_group_control_honf,0655,application_evaluator,complete,49.370890483260155,51.47790061309934,49.34815979003906,1732.2119140625,0.0,23.65869140625,2312.0,8192,8192
1501,/home/wanglz/Desktop/src/ModularDT/HONF_Proj/Trained_Results/ThermalChannel/HONF_Forward_Runs/Run_1501_20260922_211056_sparse_incidence_adaptive_honf/best_by_field_mse_model.pt,4689,sparse_incidence_group_control_honf,0655,full_forward,complete,50.06847716867924,51.58738614991307,50.04595184326172,1731.9072265625,0.0,23.65869140625,2312.0,8192,8192
1501,/home/wanglz/Desktop/src/ModularDT/HONF_Proj/Trained_Results/ThermalChannel/HONF_Forward_Runs/Run_1501_20260922_211056_sparse_incidence_adaptive_honf/best_by_field_mse_model.pt,4689,sparse_incidence_group_control_honf,0655,preparation_plus_one_query,complete,38.79225067794323,40.875125117599964,38.75532913208008,164.9462890625,0.0,23.65869140625,2312.0,8192,8192
1501,/home/wanglz/Desktop/src/ModularDT/HONF_Proj/Trained_Results/ThermalChannel/HONF_Forward_Runs/Run_1501_20260922_211056_sparse_incidence_adaptive_honf/best_by_field_mse_model.pt,4689,sparse_incidence_group_control_honf,0655,prepared_p2_decode,complete,11.636333540081978,11.650918051600456,11.611136436462402,1728.0322265625,0.0,24.7421875,2312.0,8192,8192
1501,/home/wanglz/Desktop/src/ModularDT/HONF_Proj/Trained_Results/ThermalChannel/HONF_Forward_Runs/Run_1501_20260922_211056_sparse_incidence_adaptive_honf/best_by_field_mse_model.pt,4689,sparse_incidence_group_control_honf,0656,application_evaluator,complete,52.30763088911772,52.44038850069046,52.28668975830078,1732.2119140625,0.0,23.65869140625,2312.0,8192,8192
1501,/home/wanglz/Desktop/src/ModularDT/HONF_Proj/Trained_Results/ThermalChannel/HONF_Forward_Runs/Run_1501_20260922_211056_sparse_incidence_adaptive_honf/best_by_field_mse_model.pt,4689,sparse_incidence_group_control_honf,0656,full_forward,complete,52.01680585741997,62.853833846747875,51.9370231628418,1731.9072265625,0.0,23.65869140625,2312.0,8192,8192
1501,/home/wanglz/Desktop/src/ModularDT/HONF_Proj/Trained_Results/ThermalChannel/HONF_Forward_Runs/Run_1501_20260922_211056_sparse_incidence_adaptive_honf/best_by_field_mse_model.pt,4689,sparse_incidence_group_control_honf,0656,preparation_plus_one_query,complete,40.68219196051359,41.08272539451718,40.654014587402344,164.9462890625,0.0,23.65869140625,2312.0,8192,8192
1501,/home/wanglz/Desktop/src/ModularDT/HONF_Proj/Trained_Results/ThermalChannel/HONF_Forward_Runs/Run_1501_20260922_211056_sparse_incidence_adaptive_honf/best_by_field_mse_model.pt,4689,sparse_incidence_group_control_honf,0656,prepared_p2_decode,complete,11.632703244686127,11.710144486278296,11.611136436462402,1728.0322265625,0.0,24.7421875,2312.0,8192,8192
1501,/home/wanglz/Desktop/src/ModularDT/HONF_Proj/Trained_Results/ThermalChannel/HONF_Forward_Runs/Run_1501_20260922_211056_sparse_incidence_adaptive_honf/best_by_field_mse_model.pt,4689,sparse_incidence_group_control_honf,0657,application_evaluator,complete,63.28409258276224,65.69810332730412,63.262977600097656,1732.2119140625,0.0,23.65869140625,2312.0,8192,8192
1501,/home/wanglz/Desktop/src/ModularDT/HONF_Proj/Trained_Results/ThermalChannel/HONF_Forward_Runs/Run_1501_20260922_211056_sparse_incidence_adaptive_honf/best_by_field_mse_model.pt,4689,sparse_incidence_group_control_honf,0657,full_forward,complete,46.06789257377386,46.36810552328825,46.0318717956543,1731.9072265625,0.0,23.65869140625,2312.0,8192,8192
1501,/home/wanglz/Desktop/src/ModularDT/HONF_Proj/Trained_Results/ThermalChannel/HONF_Forward_Runs/Run_1501_20260922_211056_sparse_incidence_adaptive_honf/best_by_field_mse_model.pt,4689,sparse_incidence_group_control_honf,0657,preparation_plus_one_query,complete,41.51136241853237,41.659458074718714,41.49043273925781,164.9462890625,0.0,23.65869140625,2312.0,8192,8192
1501,/home/wanglz/Desktop/src/ModularDT/HONF_Proj/Trained_Results/ThermalChannel/HONF_Forward_Runs/Run_1501_20260922_211056_sparse_incidence_adaptive_honf/best_by_field_mse_model.pt,4689,sparse_incidence_group_control_honf,0657,prepared_p2_decode,complete,13.085149228572845,13.087160047143698,13.063167572021484,1728.0322265625,0.0,24.7421875,2312.0,8192,8192
1501,/home/wanglz/Desktop/src/ModularDT/HONF_Proj/Trained_Results/ThermalChannel/HONF_Forward_Runs/Run_1501_20260922_211056_sparse_incidence_adaptive_honf/best_by_field_mse_model.pt,4689,sparse_incidence_group_control_honf,0658,application_evaluator,complete,49.90476556122303,50.042802933603525,49.88198471069336,1732.2119140625,0.0,23.65869140625,2312.0,8192,8192
1501,/home/wanglz/Desktop/src/ModularDT/HONF_Proj/Trained_Results/ThermalChannel/HONF_Forward_Runs/Run_1501_20260922_211056_sparse_incidence_adaptive_honf/best_by_field_mse_model.pt,4689,sparse_incidence_group_control_honf,0658,full_forward,complete,46.58277239650488,47.44544122368097,46.55923080444336,1731.9072265625,0.0,23.65869140625,2312.0,8192,8192
1501,/home/wanglz/Desktop/src/ModularDT/HONF_Proj/Trained_Results/ThermalChannel/HONF_Forward_Runs/Run_1501_20260922_211056_sparse_incidence_adaptive_honf/best_by_field_mse_model.pt,4689,sparse_incidence_group_control_honf,0658,preparation_plus_one_query,complete,38.45169860869646,42.87717752158642,38.42793655395508,164.9462890625,0.0,23.65869140625,2312.0,8192,8192
1501,/home/wanglz/Desktop/src/ModularDT/HONF_Proj/Trained_Results/ThermalChannel/HONF_Forward_Runs/Run_1501_20260922_211056_sparse_incidence_adaptive_honf/best_by_field_mse_model.pt,4689,sparse_incidence_group_control_honf,0658,prepared_p2_decode,complete,11.706735007464886,11.904613301157951,11.68665599822998,1728.0322265625,0.0,24.7421875,2312.0,8192,8192
1501,/home/wanglz/Desktop/src/ModularDT/HONF_Proj/Trained_Results/ThermalChannel/HONF_Forward_Runs/Run_1501_20260922_211056_sparse_incidence_adaptive_honf/best_by_field_mse_model.pt,4689,sparse_incidence_group_control_honf,0659,application_evaluator,complete,62.27081548422575,73.61724693328142,62.25017547607422,1732.2119140625,0.0,23.65869140625,2312.0,8192,8192
1501,/home/wanglz/Desktop/src/ModularDT/HONF_Proj/Trained_Results/ThermalChannel/HONF_Forward_Runs/Run_1501_20260922_211056_sparse_incidence_adaptive_honf/best_by_field_mse_model.pt,4689,sparse_incidence_group_control_honf,0659,full_forward,complete,46.819958835840225,46.92078307271004,46.78451156616211,1731.9072265625,0.0,23.65869140625,2312.0,8192,8192
1501,/home/wanglz/Desktop/src/ModularDT/HONF_Proj/Trained_Results/ThermalChannel/HONF_Forward_Runs/Run_1501_20260922_211056_sparse_incidence_adaptive_honf/best_by_field_mse_model.pt,4689,sparse_incidence_group_control_honf,0659,preparation_plus_one_query,complete,36.97885852307081,39.784853998571634,36.914207458496094,164.9462890625,0.0,23.65869140625,2312.0,8192,8192
1501,/home/wanglz/Desktop/src/ModularDT/HONF_Proj/Trained_Results/ThermalChannel/HONF_Forward_Runs/Run_1501_20260922_211056_sparse_incidence_adaptive_honf/best_by_field_mse_model.pt,4689,sparse_incidence_group_control_honf,0659,prepared_p2_decode,complete,11.696120724081993,11.952078901231289,11.669504165649414,1728.0322265625,0.0,24.7421875,2312.0,8192,8192
1501,/home/wanglz/Desktop/src/ModularDT/HONF_Proj/Trained_Results/ThermalChannel/HONF_Forward_Runs/Run_1501_20260922_211056_sparse_incidence_adaptive_honf/best_by_field_mse_model.pt,4689,sparse_incidence_group_control_honf,0660,application_evaluator,complete,49.23874791711569,49.67800071462989,49.20956802368164,1732.2119140625,0.0,23.65869140625,2312.0,8192,8192
1501,/home/wanglz/Desktop/src/ModularDT/HONF_Proj/Trained_Results/ThermalChannel/HONF_Forward_Runs/Run_1501_20260922_211056_sparse_incidence_adaptive_honf/best_by_field_mse_model.pt,4689,sparse_incidence_group_control_honf,0660,full_forward,complete,46.861305832862854,47.31539376080036,46.79679870605469,1731.9072265625,0.0,23.65869140625,2312.0,8192,8192
1501,/home/wanglz/Desktop/src/ModularDT/HONF_Proj/Trained_Results/ThermalChannel/HONF_Forward_Runs/Run_1501_20260922_211056_sparse_incidence_adaptive_honf/best_by_field_mse_model.pt,4689,sparse_incidence_group_control_honf,0660,preparation_plus_one_query,complete,38.475723937153816,38.50514190271497,38.44985580444336,164.9462890625,0.0,23.65869140625,2312.0,8192,8192
1501,/home/wanglz/Desktop/src/ModularDT/HONF_Proj/Trained_Results/ThermalChannel/HONF_Forward_Runs/Run_1501_20260922_211056_sparse_incidence_adaptive_honf/best_by_field_mse_model.pt,4689,sparse_incidence_group_control_honf,0660,prepared_p2_decode,complete,11.68745942413807,11.709585972130299,11.66643238067627,1728.0322265625,0.0,24.7421875,2312.0,8192,8192
1501,/home/wanglz/Desktop/src/ModularDT/HONF_Proj/Trained_Results/ThermalChannel/HONF_Forward_Runs/Run_1501_20260922_211056_sparse_incidence_adaptive_honf/best_by_field_mse_model.pt,4689,sparse_incidence_group_control_honf,0661,application_evaluator,complete,48.18021226674318,48.22471681982279,48.15590286254883,1732.2119140625,0.0,23.65869140625,2312.0,8192,8192
1501,/home/wanglz/Desktop/src/ModularDT/HONF_Proj/Trained_Results/ThermalChannel/HONF_Forward_Runs/Run_1501_20260922_211056_sparse_incidence_adaptive_honf/best_by_field_mse_model.pt,4689,sparse_incidence_group_control_honf,0661,full_forward,complete,50.332761369645596,57.9298191703856,50.28556823730469,1731.9072265625,0.0,23.65869140625,2312.0,8192,8192
1501,/home/wanglz/Desktop/src/ModularDT/HONF_Proj/Trained_Results/ThermalChannel/HONF_Forward_Runs/Run_1501_20260922_211056_sparse_incidence_adaptive_honf/best_by_field_mse_model.pt,4689,sparse_incidence_group_control_honf,0661,preparation_plus_one_query,complete,49.2999292910099,49.98508533462882,49.277950286865234,164.9462890625,0.0,23.65869140625,2312.0,8192,8192
1501,/home/wanglz/Desktop/src/ModularDT/HONF_Proj/Trained_Results/ThermalChannel/HONF_Forward_Runs/Run_1501_20260922_211056_sparse_incidence_adaptive_honf/best_by_field_mse_model.pt,4689,sparse_incidence_group_control_honf,0661,prepared_p2_decode,complete,11.708690784871578,11.78110372275114,11.688960075378418,1728.0322265625,0.0,24.7421875,2312.0,8192,8192
1501,/home/wanglz/Desktop/src/ModularDT/HONF_Proj/Trained_Results/ThermalChannel/HONF_Forward_Runs/Run_1501_20260922_211056_sparse_incidence_adaptive_honf/best_by_field_mse_model.pt,4689,sparse_incidence_group_control_honf,0662,application_evaluator,complete,49.63014554232359,52.627481427043676,49.588191986083984,1732.2119140625,0.0,23.65869140625,2312.0,8192,8192
1501,/home/wanglz/Desktop/src/ModularDT/HONF_Proj/Trained_Results/ThermalChannel/HONF_Forward_Runs/Run_1501_20260922_211056_sparse_incidence_adaptive_honf/best_by_field_mse_model.pt,4689,sparse_incidence_group_control_honf,0662,full_forward,complete,48.02041407674551,49.791510216891766,47.997215270996094,1731.9072265625,0.0,23.65869140625,2312.0,8192,8192
1501,/home/wanglz/Desktop/src/ModularDT/HONF_Proj/Trained_Results/ThermalChannel/HONF_Forward_Runs/Run_1501_20260922_211056_sparse_incidence_adaptive_honf/best_by_field_mse_model.pt,4689,sparse_incidence_group_control_honf,0662,preparation_plus_one_query,complete,39.68372195959091,39.89718807861209,39.65030288696289,164.9462890625,0.0,23.65869140625,2312.0,8192,8192
1501,/home/wanglz/Desktop/src/ModularDT/HONF_Proj/Trained_Results/ThermalChannel/HONF_Forward_Runs/Run_1501_20260922_211056_sparse_incidence_adaptive_honf/best_by_field_mse_model.pt,4689,sparse_incidence_group_control_honf,0662,prepared_p2_decode,complete,11.68773788958788,11.755876895040274,11.667231559753418,1728.0322265625,0.0,24.7421875,2312.0,8192,8192
1501,/home/wanglz/Desktop/src/ModularDT/HONF_Proj/Trained_Results/ThermalChannel/HONF_Forward_Runs/Run_1501_20260922_211056_sparse_incidence_adaptive_honf/best_by_field_mse_model.pt,4689,sparse_incidence_group_control_honf,0663,application_evaluator,complete,56.58367369323969,65.36473063752055,56.56086349487305,1732.2119140625,0.0,23.65869140625,2312.0,8192,8192
1501,/home/wanglz/Desktop/src/ModularDT/HONF_Proj/Trained_Results/ThermalChannel/HONF_Forward_Runs/Run_1501_20260922_211056_sparse_incidence_adaptive_honf/best_by_field_mse_model.pt,4689,sparse_incidence_group_control_honf,0663,full_forward,complete,53.50193940103054,57.59275909513235,53.47942352294922,1731.9072265625,0.0,23.65869140625,2312.0,8192,8192
1501,/home/wanglz/Desktop/src/ModularDT/HONF_Proj/Trained_Results/ThermalChannel/HONF_Forward_Runs/Run_1501_20260922_211056_sparse_incidence_adaptive_honf/best_by_field_mse_model.pt,4689,sparse_incidence_group_control_honf,0663,preparation_plus_one_query,complete,75.00619348138571,76.33627578616142,74.97222137451172,164.9462890625,0.0,23.65869140625,2312.0,8192,8192
1501,/home/wanglz/Desktop/src/ModularDT/HONF_Proj/Trained_Results/ThermalChannel/HONF_Forward_Runs/Run_1501_20260922_211056_sparse_incidence_adaptive_honf/best_by_field_mse_model.pt,4689,sparse_incidence_group_control_honf,0663,prepared_p2_decode,complete,11.616219766438007,11.622004117816687,11.591679573059082,1728.0322265625,0.0,24.7421875,2312.0,8192,8192
1501,/home/wanglz/Desktop/src/ModularDT/HONF_Proj/Trained_Results/ThermalChannel/HONF_Forward_Runs/Run_1501_20260922_211056_sparse_incidence_adaptive_honf/best_by_field_mse_model.pt,4689,sparse_incidence_group_control_honf,0664,application_evaluator,complete,48.959377221763134,53.100734762847424,48.93241500854492,1732.2119140625,0.0,23.65869140625,2312.0,8192,8192
1501,/home/wanglz/Desktop/src/ModularDT/HONF_Proj/Trained_Results/ThermalChannel/HONF_Forward_Runs/Run_1501_20260922_211056_sparse_incidence_adaptive_honf/best_by_field_mse_model.pt,4689,sparse_incidence_group_control_honf,0664,full_forward,complete,47.0593785867095,47.29773811995983,47.038272857666016,1731.9072265625,0.0,23.65869140625,2312.0,8192,8192
1501,/home/wanglz/Desktop/src/ModularDT/HONF_Proj/Trained_Results/ThermalChannel/HONF_Forward_Runs/Run_1501_20260922_211056_sparse_incidence_adaptive_honf/best_by_field_mse_model.pt,4689,sparse_incidence_group_control_honf,0664,preparation_plus_one_query,complete,38.687488064169884,39.761611353605986,38.66707229614258,164.9462890625,0.0,23.65869140625,2312.0,8192,8192
1501,/home/wanglz/Desktop/src/ModularDT/HONF_Proj/Trained_Results/ThermalChannel/HONF_Forward_Runs/Run_1501_20260922_211056_sparse_incidence_adaptive_honf/best_by_field_mse_model.pt,4689,sparse_incidence_group_control_honf,0664,prepared_p2_decode,complete,11.697516776621342,11.916766408830881,11.669504165649414,1728.0322265625,0.0,24.7421875,2312.0,8192,8192
1501,/home/wanglz/Desktop/src/ModularDT/HONF_Proj/Trained_Results/ThermalChannel/HONF_Forward_Runs/Run_1501_20260922_211056_sparse_incidence_adaptive_honf/best_by_field_mse_model.pt,4689,sparse_incidence_group_control_honf,0665,application_evaluator,complete,48.82248491048813,50.918935518711805,48.80160140991211,1732.2119140625,0.0,23.65869140625,2312.0,8192,8192
1501,/home/wanglz/Desktop/src/ModularDT/HONF_Proj/Trained_Results/ThermalChannel/HONF_Forward_Runs/Run_1501_20260922_211056_sparse_incidence_adaptive_honf/best_by_field_mse_model.pt,4689,sparse_incidence_group_control_honf,0665,full_forward,complete,62.78960686177015,78.52933406829834,62.74867248535156,1731.9072265625,0.0,23.65869140625,2312.0,8192,8192
1501,/home/wanglz/Desktop/src/ModularDT/HONF_Proj/Trained_Results/ThermalChannel/HONF_Forward_Runs/Run_1501_20260922_211056_sparse_incidence_adaptive_honf/best_by_field_mse_model.pt,4689,sparse_incidence_group_control_honf,0665,preparation_plus_one_query,complete,41.003466583788395,43.832092359662056,40.98070526123047,164.9462890625,0.0,23.65869140625,2312.0,8192,8192
1501,/home/wanglz/Desktop/src/ModularDT/HONF_Proj/Trained_Results/ThermalChannel/HONF_Forward_Runs/Run_1501_20260922_211056_sparse_incidence_adaptive_honf/best_by_field_mse_model.pt,4689,sparse_incidence_group_control_honf,0665,prepared_p2_decode,complete,11.69109158217907,11.789652705192566,11.649855613708496,1728.0322265625,0.0,24.7421875,2312.0,8192,8192
1501,/home/wanglz/Desktop/src/ModularDT/HONF_Proj/Trained_Results/ThermalChannel/HONF_Forward_Runs/Run_1501_20260922_211056_sparse_incidence_adaptive_honf/best_by_field_mse_model.pt,4689,sparse_incidence_group_control_honf,0666,application_evaluator,complete,49.47258159518242,49.51959904283285,49.44102478027344,1732.2119140625,0.0,23.65869140625,2312.0,8192,8192
1501,/home/wanglz/Desktop/src/ModularDT/HONF_Proj/Trained_Results/ThermalChannel/HONF_Forward_Runs/Run_1501_20260922_211056_sparse_incidence_adaptive_honf/best_by_field_mse_model.pt,4689,sparse_incidence_group_control_honf,0666,full_forward,complete,46.714636497199535,47.02289272099733,46.648319244384766,1731.9072265625,0.0,23.65869140625,2312.0,8192,8192
1501,/home/wanglz/Desktop/src/ModularDT/HONF_Proj/Trained_Results/ThermalChannel/HONF_Forward_Runs/Run_1501_20260922_211056_sparse_incidence_adaptive_honf/best_by_field_mse_model.pt,4689,sparse_incidence_group_control_honf,0666,preparation_plus_one_query,complete,37.86530066281557,38.36892144754529,37.83270263671875,164.9462890625,0.0,23.65869140625,2312.0,8192,8192
1501,/home/wanglz/Desktop/src/ModularDT/HONF_Proj/Trained_Results/ThermalChannel/HONF_Forward_Runs/Run_1501_20260922_211056_sparse_incidence_adaptive_honf/best_by_field_mse_model.pt,4689,sparse_incidence_group_control_honf,0666,prepared_p2_decode,complete,12.259888462722301,12.370016612112522,12.222463607788086,1728.0322265625,0.0,24.7421875,2312.0,8192,8192
1501,/home/wanglz/Desktop/src/ModularDT/HONF_Proj/Trained_Results/ThermalChannel/HONF_Forward_Runs/Run_1501_20260922_211056_sparse_incidence_adaptive_honf/best_by_field_mse_model.pt,4689,sparse_incidence_group_control_honf,0667,application_evaluator,complete,48.721352592110634,51.79839450865984,48.700382232666016,1732.2119140625,0.0,23.65869140625,2312.0,8192,8192
1501,/home/wanglz/Desktop/src/ModularDT/HONF_Proj/Trained_Results/ThermalChannel/HONF_Forward_Runs/Run_1501_20260922_211056_sparse_incidence_adaptive_honf/best_by_field_mse_model.pt,4689,sparse_incidence_group_control_honf,0667,full_forward,complete,49.424806609749794,51.178304105997086,49.397953033447266,1731.9072265625,0.0,23.65869140625,2312.0,8192,8192
1501,/home/wanglz/Desktop/src/ModularDT/HONF_Proj/Trained_Results/ThermalChannel/HONF_Forward_Runs/Run_1501_20260922_211056_sparse_incidence_adaptive_honf/best_by_field_mse_model.pt,4689,sparse_incidence_group_control_honf,0667,preparation_plus_one_query,complete,38.99032436311245,40.614080894738436,38.965248107910156,164.9462890625,0.0,23.65869140625,2312.0,8192,8192
1501,/home/wanglz/Desktop/src/ModularDT/HONF_Proj/Trained_Results/ThermalChannel/HONF_Forward_Runs/Run_1501_20260922_211056_sparse_incidence_adaptive_honf/best_by_field_mse_model.pt,4689,sparse_incidence_group_control_honf,0667,prepared_p2_decode,complete,11.643597856163979,11.69136967509985,11.611295700073242,1728.0322265625,0.0,24.7421875,2312.0,8192,8192
1501,/home/wanglz/Desktop/src/ModularDT/HONF_Proj/Trained_Results/ThermalChannel/HONF_Forward_Runs/Run_1501_20260922_211056_sparse_incidence_adaptive_honf/best_by_field_mse_model.pt,4689,sparse_incidence_group_control_honf,0668,application_evaluator,complete,63.10557387769222,76.47629613056779,63.08137512207031,1732.2119140625,0.0,23.65869140625,2312.0,8192,8192
1501,/home/wanglz/Desktop/src/ModularDT/HONF_Proj/Trained_Results/ThermalChannel/HONF_Forward_Runs/Run_1501_20260922_211056_sparse_incidence_adaptive_honf/best_by_field_mse_model.pt,4689,sparse_incidence_group_control_honf,0668,full_forward,complete,46.48667015135288,47.06169804558158,46.450687408447266,1731.9072265625,0.0,23.65869140625,2312.0,8192,8192
1501,/home/wanglz/Desktop/src/ModularDT/HONF_Proj/Trained_Results/ThermalChannel/HONF_Forward_Runs/Run_1501_20260922_211056_sparse_incidence_adaptive_honf/best_by_field_mse_model.pt,4689,sparse_incidence_group_control_honf,0668,preparation_plus_one_query,complete,41.10543802380562,49.65467331930995,41.08585739135742,164.9462890625,0.0,23.65869140625,2312.0,8192,8192
1501,/home/wanglz/Desktop/src/ModularDT/HONF_Proj/Trained_Results/ThermalChannel/HONF_Forward_Runs/Run_1501_20260922_211056_sparse_incidence_adaptive_honf/best_by_field_mse_model.pt,4689,sparse_incidence_group_control_honf,0668,prepared_p2_decode,complete,11.798369698226452,11.808677762746811,11.767807960510254,1728.0322265625,0.0,24.7421875,2312.0,8192,8192
1501,/home/wanglz/Desktop/src/ModularDT/HONF_Proj/Trained_Results/ThermalChannel/HONF_Forward_Runs/Run_1501_20260922_211056_sparse_incidence_adaptive_honf/best_by_field_mse_model.pt,4689,sparse_incidence_group_control_honf,0669,application_evaluator,complete,50.02433713525534,50.70697860792279,50.00175857543945,1732.2119140625,0.0,23.65869140625,2312.0,8192,8192
1501,/home/wanglz/Desktop/src/ModularDT/HONF_Proj/Trained_Results/ThermalChannel/HONF_Forward_Runs/Run_1501_20260922_211056_sparse_incidence_adaptive_honf/best_by_field_mse_model.pt,4689,sparse_incidence_group_control_honf,0669,full_forward,complete,48.57608024030924,50.59131858870387,48.44646453857422,1731.9072265625,0.0,23.65869140625,2312.0,8192,8192
1501,/home/wanglz/Desktop/src/ModularDT/HONF_Proj/Trained_Results/ThermalChannel/HONF_Forward_Runs/Run_1501_20260922_211056_sparse_incidence_adaptive_honf/best_by_field_mse_model.pt,4689,sparse_incidence_group_control_honf,0669,preparation_plus_one_query,complete,40.028185583651066,40.28464835137129,40.00364685058594,164.9462890625,0.0,23.65869140625,2312.0,8192,8192
1501,/home/wanglz/Desktop/src/ModularDT/HONF_Proj/Trained_Results/ThermalChannel/HONF_Forward_Runs/Run_1501_20260922_211056_sparse_incidence_adaptive_honf/best_by_field_mse_model.pt,4689,sparse_incidence_group_control_honf,0669,prepared_p2_decode,complete,11.65477279573679,11.78375855088234,11.6277437210083,1728.0322265625,0.0,24.7421875,2312.0,8192,8192
1501,/home/wanglz/Desktop/src/ModularDT/HONF_Proj/Trained_Results/ThermalChannel/HONF_Forward_Runs/Run_1501_20260922_211056_sparse_incidence_adaptive_honf/best_by_field_mse_model.pt,4689,sparse_incidence_group_control_honf,0670,application_evaluator,complete,50.13161525130272,51.13885598257184,50.09904098510742,1732.2119140625,0.0,23.65869140625,2312.0,8192,8192
1501,/home/wanglz/Desktop/src/ModularDT/HONF_Proj/Trained_Results/ThermalChannel/HONF_Forward_Runs/Run_1501_20260922_211056_sparse_incidence_adaptive_honf/best_by_field_mse_model.pt,4689,sparse_incidence_group_control_honf,0670,full_forward,complete,58.11909306794405,58.608884550631046,58.09241485595703,1731.9072265625,0.0,23.65869140625,2312.0,8192,8192
1501,/home/wanglz/Desktop/src/ModularDT/HONF_Proj/Trained_Results/ThermalChannel/HONF_Forward_Runs/Run_1501_20260922_211056_sparse_incidence_adaptive_honf/best_by_field_mse_model.pt,4689,sparse_incidence_group_control_honf,0670,preparation_plus_one_query,complete,43.17194130271673,61.24521968886256,43.14543914794922,164.9462890625,0.0,23.65869140625,2312.0,8192,8192
1501,/home/wanglz/Desktop/src/ModularDT/HONF_Proj/Trained_Results/ThermalChannel/HONF_Forward_Runs/Run_1501_20260922_211056_sparse_incidence_adaptive_honf/best_by_field_mse_model.pt,4689,sparse_incidence_group_control_honf,0670,prepared_p2_decode,complete,11.701148934662342,11.803984828293324,11.680768013000488,1728.0322265625,0.0,24.7421875,2312.0,8192,8192
1501,/home/wanglz/Desktop/src/ModularDT/HONF_Proj/Trained_Results/ThermalChannel/HONF_Forward_Runs/Run_1501_20260922_211056_sparse_incidence_adaptive_honf/best_by_field_mse_model.pt,4689,sparse_incidence_group_control_honf,0671,application_evaluator,complete,47.5968886166811,47.89735050871968,47.57350540161133,1732.2119140625,0.0,23.65869140625,2312.0,8192,8192
1501,/home/wanglz/Desktop/src/ModularDT/HONF_Proj/Trained_Results/ThermalChannel/HONF_Forward_Runs/Run_1501_20260922_211056_sparse_incidence_adaptive_honf/best_by_field_mse_model.pt,4689,sparse_incidence_group_control_honf,0671,full_forward,complete,47.15967271476984,47.70100871101022,47.1379508972168,1731.9072265625,0.0,23.65869140625,2312.0,8192,8192
1501,/home/wanglz/Desktop/src/ModularDT/HONF_Proj/Trained_Results/ThermalChannel/HONF_Forward_Runs/Run_1501_20260922_211056_sparse_incidence_adaptive_honf/best_by_field_mse_model.pt,4689,sparse_incidence_group_control_honf,0671,preparation_plus_one_query,complete,37.45602257549763,37.68759276717901,37.43436813354492,164.9462890625,0.0,23.65869140625,2312.0,8192,8192
1501,/home/wanglz/Desktop/src/ModularDT/HONF_Proj/Trained_Results/ThermalChannel/HONF_Forward_Runs/Run_1501_20260922_211056_sparse_incidence_adaptive_honf/best_by_field_mse_model.pt,4689,sparse_incidence_group_control_honf,0671,prepared_p2_decode,complete,12.368006631731987,12.535963207483292,12.344063758850098,1728.0322265625,0.0,24.7421875,2312.0,8192,8192
1501,/home/wanglz/Desktop/src/ModularDT/HONF_Proj/Trained_Results/ThermalChannel/HONF_Forward_Runs/Run_1501_20260922_211056_sparse_incidence_adaptive_honf/best_by_field_mse_model.pt,4689,sparse_incidence_group_control_honf,0672,application_evaluator,complete,50.6590660661459,51.08776018023491,50.63631820678711,1732.2119140625,0.0,23.65869140625,2312.0,8192,8192
1501,/home/wanglz/Desktop/src/ModularDT/HONF_Proj/Trained_Results/ThermalChannel/HONF_Forward_Runs/Run_1501_20260922_211056_sparse_incidence_adaptive_honf/best_by_field_mse_model.pt,4689,sparse_incidence_group_control_honf,0672,full_forward,complete,46.74508795142174,48.593373876065016,46.7217903137207,1731.9072265625,0.0,23.65869140625,2312.0,8192,8192
1501,/home/wanglz/Desktop/src/ModularDT/HONF_Proj/Trained_Results/ThermalChannel/HONF_Forward_Runs/Run_1501_20260922_211056_sparse_incidence_adaptive_honf/best_by_field_mse_model.pt,4689,sparse_incidence_group_control_honf,0672,preparation_plus_one_query,complete,41.11102502793074,41.508540976792574,41.08697509765625,164.9462890625,0.0,23.65869140625,2312.0,8192,8192
1501,/home/wanglz/Desktop/src/ModularDT/HONF_Proj/Trained_Results/ThermalChannel/HONF_Forward_Runs/Run_1501_20260922_211056_sparse_incidence_adaptive_honf/best_by_field_mse_model.pt,4689,sparse_incidence_group_control_honf,0672,prepared_p2_decode,complete,11.639967560768127,11.717407964169979,11.614208221435547,1728.0322265625,0.0,24.7421875,2312.0,8192,8192
1501,/home/wanglz/Desktop/src/ModularDT/HONF_Proj/Trained_Results/ThermalChannel/HONF_Forward_Runs/Run_1501_20260922_211056_sparse_incidence_adaptive_honf/best_by_field_mse_model.pt,4689,sparse_incidence_group_control_honf,0673,application_evaluator,complete,83.79937428981066,87.69457964226604,83.77378845214844,1732.2119140625,0.0,23.65869140625,2312.0,8192,8192
1501,/home/wanglz/Desktop/src/ModularDT/HONF_Proj/Trained_Results/ThermalChannel/HONF_Forward_Runs/Run_1501_20260922_211056_sparse_incidence_adaptive_honf/best_by_field_mse_model.pt,4689,sparse_incidence_group_control_honf,0673,full_forward,complete,46.96411360055208,47.12151065468788,46.8746223449707,1731.9072265625,0.0,23.65869140625,2312.0,8192,8192
1501,/home/wanglz/Desktop/src/ModularDT/HONF_Proj/Trained_Results/ThermalChannel/HONF_Forward_Runs/Run_1501_20260922_211056_sparse_incidence_adaptive_honf/best_by_field_mse_model.pt,4689,sparse_incidence_group_control_honf,0673,preparation_plus_one_query,complete,36.23936418443918,37.1115867048502,36.217857360839844,164.9462890625,0.0,23.65869140625,2312.0,8192,8192
1501,/home/wanglz/Desktop/src/ModularDT/HONF_Proj/Trained_Results/ThermalChannel/HONF_Forward_Runs/Run_1501_20260922_211056_sparse_incidence_adaptive_honf/best_by_field_mse_model.pt,4689,sparse_incidence_group_control_honf,0673,prepared_p2_decode,complete,11.731878854334354,11.742439214140177,11.706368446350098,1728.0322265625,0.0,24.7421875,2312.0,8192,8192
1501,/home/wanglz/Desktop/src/ModularDT/HONF_Proj/Trained_Results/ThermalChannel/HONF_Forward_Runs/Run_1501_20260922_211056_sparse_incidence_adaptive_honf/best_by_field_mse_model.pt,4689,sparse_incidence_group_control_honf,0674,application_evaluator,complete,49.47257973253727,49.54826161265373,49.44713592529297,1732.2119140625,0.0,23.65869140625,2312.0,8192,8192
1501,/home/wanglz/Desktop/src/ModularDT/HONF_Proj/Trained_Results/ThermalChannel/HONF_Forward_Runs/Run_1501_20260922_211056_sparse_incidence_adaptive_honf/best_by_field_mse_model.pt,4689,sparse_incidence_group_control_honf,0674,full_forward,complete,49.17868226766586,49.44771621376276,49.139713287353516,1731.9072265625,0.0,23.65869140625,2312.0,8192,8192
1501,/home/wanglz/Desktop/src/ModularDT/HONF_Proj/Trained_Results/ThermalChannel/HONF_Forward_Runs/Run_1501_20260922_211056_sparse_incidence_adaptive_honf/best_by_field_mse_model.pt,4689,sparse_incidence_group_control_honf,0674,preparation_plus_one_query,complete,39.53453805297613,40.15909880399704,39.504032135009766,164.9462890625,0.0,23.65869140625,2312.0,8192,8192
1501,/home/wanglz/Desktop/src/ModularDT/HONF_Proj/Trained_Results/ThermalChannel/HONF_Forward_Runs/Run_1501_20260922_211056_sparse_incidence_adaptive_honf/best_by_field_mse_model.pt,4689,sparse_incidence_group_control_honf,0674,prepared_p2_decode,complete,11.627952568233013,11.643794365227222,11.586560249328613,1728.0322265625,0.0,24.7421875,2312.0,8192,8192
1501,/home/wanglz/Desktop/src/ModularDT/HONF_Proj/Trained_Results/ThermalChannel/HONF_Forward_Runs/Run_1501_20260922_211056_sparse_incidence_adaptive_honf/best_by_field_mse_model.pt,4689,sparse_incidence_group_control_honf,0675,application_evaluator,complete,62.20376770943403,62.99678795039654,62.181217193603516,1732.2119140625,0.0,23.65869140625,2312.0,8192,8192
1501,/home/wanglz/Desktop/src/ModularDT/HONF_Proj/Trained_Results/ThermalChannel/HONF_Forward_Runs/Run_1501_20260922_211056_sparse_incidence_adaptive_honf/best_by_field_mse_model.pt,4689,sparse_incidence_group_control_honf,0675,full_forward,complete,44.84620690345764,46.03800205513835,44.82368087768555,1731.9072265625,0.0,23.65869140625,2312.0,8192,8192
1501,/home/wanglz/Desktop/src/ModularDT/HONF_Proj/Trained_Results/ThermalChannel/HONF_Forward_Runs/Run_1501_20260922_211056_sparse_incidence_adaptive_honf/best_by_field_mse_model.pt,4689,sparse_incidence_group_control_honf,0675,preparation_plus_one_query,complete,40.837242268025875,57.81678622588515,40.804481506347656,164.9462890625,0.0,23.65869140625,2312.0,8192,8192
1501,/home/wanglz/Desktop/src/ModularDT/HONF_Proj/Trained_Results/ThermalChannel/HONF_Forward_Runs/Run_1501_20260922_211056_sparse_incidence_adaptive_honf/best_by_field_mse_model.pt,4689,sparse_incidence_group_control_honf,0675,prepared_p2_decode,complete,11.821278370916843,11.842398252338171,11.801600456237793,1728.0322265625,0.0,24.7421875,2312.0,8192,8192
1501,/home/wanglz/Desktop/src/ModularDT/HONF_Proj/Trained_Results/ThermalChannel/HONF_Forward_Runs/Run_1501_20260922_211056_sparse_incidence_adaptive_honf/best_by_field_mse_model.pt,4689,sparse_incidence_group_control_honf,0676,application_evaluator,complete,48.83114527910948,48.906575702130795,48.808414459228516,1732.2119140625,0.0,23.65869140625,2312.0,8192,8192
1501,/home/wanglz/Desktop/src/ModularDT/HONF_Proj/Trained_Results/ThermalChannel/HONF_Forward_Runs/Run_1501_20260922_211056_sparse_incidence_adaptive_honf/best_by_field_mse_model.pt,4689,sparse_incidence_group_control_honf,0676,full_forward,complete,46.0972273722291,46.40221633017063,46.06156921386719,1731.9072265625,0.0,23.65869140625,2312.0,8192,8192
1501,/home/wanglz/Desktop/src/ModularDT/HONF_Proj/Trained_Results/ThermalChannel/HONF_Forward_Runs/Run_1501_20260922_211056_sparse_incidence_adaptive_honf/best_by_field_mse_model.pt,4689,sparse_incidence_group_control_honf,0676,preparation_plus_one_query,complete,38.71430642902851,39.019798301160336,38.68979263305664,164.9462890625,0.0,23.65869140625,2312.0,8192,8192
1501,/home/wanglz/Desktop/src/ModularDT/HONF_Proj/Trained_Results/ThermalChannel/HONF_Forward_Runs/Run_1501_20260922_211056_sparse_incidence_adaptive_honf/best_by_field_mse_model.pt,4689,sparse_incidence_group_control_honf,0676,prepared_p2_decode,complete,11.612867005169392,11.721989326179028,11.591679573059082,1728.0322265625,0.0,24.7421875,2312.0,8192,8192
1501,/home/wanglz/Desktop/src/ModularDT/HONF_Proj/Trained_Results/ThermalChannel/HONF_Forward_Runs/Run_1501_20260922_211056_sparse_incidence_adaptive_honf/best_by_field_mse_model.pt,4689,sparse_incidence_group_control_honf,0677,application_evaluator,complete,48.154789954423904,48.586500715464354,48.127105712890625,1732.2119140625,0.0,23.65869140625,2312.0,8192,8192
1501,/home/wanglz/Desktop/src/ModularDT/HONF_Proj/Trained_Results/ThermalChannel/HONF_Forward_Runs/Run_1501_20260922_211056_sparse_incidence_adaptive_honf/best_by_field_mse_model.pt,4689,sparse_incidence_group_control_honf,0677,full_forward,complete,60.20319554954767,61.058319825679064,60.17536163330078,1731.9072265625,0.0,23.65869140625,2312.0,8192,8192
1501,/home/wanglz/Desktop/src/ModularDT/HONF_Proj/Trained_Results/ThermalChannel/HONF_Forward_Runs/Run_1501_20260922_211056_sparse_incidence_adaptive_honf/best_by_field_mse_model.pt,4689,sparse_incidence_group_control_honf,0677,preparation_plus_one_query,complete,39.126657880842686,50.70289932191372,39.1014404296875,164.9462890625,0.0,23.65869140625,2312.0,8192,8192
1501,/home/wanglz/Desktop/src/ModularDT/HONF_Proj/Trained_Results/ThermalChannel/HONF_Forward_Runs/Run_1501_20260922_211056_sparse_incidence_adaptive_honf/best_by_field_mse_model.pt,4689,sparse_incidence_group_control_honf,0677,prepared_p2_decode,complete,11.534363962709904,11.698800977319479,11.514080047607422,1728.0322265625,0.0,24.7421875,2312.0,8192,8192
1501,/home/wanglz/Desktop/src/ModularDT/HONF_Proj/Trained_Results/ThermalChannel/HONF_Forward_Runs/Run_1501_20260922_211056_sparse_incidence_adaptive_honf/best_by_field_mse_model.pt,4689,sparse_incidence_group_control_honf,0678,application_evaluator,complete,53.94585896283388,56.43152743577957,53.92345428466797,1732.2119140625,0.0,23.65869140625,2312.0,8192,8192
1501,/home/wanglz/Desktop/src/ModularDT/HONF_Proj/Trained_Results/ThermalChannel/HONF_Forward_Runs/Run_1501_20260922_211056_sparse_incidence_adaptive_honf/best_by_field_mse_model.pt,4689,sparse_incidence_group_control_honf,0678,full_forward,complete,45.06970290094614,45.101635437458754,45.03859329223633,1731.9072265625,0.0,23.65869140625,2312.0,8192,8192
1501,/home/wanglz/Desktop/src/ModularDT/HONF_Proj/Trained_Results/ThermalChannel/HONF_Forward_Runs/Run_1501_20260922_211056_sparse_incidence_adaptive_honf/best_by_field_mse_model.pt,4689,sparse_incidence_group_control_honf,0678,preparation_plus_one_query,complete,37.938215769827366,38.97110428661108,37.9156494140625,164.9462890625,0.0,23.65869140625,2312.0,8192,8192
1501,/home/wanglz/Desktop/src/ModularDT/HONF_Proj/Trained_Results/ThermalChannel/HONF_Forward_Runs/Run_1501_20260922_211056_sparse_incidence_adaptive_honf/best_by_field_mse_model.pt,4689,sparse_incidence_group_control_honf,0678,prepared_p2_decode,complete,11.841950938105583,13.340242113918066,11.622207641601562,1728.0322265625,0.0,24.7421875,2312.0,8192,8192
1501,/home/wanglz/Desktop/src/ModularDT/HONF_Proj/Trained_Results/ThermalChannel/HONF_Forward_Runs/Run_1501_20260922_211056_sparse_incidence_adaptive_honf/best_by_field_mse_model.pt,4689,sparse_incidence_group_control_honf,0679,application_evaluator,complete,47.42144234478474,48.61474456265569,47.40118408203125,1732.2119140625,0.0,23.65869140625,2312.0,8192,8192
1501,/home/wanglz/Desktop/src/ModularDT/HONF_Proj/Trained_Results/ThermalChannel/HONF_Forward_Runs/Run_1501_20260922_211056_sparse_incidence_adaptive_honf/best_by_field_mse_model.pt,4689,sparse_incidence_group_control_honf,0679,full_forward,complete,46.359277330338955,46.76232449710369,46.321537017822266,1731.9072265625,0.0,23.65869140625,2312.0,8192,8192
1501,/home/wanglz/Desktop/src/ModularDT/HONF_Proj/Trained_Results/ThermalChannel/HONF_Forward_Runs/Run_1501_20260922_211056_sparse_incidence_adaptive_honf/best_by_field_mse_model.pt,4689,sparse_incidence_group_control_honf,0679,preparation_plus_one_query,complete,38.94394915550947,40.08294166997075,38.90691375732422,164.9462890625,0.0,23.65869140625,2312.0,8192,8192
1501,/home/wanglz/Desktop/src/ModularDT/HONF_Proj/Trained_Results/ThermalChannel/HONF_Forward_Runs/Run_1501_20260922_211056_sparse_incidence_adaptive_honf/best_by_field_mse_model.pt,4689,sparse_incidence_group_control_honf,0679,prepared_p2_decode,complete,11.63018960505724,11.671926453709602,11.605279922485352,1728.0322265625,0.0,24.7421875,2312.0,8192,8192
1501,/home/wanglz/Desktop/src/ModularDT/HONF_Proj/Trained_Results/ThermalChannel/HONF_Forward_Runs/Run_1501_20260922_211056_sparse_incidence_adaptive_honf/best_by_field_mse_model.pt,4689,sparse_incidence_group_control_honf,0680,application_evaluator,complete,63.81405796855688,64.81476249173284,63.789024353027344,1732.2119140625,0.0,23.65869140625,2312.0,8192,8192
1501,/home/wanglz/Desktop/src/ModularDT/HONF_Proj/Trained_Results/ThermalChannel/HONF_Forward_Runs/Run_1501_20260922_211056_sparse_incidence_adaptive_honf/best_by_field_mse_model.pt,4689,sparse_incidence_group_control_honf,0680,full_forward,complete,44.844250194728374,46.706114802509546,44.8092155456543,1731.9072265625,0.0,23.65869140625,2312.0,8192,8192
1501,/home/wanglz/Desktop/src/ModularDT/HONF_Proj/Trained_Results/ThermalChannel/HONF_Forward_Runs/Run_1501_20260922_211056_sparse_incidence_adaptive_honf/best_by_field_mse_model.pt,4689,sparse_incidence_group_control_honf,0680,preparation_plus_one_query,complete,40.27654603123665,43.52908739820123,40.254398345947266,164.9462890625,0.0,23.65869140625,2312.0,8192,8192
1501,/home/wanglz/Desktop/src/ModularDT/HONF_Proj/Trained_Results/ThermalChannel/HONF_Forward_Runs/Run_1501_20260922_211056_sparse_incidence_adaptive_honf/best_by_field_mse_model.pt,4689,sparse_incidence_group_control_honf,0680,prepared_p2_decode,complete,11.868491768836975,11.869999673217535,11.836416244506836,1728.0322265625,0.0,24.7421875,2312.0,8192,8192
1501,/home/wanglz/Desktop/src/ModularDT/HONF_Proj/Trained_Results/ThermalChannel/HONF_Forward_Runs/Run_1501_20260922_211056_sparse_incidence_adaptive_honf/best_by_field_mse_model.pt,4689,sparse_incidence_group_control_honf,0681,application_evaluator,complete,48.02711866796017,48.334621358662844,48.00640106201172,1732.2119140625,0.0,23.65869140625,2312.0,8192,8192
1501,/home/wanglz/Desktop/src/ModularDT/HONF_Proj/Trained_Results/ThermalChannel/HONF_Forward_Runs/Run_1501_20260922_211056_sparse_incidence_adaptive_honf/best_by_field_mse_model.pt,4689,sparse_incidence_group_control_honf,0681,full_forward,complete,46.39391880482435,47.19121381640434,46.372032165527344,1731.9072265625,0.0,23.65869140625,2312.0,8192,8192
1501,/home/wanglz/Desktop/src/ModularDT/HONF_Proj/Trained_Results/ThermalChannel/HONF_Forward_Runs/Run_1501_20260922_211056_sparse_incidence_adaptive_honf/best_by_field_mse_model.pt,4689,sparse_incidence_group_control_honf,0681,preparation_plus_one_query,complete,38.3016774430871,38.67932911962271,38.27791976928711,164.9462890625,0.0,23.65869140625,2312.0,8192,8192
1501,/home/wanglz/Desktop/src/ModularDT/HONF_Proj/Trained_Results/ThermalChannel/HONF_Forward_Runs/Run_1501_20260922_211056_sparse_incidence_adaptive_honf/best_by_field_mse_model.pt,4689,sparse_incidence_group_control_honf,0681,prepared_p2_decode,complete,11.580460704863071,11.67952474206686,11.559103965759277,1728.0322265625,0.0,24.7421875,2312.0,8192,8192
1501,/home/wanglz/Desktop/src/ModularDT/HONF_Proj/Trained_Results/ThermalChannel/HONF_Forward_Runs/Run_1501_20260922_211056_sparse_incidence_adaptive_honf/best_by_field_mse_model.pt,4689,sparse_incidence_group_control_honf,0682,application_evaluator,complete,49.408044666051865,51.11779198050499,49.3870735168457,1732.2119140625,0.0,23.65869140625,2312.0,8192,8192
1501,/home/wanglz/Desktop/src/ModularDT/HONF_Proj/Trained_Results/ThermalChannel/HONF_Forward_Runs/Run_1501_20260922_211056_sparse_incidence_adaptive_honf/best_by_field_mse_model.pt,4689,sparse_incidence_group_control_honf,0682,full_forward,complete,50.03662873059511,58.854646515101194,50.0079345703125,1731.9072265625,0.0,23.65869140625,2312.0,8192,8192
1501,/home/wanglz/Desktop/src/ModularDT/HONF_Proj/Trained_Results/ThermalChannel/HONF_Forward_Runs/Run_1501_20260922_211056_sparse_incidence_adaptive_honf/best_by_field_mse_model.pt,4689,sparse_incidence_group_control_honf,0682,preparation_plus_one_query,complete,50.745951011776924,51.589006185531616,50.72310256958008,164.9462890625,0.0,23.65869140625,2312.0,8192,8192
1501,/home/wanglz/Desktop/src/ModularDT/HONF_Proj/Trained_Results/ThermalChannel/HONF_Forward_Runs/Run_1501_20260922_211056_sparse_incidence_adaptive_honf/best_by_field_mse_model.pt,4689,sparse_incidence_group_control_honf,0682,prepared_p2_decode,complete,11.69556099921465,11.77526619285345,11.675647735595703,1728.0322265625,0.0,24.7421875,2312.0,8192,8192
1501,/home/wanglz/Desktop/src/ModularDT/HONF_Proj/Trained_Results/ThermalChannel/HONF_Forward_Runs/Run_1501_20260922_211056_sparse_incidence_adaptive_honf/best_by_field_mse_model.pt,4689,sparse_incidence_group_control_honf,0683,application_evaluator,complete,48.65570180118084,53.25994826853275,48.629791259765625,1732.2119140625,0.0,23.65869140625,2312.0,8192,8192
1501,/home/wanglz/Desktop/src/ModularDT/HONF_Proj/Trained_Results/ThermalChannel/HONF_Forward_Runs/Run_1501_20260922_211056_sparse_incidence_adaptive_honf/best_by_field_mse_model.pt,4689,sparse_incidence_group_control_honf,0683,full_forward,complete,46.10923957079649,46.61663305014372,46.0871696472168,1731.9072265625,0.0,23.65869140625,2312.0,8192,8192
1501,/home/wanglz/Desktop/src/ModularDT/HONF_Proj/Trained_Results/ThermalChannel/HONF_Forward_Runs/Run_1501_20260922_211056_sparse_incidence_adaptive_honf/best_by_field_mse_model.pt,4689,sparse_incidence_group_control_honf,0683,preparation_plus_one_query,complete,35.98765283823013,36.372093856334686,35.963966369628906,164.9462890625,0.0,23.65869140625,2312.0,8192,8192
1501,/home/wanglz/Desktop/src/ModularDT/HONF_Proj/Trained_Results/ThermalChannel/HONF_Forward_Runs/Run_1501_20260922_211056_sparse_incidence_adaptive_honf/best_by_field_mse_model.pt,4689,sparse_incidence_group_control_honf,0683,prepared_p2_decode,complete,11.65477279573679,11.704807728528976,11.61849594116211,1728.0322265625,0.0,24.7421875,2312.0,8192,8192
1501,/home/wanglz/Desktop/src/ModularDT/HONF_Proj/Trained_Results/ThermalChannel/HONF_Forward_Runs/Run_1501_20260922_211056_sparse_incidence_adaptive_honf/best_by_field_mse_model.pt,4689,sparse_incidence_group_control_honf,0684,application_evaluator,complete,47.91201837360859,48.77845738083124,47.89107131958008,1732.2119140625,0.0,23.65869140625,2312.0,8192,8192
1501,/home/wanglz/Desktop/src/ModularDT/HONF_Proj/Trained_Results/ThermalChannel/HONF_Forward_Runs/Run_1501_20260922_211056_sparse_incidence_adaptive_honf/best_by_field_mse_model.pt,4689,sparse_incidence_group_control_honf,0684,full_forward,complete,47.84608632326126,59.80274714529514,47.82284927368164,1731.9072265625,0.0,23.65869140625,2312.0,8192,8192
1501,/home/wanglz/Desktop/src/ModularDT/HONF_Proj/Trained_Results/ThermalChannel/HONF_Forward_Runs/Run_1501_20260922_211056_sparse_incidence_adaptive_honf/best_by_field_mse_model.pt,4689,sparse_incidence_group_control_honf,0684,preparation_plus_one_query,complete,38.56316767632961,38.66700939834118,38.54131317138672,164.9462890625,0.0,23.65869140625,2312.0,8192,8192
1501,/home/wanglz/Desktop/src/ModularDT/HONF_Proj/Trained_Results/ThermalChannel/HONF_Forward_Runs/Run_1501_20260922_211056_sparse_incidence_adaptive_honf/best_by_field_mse_model.pt,4689,sparse_incidence_group_control_honf,0684,prepared_p2_decode,complete,11.71930693089962,11.786943022161722,11.697888374328613,1728.0322265625,0.0,24.7421875,2312.0,8192,8192
1501,/home/wanglz/Desktop/src/ModularDT/HONF_Proj/Trained_Results/ThermalChannel/HONF_Forward_Runs/Run_1501_20260922_211056_sparse_incidence_adaptive_honf/best_by_field_mse_model.pt,4689,sparse_incidence_group_control_honf,0685,application_evaluator,complete,61.59026920795441,67.61260125786066,61.56460952758789,1732.2119140625,0.0,23.65869140625,2312.0,8192,8192
1501,/home/wanglz/Desktop/src/ModularDT/HONF_Proj/Trained_Results/ThermalChannel/HONF_Forward_Runs/Run_1501_20260922_211056_sparse_incidence_adaptive_honf/best_by_field_mse_model.pt,4689,sparse_incidence_group_control_honf,0685,full_forward,complete,46.56293801963329,46.90790446475148,46.536705017089844,1731.9072265625,0.0,23.65869140625,2312.0,8192,8192
1501,/home/wanglz/Desktop/src/ModularDT/HONF_Proj/Trained_Results/ThermalChannel/HONF_Forward_Runs/Run_1501_20260922_211056_sparse_incidence_adaptive_honf/best_by_field_mse_model.pt,4689,sparse_incidence_group_control_honf,0685,preparation_plus_one_query,complete,39.42502476274967,40.35909986123443,39.397377014160156,164.9462890625,0.0,23.65869140625,2312.0,8192,8192
1501,/home/wanglz/Desktop/src/ModularDT/HONF_Proj/Trained_Results/ThermalChannel/HONF_Forward_Runs/Run_1501_20260922_211056_sparse_incidence_adaptive_honf/best_by_field_mse_model.pt,4689,sparse_incidence_group_control_honf,0685,prepared_p2_decode,complete,12.40572053939104,12.490453198552132,12.364800453186035,1728.0322265625,0.0,24.7421875,2312.0,8192,8192
1501,/home/wanglz/Desktop/src/ModularDT/HONF_Proj/Trained_Results/ThermalChannel/HONF_Forward_Runs/Run_1501_20260922_211056_sparse_incidence_adaptive_honf/best_by_field_mse_model.pt,4689,sparse_incidence_group_control_honf,0686,application_evaluator,complete,49.76284597069025,51.36523116379976,49.74176025390625,1732.2119140625,0.0,23.65869140625,2312.0,8192,8192
1501,/home/wanglz/Desktop/src/ModularDT/HONF_Proj/Trained_Results/ThermalChannel/HONF_Forward_Runs/Run_1501_20260922_211056_sparse_incidence_adaptive_honf/best_by_field_mse_model.pt,4689,sparse_incidence_group_control_honf,0686,full_forward,complete,46.66909947991371,46.82398112490773,46.59097671508789,1731.9072265625,0.0,23.65869140625,2312.0,8192,8192
1501,/home/wanglz/Desktop/src/ModularDT/HONF_Proj/Trained_Results/ThermalChannel/HONF_Forward_Runs/Run_1501_20260922_211056_sparse_incidence_adaptive_honf/best_by_field_mse_model.pt,4689,sparse_incidence_group_control_honf,0686,preparation_plus_one_query,complete,38.68748713284731,38.81295248866081,38.66521453857422,164.9462890625,0.0,23.65869140625,2312.0,8192,8192
1501,/home/wanglz/Desktop/src/ModularDT/HONF_Proj/Trained_Results/ThermalChannel/HONF_Forward_Runs/Run_1501_20260922_211056_sparse_incidence_adaptive_honf/best_by_field_mse_model.pt,4689,sparse_incidence_group_control_honf,0686,prepared_p2_decode,complete,11.68270967900753,11.695281695574522,11.64902400970459,1728.0322265625,0.0,24.7421875,2312.0,8192,8192
1501,/home/wanglz/Desktop/src/ModularDT/HONF_Proj/Trained_Results/ThermalChannel/HONF_Forward_Runs/Run_1501_20260922_211056_sparse_incidence_adaptive_honf/best_by_field_mse_model.pt,4689,sparse_incidence_group_control_honf,0687,application_evaluator,complete,50.11038202792406,56.52972711250186,50.08467102050781,1732.2119140625,0.0,23.65869140625,2312.0,8192,8192
1501,/home/wanglz/Desktop/src/ModularDT/HONF_Proj/Trained_Results/ThermalChannel/HONF_Forward_Runs/Run_1501_20260922_211056_sparse_incidence_adaptive_honf/best_by_field_mse_model.pt,4689,sparse_incidence_group_control_honf,0687,full_forward,complete,48.02935291081667,48.63681625574827,47.99776077270508,1731.9072265625,0.0,23.65869140625,2312.0,8192,8192
1501,/home/wanglz/Desktop/src/ModularDT/HONF_Proj/Trained_Results/ThermalChannel/HONF_Forward_Runs/Run_1501_20260922_211056_sparse_incidence_adaptive_honf/best_by_field_mse_model.pt,4689,sparse_incidence_group_control_honf,0687,preparation_plus_one_query,complete,54.302893579006195,57.03446613624692,54.27916717529297,164.9462890625,0.0,23.65869140625,2312.0,8192,8192
1501,/home/wanglz/Desktop/src/ModularDT/HONF_Proj/Trained_Results/ThermalChannel/HONF_Forward_Runs/Run_1501_20260922_211056_sparse_incidence_adaptive_honf/best_by_field_mse_model.pt,4689,sparse_incidence_group_control_honf,0687,prepared_p2_decode,complete,11.752832680940628,11.795827653259039,11.73094367980957,1728.0322265625,0.0,24.7421875,2312.0,8192,8192
1501,/home/wanglz/Desktop/src/ModularDT/HONF_Proj/Trained_Results/ThermalChannel/HONF_Forward_Runs/Run_1501_20260922_211056_sparse_incidence_adaptive_honf/best_by_field_mse_model.pt,4689,sparse_incidence_group_control_honf,0688,application_evaluator,complete,46.642279252409935,47.57157666608691,46.622398376464844,1732.2119140625,0.0,23.65869140625,2312.0,8192,8192
1501,/home/wanglz/Desktop/src/ModularDT/HONF_Proj/Trained_Results/ThermalChannel/HONF_Forward_Runs/Run_1501_20260922_211056_sparse_incidence_adaptive_honf/best_by_field_mse_model.pt,4689,sparse_incidence_group_control_honf,0688,full_forward,complete,46.03800177574158,46.69172735884786,46.01446533203125,1731.9072265625,0.0,23.65869140625,2312.0,8192,8192
1501,/home/wanglz/Desktop/src/ModularDT/HONF_Proj/Trained_Results/ThermalChannel/HONF_Forward_Runs/Run_1501_20260922_211056_sparse_incidence_adaptive_honf/best_by_field_mse_model.pt,4689,sparse_incidence_group_control_honf,0688,preparation_plus_one_query,complete,35.69710720330477,36.073754727840424,35.67513656616211,164.9462890625,0.0,23.65869140625,2312.0,8192,8192
1501,/home/wanglz/Desktop/src/ModularDT/HONF_Proj/Trained_Results/ThermalChannel/HONF_Forward_Runs/Run_1501_20260922_211056_sparse_incidence_adaptive_honf/best_by_field_mse_model.pt,4689,sparse_incidence_group_control_honf,0688,prepared_p2_decode,complete,11.838318780064583,12.250167783349752,11.814144134521484,1728.0322265625,0.0,24.7421875,2312.0,8192,8192
1501,/home/wanglz/Desktop/src/ModularDT/HONF_Proj/Trained_Results/ThermalChannel/HONF_Forward_Runs/Run_1501_20260922_211056_sparse_incidence_adaptive_honf/best_by_field_mse_model.pt,4689,sparse_incidence_group_control_honf,0689,application_evaluator,complete,50.95966812223196,51.51759944856167,50.90822219848633,1732.2119140625,0.0,23.65869140625,2312.0,8192,8192
1501,/home/wanglz/Desktop/src/ModularDT/HONF_Proj/Trained_Results/ThermalChannel/HONF_Forward_Runs/Run_1501_20260922_211056_sparse_incidence_adaptive_honf/best_by_field_mse_model.pt,4689,sparse_incidence_group_control_honf,0689,full_forward,complete,46.331060118973255,51.08792679384351,46.30937576293945,1731.9072265625,0.0,23.65869140625,2312.0,8192,8192
1501,/home/wanglz/Desktop/src/ModularDT/HONF_Proj/Trained_Results/ThermalChannel/HONF_Forward_Runs/Run_1501_20260922_211056_sparse_incidence_adaptive_honf/best_by_field_mse_model.pt,4689,sparse_incidence_group_control_honf,0689,preparation_plus_one_query,complete,54.24562282860279,58.57530413195491,54.22079849243164,164.9462890625,0.0,23.65869140625,2312.0,8192,8192
1501,/home/wanglz/Desktop/src/ModularDT/HONF_Proj/Trained_Results/ThermalChannel/HONF_Forward_Runs/Run_1501_20260922_211056_sparse_incidence_adaptive_honf/best_by_field_mse_model.pt,4689,sparse_incidence_group_control_honf,0689,prepared_p2_decode,complete,11.807868257164955,11.83728538453579,11.68006420135498,1728.0322265625,0.0,24.7421875,2312.0,8192,8192
1501,/home/wanglz/Desktop/src/ModularDT/HONF_Proj/Trained_Results/ThermalChannel/HONF_Forward_Runs/Run_1501_20260922_211056_sparse_incidence_adaptive_honf/best_by_field_mse_model.pt,4689,sparse_incidence_group_control_honf,0690,application_evaluator,complete,49.91957265883684,50.920277182012796,49.89718246459961,1732.2119140625,0.0,23.65869140625,2312.0,8192,8192
1501,/home/wanglz/Desktop/src/ModularDT/HONF_Proj/Trained_Results/ThermalChannel/HONF_Forward_Runs/Run_1501_20260922_211056_sparse_incidence_adaptive_honf/best_by_field_mse_model.pt,4689,sparse_incidence_group_control_honf,0690,full_forward,complete,45.67733407020569,46.238784957677126,45.61305618286133,1731.9072265625,0.0,23.65869140625,2312.0,8192,8192
1501,/home/wanglz/Desktop/src/ModularDT/HONF_Proj/Trained_Results/ThermalChannel/HONF_Forward_Runs/Run_1501_20260922_211056_sparse_incidence_adaptive_honf/best_by_field_mse_model.pt,4689,sparse_incidence_group_control_honf,0690,preparation_plus_one_query,complete,36.13404277712107,36.50440387427807,36.11033630371094,164.9462890625,0.0,23.65869140625,2312.0,8192,8192
1501,/home/wanglz/Desktop/src/ModularDT/HONF_Proj/Trained_Results/ThermalChannel/HONF_Forward_Runs/Run_1501_20260922_211056_sparse_incidence_adaptive_honf/best_by_field_mse_model.pt,4689,sparse_incidence_group_control_honf,0690,prepared_p2_decode,complete,11.705338954925537,11.73274526372552,11.684864044189453,1728.0322265625,0.0,24.7421875,2312.0,8192,8192
1501,/home/wanglz/Desktop/src/ModularDT/HONF_Proj/Trained_Results/ThermalChannel/HONF_Forward_Runs/Run_1501_20260922_211056_sparse_incidence_adaptive_honf/best_by_field_mse_model.pt,4689,sparse_incidence_group_control_honf,0691,application_evaluator,complete,48.06678835302591,48.3737881295383,48.042911529541016,1732.2119140625,0.0,23.65869140625,2312.0,8192,8192
1501,/home/wanglz/Desktop/src/ModularDT/HONF_Proj/Trained_Results/ThermalChannel/HONF_Forward_Runs/Run_1501_20260922_211056_sparse_incidence_adaptive_honf/best_by_field_mse_model.pt,4689,sparse_incidence_group_control_honf,0691,full_forward,complete,59.89393312484026,61.05253677815199,59.842559814453125,1731.9072265625,0.0,23.65869140625,2312.0,8192,8192
1501,/home/wanglz/Desktop/src/ModularDT/HONF_Proj/Trained_Results/ThermalChannel/HONF_Forward_Runs/Run_1501_20260922_211056_sparse_incidence_adaptive_honf/best_by_field_mse_model.pt,4689,sparse_incidence_group_control_honf,0691,preparation_plus_one_query,complete,39.11520354449749,39.22357149422169,39.09244918823242,164.9462890625,0.0,23.65869140625,2312.0,8192,8192
1501,/home/wanglz/Desktop/src/ModularDT/HONF_Proj/Trained_Results/ThermalChannel/HONF_Forward_Runs/Run_1501_20260922_211056_sparse_incidence_adaptive_honf/best_by_field_mse_model.pt,4689,sparse_incidence_group_control_honf,0691,prepared_p2_decode,complete,11.624041944742203,11.717072688043118,11.600895881652832,1728.0322265625,0.0,24.7421875,2312.0,8192,8192
1501,/home/wanglz/Desktop/src/ModularDT/HONF_Proj/Trained_Results/ThermalChannel/HONF_Forward_Runs/Run_1501_20260922_211056_sparse_incidence_adaptive_honf/best_by_field_mse_model.pt,4689,sparse_incidence_group_control_honf,0692,application_evaluator,complete,52.09251493215561,55.18112303689122,52.063838958740234,1732.2119140625,0.0,23.65869140625,2312.0,8192,8192
1501,/home/wanglz/Desktop/src/ModularDT/HONF_Proj/Trained_Results/ThermalChannel/HONF_Forward_Runs/Run_1501_20260922_211056_sparse_incidence_adaptive_honf/best_by_field_mse_model.pt,4689,sparse_incidence_group_control_honf,0692,full_forward,complete,45.006006956100464,48.974128160625696,44.968894958496094,1731.9072265625,0.0,23.65869140625,2312.0,8192,8192
1501,/home/wanglz/Desktop/src/ModularDT/HONF_Proj/Trained_Results/ThermalChannel/HONF_Forward_Runs/Run_1501_20260922_211056_sparse_incidence_adaptive_honf/best_by_field_mse_model.pt,4689,sparse_incidence_group_control_honf,0692,preparation_plus_one_query,complete,38.17875310778618,38.82393166422844,38.140926361083984,164.9462890625,0.0,23.65869140625,2312.0,8192,8192
1501,/home/wanglz/Desktop/src/ModularDT/HONF_Proj/Trained_Results/ThermalChannel/HONF_Forward_Runs/Run_1501_20260922_211056_sparse_incidence_adaptive_honf/best_by_field_mse_model.pt,4689,sparse_incidence_group_control_honf,0692,prepared_p2_decode,complete,12.618879787623882,12.720458395779133,12.425215721130371,1728.0322265625,0.0,24.7421875,2312.0,8192,8192
1502,/home/wanglz/Desktop/src/ModularDT/HONF_Proj/Trained_Results/ThermalChannel/HONF_Forward_Runs/Run_1502_20260923_004751_sparse_incidence_environment_sparsemax/best_by_field_mse_model.pt,4794,sparse_incidence_group_control_honf,0273,application_evaluator,complete,52.285281009972095,53.66439325734973,52.257118225097656,1732.2119140625,0.0,23.65869140625,2312.0,8192,8192
1502,/home/wanglz/Desktop/src/ModularDT/HONF_Proj/Trained_Results/ThermalChannel/HONF_Forward_Runs/Run_1502_20260923_004751_sparse_incidence_environment_sparsemax/best_by_field_mse_model.pt,4794,sparse_incidence_group_control_honf,0273,full_forward,complete,45.98492104560137,46.825462486594915,45.96236801147461,1731.9072265625,0.0,23.65869140625,2312.0,8192,8192
1502,/home/wanglz/Desktop/src/ModularDT/HONF_Proj/Trained_Results/ThermalChannel/HONF_Forward_Runs/Run_1502_20260923_004751_sparse_incidence_environment_sparsemax/best_by_field_mse_model.pt,4794,sparse_incidence_group_control_honf,0273,preparation_plus_one_query,complete,35.747114568948746,36.679680086672306,35.725311279296875,164.9462890625,0.0,23.65869140625,2312.0,8192,8192
1502,/home/wanglz/Desktop/src/ModularDT/HONF_Proj/Trained_Results/ThermalChannel/HONF_Forward_Runs/Run_1502_20260923_004751_sparse_incidence_environment_sparsemax/best_by_field_mse_model.pt,4794,sparse_incidence_group_control_honf,0273,prepared_p2_decode,complete,11.62683591246605,11.710059829056263,11.601920127868652,1728.0322265625,0.0,24.7421875,2312.0,8192,8192
1502,/home/wanglz/Desktop/src/ModularDT/HONF_Proj/Trained_Results/ThermalChannel/HONF_Forward_Runs/Run_1502_20260923_004751_sparse_incidence_environment_sparsemax/best_by_field_mse_model.pt,4794,sparse_incidence_group_control_honf,0274,application_evaluator,complete,47.93408699333668,48.172697983682156,47.91360092163086,1732.2119140625,0.0,23.65869140625,2312.0,8192,8192
1502,/home/wanglz/Desktop/src/ModularDT/HONF_Proj/Trained_Results/ThermalChannel/HONF_Forward_Runs/Run_1502_20260923_004751_sparse_incidence_environment_sparsemax/best_by_field_mse_model.pt,4794,sparse_incidence_group_control_honf,0274,full_forward,complete,61.87159474939108,62.00309507548809,61.68649673461914,1731.9072265625,0.0,23.65869140625,2312.0,8192,8192
1502,/home/wanglz/Desktop/src/ModularDT/HONF_Proj/Trained_Results/ThermalChannel/HONF_Forward_Runs/Run_1502_20260923_004751_sparse_incidence_environment_sparsemax/best_by_field_mse_model.pt,4794,sparse_incidence_group_control_honf,0274,preparation_plus_one_query,complete,38.504221476614475,39.870509412139654,38.48191833496094,164.9462890625,0.0,23.65869140625,2312.0,8192,8192
1502,/home/wanglz/Desktop/src/ModularDT/HONF_Proj/Trained_Results/ThermalChannel/HONF_Forward_Runs/Run_1502_20260923_004751_sparse_incidence_environment_sparsemax/best_by_field_mse_model.pt,4794,sparse_incidence_group_control_honf,0274,prepared_p2_decode,complete,11.579343117773533,11.650498770177364,11.554719924926758,1728.0322265625,0.0,24.7421875,2312.0,8192,8192
1502,/home/wanglz/Desktop/src/ModularDT/HONF_Proj/Trained_Results/ThermalChannel/HONF_Forward_Runs/Run_1502_20260923_004751_sparse_incidence_environment_sparsemax/best_by_field_mse_model.pt,4794,sparse_incidence_group_control_honf,0275,application_evaluator,complete,46.496447175741196,48.53657726198435,46.472896575927734,1732.2119140625,0.0,23.65869140625,2312.0,8192,8192
1502,/home/wanglz/Desktop/src/ModularDT/HONF_Proj/Trained_Results/ThermalChannel/HONF_Forward_Runs/Run_1502_20260923_004751_sparse_incidence_environment_sparsemax/best_by_field_mse_model.pt,4794,sparse_incidence_group_control_honf,0275,full_forward,complete,44.350325129926205,45.36787560209632,44.29510498046875,1731.9072265625,0.0,23.65869140625,2312.0,8192,8192
1502,/home/wanglz/Desktop/src/ModularDT/HONF_Proj/Trained_Results/ThermalChannel/HONF_Forward_Runs/Run_1502_20260923_004751_sparse_incidence_environment_sparsemax/best_by_field_mse_model.pt,4794,sparse_incidence_group_control_honf,0275,preparation_plus_one_query,complete,37.95050736516714,38.3595903404057,37.926944732666016,164.9462890625,0.0,23.65869140625,2312.0,8192,8192
1502,/home/wanglz/Desktop/src/ModularDT/HONF_Proj/Trained_Results/ThermalChannel/HONF_Forward_Runs/Run_1502_20260923_004751_sparse_incidence_environment_sparsemax/best_by_field_mse_model.pt,4794,sparse_incidence_group_control_honf,0275,prepared_p2_decode,complete,12.854110449552536,13.050981238484383,12.46720027923584,1728.0322265625,0.0,24.7421875,2312.0,8192,8192
1502,/home/wanglz/Desktop/src/ModularDT/HONF_Proj/Trained_Results/ThermalChannel/HONF_Forward_Runs/Run_1502_20260923_004751_sparse_incidence_environment_sparsemax/best_by_field_mse_model.pt,4794,sparse_incidence_group_control_honf,0276,application_evaluator,complete,47.22811933606863,47.46823823079467,47.20393753051758,1732.2119140625,0.0,23.65869140625,2312.0,8192,8192
1502,/home/wanglz/Desktop/src/ModularDT/HONF_Proj/Trained_Results/ThermalChannel/HONF_Forward_Runs/Run_1502_20260923_004751_sparse_incidence_environment_sparsemax/best_by_field_mse_model.pt,4794,sparse_incidence_group_control_honf,0276,full_forward,complete,46.521310694515705,46.86979837715626,46.49571228027344,1731.9072265625,0.0,23.65869140625,2312.0,8192,8192
1502,/home/wanglz/Desktop/src/ModularDT/HONF_Proj/Trained_Results/ThermalChannel/HONF_Forward_Runs/Run_1502_20260923_004751_sparse_incidence_environment_sparsemax/best_by_field_mse_model.pt,4794,sparse_incidence_group_control_honf,0276,preparation_plus_one_query,complete,38.44164125621319,39.71741385757923,38.41535949707031,164.9462890625,0.0,23.65869140625,2312.0,8192,8192
1502,/home/wanglz/Desktop/src/ModularDT/HONF_Proj/Trained_Results/ThermalChannel/HONF_Forward_Runs/Run_1502_20260923_004751_sparse_incidence_environment_sparsemax/best_by_field_mse_model.pt,4794,sparse_incidence_group_control_honf,0276,prepared_p2_decode,complete,11.636613868176937,11.72335734590888,11.6179838180542,1728.0322265625,0.0,24.7421875,2312.0,8192,8192
1502,/home/wanglz/Desktop/src/ModularDT/HONF_Proj/Trained_Results/ThermalChannel/HONF_Forward_Runs/Run_1502_20260923_004751_sparse_incidence_environment_sparsemax/best_by_field_mse_model.pt,4794,sparse_incidence_group_control_honf,0277,application_evaluator,complete,64.15572762489319,64.7797854617238,64.12403106689453,1732.2119140625,0.0,23.65869140625,2312.0,8192,8192
1502,/home/wanglz/Desktop/src/ModularDT/HONF_Proj/Trained_Results/ThermalChannel/HONF_Forward_Runs/Run_1502_20260923_004751_sparse_incidence_environment_sparsemax/best_by_field_mse_model.pt,4794,sparse_incidence_group_control_honf,0277,full_forward,complete,47.62873612344265,48.48838662728667,47.6038703918457,1731.9072265625,0.0,23.65869140625,2312.0,8192,8192
1502,/home/wanglz/Desktop/src/ModularDT/HONF_Proj/Trained_Results/ThermalChannel/HONF_Forward_Runs/Run_1502_20260923_004751_sparse_incidence_environment_sparsemax/best_by_field_mse_model.pt,4794,sparse_incidence_group_control_honf,0277,preparation_plus_one_query,complete,38.56540285050869,41.76388597115874,38.54336166381836,164.9462890625,0.0,23.65869140625,2312.0,8192,8192
1502,/home/wanglz/Desktop/src/ModularDT/HONF_Proj/Trained_Results/ThermalChannel/HONF_Forward_Runs/Run_1502_20260923_004751_sparse_incidence_environment_sparsemax/best_by_field_mse_model.pt,4794,sparse_incidence_group_control_honf,0277,prepared_p2_decode,complete,11.639686301350594,11.792055051773787,11.617280006408691,1728.0322265625,0.0,24.7421875,2312.0,8192,8192
1502,/home/wanglz/Desktop/src/ModularDT/HONF_Proj/Trained_Results/ThermalChannel/HONF_Forward_Runs/Run_1502_20260923_004751_sparse_incidence_environment_sparsemax/best_by_field_mse_model.pt,4794,sparse_incidence_group_control_honf,0278,application_evaluator,complete,47.54883609712124,48.48391702398658,47.52547073364258,1732.2119140625,0.0,23.65869140625,2312.0,8192,8192
1502,/home/wanglz/Desktop/src/ModularDT/HONF_Proj/Trained_Results/ThermalChannel/HONF_Forward_Runs/Run_1502_20260923_004751_sparse_incidence_environment_sparsemax/best_by_field_mse_model.pt,4794,sparse_incidence_group_control_honf,0278,full_forward,complete,45.639059506356716,45.781622268259525,45.59462356567383,1731.9072265625,0.0,23.65869140625,2312.0,8192,8192
1502,/home/wanglz/Desktop/src/ModularDT/HONF_Proj/Trained_Results/ThermalChannel/HONF_Forward_Runs/Run_1502_20260923_004751_sparse_incidence_environment_sparsemax/best_by_field_mse_model.pt,4794,sparse_incidence_group_control_honf,0278,preparation_plus_one_query,complete,35.92563234269619,36.52203157544136,35.90041732788086,164.9462890625,0.0,23.65869140625,2312.0,8192,8192
1502,/home/wanglz/Desktop/src/ModularDT/HONF_Proj/Trained_Results/ThermalChannel/HONF_Forward_Runs/Run_1502_20260923_004751_sparse_incidence_environment_sparsemax/best_by_field_mse_model.pt,4794,sparse_incidence_group_control_honf,0278,prepared_p2_decode,complete,11.852288618683815,12.2203866019845,11.825023651123047,1728.0322265625,0.0,24.7421875,2312.0,8192,8192
1502,/home/wanglz/Desktop/src/ModularDT/HONF_Proj/Trained_Results/ThermalChannel/HONF_Forward_Runs/Run_1502_20260923_004751_sparse_incidence_environment_sparsemax/best_by_field_mse_model.pt,4794,sparse_incidence_group_control_honf,0279,application_evaluator,complete,48.68447594344616,48.89945164322853,48.66409683227539,1732.2119140625,0.0,23.65869140625,2312.0,8192,8192
1502,/home/wanglz/Desktop/src/ModularDT/HONF_Proj/Trained_Results/ThermalChannel/HONF_Forward_Runs/Run_1502_20260923_004751_sparse_incidence_environment_sparsemax/best_by_field_mse_model.pt,4794,sparse_incidence_group_control_honf,0279,full_forward,complete,47.615605406463146,58.98139821365476,47.581024169921875,1731.9072265625,0.0,23.65869140625,2312.0,8192,8192
1502,/home/wanglz/Desktop/src/ModularDT/HONF_Proj/Trained_Results/ThermalChannel/HONF_Forward_Runs/Run_1502_20260923_004751_sparse_incidence_environment_sparsemax/best_by_field_mse_model.pt,4794,sparse_incidence_group_control_honf,0279,preparation_plus_one_query,complete,52.85016819834709,53.63614931702614,52.81177520751953,164.9462890625,0.0,23.65869140625,2312.0,8192,8192
1502,/home/wanglz/Desktop/src/ModularDT/HONF_Proj/Trained_Results/ThermalChannel/HONF_Forward_Runs/Run_1502_20260923_004751_sparse_incidence_environment_sparsemax/best_by_field_mse_model.pt,4794,sparse_incidence_group_control_honf,0279,prepared_p2_decode,complete,11.74389198422432,11.754200048744678,11.719679832458496,1728.0322265625,0.0,24.7421875,2312.0,8192,8192
1502,/home/wanglz/Desktop/src/ModularDT/HONF_Proj/Trained_Results/ThermalChannel/HONF_Forward_Runs/Run_1502_20260923_004751_sparse_incidence_environment_sparsemax/best_by_field_mse_model.pt,4794,sparse_incidence_group_control_honf,0280,application_evaluator,complete,49.42955635488033,52.69693285226822,49.40403366088867,1732.2119140625,0.0,23.65869140625,2312.0,8192,8192
1502,/home/wanglz/Desktop/src/ModularDT/HONF_Proj/Trained_Results/ThermalChannel/HONF_Forward_Runs/Run_1502_20260923_004751_sparse_incidence_environment_sparsemax/best_by_field_mse_model.pt,4794,sparse_incidence_group_control_honf,0280,full_forward,complete,46.279096975922585,46.68390518054366,46.255104064941406,1731.9072265625,0.0,23.65869140625,2312.0,8192,8192
1502,/home/wanglz/Desktop/src/ModularDT/HONF_Proj/Trained_Results/ThermalChannel/HONF_Forward_Runs/Run_1502_20260923_004751_sparse_incidence_environment_sparsemax/best_by_field_mse_model.pt,4794,sparse_incidence_group_control_honf,0280,preparation_plus_one_query,complete,35.444277338683605,36.29588205367327,35.42118453979492,164.9462890625,0.0,23.65869140625,2312.0,8192,8192
1502,/home/wanglz/Desktop/src/ModularDT/HONF_Proj/Trained_Results/ThermalChannel/HONF_Forward_Runs/Run_1502_20260923_004751_sparse_incidence_environment_sparsemax/best_by_field_mse_model.pt,4794,sparse_incidence_group_control_honf,0280,prepared_p2_decode,complete,11.625438928604126,11.683519650250673,11.604991912841797,1728.0322265625,0.0,24.7421875,2312.0,8192,8192
1502,/home/wanglz/Desktop/src/ModularDT/HONF_Proj/Trained_Results/ThermalChannel/HONF_Forward_Runs/Run_1502_20260923_004751_sparse_incidence_environment_sparsemax/best_by_field_mse_model.pt,4794,sparse_incidence_group_control_honf,0281,application_evaluator,complete,48.494783230125904,50.51027303561568,48.473697662353516,1732.2119140625,0.0,23.65869140625,2312.0,8192,8192
1502,/home/wanglz/Desktop/src/ModularDT/HONF_Proj/Trained_Results/ThermalChannel/HONF_Forward_Runs/Run_1502_20260923_004751_sparse_incidence_environment_sparsemax/best_by_field_mse_model.pt,4794,sparse_incidence_group_control_honf,0281,full_forward,complete,54.914435371756554,60.405990947037935,54.89049530029297,1731.9072265625,0.0,23.65869140625,2312.0,8192,8192
1502,/home/wanglz/Desktop/src/ModularDT/HONF_Proj/Trained_Results/ThermalChannel/HONF_Forward_Runs/Run_1502_20260923_004751_sparse_incidence_environment_sparsemax/best_by_field_mse_model.pt,4794,sparse_incidence_group_control_honf,0281,preparation_plus_one_query,complete,38.82633429020643,41.640375554561615,38.78492736816406,164.9462890625,0.0,23.65869140625,2312.0,8192,8192
1502,/home/wanglz/Desktop/src/ModularDT/HONF_Proj/Trained_Results/ThermalChannel/HONF_Forward_Runs/Run_1502_20260923_004751_sparse_incidence_environment_sparsemax/best_by_field_mse_model.pt,4794,sparse_incidence_group_control_honf,0281,prepared_p2_decode,complete,11.6181755438447,11.64105562493205,11.597887992858887,1728.0322265625,0.0,24.7421875,2312.0,8192,8192
1502,/home/wanglz/Desktop/src/ModularDT/HONF_Proj/Trained_Results/ThermalChannel/HONF_Forward_Runs/Run_1502_20260923_004751_sparse_incidence_environment_sparsemax/best_by_field_mse_model.pt,4794,sparse_incidence_group_control_honf,0282,application_evaluator,complete,47.81479761004448,49.489342607557774,47.792545318603516,1732.2119140625,0.0,23.65869140625,2312.0,8192,8192
1502,/home/wanglz/Desktop/src/ModularDT/HONF_Proj/Trained_Results/ThermalChannel/HONF_Forward_Runs/Run_1502_20260923_004751_sparse_incidence_environment_sparsemax/best_by_field_mse_model.pt,4794,sparse_incidence_group_control_honf,0282,full_forward,complete,47.01998829841614,47.334279492497444,46.993438720703125,1731.9072265625,0.0,23.65869140625,2312.0,8192,8192
1502,/home/wanglz/Desktop/src/ModularDT/HONF_Proj/Trained_Results/ThermalChannel/HONF_Forward_Runs/Run_1502_20260923_004751_sparse_incidence_environment_sparsemax/best_by_field_mse_model.pt,4794,sparse_incidence_group_control_honf,0282,preparation_plus_one_query,complete,38.493046537041664,42.94592924416065,38.46144104003906,164.9462890625,0.0,23.65869140625,2312.0,8192,8192
1502,/home/wanglz/Desktop/src/ModularDT/HONF_Proj/Trained_Results/ThermalChannel/HONF_Forward_Runs/Run_1502_20260923_004751_sparse_incidence_environment_sparsemax/best_by_field_mse_model.pt,4794,sparse_incidence_group_control_honf,0282,prepared_p2_decode,complete,11.662314645946026,11.684944946318865,11.64083194732666,1728.0322265625,0.0,24.7421875,2312.0,8192,8192
1502,/home/wanglz/Desktop/src/ModularDT/HONF_Proj/Trained_Results/ThermalChannel/HONF_Forward_Runs/Run_1502_20260923_004751_sparse_incidence_environment_sparsemax/best_by_field_mse_model.pt,4794,sparse_incidence_group_control_honf,0283,application_evaluator,complete,47.528441064059734,47.98504440113902,47.507423400878906,1732.2119140625,0.0,23.65869140625,2312.0,8192,8192
1502,/home/wanglz/Desktop/src/ModularDT/HONF_Proj/Trained_Results/ThermalChannel/HONF_Forward_Runs/Run_1502_20260923_004751_sparse_incidence_environment_sparsemax/best_by_field_mse_model.pt,4794,sparse_incidence_group_control_honf,0283,full_forward,complete,48.63838106393814,53.81514085456729,48.61439895629883,1731.9072265625,0.0,23.65869140625,2312.0,8192,8192
1502,/home/wanglz/Desktop/src/ModularDT/HONF_Proj/Trained_Results/ThermalChannel/HONF_Forward_Runs/Run_1502_20260923_004751_sparse_incidence_environment_sparsemax/best_by_field_mse_model.pt,4794,sparse_incidence_group_control_honf,0283,preparation_plus_one_query,complete,38.37878257036209,39.13157470524311,38.35683059692383,164.9462890625,0.0,23.65869140625,2312.0,8192,8192
1502,/home/wanglz/Desktop/src/ModularDT/HONF_Proj/Trained_Results/ThermalChannel/HONF_Forward_Runs/Run_1502_20260923_004751_sparse_incidence_environment_sparsemax/best_by_field_mse_model.pt,4794,sparse_incidence_group_control_honf,0283,prepared_p2_decode,complete,11.554478667676449,11.700560990720987,11.53331184387207,1728.0322265625,0.0,24.7421875,2312.0,8192,8192
1502,/home/wanglz/Desktop/src/ModularDT/HONF_Proj/Trained_Results/ThermalChannel/HONF_Forward_Runs/Run_1502_20260923_004751_sparse_incidence_environment_sparsemax/best_by_field_mse_model.pt,4794,sparse_incidence_group_control_honf,0284,application_evaluator,complete,64.25266899168491,65.57093365117908,64.22991943359375,1732.2119140625,0.0,23.65869140625,2312.0,8192,8192
1502,/home/wanglz/Desktop/src/ModularDT/HONF_Proj/Trained_Results/ThermalChannel/HONF_Forward_Runs/Run_1502_20260923_004751_sparse_incidence_environment_sparsemax/best_by_field_mse_model.pt,4794,sparse_incidence_group_control_honf,0284,full_forward,complete,49.51532278209925,50.16050133854151,49.48787307739258,1731.9072265625,0.0,23.65869140625,2312.0,8192,8192
1502,/home/wanglz/Desktop/src/ModularDT/HONF_Proj/Trained_Results/ThermalChannel/HONF_Forward_Runs/Run_1502_20260923_004751_sparse_incidence_environment_sparsemax/best_by_field_mse_model.pt,4794,sparse_incidence_group_control_honf,0284,preparation_plus_one_query,complete,37.339246831834316,38.212725799530745,37.31644821166992,164.9462890625,0.0,23.65869140625,2312.0,8192,8192
1502,/home/wanglz/Desktop/src/ModularDT/HONF_Proj/Trained_Results/ThermalChannel/HONF_Forward_Runs/Run_1502_20260923_004751_sparse_incidence_environment_sparsemax/best_by_field_mse_model.pt,4794,sparse_incidence_group_control_honf,0284,prepared_p2_decode,complete,12.185018509626389,12.356998398900032,12.15993595123291,1728.0322265625,0.0,24.7421875,2312.0,8192,8192
1502,/home/wanglz/Desktop/src/ModularDT/HONF_Proj/Trained_Results/ThermalChannel/HONF_Forward_Runs/Run_1502_20260923_004751_sparse_incidence_environment_sparsemax/best_by_field_mse_model.pt,4794,sparse_incidence_group_control_honf,0285,application_evaluator,complete,52.18973662704229,59.24520697444677,52.167137145996094,1732.2119140625,0.0,23.65869140625,2312.0,8192,8192
1502,/home/wanglz/Desktop/src/ModularDT/HONF_Proj/Trained_Results/ThermalChannel/HONF_Forward_Runs/Run_1502_20260923_004751_sparse_incidence_environment_sparsemax/best_by_field_mse_model.pt,4794,sparse_incidence_group_control_honf,0285,full_forward,complete,47.32450097799301,48.16554533317685,47.30339050292969,1731.9072265625,0.0,23.65869140625,2312.0,8192,8192
1502,/home/wanglz/Desktop/src/ModularDT/HONF_Proj/Trained_Results/ThermalChannel/HONF_Forward_Runs/Run_1502_20260923_004751_sparse_incidence_environment_sparsemax/best_by_field_mse_model.pt,4794,sparse_incidence_group_control_honf,0285,preparation_plus_one_query,complete,38.67770917713642,40.91219799593091,38.65292739868164,164.9462890625,0.0,23.65869140625,2312.0,8192,8192
1502,/home/wanglz/Desktop/src/ModularDT/HONF_Proj/Trained_Results/ThermalChannel/HONF_Forward_Runs/Run_1502_20260923_004751_sparse_incidence_environment_sparsemax/best_by_field_mse_model.pt,4794,sparse_incidence_group_control_honf,0285,prepared_p2_decode,complete,11.804794892668724,12.15277798473835,11.766783714294434,1728.0322265625,0.0,24.7421875,2312.0,8192,8192
1502,/home/wanglz/Desktop/src/ModularDT/HONF_Proj/Trained_Results/ThermalChannel/HONF_Forward_Runs/Run_1502_20260923_004751_sparse_incidence_environment_sparsemax/best_by_field_mse_model.pt,4794,sparse_incidence_group_control_honf,0286,application_evaluator,complete,50.46322848647833,72.15086063370109,50.42585754394531,1732.2119140625,0.0,23.65869140625,2312.0,8192,8192
1502,/home/wanglz/Desktop/src/ModularDT/HONF_Proj/Trained_Results/ThermalChannel/HONF_Forward_Runs/Run_1502_20260923_004751_sparse_incidence_environment_sparsemax/best_by_field_mse_model.pt,4794,sparse_incidence_group_control_honf,0286,full_forward,complete,46.42436932772398,46.77813593298197,46.38719940185547,1731.9072265625,0.0,23.65869140625,2312.0,8192,8192
1502,/home/wanglz/Desktop/src/ModularDT/HONF_Proj/Trained_Results/ThermalChannel/HONF_Forward_Runs/Run_1502_20260923_004751_sparse_incidence_environment_sparsemax/best_by_field_mse_model.pt,4794,sparse_incidence_group_control_honf,0286,preparation_plus_one_query,complete,59.91851817816496,72.62595696374774,59.8919677734375,164.9462890625,0.0,23.65869140625,2312.0,8192,8192
1502,/home/wanglz/Desktop/src/ModularDT/HONF_Proj/Trained_Results/ThermalChannel/HONF_Forward_Runs/Run_1502_20260923_004751_sparse_incidence_environment_sparsemax/best_by_field_mse_model.pt,4794,sparse_incidence_group_control_honf,0286,prepared_p2_decode,complete,11.740259826183319,12.038711737841368,11.713536262512207,1728.0322265625,0.0,24.7421875,2312.0,8192,8192
1502,/home/wanglz/Desktop/src/ModularDT/HONF_Proj/Trained_Results/ThermalChannel/HONF_Forward_Runs/Run_1502_20260923_004751_sparse_incidence_environment_sparsemax/best_by_field_mse_model.pt,4794,sparse_incidence_group_control_honf,0287,application_evaluator,complete,51.064991392195225,55.13494182378054,51.030174255371094,1732.2119140625,0.0,23.65869140625,2312.0,8192,8192
1502,/home/wanglz/Desktop/src/ModularDT/HONF_Proj/Trained_Results/ThermalChannel/HONF_Forward_Runs/Run_1502_20260923_004751_sparse_incidence_environment_sparsemax/best_by_field_mse_model.pt,4794,sparse_incidence_group_control_honf,0287,full_forward,complete,46.210652217268944,46.356986835598946,46.18854522705078,1731.9072265625,0.0,23.65869140625,2312.0,8192,8192
1502,/home/wanglz/Desktop/src/ModularDT/HONF_Proj/Trained_Results/ThermalChannel/HONF_Forward_Runs/Run_1502_20260923_004751_sparse_incidence_environment_sparsemax/best_by_field_mse_model.pt,4794,sparse_incidence_group_control_honf,0287,preparation_plus_one_query,complete,38.07706292718649,39.18135855346918,38.05388641357422,164.9462890625,0.0,23.65869140625,2312.0,8192,8192
1502,/home/wanglz/Desktop/src/ModularDT/HONF_Proj/Trained_Results/ThermalChannel/HONF_Forward_Runs/Run_1502_20260923_004751_sparse_incidence_environment_sparsemax/best_by_field_mse_model.pt,4794,sparse_incidence_group_control_honf,0287,prepared_p2_decode,complete,11.604486033320427,11.68670579791069,11.574272155761719,1728.0322265625,0.0,24.7421875,2312.0,8192,8192
1502,/home/wanglz/Desktop/src/ModularDT/HONF_Proj/Trained_Results/ThermalChannel/HONF_Forward_Runs/Run_1502_20260923_004751_sparse_incidence_environment_sparsemax/best_by_field_mse_model.pt,4794,sparse_incidence_group_control_honf,0288,application_evaluator,complete,48.271008767187595,49.426092859357595,48.2441291809082,1732.2119140625,0.0,23.65869140625,2312.0,8192,8192
1502,/home/wanglz/Desktop/src/ModularDT/HONF_Proj/Trained_Results/ThermalChannel/HONF_Forward_Runs/Run_1502_20260923_004751_sparse_incidence_environment_sparsemax/best_by_field_mse_model.pt,4794,sparse_incidence_group_control_honf,0288,full_forward,complete,78.90564482659101,79.07485952600837,78.86742401123047,1731.9072265625,0.0,23.65869140625,2312.0,8192,8192
1502,/home/wanglz/Desktop/src/ModularDT/HONF_Proj/Trained_Results/ThermalChannel/HONF_Forward_Runs/Run_1502_20260923_004751_sparse_incidence_environment_sparsemax/best_by_field_mse_model.pt,4794,sparse_incidence_group_control_honf,0288,preparation_plus_one_query,complete,38.90511766076088,41.779502760618925,38.88332748413086,164.9462890625,0.0,23.65869140625,2312.0,8192,8192
1502,/home/wanglz/Desktop/src/ModularDT/HONF_Proj/Trained_Results/ThermalChannel/HONF_Forward_Runs/Run_1502_20260923_004751_sparse_incidence_environment_sparsemax/best_by_field_mse_model.pt,4794,sparse_incidence_group_control_honf,0288,prepared_p2_decode,complete,11.829937808215618,11.860361602157354,11.81056022644043,1728.0322265625,0.0,24.7421875,2312.0,8192,8192
1502,/home/wanglz/Desktop/src/ModularDT/HONF_Proj/Trained_Results/ThermalChannel/HONF_Forward_Runs/Run_1502_20260923_004751_sparse_incidence_environment_sparsemax/best_by_field_mse_model.pt,4794,sparse_incidence_group_control_honf,0289,application_evaluator,complete,48.680007457733154,49.00083485990763,48.65049743652344,1732.2119140625,0.0,23.65869140625,2312.0,8192,8192
1502,/home/wanglz/Desktop/src/ModularDT/HONF_Proj/Trained_Results/ThermalChannel/HONF_Forward_Runs/Run_1502_20260923_004751_sparse_incidence_environment_sparsemax/best_by_field_mse_model.pt,4794,sparse_incidence_group_control_honf,0289,full_forward,complete,47.46083449572325,47.646139934659004,47.42144012451172,1731.9072265625,0.0,23.65869140625,2312.0,8192,8192
1502,/home/wanglz/Desktop/src/ModularDT/HONF_Proj/Trained_Results/ThermalChannel/HONF_Forward_Runs/Run_1502_20260923_004751_sparse_incidence_environment_sparsemax/best_by_field_mse_model.pt,4794,sparse_incidence_group_control_honf,0289,preparation_plus_one_query,complete,38.32989279180765,39.842263888567686,38.301761627197266,164.9462890625,0.0,23.65869140625,2312.0,8192,8192
1502,/home/wanglz/Desktop/src/ModularDT/HONF_Proj/Trained_Results/ThermalChannel/HONF_Forward_Runs/Run_1502_20260923_004751_sparse_incidence_environment_sparsemax/best_by_field_mse_model.pt,4794,sparse_incidence_group_control_honf,0289,prepared_p2_decode,complete,12.507690116763115,12.936384230852127,12.479264259338379,1728.0322265625,0.0,24.7421875,2312.0,8192,8192
1502,/home/wanglz/Desktop/src/ModularDT/HONF_Proj/Trained_Results/ThermalChannel/HONF_Forward_Runs/Run_1502_20260923_004751_sparse_incidence_environment_sparsemax/best_by_field_mse_model.pt,4794,sparse_incidence_group_control_honf,0290,application_evaluator,complete,48.659333027899265,48.84061682969332,48.639041900634766,1732.2119140625,0.0,23.65869140625,2312.0,8192,8192
1502,/home/wanglz/Desktop/src/ModularDT/HONF_Proj/Trained_Results/ThermalChannel/HONF_Forward_Runs/Run_1502_20260923_004751_sparse_incidence_environment_sparsemax/best_by_field_mse_model.pt,4794,sparse_incidence_group_control_honf,0290,full_forward,complete,49.20606128871441,49.300599098205566,49.140926361083984,1731.9072265625,0.0,23.65869140625,2312.0,8192,8192
1502,/home/wanglz/Desktop/src/ModularDT/HONF_Proj/Trained_Results/ThermalChannel/HONF_Forward_Runs/Run_1502_20260923_004751_sparse_incidence_environment_sparsemax/best_by_field_mse_model.pt,4794,sparse_incidence_group_control_honf,0290,preparation_plus_one_query,complete,37.76025678962469,37.80400697141886,37.738494873046875,164.9462890625,0.0,23.65869140625,2312.0,8192,8192
1502,/home/wanglz/Desktop/src/ModularDT/HONF_Proj/Trained_Results/ThermalChannel/HONF_Forward_Runs/Run_1502_20260923_004751_sparse_incidence_environment_sparsemax/best_by_field_mse_model.pt,4794,sparse_incidence_group_control_honf,0290,prepared_p2_decode,complete,11.539112776517868,11.701791267842054,11.514816284179688,1728.0322265625,0.0,24.7421875,2312.0,8192,8192
1502,/home/wanglz/Desktop/src/ModularDT/HONF_Proj/Trained_Results/ThermalChannel/HONF_Forward_Runs/Run_1502_20260923_004751_sparse_incidence_environment_sparsemax/best_by_field_mse_model.pt,4794,sparse_incidence_group_control_honf,0291,application_evaluator,complete,79.4006884098053,82.07166567444801,79.37251281738281,1732.2119140625,0.0,23.65869140625,2312.0,8192,8192
1502,/home/wanglz/Desktop/src/ModularDT/HONF_Proj/Trained_Results/ThermalChannel/HONF_Forward_Runs/Run_1502_20260923_004751_sparse_incidence_environment_sparsemax/best_by_field_mse_model.pt,4794,sparse_incidence_group_control_honf,0291,full_forward,complete,46.072643250226974,47.920174803584814,46.051326751708984,1731.9072265625,0.0,23.65869140625,2312.0,8192,8192
1502,/home/wanglz/Desktop/src/ModularDT/HONF_Proj/Trained_Results/ThermalChannel/HONF_Forward_Runs/Run_1502_20260923_004751_sparse_incidence_environment_sparsemax/best_by_field_mse_model.pt,4794,sparse_incidence_group_control_honf,0291,preparation_plus_one_query,complete,39.10570498555899,40.434278547763824,38.99699020385742,164.9462890625,0.0,23.65869140625,2312.0,8192,8192
1502,/home/wanglz/Desktop/src/ModularDT/HONF_Proj/Trained_Results/ThermalChannel/HONF_Forward_Runs/Run_1502_20260923_004751_sparse_incidence_environment_sparsemax/best_by_field_mse_model.pt,4794,sparse_incidence_group_control_honf,0291,prepared_p2_decode,complete,11.705896817147732,11.711177416145802,11.654144287109375,1728.0322265625,0.0,24.7421875,2312.0,8192,8192
1502,/home/wanglz/Desktop/src/ModularDT/HONF_Proj/Trained_Results/ThermalChannel/HONF_Forward_Runs/Run_1502_20260923_004751_sparse_incidence_environment_sparsemax/best_by_field_mse_model.pt,4794,sparse_incidence_group_control_honf,0292,application_evaluator,complete,48.27966820448637,54.06942339614034,48.25686264038086,1732.2119140625,0.0,23.65869140625,2312.0,8192,8192
1502,/home/wanglz/Desktop/src/ModularDT/HONF_Proj/Trained_Results/ThermalChannel/HONF_Forward_Runs/Run_1502_20260923_004751_sparse_incidence_environment_sparsemax/best_by_field_mse_model.pt,4794,sparse_incidence_group_control_honf,0292,full_forward,complete,47.56783228367567,48.74227773398161,47.543296813964844,1731.9072265625,0.0,23.65869140625,2312.0,8192,8192
1502,/home/wanglz/Desktop/src/ModularDT/HONF_Proj/Trained_Results/ThermalChannel/HONF_Forward_Runs/Run_1502_20260923_004751_sparse_incidence_environment_sparsemax/best_by_field_mse_model.pt,4794,sparse_incidence_group_control_honf,0292,preparation_plus_one_query,complete,39.2501400783658,39.44374360144138,39.22431945800781,164.9462890625,0.0,23.65869140625,2312.0,8192,8192
1502,/home/wanglz/Desktop/src/ModularDT/HONF_Proj/Trained_Results/ThermalChannel/HONF_Forward_Runs/Run_1502_20260923_004751_sparse_incidence_environment_sparsemax/best_by_field_mse_model.pt,4794,sparse_incidence_group_control_honf,0292,prepared_p2_decode,complete,11.729643680155277,11.739701963961124,11.702336311340332,1728.0322265625,0.0,24.7421875,2312.0,8192,8192
1502,/home/wanglz/Desktop/src/ModularDT/HONF_Proj/Trained_Results/ThermalChannel/HONF_Forward_Runs/Run_1502_20260923_004751_sparse_incidence_environment_sparsemax/best_by_field_mse_model.pt,4794,sparse_incidence_group_control_honf,0293,application_evaluator,complete,48.93004335463047,49.3715601041913,48.884864807128906,1732.2119140625,0.0,23.65869140625,2312.0,8192,8192
1502,/home/wanglz/Desktop/src/ModularDT/HONF_Proj/Trained_Results/ThermalChannel/HONF_Forward_Runs/Run_1502_20260923_004751_sparse_incidence_environment_sparsemax/best_by_field_mse_model.pt,4794,sparse_incidence_group_control_honf,0293,full_forward,complete,54.01709862053394,74.05381938442588,53.98758316040039,1731.9072265625,0.0,23.65869140625,2312.0,8192,8192
1502,/home/wanglz/Desktop/src/ModularDT/HONF_Proj/Trained_Results/ThermalChannel/HONF_Forward_Runs/Run_1502_20260923_004751_sparse_incidence_environment_sparsemax/best_by_field_mse_model.pt,4794,sparse_incidence_group_control_honf,0293,preparation_plus_one_query,complete,56.50042090564966,67.73798232898116,56.4766731262207,164.9462890625,0.0,23.65869140625,2312.0,8192,8192
1502,/home/wanglz/Desktop/src/ModularDT/HONF_Proj/Trained_Results/ThermalChannel/HONF_Forward_Runs/Run_1502_20260923_004751_sparse_incidence_environment_sparsemax/best_by_field_mse_model.pt,4794,sparse_incidence_group_control_honf,0293,prepared_p2_decode,complete,11.645554564893246,11.649828497320414,11.621312141418457,1728.0322265625,0.0,24.7421875,2312.0,8192,8192
1502,/home/wanglz/Desktop/src/ModularDT/HONF_Proj/Trained_Results/ThermalChannel/HONF_Forward_Runs/Run_1502_20260923_004751_sparse_incidence_environment_sparsemax/best_by_field_mse_model.pt,4794,sparse_incidence_group_control_honf,0294,application_evaluator,complete,51.14628840237856,51.8932961858809,51.119041442871094,1732.2119140625,0.0,23.65869140625,2312.0,8192,8192
1502,/home/wanglz/Desktop/src/ModularDT/HONF_Proj/Trained_Results/ThermalChannel/HONF_Forward_Runs/Run_1502_20260923_004751_sparse_incidence_environment_sparsemax/best_by_field_mse_model.pt,4794,sparse_incidence_group_control_honf,0294,full_forward,complete,46.30284383893013,46.8743521720171,46.278656005859375,1731.9072265625,0.0,23.65869140625,2312.0,8192,8192
1502,/home/wanglz/Desktop/src/ModularDT/HONF_Proj/Trained_Results/ThermalChannel/HONF_Forward_Runs/Run_1502_20260923_004751_sparse_incidence_environment_sparsemax/best_by_field_mse_model.pt,4794,sparse_incidence_group_control_honf,0294,preparation_plus_one_query,complete,40.19720572978258,40.201731119304895,40.156158447265625,164.9462890625,0.0,23.65869140625,2312.0,8192,8192
1502,/home/wanglz/Desktop/src/ModularDT/HONF_Proj/Trained_Results/ThermalChannel/HONF_Forward_Runs/Run_1502_20260923_004751_sparse_incidence_environment_sparsemax/best_by_field_mse_model.pt,4794,sparse_incidence_group_control_honf,0294,prepared_p2_decode,complete,11.663711629807949,11.709976382553577,11.63584041595459,1728.0322265625,0.0,24.7421875,2312.0,8192,8192
1502,/home/wanglz/Desktop/src/ModularDT/HONF_Proj/Trained_Results/ThermalChannel/HONF_Forward_Runs/Run_1502_20260923_004751_sparse_incidence_environment_sparsemax/best_by_field_mse_model.pt,4794,sparse_incidence_group_control_honf,0295,application_evaluator,complete,48.30984119325876,48.41770455241203,48.27791976928711,1732.2119140625,0.0,23.65869140625,2312.0,8192,8192
1502,/home/wanglz/Desktop/src/ModularDT/HONF_Proj/Trained_Results/ThermalChannel/HONF_Forward_Runs/Run_1502_20260923_004751_sparse_incidence_environment_sparsemax/best_by_field_mse_model.pt,4794,sparse_incidence_group_control_honf,0295,full_forward,complete,60.85245218127966,66.11696379259229,60.807167053222656,1731.9072265625,0.0,23.65869140625,2312.0,8192,8192
1502,/home/wanglz/Desktop/src/ModularDT/HONF_Proj/Trained_Results/ThermalChannel/HONF_Forward_Runs/Run_1502_20260923_004751_sparse_incidence_environment_sparsemax/best_by_field_mse_model.pt,4794,sparse_incidence_group_control_honf,0295,preparation_plus_one_query,complete,38.58328238129616,42.366096470505,38.55859375,164.9462890625,0.0,23.65869140625,2312.0,8192,8192
1502,/home/wanglz/Desktop/src/ModularDT/HONF_Proj/Trained_Results/ThermalChannel/HONF_Forward_Runs/Run_1502_20260923_004751_sparse_incidence_environment_sparsemax/best_by_field_mse_model.pt,4794,sparse_incidence_group_control_honf,0295,prepared_p2_decode,complete,11.773505248129368,12.071704864501953,11.679455757141113,1728.0322265625,0.0,24.7421875,2312.0,8192,8192
1502,/home/wanglz/Desktop/src/ModularDT/HONF_Proj/Trained_Results/ThermalChannel/HONF_Forward_Runs/Run_1502_20260923_004751_sparse_incidence_environment_sparsemax/best_by_field_mse_model.pt,4794,sparse_incidence_group_control_honf,0296,application_evaluator,complete,49.08593092113733,49.84576217830181,49.06438446044922,1732.2119140625,0.0,23.65869140625,2312.0,8192,8192
1502,/home/wanglz/Desktop/src/ModularDT/HONF_Proj/Trained_Results/ThermalChannel/HONF_Forward_Runs/Run_1502_20260923_004751_sparse_incidence_environment_sparsemax/best_by_field_mse_model.pt,4794,sparse_incidence_group_control_honf,0296,full_forward,complete,46.351454220712185,47.146737575531006,46.31574249267578,1731.9072265625,0.0,23.65869140625,2312.0,8192,8192
1502,/home/wanglz/Desktop/src/ModularDT/HONF_Proj/Trained_Results/ThermalChannel/HONF_Forward_Runs/Run_1502_20260923_004751_sparse_incidence_environment_sparsemax/best_by_field_mse_model.pt,4794,sparse_incidence_group_control_honf,0296,preparation_plus_one_query,complete,40.603408589959145,41.9166449457407,40.57497787475586,164.9462890625,0.0,23.65869140625,2312.0,8192,8192
1502,/home/wanglz/Desktop/src/ModularDT/HONF_Proj/Trained_Results/ThermalChannel/HONF_Forward_Runs/Run_1502_20260923_004751_sparse_incidence_environment_sparsemax/best_by_field_mse_model.pt,4794,sparse_incidence_group_control_honf,0296,prepared_p2_decode,complete,12.236421927809715,12.327692471444607,12.21235179901123,1728.0322265625,0.0,24.7421875,2312.0,8192,8192
1502,/home/wanglz/Desktop/src/ModularDT/HONF_Proj/Trained_Results/ThermalChannel/HONF_Forward_Runs/Run_1502_20260923_004751_sparse_incidence_environment_sparsemax/best_by_field_mse_model.pt,4794,sparse_incidence_group_control_honf,0297,application_evaluator,complete,47.67064191401005,52.32341457158327,47.642879486083984,1732.2119140625,0.0,23.65869140625,2312.0,8192,8192
1502,/home/wanglz/Desktop/src/ModularDT/HONF_Proj/Trained_Results/ThermalChannel/HONF_Forward_Runs/Run_1502_20260923_004751_sparse_incidence_environment_sparsemax/best_by_field_mse_model.pt,4794,sparse_incidence_group_control_honf,0297,full_forward,complete,46.26764263957739,47.854187712073326,46.243839263916016,1731.9072265625,0.0,23.65869140625,2312.0,8192,8192
1502,/home/wanglz/Desktop/src/ModularDT/HONF_Proj/Trained_Results/ThermalChannel/HONF_Forward_Runs/Run_1502_20260923_004751_sparse_incidence_environment_sparsemax/best_by_field_mse_model.pt,4794,sparse_incidence_group_control_honf,0297,preparation_plus_one_query,complete,37.712205201387405,37.93170629069209,37.68627166748047,164.9462890625,0.0,23.65869140625,2312.0,8192,8192
1502,/home/wanglz/Desktop/src/ModularDT/HONF_Proj/Trained_Results/ThermalChannel/HONF_Forward_Runs/Run_1502_20260923_004751_sparse_incidence_environment_sparsemax/best_by_field_mse_model.pt,4794,sparse_incidence_group_control_honf,0297,prepared_p2_decode,complete,11.789429001510143,11.899055074900389,11.711487770080566,1728.0322265625,0.0,24.7421875,2312.0,8192,8192
1502,/home/wanglz/Desktop/src/ModularDT/HONF_Proj/Trained_Results/ThermalChannel/HONF_Forward_Runs/Run_1502_20260923_004751_sparse_incidence_environment_sparsemax/best_by_field_mse_model.pt,4794,sparse_incidence_group_control_honf,0298,application_evaluator,complete,66.07360485941172,69.08250860869884,66.04473876953125,1732.2119140625,0.0,23.65869140625,2312.0,8192,8192
1502,/home/wanglz/Desktop/src/ModularDT/HONF_Proj/Trained_Results/ThermalChannel/HONF_Forward_Runs/Run_1502_20260923_004751_sparse_incidence_environment_sparsemax/best_by_field_mse_model.pt,4794,sparse_incidence_group_control_honf,0298,full_forward,complete,47.77400754392147,48.71914591640234,47.733760833740234,1731.9072265625,0.0,23.65869140625,2312.0,8192,8192
1502,/home/wanglz/Desktop/src/ModularDT/HONF_Proj/Trained_Results/ThermalChannel/HONF_Forward_Runs/Run_1502_20260923_004751_sparse_incidence_environment_sparsemax/best_by_field_mse_model.pt,4794,sparse_incidence_group_control_honf,0298,preparation_plus_one_query,complete,40.533846244215965,43.01373288035393,40.50841522216797,164.9462890625,0.0,23.65869140625,2312.0,8192,8192
1502,/home/wanglz/Desktop/src/ModularDT/HONF_Proj/Trained_Results/ThermalChannel/HONF_Forward_Runs/Run_1502_20260923_004751_sparse_incidence_environment_sparsemax/best_by_field_mse_model.pt,4794,sparse_incidence_group_control_honf,0298,prepared_p2_decode,complete,11.690253391861916,11.732744611799717,11.655424118041992,1728.0322265625,0.0,24.7421875,2312.0,8192,8192
1502,/home/wanglz/Desktop/src/ModularDT/HONF_Proj/Trained_Results/ThermalChannel/HONF_Forward_Runs/Run_1502_20260923_004751_sparse_incidence_environment_sparsemax/best_by_field_mse_model.pt,4794,sparse_incidence_group_control_honf,0299,application_evaluator,complete,48.73029328882694,50.830768048763275,48.7086067199707,1732.2119140625,0.0,23.65869140625,2312.0,8192,8192
1502,/home/wanglz/Desktop/src/ModularDT/HONF_Proj/Trained_Results/ThermalChannel/HONF_Forward_Runs/Run_1502_20260923_004751_sparse_incidence_environment_sparsemax/best_by_field_mse_model.pt,4794,sparse_incidence_group_control_honf,0299,full_forward,complete,44.738649390637875,45.17387971282005,44.71500778198242,1731.9072265625,0.0,23.65869140625,2312.0,8192,8192
1502,/home/wanglz/Desktop/src/ModularDT/HONF_Proj/Trained_Results/ThermalChannel/HONF_Forward_Runs/Run_1502_20260923_004751_sparse_incidence_environment_sparsemax/best_by_field_mse_model.pt,4794,sparse_incidence_group_control_honf,0299,preparation_plus_one_query,complete,39.08531088382006,39.895176235586405,39.05846405029297,164.9462890625,0.0,23.65869140625,2312.0,8192,8192
1502,/home/wanglz/Desktop/src/ModularDT/HONF_Proj/Trained_Results/ThermalChannel/HONF_Forward_Runs/Run_1502_20260923_004751_sparse_incidence_environment_sparsemax/best_by_field_mse_model.pt,4794,sparse_incidence_group_control_honf,0299,prepared_p2_decode,complete,11.752552352845669,11.77668971940875,11.719903945922852,1728.0322265625,0.0,24.7421875,2312.0,8192,8192
1502,/home/wanglz/Desktop/src/ModularDT/HONF_Proj/Trained_Results/ThermalChannel/HONF_Forward_Runs/Run_1502_20260923_004751_sparse_incidence_environment_sparsemax/best_by_field_mse_model.pt,4794,sparse_incidence_group_control_honf,0300,application_evaluator,complete,48.13970346003771,52.30167964473367,48.11830520629883,1732.2119140625,0.0,23.65869140625,2312.0,8192,8192
1502,/home/wanglz/Desktop/src/ModularDT/HONF_Proj/Trained_Results/ThermalChannel/HONF_Forward_Runs/Run_1502_20260923_004751_sparse_incidence_environment_sparsemax/best_by_field_mse_model.pt,4794,sparse_incidence_group_control_honf,0300,full_forward,complete,49.62344001978636,52.17297440394759,49.58816146850586,1731.9072265625,0.0,23.65869140625,2312.0,8192,8192
1502,/home/wanglz/Desktop/src/ModularDT/HONF_Proj/Trained_Results/ThermalChannel/HONF_Forward_Runs/Run_1502_20260923_004751_sparse_incidence_environment_sparsemax/best_by_field_mse_model.pt,4794,sparse_incidence_group_control_honf,0300,preparation_plus_one_query,complete,51.51952710002661,53.90588091686368,51.467262268066406,164.9462890625,0.0,23.65869140625,2312.0,8192,8192
1502,/home/wanglz/Desktop/src/ModularDT/HONF_Proj/Trained_Results/ThermalChannel/HONF_Forward_Runs/Run_1502_20260923_004751_sparse_incidence_environment_sparsemax/best_by_field_mse_model.pt,4794,sparse_incidence_group_control_honf,0300,prepared_p2_decode,complete,11.683828197419643,11.76428608596325,11.664128303527832,1728.0322265625,0.0,24.7421875,2312.0,8192,8192
1502,/home/wanglz/Desktop/src/ModularDT/HONF_Proj/Trained_Results/ThermalChannel/HONF_Forward_Runs/Run_1502_20260923_004751_sparse_incidence_environment_sparsemax/best_by_field_mse_model.pt,4794,sparse_incidence_group_control_honf,0301,application_evaluator,complete,49.0141324698925,50.90315192937851,48.99203109741211,1732.2119140625,0.0,23.65869140625,2312.0,8192,8192
1502,/home/wanglz/Desktop/src/ModularDT/HONF_Proj/Trained_Results/ThermalChannel/HONF_Forward_Runs/Run_1502_20260923_004751_sparse_incidence_environment_sparsemax/best_by_field_mse_model.pt,4794,sparse_incidence_group_control_honf,0301,full_forward,complete,46.929472126066685,50.044731330126524,46.90739059448242,1731.9072265625,0.0,23.65869140625,2312.0,8192,8192
1502,/home/wanglz/Desktop/src/ModularDT/HONF_Proj/Trained_Results/ThermalChannel/HONF_Forward_Runs/Run_1502_20260923_004751_sparse_incidence_environment_sparsemax/best_by_field_mse_model.pt,4794,sparse_incidence_group_control_honf,0301,preparation_plus_one_query,complete,36.171477288007736,40.823497250676155,36.15046310424805,164.9462890625,0.0,23.65869140625,2312.0,8192,8192
1502,/home/wanglz/Desktop/src/ModularDT/HONF_Proj/Trained_Results/ThermalChannel/HONF_Forward_Runs/Run_1502_20260923_004751_sparse_incidence_environment_sparsemax/best_by_field_mse_model.pt,4794,sparse_incidence_group_control_honf,0301,prepared_p2_decode,complete,11.746964417397976,11.759537272155285,11.726847648620605,1728.0322265625,0.0,24.7421875,2312.0,8192,8192
1502,/home/wanglz/Desktop/src/ModularDT/HONF_Proj/Trained_Results/ThermalChannel/HONF_Forward_Runs/Run_1502_20260923_004751_sparse_incidence_environment_sparsemax/best_by_field_mse_model.pt,4794,sparse_incidence_group_control_honf,0302,application_evaluator,complete,47.92849998921156,48.002673126757145,47.903167724609375,1732.2119140625,0.0,23.65869140625,2312.0,8192,8192
1502,/home/wanglz/Desktop/src/ModularDT/HONF_Proj/Trained_Results/ThermalChannel/HONF_Forward_Runs/Run_1502_20260923_004751_sparse_incidence_environment_sparsemax/best_by_field_mse_model.pt,4794,sparse_incidence_group_control_honf,0302,full_forward,complete,57.95230716466904,60.1023156195879,57.899967193603516,1731.9072265625,0.0,23.65869140625,2312.0,8192,8192
1502,/home/wanglz/Desktop/src/ModularDT/HONF_Proj/Trained_Results/ThermalChannel/HONF_Forward_Runs/Run_1502_20260923_004751_sparse_incidence_environment_sparsemax/best_by_field_mse_model.pt,4794,sparse_incidence_group_control_honf,0302,preparation_plus_one_query,complete,40.57631082832813,43.42957604676485,40.554622650146484,164.9462890625,0.0,23.65869140625,2312.0,8192,8192
1502,/home/wanglz/Desktop/src/ModularDT/HONF_Proj/Trained_Results/ThermalChannel/HONF_Forward_Runs/Run_1502_20260923_004751_sparse_incidence_environment_sparsemax/best_by_field_mse_model.pt,4794,sparse_incidence_group_control_honf,0302,prepared_p2_decode,complete,11.625159531831741,11.777527444064617,11.598848342895508,1728.0322265625,0.0,24.7421875,2312.0,8192,8192
1502,/home/wanglz/Desktop/src/ModularDT/HONF_Proj/Trained_Results/ThermalChannel/HONF_Forward_Runs/Run_1502_20260923_004751_sparse_incidence_environment_sparsemax/best_by_field_mse_model.pt,4794,sparse_incidence_group_control_honf,0633,application_evaluator,complete,63.241069205105305,69.3265094421804,63.2191047668457,1732.2119140625,0.0,23.65869140625,2312.0,8192,8192
1502,/home/wanglz/Desktop/src/ModularDT/HONF_Proj/Trained_Results/ThermalChannel/HONF_Forward_Runs/Run_1502_20260923_004751_sparse_incidence_environment_sparsemax/best_by_field_mse_model.pt,4794,sparse_incidence_group_control_honf,0633,full_forward,complete,48.98088797926903,50.565925147384405,48.90729522705078,1731.9072265625,0.0,23.65869140625,2312.0,8192,8192
1502,/home/wanglz/Desktop/src/ModularDT/HONF_Proj/Trained_Results/ThermalChannel/HONF_Forward_Runs/Run_1502_20260923_004751_sparse_incidence_environment_sparsemax/best_by_field_mse_model.pt,4794,sparse_incidence_group_control_honf,0633,preparation_plus_one_query,complete,39.5865011960268,46.45264279097319,39.56035232543945,164.9462890625,0.0,23.65869140625,2312.0,8192,8192
1502,/home/wanglz/Desktop/src/ModularDT/HONF_Proj/Trained_Results/ThermalChannel/HONF_Forward_Runs/Run_1502_20260923_004751_sparse_incidence_environment_sparsemax/best_by_field_mse_model.pt,4794,sparse_incidence_group_control_honf,0633,prepared_p2_decode,complete,12.073548510670662,12.10447521880269,12.027615547180176,1728.0322265625,0.0,24.7421875,2312.0,8192,8192
1502,/home/wanglz/Desktop/src/ModularDT/HONF_Proj/Trained_Results/ThermalChannel/HONF_Forward_Runs/Run_1502_20260923_004751_sparse_incidence_environment_sparsemax/best_by_field_mse_model.pt,4794,sparse_incidence_group_control_honf,0634,application_evaluator,complete,49.77318178862333,50.02059377729893,49.737281799316406,1732.2119140625,0.0,23.65869140625,2312.0,8192,8192
1502,/home/wanglz/Desktop/src/ModularDT/HONF_Proj/Trained_Results/ThermalChannel/HONF_Forward_Runs/Run_1502_20260923_004751_sparse_incidence_environment_sparsemax/best_by_field_mse_model.pt,4794,sparse_incidence_group_control_honf,0634,full_forward,complete,45.6530274823308,46.23132515698671,45.62944030761719,1731.9072265625,0.0,23.65869140625,2312.0,8192,8192
1502,/home/wanglz/Desktop/src/ModularDT/HONF_Proj/Trained_Results/ThermalChannel/HONF_Forward_Runs/Run_1502_20260923_004751_sparse_incidence_environment_sparsemax/best_by_field_mse_model.pt,4794,sparse_incidence_group_control_honf,0634,preparation_plus_one_query,complete,38.38213440030813,47.439266089349985,38.3559684753418,164.9462890625,0.0,23.65869140625,2312.0,8192,8192
1502,/home/wanglz/Desktop/src/ModularDT/HONF_Proj/Trained_Results/ThermalChannel/HONF_Forward_Runs/Run_1502_20260923_004751_sparse_incidence_environment_sparsemax/best_by_field_mse_model.pt,4794,sparse_incidence_group_control_honf,0634,prepared_p2_decode,complete,11.731878854334354,12.675759941339493,11.694080352783203,1728.0322265625,0.0,24.7421875,2312.0,8192,8192
1502,/home/wanglz/Desktop/src/ModularDT/HONF_Proj/Trained_Results/ThermalChannel/HONF_Forward_Runs/Run_1502_20260923_004751_sparse_incidence_environment_sparsemax/best_by_field_mse_model.pt,4794,sparse_incidence_group_control_honf,0635,application_evaluator,complete,52.52274591475725,56.76090605556965,52.50252914428711,1732.2119140625,0.0,23.65869140625,2312.0,8192,8192
1502,/home/wanglz/Desktop/src/ModularDT/HONF_Proj/Trained_Results/ThermalChannel/HONF_Forward_Runs/Run_1502_20260923_004751_sparse_incidence_environment_sparsemax/best_by_field_mse_model.pt,4794,sparse_incidence_group_control_honf,0635,full_forward,complete,47.35216032713652,50.25822566822171,47.324161529541016,1731.9072265625,0.0,23.65869140625,2312.0,8192,8192
1502,/home/wanglz/Desktop/src/ModularDT/HONF_Proj/Trained_Results/ThermalChannel/HONF_Forward_Runs/Run_1502_20260923_004751_sparse_incidence_environment_sparsemax/best_by_field_mse_model.pt,4794,sparse_incidence_group_control_honf,0635,preparation_plus_one_query,complete,53.966532461345196,59.99841736629605,53.94432067871094,164.9462890625,0.0,23.65869140625,2312.0,8192,8192
1502,/home/wanglz/Desktop/src/ModularDT/HONF_Proj/Trained_Results/ThermalChannel/HONF_Forward_Runs/Run_1502_20260923_004751_sparse_incidence_environment_sparsemax/best_by_field_mse_model.pt,4794,sparse_incidence_group_control_honf,0635,prepared_p2_decode,complete,11.658404022455215,12.430054601281881,11.634688377380371,1728.0322265625,0.0,24.7421875,2312.0,8192,8192
1502,/home/wanglz/Desktop/src/ModularDT/HONF_Proj/Trained_Results/ThermalChannel/HONF_Forward_Runs/Run_1502_20260923_004751_sparse_incidence_environment_sparsemax/best_by_field_mse_model.pt,4794,sparse_incidence_group_control_honf,0636,application_evaluator,complete,50.80350115895271,51.13991806283593,50.781185150146484,1732.2119140625,0.0,23.65869140625,2312.0,8192,8192
1502,/home/wanglz/Desktop/src/ModularDT/HONF_Proj/Trained_Results/ThermalChannel/HONF_Forward_Runs/Run_1502_20260923_004751_sparse_incidence_environment_sparsemax/best_by_field_mse_model.pt,4794,sparse_incidence_group_control_honf,0636,full_forward,complete,45.93016393482685,47.24591402336955,45.90591812133789,1731.9072265625,0.0,23.65869140625,2312.0,8192,8192
1502,/home/wanglz/Desktop/src/ModularDT/HONF_Proj/Trained_Results/ThermalChannel/HONF_Forward_Runs/Run_1502_20260923_004751_sparse_incidence_environment_sparsemax/best_by_field_mse_model.pt,4794,sparse_incidence_group_control_honf,0636,preparation_plus_one_query,complete,40.829977951943874,42.31594856828451,40.806270599365234,164.9462890625,0.0,23.65869140625,2312.0,8192,8192
1502,/home/wanglz/Desktop/src/ModularDT/HONF_Proj/Trained_Results/ThermalChannel/HONF_Forward_Runs/Run_1502_20260923_004751_sparse_incidence_environment_sparsemax/best_by_field_mse_model.pt,4794,sparse_incidence_group_control_honf,0636,prepared_p2_decode,complete,11.55811082571745,12.184179481118917,11.538432121276855,1728.0322265625,0.0,24.7421875,2312.0,8192,8192
1502,/home/wanglz/Desktop/src/ModularDT/HONF_Proj/Trained_Results/ThermalChannel/HONF_Forward_Runs/Run_1502_20260923_004751_sparse_incidence_environment_sparsemax/best_by_field_mse_model.pt,4794,sparse_incidence_group_control_honf,0637,application_evaluator,complete,48.11990074813366,49.10174934193492,48.09868621826172,1732.2119140625,0.0,23.65869140625,2312.0,8192,8192
1502,/home/wanglz/Desktop/src/ModularDT/HONF_Proj/Trained_Results/ThermalChannel/HONF_Forward_Runs/Run_1502_20260923_004751_sparse_incidence_environment_sparsemax/best_by_field_mse_model.pt,4794,sparse_incidence_group_control_honf,0637,full_forward,complete,65.03718346357346,76.54278138652444,64.99529266357422,1731.9072265625,0.0,23.65869140625,2312.0,8192,8192
1502,/home/wanglz/Desktop/src/ModularDT/HONF_Proj/Trained_Results/ThermalChannel/HONF_Forward_Runs/Run_1502_20260923_004751_sparse_incidence_environment_sparsemax/best_by_field_mse_model.pt,4794,sparse_incidence_group_control_honf,0637,preparation_plus_one_query,complete,47.98859637230635,51.0613651946187,47.96211242675781,164.9462890625,0.0,23.65869140625,2312.0,8192,8192
1502,/home/wanglz/Desktop/src/ModularDT/HONF_Proj/Trained_Results/ThermalChannel/HONF_Forward_Runs/Run_1502_20260923_004751_sparse_incidence_environment_sparsemax/best_by_field_mse_model.pt,4794,sparse_incidence_group_control_honf,0637,prepared_p2_decode,complete,11.679924093186855,11.718442291021347,11.654399871826172,1728.0322265625,0.0,24.7421875,2312.0,8192,8192
1502,/home/wanglz/Desktop/src/ModularDT/HONF_Proj/Trained_Results/ThermalChannel/HONF_Forward_Runs/Run_1502_20260923_004751_sparse_incidence_environment_sparsemax/best_by_field_mse_model.pt,4794,sparse_incidence_group_control_honf,0638,application_evaluator,complete,59.354825876653194,60.89436188340187,59.32767868041992,1732.2119140625,0.0,23.65869140625,2312.0,8192,8192
1502,/home/wanglz/Desktop/src/ModularDT/HONF_Proj/Trained_Results/ThermalChannel/HONF_Forward_Runs/Run_1502_20260923_004751_sparse_incidence_environment_sparsemax/best_by_field_mse_model.pt,4794,sparse_incidence_group_control_honf,0638,full_forward,complete,47.55247477442026,49.494556710124016,47.528160095214844,1731.9072265625,0.0,23.65869140625,2312.0,8192,8192
1502,/home/wanglz/Desktop/src/ModularDT/HONF_Proj/Trained_Results/ThermalChannel/HONF_Forward_Runs/Run_1502_20260923_004751_sparse_incidence_environment_sparsemax/best_by_field_mse_model.pt,4794,sparse_incidence_group_control_honf,0638,preparation_plus_one_query,complete,38.67682535201311,38.75074703246355,38.65292739868164,164.9462890625,0.0,23.65869140625,2312.0,8192,8192
1502,/home/wanglz/Desktop/src/ModularDT/HONF_Proj/Trained_Results/ThermalChannel/HONF_Forward_Runs/Run_1502_20260923_004751_sparse_incidence_environment_sparsemax/best_by_field_mse_model.pt,4794,sparse_incidence_group_control_honf,0638,prepared_p2_decode,complete,11.700380593538284,11.709935963153839,11.669568061828613,1728.0322265625,0.0,24.7421875,2312.0,8192,8192
1502,/home/wanglz/Desktop/src/ModularDT/HONF_Proj/Trained_Results/ThermalChannel/HONF_Forward_Runs/Run_1502_20260923_004751_sparse_incidence_environment_sparsemax/best_by_field_mse_model.pt,4794,sparse_incidence_group_control_honf,0639,application_evaluator,complete,49.32704661041498,50.39287768304348,49.30419158935547,1732.2119140625,0.0,23.65869140625,2312.0,8192,8192
1502,/home/wanglz/Desktop/src/ModularDT/HONF_Proj/Trained_Results/ThermalChannel/HONF_Forward_Runs/Run_1502_20260923_004751_sparse_incidence_environment_sparsemax/best_by_field_mse_model.pt,4794,sparse_incidence_group_control_honf,0639,full_forward,complete,47.55722265690565,68.05243184790015,47.515647888183594,1731.9072265625,0.0,23.65869140625,2312.0,8192,8192
1502,/home/wanglz/Desktop/src/ModularDT/HONF_Proj/Trained_Results/ThermalChannel/HONF_Forward_Runs/Run_1502_20260923_004751_sparse_incidence_environment_sparsemax/best_by_field_mse_model.pt,4794,sparse_incidence_group_control_honf,0639,preparation_plus_one_query,complete,37.495359778404236,39.59433753043413,37.4730224609375,164.9462890625,0.0,23.65869140625,2312.0,8192,8192
1502,/home/wanglz/Desktop/src/ModularDT/HONF_Proj/Trained_Results/ThermalChannel/HONF_Forward_Runs/Run_1502_20260923_004751_sparse_incidence_environment_sparsemax/best_by_field_mse_model.pt,4794,sparse_incidence_group_control_honf,0639,prepared_p2_decode,complete,11.688646860420704,11.841015610843897,11.634495735168457,1728.0322265625,0.0,24.7421875,2312.0,8192,8192
1502,/home/wanglz/Desktop/src/ModularDT/HONF_Proj/Trained_Results/ThermalChannel/HONF_Forward_Runs/Run_1502_20260923_004751_sparse_incidence_environment_sparsemax/best_by_field_mse_model.pt,4794,sparse_incidence_group_control_honf,0640,application_evaluator,complete,67.79493298381567,68.35839804261923,67.76361846923828,1732.2119140625,0.0,23.65869140625,2312.0,8192,8192
1502,/home/wanglz/Desktop/src/ModularDT/HONF_Proj/Trained_Results/ThermalChannel/HONF_Forward_Runs/Run_1502_20260923_004751_sparse_incidence_environment_sparsemax/best_by_field_mse_model.pt,4794,sparse_incidence_group_control_honf,0640,full_forward,complete,46.847060322761536,48.050176072865725,46.82169723510742,1731.9072265625,0.0,23.65869140625,2312.0,8192,8192
1502,/home/wanglz/Desktop/src/ModularDT/HONF_Proj/Trained_Results/ThermalChannel/HONF_Forward_Runs/Run_1502_20260923_004751_sparse_incidence_environment_sparsemax/best_by_field_mse_model.pt,4794,sparse_incidence_group_control_honf,0640,preparation_plus_one_query,complete,38.808127865195274,39.02737917378545,38.78521728515625,164.9462890625,0.0,23.65869140625,2312.0,8192,8192
1502,/home/wanglz/Desktop/src/ModularDT/HONF_Proj/Trained_Results/ThermalChannel/HONF_Forward_Runs/Run_1502_20260923_004751_sparse_incidence_environment_sparsemax/best_by_field_mse_model.pt,4794,sparse_incidence_group_control_honf,0640,prepared_p2_decode,complete,12.266108766198158,12.55651656538248,12.205056190490723,1728.0322265625,0.0,24.7421875,2312.0,8192,8192
1502,/home/wanglz/Desktop/src/ModularDT/HONF_Proj/Trained_Results/ThermalChannel/HONF_Forward_Runs/Run_1502_20260923_004751_sparse_incidence_environment_sparsemax/best_by_field_mse_model.pt,4794,sparse_incidence_group_control_honf,0641,application_evaluator,complete,48.94961230456829,49.49849369004369,48.91743850708008,1732.2119140625,0.0,23.65869140625,2312.0,8192,8192
1502,/home/wanglz/Desktop/src/ModularDT/HONF_Proj/Trained_Results/ThermalChannel/HONF_Forward_Runs/Run_1502_20260923_004751_sparse_incidence_environment_sparsemax/best_by_field_mse_model.pt,4794,sparse_incidence_group_control_honf,0641,full_forward,complete,46.203105710446835,46.20386091992259,46.17216110229492,1731.9072265625,0.0,23.65869140625,2312.0,8192,8192
1502,/home/wanglz/Desktop/src/ModularDT/HONF_Proj/Trained_Results/ThermalChannel/HONF_Forward_Runs/Run_1502_20260923_004751_sparse_incidence_environment_sparsemax/best_by_field_mse_model.pt,4794,sparse_incidence_group_control_honf,0641,preparation_plus_one_query,complete,37.56017331033945,40.92738917097449,37.533409118652344,164.9462890625,0.0,23.65869140625,2312.0,8192,8192
1502,/home/wanglz/Desktop/src/ModularDT/HONF_Proj/Trained_Results/ThermalChannel/HONF_Forward_Runs/Run_1502_20260923_004751_sparse_incidence_environment_sparsemax/best_by_field_mse_model.pt,4794,sparse_incidence_group_control_honf,0641,prepared_p2_decode,complete,11.556503362953663,11.565303523093462,11.53609561920166,1728.0322265625,0.0,24.7421875,2312.0,8192,8192
1502,/home/wanglz/Desktop/src/ModularDT/HONF_Proj/Trained_Results/ThermalChannel/HONF_Forward_Runs/Run_1502_20260923_004751_sparse_incidence_environment_sparsemax/best_by_field_mse_model.pt,4794,sparse_incidence_group_control_honf,0642,application_evaluator,complete,49.05437584966421,52.344150468707085,49.03129577636719,1732.2119140625,0.0,23.65869140625,2312.0,8192,8192
1502,/home/wanglz/Desktop/src/ModularDT/HONF_Proj/Trained_Results/ThermalChannel/HONF_Forward_Runs/Run_1502_20260923_004751_sparse_incidence_environment_sparsemax/best_by_field_mse_model.pt,4794,sparse_incidence_group_control_honf,0642,full_forward,complete,47.92264103889465,48.28546177595854,47.898433685302734,1731.9072265625,0.0,23.65869140625,2312.0,8192,8192
1502,/home/wanglz/Desktop/src/ModularDT/HONF_Proj/Trained_Results/ThermalChannel/HONF_Forward_Runs/Run_1502_20260923_004751_sparse_incidence_environment_sparsemax/best_by_field_mse_model.pt,4794,sparse_incidence_group_control_honf,0642,preparation_plus_one_query,complete,55.98056875169277,56.48670746013522,55.940032958984375,164.9462890625,0.0,23.65869140625,2312.0,8192,8192
1502,/home/wanglz/Desktop/src/ModularDT/HONF_Proj/Trained_Results/ThermalChannel/HONF_Forward_Runs/Run_1502_20260923_004751_sparse_incidence_environment_sparsemax/best_by_field_mse_model.pt,4794,sparse_incidence_group_control_honf,0642,prepared_p2_decode,complete,11.656519025564194,11.705548129975796,11.63263988494873,1728.0322265625,0.0,24.7421875,2312.0,8192,8192
1502,/home/wanglz/Desktop/src/ModularDT/HONF_Proj/Trained_Results/ThermalChannel/HONF_Forward_Runs/Run_1502_20260923_004751_sparse_incidence_environment_sparsemax/best_by_field_mse_model.pt,4794,sparse_incidence_group_control_honf,0643,application_evaluator,complete,53.296081721782684,61.89842224121094,53.2743034362793,1732.2119140625,0.0,23.65869140625,2312.0,8192,8192
1502,/home/wanglz/Desktop/src/ModularDT/HONF_Proj/Trained_Results/ThermalChannel/HONF_Forward_Runs/Run_1502_20260923_004751_sparse_incidence_environment_sparsemax/best_by_field_mse_model.pt,4794,sparse_incidence_group_control_honf,0643,full_forward,complete,47.0616165548563,47.78147451579571,47.031105041503906,1731.9072265625,0.0,23.65869140625,2312.0,8192,8192
1502,/home/wanglz/Desktop/src/ModularDT/HONF_Proj/Trained_Results/ThermalChannel/HONF_Forward_Runs/Run_1502_20260923_004751_sparse_incidence_environment_sparsemax/best_by_field_mse_model.pt,4794,sparse_incidence_group_control_honf,0643,preparation_plus_one_query,complete,37.47496474534273,38.48145864903927,37.453086853027344,164.9462890625,0.0,23.65869140625,2312.0,8192,8192
1502,/home/wanglz/Desktop/src/ModularDT/HONF_Proj/Trained_Results/ThermalChannel/HONF_Forward_Runs/Run_1502_20260923_004751_sparse_incidence_environment_sparsemax/best_by_field_mse_model.pt,4794,sparse_incidence_group_control_honf,0643,prepared_p2_decode,complete,11.733904480934143,11.81536903604865,11.710463523864746,1728.0322265625,0.0,24.7421875,2312.0,8192,8192
1502,/home/wanglz/Desktop/src/ModularDT/HONF_Proj/Trained_Results/ThermalChannel/HONF_Forward_Runs/Run_1502_20260923_004751_sparse_incidence_environment_sparsemax/best_by_field_mse_model.pt,4794,sparse_incidence_group_control_honf,0644,application_evaluator,complete,46.39251995831728,48.464844934642315,46.372032165527344,1732.2119140625,0.0,23.65869140625,2312.0,8192,8192
1502,/home/wanglz/Desktop/src/ModularDT/HONF_Proj/Trained_Results/ThermalChannel/HONF_Forward_Runs/Run_1502_20260923_004751_sparse_incidence_environment_sparsemax/best_by_field_mse_model.pt,4794,sparse_incidence_group_control_honf,0644,full_forward,complete,55.43718859553337,63.87483896687627,55.406593322753906,1731.9072265625,0.0,23.65869140625,2312.0,8192,8192
1502,/home/wanglz/Desktop/src/ModularDT/HONF_Proj/Trained_Results/ThermalChannel/HONF_Forward_Runs/Run_1502_20260923_004751_sparse_incidence_environment_sparsemax/best_by_field_mse_model.pt,4794,sparse_incidence_group_control_honf,0644,preparation_plus_one_query,complete,37.299239076673985,37.48278683051467,37.27360153198242,164.9462890625,0.0,23.65869140625,2312.0,8192,8192
1502,/home/wanglz/Desktop/src/ModularDT/HONF_Proj/Trained_Results/ThermalChannel/HONF_Forward_Runs/Run_1502_20260923_004751_sparse_incidence_environment_sparsemax/best_by_field_mse_model.pt,4794,sparse_incidence_group_control_honf,0644,prepared_p2_decode,complete,11.726360768079758,11.739435698837042,11.653120040893555,1728.0322265625,0.0,24.7421875,2312.0,8192,8192
1502,/home/wanglz/Desktop/src/ModularDT/HONF_Proj/Trained_Results/ThermalChannel/HONF_Forward_Runs/Run_1502_20260923_004751_sparse_incidence_environment_sparsemax/best_by_field_mse_model.pt,4794,sparse_incidence_group_control_honf,0645,application_evaluator,complete,54.748257622122765,70.25172831490636,54.72547149658203,1732.2119140625,0.0,23.65869140625,2312.0,8192,8192
1502,/home/wanglz/Desktop/src/ModularDT/HONF_Proj/Trained_Results/ThermalChannel/HONF_Forward_Runs/Run_1502_20260923_004751_sparse_incidence_environment_sparsemax/best_by_field_mse_model.pt,4794,sparse_incidence_group_control_honf,0645,full_forward,complete,47.87430912256241,49.07692112028599,47.8474235534668,1731.9072265625,0.0,23.65869140625,2312.0,8192,8192
1502,/home/wanglz/Desktop/src/ModularDT/HONF_Proj/Trained_Results/ThermalChannel/HONF_Forward_Runs/Run_1502_20260923_004751_sparse_incidence_environment_sparsemax/best_by_field_mse_model.pt,4794,sparse_incidence_group_control_honf,0645,preparation_plus_one_query,complete,38.451927714049816,39.75611999630928,38.430721282958984,164.9462890625,0.0,23.65869140625,2312.0,8192,8192
1502,/home/wanglz/Desktop/src/ModularDT/HONF_Proj/Trained_Results/ThermalChannel/HONF_Forward_Runs/Run_1502_20260923_004751_sparse_incidence_environment_sparsemax/best_by_field_mse_model.pt,4794,sparse_incidence_group_control_honf,0645,prepared_p2_decode,complete,12.43903860449791,12.921794317662716,12.206080436706543,1728.0322265625,0.0,24.7421875,2312.0,8192,8192
1502,/home/wanglz/Desktop/src/ModularDT/HONF_Proj/Trained_Results/ThermalChannel/HONF_Forward_Runs/Run_1502_20260923_004751_sparse_incidence_environment_sparsemax/best_by_field_mse_model.pt,4794,sparse_incidence_group_control_honf,0646,application_evaluator,complete,49.73101522773504,50.40988735854626,49.707393646240234,1732.2119140625,0.0,23.65869140625,2312.0,8192,8192
1502,/home/wanglz/Desktop/src/ModularDT/HONF_Proj/Trained_Results/ThermalChannel/HONF_Forward_Runs/Run_1502_20260923_004751_sparse_incidence_environment_sparsemax/best_by_field_mse_model.pt,4794,sparse_incidence_group_control_honf,0646,full_forward,complete,46.921929344534874,47.37149439752102,46.886112213134766,1731.9072265625,0.0,23.65869140625,2312.0,8192,8192
1502,/home/wanglz/Desktop/src/ModularDT/HONF_Proj/Trained_Results/ThermalChannel/HONF_Forward_Runs/Run_1502_20260923_004751_sparse_incidence_environment_sparsemax/best_by_field_mse_model.pt,4794,sparse_incidence_group_control_honf,0646,preparation_plus_one_query,complete,38.26642408967018,41.11819816753268,38.24435043334961,164.9462890625,0.0,23.65869140625,2312.0,8192,8192
1502,/home/wanglz/Desktop/src/ModularDT/HONF_Proj/Trained_Results/ThermalChannel/HONF_Forward_Runs/Run_1502_20260923_004751_sparse_incidence_environment_sparsemax/best_by_field_mse_model.pt,4794,sparse_incidence_group_control_honf,0646,prepared_p2_decode,complete,11.65512204170227,11.805731430649757,11.623488426208496,1728.0322265625,0.0,24.7421875,2312.0,8192,8192
1502,/home/wanglz/Desktop/src/ModularDT/HONF_Proj/Trained_Results/ThermalChannel/HONF_Forward_Runs/Run_1502_20260923_004751_sparse_incidence_environment_sparsemax/best_by_field_mse_model.pt,4794,sparse_incidence_group_control_honf,0647,application_evaluator,complete,51.580735482275486,61.30296615883708,51.55759811401367,1732.2119140625,0.0,23.65869140625,2312.0,8192,8192
1502,/home/wanglz/Desktop/src/ModularDT/HONF_Proj/Trained_Results/ThermalChannel/HONF_Forward_Runs/Run_1502_20260923_004751_sparse_incidence_environment_sparsemax/best_by_field_mse_model.pt,4794,sparse_incidence_group_control_honf,0647,full_forward,complete,48.21374546736479,48.85716633871198,48.18204879760742,1731.9072265625,0.0,23.65869140625,2312.0,8192,8192
1502,/home/wanglz/Desktop/src/ModularDT/HONF_Proj/Trained_Results/ThermalChannel/HONF_Forward_Runs/Run_1502_20260923_004751_sparse_incidence_environment_sparsemax/best_by_field_mse_model.pt,4794,sparse_incidence_group_control_honf,0647,preparation_plus_one_query,complete,53.557850420475006,54.080584459006786,53.525535583496094,164.9462890625,0.0,23.65869140625,2312.0,8192,8192
1502,/home/wanglz/Desktop/src/ModularDT/HONF_Proj/Trained_Results/ThermalChannel/HONF_Forward_Runs/Run_1502_20260923_004751_sparse_incidence_environment_sparsemax/best_by_field_mse_model.pt,4794,sparse_incidence_group_control_honf,0647,prepared_p2_decode,complete,11.663222685456276,11.676549073308706,11.64185619354248,1728.0322265625,0.0,24.7421875,2312.0,8192,8192
1502,/home/wanglz/Desktop/src/ModularDT/HONF_Proj/Trained_Results/ThermalChannel/HONF_Forward_Runs/Run_1502_20260923_004751_sparse_incidence_environment_sparsemax/best_by_field_mse_model.pt,4794,sparse_incidence_group_control_honf,0648,application_evaluator,complete,49.923780374228954,50.80983638763428,49.89100646972656,1732.2119140625,0.0,23.65869140625,2312.0,8192,8192
1502,/home/wanglz/Desktop/src/ModularDT/HONF_Proj/Trained_Results/ThermalChannel/HONF_Forward_Runs/Run_1502_20260923_004751_sparse_incidence_environment_sparsemax/best_by_field_mse_model.pt,4794,sparse_incidence_group_control_honf,0648,full_forward,complete,48.7769590690732,49.83424060046673,48.65740966796875,1731.9072265625,0.0,23.65869140625,2312.0,8192,8192
1502,/home/wanglz/Desktop/src/ModularDT/HONF_Proj/Trained_Results/ThermalChannel/HONF_Forward_Runs/Run_1502_20260923_004751_sparse_incidence_environment_sparsemax/best_by_field_mse_model.pt,4794,sparse_incidence_group_control_honf,0648,preparation_plus_one_query,complete,36.362504586577415,40.130254719406366,36.34070587158203,164.9462890625,0.0,23.65869140625,2312.0,8192,8192
1502,/home/wanglz/Desktop/src/ModularDT/HONF_Proj/Trained_Results/ThermalChannel/HONF_Forward_Runs/Run_1502_20260923_004751_sparse_incidence_environment_sparsemax/best_by_field_mse_model.pt,4794,sparse_incidence_group_control_honf,0648,prepared_p2_decode,complete,11.629140004515648,11.654786113649607,11.60159969329834,1728.0322265625,0.0,24.7421875,2312.0,8192,8192
1502,/home/wanglz/Desktop/src/ModularDT/HONF_Proj/Trained_Results/ThermalChannel/HONF_Forward_Runs/Run_1502_20260923_004751_sparse_incidence_environment_sparsemax/best_by_field_mse_model.pt,4794,sparse_incidence_group_control_honf,0649,application_evaluator,complete,48.152840696275234,48.26850090175867,48.13216018676758,1732.2119140625,0.0,23.65869140625,2312.0,8192,8192
1502,/home/wanglz/Desktop/src/ModularDT/HONF_Proj/Trained_Results/ThermalChannel/HONF_Forward_Runs/Run_1502_20260923_004751_sparse_incidence_environment_sparsemax/best_by_field_mse_model.pt,4794,sparse_incidence_group_control_honf,0649,full_forward,complete,61.10843922942877,63.5440886951983,61.07267379760742,1731.9072265625,0.0,23.65869140625,2312.0,8192,8192
1502,/home/wanglz/Desktop/src/ModularDT/HONF_Proj/Trained_Results/ThermalChannel/HONF_Forward_Runs/Run_1502_20260923_004751_sparse_incidence_environment_sparsemax/best_by_field_mse_model.pt,4794,sparse_incidence_group_control_honf,0649,preparation_plus_one_query,complete,38.26614376157522,39.06847294420004,38.21187210083008,164.9462890625,0.0,23.65869140625,2312.0,8192,8192
1502,/home/wanglz/Desktop/src/ModularDT/HONF_Proj/Trained_Results/ThermalChannel/HONF_Forward_Runs/Run_1502_20260923_004751_sparse_incidence_environment_sparsemax/best_by_field_mse_model.pt,4794,sparse_incidence_group_control_honf,0649,prepared_p2_decode,complete,11.670207604765892,11.739854514598846,11.648768424987793,1728.0322265625,0.0,24.7421875,2312.0,8192,8192
1502,/home/wanglz/Desktop/src/ModularDT/HONF_Proj/Trained_Results/ThermalChannel/HONF_Forward_Runs/Run_1502_20260923_004751_sparse_incidence_environment_sparsemax/best_by_field_mse_model.pt,4794,sparse_incidence_group_control_honf,0650,application_evaluator,complete,49.62596949189901,50.116266403347254,49.589439392089844,1732.2119140625,0.0,23.65869140625,2312.0,8192,8192
1502,/home/wanglz/Desktop/src/ModularDT/HONF_Proj/Trained_Results/ThermalChannel/HONF_Forward_Runs/Run_1502_20260923_004751_sparse_incidence_environment_sparsemax/best_by_field_mse_model.pt,4794,sparse_incidence_group_control_honf,0650,full_forward,complete,46.77916783839464,48.41726580634713,46.74252700805664,1731.9072265625,0.0,23.65869140625,2312.0,8192,8192
1502,/home/wanglz/Desktop/src/ModularDT/HONF_Proj/Trained_Results/ThermalChannel/HONF_Forward_Runs/Run_1502_20260923_004751_sparse_incidence_environment_sparsemax/best_by_field_mse_model.pt,4794,sparse_incidence_group_control_honf,0650,preparation_plus_one_query,complete,39.889294654130936,41.21888242661953,39.86227035522461,164.9462890625,0.0,23.65869140625,2312.0,8192,8192
1502,/home/wanglz/Desktop/src/ModularDT/HONF_Proj/Trained_Results/ThermalChannel/HONF_Forward_Runs/Run_1502_20260923_004751_sparse_incidence_environment_sparsemax/best_by_field_mse_model.pt,4794,sparse_incidence_group_control_honf,0650,prepared_p2_decode,complete,12.678739614784718,12.872344814240932,12.636992454528809,1728.0322265625,0.0,24.7421875,2312.0,8192,8192
1502,/home/wanglz/Desktop/src/ModularDT/HONF_Proj/Trained_Results/ThermalChannel/HONF_Forward_Runs/Run_1502_20260923_004751_sparse_incidence_environment_sparsemax/best_by_field_mse_model.pt,4794,sparse_incidence_group_control_honf,0651,application_evaluator,complete,50.4054157063365,52.96049723401666,50.380863189697266,1732.2119140625,0.0,23.65869140625,2312.0,8192,8192
1502,/home/wanglz/Desktop/src/ModularDT/HONF_Proj/Trained_Results/ThermalChannel/HONF_Forward_Runs/Run_1502_20260923_004751_sparse_incidence_environment_sparsemax/best_by_field_mse_model.pt,4794,sparse_incidence_group_control_honf,0651,full_forward,complete,46.438055112957954,46.8305435962975,46.413822174072266,1731.9072265625,0.0,23.65869140625,2312.0,8192,8192
1502,/home/wanglz/Desktop/src/ModularDT/HONF_Proj/Trained_Results/ThermalChannel/HONF_Forward_Runs/Run_1502_20260923_004751_sparse_incidence_environment_sparsemax/best_by_field_mse_model.pt,4794,sparse_incidence_group_control_honf,0651,preparation_plus_one_query,complete,39.501805789768696,39.675547555089,39.47846221923828,164.9462890625,0.0,23.65869140625,2312.0,8192,8192
1502,/home/wanglz/Desktop/src/ModularDT/HONF_Proj/Trained_Results/ThermalChannel/HONF_Forward_Runs/Run_1502_20260923_004751_sparse_incidence_environment_sparsemax/best_by_field_mse_model.pt,4794,sparse_incidence_group_control_honf,0651,prepared_p2_decode,complete,11.653724126517773,11.655232030898333,11.632608413696289,1728.0322265625,0.0,24.7421875,2312.0,8192,8192
1502,/home/wanglz/Desktop/src/ModularDT/HONF_Proj/Trained_Results/ThermalChannel/HONF_Forward_Runs/Run_1502_20260923_004751_sparse_incidence_environment_sparsemax/best_by_field_mse_model.pt,4794,sparse_incidence_group_control_honf,0652,application_evaluator,complete,50.97114387899637,53.53502556681633,50.946720123291016,1732.2119140625,0.0,23.65869140625,2312.0,8192,8192
1502,/home/wanglz/Desktop/src/ModularDT/HONF_Proj/Trained_Results/ThermalChannel/HONF_Forward_Runs/Run_1502_20260923_004751_sparse_incidence_environment_sparsemax/best_by_field_mse_model.pt,4794,sparse_incidence_group_control_honf,0652,full_forward,complete,46.96047957986593,48.43137366697192,46.923519134521484,1731.9072265625,0.0,23.65869140625,2312.0,8192,8192
1502,/home/wanglz/Desktop/src/ModularDT/HONF_Proj/Trained_Results/ThermalChannel/HONF_Forward_Runs/Run_1502_20260923_004751_sparse_incidence_environment_sparsemax/best_by_field_mse_model.pt,4794,sparse_incidence_group_control_honf,0652,preparation_plus_one_query,complete,39.51828833669424,41.264755092561245,39.4967041015625,164.9462890625,0.0,23.65869140625,2312.0,8192,8192
1502,/home/wanglz/Desktop/src/ModularDT/HONF_Proj/Trained_Results/ThermalChannel/HONF_Forward_Runs/Run_1502_20260923_004751_sparse_incidence_environment_sparsemax/best_by_field_mse_model.pt,4794,sparse_incidence_group_control_honf,0652,prepared_p2_decode,complete,12.245154939591885,13.3109868504107,12.220416069030762,1728.0322265625,0.0,24.7421875,2312.0,8192,8192
1502,/home/wanglz/Desktop/src/ModularDT/HONF_Proj/Trained_Results/ThermalChannel/HONF_Forward_Runs/Run_1502_20260923_004751_sparse_incidence_environment_sparsemax/best_by_field_mse_model.pt,4794,sparse_incidence_group_control_honf,0653,application_evaluator,complete,49.142373725771904,49.891901947557926,49.091678619384766,1732.2119140625,0.0,23.65869140625,2312.0,8192,8192
1502,/home/wanglz/Desktop/src/ModularDT/HONF_Proj/Trained_Results/ThermalChannel/HONF_Forward_Runs/Run_1502_20260923_004751_sparse_incidence_environment_sparsemax/best_by_field_mse_model.pt,4794,sparse_incidence_group_control_honf,0653,full_forward,complete,46.48694396018982,47.84997133538127,46.44966506958008,1731.9072265625,0.0,23.65869140625,2312.0,8192,8192
1502,/home/wanglz/Desktop/src/ModularDT/HONF_Proj/Trained_Results/ThermalChannel/HONF_Forward_Runs/Run_1502_20260923_004751_sparse_incidence_environment_sparsemax/best_by_field_mse_model.pt,4794,sparse_incidence_group_control_honf,0653,preparation_plus_one_query,complete,41.315208189189434,41.86132522299886,41.280513763427734,164.9462890625,0.0,23.65869140625,2312.0,8192,8192
1502,/home/wanglz/Desktop/src/ModularDT/HONF_Proj/Trained_Results/ThermalChannel/HONF_Forward_Runs/Run_1502_20260923_004751_sparse_incidence_environment_sparsemax/best_by_field_mse_model.pt,4794,sparse_incidence_group_control_honf,0653,prepared_p2_decode,complete,11.73641812056303,11.781927663832903,11.71343994140625,1728.0322265625,0.0,24.7421875,2312.0,8192,8192
1502,/home/wanglz/Desktop/src/ModularDT/HONF_Proj/Trained_Results/ThermalChannel/HONF_Forward_Runs/Run_1502_20260923_004751_sparse_incidence_environment_sparsemax/best_by_field_mse_model.pt,4794,sparse_incidence_group_control_honf,0654,application_evaluator,complete,75.39691682904959,81.75218310207129,75.3662109375,1732.2119140625,0.0,23.65869140625,2312.0,8192,8192
1502,/home/wanglz/Desktop/src/ModularDT/HONF_Proj/Trained_Results/ThermalChannel/HONF_Forward_Runs/Run_1502_20260923_004751_sparse_incidence_environment_sparsemax/best_by_field_mse_model.pt,4794,sparse_incidence_group_control_honf,0654,full_forward,complete,47.85167519003153,49.551626574248075,47.82592010498047,1731.9072265625,0.0,23.65869140625,2312.0,8192,8192
1502,/home/wanglz/Desktop/src/ModularDT/HONF_Proj/Trained_Results/ThermalChannel/HONF_Forward_Runs/Run_1502_20260923_004751_sparse_incidence_environment_sparsemax/best_by_field_mse_model.pt,4794,sparse_incidence_group_control_honf,0654,preparation_plus_one_query,complete,38.42733986675739,52.69400207325816,38.37664031982422,164.9462890625,0.0,23.65869140625,2312.0,8192,8192
1502,/home/wanglz/Desktop/src/ModularDT/HONF_Proj/Trained_Results/ThermalChannel/HONF_Forward_Runs/Run_1502_20260923_004751_sparse_incidence_environment_sparsemax/best_by_field_mse_model.pt,4794,sparse_incidence_group_control_honf,0654,prepared_p2_decode,complete,11.691438965499401,11.801065038889647,11.668479919433594,1728.0322265625,0.0,24.7421875,2312.0,8192,8192
1502,/home/wanglz/Desktop/src/ModularDT/HONF_Proj/Trained_Results/ThermalChannel/HONF_Forward_Runs/Run_1502_20260923_004751_sparse_incidence_environment_sparsemax/best_by_field_mse_model.pt,4794,sparse_incidence_group_control_honf,0655,application_evaluator,complete,46.41263000667095,47.71682312712073,46.39187240600586,1732.2119140625,0.0,23.65869140625,2312.0,8192,8192
1502,/home/wanglz/Desktop/src/ModularDT/HONF_Proj/Trained_Results/ThermalChannel/HONF_Forward_Runs/Run_1502_20260923_004751_sparse_incidence_environment_sparsemax/best_by_field_mse_model.pt,4794,sparse_incidence_group_control_honf,0655,full_forward,complete,45.007667504251,45.831117406487465,44.98534393310547,1731.9072265625,0.0,23.65869140625,2312.0,8192,8192
1502,/home/wanglz/Desktop/src/ModularDT/HONF_Proj/Trained_Results/ThermalChannel/HONF_Forward_Runs/Run_1502_20260923_004751_sparse_incidence_environment_sparsemax/best_by_field_mse_model.pt,4794,sparse_incidence_group_control_honf,0655,preparation_plus_one_query,complete,37.243920378386974,39.66926010325551,37.21843338012695,164.9462890625,0.0,23.65869140625,2312.0,8192,8192
1502,/home/wanglz/Desktop/src/ModularDT/HONF_Proj/Trained_Results/ThermalChannel/HONF_Forward_Runs/Run_1502_20260923_004751_sparse_incidence_environment_sparsemax/best_by_field_mse_model.pt,4794,sparse_incidence_group_control_honf,0655,prepared_p2_decode,complete,11.639755219221115,11.658611986786127,11.610112190246582,1728.0322265625,0.0,24.7421875,2312.0,8192,8192
1502,/home/wanglz/Desktop/src/ModularDT/HONF_Proj/Trained_Results/ThermalChannel/HONF_Forward_Runs/Run_1502_20260923_004751_sparse_incidence_environment_sparsemax/best_by_field_mse_model.pt,4794,sparse_incidence_group_control_honf,0656,application_evaluator,complete,49.347711727023125,58.363409992307425,49.32502365112305,1732.2119140625,0.0,23.65869140625,2312.0,8192,8192
1502,/home/wanglz/Desktop/src/ModularDT/HONF_Proj/Trained_Results/ThermalChannel/HONF_Forward_Runs/Run_1502_20260923_004751_sparse_incidence_environment_sparsemax/best_by_field_mse_model.pt,4794,sparse_incidence_group_control_honf,0656,full_forward,complete,61.495923437178135,71.30816653370857,61.46547317504883,1731.9072265625,0.0,23.65869140625,2312.0,8192,8192
1502,/home/wanglz/Desktop/src/ModularDT/HONF_Proj/Trained_Results/ThermalChannel/HONF_Forward_Runs/Run_1502_20260923_004751_sparse_incidence_environment_sparsemax/best_by_field_mse_model.pt,4794,sparse_incidence_group_control_honf,0656,preparation_plus_one_query,complete,40.652258321642876,53.78495045006275,40.62617492675781,164.9462890625,0.0,23.65869140625,2312.0,8192,8192
1502,/home/wanglz/Desktop/src/ModularDT/HONF_Proj/Trained_Results/ThermalChannel/HONF_Forward_Runs/Run_1502_20260923_004751_sparse_incidence_environment_sparsemax/best_by_field_mse_model.pt,4794,sparse_incidence_group_control_honf,0656,prepared_p2_decode,complete,11.664340272545815,11.712615005671978,11.644927978515625,1728.0322265625,0.0,24.7421875,2312.0,8192,8192
1502,/home/wanglz/Desktop/src/ModularDT/HONF_Proj/Trained_Results/ThermalChannel/HONF_Forward_Runs/Run_1502_20260923_004751_sparse_incidence_environment_sparsemax/best_by_field_mse_model.pt,4794,sparse_incidence_group_control_honf,0657,application_evaluator,complete,47.44518827646971,48.9409732632339,47.4194221496582,1732.2119140625,0.0,23.65869140625,2312.0,8192,8192
1502,/home/wanglz/Desktop/src/ModularDT/HONF_Proj/Trained_Results/ThermalChannel/HONF_Forward_Runs/Run_1502_20260923_004751_sparse_incidence_environment_sparsemax/best_by_field_mse_model.pt,4794,sparse_incidence_group_control_honf,0657,full_forward,complete,44.898432679474354,45.17274806275964,44.87372970581055,1731.9072265625,0.0,23.65869140625,2312.0,8192,8192
1502,/home/wanglz/Desktop/src/ModularDT/HONF_Proj/Trained_Results/ThermalChannel/HONF_Forward_Runs/Run_1502_20260923_004751_sparse_incidence_environment_sparsemax/best_by_field_mse_model.pt,4794,sparse_incidence_group_control_honf,0657,preparation_plus_one_query,complete,36.328976042568684,38.205182924866676,36.3059196472168,164.9462890625,0.0,23.65869140625,2312.0,8192,8192
1502,/home/wanglz/Desktop/src/ModularDT/HONF_Proj/Trained_Results/ThermalChannel/HONF_Forward_Runs/Run_1502_20260923_004751_sparse_incidence_environment_sparsemax/best_by_field_mse_model.pt,4794,sparse_incidence_group_control_honf,0657,prepared_p2_decode,complete,12.263312935829163,12.469741608947515,12.222175598144531,1728.0322265625,0.0,24.7421875,2312.0,8192,8192
1502,/home/wanglz/Desktop/src/ModularDT/HONF_Proj/Trained_Results/ThermalChannel/HONF_Forward_Runs/Run_1502_20260923_004751_sparse_incidence_environment_sparsemax/best_by_field_mse_model.pt,4794,sparse_incidence_group_control_honf,0658,application_evaluator,complete,49.64328743517399,57.00655551627278,49.62073516845703,1732.2119140625,0.0,23.65869140625,2312.0,8192,8192
1502,/home/wanglz/Desktop/src/ModularDT/HONF_Proj/Trained_Results/ThermalChannel/HONF_Forward_Runs/Run_1502_20260923_004751_sparse_incidence_environment_sparsemax/best_by_field_mse_model.pt,4794,sparse_incidence_group_control_honf,0658,full_forward,complete,46.43944837152958,46.99411327019334,46.40447998046875,1731.9072265625,0.0,23.65869140625,2312.0,8192,8192
1502,/home/wanglz/Desktop/src/ModularDT/HONF_Proj/Trained_Results/ThermalChannel/HONF_Forward_Runs/Run_1502_20260923_004751_sparse_incidence_environment_sparsemax/best_by_field_mse_model.pt,4794,sparse_incidence_group_control_honf,0658,preparation_plus_one_query,complete,37.74706833064556,44.19209556654096,37.68928146362305,164.9462890625,0.0,23.65869140625,2312.0,8192,8192
1502,/home/wanglz/Desktop/src/ModularDT/HONF_Proj/Trained_Results/ThermalChannel/HONF_Forward_Runs/Run_1502_20260923_004751_sparse_incidence_environment_sparsemax/best_by_field_mse_model.pt,4794,sparse_incidence_group_control_honf,0658,prepared_p2_decode,complete,11.652326211333275,11.687526851892471,11.629568099975586,1728.0322265625,0.0,24.7421875,2312.0,8192,8192
1502,/home/wanglz/Desktop/src/ModularDT/HONF_Proj/Trained_Results/ThermalChannel/HONF_Forward_Runs/Run_1502_20260923_004751_sparse_incidence_environment_sparsemax/best_by_field_mse_model.pt,4794,sparse_incidence_group_control_honf,0659,application_evaluator,complete,61.68338004499674,68.35143128409982,61.656734466552734,1732.2119140625,0.0,23.65869140625,2312.0,8192,8192
1502,/home/wanglz/Desktop/src/ModularDT/HONF_Proj/Trained_Results/ThermalChannel/HONF_Forward_Runs/Run_1502_20260923_004751_sparse_incidence_environment_sparsemax/best_by_field_mse_model.pt,4794,sparse_incidence_group_control_honf,0659,full_forward,complete,46.00139334797859,46.2935596704483,45.962974548339844,1731.9072265625,0.0,23.65869140625,2312.0,8192,8192
1502,/home/wanglz/Desktop/src/ModularDT/HONF_Proj/Trained_Results/ThermalChannel/HONF_Forward_Runs/Run_1502_20260923_004751_sparse_incidence_environment_sparsemax/best_by_field_mse_model.pt,4794,sparse_incidence_group_control_honf,0659,preparation_plus_one_query,complete,50.053405575454235,69.68065612018108,50.03059387207031,164.9462890625,0.0,23.65869140625,2312.0,8192,8192
1502,/home/wanglz/Desktop/src/ModularDT/HONF_Proj/Trained_Results/ThermalChannel/HONF_Forward_Runs/Run_1502_20260923_004751_sparse_incidence_environment_sparsemax/best_by_field_mse_model.pt,4794,sparse_incidence_group_control_honf,0659,prepared_p2_decode,complete,11.666294187307358,11.677357461303473,11.644927978515625,1728.0322265625,0.0,24.7421875,2312.0,8192,8192
1502,/home/wanglz/Desktop/src/ModularDT/HONF_Proj/Trained_Results/ThermalChannel/HONF_Forward_Runs/Run_1502_20260923_004751_sparse_incidence_environment_sparsemax/best_by_field_mse_model.pt,4794,sparse_incidence_group_control_honf,0660,application_evaluator,complete,48.448131419718266,49.10638742148876,48.422977447509766,1732.2119140625,0.0,23.65869140625,2312.0,8192,8192
1502,/home/wanglz/Desktop/src/ModularDT/HONF_Proj/Trained_Results/ThermalChannel/HONF_Forward_Runs/Run_1502_20260923_004751_sparse_incidence_environment_sparsemax/best_by_field_mse_model.pt,4794,sparse_incidence_group_control_honf,0660,full_forward,complete,48.52747358381748,50.096929632127285,48.49750518798828,1731.9072265625,0.0,23.65869140625,2312.0,8192,8192
1502,/home/wanglz/Desktop/src/ModularDT/HONF_Proj/Trained_Results/ThermalChannel/HONF_Forward_Runs/Run_1502_20260923_004751_sparse_incidence_environment_sparsemax/best_by_field_mse_model.pt,4794,sparse_incidence_group_control_honf,0660,preparation_plus_one_query,complete,39.59511313587427,42.666639760136604,39.56940841674805,164.9462890625,0.0,23.65869140625,2312.0,8192,8192
1502,/home/wanglz/Desktop/src/ModularDT/HONF_Proj/Trained_Results/ThermalChannel/HONF_Forward_Runs/Run_1502_20260923_004751_sparse_incidence_environment_sparsemax/best_by_field_mse_model.pt,4794,sparse_incidence_group_control_honf,0660,prepared_p2_decode,complete,11.677749454975128,11.747144907712936,11.60489559173584,1728.0322265625,0.0,24.7421875,2312.0,8192,8192
1502,/home/wanglz/Desktop/src/ModularDT/HONF_Proj/Trained_Results/ThermalChannel/HONF_Forward_Runs/Run_1502_20260923_004751_sparse_incidence_environment_sparsemax/best_by_field_mse_model.pt,4794,sparse_incidence_group_control_honf,0661,application_evaluator,complete,50.86637567728758,51.879154331982136,50.84463882446289,1732.2119140625,0.0,23.65869140625,2312.0,8192,8192
1502,/home/wanglz/Desktop/src/ModularDT/HONF_Proj/Trained_Results/ThermalChannel/HONF_Forward_Runs/Run_1502_20260923_004751_sparse_incidence_environment_sparsemax/best_by_field_mse_model.pt,4794,sparse_incidence_group_control_honf,0661,full_forward,complete,62.89166398346424,69.75382249802351,62.68211364746094,1731.9072265625,0.0,23.65869140625,2312.0,8192,8192
1502,/home/wanglz/Desktop/src/ModularDT/HONF_Proj/Trained_Results/ThermalChannel/HONF_Forward_Runs/Run_1502_20260923_004751_sparse_incidence_environment_sparsemax/best_by_field_mse_model.pt,4794,sparse_incidence_group_control_honf,0661,preparation_plus_one_query,complete,37.942906841635704,38.71229765936732,37.91843032836914,164.9462890625,0.0,23.65869140625,2312.0,8192,8192
1502,/home/wanglz/Desktop/src/ModularDT/HONF_Proj/Trained_Results/ThermalChannel/HONF_Forward_Runs/Run_1502_20260923_004751_sparse_incidence_environment_sparsemax/best_by_field_mse_model.pt,4794,sparse_incidence_group_control_honf,0661,prepared_p2_decode,complete,11.609862558543682,11.688309628516436,11.57759952545166,1728.0322265625,0.0,24.7421875,2312.0,8192,8192
1502,/home/wanglz/Desktop/src/ModularDT/HONF_Proj/Trained_Results/ThermalChannel/HONF_Forward_Runs/Run_1502_20260923_004751_sparse_incidence_environment_sparsemax/best_by_field_mse_model.pt,4794,sparse_incidence_group_control_honf,0662,application_evaluator,complete,48.045835457742214,48.242457304149866,48.02297592163086,1732.2119140625,0.0,23.65869140625,2312.0,8192,8192
1502,/home/wanglz/Desktop/src/ModularDT/HONF_Proj/Trained_Results/ThermalChannel/HONF_Forward_Runs/Run_1502_20260923_004751_sparse_incidence_environment_sparsemax/best_by_field_mse_model.pt,4794,sparse_incidence_group_control_honf,0662,full_forward,complete,48.31068031489849,49.39486691728234,48.10956954956055,1731.9072265625,0.0,23.65869140625,2312.0,8192,8192
1502,/home/wanglz/Desktop/src/ModularDT/HONF_Proj/Trained_Results/ThermalChannel/HONF_Forward_Runs/Run_1502_20260923_004751_sparse_incidence_environment_sparsemax/best_by_field_mse_model.pt,4794,sparse_incidence_group_control_honf,0662,preparation_plus_one_query,complete,39.00060895830393,41.0834951326251,38.978240966796875,164.9462890625,0.0,23.65869140625,2312.0,8192,8192
1502,/home/wanglz/Desktop/src/ModularDT/HONF_Proj/Trained_Results/ThermalChannel/HONF_Forward_Runs/Run_1502_20260923_004751_sparse_incidence_environment_sparsemax/best_by_field_mse_model.pt,4794,sparse_incidence_group_control_honf,0662,prepared_p2_decode,complete,12.634040787816048,12.650633603334427,12.580863952636719,1728.0322265625,0.0,24.7421875,2312.0,8192,8192
1502,/home/wanglz/Desktop/src/ModularDT/HONF_Proj/Trained_Results/ThermalChannel/HONF_Forward_Runs/Run_1502_20260923_004751_sparse_incidence_environment_sparsemax/best_by_field_mse_model.pt,4794,sparse_incidence_group_control_honf,0663,application_evaluator,complete,46.805983409285545,48.56602633371949,46.784576416015625,1732.2119140625,0.0,23.65869140625,2312.0,8192,8192
1502,/home/wanglz/Desktop/src/ModularDT/HONF_Proj/Trained_Results/ThermalChannel/HONF_Forward_Runs/Run_1502_20260923_004751_sparse_incidence_environment_sparsemax/best_by_field_mse_model.pt,4794,sparse_incidence_group_control_honf,0663,full_forward,complete,46.78111802786589,46.98176318779588,46.74457550048828,1731.9072265625,0.0,23.65869140625,2312.0,8192,8192
1502,/home/wanglz/Desktop/src/ModularDT/HONF_Proj/Trained_Results/ThermalChannel/HONF_Forward_Runs/Run_1502_20260923_004751_sparse_incidence_environment_sparsemax/best_by_field_mse_model.pt,4794,sparse_incidence_group_control_honf,0663,preparation_plus_one_query,complete,40.362266823649406,40.71628740057349,40.33638381958008,164.9462890625,0.0,23.65869140625,2312.0,8192,8192
1502,/home/wanglz/Desktop/src/ModularDT/HONF_Proj/Trained_Results/ThermalChannel/HONF_Forward_Runs/Run_1502_20260923_004751_sparse_incidence_environment_sparsemax/best_by_field_mse_model.pt,4794,sparse_incidence_group_control_honf,0663,prepared_p2_decode,complete,11.6841746494174,11.718620918691158,11.658143997192383,1728.0322265625,0.0,24.7421875,2312.0,8192,8192
1502,/home/wanglz/Desktop/src/ModularDT/HONF_Proj/Trained_Results/ThermalChannel/HONF_Forward_Runs/Run_1502_20260923_004751_sparse_incidence_environment_sparsemax/best_by_field_mse_model.pt,4794,sparse_incidence_group_control_honf,0664,application_evaluator,complete,64.89615514874458,66.39747302979231,64.8703384399414,1732.2119140625,0.0,23.65869140625,2312.0,8192,8192
1502,/home/wanglz/Desktop/src/ModularDT/HONF_Proj/Trained_Results/ThermalChannel/HONF_Forward_Runs/Run_1502_20260923_004751_sparse_incidence_environment_sparsemax/best_by_field_mse_model.pt,4794,sparse_incidence_group_control_honf,0664,full_forward,complete,46.71881813555956,46.747984644025564,46.68297576904297,1731.9072265625,0.0,23.65869140625,2312.0,8192,8192
1502,/home/wanglz/Desktop/src/ModularDT/HONF_Proj/Trained_Results/ThermalChannel/HONF_Forward_Runs/Run_1502_20260923_004751_sparse_incidence_environment_sparsemax/best_by_field_mse_model.pt,4794,sparse_incidence_group_control_honf,0664,preparation_plus_one_query,complete,38.362243212759495,43.9234783872962,38.338592529296875,164.9462890625,0.0,23.65869140625,2312.0,8192,8192
1502,/home/wanglz/Desktop/src/ModularDT/HONF_Proj/Trained_Results/ThermalChannel/HONF_Forward_Runs/Run_1502_20260923_004751_sparse_incidence_environment_sparsemax/best_by_field_mse_model.pt,4794,sparse_incidence_group_control_honf,0664,prepared_p2_decode,complete,11.67216058820486,11.73979751765728,11.65078353881836,1728.0322265625,0.0,24.7421875,2312.0,8192,8192
1502,/home/wanglz/Desktop/src/ModularDT/HONF_Proj/Trained_Results/ThermalChannel/HONF_Forward_Runs/Run_1502_20260923_004751_sparse_incidence_environment_sparsemax/best_by_field_mse_model.pt,4794,sparse_incidence_group_control_honf,0665,application_evaluator,complete,50.10284949094057,50.78574661165476,50.07993698120117,1732.2119140625,0.0,23.65869140625,2312.0,8192,8192
1502,/home/wanglz/Desktop/src/ModularDT/HONF_Proj/Trained_Results/ThermalChannel/HONF_Forward_Runs/Run_1502_20260923_004751_sparse_incidence_environment_sparsemax/best_by_field_mse_model.pt,4794,sparse_incidence_group_control_honf,0665,full_forward,complete,48.0374526232481,49.68208847567439,47.998878479003906,1731.9072265625,0.0,23.65869140625,2312.0,8192,8192
1502,/home/wanglz/Desktop/src/ModularDT/HONF_Proj/Trained_Results/ThermalChannel/HONF_Forward_Runs/Run_1502_20260923_004751_sparse_incidence_environment_sparsemax/best_by_field_mse_model.pt,4794,sparse_incidence_group_control_honf,0665,preparation_plus_one_query,complete,35.8216343447566,37.28347597643733,35.799041748046875,164.9462890625,0.0,23.65869140625,2312.0,8192,8192
1502,/home/wanglz/Desktop/src/ModularDT/HONF_Proj/Trained_Results/ThermalChannel/HONF_Forward_Runs/Run_1502_20260923_004751_sparse_incidence_environment_sparsemax/best_by_field_mse_model.pt,4794,sparse_incidence_group_control_honf,0665,prepared_p2_decode,complete,11.701215989887714,11.810086853802204,11.671551704406738,1728.0322265625,0.0,24.7421875,2312.0,8192,8192
1502,/home/wanglz/Desktop/src/ModularDT/HONF_Proj/Trained_Results/ThermalChannel/HONF_Forward_Runs/Run_1502_20260923_004751_sparse_incidence_environment_sparsemax/best_by_field_mse_model.pt,4794,sparse_incidence_group_control_honf,0666,application_evaluator,complete,46.89705651253462,47.14195476844907,46.87587356567383,1732.2119140625,0.0,23.65869140625,2312.0,8192,8192
1502,/home/wanglz/Desktop/src/ModularDT/HONF_Proj/Trained_Results/ThermalChannel/HONF_Forward_Runs/Run_1502_20260923_004751_sparse_incidence_environment_sparsemax/best_by_field_mse_model.pt,4794,sparse_incidence_group_control_honf,0666,full_forward,complete,46.67523503303528,48.18987846374512,46.62358474731445,1731.9072265625,0.0,23.65869140625,2312.0,8192,8192
1502,/home/wanglz/Desktop/src/ModularDT/HONF_Proj/Trained_Results/ThermalChannel/HONF_Forward_Runs/Run_1502_20260923_004751_sparse_incidence_environment_sparsemax/best_by_field_mse_model.pt,4794,sparse_incidence_group_control_honf,0666,preparation_plus_one_query,complete,37.41740621626377,37.55846191197634,37.39225769042969,164.9462890625,0.0,23.65869140625,2312.0,8192,8192
1502,/home/wanglz/Desktop/src/ModularDT/HONF_Proj/Trained_Results/ThermalChannel/HONF_Forward_Runs/Run_1502_20260923_004751_sparse_incidence_environment_sparsemax/best_by_field_mse_model.pt,4794,sparse_incidence_group_control_honf,0666,prepared_p2_decode,complete,11.764075607061386,12.060515861958265,11.741439819335938,1728.0322265625,0.0,24.7421875,2312.0,8192,8192
1502,/home/wanglz/Desktop/src/ModularDT/HONF_Proj/Trained_Results/ThermalChannel/HONF_Forward_Runs/Run_1502_20260923_004751_sparse_incidence_environment_sparsemax/best_by_field_mse_model.pt,4794,sparse_incidence_group_control_honf,0667,application_evaluator,complete,50.79876445233822,58.27140714973211,50.77382278442383,1732.2119140625,0.0,23.65869140625,2312.0,8192,8192
1502,/home/wanglz/Desktop/src/ModularDT/HONF_Proj/Trained_Results/ThermalChannel/HONF_Forward_Runs/Run_1502_20260923_004751_sparse_incidence_environment_sparsemax/best_by_field_mse_model.pt,4794,sparse_incidence_group_control_honf,0667,full_forward,complete,47.14234545826912,48.64114709198475,47.121246337890625,1731.9072265625,0.0,23.65869140625,2312.0,8192,8192
1502,/home/wanglz/Desktop/src/ModularDT/HONF_Proj/Trained_Results/ThermalChannel/HONF_Forward_Runs/Run_1502_20260923_004751_sparse_incidence_environment_sparsemax/best_by_field_mse_model.pt,4794,sparse_incidence_group_control_honf,0667,preparation_plus_one_query,complete,44.355608522892,44.95276715606451,44.32998275756836,164.9462890625,0.0,23.65869140625,2312.0,8192,8192
1502,/home/wanglz/Desktop/src/ModularDT/HONF_Proj/Trained_Results/ThermalChannel/HONF_Forward_Runs/Run_1502_20260923_004751_sparse_incidence_environment_sparsemax/best_by_field_mse_model.pt,4794,sparse_incidence_group_control_honf,0667,prepared_p2_decode,complete,11.616567149758339,11.712112464010715,11.593024253845215,1728.0322265625,0.0,24.7421875,2312.0,8192,8192
1502,/home/wanglz/Desktop/src/ModularDT/HONF_Proj/Trained_Results/ThermalChannel/HONF_Forward_Runs/Run_1502_20260923_004751_sparse_incidence_environment_sparsemax/best_by_field_mse_model.pt,4794,sparse_incidence_group_control_honf,0668,application_evaluator,complete,47.593530267477036,48.19999113678932,47.57241439819336,1732.2119140625,0.0,23.65869140625,2312.0,8192,8192
1502,/home/wanglz/Desktop/src/ModularDT/HONF_Proj/Trained_Results/ThermalChannel/HONF_Forward_Runs/Run_1502_20260923_004751_sparse_incidence_environment_sparsemax/best_by_field_mse_model.pt,4794,sparse_incidence_group_control_honf,0668,full_forward,complete,46.924155205488205,51.61316283047199,46.880767822265625,1731.9072265625,0.0,23.65869140625,2312.0,8192,8192
1502,/home/wanglz/Desktop/src/ModularDT/HONF_Proj/Trained_Results/ThermalChannel/HONF_Forward_Runs/Run_1502_20260923_004751_sparse_incidence_environment_sparsemax/best_by_field_mse_model.pt,4794,sparse_incidence_group_control_honf,0668,preparation_plus_one_query,complete,38.9505997300148,40.79990154132247,38.926334381103516,164.9462890625,0.0,23.65869140625,2312.0,8192,8192
1502,/home/wanglz/Desktop/src/ModularDT/HONF_Proj/Trained_Results/ThermalChannel/HONF_Forward_Runs/Run_1502_20260923_004751_sparse_incidence_environment_sparsemax/best_by_field_mse_model.pt,4794,sparse_incidence_group_control_honf,0668,prepared_p2_decode,complete,11.658472009003162,11.755777522921562,11.637760162353516,1728.0322265625,0.0,24.7421875,2312.0,8192,8192
1502,/home/wanglz/Desktop/src/ModularDT/HONF_Proj/Trained_Results/ThermalChannel/HONF_Forward_Runs/Run_1502_20260923_004751_sparse_incidence_environment_sparsemax/best_by_field_mse_model.pt,4794,sparse_incidence_group_control_honf,0669,application_evaluator,complete,49.38570037484169,53.493391163647175,49.36403274536133,1732.2119140625,0.0,23.65869140625,2312.0,8192,8192
1502,/home/wanglz/Desktop/src/ModularDT/HONF_Proj/Trained_Results/ThermalChannel/HONF_Forward_Runs/Run_1502_20260923_004751_sparse_incidence_environment_sparsemax/best_by_field_mse_model.pt,4794,sparse_incidence_group_control_honf,0669,full_forward,complete,48.54898247867823,52.36576171591878,48.52547073364258,1731.9072265625,0.0,23.65869140625,2312.0,8192,8192
1502,/home/wanglz/Desktop/src/ModularDT/HONF_Proj/Trained_Results/ThermalChannel/HONF_Forward_Runs/Run_1502_20260923_004751_sparse_incidence_environment_sparsemax/best_by_field_mse_model.pt,4794,sparse_incidence_group_control_honf,0669,preparation_plus_one_query,complete,38.337377831339836,39.21412993222475,38.3109130859375,164.9462890625,0.0,23.65869140625,2312.0,8192,8192
1502,/home/wanglz/Desktop/src/ModularDT/HONF_Proj/Trained_Results/ThermalChannel/HONF_Forward_Runs/Run_1502_20260923_004751_sparse_incidence_environment_sparsemax/best_by_field_mse_model.pt,4794,sparse_incidence_group_control_honf,0669,prepared_p2_decode,complete,11.710155755281448,11.815255600959063,11.666720390319824,1728.0322265625,0.0,24.7421875,2312.0,8192,8192
1502,/home/wanglz/Desktop/src/ModularDT/HONF_Proj/Trained_Results/ThermalChannel/HONF_Forward_Runs/Run_1502_20260923_004751_sparse_incidence_environment_sparsemax/best_by_field_mse_model.pt,4794,sparse_incidence_group_control_honf,0670,application_evaluator,complete,50.23219808936119,51.76217705011368,50.20969772338867,1732.2119140625,0.0,23.65869140625,2312.0,8192,8192
1502,/home/wanglz/Desktop/src/ModularDT/HONF_Proj/Trained_Results/ThermalChannel/HONF_Forward_Runs/Run_1502_20260923_004751_sparse_incidence_environment_sparsemax/best_by_field_mse_model.pt,4794,sparse_incidence_group_control_honf,0670,full_forward,complete,48.586977645754814,48.77228392288089,48.561153411865234,1731.9072265625,0.0,23.65869140625,2312.0,8192,8192
1502,/home/wanglz/Desktop/src/ModularDT/HONF_Proj/Trained_Results/ThermalChannel/HONF_Forward_Runs/Run_1502_20260923_004751_sparse_incidence_environment_sparsemax/best_by_field_mse_model.pt,4794,sparse_incidence_group_control_honf,0670,preparation_plus_one_query,complete,38.60361874103546,41.99773548170924,38.5813102722168,164.9462890625,0.0,23.65869140625,2312.0,8192,8192
1502,/home/wanglz/Desktop/src/ModularDT/HONF_Proj/Trained_Results/ThermalChannel/HONF_Forward_Runs/Run_1502_20260923_004751_sparse_incidence_environment_sparsemax/best_by_field_mse_model.pt,4794,sparse_incidence_group_control_honf,0670,prepared_p2_decode,complete,11.751502752304077,11.76030207425356,11.713664054870605,1728.0322265625,0.0,24.7421875,2312.0,8192,8192
1502,/home/wanglz/Desktop/src/ModularDT/HONF_Proj/Trained_Results/ThermalChannel/HONF_Forward_Runs/Run_1502_20260923_004751_sparse_incidence_environment_sparsemax/best_by_field_mse_model.pt,4794,sparse_incidence_group_control_honf,0671,application_evaluator,complete,49.66283775866032,52.91514527052641,49.63065719604492,1732.2119140625,0.0,23.65869140625,2312.0,8192,8192
1502,/home/wanglz/Desktop/src/ModularDT/HONF_Proj/Trained_Results/ThermalChannel/HONF_Forward_Runs/Run_1502_20260923_004751_sparse_incidence_environment_sparsemax/best_by_field_mse_model.pt,4794,sparse_incidence_group_control_honf,0671,full_forward,complete,47.04875312745571,49.07908895984292,47.027198791503906,1731.9072265625,0.0,23.65869140625,2312.0,8192,8192
1502,/home/wanglz/Desktop/src/ModularDT/HONF_Proj/Trained_Results/ThermalChannel/HONF_Forward_Runs/Run_1502_20260923_004751_sparse_incidence_environment_sparsemax/best_by_field_mse_model.pt,4794,sparse_incidence_group_control_honf,0671,preparation_plus_one_query,complete,38.17059192806482,40.26831155642867,38.148094177246094,164.9462890625,0.0,23.65869140625,2312.0,8192,8192
1502,/home/wanglz/Desktop/src/ModularDT/HONF_Proj/Trained_Results/ThermalChannel/HONF_Forward_Runs/Run_1502_20260923_004751_sparse_incidence_environment_sparsemax/best_by_field_mse_model.pt,4794,sparse_incidence_group_control_honf,0671,prepared_p2_decode,complete,11.62382960319519,11.705294158309698,11.598848342895508,1728.0322265625,0.0,24.7421875,2312.0,8192,8192
1502,/home/wanglz/Desktop/src/ModularDT/HONF_Proj/Trained_Results/ThermalChannel/HONF_Forward_Runs/Run_1502_20260923_004751_sparse_incidence_environment_sparsemax/best_by_field_mse_model.pt,4794,sparse_incidence_group_control_honf,0672,application_evaluator,complete,49.361114390194416,49.86373269930482,49.32921600341797,1732.2119140625,0.0,23.65869140625,2312.0,8192,8192
1502,/home/wanglz/Desktop/src/ModularDT/HONF_Proj/Trained_Results/ThermalChannel/HONF_Forward_Runs/Run_1502_20260923_004751_sparse_incidence_environment_sparsemax/best_by_field_mse_model.pt,4794,sparse_incidence_group_control_honf,0672,full_forward,complete,46.56795412302017,47.69086176529527,46.54489517211914,1731.9072265625,0.0,23.65869140625,2312.0,8192,8192
1502,/home/wanglz/Desktop/src/ModularDT/HONF_Proj/Trained_Results/ThermalChannel/HONF_Forward_Runs/Run_1502_20260923_004751_sparse_incidence_environment_sparsemax/best_by_field_mse_model.pt,4794,sparse_incidence_group_control_honf,0672,preparation_plus_one_query,complete,40.41227139532566,41.24678373336792,40.39155197143555,164.9462890625,0.0,23.65869140625,2312.0,8192,8192
1502,/home/wanglz/Desktop/src/ModularDT/HONF_Proj/Trained_Results/ThermalChannel/HONF_Forward_Runs/Run_1502_20260923_004751_sparse_incidence_environment_sparsemax/best_by_field_mse_model.pt,4794,sparse_incidence_group_control_honf,0672,prepared_p2_decode,complete,11.72580011188984,11.74189168959856,11.696127891540527,1728.0322265625,0.0,24.7421875,2312.0,8192,8192
1502,/home/wanglz/Desktop/src/ModularDT/HONF_Proj/Trained_Results/ThermalChannel/HONF_Forward_Runs/Run_1502_20260923_004751_sparse_incidence_environment_sparsemax/best_by_field_mse_model.pt,4794,sparse_incidence_group_control_honf,0673,application_evaluator,complete,47.67762031406164,49.723292514681816,47.64214324951172,1732.2119140625,0.0,23.65869140625,2312.0,8192,8192
1502,/home/wanglz/Desktop/src/ModularDT/HONF_Proj/Trained_Results/ThermalChannel/HONF_Forward_Runs/Run_1502_20260923_004751_sparse_incidence_environment_sparsemax/best_by_field_mse_model.pt,4794,sparse_incidence_group_control_honf,0673,full_forward,complete,46.1282217875123,48.31042429432273,46.091041564941406,1731.9072265625,0.0,23.65869140625,2312.0,8192,8192
1502,/home/wanglz/Desktop/src/ModularDT/HONF_Proj/Trained_Results/ThermalChannel/HONF_Forward_Runs/Run_1502_20260923_004751_sparse_incidence_environment_sparsemax/best_by_field_mse_model.pt,4794,sparse_incidence_group_control_honf,0673,preparation_plus_one_query,complete,40.70589225739241,41.803907323628664,40.68163299560547,164.9462890625,0.0,23.65869140625,2312.0,8192,8192
1502,/home/wanglz/Desktop/src/ModularDT/HONF_Proj/Trained_Results/ThermalChannel/HONF_Forward_Runs/Run_1502_20260923_004751_sparse_incidence_environment_sparsemax/best_by_field_mse_model.pt,4794,sparse_incidence_group_control_honf,0673,prepared_p2_decode,complete,11.679144576191902,11.727672442793846,11.654144287109375,1728.0322265625,0.0,24.7421875,2312.0,8192,8192
1502,/home/wanglz/Desktop/src/ModularDT/HONF_Proj/Trained_Results/ThermalChannel/HONF_Forward_Runs/Run_1502_20260923_004751_sparse_incidence_environment_sparsemax/best_by_field_mse_model.pt,4794,sparse_incidence_group_control_honf,0674,application_evaluator,complete,48.256197944283485,52.32215104624629,48.23107147216797,1732.2119140625,0.0,23.65869140625,2312.0,8192,8192
1502,/home/wanglz/Desktop/src/ModularDT/HONF_Proj/Trained_Results/ThermalChannel/HONF_Forward_Runs/Run_1502_20260923_004751_sparse_incidence_environment_sparsemax/best_by_field_mse_model.pt,4794,sparse_incidence_group_control_honf,0674,full_forward,complete,46.574938111007214,47.95430852100253,46.53984069824219,1731.9072265625,0.0,23.65869140625,2312.0,8192,8192
1502,/home/wanglz/Desktop/src/ModularDT/HONF_Proj/Trained_Results/ThermalChannel/HONF_Forward_Runs/Run_1502_20260923_004751_sparse_incidence_environment_sparsemax/best_by_field_mse_model.pt,4794,sparse_incidence_group_control_honf,0674,preparation_plus_one_query,complete,37.23134286701679,37.505908869206905,37.20512008666992,164.9462890625,0.0,23.65869140625,2312.0,8192,8192
1502,/home/wanglz/Desktop/src/ModularDT/HONF_Proj/Trained_Results/ThermalChannel/HONF_Forward_Runs/Run_1502_20260923_004751_sparse_incidence_environment_sparsemax/best_by_field_mse_model.pt,4794,sparse_incidence_group_control_honf,0674,prepared_p2_decode,complete,11.717419140040874,11.869285814464092,11.695967674255371,1728.0322265625,0.0,24.7421875,2312.0,8192,8192
1502,/home/wanglz/Desktop/src/ModularDT/HONF_Proj/Trained_Results/ThermalChannel/HONF_Forward_Runs/Run_1502_20260923_004751_sparse_incidence_environment_sparsemax/best_by_field_mse_model.pt,4794,sparse_incidence_group_control_honf,0675,application_evaluator,complete,49.744971096515656,49.95869034901261,49.66787338256836,1732.2119140625,0.0,23.65869140625,2312.0,8192,8192
1502,/home/wanglz/Desktop/src/ModularDT/HONF_Proj/Trained_Results/ThermalChannel/HONF_Forward_Runs/Run_1502_20260923_004751_sparse_incidence_environment_sparsemax/best_by_field_mse_model.pt,4794,sparse_incidence_group_control_honf,0675,full_forward,complete,45.30547186732292,46.066061686724424,45.281280517578125,1731.9072265625,0.0,23.65869140625,2312.0,8192,8192
1502,/home/wanglz/Desktop/src/ModularDT/HONF_Proj/Trained_Results/ThermalChannel/HONF_Forward_Runs/Run_1502_20260923_004751_sparse_incidence_environment_sparsemax/best_by_field_mse_model.pt,4794,sparse_incidence_group_control_honf,0675,preparation_plus_one_query,complete,39.00926560163498,42.23190452903509,38.98579025268555,164.9462890625,0.0,23.65869140625,2312.0,8192,8192
1502,/home/wanglz/Desktop/src/ModularDT/HONF_Proj/Trained_Results/ThermalChannel/HONF_Forward_Runs/Run_1502_20260923_004751_sparse_incidence_environment_sparsemax/best_by_field_mse_model.pt,4794,sparse_incidence_group_control_honf,0675,prepared_p2_decode,complete,11.985057033598423,11.99662322178483,11.96236801147461,1728.0322265625,0.0,24.7421875,2312.0,8192,8192
1502,/home/wanglz/Desktop/src/ModularDT/HONF_Proj/Trained_Results/ThermalChannel/HONF_Forward_Runs/Run_1502_20260923_004751_sparse_incidence_environment_sparsemax/best_by_field_mse_model.pt,4794,sparse_incidence_group_control_honf,0676,application_evaluator,complete,48.0771204456687,49.31166581809521,48.054622650146484,1732.2119140625,0.0,23.65869140625,2312.0,8192,8192
1502,/home/wanglz/Desktop/src/ModularDT/HONF_Proj/Trained_Results/ThermalChannel/HONF_Forward_Runs/Run_1502_20260923_004751_sparse_incidence_environment_sparsemax/best_by_field_mse_model.pt,4794,sparse_incidence_group_control_honf,0676,full_forward,complete,46.45424894988537,46.8293902464211,46.41795349121094,1731.9072265625,0.0,23.65869140625,2312.0,8192,8192
1502,/home/wanglz/Desktop/src/ModularDT/HONF_Proj/Trained_Results/ThermalChannel/HONF_Forward_Runs/Run_1502_20260923_004751_sparse_incidence_environment_sparsemax/best_by_field_mse_model.pt,4794,sparse_incidence_group_control_honf,0676,preparation_plus_one_query,complete,36.21442802250385,37.38435311242938,36.19142532348633,164.9462890625,0.0,23.65869140625,2312.0,8192,8192
1502,/home/wanglz/Desktop/src/ModularDT/HONF_Proj/Trained_Results/ThermalChannel/HONF_Forward_Runs/Run_1502_20260923_004751_sparse_incidence_environment_sparsemax/best_by_field_mse_model.pt,4794,sparse_incidence_group_control_honf,0676,prepared_p2_decode,complete,11.651206761598587,11.727140937000513,11.629792213439941,1728.0322265625,0.0,24.7421875,2312.0,8192,8192
1502,/home/wanglz/Desktop/src/ModularDT/HONF_Proj/Trained_Results/ThermalChannel/HONF_Forward_Runs/Run_1502_20260923_004751_sparse_incidence_environment_sparsemax/best_by_field_mse_model.pt,4794,sparse_incidence_group_control_honf,0677,application_evaluator,complete,48.1517119333148,48.336014058440924,48.1295051574707,1732.2119140625,0.0,23.65869140625,2312.0,8192,8192
1502,/home/wanglz/Desktop/src/ModularDT/HONF_Proj/Trained_Results/ThermalChannel/HONF_Forward_Runs/Run_1502_20260923_004751_sparse_incidence_environment_sparsemax/best_by_field_mse_model.pt,4794,sparse_incidence_group_control_honf,0677,full_forward,complete,46.76993936300278,48.37132627144456,46.73526382446289,1731.9072265625,0.0,23.65869140625,2312.0,8192,8192
1502,/home/wanglz/Desktop/src/ModularDT/HONF_Proj/Trained_Results/ThermalChannel/HONF_Forward_Runs/Run_1502_20260923_004751_sparse_incidence_environment_sparsemax/best_by_field_mse_model.pt,4794,sparse_incidence_group_control_honf,0677,preparation_plus_one_query,complete,38.23903575539589,38.52114547044039,38.21363067626953,164.9462890625,0.0,23.65869140625,2312.0,8192,8192
1502,/home/wanglz/Desktop/src/ModularDT/HONF_Proj/Trained_Results/ThermalChannel/HONF_Forward_Runs/Run_1502_20260923_004751_sparse_incidence_environment_sparsemax/best_by_field_mse_model.pt,4794,sparse_incidence_group_control_honf,0677,prepared_p2_decode,complete,11.64450217038393,11.659085005521774,11.624287605285645,1728.0322265625,0.0,24.7421875,2312.0,8192,8192
1502,/home/wanglz/Desktop/src/ModularDT/HONF_Proj/Trained_Results/ThermalChannel/HONF_Forward_Runs/Run_1502_20260923_004751_sparse_incidence_environment_sparsemax/best_by_field_mse_model.pt,4794,sparse_incidence_group_control_honf,0678,application_evaluator,complete,47.87457548081875,48.07597333565354,47.852928161621094,1732.2119140625,0.0,23.65869140625,2312.0,8192,8192
1502,/home/wanglz/Desktop/src/ModularDT/HONF_Proj/Trained_Results/ThermalChannel/HONF_Forward_Runs/Run_1502_20260923_004751_sparse_incidence_environment_sparsemax/best_by_field_mse_model.pt,4794,sparse_incidence_group_control_honf,0678,full_forward,complete,44.9185399338603,50.2180309034884,44.89625549316406,1731.9072265625,0.0,23.65869140625,2312.0,8192,8192
1502,/home/wanglz/Desktop/src/ModularDT/HONF_Proj/Trained_Results/ThermalChannel/HONF_Forward_Runs/Run_1502_20260923_004751_sparse_incidence_environment_sparsemax/best_by_field_mse_model.pt,4794,sparse_incidence_group_control_honf,0678,preparation_plus_one_query,complete,39.332217536866665,40.58386031538248,39.30112075805664,164.9462890625,0.0,23.65869140625,2312.0,8192,8192
1502,/home/wanglz/Desktop/src/ModularDT/HONF_Proj/Trained_Results/ThermalChannel/HONF_Forward_Runs/Run_1502_20260923_004751_sparse_incidence_environment_sparsemax/best_by_field_mse_model.pt,4794,sparse_incidence_group_control_honf,0678,prepared_p2_decode,complete,11.767705902457237,12.154664006084204,11.716383934020996,1728.0322265625,0.0,24.7421875,2312.0,8192,8192
1502,/home/wanglz/Desktop/src/ModularDT/HONF_Proj/Trained_Results/ThermalChannel/HONF_Forward_Runs/Run_1502_20260923_004751_sparse_incidence_environment_sparsemax/best_by_field_mse_model.pt,4794,sparse_incidence_group_control_honf,0679,application_evaluator,complete,47.087863087654114,47.81576683744788,47.06256103515625,1732.2119140625,0.0,23.65869140625,2312.0,8192,8192
1502,/home/wanglz/Desktop/src/ModularDT/HONF_Proj/Trained_Results/ThermalChannel/HONF_Forward_Runs/Run_1502_20260923_004751_sparse_incidence_environment_sparsemax/best_by_field_mse_model.pt,4794,sparse_incidence_group_control_honf,0679,full_forward,complete,46.49196192622185,47.08534870296717,46.46995162963867,1731.9072265625,0.0,23.65869140625,2312.0,8192,8192
1502,/home/wanglz/Desktop/src/ModularDT/HONF_Proj/Trained_Results/ThermalChannel/HONF_Forward_Runs/Run_1502_20260923_004751_sparse_incidence_environment_sparsemax/best_by_field_mse_model.pt,4794,sparse_incidence_group_control_honf,0679,preparation_plus_one_query,complete,36.927103996276855,40.15074875205755,36.90188980102539,164.9462890625,0.0,23.65869140625,2312.0,8192,8192
1502,/home/wanglz/Desktop/src/ModularDT/HONF_Proj/Trained_Results/ThermalChannel/HONF_Forward_Runs/Run_1502_20260923_004751_sparse_incidence_environment_sparsemax/best_by_field_mse_model.pt,4794,sparse_incidence_group_control_honf,0679,prepared_p2_decode,complete,11.573821306228638,11.723425704985857,11.546624183654785,1728.0322265625,0.0,24.7421875,2312.0,8192,8192
1502,/home/wanglz/Desktop/src/ModularDT/HONF_Proj/Trained_Results/ThermalChannel/HONF_Forward_Runs/Run_1502_20260923_004751_sparse_incidence_environment_sparsemax/best_by_field_mse_model.pt,4794,sparse_incidence_group_control_honf,0680,application_evaluator,complete,48.288602381944656,50.57540098205209,48.26726531982422,1732.2119140625,0.0,23.65869140625,2312.0,8192,8192
1502,/home/wanglz/Desktop/src/ModularDT/HONF_Proj/Trained_Results/ThermalChannel/HONF_Forward_Runs/Run_1502_20260923_004751_sparse_incidence_environment_sparsemax/best_by_field_mse_model.pt,4794,sparse_incidence_group_control_honf,0680,full_forward,complete,46.53805959969759,46.93029662594199,46.515201568603516,1731.9072265625,0.0,23.65869140625,2312.0,8192,8192
1502,/home/wanglz/Desktop/src/ModularDT/HONF_Proj/Trained_Results/ThermalChannel/HONF_Forward_Runs/Run_1502_20260923_004751_sparse_incidence_environment_sparsemax/best_by_field_mse_model.pt,4794,sparse_incidence_group_control_honf,0680,preparation_plus_one_query,complete,37.7191249281168,37.80209822580218,37.696510314941406,164.9462890625,0.0,23.65869140625,2312.0,8192,8192
1502,/home/wanglz/Desktop/src/ModularDT/HONF_Proj/Trained_Results/ThermalChannel/HONF_Forward_Runs/Run_1502_20260923_004751_sparse_incidence_environment_sparsemax/best_by_field_mse_model.pt,4794,sparse_incidence_group_control_honf,0680,prepared_p2_decode,complete,11.675792746245861,11.683837696909904,11.644927978515625,1728.0322265625,0.0,24.7421875,2312.0,8192,8192
1502,/home/wanglz/Desktop/src/ModularDT/HONF_Proj/Trained_Results/ThermalChannel/HONF_Forward_Runs/Run_1502_20260923_004751_sparse_incidence_environment_sparsemax/best_by_field_mse_model.pt,4794,sparse_incidence_group_control_honf,0681,application_evaluator,complete,49.492417834699154,49.83688220381737,49.467262268066406,1732.2119140625,0.0,23.65869140625,2312.0,8192,8192
1502,/home/wanglz/Desktop/src/ModularDT/HONF_Proj/Trained_Results/ThermalChannel/HONF_Forward_Runs/Run_1502_20260923_004751_sparse_incidence_environment_sparsemax/best_by_field_mse_model.pt,4794,sparse_incidence_group_control_honf,0681,full_forward,complete,46.20169568806887,46.737249847501516,46.18019104003906,1731.9072265625,0.0,23.65869140625,2312.0,8192,8192
1502,/home/wanglz/Desktop/src/ModularDT/HONF_Proj/Trained_Results/ThermalChannel/HONF_Forward_Runs/Run_1502_20260923_004751_sparse_incidence_environment_sparsemax/best_by_field_mse_model.pt,4794,sparse_incidence_group_control_honf,0681,preparation_plus_one_query,complete,36.511678248643875,38.95310955122113,36.49020767211914,164.9462890625,0.0,23.65869140625,2312.0,8192,8192
1502,/home/wanglz/Desktop/src/ModularDT/HONF_Proj/Trained_Results/ThermalChannel/HONF_Forward_Runs/Run_1502_20260923_004751_sparse_incidence_environment_sparsemax/best_by_field_mse_model.pt,4794,sparse_incidence_group_control_honf,0681,prepared_p2_decode,complete,12.044841423630714,12.163267657160759,11.995231628417969,1728.0322265625,0.0,24.7421875,2312.0,8192,8192
1502,/home/wanglz/Desktop/src/ModularDT/HONF_Proj/Trained_Results/ThermalChannel/HONF_Forward_Runs/Run_1502_20260923_004751_sparse_incidence_environment_sparsemax/best_by_field_mse_model.pt,4794,sparse_incidence_group_control_honf,0682,application_evaluator,complete,49.371727742254734,52.35902378335595,49.34880065917969,1732.2119140625,0.0,23.65869140625,2312.0,8192,8192
1502,/home/wanglz/Desktop/src/ModularDT/HONF_Proj/Trained_Results/ThermalChannel/HONF_Forward_Runs/Run_1502_20260923_004751_sparse_incidence_environment_sparsemax/best_by_field_mse_model.pt,4794,sparse_incidence_group_control_honf,0682,full_forward,complete,48.62301051616669,48.76129934564233,48.60006332397461,1731.9072265625,0.0,23.65869140625,2312.0,8192,8192
1502,/home/wanglz/Desktop/src/ModularDT/HONF_Proj/Trained_Results/ThermalChannel/HONF_Forward_Runs/Run_1502_20260923_004751_sparse_incidence_environment_sparsemax/best_by_field_mse_model.pt,4794,sparse_incidence_group_control_honf,0682,preparation_plus_one_query,complete,41.12327005714178,41.276645474135876,41.09823989868164,164.9462890625,0.0,23.65869140625,2312.0,8192,8192
1502,/home/wanglz/Desktop/src/ModularDT/HONF_Proj/Trained_Results/ThermalChannel/HONF_Forward_Runs/Run_1502_20260923_004751_sparse_incidence_environment_sparsemax/best_by_field_mse_model.pt,4794,sparse_incidence_group_control_honf,0682,prepared_p2_decode,complete,11.651486158370972,11.69724715873599,11.625215530395508,1728.0322265625,0.0,24.7421875,2312.0,8192,8192
1502,/home/wanglz/Desktop/src/ModularDT/HONF_Proj/Trained_Results/ThermalChannel/HONF_Forward_Runs/Run_1502_20260923_004751_sparse_incidence_environment_sparsemax/best_by_field_mse_model.pt,4794,sparse_incidence_group_control_honf,0683,application_evaluator,complete,46.12067621201277,47.677558567374945,46.098079681396484,1732.2119140625,0.0,23.65869140625,2312.0,8192,8192
1502,/home/wanglz/Desktop/src/ModularDT/HONF_Proj/Trained_Results/ThermalChannel/HONF_Forward_Runs/Run_1502_20260923_004751_sparse_incidence_environment_sparsemax/best_by_field_mse_model.pt,4794,sparse_incidence_group_control_honf,0683,full_forward,complete,47.02220857143402,47.41444727405906,46.98009490966797,1731.9072265625,0.0,23.65869140625,2312.0,8192,8192
1502,/home/wanglz/Desktop/src/ModularDT/HONF_Proj/Trained_Results/ThermalChannel/HONF_Forward_Runs/Run_1502_20260923_004751_sparse_incidence_environment_sparsemax/best_by_field_mse_model.pt,4794,sparse_incidence_group_control_honf,0683,preparation_plus_one_query,complete,40.38656689226627,40.58821788057685,40.35977554321289,164.9462890625,0.0,23.65869140625,2312.0,8192,8192
1502,/home/wanglz/Desktop/src/ModularDT/HONF_Proj/Trained_Results/ThermalChannel/HONF_Forward_Runs/Run_1502_20260923_004751_sparse_incidence_environment_sparsemax/best_by_field_mse_model.pt,4794,sparse_incidence_group_control_honf,0683,prepared_p2_decode,complete,11.650090105831623,11.679255776107311,11.621376037597656,1728.0322265625,0.0,24.7421875,2312.0,8192,8192
1502,/home/wanglz/Desktop/src/ModularDT/HONF_Proj/Trained_Results/ThermalChannel/HONF_Forward_Runs/Run_1502_20260923_004751_sparse_incidence_environment_sparsemax/best_by_field_mse_model.pt,4794,sparse_incidence_group_control_honf,0684,application_evaluator,complete,47.61280119419098,49.225755129009485,47.59199905395508,1732.2119140625,0.0,23.65869140625,2312.0,8192,8192
1502,/home/wanglz/Desktop/src/ModularDT/HONF_Proj/Trained_Results/ThermalChannel/HONF_Forward_Runs/Run_1502_20260923_004751_sparse_incidence_environment_sparsemax/best_by_field_mse_model.pt,4794,sparse_incidence_group_control_honf,0684,full_forward,complete,47.95223753899336,49.34191685169935,47.86969757080078,1731.9072265625,0.0,23.65869140625,2312.0,8192,8192
1502,/home/wanglz/Desktop/src/ModularDT/HONF_Proj/Trained_Results/ThermalChannel/HONF_Forward_Runs/Run_1502_20260923_004751_sparse_incidence_environment_sparsemax/best_by_field_mse_model.pt,4794,sparse_incidence_group_control_honf,0684,preparation_plus_one_query,complete,40.28403665870428,41.084605641663074,40.26163101196289,164.9462890625,0.0,23.65869140625,2312.0,8192,8192
1502,/home/wanglz/Desktop/src/ModularDT/HONF_Proj/Trained_Results/ThermalChannel/HONF_Forward_Runs/Run_1502_20260923_004751_sparse_incidence_environment_sparsemax/best_by_field_mse_model.pt,4794,sparse_incidence_group_control_honf,0684,prepared_p2_decode,complete,11.723564006388187,11.732867080718279,11.698016166687012,1728.0322265625,0.0,24.7421875,2312.0,8192,8192
1502,/home/wanglz/Desktop/src/ModularDT/HONF_Proj/Trained_Results/ThermalChannel/HONF_Forward_Runs/Run_1502_20260923_004751_sparse_incidence_environment_sparsemax/best_by_field_mse_model.pt,4794,sparse_incidence_group_control_honf,0685,application_evaluator,complete,47.91591968387365,50.07071504369378,47.889888763427734,1732.2119140625,0.0,23.65869140625,2312.0,8192,8192
1502,/home/wanglz/Desktop/src/ModularDT/HONF_Proj/Trained_Results/ThermalChannel/HONF_Forward_Runs/Run_1502_20260923_004751_sparse_incidence_environment_sparsemax/best_by_field_mse_model.pt,4794,sparse_incidence_group_control_honf,0685,full_forward,complete,45.44682987034321,45.921789575368166,45.407230377197266,1731.9072265625,0.0,23.65869140625,2312.0,8192,8192
1502,/home/wanglz/Desktop/src/ModularDT/HONF_Proj/Trained_Results/ThermalChannel/HONF_Forward_Runs/Run_1502_20260923_004751_sparse_incidence_environment_sparsemax/best_by_field_mse_model.pt,4794,sparse_incidence_group_control_honf,0685,preparation_plus_one_query,complete,38.969311863183975,42.26034125313163,38.9488639831543,164.9462890625,0.0,23.65869140625,2312.0,8192,8192
1502,/home/wanglz/Desktop/src/ModularDT/HONF_Proj/Trained_Results/ThermalChannel/HONF_Forward_Runs/Run_1502_20260923_004751_sparse_incidence_environment_sparsemax/best_by_field_mse_model.pt,4794,sparse_incidence_group_control_honf,0685,prepared_p2_decode,complete,11.79508212953806,12.01106533408165,11.774975776672363,1728.0322265625,0.0,24.7421875,2312.0,8192,8192
1502,/home/wanglz/Desktop/src/ModularDT/HONF_Proj/Trained_Results/ThermalChannel/HONF_Forward_Runs/Run_1502_20260923_004751_sparse_incidence_environment_sparsemax/best_by_field_mse_model.pt,4794,sparse_incidence_group_control_honf,0686,application_evaluator,complete,47.63459134846926,48.05750446394086,47.56880187988281,1732.2119140625,0.0,23.65869140625,2312.0,8192,8192
1502,/home/wanglz/Desktop/src/ModularDT/HONF_Proj/Trained_Results/ThermalChannel/HONF_Forward_Runs/Run_1502_20260923_004751_sparse_incidence_environment_sparsemax/best_by_field_mse_model.pt,4794,sparse_incidence_group_control_honf,0686,full_forward,complete,47.698008827865124,51.59725761041045,47.65776062011719,1731.9072265625,0.0,23.65869140625,2312.0,8192,8192
1502,/home/wanglz/Desktop/src/ModularDT/HONF_Proj/Trained_Results/ThermalChannel/HONF_Forward_Runs/Run_1502_20260923_004751_sparse_incidence_environment_sparsemax/best_by_field_mse_model.pt,4794,sparse_incidence_group_control_honf,0686,preparation_plus_one_query,complete,37.11763396859169,38.45275295898318,37.09337615966797,164.9462890625,0.0,23.65869140625,2312.0,8192,8192
1502,/home/wanglz/Desktop/src/ModularDT/HONF_Proj/Trained_Results/ThermalChannel/HONF_Forward_Runs/Run_1502_20260923_004751_sparse_incidence_environment_sparsemax/best_by_field_mse_model.pt,4794,sparse_incidence_group_control_honf,0686,prepared_p2_decode,complete,11.576334945857525,11.62033574655652,11.552767753601074,1728.0322265625,0.0,24.7421875,2312.0,8192,8192
1502,/home/wanglz/Desktop/src/ModularDT/HONF_Proj/Trained_Results/ThermalChannel/HONF_Forward_Runs/Run_1502_20260923_004751_sparse_incidence_environment_sparsemax/best_by_field_mse_model.pt,4794,sparse_incidence_group_control_honf,0687,application_evaluator,complete,49.34965539723635,49.98754505068064,49.32291030883789,1732.2119140625,0.0,23.65869140625,2312.0,8192,8192
1502,/home/wanglz/Desktop/src/ModularDT/HONF_Proj/Trained_Results/ThermalChannel/HONF_Forward_Runs/Run_1502_20260923_004751_sparse_incidence_environment_sparsemax/best_by_field_mse_model.pt,4794,sparse_incidence_group_control_honf,0687,full_forward,complete,45.46862002462149,49.73043892532587,45.4450569152832,1731.9072265625,0.0,23.65869140625,2312.0,8192,8192
1502,/home/wanglz/Desktop/src/ModularDT/HONF_Proj/Trained_Results/ThermalChannel/HONF_Forward_Runs/Run_1502_20260923_004751_sparse_incidence_environment_sparsemax/best_by_field_mse_model.pt,4794,sparse_incidence_group_control_honf,0687,preparation_plus_one_query,complete,41.66608955711126,42.845820635557175,41.6440315246582,164.9462890625,0.0,23.65869140625,2312.0,8192,8192
1502,/home/wanglz/Desktop/src/ModularDT/HONF_Proj/Trained_Results/ThermalChannel/HONF_Forward_Runs/Run_1502_20260923_004751_sparse_incidence_environment_sparsemax/best_by_field_mse_model.pt,4794,sparse_incidence_group_control_honf,0687,prepared_p2_decode,complete,11.766866780817509,11.824947502464056,11.74630355834961,1728.0322265625,0.0,24.7421875,2312.0,8192,8192
1502,/home/wanglz/Desktop/src/ModularDT/HONF_Proj/Trained_Results/ThermalChannel/HONF_Forward_Runs/Run_1502_20260923_004751_sparse_incidence_environment_sparsemax/best_by_field_mse_model.pt,4794,sparse_incidence_group_control_honf,0688,application_evaluator,complete,48.68475068360567,49.10338735207915,48.663326263427734,1732.2119140625,0.0,23.65869140625,2312.0,8192,8192
1502,/home/wanglz/Desktop/src/ModularDT/HONF_Proj/Trained_Results/ThermalChannel/HONF_Forward_Runs/Run_1502_20260923_004751_sparse_incidence_environment_sparsemax/best_by_field_mse_model.pt,4794,sparse_incidence_group_control_honf,0688,full_forward,complete,45.32250761985779,47.31186097487807,45.287391662597656,1731.9072265625,0.0,23.65869140625,2312.0,8192,8192
1502,/home/wanglz/Desktop/src/ModularDT/HONF_Proj/Trained_Results/ThermalChannel/HONF_Forward_Runs/Run_1502_20260923_004751_sparse_incidence_environment_sparsemax/best_by_field_mse_model.pt,4794,sparse_incidence_group_control_honf,0688,preparation_plus_one_query,complete,38.35469298064709,38.368773739784956,38.33241653442383,164.9462890625,0.0,23.65869140625,2312.0,8192,8192
1502,/home/wanglz/Desktop/src/ModularDT/HONF_Proj/Trained_Results/ThermalChannel/HONF_Forward_Runs/Run_1502_20260923_004751_sparse_incidence_environment_sparsemax/best_by_field_mse_model.pt,4794,sparse_incidence_group_control_honf,0688,prepared_p2_decode,complete,11.62438653409481,11.645507253706455,11.602944374084473,1728.0322265625,0.0,24.7421875,2312.0,8192,8192
1502,/home/wanglz/Desktop/src/ModularDT/HONF_Proj/Trained_Results/ThermalChannel/HONF_Forward_Runs/Run_1502_20260923_004751_sparse_incidence_environment_sparsemax/best_by_field_mse_model.pt,4794,sparse_incidence_group_control_honf,0689,application_evaluator,complete,50.05059763789177,53.27927153557539,50.02588653564453,1732.2119140625,0.0,23.65869140625,2312.0,8192,8192
1502,/home/wanglz/Desktop/src/ModularDT/HONF_Proj/Trained_Results/ThermalChannel/HONF_Forward_Runs/Run_1502_20260923_004751_sparse_incidence_environment_sparsemax/best_by_field_mse_model.pt,4794,sparse_incidence_group_control_honf,0689,full_forward,complete,46.39194346964359,46.536519564688206,46.37081527709961,1731.9072265625,0.0,23.65869140625,2312.0,8192,8192
1502,/home/wanglz/Desktop/src/ModularDT/HONF_Proj/Trained_Results/ThermalChannel/HONF_Forward_Runs/Run_1502_20260923_004751_sparse_incidence_environment_sparsemax/best_by_field_mse_model.pt,4794,sparse_incidence_group_control_honf,0689,preparation_plus_one_query,complete,38.629873655736446,39.08471930772066,38.606910705566406,164.9462890625,0.0,23.65869140625,2312.0,8192,8192
1502,/home/wanglz/Desktop/src/ModularDT/HONF_Proj/Trained_Results/ThermalChannel/HONF_Forward_Runs/Run_1502_20260923_004751_sparse_incidence_environment_sparsemax/best_by_field_mse_model.pt,4794,sparse_incidence_group_control_honf,0689,prepared_p2_decode,complete,11.680818162858486,11.720546707510948,11.659263610839844,1728.0322265625,0.0,24.7421875,2312.0,8192,8192
1502,/home/wanglz/Desktop/src/ModularDT/HONF_Proj/Trained_Results/ThermalChannel/HONF_Forward_Runs/Run_1502_20260923_004751_sparse_incidence_environment_sparsemax/best_by_field_mse_model.pt,4794,sparse_incidence_group_control_honf,0690,application_evaluator,complete,48.8939993083477,49.658108688890934,48.87033462524414,1732.2119140625,0.0,23.65869140625,2312.0,8192,8192
1502,/home/wanglz/Desktop/src/ModularDT/HONF_Proj/Trained_Results/ThermalChannel/HONF_Forward_Runs/Run_1502_20260923_004751_sparse_incidence_environment_sparsemax/best_by_field_mse_model.pt,4794,sparse_incidence_group_control_honf,0690,full_forward,complete,46.39222286641598,47.22095085307956,46.36876678466797,1731.9072265625,0.0,23.65869140625,2312.0,8192,8192
1502,/home/wanglz/Desktop/src/ModularDT/HONF_Proj/Trained_Results/ThermalChannel/HONF_Forward_Runs/Run_1502_20260923_004751_sparse_incidence_environment_sparsemax/best_by_field_mse_model.pt,4794,sparse_incidence_group_control_honf,0690,preparation_plus_one_query,complete,37.29140292853117,38.097251672297716,37.26959991455078,164.9462890625,0.0,23.65869140625,2312.0,8192,8192
1502,/home/wanglz/Desktop/src/ModularDT/HONF_Proj/Trained_Results/ThermalChannel/HONF_Forward_Runs/Run_1502_20260923_004751_sparse_incidence_environment_sparsemax/best_by_field_mse_model.pt,4794,sparse_incidence_group_control_honf,0690,prepared_p2_decode,complete,11.667130514979362,11.75513295456767,11.64185619354248,1728.0322265625,0.0,24.7421875,2312.0,8192,8192
1502,/home/wanglz/Desktop/src/ModularDT/HONF_Proj/Trained_Results/ThermalChannel/HONF_Forward_Runs/Run_1502_20260923_004751_sparse_incidence_environment_sparsemax/best_by_field_mse_model.pt,4794,sparse_incidence_group_control_honf,0691,application_evaluator,complete,47.37756680697203,48.07806424796581,47.35638427734375,1732.2119140625,0.0,23.65869140625,2312.0,8192,8192
1502,/home/wanglz/Desktop/src/ModularDT/HONF_Proj/Trained_Results/ThermalChannel/HONF_Forward_Runs/Run_1502_20260923_004751_sparse_incidence_environment_sparsemax/best_by_field_mse_model.pt,4794,sparse_incidence_group_control_honf,0691,full_forward,complete,46.62466049194336,47.969836089760065,46.594207763671875,1731.9072265625,0.0,23.65869140625,2312.0,8192,8192
1502,/home/wanglz/Desktop/src/ModularDT/HONF_Proj/Trained_Results/ThermalChannel/HONF_Forward_Runs/Run_1502_20260923_004751_sparse_incidence_environment_sparsemax/best_by_field_mse_model.pt,4794,sparse_incidence_group_control_honf,0691,preparation_plus_one_query,complete,37.60150633752346,37.644753605127335,37.57875061035156,164.9462890625,0.0,23.65869140625,2312.0,8192,8192
1502,/home/wanglz/Desktop/src/ModularDT/HONF_Proj/Trained_Results/ThermalChannel/HONF_Forward_Runs/Run_1502_20260923_004751_sparse_incidence_environment_sparsemax/best_by_field_mse_model.pt,4794,sparse_incidence_group_control_honf,0691,prepared_p2_decode,complete,11.609858833253384,11.647322587668896,11.589632034301758,1728.0322265625,0.0,24.7421875,2312.0,8192,8192
1502,/home/wanglz/Desktop/src/ModularDT/HONF_Proj/Trained_Results/ThermalChannel/HONF_Forward_Runs/Run_1502_20260923_004751_sparse_incidence_environment_sparsemax/best_by_field_mse_model.pt,4794,sparse_incidence_group_control_honf,0692,application_evaluator,complete,50.309295766055584,52.14527202770114,50.28607940673828,1732.2119140625,0.0,23.65869140625,2312.0,8192,8192
1502,/home/wanglz/Desktop/src/ModularDT/HONF_Proj/Trained_Results/ThermalChannel/HONF_Forward_Runs/Run_1502_20260923_004751_sparse_incidence_environment_sparsemax/best_by_field_mse_model.pt,4794,sparse_incidence_group_control_honf,0692,full_forward,complete,45.55187188088894,46.72556882724166,45.53113555908203,1731.9072265625,0.0,23.65869140625,2312.0,8192,8192
1502,/home/wanglz/Desktop/src/ModularDT/HONF_Proj/Trained_Results/ThermalChannel/HONF_Forward_Runs/Run_1502_20260923_004751_sparse_incidence_environment_sparsemax/best_by_field_mse_model.pt,4794,sparse_incidence_group_control_honf,0692,preparation_plus_one_query,complete,40.33934976905584,40.86711211130023,40.315040588378906,164.9462890625,0.0,23.65869140625,2312.0,8192,8192
1502,/home/wanglz/Desktop/src/ModularDT/HONF_Proj/Trained_Results/ThermalChannel/HONF_Forward_Runs/Run_1502_20260923_004751_sparse_incidence_environment_sparsemax/best_by_field_mse_model.pt,4794,sparse_incidence_group_control_honf,0692,prepared_p2_decode,complete,11.717417277395725,11.752869375050068,11.675647735595703,1728.0322265625,0.0,24.7421875,2312.0,8192,8192
